fecha_actualizacion,id_eess,fecha_actualizacion_sistema,id_producto_abs,fecha_ultima_venta,despacho_en_curso,fecha_hora_despacho,saldo_estado,con_venta
2026-09-07 00:53:22,2456,2026-09-04 11:44:30,0,2026-09-04 11:44:30,False,,bajo,False
2026-09-07 00:53:22,2458,2026-09-06 17:50:12,0,2026-09-06 17:50:12,False,,bajo,False
2026-09-07 00:53:22,2491,2026-09-05 21:27:49,0,2026-09-05 21:27:49,False,,bajo,False
2026-09-07 00:53:22,2494,2026-09-06 03:37:28,0,2026-09-06 03:37:28,False,,alto,False
2026-09-07 00:53:22,2501,2026-09-05 22:59:25,0,2026-09-05 22:59:25,False,,bajo,False
2026-09-07 00:53:22,2531,2026-09-06 19:55:53,0,2026-09-06 19:55:53,False,,alto,False
2026-09-07 00:53:22,2545,2026-09-06 00:03:23,0,2026-09-06 00:03:23,False,,bajo,False
2026-09-07 00:53:22,2551,2026-09-06 00:15:02,0,2026-09-06 00:15:02,False,,bajo,True
2026-09-07 00:53:22,2639,2026-09-06 15:08:48,0,2026-09-06 15:08:48,False,,bajo,False
2026-09-07 00:53:22,2670,2026-09-06 23:01:32,0,2026-09-06 23:01:32,False,,bajo,True
2026-09-07 00:53:22,2675,2026-09-05 23:10:36,0,2026-09-05 23:10:36,False,,bajo,True
2026-09-07 00:53:22,2704,2026-09-06 23:43:41,0,2026-09-06 23:43:41,False,,bajo,False
2026-09-07 00:53:22,2705,2026-09-05 22:06:45,0,2026-09-05 22:06:45,False,,bajo,False
2026-09-07 00:53:22,2719,2025-06-26 16:00:33,0,2025-06-26 16:00:33,False,,bajo,False
2026-09-07 00:53:22,2728,2026-09-07 00:18:26,0,2026-09-07 00:18:26,False,,bajo,False
2026-09-07 00:53:22,2731,2026-09-05 20:45:32,0,2026-09-05 20:45:32,False,,bajo,False
2026-09-07 00:53:22,2869,2026-09-06 21:57:46,0,2026-09-06 21:57:46,False,,bajo,False
2026-09-07 00:53:22,2881,2026-09-06 01:05:55,0,2026-09-06 01:05:55,False,,bajo,False
2026-09-07 00:53:22,2903,2026-09-05 19:06:21,0,2026-09-05 19:06:21,False,,bajo,True
2026-09-07 00:53:22,2939,2026-09-06 23:45:53,0,2026-09-06 23:45:53,False,,bajo,True
2026-09-07 00:53:22,2940,2026-09-06 21:46:35,0,2026-09-06 21:46:35,False,,bajo,True
2026-09-07 00:53:22,3051,2026-09-05 22:25:33,0,2026-09-05 22:25:33,False,,bajo,False
2026-09-07 00:53:22,3078,2026-09-07 00:44:21,0,2026-09-07 00:44:21,False,,bajo,True
2026-09-07 00:53:22,3114,2026-09-06 20:56:23,0,2026-09-06 20:56:23,False,,bajo,False
2026-09-07 00:53:22,3118,2026-09-06 22:56:44,0,2026-09-06 22:56:44,False,,bajo,False
2026-09-07 00:53:22,3119,2026-09-04 12:40:19,0,2026-09-04 12:40:19,False,,bajo,False
2026-09-07 00:53:22,3164,2026-09-06 00:00:46,0,2026-09-06 00:00:46,False,,bajo,True
2026-09-07 00:53:22,3249,2026-09-04 10:59:19,0,2026-09-04 10:59:19,False,,bajo,True
2026-09-07 00:53:22,2456,2026-09-05 17:10:28,1,2026-09-05 17:10:28,False,,alto,False
2026-09-07 00:53:22,2458,2026-09-05 20:24:33,1,2026-09-05 20:24:33,False,,bajo,False
2026-09-07 00:53:22,2491,2026-09-06 21:35:55,1,2026-09-06 21:35:55,False,,bajo,False
2026-09-07 00:53:22,2494,2026-09-06 00:02:20,1,2026-09-06 00:02:20,False,,alto,False
2026-09-07 00:53:22,2501,2026-09-06 22:20:35,1,2026-09-06 22:20:35,False,,bajo,False
2026-09-07 00:53:22,2531,2026-09-06 19:55:43,1,2026-09-06 19:55:43,False,,alto,False
2026-09-07 00:53:22,2545,2026-09-06 20:43:59,1,2026-09-06 20:43:59,False,,bajo,True
2026-09-07 00:53:22,2551,2026-09-06 23:35:03,1,2026-09-06 23:35:03,False,,bajo,False
2026-09-07 00:53:22,2639,2026-09-06 18:18:29,1,2026-09-06 18:18:29,False,,bajo,False
2026-09-07 00:53:22,2670,2026-09-06 22:25:52,1,2026-09-06 22:25:52,False,,bajo,False
2026-09-07 00:53:22,2675,2026-09-05 18:34:25,1,2026-09-05 18:34:25,False,,bajo,False
2026-09-07 00:53:22,2704,2026-09-06 23:53:47,1,2026-09-06 23:53:47,False,,bajo,False
2026-09-07 00:53:22,2705,2026-09-06 23:58:37,1,2026-09-06 23:58:37,False,,bajo,False
2026-09-07 00:53:22,2728,2026-09-07 00:36:04,1,2026-09-07 00:36:04,False,,bajo,False
2026-09-07 00:53:22,2731,2026-09-06 22:37:26,1,2026-09-06 22:37:26,False,,bajo,False
2026-09-07 00:53:22,2869,2026-09-06 23:51:13,1,2026-09-06 23:51:13,False,,bajo,False
2026-09-07 00:53:22,2881,2026-09-07 00:26:00,1,2026-09-07 00:26:00,False,,bajo,False
2026-09-07 00:53:22,2903,2026-09-06 22:03:29,1,2026-09-06 22:03:29,False,,bajo,False
2026-09-07 00:53:22,2939,2026-09-07 00:28:11,1,2026-09-07 00:28:11,False,,bajo,False
2026-09-07 00:53:22,2940,2026-09-06 21:58:27,1,2026-09-06 21:58:27,False,,medio,True
2026-09-07 00:53:22,3051,2026-09-06 23:57:22,1,2026-09-06 23:57:22,False,,bajo,False
2026-09-07 00:53:22,3078,2026-09-06 23:39:01,1,2026-09-06 23:39:01,False,,bajo,False
2026-09-07 00:53:22,3114,2026-09-06 20:12:22,1,2026-09-06 20:12:22,False,,bajo,False
2026-09-07 00:53:22,3118,2026-09-06 21:46:04,1,2026-09-06 21:46:04,False,,bajo,False
2026-09-07 00:53:22,3119,2026-09-07 00:42:14,1,2026-09-07 00:42:14,False,,bajo,False
2026-09-07 00:53:22,3249,2026-09-06 20:13:24,1,2026-09-06 20:13:24,False,,bajo,True
2026-09-07 00:53:22,2289,2026-09-05 21:17:24,0,2026-09-05 21:17:24,False,,bajo,True
2026-09-07 00:53:22,2292,2026-09-07 00:50:12,0,2026-09-07 00:50:12,False,,bajo,True
2026-09-07 00:53:22,2304,2026-06-03 08:24:38,0,2026-06-03 08:24:38,False,,bajo,False
2026-09-07 00:53:22,2329,2026-09-07 00:48:50,0,2026-09-07 00:48:50,False,,bajo,True
2026-09-07 00:53:22,2332,2026-09-05 21:59:24,0,2026-09-05 21:59:24,False,,bajo,False
2026-09-07 00:53:22,2359,2026-09-06 21:47:10,0,2026-09-06 21:47:10,False,,bajo,False
2026-09-07 00:53:22,2360,2026-09-06 21:04:39,0,2026-09-06 21:04:39,False,,bajo,False
2026-09-07 00:53:22,2361,2025-03-13 16:03:26,0,2025-03-13 16:03:26,False,,bajo,False
2026-09-07 00:53:22,2384,2026-09-06 20:53:46,0,2026-09-06 20:53:46,False,,alto,False
2026-09-07 00:53:22,2394,2026-09-05 22:35:51,0,2026-09-05 22:35:51,False,,alto,False
2026-09-07 00:53:22,2395,2026-09-06 00:43:14,0,2026-09-06 00:43:14,False,,bajo,True
2026-09-07 00:53:22,2405,2026-09-06 22:58:44,0,2026-09-06 22:58:44,False,,bajo,True
2026-09-07 00:53:22,2447,2026-09-03 19:39:01,0,2026-09-03 19:39:01,False,,bajo,False
2026-09-07 00:53:22,2448,2026-09-06 22:00:48,0,2026-09-06 22:00:48,False,,bajo,False
2026-09-07 00:53:22,2449,2026-09-06 15:39:52,0,2026-09-06 15:39:52,False,,bajo,True
2026-09-07 00:53:22,2450,2026-06-03 08:23:49,0,2026-06-03 08:23:49,False,,bajo,False
2026-09-07 00:53:22,2453,2026-09-06 08:06:43,0,2026-09-06 08:06:43,False,,bajo,False
2026-09-07 00:53:22,2454,2026-09-05 20:34:14,0,2026-09-05 20:34:14,False,,bajo,True
2026-09-07 00:53:22,2457,2026-09-06 18:57:48,0,2026-09-06 18:57:48,False,,bajo,False
2026-09-07 00:53:22,2470,2026-09-06 23:40:22,0,2026-09-06 23:40:22,False,,bajo,True
2026-09-07 00:53:22,2478,2026-09-05 21:26:07,0,2026-09-05 21:26:07,False,,bajo,True
2026-09-07 00:53:22,2479,2026-09-07 00:46:20,0,2026-09-07 00:46:20,False,,bajo,True
2026-09-07 00:53:22,2487,2026-09-06 19:33:17,0,2026-09-06 19:33:17,False,,bajo,False
2026-09-07 00:53:22,2490,2025-03-13 16:03:27,0,2025-03-13 16:03:27,False,,bajo,False
2026-09-07 00:53:22,2493,2025-03-13 16:03:26,0,2025-03-13 16:03:26,False,,bajo,False
2026-09-07 00:53:22,2499,2026-09-07 00:46:29,0,2026-09-07 00:46:29,False,,bajo,True
2026-09-07 00:53:22,2505,2026-09-06 07:47:49,0,2026-09-06 07:47:49,False,,bajo,False
2026-09-07 00:53:22,2507,2026-09-04 06:36:51,0,2026-09-04 06:36:51,False,,bajo,False
2026-09-07 00:53:22,2508,2026-09-06 22:21:45,0,2026-09-06 22:21:45,False,,bajo,False
2026-09-07 00:53:22,2517,2026-09-06 11:07:28,0,2026-09-06 11:07:28,False,,bajo,False
2026-09-07 00:53:22,2518,2026-09-06 23:02:57,0,2026-09-06 23:02:57,False,,bajo,True
2026-09-07 00:53:22,2520,2026-09-02 23:09:51,0,2026-09-02 23:09:51,False,,bajo,True
2026-09-07 00:53:22,2525,2026-09-06 22:07:56,0,2026-09-06 22:07:56,False,,alto,False
2026-09-07 00:53:22,2526,2026-09-07 00:52:38,0,2026-09-07 00:52:38,False,,bajo,True
2026-09-07 00:53:22,2529,2026-09-06 01:19:04,0,2026-09-06 01:19:04,False,,bajo,False
2026-09-07 00:53:22,2530,2026-06-02 08:37:08,0,2026-06-02 08:37:08,False,,bajo,False
2026-09-07 00:53:22,2532,2026-09-07 00:51:25,0,2026-09-07 00:51:25,False,,bajo,True
2026-09-07 00:53:22,2534,2026-09-05 22:11:03,0,2026-09-05 22:11:03,False,,bajo,True
2026-09-07 00:53:22,2536,2026-09-06 23:03:34,0,2026-09-06 23:03:34,False,,bajo,True
2026-09-07 00:53:22,2539,2025-03-13 16:03:27,0,2025-03-13 16:03:27,False,,bajo,False
2026-09-07 00:53:22,2542,2026-09-07 00:39:48,0,2026-09-07 00:39:48,False,,bajo,False
2026-09-07 00:53:22,2547,2026-09-05 17:04:39,0,2026-09-05 17:04:39,False,,bajo,False
2026-09-07 00:53:22,2548,2026-09-06 08:35:57,0,2026-09-06 08:35:57,False,,bajo,True
2026-09-07 00:53:22,2552,2026-09-06 21:37:48,0,2026-09-06 21:37:48,False,,bajo,False
2026-09-07 00:53:22,2557,2026-09-05 20:46:56,0,2026-09-05 20:46:56,False,,bajo,True
2026-09-07 00:53:22,2563,2026-09-06 18:18:34,0,2026-09-06 18:18:34,False,,bajo,False
2026-09-07 00:53:22,2571,2026-09-06 20:12:29,0,2026-09-06 20:12:29,False,,bajo,False
2026-09-07 00:53:22,2580,2026-09-01 17:45:26,0,2026-09-01 17:45:26,False,,bajo,False
2026-09-07 00:53:22,2609,2026-09-06 21:16:43,0,2026-09-06 21:16:43,False,,bajo,True
2026-09-07 00:53:22,2610,2026-09-06 22:46:25,0,2026-09-06 22:46:25,False,,bajo,False
2026-09-07 00:53:22,2620,2026-09-06 22:05:31,0,2026-09-06 22:05:31,False,,bajo,True
2026-09-07 00:53:22,2622,2026-09-06 17:16:34,0,2026-09-06 17:16:34,False,,bajo,False
2026-09-07 00:53:22,2630,2026-09-03 18:39:07,0,2026-09-03 18:39:07,False,,bajo,False
2026-09-07 00:53:22,2647,2026-09-06 23:34:26,0,2026-09-06 23:34:26,False,,bajo,True
2026-09-07 00:53:22,2662,2026-09-05 23:38:54,0,2026-09-05 23:38:54,False,,bajo,False
2026-09-07 00:53:22,2677,2026-09-06 11:36:58,0,2026-09-06 11:36:58,False,,bajo,False
2026-09-07 00:53:22,2683,2026-09-05 20:12:46,0,2026-09-05 20:12:46,False,,bajo,False
2026-09-07 00:53:22,2685,2026-09-06 22:04:05,0,2026-09-06 22:04:05,False,,bajo,False
2026-09-07 00:53:22,2689,2026-09-05 22:05:40,0,2026-09-05 22:05:40,False,,bajo,False
2026-09-07 00:53:22,2690,2026-09-05 19:46:29,0,2026-09-05 19:46:29,False,,bajo,False
2026-09-07 00:53:22,2694,2025-03-13 16:03:26,0,2025-03-13 16:03:26,False,,bajo,False
2026-09-07 00:53:22,2696,2026-09-06 23:52:54,0,2026-09-06 23:52:54,False,,bajo,False
2026-09-07 00:53:22,2698,2026-09-06 08:41:19,0,2026-09-06 08:41:19,False,,alto,True
2026-09-07 00:53:22,2703,2026-09-06 22:04:42,0,2026-09-06 22:04:42,False,,bajo,True
2026-09-07 00:53:22,2711,2026-09-05 09:37:42,0,2026-09-05 09:37:42,False,,alto,False
2026-09-07 00:53:22,2715,2026-06-03 06:51:07,0,2026-06-03 06:51:07,False,,bajo,False
2026-09-07 00:53:22,2716,2026-09-06 21:56:18,0,2026-09-06 21:56:18,False,,bajo,False
2026-09-07 00:53:22,2733,2025-03-13 16:03:27,0,2025-03-13 16:03:27,False,,bajo,False
2026-09-07 00:53:22,2742,2026-09-06 21:39:03,0,2026-09-06 21:39:03,False,,bajo,False
2026-09-07 00:53:22,2747,2026-09-05 17:26:23,0,2026-09-05 17:26:23,False,,bajo,False
2026-09-07 00:53:22,2752,2025-03-13 16:03:27,0,2025-03-13 16:03:27,False,,bajo,False
2026-09-07 00:53:22,2764,2026-09-06 21:48:08,0,2026-09-06 21:48:08,False,,bajo,False
2026-09-07 00:53:22,2765,2026-09-06 12:47:52,0,2026-09-06 12:47:52,False,,bajo,True
2026-09-07 00:53:22,2772,2026-06-03 04:57:09,0,2026-06-03 04:57:09,False,,bajo,False
2026-09-07 00:53:22,2774,2026-09-07 00:03:46,0,2026-09-07 00:03:46,False,,bajo,True
2026-09-07 00:53:22,2776,2026-09-06 16:58:15,0,2026-09-06 16:58:15,False,,bajo,True
2026-09-07 00:53:22,2779,2026-09-06 16:15:50,0,2026-09-06 16:15:50,False,,bajo,True
2026-09-07 00:53:22,2783,2026-09-06 07:32:56,0,2026-09-06 07:32:56,False,,bajo,False
2026-09-07 00:53:22,2784,2026-09-05 14:49:49,0,2026-09-05 14:49:49,False,,bajo,False
2026-09-07 00:53:22,2788,2026-09-05 10:17:50,0,2026-09-05 10:17:50,False,,bajo,False
2026-09-07 00:53:22,2793,2026-09-06 20:02:06,0,2026-09-06 20:02:06,False,,bajo,True
2026-09-07 00:53:22,2798,2026-09-06 00:36:42,0,2026-09-06 00:36:42,False,,bajo,False
2026-09-07 00:53:22,2802,2026-06-03 00:08:20,0,2026-06-03 00:08:20,False,,bajo,False
2026-09-07 00:53:22,2805,2026-09-06 22:46:18,0,2026-09-06 22:46:18,False,,bajo,True
2026-09-07 00:53:22,2806,2026-08-24 22:36:34,0,2026-08-24 22:36:34,False,,bajo,True
2026-09-07 00:53:22,2809,2026-09-07 00:51:13,0,2026-09-07 00:51:13,False,,bajo,True
2026-09-07 00:53:22,2811,2026-09-06 21:10:37,0,2026-09-06 21:10:37,False,,bajo,False
2026-09-07 00:53:22,2861,2026-09-07 00:52:33,0,2026-09-07 00:52:33,False,,bajo,True
2026-09-07 00:53:22,2870,2026-09-06 16:57:44,0,2026-09-06 16:57:44,False,,bajo,False
2026-09-07 00:53:22,2873,2026-09-05 14:48:45,0,2026-09-05 14:48:45,False,,bajo,False
2026-09-07 00:53:22,2899,2026-09-06 22:53:08,0,2026-09-06 22:53:08,False,,bajo,True
2026-09-07 00:53:22,2900,2025-03-13 16:18:25,0,2025-03-13 16:18:25,False,,bajo,False
2026-09-07 00:53:22,2912,2026-09-06 20:55:13,0,2026-09-06 20:55:13,False,,bajo,True
2026-09-07 00:53:22,2913,2026-09-05 23:07:56,0,2026-09-05 23:07:56,False,,bajo,False
2026-09-07 00:53:22,2928,2026-09-06 07:38:34,0,2026-09-06 07:38:34,False,,alto,True
2026-09-07 00:53:22,2934,2026-09-06 17:21:54,0,2026-09-06 17:21:54,False,,bajo,False
2026-09-07 00:53:22,2943,2026-09-06 12:07:42,0,2026-09-06 12:07:42,False,,bajo,True
2026-09-07 00:53:22,2945,2026-09-02 14:30:27,0,2026-09-02 14:30:27,False,,bajo,False
2026-09-07 00:53:22,2947,2026-09-06 23:52:57,0,2026-09-06 23:52:57,False,,bajo,True
2026-09-07 00:53:22,2956,2026-09-06 16:34:43,0,2026-09-06 16:34:43,False,,bajo,False
2026-09-07 00:53:22,2958,2026-09-06 21:03:19,0,2026-09-06 21:03:19,False,,alto,True
2026-09-07 00:53:22,2968,2026-09-06 23:23:17,0,2026-09-06 23:23:17,False,,bajo,True
2026-09-07 00:53:22,3040,2026-09-05 09:39:35,0,2026-09-05 09:39:35,False,,bajo,True
2026-09-07 00:53:22,3052,2026-09-07 00:37:50,0,2026-09-07 00:37:50,False,,bajo,False
2026-09-07 00:53:22,3053,2026-09-05 22:45:59,0,2026-09-05 22:45:59,False,,bajo,True
2026-09-07 00:53:22,3069,2026-09-05 10:55:13,0,2026-09-05 10:55:13,False,,bajo,True
2026-09-07 00:53:22,3083,2026-09-06 18:54:30,0,2026-09-06 18:54:30,False,,bajo,False
2026-09-07 00:53:22,3092,2026-09-05 22:42:48,0,2026-09-05 22:42:48,False,,bajo,False
2026-09-07 00:53:22,3123,2026-09-05 18:57:30,0,2026-09-05 18:57:30,False,,bajo,False
2026-09-07 00:53:22,3126,2026-09-06 15:27:41,0,2026-09-06 15:27:41,False,,bajo,False
2026-09-07 00:53:22,3166,2026-09-05 14:52:04,0,2026-09-05 14:52:04,False,,bajo,True
2026-09-07 00:53:22,3182,2026-09-06 23:07:39,0,2026-09-06 23:07:39,False,,bajo,False
2026-09-07 00:53:22,3196,2026-09-06 20:20:44,0,2026-09-06 20:20:44,False,,bajo,True
2026-09-07 00:53:22,3200,2026-09-06 22:06:41,0,2026-09-06 22:06:41,False,,bajo,False
2026-09-07 00:53:22,3206,2026-09-05 14:54:07,0,2026-09-05 14:54:07,False,,bajo,False
2026-09-07 00:53:22,3218,2026-09-06 19:28:36,0,2026-09-06 19:28:36,False,,bajo,False
2026-09-07 00:53:22,3220,2026-09-03 09:27:30,0,2026-09-03 09:27:30,False,,bajo,False
2026-09-07 00:53:22,3221,2026-09-06 20:49:33,0,2026-09-06 20:49:33,False,,alto,True
2026-09-07 00:53:22,3238,2026-09-06 20:53:20,0,2026-09-06 20:53:20,False,,bajo,True
2026-09-07 00:53:22,3241,2026-09-02 10:39:49,0,2026-09-02 10:39:49,False,,bajo,True
2026-09-07 00:53:22,3246,2026-09-05 17:38:55,0,2026-09-05 17:38:55,False,,bajo,True
2026-09-07 00:53:22,3252,2026-09-06 22:01:49,0,2026-09-06 22:01:49,False,,bajo,False
2026-09-07 00:53:22,3261,2026-09-06 00:04:06,0,2026-09-06 00:04:06,False,,bajo,False
2026-09-07 00:53:22,4016,2026-09-06 22:01:34,0,2026-09-06 22:01:34,False,,bajo,True
2026-09-07 00:53:22,4027,2026-09-06 21:49:30,0,2026-09-06 21:49:30,False,,bajo,False
2026-09-07 00:53:22,2304,2026-09-05 22:48:45,1,2026-09-05 22:48:45,False,,bajo,False
2026-09-07 00:53:22,2332,2026-09-05 16:47:27,1,2026-09-05 16:47:27,False,,bajo,False
2026-09-07 00:53:22,2359,2026-09-06 22:28:17,1,2026-09-06 22:28:17,False,,bajo,False
2026-09-07 00:53:22,2361,2025-03-13 16:03:26,1,2025-03-13 16:03:26,False,,bajo,False
2026-09-07 00:53:22,2384,2026-09-05 04:55:30,1,2026-09-05 04:55:30,False,,bajo,False
2026-09-07 00:53:22,2394,2026-09-05 17:31:10,1,2026-09-05 17:31:10,False,,alto,False
2026-09-07 00:53:22,2395,2026-09-06 06:36:11,1,2026-09-06 06:36:11,False,,bajo,True
2026-09-07 00:53:22,2405,2026-09-05 17:57:14,1,2026-09-05 17:57:14,False,,bajo,False
2026-09-07 00:53:22,2447,2026-09-04 17:03:44,1,2026-09-04 17:03:44,False,,bajo,True
2026-09-07 00:53:22,2448,2026-09-06 20:47:31,1,2026-09-06 20:47:31,False,,bajo,False
2026-09-07 00:53:22,2449,2026-09-02 11:08:53,1,2026-09-02 11:08:53,False,,bajo,False
2026-09-07 00:53:22,2450,2026-09-04 11:32:33,1,2026-09-04 11:32:33,False,,bajo,False
2026-09-07 00:53:22,2453,2026-09-06 14:30:38,1,2026-09-06 14:30:38,False,,bajo,False
2026-09-07 00:53:22,2454,2026-09-06 03:16:52,1,2026-09-06 03:16:52,False,,bajo,False
2026-09-07 00:53:22,2457,2026-09-06 20:56:48,1,2026-09-06 20:56:48,False,,bajo,False
2026-09-07 00:53:22,2478,2026-09-06 19:56:58,1,2026-09-06 19:56:58,False,,bajo,True
2026-09-07 00:53:22,2487,2026-09-05 18:43:35,1,2026-09-05 18:43:35,False,,bajo,False
2026-09-07 00:53:22,2490,2025-03-13 16:03:27,1,2025-03-13 16:03:27,False,,bajo,False
2026-09-07 00:53:22,2493,2025-03-13 16:03:26,1,2025-03-13 16:03:26,False,,bajo,False
2026-09-07 00:53:22,2499,2026-06-03 06:29:57,1,2026-06-03 06:29:57,False,,bajo,False
2026-09-07 00:53:22,2505,2026-09-04 21:59:57,1,2026-09-04 21:59:57,False,,bajo,False
2026-09-07 00:53:22,2507,2026-09-03 10:02:01,1,2026-09-03 10:02:01,False,,bajo,False
2026-09-07 00:53:22,2508,2026-09-05 16:57:20,1,2026-09-05 16:57:20,False,,bajo,False
2026-09-07 00:53:22,2517,2026-09-05 11:47:45,1,2026-09-05 11:47:45,False,,bajo,False
2026-09-07 00:53:22,2518,2026-09-05 07:33:03,1,2026-09-05 07:33:03,False,,bajo,False
2026-09-07 00:53:22,2520,2026-09-05 23:01:51,1,2026-09-05 23:01:51,False,,bajo,True
2026-09-07 00:53:22,2525,2026-09-06 07:36:27,1,2026-09-06 07:36:27,False,,bajo,False
2026-09-07 00:53:22,2526,2026-09-04 08:04:20,1,2026-09-04 08:04:20,False,,bajo,False
2026-09-07 00:53:22,2529,2026-09-06 11:24:59,1,2026-09-06 11:24:59,False,,bajo,False
2026-09-07 00:53:22,2530,2026-09-05 22:14:53,1,2026-09-05 22:14:53,False,,bajo,False
2026-09-07 00:53:22,2534,2026-09-05 17:12:19,1,2026-09-05 17:12:19,False,,bajo,False
2026-09-07 00:53:22,2536,2026-09-04 13:38:48,1,2026-09-04 13:38:48,False,,bajo,False
2026-09-07 00:53:22,2539,2025-03-13 16:03:27,1,2025-03-13 16:03:27,False,,bajo,False
2026-09-07 00:53:22,2547,2026-09-05 23:18:18,1,2026-09-05 23:18:18,False,,bajo,False
2026-09-07 00:53:22,2548,2026-09-06 07:45:36,1,2026-09-06 07:45:36,False,,bajo,False
2026-09-07 00:53:22,2552,2026-09-06 03:34:42,1,2026-09-06 03:34:42,False,,bajo,False
2026-09-07 00:53:22,2557,2026-09-06 21:52:33,1,2026-09-06 21:52:33,False,,bajo,False
2026-09-07 00:53:22,2563,2026-09-06 05:48:10,1,2026-09-06 05:48:10,False,,bajo,False
2026-09-07 00:53:22,2571,2026-09-05 19:36:19,1,2026-09-05 19:36:19,False,,alto,False
2026-09-07 00:53:22,2580,2026-09-01 16:21:06,1,2026-09-01 16:21:06,False,,bajo,False
2026-09-07 00:53:22,2609,2026-09-04 08:05:08,1,2026-09-04 08:05:08,False,,bajo,True
2026-09-07 00:53:22,2610,2026-09-05 15:38:26,1,2026-09-05 15:38:26,False,,bajo,False
2026-09-07 00:53:22,2620,2026-09-06 07:08:52,1,2026-09-06 07:08:52,False,,bajo,False
2026-09-07 00:53:22,2622,2026-09-05 19:56:38,1,2026-09-05 19:56:38,False,,bajo,False
2026-09-07 00:53:22,2630,2026-09-05 08:29:16,1,2026-09-05 08:29:16,False,,bajo,False
2026-09-07 00:53:22,2647,2026-09-06 23:31:56,1,2026-09-06 23:31:56,False,,bajo,True
2026-09-07 00:53:22,2662,2026-09-05 05:47:13,1,2026-09-05 05:47:13,False,,bajo,False
2026-09-07 00:53:22,2677,2026-09-04 20:56:38,1,2026-09-04 20:56:38,False,,bajo,True
2026-09-07 00:53:22,2683,2026-09-06 09:02:41,1,2026-09-06 09:02:41,False,,bajo,True
2026-09-07 00:53:22,2685,2026-09-06 19:10:13,1,2026-09-06 19:10:13,False,,bajo,True
2026-09-07 00:53:22,2689,2026-09-05 18:24:23,1,2026-09-05 18:24:23,False,,bajo,False
2026-09-07 00:53:22,2690,2026-09-05 20:56:30,1,2026-09-05 20:56:30,False,,bajo,False
2026-09-07 00:53:22,2694,2025-03-13 16:03:26,1,2025-03-13 16:03:26,False,,bajo,False
2026-09-07 00:53:22,2698,2026-09-06 04:19:10,1,2026-09-06 04:19:10,False,,alto,False
2026-09-07 00:53:22,2703,2026-09-06 11:36:46,1,2026-09-06 11:36:46,False,,bajo,False
2026-09-07 00:53:22,2711,2026-09-06 13:09:56,1,2026-09-06 13:09:56,False,,bajo,False
2026-09-07 00:53:22,2715,2026-09-04 09:04:13,1,2026-09-04 09:04:13,False,,bajo,False
2026-09-07 00:53:22,2716,2026-09-05 20:46:56,1,2026-09-05 20:46:56,False,,bajo,False
2026-09-07 00:53:22,2742,2026-09-05 08:29:56,1,2026-09-05 08:29:56,False,,bajo,False
2026-09-07 00:53:22,2747,2026-09-05 22:10:25,1,2026-09-05 22:10:25,False,,bajo,False
2026-09-07 00:53:22,2764,2026-09-06 05:39:30,1,2026-09-06 05:39:30,False,,bajo,True
2026-09-07 00:53:22,2765,2026-09-06 11:30:19,1,2026-09-06 11:30:19,False,,bajo,False
2026-09-07 00:53:22,2772,2026-09-06 08:36:32,1,2026-09-06 08:36:32,False,,medio,False
2026-09-07 00:53:22,2774,2026-09-07 00:52:06,1,2026-09-07 00:52:06,False,,bajo,True
2026-09-07 00:53:22,2776,2026-09-06 12:18:35,1,2026-09-06 12:18:35,False,,bajo,False
2026-09-07 00:53:22,2779,2026-09-06 23:05:16,1,2026-09-06 23:05:16,False,,bajo,False
2026-09-07 00:53:22,2783,2026-09-06 08:41:39,1,2026-09-06 08:41:39,False,,bajo,False
2026-09-07 00:53:22,2784,2026-09-05 10:55:47,1,2026-09-05 10:55:47,False,,bajo,False
2026-09-07 00:53:22,2788,2026-09-03 12:15:33,1,2026-09-03 12:15:33,False,,bajo,False
2026-09-07 00:53:22,2793,2026-09-06 20:52:29,1,2026-09-06 20:52:29,False,,bajo,False
2026-09-07 00:53:22,2798,2026-09-06 08:03:01,1,2026-09-06 08:03:01,False,,bajo,False
2026-09-07 00:53:22,2802,2026-09-06 18:21:17,1,2026-09-06 18:21:17,False,,alto,False
2026-09-07 00:53:22,2805,2026-09-06 18:44:31,1,2026-09-06 18:44:31,False,,bajo,False
2026-09-07 00:53:22,2806,2026-09-06 18:16:30,1,2026-09-06 18:16:30,False,,bajo,False
2026-09-07 00:53:22,2811,2026-09-05 20:30:46,1,2026-09-05 20:30:46,False,,bajo,False
2026-09-07 00:53:22,2861,2026-06-03 08:53:58,1,2026-06-03 08:53:58,False,,bajo,False
2026-09-07 00:53:22,2870,2026-09-06 17:32:17,1,2026-09-06 17:32:17,False,,bajo,False
2026-09-07 00:53:22,2873,2026-09-04 11:30:00,1,2026-09-04 11:30:00,False,,bajo,False
2026-09-07 00:53:22,2899,2026-09-04 23:53:47,1,2026-09-04 23:53:47,False,,bajo,False
2026-09-07 00:53:22,2900,2025-03-13 16:18:25,1,2025-03-13 16:18:25,False,,bajo,False
2026-09-07 00:53:22,2912,2026-09-06 01:00:14,1,2026-09-06 01:00:14,False,,bajo,False
2026-09-07 00:53:22,2913,2026-09-05 14:27:08,1,2026-09-05 14:27:08,False,,bajo,False
2026-09-07 00:53:22,2928,2026-09-06 18:57:39,1,2026-09-06 18:57:39,False,,alto,False
2026-09-07 00:53:22,2934,2026-09-05 20:46:59,1,2026-09-05 20:46:59,False,,bajo,False
2026-09-07 00:53:22,2943,2026-09-06 12:04:46,1,2026-09-06 12:04:46,False,,bajo,True
2026-09-07 00:53:22,2945,2026-09-06 14:27:29,1,2026-09-06 14:27:29,False,,bajo,False
2026-09-07 00:53:22,2956,2026-09-06 19:47:52,1,2026-09-06 19:47:52,False,,medio,True
2026-09-07 00:53:22,2958,2026-09-06 21:55:48,1,2026-09-06 21:55:48,False,,medio,False
2026-09-07 00:53:22,2968,2026-09-06 23:29:19,1,2026-09-06 23:29:19,False,,bajo,True
2026-09-07 00:53:22,3040,2026-09-06 21:41:56,1,2026-09-06 21:41:56,False,,bajo,False
2026-09-07 00:53:22,3053,2026-09-05 23:47:44,1,2026-09-05 23:47:44,False,,bajo,False
2026-09-07 00:53:22,3069,2026-09-06 21:29:30,1,2026-09-06 21:29:30,False,,bajo,True
2026-09-07 00:53:22,3083,2026-09-07 00:17:03,1,2026-09-07 00:17:03,False,,bajo,True
2026-09-07 00:53:22,3092,2026-09-06 11:05:25,1,2026-09-06 11:05:25,False,,bajo,False
2026-09-07 00:53:22,3123,2026-09-06 04:37:10,1,2026-09-06 04:37:10,False,,bajo,False
2026-09-07 00:53:22,3126,2026-09-03 21:50:47,1,2026-09-03 21:50:47,False,,bajo,False
2026-09-07 00:53:22,3166,2026-06-03 07:30:20,1,2026-06-03 07:30:20,False,,bajo,False
2026-09-07 00:53:22,3182,2026-09-06 22:10:01,1,2026-09-06 22:10:01,False,,bajo,False
2026-09-07 00:53:22,3200,2026-09-06 23:06:36,1,2026-09-06 23:06:36,False,,bajo,False
2026-09-07 00:53:22,3206,2026-09-06 00:55:29,1,2026-09-06 00:55:29,False,,bajo,False
2026-09-07 00:53:22,3218,2026-09-06 20:04:33,1,2026-09-06 20:04:33,False,,bajo,True
2026-09-07 00:53:22,3220,2026-09-05 19:05:22,1,2026-09-05 19:05:22,False,,bajo,False
2026-09-07 00:53:22,3221,2026-09-06 20:02:31,1,2026-09-06 20:02:31,False,,medio,False
2026-09-07 00:53:22,3241,2026-09-05 14:26:30,1,2026-09-05 14:26:30,False,,bajo,False
2026-09-07 00:53:22,3246,2026-09-05 23:18:04,1,2026-09-05 23:18:04,False,,bajo,False
2026-09-07 00:53:22,3252,2026-09-06 22:10:36,1,2026-09-06 22:10:36,False,,bajo,False
2026-09-07 00:53:22,3261,2026-09-05 22:23:30,1,2026-09-05 22:23:30,False,,bajo,False
2026-09-07 00:53:22,3269,2026-09-06 23:37:34,1,2026-09-06 23:37:34,False,,bajo,False
2026-09-07 00:53:22,4016,2026-09-05 08:33:22,1,2026-09-05 08:33:22,False,,bajo,True
2026-09-07 00:53:22,4027,2026-09-06 17:39:52,1,2026-09-06 17:39:52,False,,medio,False
2026-09-07 00:53:22,2292,2026-06-03 08:02:35,2,2026-06-03 08:02:35,False,,bajo,False
2026-09-07 00:53:22,2329,2026-06-03 08:44:35,2,2026-06-03 08:44:35,False,,bajo,False
2026-09-07 00:53:22,2454,2026-06-03 07:16:12,2,2026-06-03 07:16:12,False,,bajo,False
2026-09-07 00:53:22,2470,2026-06-03 08:25:54,2,2026-06-03 08:25:54,False,,bajo,False
2026-09-07 00:53:22,2479,2026-06-03 08:24:44,2,2026-06-03 08:24:44,False,,bajo,False
2026-09-07 00:53:22,2499,2026-06-03 06:29:57,2,2026-06-03 06:29:57,False,,bajo,False
2026-09-07 00:53:22,2507,2026-06-03 08:14:57,2,2026-06-03 08:14:57,False,,bajo,False
2026-09-07 00:53:22,2517,2026-06-03 07:30:55,2,2026-06-03 07:30:55,False,,bajo,False
2026-09-07 00:53:22,2532,2026-06-03 07:22:58,2,2026-06-03 07:22:58,False,,bajo,False
2026-09-07 00:53:22,2563,2026-06-03 08:43:14,2,2026-06-03 08:43:14,False,,bajo,False
2026-09-07 00:53:22,2620,2026-06-03 08:51:25,2,2026-06-03 08:51:25,False,,bajo,False
2026-09-07 00:53:22,2947,2026-06-03 07:46:53,2,2026-06-03 07:46:53,False,,bajo,False
2026-09-07 00:53:22,2968,2026-06-03 08:29:04,2,2026-06-03 08:29:04,False,,bajo,False
2026-09-07 00:53:22,3196,2026-06-03 06:38:18,2,2026-06-03 06:38:18,False,,bajo,False
2026-09-07 00:53:22,3206,2026-06-03 08:23:59,2,2026-06-03 08:23:59,False,,bajo,False
2026-09-07 00:53:22,2395,2026-06-03 08:40:16,3,2026-06-03 08:40:16,False,,bajo,False
2026-09-07 00:53:22,2405,2026-06-03 07:27:56,3,2026-06-03 07:27:56,False,,bajo,False
2026-09-07 00:53:22,2517,2026-06-03 07:30:55,3,2026-06-03 07:30:55,False,,bajo,False
2026-09-07 00:53:22,2529,2026-06-03 07:46:28,3,2026-06-03 07:46:28,False,,bajo,False
2026-09-07 00:53:22,2620,2026-06-03 08:51:25,3,2026-06-03 08:51:25,False,,bajo,False
2026-09-07 00:53:22,2630,2026-06-03 08:21:10,3,2026-06-03 08:21:10,False,,bajo,False
2026-09-07 00:53:22,2703,2026-06-03 07:20:39,3,2026-06-03 07:20:39,False,,bajo,False
2026-09-07 00:53:22,3053,2026-06-03 07:52:09,3,2026-06-03 07:52:09,False,,bajo,False
2026-09-07 00:53:22,3252,2026-06-03 06:40:45,3,2026-06-03 06:40:45,False,,bajo,False
2026-09-07 00:53:22,2228,2026-09-06 20:49:05,0,2026-09-06 20:49:05,False,,alto,False
2026-09-07 00:53:22,2291,2026-09-07 00:50:31,0,2026-09-07 00:50:31,False,,bajo,False
2026-09-07 00:53:22,2295,2026-09-06 21:06:52,0,2026-09-06 21:06:52,False,,bajo,True
2026-09-07 00:53:22,2297,2026-09-06 20:41:16,0,2026-09-06 20:41:16,False,,bajo,False
2026-09-07 00:53:22,2305,2026-09-06 12:10:59,0,2026-09-06 12:10:59,False,,alto,False
2026-09-07 00:53:22,2306,2026-09-06 00:19:05,0,2026-09-06 00:19:05,False,,alto,True
2026-09-07 00:53:22,2307,2026-09-05 21:57:47,0,2026-09-05 21:57:47,False,,bajo,False
2026-09-07 00:53:22,2308,2026-09-06 18:51:46,0,2026-09-06 18:51:46,False,,bajo,False
2026-09-07 00:53:22,2408,2026-09-05 21:15:42,0,2026-09-05 21:15:42,False,,medio,False
2026-09-07 00:53:22,2409,2025-05-07 18:03:24,0,2025-05-07 18:03:24,False,,bajo,False
2026-09-07 00:53:22,2416,2026-09-06 22:38:22,0,2026-09-06 22:38:22,False,,bajo,False
2026-09-07 00:53:22,2417,2026-09-05 21:08:26,0,2026-09-05 21:08:26,False,,medio,True
2026-09-07 00:53:22,2455,2026-09-06 20:11:16,0,2026-09-06 20:11:16,False,,bajo,False
2026-09-07 00:53:22,2462,2026-09-06 06:53:49,0,2026-09-06 06:53:49,False,,bajo,False
2026-09-07 00:53:22,2486,2026-09-05 23:29:30,0,2026-09-05 23:29:30,False,,bajo,True
2026-09-07 00:53:22,2489,2026-09-05 21:14:52,0,2026-09-05 21:14:52,False,,bajo,True
2026-09-07 00:53:22,2522,2026-09-07 00:46:18,0,2026-09-07 00:46:18,False,,bajo,False
2026-09-07 00:53:22,2523,2026-09-07 00:47:10,0,2026-09-07 00:47:10,False,,bajo,True
2026-09-07 00:53:22,2543,2026-09-05 20:17:14,0,2026-09-05 20:17:14,False,,alto,False
2026-09-07 00:53:22,2555,2026-09-05 20:25:09,0,2026-09-05 20:25:09,False,,bajo,False
2026-09-07 00:53:22,2556,2026-09-06 23:48:31,0,2026-09-06 23:48:31,False,,bajo,True
2026-09-07 00:53:22,2578,2026-09-05 23:05:45,0,2026-09-05 23:05:45,False,,alto,False
2026-09-07 00:53:22,2584,2026-09-06 09:37:20,0,2026-09-06 09:37:20,False,,medio,True
2026-09-07 00:53:22,2597,2026-09-05 21:22:43,0,2026-09-05 21:22:43,False,,medio,False
2026-09-07 00:53:22,2598,2026-09-05 21:28:26,0,2026-09-05 21:28:26,False,,bajo,True
2026-09-07 00:53:22,2600,2026-09-07 00:29:12,0,2026-09-07 00:29:12,False,,bajo,True
2026-09-07 00:53:22,2612,2026-09-05 23:47:42,0,2026-09-05 23:47:42,False,,bajo,False
2026-09-07 00:53:22,2615,2026-09-06 07:56:10,0,2026-09-06 07:56:10,False,,alto,True
2026-09-07 00:53:22,2633,2026-09-05 19:37:58,0,2026-09-05 19:37:58,False,,alto,True
2026-09-07 00:53:22,2640,2026-09-06 22:59:10,0,2026-09-06 22:59:10,False,,medio,False
2026-09-07 00:53:22,2643,2026-09-07 00:32:06,0,2026-09-07 00:32:06,False,,bajo,False
2026-09-07 00:53:22,2648,2026-09-05 22:31:33,0,2026-09-05 22:31:33,False,,medio,True
2026-09-07 00:53:22,2651,2025-03-13 16:03:26,0,2025-03-13 16:03:26,False,,bajo,False
2026-09-07 00:53:22,2652,2026-09-06 19:27:12,0,2026-09-06 19:27:12,False,,bajo,False
2026-09-07 00:53:22,2656,2026-09-05 23:38:43,0,2026-09-05 23:38:43,False,,bajo,False
2026-09-07 00:53:22,2657,2026-09-05 23:10:36,0,2026-09-05 23:10:36,False,,medio,False
2026-09-07 00:53:22,2658,2025-03-13 16:03:26,0,2025-03-13 16:03:26,False,,bajo,False
2026-09-07 00:53:22,2663,2026-09-06 18:31:43,0,2026-09-06 18:31:43,False,,bajo,False
2026-09-07 00:53:22,2679,2026-09-07 00:46:35,0,2026-09-07 00:46:35,False,,medio,False
2026-09-07 00:53:22,2697,2026-09-05 18:54:22,0,2026-09-05 18:54:22,False,,bajo,False
2026-09-07 00:53:22,2709,2026-09-06 18:28:18,0,2026-09-06 18:28:18,False,,bajo,False
2026-09-07 00:53:22,2729,2026-09-05 22:46:59,0,2026-09-05 22:46:59,False,,bajo,False
2026-09-07 00:53:22,2740,2026-09-06 14:59:44,0,2026-09-06 14:59:44,False,,bajo,False
2026-09-07 00:53:22,2753,2026-09-06 08:45:55,0,2026-09-06 08:45:55,False,,bajo,False
2026-09-07 00:53:22,2763,2026-09-05 19:08:17,0,2026-09-05 19:08:17,False,,medio,False
2026-09-07 00:53:22,2769,2026-09-05 10:53:29,0,2026-09-05 10:53:29,False,,bajo,False
2026-09-07 00:53:22,2782,2026-09-06 22:05:04,0,2026-09-06 22:05:04,False,,bajo,False
2026-09-07 00:53:22,2786,2026-09-05 22:31:13,0,2026-09-05 22:31:13,False,,alto,True
2026-09-07 00:53:22,2789,2026-09-04 20:19:06,0,2026-09-04 20:19:06,False,,bajo,False
2026-09-07 00:53:22,2792,2026-09-06 16:27:19,0,2026-09-06 16:27:19,False,,bajo,True
2026-09-07 00:53:22,2794,2026-09-06 20:17:22,0,2026-09-06 20:17:22,False,,bajo,False
2026-09-07 00:53:22,2800,2026-09-06 20:06:15,0,2026-09-06 20:06:15,False,,medio,False
2026-09-07 00:53:22,2825,2026-09-05 08:39:16,0,2026-09-05 08:39:16,False,,bajo,False
2026-09-07 00:53:22,2829,2026-08-20 09:14:28,0,2026-08-20 09:14:28,False,,medio,True
2026-09-07 00:53:22,2853,2026-09-07 00:48:21,0,2026-09-07 00:48:21,False,,bajo,False
2026-09-07 00:53:22,2856,2026-09-06 18:37:03,0,2026-09-06 18:37:03,False,,bajo,False
2026-09-07 00:53:22,2866,2026-09-06 13:23:11,0,2026-09-06 13:23:11,False,,bajo,False
2026-09-07 00:53:22,2867,2026-09-05 21:03:21,0,2026-09-05 21:03:21,False,,bajo,False
2026-09-07 00:53:22,2877,2026-09-05 21:01:36,0,2026-09-05 21:01:36,False,,bajo,False
2026-09-07 00:53:22,2905,2026-09-06 23:21:41,0,2026-09-06 23:21:41,False,,bajo,True
2026-09-07 00:53:22,2909,2026-09-03 21:44:34,0,2026-09-03 21:44:34,False,,bajo,True
2026-09-07 00:53:22,2910,2026-09-06 23:43:44,0,2026-09-06 23:43:44,False,,bajo,False
2026-09-07 00:53:22,2916,2026-09-05 22:43:33,0,2026-09-05 22:43:33,False,,alto,False
2026-09-07 00:53:22,2941,2026-09-05 10:37:24,0,2026-09-05 10:37:24,False,,bajo,False
2026-09-07 00:53:22,2942,2026-09-05 20:51:47,0,2026-09-05 20:51:47,False,,bajo,True
2026-09-07 00:53:22,2946,2026-09-06 10:31:47,0,2026-09-06 10:31:47,False,,alto,True
2026-09-07 00:53:22,2950,2026-09-06 20:46:35,0,2026-09-06 20:46:35,False,,bajo,False
2026-09-07 00:53:22,2951,2026-09-06 12:23:14,0,2026-09-06 12:23:14,False,,bajo,False
2026-09-07 00:53:22,2954,2026-09-06 21:37:35,0,2026-09-06 21:37:35,False,,bajo,False
2026-09-07 00:53:22,2959,2026-09-05 10:47:01,0,2026-09-05 10:47:01,False,,bajo,False
2026-09-07 00:53:22,2989,2026-09-06 23:29:56,0,2026-09-06 23:29:56,False,,alto,True
2026-09-07 00:53:22,2991,2026-09-07 00:49:54,0,2026-09-07 00:49:54,False,,bajo,True
2026-09-07 00:53:22,3005,2026-09-06 19:37:48,0,2026-09-06 19:37:48,False,,bajo,True
2026-09-07 00:53:22,3012,2026-09-06 20:10:09,0,2026-09-06 20:10:09,False,,bajo,False
2026-09-07 00:53:22,3023,2026-09-06 13:20:59,0,2026-09-06 13:20:59,False,,bajo,True
2026-09-07 00:53:22,3032,2026-09-05 21:41:35,0,2026-09-05 21:41:35,False,,bajo,False
2026-09-07 00:53:22,3043,2026-09-05 11:50:47,0,2026-09-05 11:50:47,False,,bajo,False
2026-09-07 00:53:22,3044,2026-09-07 00:51:24,0,2026-09-07 00:51:24,False,,alto,True
2026-09-07 00:53:22,3050,2026-09-07 00:48:20,0,2026-09-07 00:48:20,False,,alto,False
2026-09-07 00:53:22,3055,2026-09-07 00:21:20,0,2026-09-07 00:21:20,False,,alto,False
2026-09-07 00:53:22,3063,2026-09-06 22:57:00,0,2026-09-06 22:57:00,False,,bajo,False
2026-09-07 00:53:22,3066,2026-09-05 23:31:46,0,2026-09-05 23:31:46,False,,medio,False
2026-09-07 00:53:22,3073,2026-09-06 22:02:27,0,2026-09-06 22:02:27,False,,alto,True
2026-09-07 00:53:22,3077,2026-09-05 19:49:03,0,2026-09-05 19:49:03,False,,alto,False
2026-09-07 00:53:22,3081,2026-09-06 21:55:38,0,2026-09-06 21:55:38,False,,medio,False
2026-09-07 00:53:22,3090,2026-09-04 07:46:40,0,2026-09-04 07:46:40,False,,bajo,False
2026-09-07 00:53:22,3095,2026-09-07 00:27:37,0,2026-09-07 00:27:37,False,,bajo,True
2026-09-07 00:53:22,3098,2026-09-07 00:51:30,0,2026-09-07 00:51:30,False,,bajo,False
2026-09-07 00:53:22,3102,2026-09-05 16:02:17,0,2026-09-05 16:02:17,False,,medio,False
2026-09-07 00:53:22,3115,2026-09-06 21:06:57,0,2026-09-06 21:06:57,False,,bajo,False
2026-09-07 00:53:22,3116,2025-03-13 16:03:27,0,2025-03-13 16:03:27,False,,bajo,False
2026-09-07 00:53:22,3124,2026-09-05 22:43:53,0,2026-09-05 22:43:53,False,,alto,False
2026-09-07 00:53:22,3133,2026-09-06 20:55:48,0,2026-09-06 20:55:48,False,,bajo,True
2026-09-07 00:53:22,3134,2026-09-06 06:41:58,0,2026-09-06 06:41:58,False,,medio,True
2026-09-07 00:53:22,3135,2026-09-07 00:38:41,0,2026-09-07 00:38:41,False,,medio,False
2026-09-07 00:53:22,3140,2026-09-06 22:39:17,0,2026-09-06 22:39:17,False,,bajo,True
2026-09-07 00:53:22,3149,2026-09-05 18:01:00,0,2026-09-05 18:01:00,False,,alto,False
2026-09-07 00:53:22,3158,2026-09-06 14:37:52,0,2026-09-06 14:37:52,False,,bajo,False
2026-09-07 00:53:22,3168,2025-03-13 16:03:26,0,2025-03-13 16:03:26,False,,bajo,False
2026-09-07 00:53:22,3171,2026-09-06 05:50:45,0,2026-09-06 05:50:45,False,,bajo,True
2026-09-07 00:53:22,3192,2026-09-06 18:09:32,0,2026-09-06 18:09:32,False,,bajo,True
2026-09-07 00:53:22,3211,2026-09-06 21:35:42,0,2026-09-06 21:35:42,False,,bajo,False
2026-09-07 00:53:22,3212,2026-09-06 18:07:34,0,2026-09-06 18:07:34,False,,bajo,False
2026-09-07 00:53:22,3213,2026-09-05 23:35:51,0,2026-09-05 23:35:51,False,,bajo,True
2026-09-07 00:53:22,3234,2026-09-07 00:33:35,0,2026-09-07 00:33:35,False,,bajo,False
2026-09-07 00:53:22,3237,2026-09-06 20:09:54,0,2026-09-06 20:09:54,False,,bajo,False
2026-09-07 00:53:22,3251,2026-09-05 14:29:20,0,2026-09-05 14:29:20,False,,bajo,False
2026-09-07 00:53:22,3258,2026-08-03 14:55:48,0,2026-08-03 14:55:48,False,,alto,False
2026-09-07 00:53:22,3267,2026-09-06 08:09:28,0,2026-09-06 08:09:28,False,,bajo,False
2026-09-07 00:53:22,4023,2026-09-06 08:14:30,0,2026-09-06 08:14:30,False,,alto,False
2026-09-07 00:53:22,4026,2026-09-06 11:43:26,0,2026-09-06 11:43:26,False,,medio,False
2026-09-07 00:53:22,4029,2026-09-05 19:50:13,0,2026-09-05 19:50:13,False,,bajo,True
2026-09-07 00:53:22,2291,2026-09-05 20:16:28,1,2026-09-05 20:16:28,False,,bajo,True
2026-09-07 00:53:22,2297,2026-09-05 20:08:44,1,2026-09-05 20:08:44,False,,bajo,False
2026-09-07 00:53:22,2305,2026-09-05 19:40:39,1,2026-09-05 19:40:39,False,,bajo,False
2026-09-07 00:53:22,2306,2026-09-05 23:36:50,1,2026-09-05 23:36:50,False,,bajo,False
2026-09-07 00:53:22,2307,2026-09-05 13:50:04,1,2026-09-05 13:50:04,False,,alto,False
2026-09-07 00:53:22,2308,2026-09-05 14:15:04,1,2026-09-05 14:15:04,False,,alto,False
2026-09-07 00:53:22,2408,2026-09-05 18:11:41,1,2026-09-05 18:11:41,False,,bajo,False
2026-09-07 00:53:22,2409,2025-08-30 10:05:33,1,2025-08-30 10:05:33,False,,bajo,False
2026-09-07 00:53:22,2416,2026-09-05 20:26:01,1,2026-09-05 20:26:01,False,,bajo,False
2026-09-07 00:53:22,2417,2026-09-05 17:20:24,1,2026-09-05 17:20:24,False,,alto,False
2026-09-07 00:53:22,2455,2026-09-05 19:41:39,1,2026-09-05 19:41:39,False,,bajo,False
2026-09-07 00:53:22,2486,2026-09-05 12:03:30,1,2026-09-05 12:03:30,False,,bajo,False
2026-09-07 00:53:22,2489,2025-08-27 05:35:03,1,2025-08-27 05:35:03,False,,bajo,False
2026-09-07 00:53:22,2523,2025-03-13 16:03:26,1,2025-03-13 16:03:26,False,,bajo,False
2026-09-07 00:53:22,2543,2026-09-05 17:07:20,1,2026-09-05 17:07:20,False,,alto,False
2026-09-07 00:53:22,2555,2026-09-05 13:05:31,1,2026-09-05 13:05:31,False,,bajo,False
2026-09-07 00:53:22,2578,2026-09-05 20:05:42,1,2026-09-05 20:05:42,False,,alto,False
2026-09-07 00:53:22,2584,2026-09-05 20:46:50,1,2026-09-05 20:46:50,False,,medio,False
2026-09-07 00:53:22,2597,2026-09-06 18:24:05,1,2026-09-06 18:24:05,False,,alto,False
2026-09-07 00:53:22,2600,2026-09-05 21:04:34,1,2026-09-05 21:04:34,False,,bajo,False
2026-09-07 00:53:22,2612,2026-09-05 19:52:00,1,2026-09-05 19:52:00,False,,bajo,False
2026-09-07 00:53:22,2640,2026-09-05 23:49:20,1,2026-09-05 23:49:20,False,,alto,False
2026-09-07 00:53:22,2643,2026-09-06 00:31:13,1,2026-09-06 00:31:13,False,,alto,False
2026-09-07 00:53:22,2648,2026-07-03 08:32:22,1,2026-07-03 08:32:22,False,,bajo,False
2026-09-07 00:53:22,2651,2026-09-06 01:25:33,1,2026-09-06 01:25:33,False,,bajo,False
2026-09-07 00:53:22,2656,2026-09-06 20:00:47,1,2026-09-06 20:00:47,False,,bajo,False
2026-09-07 00:53:22,2657,2026-09-05 15:26:57,1,2026-09-05 15:26:57,False,,bajo,False
2026-09-07 00:53:22,2658,2026-09-05 19:31:53,1,2026-09-05 19:31:53,False,,bajo,False
2026-09-07 00:53:22,2663,2026-09-05 13:26:15,1,2026-09-05 13:26:15,False,,bajo,False
2026-09-07 00:53:22,2679,2026-09-06 09:51:22,1,2026-09-06 09:51:22,False,,medio,False
2026-09-07 00:53:22,2697,2026-09-05 15:10:39,1,2026-09-05 15:10:39,False,,alto,False
2026-09-07 00:53:22,2709,2026-09-05 17:02:59,1,2026-09-05 17:02:59,False,,bajo,False
2026-09-07 00:53:22,2729,2026-09-05 14:13:59,1,2026-09-05 14:13:59,False,,medio,False
2026-09-07 00:53:22,2740,2026-09-06 09:16:41,1,2026-09-06 09:16:41,False,,bajo,False
2026-09-07 00:53:22,2753,2026-09-06 09:46:56,1,2026-09-06 09:46:56,False,,bajo,False
2026-09-07 00:53:22,2763,2026-09-05 14:40:14,1,2026-09-05 14:40:14,False,,bajo,False
2026-09-07 00:53:22,2769,2026-09-05 18:17:09,1,2026-09-05 18:17:09,False,,alto,False
2026-09-07 00:53:22,2782,2026-09-05 21:52:57,1,2026-09-05 21:52:57,False,,alto,False
2026-09-07 00:53:22,2786,2026-09-05 15:39:32,1,2026-09-05 15:39:32,False,,bajo,False
2026-09-07 00:53:22,2789,2026-09-04 13:37:41,1,2026-09-04 13:37:41,False,,bajo,False
2026-09-07 00:53:22,2792,2026-09-06 15:19:35,1,2026-09-06 15:19:35,False,,bajo,True
2026-09-07 00:53:22,2794,2026-09-05 18:36:10,1,2026-09-05 18:36:10,False,,bajo,False
2026-09-07 00:53:22,2800,2026-09-05 15:20:46,1,2026-09-05 15:20:46,False,,alto,False
2026-09-07 00:53:22,2825,2026-09-06 11:34:30,1,2026-09-06 11:34:30,False,,bajo,False
2026-09-07 00:53:22,2829,2026-09-03 18:38:53,1,2026-09-03 18:38:53,False,,alto,False
2026-09-07 00:53:22,2853,2025-03-13 16:03:26,1,2025-03-13 16:03:26,False,,bajo,False
2026-09-07 00:53:22,2856,2026-09-05 18:27:57,1,2026-09-05 18:27:57,False,,bajo,False
2026-09-07 00:53:22,2866,2026-09-06 08:41:17,1,2026-09-06 08:41:17,False,,bajo,False
2026-09-07 00:53:22,2867,2026-09-05 18:48:38,1,2026-09-05 18:48:38,False,,bajo,False
2026-09-07 00:53:22,2877,2026-09-05 19:41:48,1,2026-09-05 19:41:48,False,,alto,False
2026-09-07 00:53:22,2905,2026-09-06 23:20:48,1,2026-09-06 23:20:48,False,,bajo,False
2026-09-07 00:53:22,2909,2026-09-04 10:16:20,1,2026-09-04 10:16:20,False,,bajo,True
2026-09-07 00:53:22,2910,2026-09-06 23:44:06,1,2026-09-06 23:44:06,False,,bajo,False
2026-09-07 00:53:22,2916,2026-09-05 22:52:52,1,2026-09-05 22:52:52,False,,alto,False
2026-09-07 00:53:22,2941,2026-09-04 21:50:30,1,2026-09-04 21:50:30,False,,bajo,False
2026-09-07 00:53:22,2942,2026-09-05 18:18:41,1,2026-09-05 18:18:41,False,,bajo,False
2026-09-07 00:53:22,2946,2026-09-05 18:55:28,1,2026-09-05 18:55:28,False,,alto,False
2026-09-07 00:53:22,2950,2026-09-05 23:11:26,1,2026-09-05 23:11:26,False,,bajo,False
2026-09-07 00:53:22,2951,2026-09-06 23:24:02,1,2026-09-06 23:24:02,False,,bajo,False
2026-09-07 00:53:22,2954,2026-09-06 12:21:39,1,2026-09-06 12:21:39,False,,bajo,False
2026-09-07 00:53:22,2959,2026-09-05 10:13:44,1,2026-09-05 10:13:44,False,,bajo,False
2026-09-07 00:53:22,2989,2026-06-03 00:01:32,1,2026-06-03 00:01:32,False,,bajo,False
2026-09-07 00:53:22,2991,2026-06-03 00:11:39,1,2026-06-03 00:11:39,False,,bajo,False
2026-09-07 00:53:22,3005,2026-09-05 18:56:37,1,2026-09-05 18:56:37,False,,medio,False
2026-09-07 00:53:22,3012,2026-09-05 13:28:50,1,2026-09-05 13:28:50,False,,bajo,False
2026-09-07 00:53:22,3023,2026-09-06 14:13:45,1,2026-09-06 14:13:45,False,,bajo,False
2026-09-07 00:53:22,3032,2026-09-06 07:02:57,1,2026-09-06 07:02:57,False,,bajo,False
2026-09-07 00:53:22,3043,2026-09-05 07:25:08,1,2026-09-05 07:25:08,False,,bajo,False
2026-09-07 00:53:22,3050,2025-03-13 16:03:26,1,2025-03-13 16:03:26,False,,bajo,False
2026-09-07 00:53:22,3055,2026-09-05 23:38:05,1,2026-09-05 23:38:05,False,,alto,False
2026-09-07 00:53:22,3063,2026-09-05 23:20:56,1,2026-09-05 23:20:56,False,,bajo,False
2026-09-07 00:53:22,3066,2026-09-05 16:40:56,1,2026-09-05 16:40:56,False,,bajo,False
2026-09-07 00:53:22,3073,2026-09-06 19:15:18,1,2026-09-06 19:15:18,False,,alto,False
2026-09-07 00:53:22,3077,2026-09-05 15:17:03,1,2026-09-05 15:17:03,False,,bajo,False
2026-09-07 00:53:22,3081,2026-09-05 20:13:03,1,2026-09-05 20:13:03,False,,bajo,False
2026-09-07 00:53:22,3090,2026-09-03 20:35:11,1,2026-09-03 20:35:11,False,,bajo,False
2026-09-07 00:53:22,3095,2026-09-06 01:20:32,1,2026-09-06 01:20:32,False,,alto,False
2026-09-07 00:53:22,3098,2026-09-05 20:35:14,1,2026-09-05 20:35:14,False,,bajo,False
2026-09-07 00:53:22,3115,2026-09-05 18:14:04,1,2026-09-05 18:14:04,False,,bajo,False
2026-09-07 00:53:22,3124,2026-09-05 13:50:38,1,2026-09-05 13:50:38,False,,bajo,False
2026-09-07 00:53:22,3133,2026-09-05 18:15:04,1,2026-09-05 18:15:04,False,,bajo,False
2026-09-07 00:53:22,3134,2026-09-06 06:41:29,1,2026-09-06 06:41:29,False,,bajo,False
2026-09-07 00:53:22,3135,2026-09-05 16:32:06,1,2026-09-05 16:32:06,False,,bajo,False
2026-09-07 00:53:22,3149,2026-09-05 21:49:11,1,2026-09-05 21:49:11,False,,alto,False
2026-09-07 00:53:22,3158,2026-09-06 13:44:52,1,2026-09-06 13:44:52,False,,bajo,False
2026-09-07 00:53:22,3171,2026-09-05 14:11:32,1,2026-09-05 14:11:32,False,,bajo,False
2026-09-07 00:53:22,3212,2026-09-06 12:39:10,1,2026-09-06 12:39:10,False,,medio,False
2026-09-07 00:53:22,3213,2026-09-06 15:42:29,1,2026-09-06 15:42:29,False,,bajo,False
2026-09-07 00:53:22,3258,2026-09-05 14:43:57,1,2026-09-05 14:43:57,False,,bajo,False
2026-09-07 00:53:22,3267,2026-09-05 17:56:50,1,2026-09-05 17:56:50,False,,bajo,False
2026-09-07 00:53:22,3276,2026-09-06 08:09:02,1,2026-09-06 08:09:02,False,,bajo,False
2026-09-07 00:53:22,4023,2026-09-05 21:43:34,1,2026-09-05 21:43:34,False,,alto,False
2026-09-07 00:53:22,4026,2026-09-05 17:58:10,1,2026-09-05 17:58:10,False,,alto,True
2026-09-07 00:53:22,4029,2026-09-05 13:02:35,1,2026-09-05 13:02:35,False,,bajo,False
2026-09-07 00:53:22,2228,2026-06-03 08:18:35,2,2026-06-03 08:18:35,False,,bajo,False
2026-09-07 00:53:22,2305,2026-06-03 06:05:23,2,2026-06-03 06:05:23,False,,bajo,False
2026-09-07 00:53:22,2455,2026-06-03 08:41:04,2,2026-06-03 08:41:04,False,,bajo,False
2026-09-07 00:53:22,2462,2026-08-13 15:52:51,2,2026-08-13 15:52:51,False,,bajo,False
2026-09-07 00:53:22,2489,2026-06-03 02:55:41,2,2026-06-03 02:55:41,False,,bajo,False
2026-09-07 00:53:22,2556,2026-06-03 08:33:18,2,2026-06-03 08:33:18,False,,bajo,False
2026-09-07 00:53:22,2633,2026-06-03 08:07:23,2,2026-06-03 08:07:23,False,,bajo,False
2026-09-07 00:53:22,2648,2026-06-03 00:17:04,2,2026-06-03 00:17:04,False,,bajo,False
2026-09-07 00:53:22,2657,2026-06-03 06:00:43,2,2026-06-03 06:00:43,False,,bajo,False
2026-09-07 00:53:22,2763,2026-06-03 08:29:55,2,2026-06-03 08:29:55,False,,bajo,False
2026-09-07 00:53:22,2905,2026-06-03 06:33:05,2,2026-06-03 06:33:05,False,,bajo,False
2026-09-07 00:53:22,2950,2026-08-25 15:00:09,2,2026-08-25 15:00:09,False,,alto,False
2026-09-07 00:53:22,3055,2026-06-03 06:12:12,2,2026-06-03 06:12:12,False,,bajo,False
2026-09-07 00:53:22,3063,2026-06-03 08:39:31,2,2026-06-03 08:39:31,False,,bajo,False
2026-09-07 00:53:22,3134,2026-06-03 06:13:07,2,2026-06-03 06:13:07,False,,bajo,False
2026-09-07 00:53:22,3192,2026-06-03 06:29:23,2,2026-06-03 06:29:23,False,,bajo,False
2026-09-07 00:53:22,3194,2026-06-03 08:28:56,2,2026-06-03 08:28:56,False,,bajo,False
2026-09-07 00:53:22,3211,2026-06-03 07:21:15,2,2026-06-03 07:21:15,False,,bajo,False
2026-09-07 00:53:22,3213,2026-07-22 03:30:47,2,2026-07-22 03:30:47,False,,bajo,False
2026-09-07 00:53:22,3237,2026-06-03 08:08:14,2,2026-06-03 08:08:14,False,,bajo,False
2026-09-07 00:53:22,2348,2026-09-06 22:09:02,0,2026-09-06 22:09:02,False,,bajo,True
2026-09-07 00:53:22,2353,2026-09-06 06:32:43,0,2026-09-06 06:32:43,False,,medio,False
2026-09-07 00:53:22,2355,2026-09-07 00:50:41,0,2026-09-07 00:50:41,False,,alto,False
2026-09-07 00:53:22,2356,2026-09-06 22:17:24,0,2026-09-06 22:17:24,False,,bajo,False
2026-09-07 00:53:22,2535,2026-09-07 00:52:49,0,2026-09-07 00:52:49,False,,bajo,False
2026-09-07 00:53:22,2549,2026-09-06 14:03:30,0,2026-09-06 14:03:30,False,,bajo,False
2026-09-07 00:53:22,2564,2026-09-06 20:04:29,0,2026-09-06 20:04:29,False,,bajo,False
2026-09-07 00:53:22,2577,2026-09-06 18:37:56,0,2026-09-06 18:37:56,False,,bajo,True
2026-09-07 00:53:22,2585,2026-09-06 22:25:18,0,2026-09-06 22:25:18,False,,bajo,False
2026-09-07 00:53:22,2589,2026-09-06 07:42:06,0,2026-09-06 07:42:06,False,,bajo,False
2026-09-07 00:53:22,2595,2026-09-06 21:53:31,0,2026-09-06 21:53:31,False,,bajo,False
2026-09-07 00:53:22,2605,2026-09-06 19:16:22,0,2026-09-06 19:16:22,False,,alto,False
2026-09-07 00:53:22,2624,2026-09-05 17:42:49,0,2026-09-05 17:42:49,False,,bajo,True
2026-09-07 00:53:22,2636,2026-09-06 23:36:44,0,2026-09-06 23:36:44,False,,bajo,False
2026-09-07 00:53:22,2637,2026-09-07 00:52:10,0,2026-09-07 00:52:10,False,,bajo,False
2026-09-07 00:53:22,2638,2025-03-13 16:03:26,0,2025-03-13 16:03:26,False,,bajo,False
2026-09-07 00:53:22,2641,2026-09-06 21:31:42,0,2026-09-06 21:31:42,False,,bajo,False
2026-09-07 00:53:22,2644,2026-09-07 00:51:34,0,2026-09-07 00:51:34,False,,bajo,False
2026-09-07 00:53:22,2650,2026-04-03 16:21:31,0,2026-04-03 16:21:31,False,,bajo,False
2026-09-07 00:53:22,2672,2026-08-18 03:18:38,0,2026-08-18 03:18:38,False,,bajo,False
2026-09-07 00:53:22,2674,2026-09-06 23:03:29,0,2026-09-06 23:03:29,False,,bajo,False
2026-09-07 00:53:22,2684,2026-09-06 21:53:43,0,2026-09-06 21:53:43,False,,bajo,False
2026-09-07 00:53:22,2692,2026-09-07 00:33:11,0,2026-09-07 00:33:11,False,,bajo,False
2026-09-07 00:53:22,2720,2026-09-06 19:38:47,0,2026-09-06 19:38:47,False,,bajo,False
2026-09-07 00:53:22,2886,2026-09-06 23:40:29,0,2026-09-06 23:40:29,False,,bajo,True
2026-09-07 00:53:22,3000,2026-09-07 00:50:18,0,2026-09-07 00:50:18,False,,bajo,True
2026-09-07 00:53:22,3001,2026-09-06 23:03:05,0,2026-09-06 23:03:05,False,,bajo,True
2026-09-07 00:53:22,3007,2026-09-06 23:52:09,0,2026-09-06 23:52:09,False,,bajo,True
2026-09-07 00:53:22,3015,2026-09-06 18:12:12,0,2026-09-06 18:12:12,False,,bajo,False
2026-09-07 00:53:22,3034,2026-09-06 18:33:23,0,2026-09-06 18:33:23,False,,bajo,False
2026-09-07 00:53:22,3091,2026-09-06 10:55:17,0,2026-09-06 10:55:17,False,,bajo,False
2026-09-07 00:53:22,3125,2026-09-06 22:26:54,0,2026-09-06 22:26:54,False,,bajo,True
2026-09-07 00:53:22,3236,2026-09-06 19:40:55,0,2026-09-06 19:40:55,False,,bajo,False
2026-09-07 00:53:22,3275,2026-09-04 12:22:15,0,2026-09-04 12:22:15,False,,bajo,False
2026-09-07 00:53:22,2348,2026-09-06 22:01:15,1,2026-09-06 22:01:15,False,,bajo,False
2026-09-07 00:53:22,2353,2026-09-05 15:02:46,1,2026-09-05 15:02:46,False,,alto,True
2026-09-07 00:53:22,2355,2026-09-05 16:29:26,1,2026-09-05 16:29:26,False,,medio,True
2026-09-07 00:53:22,2356,2026-09-05 15:06:43,1,2026-09-05 15:06:43,False,,bajo,True
2026-09-07 00:53:22,2535,2026-09-05 14:05:32,1,2026-09-05 14:05:32,False,,bajo,True
2026-09-07 00:53:22,2549,2026-09-06 09:03:32,1,2026-09-06 09:03:32,False,,bajo,False
2026-09-07 00:53:22,2564,2026-09-05 22:17:37,1,2026-09-05 22:17:37,False,,bajo,False
2026-09-07 00:53:22,2577,2026-09-05 15:34:11,1,2026-09-05 15:34:11,False,,bajo,False
2026-09-07 00:53:22,2585,2025-12-11 16:55:33,1,2025-12-11 16:55:33,False,,bajo,False
2026-09-07 00:53:22,2589,2026-09-06 07:40:49,1,2026-09-06 07:40:49,False,,bajo,False
2026-09-07 00:53:22,2595,2026-09-06 10:37:13,1,2026-09-06 10:37:13,False,,medio,False
2026-09-07 00:53:22,2605,2026-09-05 16:34:19,1,2026-09-05 16:34:19,False,,bajo,False
2026-09-07 00:53:22,2624,2026-09-06 18:29:14,1,2026-09-06 18:29:14,False,,alto,False
2026-09-07 00:53:22,2636,2026-09-05 13:10:17,1,2026-09-05 13:10:17,False,,bajo,False
2026-09-07 00:53:22,2637,2026-09-05 13:54:15,1,2026-09-05 13:54:15,False,,bajo,True
2026-09-07 00:53:22,2638,2025-03-13 16:03:26,1,2025-03-13 16:03:26,False,,bajo,False
2026-09-07 00:53:22,2641,2026-09-05 14:23:10,1,2026-09-05 14:23:10,False,,bajo,False
2026-09-07 00:53:22,2644,2026-09-05 19:26:28,1,2026-09-05 19:26:28,False,,bajo,True
2026-09-07 00:53:22,2650,2025-12-17 11:02:46,1,2025-12-17 11:02:46,False,,bajo,False
2026-09-07 00:53:22,2672,2026-08-18 10:46:23,1,2026-08-18 10:46:23,False,,bajo,False
2026-09-07 00:53:22,2674,2026-09-06 19:32:10,1,2026-09-06 19:32:10,False,,bajo,False
2026-09-07 00:53:22,2684,2026-09-05 16:51:43,1,2026-09-05 16:51:43,False,,bajo,True
2026-09-07 00:53:22,2692,2026-09-05 13:13:47,1,2026-09-05 13:13:47,False,,alto,True
2026-09-07 00:53:22,2720,2026-09-06 17:51:03,1,2026-09-06 17:51:03,False,,bajo,False
2026-09-07 00:53:22,2886,2026-09-06 23:28:48,1,2026-09-06 23:28:48,False,,bajo,True
2026-09-07 00:53:22,3000,2026-09-06 22:23:09,1,2026-09-06 22:23:09,False,,bajo,True
2026-09-07 00:53:22,3001,2026-01-05 08:26:33,1,2026-01-05 08:26:33,False,,bajo,False
2026-09-07 00:53:22,3007,2026-09-05 16:57:34,1,2026-09-05 16:57:34,False,,bajo,False
2026-09-07 00:53:22,3015,2026-09-06 09:59:56,1,2026-09-06 09:59:56,False,,bajo,False
2026-09-07 00:53:22,3034,2026-09-06 23:37:03,1,2026-09-06 23:37:03,False,,bajo,False
2026-09-07 00:53:22,3091,2026-09-05 18:22:56,1,2026-09-05 18:22:56,False,,bajo,False
2026-09-07 00:53:22,3125,2026-09-05 22:08:38,1,2026-09-05 22:08:38,False,,bajo,False
2026-09-07 00:53:22,3236,2026-09-06 11:29:18,1,2026-09-06 11:29:18,False,,bajo,False
2026-09-07 00:53:22,3275,2026-09-05 17:00:15,1,2026-09-05 17:00:15,False,,bajo,False
2026-09-07 00:53:22,2589,2025-03-13 16:03:26,2,2025-03-13 16:03:26,False,,bajo,False
2026-09-07 00:53:22,2333,2026-06-03 07:34:42,0,2026-06-03 07:34:42,False,,bajo,False
2026-09-07 00:53:22,2338,2026-09-06 10:36:14,0,2026-09-06 10:36:14,False,,medio,False
2026-09-07 00:53:22,2345,2026-09-06 06:16:16,0,2026-09-06 06:16:16,False,,bajo,False
2026-09-07 00:53:22,2346,2026-09-06 06:54:54,0,2026-09-06 06:54:54,False,,bajo,False
2026-09-07 00:53:22,2425,2026-09-05 11:19:48,0,2026-09-05 11:19:48,False,,bajo,False
2026-09-07 00:53:22,2444,2026-09-05 17:11:41,0,2026-09-05 17:11:41,False,,bajo,False
2026-09-07 00:53:22,2481,2026-09-06 06:10:48,0,2026-09-06 06:10:48,False,,bajo,False
2026-09-07 00:53:22,2502,2026-09-06 02:31:44,0,2026-09-06 02:31:44,False,,alto,False
2026-09-07 00:53:22,2514,2026-09-06 02:54:50,0,2026-09-06 02:54:50,False,,medio,False
2026-09-07 00:53:22,2515,2026-09-06 03:15:08,0,2026-09-06 03:15:08,False,,medio,False
2026-09-07 00:53:22,2537,2026-09-06 09:28:43,0,2026-09-06 09:28:43,False,,bajo,False
2026-09-07 00:53:22,2601,2026-09-06 08:51:41,0,2026-09-06 08:51:41,False,,alto,False
2026-09-07 00:53:22,2617,2026-09-06 19:41:39,0,2026-09-06 19:41:39,False,,bajo,False
2026-09-07 00:53:22,2618,2026-09-05 14:54:19,0,2026-09-05 14:54:19,False,,alto,False
2026-09-07 00:53:22,2645,2026-09-06 07:36:49,0,2026-09-06 07:36:49,False,,bajo,False
2026-09-07 00:53:22,2725,2026-09-05 23:56:26,0,2026-09-05 23:56:26,False,,bajo,False
2026-09-07 00:53:22,2727,2026-09-05 10:13:28,0,2026-09-05 10:13:28,False,,bajo,False
2026-09-07 00:53:22,2787,2026-09-05 22:07:50,0,2026-09-05 22:07:50,False,,bajo,True
2026-09-07 00:53:22,2883,2026-09-06 20:00:23,0,2026-09-06 20:00:23,False,,bajo,False
2026-09-07 00:53:22,2885,2026-09-06 22:49:06,0,2026-09-06 22:49:06,False,,bajo,True
2026-09-07 00:53:22,2888,2026-09-06 23:09:09,0,2026-09-06 23:09:09,False,,bajo,False
2026-09-07 00:53:22,2957,2026-09-06 20:02:12,0,2026-09-06 20:02:12,False,,alto,False
2026-09-07 00:53:22,2960,2026-09-05 08:52:11,0,2026-09-05 08:52:11,False,,bajo,False
2026-09-07 00:53:22,3003,2026-09-06 07:57:57,0,2026-09-06 07:57:57,False,,bajo,False
2026-09-07 00:53:22,3004,2026-09-06 22:36:04,0,2026-09-06 22:36:04,False,,bajo,False
2026-09-07 00:53:22,3047,2026-09-06 23:01:02,0,2026-09-06 23:01:02,False,,bajo,False
2026-09-07 00:53:22,3062,2026-09-05 16:32:34,0,2026-09-05 16:32:34,False,,bajo,False
2026-09-07 00:53:22,3071,2026-09-06 22:22:03,0,2026-09-06 22:22:03,False,,bajo,False
2026-09-07 00:53:22,3136,2026-09-05 17:10:18,0,2026-09-05 17:10:18,False,,bajo,False
2026-09-07 00:53:22,3174,2026-09-06 23:15:29,0,2026-09-06 23:15:29,False,,bajo,False
2026-09-07 00:53:22,3175,2026-09-06 04:21:20,0,2026-09-06 04:21:20,False,,bajo,True
2026-09-07 00:53:22,3262,2026-09-05 23:28:11,0,2026-09-05 23:28:11,False,,alto,True
2026-09-07 00:53:22,3277,2026-09-06 03:20:21,0,2026-09-06 03:20:21,False,,bajo,False
2026-09-07 00:53:22,2333,2026-06-03 07:34:43,1,2026-06-03 07:34:43,False,,bajo,False
2026-09-07 00:53:22,2338,2026-09-05 19:14:24,1,2026-09-05 19:14:24,False,,alto,False
2026-09-07 00:53:22,2345,2026-09-05 14:45:29,1,2026-09-05 14:45:29,False,,bajo,False
2026-09-07 00:53:22,2346,2026-09-05 16:43:17,1,2026-09-05 16:43:17,False,,bajo,True
2026-09-07 00:53:22,2425,2026-09-04 19:11:45,1,2026-09-04 19:11:45,False,,bajo,False
2026-09-07 00:53:22,2444,2026-09-05 11:56:05,1,2026-09-05 11:56:05,False,,bajo,False
2026-09-07 00:53:22,2481,2026-09-05 14:26:15,1,2026-09-05 14:26:15,False,,bajo,False
2026-09-07 00:53:22,2502,2026-09-06 03:02:05,1,2026-09-06 03:02:05,False,,alto,False
2026-09-07 00:53:22,2514,2026-09-05 15:24:36,1,2026-09-05 15:24:36,False,,bajo,False
2026-09-07 00:53:22,2515,2026-09-05 16:45:46,1,2026-09-05 16:45:46,False,,medio,True
2026-09-07 00:53:22,2537,2026-09-06 14:53:09,1,2026-09-06 14:53:09,False,,bajo,False
2026-09-07 00:53:22,2601,2026-09-05 16:34:02,1,2026-09-05 16:34:02,False,,alto,False
2026-09-07 00:53:22,2617,2026-09-06 18:46:58,1,2026-09-06 18:46:58,False,,bajo,False
2026-09-07 00:53:22,2618,2026-09-05 14:02:06,1,2026-09-05 14:02:06,False,,alto,False
2026-09-07 00:53:22,2645,2026-09-05 16:03:45,1,2026-09-05 16:03:45,False,,bajo,False
2026-09-07 00:53:22,2725,2026-09-05 22:58:26,1,2026-09-05 22:58:26,False,,bajo,False
2026-09-07 00:53:22,2727,2026-09-05 09:05:09,1,2026-09-05 09:05:09,False,,bajo,True
2026-09-07 00:53:22,2787,2026-09-05 16:51:33,1,2026-09-05 16:51:33,False,,bajo,False
2026-09-07 00:53:22,2883,2026-09-05 16:47:25,1,2026-09-05 16:47:25,False,,bajo,False
2026-09-07 00:53:22,2885,2026-09-06 22:53:27,1,2026-09-06 22:53:27,False,,bajo,True
2026-09-07 00:53:22,2888,2026-09-05 21:52:56,1,2026-09-05 21:52:56,False,,bajo,False
2026-09-07 00:53:22,2957,2026-09-05 20:32:06,1,2026-09-05 20:32:06,False,,alto,False
2026-09-07 00:53:22,2960,2026-09-05 17:19:18,1,2026-09-05 17:19:18,False,,bajo,False
2026-09-07 00:53:22,3003,2026-09-06 20:12:27,1,2026-09-06 20:12:27,False,,bajo,True
2026-09-07 00:53:22,3004,2026-06-03 08:58:20,1,2026-06-03 08:58:20,False,,bajo,False
2026-09-07 00:53:22,3047,2026-09-05 22:42:18,1,2026-09-05 22:42:18,False,,bajo,False
2026-09-07 00:53:22,3062,2026-09-06 19:11:31,1,2026-09-06 19:11:31,False,,bajo,False
2026-09-07 00:53:22,3071,2026-09-05 23:12:47,1,2026-09-05 23:12:47,False,,bajo,False
2026-09-07 00:53:22,3136,2026-09-05 16:24:09,1,2026-09-05 16:24:09,False,,bajo,False
2026-09-07 00:53:22,3174,2026-09-05 23:42:29,1,2026-09-05 23:42:29,False,,bajo,False
2026-09-07 00:53:22,3175,2026-06-03 07:27:38,1,2026-06-03 07:27:38,False,,bajo,False
2026-09-07 00:53:22,3262,2026-09-05 22:34:52,1,2026-09-05 22:34:52,False,,bajo,True
2026-09-07 00:53:22,3277,2026-09-05 17:59:28,1,2026-09-05 17:59:28,False,,bajo,False
2026-09-07 00:53:22,2537,2025-03-13 16:03:26,2,2025-03-13 16:03:26,False,,bajo,False
2026-09-07 00:53:22,2249,2026-09-06 21:49:27,0,2026-09-06 21:49:27,False,,bajo,True
2026-09-07 00:53:22,2251,2026-09-06 21:54:49,0,2026-09-06 21:54:49,False,,alto,True
2026-09-07 00:53:22,2339,2026-09-06 09:52:30,0,2026-09-06 09:52:30,False,,bajo,True
2026-09-07 00:53:22,2341,2026-09-07 00:42:00,0,2026-09-07 00:42:00,False,,bajo,True
2026-09-07 00:53:22,2350,2026-09-06 21:54:44,0,2026-09-06 21:54:44,False,,bajo,True
2026-09-07 00:53:22,2364,2026-09-07 00:29:37,0,2026-09-07 00:29:37,False,,bajo,True
2026-09-07 00:53:22,2386,2026-09-06 18:30:07,0,2026-09-06 18:30:07,False,,bajo,True
2026-09-07 00:53:22,2388,2026-09-07 00:18:10,0,2026-09-07 00:18:10,False,,bajo,True
2026-09-07 00:53:22,2390,2026-09-06 19:13:12,0,2026-09-06 19:13:12,False,,alto,True
2026-09-07 00:53:22,2472,2026-09-07 00:21:28,0,2026-09-07 00:21:28,False,,bajo,True
2026-09-07 00:53:22,2500,2026-09-06 21:54:56,0,2026-09-06 21:54:56,False,,medio,True
2026-09-07 00:53:22,2528,2026-09-05 18:29:03,0,2026-09-05 18:29:03,False,,medio,True
2026-09-07 00:53:22,2559,2026-09-06 21:48:43,0,2026-09-06 21:48:43,False,,medio,True
2026-09-07 00:53:22,2603,2026-09-06 22:00:16,0,2026-09-06 22:00:16,False,,bajo,True
2026-09-07 00:53:22,2616,2026-09-06 23:23:45,0,2026-09-06 23:23:45,False,,bajo,True
2026-09-07 00:53:22,2627,2026-09-05 19:06:35,0,2026-09-05 19:06:35,False,,bajo,False
2026-09-07 00:53:22,2642,2026-09-06 13:46:39,0,2026-09-06 13:46:39,False,,bajo,True
2026-09-07 00:53:22,2646,2026-09-05 20:00:54,0,2026-09-05 20:00:54,False,,bajo,False
2026-09-07 00:53:22,2688,2026-09-06 11:06:28,0,2026-09-06 11:06:28,False,,medio,True
2026-09-07 00:53:22,2804,2026-09-06 18:26:29,0,2026-09-06 18:26:29,False,,medio,False
2026-09-07 00:53:22,2857,2026-09-06 21:29:28,0,2026-09-06 21:29:28,False,,bajo,True
2026-09-07 00:53:22,2868,2026-09-06 15:45:49,0,2026-09-06 15:45:49,False,,bajo,False
2026-09-07 00:53:22,2911,2026-09-07 00:25:59,0,2026-09-07 00:25:59,False,,bajo,True
2026-09-07 00:53:22,2974,2026-09-06 23:26:45,0,2026-09-06 23:26:45,False,,bajo,True
2026-09-07 00:53:22,2977,2026-09-07 00:16:50,0,2026-09-07 00:16:50,False,,alto,True
2026-09-07 00:53:22,2979,2026-09-06 23:48:40,0,2026-09-06 23:48:40,False,,bajo,True
2026-09-07 00:53:22,2980,2026-09-06 23:26:20,0,2026-09-06 23:26:20,False,,bajo,True
2026-09-07 00:53:22,2981,2026-09-06 23:21:24,0,2026-09-06 23:21:24,False,,bajo,True
2026-09-07 00:53:22,2982,2026-09-06 21:51:13,0,2026-09-06 21:51:13,False,,bajo,True
2026-09-07 00:53:22,3046,2026-09-07 00:39:47,0,2026-09-07 00:39:47,False,,medio,False
2026-09-07 00:53:22,3257,2026-09-06 22:15:25,0,2026-09-06 22:15:25,False,,bajo,True
2026-09-07 00:53:22,2249,2026-09-06 22:52:30,1,2026-09-06 22:52:30,False,,medio,True
2026-09-07 00:53:22,2251,2026-09-05 19:14:54,1,2026-09-05 19:14:54,False,,alto,True
2026-09-07 00:53:22,2339,2026-09-05 14:36:12,1,2026-09-05 14:36:12,False,,bajo,True
2026-09-07 00:53:22,2350,2026-09-05 20:55:49,1,2026-09-05 20:55:49,False,,bajo,True
2026-09-07 00:53:22,2364,2026-09-05 15:29:37,1,2026-09-05 15:29:37,False,,alto,True
2026-09-07 00:53:22,2472,2026-09-05 13:38:54,1,2026-09-05 13:38:54,False,,alto,True
2026-09-07 00:53:22,2500,2026-09-06 11:39:56,1,2026-09-06 11:39:56,False,,alto,True
2026-09-07 00:53:22,2528,2026-09-06 08:05:28,1,2026-09-06 08:05:28,False,,bajo,True
2026-09-07 00:53:22,2559,2026-09-06 11:37:41,1,2026-09-06 11:37:41,False,,bajo,False
2026-09-07 00:53:22,2603,2026-09-06 11:47:05,1,2026-09-06 11:47:05,False,,bajo,True
2026-09-07 00:53:22,2616,2026-09-06 22:52:59,1,2026-09-06 22:52:59,False,,bajo,False
2026-09-07 00:53:22,2627,2026-09-05 17:03:01,1,2026-09-05 17:03:01,False,,medio,True
2026-09-07 00:53:22,2642,2026-09-05 15:26:36,1,2026-09-05 15:26:36,False,,bajo,True
2026-09-07 00:53:22,2646,2026-09-05 13:47:17,1,2026-09-05 13:47:17,False,,alto,False
2026-09-07 00:53:22,2688,2026-09-06 08:30:57,1,2026-09-06 08:30:57,False,,medio,True
2026-09-07 00:53:22,2804,2026-09-05 11:14:16,1,2026-09-05 11:14:16,False,,bajo,True
2026-09-07 00:53:22,2857,2026-09-06 21:08:14,1,2026-09-06 21:08:14,False,,bajo,True
2026-09-07 00:53:22,2868,2026-09-06 16:09:56,1,2026-09-06 16:09:56,False,,bajo,False
2026-09-07 00:53:22,2911,2026-09-07 00:51:57,1,2026-09-07 00:51:57,False,,bajo,False
2026-09-07 00:53:22,2974,2026-09-06 14:13:03,1,2026-09-06 14:13:03,False,,bajo,True
2026-09-07 00:53:22,2977,2026-09-05 11:57:09,1,2026-09-05 11:57:09,False,,alto,True
2026-09-07 00:53:22,2979,2026-09-06 21:29:33,1,2026-09-06 21:29:33,False,,alto,True
2026-09-07 00:53:22,2980,2026-09-06 16:20:21,1,2026-09-06 16:20:21,False,,bajo,False
2026-09-07 00:53:22,2981,2026-09-06 23:54:46,1,2026-09-06 23:54:46,False,,bajo,True
2026-09-07 00:53:22,2982,2026-09-05 18:57:29,1,2026-09-05 18:57:29,False,,bajo,True
2026-09-07 00:53:22,3257,2026-09-06 21:55:50,1,2026-09-06 21:55:50,False,,bajo,True
2026-09-07 00:53:22,2364,2026-06-03 08:18:32,2,2026-06-03 08:18:32,False,,bajo,False
2026-09-07 00:53:22,2390,2026-06-03 06:18:03,2,2026-06-03 06:18:03,False,,bajo,False
2026-09-07 00:53:22,2472,2026-06-03 06:36:25,2,2026-06-03 06:36:25,False,,bajo,False
2026-09-07 00:53:22,2627,2026-06-03 01:47:48,2,2026-06-03 01:47:48,False,,bajo,False
2026-09-07 00:53:22,1724,2026-09-06 18:04:20,0,2026-09-06 18:04:20,False,,bajo,False
2026-09-07 00:53:22,1744,2026-09-06 15:52:03,0,2026-09-06 15:52:03,False,,bajo,True
2026-09-07 00:53:22,1766,2026-09-06 20:38:24,0,2026-09-06 20:38:24,False,,bajo,False
2026-09-07 00:53:22,1784,2026-09-07 00:52:20,0,2026-09-07 00:52:20,False,,bajo,True
2026-09-07 00:53:22,1805,2026-09-06 23:52:16,0,2026-09-06 23:52:16,False,,bajo,True
2026-09-07 00:53:22,1806,2026-09-07 00:13:29,0,2026-09-07 00:13:29,False,,bajo,True
2026-09-07 00:53:22,1824,2026-09-06 16:02:29,0,2026-09-06 16:02:29,False,,bajo,False
2026-09-07 00:53:22,1844,2026-09-07 00:50:30,0,2026-09-07 00:50:30,False,,bajo,True
2026-09-07 00:53:22,1845,2026-09-06 23:34:20,0,2026-09-06 23:34:20,False,,bajo,True
2026-09-07 00:53:22,1846,2026-09-07 00:51:59,0,2026-09-07 00:51:59,False,,bajo,True
2026-09-07 00:53:22,1887,2026-09-07 00:46:23,0,2026-09-07 00:46:23,False,,bajo,True
2026-09-07 00:53:22,1924,2026-09-06 16:27:01,0,2026-09-06 16:27:01,False,,bajo,False
2026-09-07 00:53:22,1926,2026-09-06 22:34:07,0,2026-09-06 22:34:07,False,,bajo,True
2026-09-07 00:53:22,1927,2026-09-06 18:38:26,0,2026-09-06 18:38:26,False,,bajo,False
2026-09-07 00:53:22,1928,2026-09-04 11:13:56,0,2026-09-04 11:13:56,False,,bajo,True
2026-09-07 00:53:22,1944,2026-09-07 00:50:16,0,2026-09-07 00:50:16,False,,bajo,True
2026-09-07 00:53:22,1945,2026-09-06 23:04:29,0,2026-09-06 23:04:29,False,,bajo,True
2026-09-07 00:53:22,1964,2026-09-07 00:51:42,0,2026-09-07 00:51:42,False,,alto,True
2026-09-07 00:53:22,1965,2026-09-07 00:47:13,0,2026-09-07 00:47:13,False,,bajo,True
2026-09-07 00:53:22,1984,2026-09-07 00:42:49,0,2026-09-07 00:42:49,False,,bajo,True
2026-09-07 00:53:22,2190,2026-09-07 00:46:16,0,2026-09-07 00:46:16,False,,bajo,True
2026-09-07 00:53:22,2192,2026-09-07 00:49:09,0,2026-09-07 00:49:09,False,,bajo,True
2026-09-07 00:53:22,2193,2026-09-06 19:16:01,0,2026-09-06 19:16:01,False,,bajo,False
2026-09-07 00:53:22,2204,2026-09-07 00:49:41,0,2026-09-07 00:49:41,False,,bajo,True
2026-09-07 00:53:22,2205,2026-09-06 12:55:36,0,2026-09-06 12:55:36,False,,bajo,False
2026-09-07 00:53:22,2207,2026-09-07 00:50:38,0,2026-09-07 00:50:38,False,,medio,True
2026-09-07 00:53:22,2208,2026-09-06 13:21:49,0,2026-09-06 13:21:49,False,,bajo,True
2026-09-07 00:53:22,2224,2026-09-06 19:29:04,0,2026-09-06 19:29:04,False,,bajo,True
2026-09-07 00:53:22,2225,2026-09-07 00:48:12,0,2026-09-07 00:48:12,False,,bajo,True
2026-09-07 00:53:22,2227,2026-09-06 16:15:09,0,2026-09-06 16:15:09,False,,bajo,True
2026-09-07 00:53:22,2229,2026-09-07 00:48:12,0,2026-09-07 00:48:12,False,,bajo,True
2026-09-07 00:53:22,2230,2026-09-07 00:40:49,0,2026-09-07 00:40:49,False,,alto,True
2026-09-07 00:53:22,2250,2026-09-07 00:51:21,0,2026-09-07 00:51:21,False,,bajo,True
2026-09-07 00:53:22,2264,2026-09-07 00:50:40,0,2026-09-07 00:50:40,False,,bajo,True
2026-09-07 00:53:22,2268,2026-09-07 00:51:34,0,2026-09-07 00:51:34,False,,bajo,True
2026-09-07 00:53:22,2284,2026-08-29 20:34:34,0,2026-08-29 20:34:34,False,,bajo,True
2026-09-07 00:53:22,2317,2026-09-07 00:18:18,0,2026-09-07 00:18:18,False,,bajo,True
2026-09-07 00:53:22,2326,2026-09-06 18:39:56,0,2026-09-06 18:39:56,False,,bajo,True
2026-09-07 00:53:22,2327,2026-09-07 00:52:06,0,2026-09-07 00:52:06,False,,bajo,True
2026-09-07 00:53:22,2330,2026-09-06 18:43:26,0,2026-09-06 18:43:26,False,,bajo,False
2026-09-07 00:53:22,2335,2026-09-06 19:11:20,0,2026-09-06 19:11:20,False,,bajo,True
2026-09-07 00:53:22,2391,2026-09-06 10:27:10,0,2026-09-06 10:27:10,False,,bajo,False
2026-09-07 00:53:22,2404,2026-09-06 06:11:03,0,2026-09-06 06:11:03,False,,bajo,True
2026-09-07 00:53:22,2411,2026-09-06 15:19:57,0,2026-09-06 15:19:57,False,,bajo,False
2026-09-07 00:53:22,2415,2026-09-06 18:03:18,0,2026-09-06 18:03:18,False,,bajo,True
2026-09-07 00:53:22,2424,2025-03-13 16:03:26,0,2025-03-13 16:03:26,False,,bajo,False
2026-09-07 00:53:22,2446,2026-09-07 00:35:12,0,2026-09-07 00:35:12,False,,bajo,True
2026-09-07 00:53:22,2459,2026-09-06 19:03:43,0,2026-09-06 19:03:43,False,,bajo,True
2026-09-07 00:53:22,2464,2026-09-06 19:16:26,0,2026-09-06 19:16:26,False,,bajo,True
2026-09-07 00:53:22,2465,2026-09-06 22:12:12,0,2026-09-06 22:12:12,False,,bajo,False
2026-09-07 00:53:22,2466,2026-09-07 00:42:16,0,2026-09-07 00:42:16,False,,bajo,False
2026-09-07 00:53:22,2468,2026-09-07 00:50:37,0,2026-09-07 00:50:37,False,,bajo,True
2026-09-07 00:53:22,2471,2026-09-07 00:51:03,0,2026-09-07 00:51:03,False,,bajo,True
2026-09-07 00:53:22,2475,2026-09-07 00:51:15,0,2026-09-07 00:51:15,False,,bajo,True
2026-09-07 00:53:22,2476,2026-09-07 00:49:29,0,2026-09-07 00:49:29,False,,bajo,True
2026-09-07 00:53:22,2482,2026-09-06 20:42:27,0,2026-09-06 20:42:27,False,,bajo,True
2026-09-07 00:53:22,2484,2026-09-06 21:41:42,0,2026-09-06 21:41:42,False,,bajo,True
2026-09-07 00:53:22,2485,2026-09-07 00:46:31,0,2026-09-07 00:46:31,False,,bajo,True
2026-09-07 00:53:22,2492,2026-09-07 00:45:25,0,2026-09-07 00:45:25,False,,bajo,True
2026-09-07 00:53:22,2516,2026-09-05 13:14:55,0,2026-09-05 13:14:55,False,,bajo,False
2026-09-07 00:53:22,2519,2026-09-06 23:58:01,0,2026-09-06 23:58:01,False,,bajo,True
2026-09-07 00:53:22,2565,2026-09-06 23:06:33,0,2026-09-06 23:06:33,False,,bajo,False
2026-09-07 00:53:22,2567,2026-09-06 05:35:51,0,2026-09-06 05:35:51,False,,bajo,True
2026-09-07 00:53:22,2575,2026-09-07 00:45:15,0,2026-09-07 00:45:15,False,,bajo,True
2026-09-07 00:53:22,2582,2026-09-06 21:56:11,0,2026-09-06 21:56:11,False,,bajo,False
2026-09-07 00:53:22,2590,2026-09-06 19:17:37,0,2026-09-06 19:17:37,False,,bajo,False
2026-09-07 00:53:22,2592,2026-09-06 16:01:05,0,2026-09-06 16:01:05,False,,bajo,True
2026-09-07 00:53:22,2593,2026-09-06 13:24:24,0,2026-09-06 13:24:24,False,,bajo,True
2026-09-07 00:53:22,2654,2026-09-06 23:50:00,0,2026-09-06 23:50:00,False,,bajo,True
2026-09-07 00:53:22,2665,2026-09-06 16:46:39,0,2026-09-06 16:46:39,False,,bajo,True
2026-09-07 00:53:22,2668,2026-09-06 21:43:24,0,2026-09-06 21:43:24,False,,bajo,False
2026-09-07 00:53:22,2678,2026-09-07 00:06:12,0,2026-09-07 00:06:12,False,,bajo,True
2026-09-07 00:53:22,2693,2026-09-06 06:45:44,0,2026-09-06 06:45:44,False,,bajo,True
2026-09-07 00:53:22,2701,2026-09-07 00:16:35,0,2026-09-07 00:16:35,False,,bajo,True
2026-09-07 00:53:22,2706,2026-09-06 17:33:48,0,2026-09-06 17:33:48,False,,alto,False
2026-09-07 00:53:22,2718,2026-09-06 11:38:31,0,2026-09-06 11:38:31,False,,bajo,False
2026-09-07 00:53:22,2722,2026-09-06 21:31:59,0,2026-09-06 21:31:59,False,,medio,False
2026-09-07 00:53:22,2724,2026-09-06 16:00:48,0,2026-09-06 16:00:48,False,,bajo,False
2026-09-07 00:53:22,2726,2025-03-13 16:03:26,0,2025-03-13 16:03:26,False,,bajo,False
2026-09-07 00:53:22,2730,2026-09-06 18:14:09,0,2026-09-06 18:14:09,False,,alto,True
2026-09-07 00:53:22,2743,2026-09-07 00:51:24,0,2026-09-07 00:51:24,False,,alto,True
2026-09-07 00:53:22,2744,2026-09-07 00:51:59,0,2026-09-07 00:51:59,False,,bajo,True
2026-09-07 00:53:22,2751,2026-09-07 00:00:44,0,2026-09-07 00:00:44,False,,bajo,False
2026-09-07 00:53:22,2754,2026-09-05 23:38:02,0,2026-09-05 23:38:02,False,,bajo,True
2026-09-07 00:53:22,2760,2026-09-07 00:52:09,0,2026-09-07 00:52:09,False,,alto,True
2026-09-07 00:53:22,2768,2026-09-07 00:45:50,0,2026-09-07 00:45:50,False,,bajo,True
2026-09-07 00:53:22,2770,2026-09-07 00:05:33,0,2026-09-07 00:05:33,False,,alto,True
2026-09-07 00:53:22,2773,2026-09-06 14:55:17,0,2026-09-06 14:55:17,False,,alto,True
2026-09-07 00:53:22,2777,2025-03-13 16:03:26,0,2025-03-13 16:03:26,False,,bajo,False
2026-09-07 00:53:22,2780,2026-09-05 23:26:23,0,2026-09-05 23:26:23,False,,bajo,False
2026-09-07 00:53:22,2781,2026-09-06 18:07:11,0,2026-09-06 18:07:11,False,,bajo,False
2026-09-07 00:53:22,2790,2026-09-07 00:51:22,0,2026-09-07 00:51:22,False,,bajo,True
2026-09-07 00:53:22,2791,2026-09-04 17:23:32,0,2026-09-04 17:23:32,False,,bajo,True
2026-09-07 00:53:22,2796,2026-09-06 20:48:42,0,2026-09-06 20:48:42,False,,bajo,False
2026-09-07 00:53:22,2803,2026-09-07 00:41:37,0,2026-09-07 00:41:37,False,,bajo,True
2026-09-07 00:53:22,2807,2026-09-06 13:19:55,0,2026-09-06 13:19:55,False,,bajo,False
2026-09-07 00:53:22,2808,2026-09-07 00:49:54,0,2026-09-07 00:49:54,False,,bajo,True
2026-09-07 00:53:22,2810,2026-09-06 23:35:54,0,2026-09-06 23:35:54,False,,bajo,True
2026-09-07 00:53:22,2830,2026-09-06 19:26:41,0,2026-09-06 19:26:41,False,,bajo,False
2026-09-07 00:53:22,2858,2026-09-06 08:22:43,0,2026-09-06 08:22:43,False,,bajo,True
2026-09-07 00:53:22,2904,2026-09-06 11:02:23,0,2026-09-06 11:02:23,False,,bajo,False
2026-09-07 00:53:22,2922,2026-09-07 00:52:20,0,2026-09-07 00:52:20,False,,bajo,True
2026-09-07 00:53:22,2926,2026-09-07 00:49:36,0,2026-09-07 00:49:36,False,,bajo,True
2026-09-07 00:53:22,2929,2026-09-06 22:01:16,0,2026-09-06 22:01:16,False,,alto,True
2026-09-07 00:53:22,2935,2026-09-07 00:51:57,0,2026-09-07 00:51:57,False,,bajo,True
2026-09-07 00:53:22,2937,2026-09-06 21:45:32,0,2026-09-06 21:45:32,False,,bajo,True
2026-09-07 00:53:22,2961,2026-02-27 08:12:26,0,2026-02-27 08:12:26,False,,bajo,False
2026-09-07 00:53:22,2971,2026-09-07 00:41:51,0,2026-09-07 00:41:51,False,,bajo,True
2026-09-07 00:53:22,2972,2026-09-06 23:59:14,0,2026-09-06 23:59:14,False,,bajo,True
2026-09-07 00:53:22,2973,2026-09-06 18:45:18,0,2026-09-06 18:45:18,False,,bajo,False
2026-09-07 00:53:22,2975,2026-09-06 19:05:53,0,2026-09-06 19:05:53,False,,bajo,True
2026-09-07 00:53:22,2978,2026-09-07 00:05:22,0,2026-09-07 00:05:22,False,,bajo,True
2026-09-07 00:53:22,2983,2026-09-07 00:52:13,0,2026-09-07 00:52:13,False,,bajo,True
2026-09-07 00:53:22,2984,2026-09-06 20:43:43,0,2026-09-06 20:43:43,False,,bajo,False
2026-09-07 00:53:22,2985,2026-09-05 13:10:49,0,2026-09-05 13:10:49,False,,bajo,False
2026-09-07 00:53:22,2986,2026-09-05 21:40:01,0,2026-09-05 21:40:01,False,,bajo,False
2026-09-07 00:53:22,2987,2026-09-05 14:41:56,0,2026-09-05 14:41:56,False,,bajo,True
2026-09-07 00:53:22,2988,2026-09-07 00:26:14,0,2026-09-07 00:26:14,False,,bajo,True
2026-09-07 00:53:22,2993,2026-09-07 00:47:34,0,2026-09-07 00:47:34,False,,bajo,True
2026-09-07 00:53:22,2994,2026-09-06 21:02:36,0,2026-09-06 21:02:36,False,,bajo,True
2026-09-07 00:53:22,2996,2026-09-06 22:05:55,0,2026-09-06 22:05:55,False,,alto,True
2026-09-07 00:53:22,2998,2026-09-05 19:59:41,0,2026-09-05 19:59:41,False,,bajo,True
2026-09-07 00:53:22,3002,2026-09-06 21:42:15,0,2026-09-06 21:42:15,False,,bajo,True
2026-09-07 00:53:22,3009,2026-09-06 22:02:44,0,2026-09-06 22:02:44,False,,bajo,True
2026-09-07 00:53:22,3010,2026-09-06 20:35:26,0,2026-09-06 20:35:26,False,,bajo,True
2026-09-07 00:53:22,3011,2026-09-07 00:41:41,0,2026-09-07 00:41:41,False,,bajo,True
2026-09-07 00:53:22,3013,2026-09-06 22:43:06,0,2026-09-06 22:43:06,False,,bajo,True
2026-09-07 00:53:22,3020,2026-09-06 13:53:50,0,2026-09-06 13:53:50,False,,bajo,False
2026-09-07 00:53:22,3022,2026-09-06 22:34:14,0,2026-09-06 22:34:14,False,,alto,True
2026-09-07 00:53:22,3024,2026-09-07 00:40:08,0,2026-09-07 00:40:08,False,,bajo,True
2026-09-07 00:53:22,3026,2026-09-06 21:19:44,0,2026-09-06 21:19:44,False,,bajo,False
2026-09-07 00:53:22,3027,2026-09-07 00:46:20,0,2026-09-07 00:46:20,False,,bajo,True
2026-09-07 00:53:22,3029,2026-09-06 20:32:36,0,2026-09-06 20:32:36,False,,bajo,True
2026-09-07 00:53:22,3036,2025-03-13 16:18:25,0,2025-03-13 16:18:25,False,,bajo,False
2026-09-07 00:53:22,3039,2026-09-06 15:09:50,0,2026-09-06 15:09:50,False,,bajo,False
2026-09-07 00:53:22,3060,2026-09-06 21:40:19,0,2026-09-06 21:40:19,False,,bajo,True
2026-09-07 00:53:22,3064,2026-09-07 00:52:20,0,2026-09-07 00:52:20,False,,bajo,True
2026-09-07 00:53:22,3065,2026-09-07 00:32:17,0,2026-09-07 00:32:17,False,,medio,True
2026-09-07 00:53:22,3074,2026-09-05 22:43:21,0,2026-09-05 22:43:21,False,,bajo,True
2026-09-07 00:53:22,3076,2026-09-06 22:10:20,0,2026-09-06 22:10:20,False,,bajo,False
2026-09-07 00:53:22,3079,2026-09-07 00:35:09,0,2026-09-07 00:35:09,False,,bajo,True
2026-09-07 00:53:22,3084,2026-09-06 18:57:56,0,2026-09-06 18:57:56,False,,bajo,False
2026-09-07 00:53:22,3086,2026-09-05 18:27:18,0,2026-09-05 18:27:18,False,,alto,False
2026-09-07 00:53:22,3087,2026-09-06 17:18:51,0,2026-09-06 17:18:51,False,,alto,False
2026-09-07 00:53:22,3099,2026-09-07 00:51:43,0,2026-09-07 00:51:43,False,,bajo,True
2026-09-07 00:53:22,3101,2026-09-07 00:51:32,0,2026-09-07 00:51:32,False,,bajo,False
2026-09-07 00:53:22,3117,2026-09-06 21:02:27,0,2026-09-06 21:02:27,False,,bajo,True
2026-09-07 00:53:22,3121,2026-09-06 21:55:17,0,2026-09-06 21:55:17,False,,bajo,True
2026-09-07 00:53:22,3132,2026-09-07 00:33:45,0,2026-09-07 00:33:45,False,,bajo,True
2026-09-07 00:53:22,3138,2026-09-07 00:48:38,0,2026-09-07 00:48:38,False,,bajo,True
2026-09-07 00:53:22,3141,2026-09-06 21:59:45,0,2026-09-06 21:59:45,False,,bajo,False
2026-09-07 00:53:22,3144,2026-09-06 19:38:18,0,2026-09-06 19:38:18,False,,bajo,True
2026-09-07 00:53:22,3145,2026-09-06 21:55:52,0,2026-09-06 21:55:52,False,,bajo,True
2026-09-07 00:53:22,3146,2026-09-06 22:36:25,0,2026-09-06 22:36:25,False,,bajo,True
2026-09-07 00:53:22,3151,2026-09-06 22:00:01,0,2026-09-06 22:00:01,False,,alto,False
2026-09-07 00:53:22,3154,2026-09-06 18:30:35,0,2026-09-06 18:30:35,False,,bajo,False
2026-09-07 00:53:22,3155,2026-09-06 21:56:10,0,2026-09-06 21:56:10,False,,bajo,True
2026-09-07 00:53:22,3159,2026-09-07 00:44:19,0,2026-09-07 00:44:19,False,,bajo,True
2026-09-07 00:53:22,3160,2026-09-07 00:52:16,0,2026-09-07 00:52:16,False,,bajo,False
2026-09-07 00:53:22,3161,2026-09-06 13:58:51,0,2026-09-06 13:58:51,False,,bajo,False
2026-09-07 00:53:22,3162,2026-09-07 00:34:17,0,2026-09-07 00:34:17,False,,bajo,True
2026-09-07 00:53:22,3169,2026-09-06 11:35:18,0,2026-09-06 11:35:18,False,,bajo,False
2026-09-07 00:53:22,3172,2026-09-07 00:18:09,0,2026-09-07 00:18:09,False,,bajo,True
2026-09-07 00:53:22,3178,2026-09-06 21:59:32,0,2026-09-06 21:59:32,False,,bajo,True
2026-09-07 00:53:22,3184,2026-09-06 22:09:07,0,2026-09-06 22:09:07,False,,bajo,False
2026-09-07 00:53:22,3185,2026-09-06 21:08:53,0,2026-09-06 21:08:53,False,,bajo,True
2026-09-07 00:53:22,3186,2026-09-06 00:34:10,0,2026-09-06 00:34:10,False,,bajo,False
2026-09-07 00:53:22,3187,2026-08-23 09:50:03,0,2026-08-23 09:50:03,False,,bajo,True
2026-09-07 00:53:22,3191,2026-09-06 22:03:06,0,2026-09-06 22:03:06,False,,medio,True
2026-09-07 00:53:22,3199,2026-09-07 00:46:56,0,2026-09-07 00:46:56,False,,bajo,True
2026-09-07 00:53:22,3202,2026-09-07 00:42:19,0,2026-09-07 00:42:19,False,,bajo,True
2026-09-07 00:53:22,3203,2026-09-07 00:51:43,0,2026-09-07 00:51:43,False,,bajo,False
2026-09-07 00:53:22,3204,2026-09-06 20:28:24,0,2026-09-06 20:28:24,False,,bajo,True
2026-09-07 00:53:22,3207,2026-09-07 00:51:54,0,2026-09-07 00:51:54,False,,bajo,True
2026-09-07 00:53:22,3208,2026-09-06 18:12:55,0,2026-09-06 18:12:55,False,,bajo,False
2026-09-07 00:53:22,3216,2026-09-06 21:31:28,0,2026-09-06 21:31:28,False,,alto,False
2026-09-07 00:53:22,3222,2026-09-06 21:50:24,0,2026-09-06 21:50:24,False,,bajo,False
2026-09-07 00:53:22,3224,2026-09-05 19:41:06,0,2026-09-05 19:41:06,False,,bajo,True
2026-09-07 00:53:22,3225,2026-09-05 16:55:15,0,2026-09-05 16:55:15,False,,bajo,False
2026-09-07 00:53:22,3227,2026-09-06 13:26:10,0,2026-09-06 13:26:10,False,,bajo,True
2026-09-07 00:53:22,3232,2026-09-06 21:27:44,0,2026-09-06 21:27:44,False,,bajo,True
2026-09-07 00:53:22,3239,2026-09-05 11:35:12,0,2026-09-05 11:35:12,False,,bajo,False
2026-09-07 00:53:22,3242,2026-09-07 00:36:16,0,2026-09-07 00:36:16,False,,bajo,True
2026-09-07 00:53:22,3243,2026-09-06 21:44:36,0,2026-09-06 21:44:36,False,,alto,True
2026-09-07 00:53:22,3244,2026-09-06 22:07:18,0,2026-09-06 22:07:18,False,,bajo,True
2026-09-07 00:53:22,3253,2026-09-07 00:29:08,0,2026-09-07 00:29:08,False,,bajo,True
2026-09-07 00:53:22,3259,2026-09-06 22:03:32,0,2026-09-06 22:03:32,False,,medio,True
2026-09-07 00:53:22,3264,2026-09-07 00:24:48,0,2026-09-07 00:24:48,False,,bajo,True
2026-09-07 00:53:22,3266,2026-09-06 10:28:38,0,2026-09-06 10:28:38,False,,bajo,True
2026-09-07 00:53:22,4018,2026-09-05 19:06:55,0,2026-09-05 19:06:55,False,,bajo,False
2026-09-07 00:53:22,4024,2026-09-07 00:47:06,0,2026-09-07 00:47:06,False,,bajo,False
2026-09-07 00:53:22,1724,2026-09-06 18:04:20,1,2026-09-06 18:04:20,False,,bajo,False
2026-09-07 00:53:22,1744,2026-09-06 15:56:03,1,2026-09-06 15:56:03,False,,bajo,False
2026-09-07 00:53:22,1766,2026-06-03 03:27:01,1,2026-06-03 03:27:01,False,,bajo,False
2026-09-07 00:53:22,1784,2026-06-03 03:29:57,1,2026-06-03 03:29:57,False,,bajo,False
2026-09-07 00:53:22,1805,2026-06-03 08:20:37,1,2026-06-03 08:20:37,False,,bajo,False
2026-09-07 00:53:22,1806,2026-09-06 14:41:38,1,2026-09-06 14:41:38,False,,bajo,False
2026-09-07 00:53:22,1824,2026-06-03 08:35:59,1,2026-06-03 08:35:59,False,,bajo,False
2026-09-07 00:53:22,1844,2026-09-07 00:46:30,1,2026-09-07 00:46:30,False,,bajo,False
2026-09-07 00:53:22,1845,2026-06-03 08:35:31,1,2026-06-03 08:35:31,False,,bajo,False
2026-09-07 00:53:22,1846,2026-09-06 23:44:44,1,2026-09-06 23:44:44,False,,bajo,False
2026-09-07 00:53:22,1887,2026-09-06 22:08:05,1,2026-09-06 22:08:05,False,,bajo,True
2026-09-07 00:53:22,1924,2026-09-07 00:52:45,1,2026-09-07 00:52:45,False,,bajo,False
2026-09-07 00:53:22,1926,2026-09-06 20:46:22,1,2026-09-06 20:46:22,False,,bajo,False
2026-09-07 00:53:22,1927,2026-09-06 19:01:07,1,2026-09-06 19:01:07,False,,bajo,False
2026-09-07 00:53:22,1928,2026-09-04 11:10:06,1,2026-09-04 11:10:06,False,,bajo,False
2026-09-07 00:53:22,1945,2026-09-07 00:47:52,1,2026-09-07 00:47:52,False,,bajo,False
2026-09-07 00:53:22,1964,2026-09-06 05:50:04,1,2026-09-06 05:50:04,False,,alto,False
2026-09-07 00:53:22,1965,2026-09-07 00:22:21,1,2026-09-07 00:22:21,False,,bajo,False
2026-09-07 00:53:22,1984,2026-09-07 00:49:45,1,2026-09-07 00:49:45,False,,bajo,False
2026-09-07 00:53:22,2190,2026-09-06 23:30:21,1,2026-09-06 23:30:21,False,,bajo,False
2026-09-07 00:53:22,2192,2026-09-06 23:52:04,1,2026-09-06 23:52:04,False,,bajo,False
2026-09-07 00:53:22,2193,2026-09-06 23:19:58,1,2026-09-06 23:19:58,False,,bajo,False
2026-09-07 00:53:22,2204,2026-09-06 20:45:28,1,2026-09-06 20:45:28,False,,bajo,False
2026-09-07 00:53:22,2205,2026-09-05 23:08:28,1,2026-09-05 23:08:28,False,,bajo,False
2026-09-07 00:53:22,2207,2026-09-06 12:55:43,1,2026-09-06 12:55:43,False,,bajo,False
2026-09-07 00:53:22,2208,2026-09-06 23:24:56,1,2026-09-06 23:24:56,False,,bajo,False
2026-09-07 00:53:22,2224,2026-09-07 00:52:18,1,2026-09-07 00:52:18,False,,bajo,False
2026-09-07 00:53:22,2225,2026-09-07 00:02:19,1,2026-09-07 00:02:19,False,,bajo,False
2026-09-07 00:53:22,2227,2026-09-06 20:45:14,1,2026-09-06 20:45:14,False,,bajo,False
2026-09-07 00:53:22,2230,2026-09-06 10:42:00,1,2026-09-06 10:42:00,False,,bajo,False
2026-09-07 00:53:22,2250,2026-09-06 02:12:07,1,2026-09-06 02:12:07,False,,bajo,True
2026-09-07 00:53:22,2264,2026-09-06 23:43:22,1,2026-09-06 23:43:22,False,,bajo,True
2026-09-07 00:53:22,2268,2026-09-06 04:40:46,1,2026-09-06 04:40:46,False,,bajo,False
2026-09-07 00:53:22,2284,2026-09-06 01:41:44,1,2026-09-06 01:41:44,False,,bajo,True
2026-09-07 00:53:22,2317,2026-09-06 21:56:02,1,2026-09-06 21:56:02,False,,bajo,False
2026-09-07 00:53:22,2326,2026-09-07 00:36:07,1,2026-09-07 00:36:07,False,,bajo,False
2026-09-07 00:53:22,2327,2026-09-06 16:15:58,1,2026-09-06 16:15:58,False,,bajo,False
2026-09-07 00:53:22,2330,2026-09-06 23:17:06,1,2026-09-06 23:17:06,False,,bajo,False
2026-09-07 00:53:22,2335,2026-09-06 15:53:43,1,2026-09-06 15:53:43,False,,bajo,False
2026-09-07 00:53:22,2391,2026-09-06 12:34:27,1,2026-09-06 12:34:27,False,,bajo,False
2026-09-07 00:53:22,2404,2026-09-07 00:13:13,1,2026-09-07 00:13:13,False,,bajo,False
2026-09-07 00:53:22,2415,2026-09-05 18:07:19,1,2026-09-05 18:07:19,False,,bajo,False
2026-09-07 00:53:22,2424,2025-03-13 16:03:26,1,2025-03-13 16:03:26,False,,bajo,False
2026-09-07 00:53:22,2446,2026-09-06 00:36:15,1,2026-09-06 00:36:15,False,,bajo,False
2026-09-07 00:53:22,2459,2026-09-06 18:02:14,1,2026-09-06 18:02:14,False,,bajo,False
2026-09-07 00:53:22,2464,2026-09-07 00:20:20,1,2026-09-07 00:20:20,False,,bajo,False
2026-09-07 00:53:22,2465,2026-09-06 22:12:12,1,2026-09-06 22:12:12,False,,bajo,False
2026-09-07 00:53:22,2466,2026-09-06 20:34:21,1,2026-09-06 20:34:21,False,,bajo,False
2026-09-07 00:53:22,2468,2026-09-06 01:06:50,1,2026-09-06 01:06:50,False,,bajo,True
2026-09-07 00:53:22,2471,2026-09-06 23:49:51,1,2026-09-06 23:49:51,False,,bajo,False
2026-09-07 00:53:22,2475,2026-09-07 00:46:08,1,2026-09-07 00:46:08,False,,bajo,False
2026-09-07 00:53:22,2476,2026-09-06 23:15:41,1,2026-09-06 23:15:41,False,,alto,False
2026-09-07 00:53:22,2482,2026-09-06 20:52:47,1,2026-09-06 20:52:47,False,,medio,True
2026-09-07 00:53:22,2484,2026-09-05 12:29:15,1,2026-09-05 12:29:15,False,,bajo,False
2026-09-07 00:53:22,2485,2026-09-06 23:54:59,1,2026-09-06 23:54:59,False,,bajo,True
2026-09-07 00:53:22,2492,2026-09-06 22:57:33,1,2026-09-06 22:57:33,False,,bajo,False
2026-09-07 00:53:22,2516,2026-09-06 21:46:57,1,2026-09-06 21:46:57,False,,bajo,False
2026-09-07 00:53:22,2519,2026-09-07 00:48:27,1,2026-09-07 00:48:27,False,,bajo,False
2026-09-07 00:53:22,2565,2026-09-06 22:13:23,1,2026-09-06 22:13:23,False,,bajo,False
2026-09-07 00:53:22,2567,2026-09-05 02:13:29,1,2026-09-05 02:13:29,False,,bajo,False
2026-09-07 00:53:22,2575,2026-09-06 20:56:05,1,2026-09-06 20:56:05,False,,bajo,False
2026-09-07 00:53:22,2582,2026-09-07 00:28:06,1,2026-09-07 00:28:06,False,,bajo,False
2026-09-07 00:53:22,2590,2026-09-06 23:27:39,1,2026-09-06 23:27:39,False,,bajo,False
2026-09-07 00:53:22,2592,2026-09-07 00:17:11,1,2026-09-07 00:17:11,False,,bajo,True
2026-09-07 00:53:22,2593,2026-09-06 21:37:37,1,2026-09-06 21:37:37,False,,bajo,False
2026-09-07 00:53:22,2654,2026-09-06 23:24:40,1,2026-09-06 23:24:40,False,,bajo,True
2026-09-07 00:53:22,2665,2026-09-07 00:25:41,1,2026-09-07 00:25:41,False,,bajo,False
2026-09-07 00:53:22,2668,2026-09-06 00:08:55,1,2026-09-06 00:08:55,False,,bajo,False
2026-09-07 00:53:22,2678,2026-09-07 00:04:13,1,2026-09-07 00:04:13,False,,bajo,False
2026-09-07 00:53:22,2693,2026-09-06 07:03:08,1,2026-09-06 07:03:08,False,,bajo,False
2026-09-07 00:53:22,2701,2026-09-07 00:44:18,1,2026-09-07 00:44:18,False,,bajo,False
2026-09-07 00:53:22,2706,2026-09-06 23:54:16,1,2026-09-06 23:54:16,False,,bajo,False
2026-09-07 00:53:22,2718,2026-09-06 15:56:32,1,2026-09-06 15:56:32,False,,bajo,False
2026-09-07 00:53:22,2722,2026-09-06 15:47:43,1,2026-09-06 15:47:43,False,,alto,False
2026-09-07 00:53:22,2724,2026-09-07 00:43:23,1,2026-09-07 00:43:23,False,,medio,False
2026-09-07 00:53:22,2726,2025-03-13 16:03:26,1,2025-03-13 16:03:26,False,,bajo,False
2026-09-07 00:53:22,2730,2026-06-03 08:24:07,1,2026-06-03 08:24:07,False,,bajo,False
2026-09-07 00:53:22,2743,2026-09-07 00:47:38,1,2026-09-07 00:47:38,False,,bajo,True
2026-09-07 00:53:22,2744,2026-09-07 00:42:03,1,2026-09-07 00:42:03,False,,medio,False
2026-09-07 00:53:22,2751,2026-09-07 00:47:46,1,2026-09-07 00:47:46,False,,bajo,False
2026-09-07 00:53:22,2754,2026-06-03 08:25:11,1,2026-06-03 08:25:11,False,,bajo,False
2026-09-07 00:53:22,2768,2026-06-03 08:23:19,1,2026-06-03 08:23:19,False,,bajo,False
2026-09-07 00:53:22,2770,2025-03-13 16:03:26,1,2025-03-13 16:03:26,False,,bajo,False
2026-09-07 00:53:22,2773,2026-09-07 00:48:22,1,2026-09-07 00:48:22,False,,alto,True
2026-09-07 00:53:22,2777,2025-03-13 16:03:26,1,2025-03-13 16:03:26,False,,bajo,False
2026-09-07 00:53:22,2780,2026-09-06 12:59:13,1,2026-09-06 12:59:13,False,,bajo,False
2026-09-07 00:53:22,2781,2026-09-07 00:48:11,1,2026-09-07 00:48:11,False,,medio,False
2026-09-07 00:53:22,2790,2026-09-06 21:39:16,1,2026-09-06 21:39:16,False,,bajo,False
2026-09-07 00:53:22,2791,2026-09-04 17:23:33,1,2026-09-04 17:23:33,False,,bajo,False
2026-09-07 00:53:22,2796,2026-09-06 21:49:01,1,2026-09-06 21:49:01,False,,bajo,False
2026-09-07 00:53:22,2803,2026-09-05 22:04:37,1,2026-09-05 22:04:37,False,,bajo,False
2026-09-07 00:53:22,2807,2026-09-06 18:38:57,1,2026-09-06 18:38:57,False,,bajo,False
2026-09-07 00:53:22,2808,2026-09-06 23:16:09,1,2026-09-06 23:16:09,False,,bajo,False
2026-09-07 00:53:22,2810,2026-09-06 23:43:16,1,2026-09-06 23:43:16,False,,bajo,True
2026-09-07 00:53:22,2830,2026-09-07 00:52:02,1,2026-09-07 00:52:02,False,,bajo,False
2026-09-07 00:53:22,2858,2026-09-06 20:17:26,1,2026-09-06 20:17:26,False,,alto,False
2026-09-07 00:53:22,2904,2026-09-07 00:50:03,1,2026-09-07 00:50:03,False,,bajo,False
2026-09-07 00:53:22,2922,2026-06-03 07:54:30,1,2026-06-03 07:54:30,False,,bajo,False
2026-09-07 00:53:22,2926,2026-09-07 00:29:10,1,2026-09-07 00:29:10,False,,bajo,False
2026-09-07 00:53:22,2929,2026-09-06 10:39:20,1,2026-09-06 10:39:20,False,,bajo,False
2026-09-07 00:53:22,2935,2026-09-06 21:05:27,1,2026-09-06 21:05:27,False,,bajo,False
2026-09-07 00:53:22,2937,2026-09-06 21:00:56,1,2026-09-06 21:00:56,False,,bajo,False
2026-09-07 00:53:22,2961,2026-02-27 08:12:26,1,2026-02-27 08:12:26,False,,bajo,False
2026-09-07 00:53:22,2971,2026-09-06 10:57:22,1,2026-09-06 10:57:22,False,,bajo,False
2026-09-07 00:53:22,2972,2026-09-06 19:32:41,1,2026-09-06 19:32:41,False,,bajo,False
2026-09-07 00:53:22,2973,2026-09-06 18:36:55,1,2026-09-06 18:36:55,False,,bajo,False
2026-09-07 00:53:22,2975,2026-09-04 17:09:31,1,2026-09-04 17:09:31,False,,bajo,False
2026-09-07 00:53:22,2978,2026-09-07 00:16:45,1,2026-09-07 00:16:45,False,,bajo,True
2026-09-07 00:53:22,2983,2026-09-06 21:43:40,1,2026-09-06 21:43:40,False,,bajo,False
2026-09-07 00:53:22,2984,2026-09-07 00:49:21,1,2026-09-07 00:49:21,False,,bajo,False
2026-09-07 00:53:22,2985,2026-09-05 16:51:20,1,2026-09-05 16:51:20,False,,bajo,False
2026-09-07 00:53:22,2986,2026-09-05 18:27:07,1,2026-09-05 18:27:07,False,,bajo,False
2026-09-07 00:53:22,2987,2026-09-05 16:41:27,1,2026-09-05 16:41:27,False,,bajo,False
2026-09-07 00:53:22,2988,2026-09-07 00:42:19,1,2026-09-07 00:42:19,False,,bajo,False
2026-09-07 00:53:22,2993,2026-09-07 00:48:53,1,2026-09-07 00:48:53,False,,bajo,False
2026-09-07 00:53:22,2994,2026-09-06 21:48:01,1,2026-09-06 21:48:01,False,,bajo,False
2026-09-07 00:53:22,2996,2026-09-06 21:59:24,1,2026-09-06 21:59:24,False,,bajo,False
2026-09-07 00:53:22,2998,2026-09-06 10:57:24,1,2026-09-06 10:57:24,False,,bajo,True
2026-09-07 00:53:22,3002,2026-09-05 14:00:08,1,2026-09-05 14:00:08,False,,bajo,False
2026-09-07 00:53:22,3009,2026-09-06 22:26:06,1,2026-09-06 22:26:06,False,,bajo,False
2026-09-07 00:53:22,3010,2026-09-06 18:48:29,1,2026-09-06 18:48:29,False,,bajo,False
2026-09-07 00:53:22,3011,2026-09-05 22:36:49,1,2026-09-05 22:36:49,False,,bajo,False
2026-09-07 00:53:22,3013,2026-09-07 00:51:44,1,2026-09-07 00:51:44,False,,bajo,False
2026-09-07 00:53:22,3020,2026-09-06 16:48:31,1,2026-09-06 16:48:31,False,,bajo,False
2026-09-07 00:53:22,3022,2026-09-06 22:34:14,1,2026-09-06 22:34:14,False,,alto,False
2026-09-07 00:53:22,3024,2026-09-06 23:49:04,1,2026-09-06 23:49:04,False,,bajo,False
2026-09-07 00:53:22,3026,2026-09-06 11:44:39,1,2026-09-06 11:44:39,False,,bajo,False
2026-09-07 00:53:22,3027,2026-09-06 17:06:25,1,2026-09-06 17:06:25,False,,bajo,False
2026-09-07 00:53:22,3029,2026-09-06 22:51:30,1,2026-09-06 22:51:30,False,,bajo,False
2026-09-07 00:53:22,3036,2025-03-13 16:18:25,1,2025-03-13 16:18:25,False,,bajo,False
2026-09-07 00:53:22,3039,2026-09-06 13:37:04,1,2026-09-06 13:37:04,False,,bajo,False
2026-09-07 00:53:22,3060,2026-09-07 00:50:01,1,2026-09-07 00:50:01,False,,bajo,False
2026-09-07 00:53:22,3064,2026-09-07 00:41:39,1,2026-09-07 00:41:39,False,,bajo,True
2026-09-07 00:53:22,3065,2026-06-03 06:29:32,1,2026-06-03 06:29:32,False,,bajo,False
2026-09-07 00:53:22,3074,2026-09-05 23:26:00,1,2026-09-05 23:26:00,False,,bajo,False
2026-09-07 00:53:22,3076,2026-09-06 20:07:20,1,2026-09-06 20:07:20,False,,bajo,False
2026-09-07 00:53:22,3079,2026-09-07 00:41:25,1,2026-09-07 00:41:25,False,,medio,False
2026-09-07 00:53:22,3084,2026-09-06 18:56:58,1,2026-09-06 18:56:58,False,,bajo,False
2026-09-07 00:53:22,3086,2026-09-06 07:49:23,1,2026-09-06 07:49:23,False,,bajo,False
2026-09-07 00:53:22,3087,2026-09-06 20:11:40,1,2026-09-06 20:11:40,False,,bajo,False
2026-09-07 00:53:22,3099,2026-09-06 11:41:10,1,2026-09-06 11:41:10,False,,bajo,False
2026-09-07 00:53:22,3101,2026-09-05 00:07:33,1,2026-09-05 00:07:33,False,,bajo,False
2026-09-07 00:53:22,3117,2026-09-06 11:15:43,1,2026-09-06 11:15:43,False,,bajo,False
2026-09-07 00:53:22,3121,2026-09-06 22:19:57,1,2026-09-06 22:19:57,False,,bajo,False
2026-09-07 00:53:22,3132,2026-09-06 11:53:51,1,2026-09-06 11:53:51,False,,bajo,False
2026-09-07 00:53:22,3138,2026-09-06 11:19:19,1,2026-09-06 11:19:19,False,,bajo,False
2026-09-07 00:53:22,3141,2026-09-06 18:00:40,1,2026-09-06 18:00:40,False,,bajo,False
2026-09-07 00:53:22,3144,2026-09-06 19:32:20,1,2026-09-06 19:32:20,False,,bajo,False
2026-09-07 00:53:22,3145,2026-09-06 22:13:51,1,2026-09-06 22:13:51,False,,bajo,False
2026-09-07 00:53:22,3146,2026-09-06 22:35:43,1,2026-09-06 22:35:43,False,,bajo,False
2026-09-07 00:53:22,3151,2026-09-06 21:53:06,1,2026-09-06 21:53:06,False,,medio,False
2026-09-07 00:53:22,3154,2026-09-06 19:40:37,1,2026-09-06 19:40:37,False,,bajo,False
2026-09-07 00:53:22,3155,2026-09-05 20:33:12,1,2026-09-05 20:33:12,False,,bajo,False
2026-09-07 00:53:22,3159,2026-09-07 00:14:17,1,2026-09-07 00:14:17,False,,bajo,False
2026-09-07 00:53:22,3160,2026-09-06 16:34:24,1,2026-09-06 16:34:24,False,,bajo,False
2026-09-07 00:53:22,3161,2026-09-06 14:10:43,1,2026-09-06 14:10:43,False,,bajo,False
2026-09-07 00:53:22,3162,2026-06-03 06:14:04,1,2026-06-03 06:14:04,False,,bajo,False
2026-09-07 00:53:22,3169,2026-09-06 20:25:57,1,2026-09-06 20:25:57,False,,bajo,False
2026-09-07 00:53:22,3172,2026-09-04 17:39:12,1,2026-09-04 17:39:12,False,,bajo,False
2026-09-07 00:53:22,3178,2026-09-06 16:27:49,1,2026-09-06 16:27:49,False,,bajo,True
2026-09-07 00:53:22,3184,2026-09-06 16:44:14,1,2026-09-06 16:44:14,False,,bajo,False
2026-09-07 00:53:22,3185,2026-09-06 20:59:13,1,2026-09-06 20:59:13,False,,alto,False
2026-09-07 00:53:22,3187,2026-09-06 21:57:22,1,2026-09-06 21:57:22,False,,bajo,False
2026-09-07 00:53:22,3191,2026-09-06 22:08:05,1,2026-09-06 22:08:05,False,,bajo,True
2026-09-07 00:53:22,3199,2026-09-06 21:07:42,1,2026-09-06 21:07:42,False,,bajo,True
2026-09-07 00:53:22,3202,2026-09-04 18:41:07,1,2026-09-04 18:41:07,False,,bajo,False
2026-09-07 00:53:22,3203,2026-09-07 00:49:45,1,2026-09-07 00:49:45,False,,bajo,False
2026-09-07 00:53:22,3204,2026-09-07 00:24:25,1,2026-09-07 00:24:25,False,,bajo,False
2026-09-07 00:53:22,3207,2026-09-07 00:41:44,1,2026-09-07 00:41:44,False,,bajo,False
2026-09-07 00:53:22,3208,2026-09-06 20:59:02,1,2026-09-06 20:59:02,False,,bajo,True
2026-09-07 00:53:22,3216,2026-09-06 10:47:44,1,2026-09-06 10:47:44,False,,alto,True
2026-09-07 00:53:22,3222,2026-09-07 00:20:57,1,2026-09-07 00:20:57,False,,bajo,False
2026-09-07 00:53:22,3224,2026-09-05 19:39:45,1,2026-09-05 19:39:45,False,,bajo,True
2026-09-07 00:53:22,3225,2026-09-05 16:49:09,1,2026-09-05 16:49:09,False,,bajo,False
2026-09-07 00:53:22,3227,2026-09-04 17:51:13,1,2026-09-04 17:51:13,False,,bajo,False
2026-09-07 00:53:22,3232,2026-09-06 20:07:14,1,2026-09-06 20:07:14,False,,bajo,True
2026-09-07 00:53:22,3239,2026-09-07 00:32:34,1,2026-09-07 00:32:34,False,,bajo,False
2026-09-07 00:53:22,3242,2026-09-06 23:52:59,1,2026-09-06 23:52:59,False,,bajo,False
2026-09-07 00:53:22,3243,2026-09-06 12:43:39,1,2026-09-06 12:43:39,False,,bajo,False
2026-09-07 00:53:22,3244,2026-09-06 23:38:25,1,2026-09-06 23:38:25,False,,bajo,False
2026-09-07 00:53:22,3259,2026-09-06 16:57:18,1,2026-09-06 16:57:18,False,,medio,False
2026-09-07 00:53:22,3264,2026-09-05 16:57:04,1,2026-09-05 16:57:04,False,,bajo,False
2026-09-07 00:53:22,3266,2026-09-06 10:32:23,1,2026-09-06 10:32:23,False,,bajo,False
2026-09-07 00:53:22,4018,2026-09-06 11:02:12,1,2026-09-06 11:02:12,False,,bajo,False
2026-09-07 00:53:22,4024,2026-09-06 23:02:14,1,2026-09-06 23:02:14,False,,bajo,False
2026-09-07 00:53:22,1724,2026-06-03 08:15:44,2,2026-06-03 08:15:44,False,,bajo,False
2026-09-07 00:53:22,1744,2026-06-03 06:32:42,2,2026-06-03 06:32:42,False,,bajo,False
2026-09-07 00:53:22,1766,2026-06-03 17:35:31,2,2026-06-03 17:35:31,False,,bajo,False
2026-09-07 00:53:22,1784,2026-06-03 17:31:00,2,2026-06-03 17:31:00,False,,bajo,False
2026-09-07 00:53:22,1805,2026-06-03 17:31:00,2,2026-06-03 17:31:00,False,,bajo,False
2026-09-07 00:53:22,1824,2026-06-03 17:31:00,2,2026-06-03 17:31:00,False,,bajo,False
2026-09-07 00:53:22,1844,2026-06-03 17:31:00,2,2026-06-03 17:31:00,False,,bajo,False
2026-09-07 00:53:22,1845,2026-06-03 17:31:27,2,2026-06-03 17:31:27,False,,bajo,False
2026-09-07 00:53:22,1887,2026-08-05 15:28:49,2,2026-08-05 15:28:49,False,,bajo,False
2026-09-07 00:53:22,1924,2026-06-03 17:31:00,2,2026-06-03 17:31:00,False,,bajo,False
2026-09-07 00:53:22,1926,2026-06-03 06:42:55,2,2026-06-03 06:42:55,False,,bajo,False
2026-09-07 00:53:22,1944,2026-06-03 17:31:00,2,2026-06-03 17:31:00,False,,bajo,False
2026-09-07 00:53:22,1945,2026-08-26 17:47:37,2,2026-08-26 17:47:37,False,,bajo,False
2026-09-07 00:53:22,2190,2025-03-13 16:03:26,2,2025-03-13 16:03:26,False,,bajo,False
2026-09-07 00:53:22,2193,2026-06-03 17:33:58,2,2026-06-03 17:33:58,False,,bajo,False
2026-09-07 00:53:22,2205,2026-06-02 08:49:39,2,2026-06-02 08:49:39,False,,bajo,False
2026-09-07 00:53:22,2208,2026-07-20 15:35:36,2,2026-07-20 15:35:36,False,,bajo,False
2026-09-07 00:53:22,2224,2026-06-03 08:23:23,2,2026-06-03 08:23:23,False,,bajo,False
2026-09-07 00:53:22,2229,2026-06-03 07:24:01,2,2026-06-03 07:24:01,False,,bajo,False
2026-09-07 00:53:22,2250,2026-06-03 08:23:15,2,2026-06-03 08:23:15,False,,bajo,False
2026-09-07 00:53:22,2335,2026-06-03 06:08:53,2,2026-06-03 06:08:53,False,,bajo,False
2026-09-07 00:53:22,2411,2026-06-03 08:44:37,2,2026-06-03 08:44:37,False,,bajo,False
2026-09-07 00:53:22,2465,2026-06-03 06:28:44,2,2026-06-03 06:28:44,False,,bajo,False
2026-09-07 00:53:22,2466,2025-03-13 16:03:26,2,2025-03-13 16:03:26,False,,bajo,False
2026-09-07 00:53:22,2468,2026-06-03 08:40:08,2,2026-06-03 08:40:08,False,,bajo,False
2026-09-07 00:53:22,2706,2026-06-03 05:15:51,2,2026-06-03 05:15:51,False,,bajo,False
2026-09-07 00:53:22,2724,2026-08-22 11:08:53,2,2026-08-22 11:08:53,False,,bajo,False
2026-09-07 00:53:22,2730,2026-06-03 08:24:08,2,2026-06-03 08:24:08,False,,bajo,False
2026-09-07 00:53:22,2743,2026-06-03 08:33:58,2,2026-06-03 08:33:58,False,,bajo,False
2026-09-07 00:53:22,2744,2026-06-03 08:26:24,2,2026-06-03 08:26:24,False,,bajo,False
2026-09-07 00:53:22,2768,2026-06-03 08:23:19,2,2026-06-03 08:23:19,False,,bajo,False
2026-09-07 00:53:22,2770,2026-06-03 08:28:44,2,2026-06-03 08:28:44,False,,bajo,False
2026-09-07 00:53:22,2773,2026-06-03 08:42:23,2,2026-06-03 08:42:23,False,,bajo,False
2026-09-07 00:53:22,2780,2026-06-03 08:31:16,2,2026-06-03 08:31:16,False,,bajo,False
2026-09-07 00:53:22,2781,2026-06-03 08:39:47,2,2026-06-03 08:39:47,False,,bajo,False
2026-09-07 00:53:22,2922,2026-06-03 07:54:30,2,2026-06-03 07:54:30,False,,bajo,False
2026-09-07 00:53:22,2983,2026-06-03 08:26:35,2,2026-06-03 08:26:35,False,,bajo,False
2026-09-07 00:53:22,2993,2026-05-28 08:20:47,2,2026-05-28 08:20:47,False,,bajo,False
2026-09-07 00:53:22,3002,2025-03-13 16:03:26,2,2025-03-13 16:03:26,False,,bajo,False
2026-09-07 00:53:22,3020,2026-06-03 08:31:34,2,2026-06-03 08:31:34,False,,bajo,False
2026-09-07 00:53:22,3065,2026-06-03 06:29:32,2,2026-06-03 06:29:32,False,,bajo,False
2026-09-07 00:53:22,3086,2026-06-03 08:38:54,2,2026-06-03 08:38:54,False,,bajo,False
2026-09-07 00:53:22,3087,2026-06-03 02:06:08,2,2026-06-03 02:06:08,False,,bajo,False
2026-09-07 00:53:22,3151,2026-06-03 07:25:54,2,2026-06-03 07:25:54,False,,bajo,False
2026-09-07 00:53:22,3160,2026-06-03 03:28:18,2,2026-06-03 03:28:18,False,,bajo,False
2026-09-07 00:53:22,3199,2026-06-03 08:41:17,2,2026-06-03 08:41:17,False,,bajo,False
2026-09-07 00:53:22,3203,2026-06-03 08:22:47,2,2026-06-03 08:22:47,False,,bajo,False
2026-09-07 00:53:22,3204,2026-06-03 07:54:17,2,2026-06-03 07:54:17,False,,bajo,False
2026-09-07 00:53:22,3207,2026-06-03 07:05:01,2,2026-06-03 07:05:01,False,,bajo,False
2026-09-07 00:53:22,3227,2025-03-13 16:03:26,2,2025-03-13 16:03:26,False,,bajo,False
2026-09-07 00:53:22,1846,2026-06-03 08:24:16,3,2026-06-03 08:24:16,False,,bajo,False
2026-09-07 00:53:22,2193,2026-06-03 03:28:55,3,2026-06-03 03:28:55,False,,bajo,False
2026-09-07 00:53:22,2208,2026-06-03 08:31:26,3,2026-06-03 08:31:26,False,,bajo,False
2026-09-07 00:53:22,2330,2026-06-03 07:45:12,3,2026-06-03 07:45:12,False,,bajo,False
2026-09-07 00:53:22,2415,2026-06-03 08:47:45,3,2026-06-03 08:47:45,False,,bajo,False
2026-09-07 00:53:22,2466,2026-06-03 08:38:32,3,2026-06-03 08:38:32,False,,bajo,False
2026-09-07 00:53:22,2582,2026-06-03 08:15:54,3,2026-06-03 08:15:54,False,,bajo,False
2026-09-07 00:53:22,2665,2026-06-03 07:10:20,3,2026-06-03 07:10:20,False,,bajo,False
2026-09-07 00:53:22,2718,2026-06-03 07:28:18,3,2026-06-03 07:28:18,False,,bajo,False
2026-09-07 00:53:22,2722,2026-06-03 06:10:37,3,2026-06-03 06:10:37,False,,bajo,False
2026-09-07 00:53:22,2751,2026-06-03 07:40:08,3,2026-06-03 07:40:08,False,,bajo,False
2026-09-07 00:53:22,2858,2026-06-03 00:31:15,3,2026-06-03 00:31:15,False,,bajo,False
2026-09-07 00:53:22,2993,2026-05-28 08:20:47,3,2026-05-28 08:20:47,False,,bajo,False
2026-09-07 00:53:22,2994,2026-06-03 07:45:41,3,2026-06-03 07:45:41,False,,bajo,False
2026-09-07 00:53:22,3010,2026-06-03 08:19:28,3,2026-06-03 08:19:28,False,,bajo,False
2026-09-07 00:53:22,3011,2026-06-03 08:45:02,3,2026-06-03 08:45:02,False,,bajo,False
2026-09-07 00:53:22,3024,2026-06-03 07:31:40,3,2026-06-03 07:31:40,False,,bajo,False
2026-09-07 00:53:22,3026,2026-06-03 08:11:53,3,2026-06-03 08:11:53,False,,bajo,False
2026-09-07 00:53:22,3027,2026-06-03 08:24:41,3,2026-06-03 08:24:41,False,,bajo,False
2026-09-07 00:53:22,3074,2026-06-03 06:59:32,3,2026-06-03 06:59:32,False,,bajo,False
2026-09-07 00:53:22,3079,2026-06-03 07:50:16,3,2026-06-03 07:50:16,False,,bajo,False
2026-09-07 00:53:22,3086,2026-06-03 08:38:54,3,2026-06-03 08:38:54,False,,bajo,False
2026-09-07 00:53:22,3087,2026-06-03 02:06:08,3,2026-06-03 02:06:08,False,,bajo,False
2026-09-07 00:53:22,3132,2026-06-03 08:15:52,3,2026-06-03 08:15:52,False,,bajo,False
2026-09-07 00:53:22,3160,2026-06-03 03:28:18,3,2026-06-03 03:28:18,False,,bajo,False
2026-09-07 00:53:22,3172,2026-06-03 08:52:22,3,2026-06-03 08:52:22,False,,bajo,False
2026-09-07 00:53:22,3203,2026-06-03 17:31:00,3,2026-06-03 17:31:00,False,,bajo,False
2026-09-07 00:53:22,3204,2026-06-03 07:54:17,3,2026-06-03 07:54:17,False,,bajo,False
2026-09-07 00:53:22,3207,2026-06-03 07:05:01,3,2026-06-03 07:05:01,False,,bajo,False
2026-09-07 00:53:22,3222,2026-06-03 08:54:14,3,2026-06-03 08:54:14,False,,bajo,False
2026-09-07 00:53:22,2362,2026-09-06 22:40:02,0,2026-09-06 22:40:02,False,,bajo,True
2026-09-07 00:53:22,2815,2026-09-06 19:49:39,0,2026-09-06 19:49:39,False,,bajo,False
2026-09-07 00:53:22,2817,2026-09-05 16:10:54,0,2026-09-05 16:10:54,False,,bajo,True
2026-09-07 00:53:22,2818,2026-09-05 22:03:29,0,2026-09-05 22:03:29,False,,bajo,False
2026-09-07 00:53:22,2820,2026-09-06 22:02:31,0,2026-09-06 22:02:31,False,,bajo,True
2026-09-07 00:53:22,2821,2026-09-06 13:01:19,0,2026-09-06 13:01:19,False,,medio,True
2026-09-07 00:53:22,2822,2026-09-06 13:38:01,0,2026-09-06 13:38:01,False,,medio,True
2026-09-07 00:53:22,2823,2026-08-28 08:13:15,0,2026-08-28 08:13:15,False,,bajo,True
2026-09-07 00:53:22,2824,2026-09-06 12:44:21,0,2026-09-06 12:44:21,False,,bajo,True
2026-09-07 00:53:22,2827,2026-09-05 17:35:41,0,2026-09-05 17:35:41,False,,bajo,True
2026-09-07 00:53:22,2828,2026-08-27 14:39:54,0,2026-08-27 14:39:54,False,,bajo,False
2026-09-07 00:53:22,2833,2026-09-06 22:00:33,0,2026-09-06 22:00:33,False,,alto,False
2026-09-07 00:53:22,2931,2026-09-06 20:15:04,0,2026-09-06 20:15:04,False,,alto,False
2026-09-07 00:53:22,2932,2026-09-06 20:55:50,0,2026-09-06 20:55:50,False,,bajo,False
2026-09-07 00:53:22,2949,2026-09-06 21:54:34,0,2026-09-06 21:54:34,False,,bajo,False
2026-09-07 00:53:22,2952,2026-09-06 14:01:15,0,2026-09-06 14:01:15,False,,bajo,False
2026-09-07 00:53:22,2953,2026-09-05 16:07:18,0,2026-09-05 16:07:18,False,,bajo,False
2026-09-07 00:53:22,2969,2026-09-06 22:15:07,0,2026-09-06 22:15:07,False,,alto,True
2026-09-07 00:53:22,2995,2026-09-05 21:58:20,0,2026-09-05 21:58:20,False,,bajo,False
2026-09-07 00:53:22,3017,2026-09-06 14:25:31,0,2026-09-06 14:25:31,False,,bajo,False
2026-09-07 00:53:22,3021,2026-09-06 19:32:24,0,2026-09-06 19:32:24,False,,bajo,False
2026-09-07 00:53:22,3068,2026-09-05 17:56:38,0,2026-09-05 17:56:38,False,,bajo,False
2026-09-07 00:53:22,3080,2026-09-05 22:35:37,0,2026-09-05 22:35:37,False,,bajo,True
2026-09-07 00:53:22,3089,2026-09-06 21:39:20,0,2026-09-06 21:39:20,False,,bajo,False
2026-09-07 00:53:22,3111,2026-09-06 22:58:46,0,2026-09-06 22:58:46,False,,bajo,True
2026-09-07 00:53:22,3112,2026-09-06 17:12:18,0,2026-09-06 17:12:18,False,,bajo,False
2026-09-07 00:53:22,3142,2026-09-06 08:52:04,0,2026-09-06 08:52:04,False,,bajo,False
2026-09-07 00:53:22,3181,2026-09-06 22:12:49,0,2026-09-06 22:12:49,False,,bajo,True
2026-09-07 00:53:22,3205,2026-09-05 15:57:54,0,2026-09-05 15:57:54,False,,bajo,False
2026-09-07 00:53:22,3233,2026-09-06 18:53:06,0,2026-09-06 18:53:06,False,,bajo,False
2026-09-07 00:53:22,2362,2026-09-05 23:20:38,1,2026-09-05 23:20:38,False,,bajo,True
2026-09-07 00:53:22,2815,2026-09-06 19:08:46,1,2026-09-06 19:08:46,False,,bajo,False
2026-09-07 00:53:22,2817,2026-09-05 14:08:46,1,2026-09-05 14:08:46,False,,bajo,False
2026-09-07 00:53:22,2818,2026-09-05 22:21:50,1,2026-09-05 22:21:50,False,,bajo,False
2026-09-07 00:53:22,2820,2026-06-03 07:57:34,1,2026-06-03 07:57:34,False,,bajo,False
2026-09-07 00:53:22,2821,2026-09-06 11:08:23,1,2026-09-06 11:08:23,False,,medio,True
2026-09-07 00:53:22,2822,2026-09-06 10:14:59,1,2026-09-06 10:14:59,False,,bajo,False
2026-09-07 00:53:22,2823,2026-09-06 15:16:06,1,2026-09-06 15:16:06,False,,bajo,True
2026-09-07 00:53:22,2824,2026-09-06 22:05:28,1,2026-09-06 22:05:28,False,,bajo,False
2026-09-07 00:53:22,2827,2026-09-05 10:57:14,1,2026-09-05 10:57:14,False,,bajo,False
2026-09-07 00:53:22,2828,2026-09-06 23:02:21,1,2026-09-06 23:02:21,False,,bajo,False
2026-09-07 00:53:22,2833,2026-09-06 22:20:48,1,2026-09-06 22:20:48,False,,alto,False
2026-09-07 00:53:22,2931,2026-09-06 22:49:38,1,2026-09-06 22:49:38,False,,alto,True
2026-09-07 00:53:22,2932,2026-09-06 22:14:46,1,2026-09-06 22:14:46,False,,bajo,True
2026-09-07 00:53:22,2949,2026-09-05 23:58:27,1,2026-09-05 23:58:27,False,,bajo,False
2026-09-07 00:53:22,2952,2026-09-04 13:00:00,1,2026-09-04 13:00:00,False,,bajo,False
2026-09-07 00:53:22,2953,2026-09-06 22:46:05,1,2026-09-06 22:46:05,False,,bajo,False
2026-09-07 00:53:22,2969,2026-09-06 22:03:54,1,2026-09-06 22:03:54,False,,bajo,False
2026-09-07 00:53:22,2995,2026-09-05 20:45:18,1,2026-09-05 20:45:18,False,,bajo,False
2026-09-07 00:53:22,3017,2026-09-06 14:15:11,1,2026-09-06 14:15:11,False,,bajo,False
2026-09-07 00:53:22,3021,2026-09-05 23:21:20,1,2026-09-05 23:21:20,False,,medio,False
2026-09-07 00:53:22,3068,2026-09-06 18:02:28,1,2026-09-06 18:02:28,False,,bajo,False
2026-09-07 00:53:22,3080,2026-09-06 22:05:49,1,2026-09-06 22:05:49,False,,bajo,False
2026-09-07 00:53:22,3089,2026-09-05 20:20:12,1,2026-09-05 20:20:12,False,,bajo,False
2026-09-07 00:53:22,3111,2026-09-06 22:59:03,1,2026-09-06 22:59:03,False,,bajo,False
2026-09-07 00:53:22,3112,2026-09-06 12:41:49,1,2026-09-06 12:41:49,False,,bajo,False
2026-09-07 00:53:22,3142,2026-09-05 22:00:43,1,2026-09-05 22:00:43,False,,bajo,False
2026-09-07 00:53:22,3181,2026-09-06 21:29:01,1,2026-09-06 21:29:01,False,,bajo,False
2026-09-07 00:53:22,3233,2026-09-06 19:34:49,1,2026-09-06 19:34:49,False,,bajo,True
2026-09-07 00:53:22,2736,2026-09-06 22:00:40,0,2026-09-06 22:00:40,False,,bajo,True
2026-09-07 00:53:22,2755,2026-09-06 21:49:03,0,2026-09-06 21:49:03,False,,bajo,True
2026-09-07 00:53:22,2908,2026-09-06 21:57:07,0,2026-09-06 21:57:07,False,,bajo,True
2026-09-07 00:53:22,3072,2025-03-13 16:03:26,0,2025-03-13 16:03:26,False,,bajo,False
2026-09-07 00:53:22,3100,2026-09-06 23:38:25,0,2026-09-06 23:38:25,False,,bajo,True
2026-09-07 00:53:22,3170,2026-09-06 20:05:54,0,2026-09-06 20:05:54,False,,bajo,False
2026-09-07 00:53:22,2736,2026-09-06 22:02:06,1,2026-09-06 22:02:06,False,,bajo,False
2026-09-07 00:53:22,2755,2026-09-06 21:48:15,1,2026-09-06 21:48:15,False,,bajo,True
2026-09-07 00:53:22,2908,2026-09-06 22:10:34,1,2026-09-06 22:10:34,False,,bajo,False
2026-09-07 00:53:22,3072,2025-03-13 16:03:26,1,2025-03-13 16:03:26,False,,bajo,False
2026-09-07 00:53:22,3100,2026-09-06 21:20:38,1,2026-09-06 21:20:38,False,,bajo,False
2026-09-07 00:53:22,3170,2026-09-05 12:40:02,1,2026-09-05 12:40:02,False,,bajo,False
2026-09-07 06:29:01,2456,2026-09-04 11:44:30,0,2026-09-04 11:44:30,False,,bajo,False
2026-09-07 06:29:01,2458,2026-09-06 17:50:12,0,2026-09-06 17:50:12,False,,bajo,False
2026-09-07 06:29:01,2491,2026-09-05 21:27:49,0,2026-09-05 21:27:49,False,,bajo,False
2026-09-07 06:29:01,2494,2026-09-06 03:37:28,0,2026-09-06 03:37:28,False,,alto,False
2026-09-07 06:29:01,2501,2026-09-05 22:59:25,0,2026-09-05 22:59:25,False,,bajo,False
2026-09-07 06:29:01,2531,2026-09-06 19:55:53,0,2026-09-06 19:55:53,False,,alto,False
2026-09-07 06:29:01,2545,2026-09-06 00:03:23,0,2026-09-06 00:03:23,False,,bajo,False
2026-09-07 06:29:01,2551,2026-09-06 00:15:02,0,2026-09-06 00:15:02,False,,bajo,True
2026-09-07 06:29:01,2639,2026-09-06 15:08:48,0,2026-09-06 15:08:48,False,,bajo,False
2026-09-07 06:29:01,2670,2026-09-07 06:25:54,0,2026-09-07 06:25:54,False,,bajo,True
2026-09-07 06:29:01,2675,2026-09-05 23:10:36,0,2026-09-05 23:10:36,False,,bajo,True
2026-09-07 06:29:01,2704,2026-09-07 06:28:32,0,2026-09-07 06:28:32,False,,bajo,False
2026-09-07 06:29:01,2705,2026-09-05 22:06:45,0,2026-09-05 22:06:45,False,,bajo,False
2026-09-07 06:29:01,2719,2025-06-26 16:00:33,0,2025-06-26 16:00:33,False,,bajo,False
2026-09-07 06:29:01,2728,2026-09-07 06:20:33,0,2026-09-07 06:20:33,False,,bajo,False
2026-09-07 06:29:01,2731,2026-09-05 20:45:32,0,2026-09-05 20:45:32,False,,bajo,False
2026-09-07 06:29:01,2869,2026-09-06 21:57:46,0,2026-09-06 21:57:46,False,,bajo,False
2026-09-07 06:29:01,2881,2026-09-06 01:05:55,0,2026-09-06 01:05:55,False,,bajo,False
2026-09-07 06:29:01,2903,2026-09-05 19:06:21,0,2026-09-05 19:06:21,False,,bajo,True
2026-09-07 06:29:01,2939,2026-09-07 06:26:30,0,2026-09-07 06:26:30,False,,bajo,True
2026-09-07 06:29:01,2940,2026-09-07 06:21:28,0,2026-09-07 06:21:28,False,,bajo,True
2026-09-07 06:29:01,3051,2026-09-05 22:25:33,0,2026-09-05 22:25:33,False,,bajo,False
2026-09-07 06:29:01,3078,2026-09-07 06:06:45,0,2026-09-07 06:06:45,False,,bajo,True
2026-09-07 06:29:01,3114,2026-09-06 20:56:23,0,2026-09-06 20:56:23,False,,bajo,False
2026-09-07 06:29:01,3118,2026-09-06 22:56:44,0,2026-09-06 22:56:44,False,,bajo,False
2026-09-07 06:29:01,3119,2026-09-04 12:40:19,0,2026-09-04 12:40:19,False,,bajo,False
2026-09-07 06:29:01,3164,2026-09-06 00:00:46,0,2026-09-06 00:00:46,False,,bajo,True
2026-09-07 06:29:01,3249,2026-09-04 10:59:19,0,2026-09-04 10:59:19,False,,bajo,True
2026-09-07 06:29:01,2456,2026-09-05 17:10:28,1,2026-09-05 17:10:28,False,,alto,False
2026-09-07 06:29:01,2458,2026-09-05 20:24:33,1,2026-09-05 20:24:33,False,,bajo,False
2026-09-07 06:29:01,2491,2026-09-07 06:05:50,1,2026-09-07 06:05:50,False,,bajo,False
2026-09-07 06:29:01,2494,2026-09-06 00:02:20,1,2026-09-06 00:02:20,False,,alto,False
2026-09-07 06:29:01,2501,2026-09-07 06:25:32,1,2026-09-07 06:25:32,False,,bajo,False
2026-09-07 06:29:01,2531,2026-09-06 19:55:43,1,2026-09-06 19:55:43,False,,alto,False
2026-09-07 06:29:01,2545,2026-09-07 06:01:48,1,2026-09-07 06:01:48,False,,bajo,True
2026-09-07 06:29:01,2551,2026-09-07 06:25:04,1,2026-09-07 06:25:04,False,,bajo,False
2026-09-07 06:29:01,2639,2026-09-06 18:18:29,1,2026-09-06 18:18:29,False,,bajo,False
2026-09-07 06:29:01,2670,2026-09-06 22:25:52,1,2026-09-06 22:25:52,False,,bajo,False
2026-09-07 06:29:01,2675,2026-09-05 18:34:25,1,2026-09-05 18:34:25,False,,bajo,False
2026-09-07 06:29:01,2704,2026-09-07 06:18:30,1,2026-09-07 06:18:30,False,,bajo,False
2026-09-07 06:29:01,2705,2026-09-07 04:34:37,1,2026-09-07 04:34:37,False,,bajo,False
2026-09-07 06:29:01,2728,2026-09-07 06:18:02,1,2026-09-07 06:18:02,False,,bajo,False
2026-09-07 06:29:01,2731,2026-09-07 02:56:44,1,2026-09-07 02:56:44,False,,bajo,False
2026-09-07 06:29:01,2869,2026-09-07 06:23:28,1,2026-09-07 06:23:28,False,,bajo,False
2026-09-07 06:29:01,2881,2026-09-07 06:25:19,1,2026-09-07 06:25:19,False,,bajo,False
2026-09-07 06:29:01,2903,2026-09-07 06:18:53,1,2026-09-07 06:18:53,False,,bajo,False
2026-09-07 06:29:01,2939,2026-09-07 02:34:14,1,2026-09-07 02:34:14,False,,bajo,False
2026-09-07 06:29:01,2940,2026-09-06 21:58:27,1,2026-09-06 21:58:27,False,,medio,True
2026-09-07 06:29:01,3051,2026-09-07 06:23:18,1,2026-09-07 06:23:18,False,,bajo,False
2026-09-07 06:29:01,3078,2026-09-07 05:53:06,1,2026-09-07 05:53:06,False,,bajo,False
2026-09-07 06:29:01,3114,2026-09-06 20:12:22,1,2026-09-06 20:12:22,False,,bajo,False
2026-09-07 06:29:01,3118,2026-09-06 21:46:04,1,2026-09-06 21:46:04,False,,bajo,False
2026-09-07 06:29:01,3119,2026-09-07 04:14:13,1,2026-09-07 04:14:13,False,,bajo,False
2026-09-07 06:29:01,3249,2026-09-07 06:14:39,1,2026-09-07 06:14:39,False,,bajo,True
2026-09-07 06:29:01,2289,2026-09-05 21:17:24,0,2026-09-05 21:17:24,False,,bajo,True
2026-09-07 06:29:01,2292,2026-09-07 06:27:32,0,2026-09-07 06:27:32,False,,bajo,True
2026-09-07 06:29:01,2304,2026-06-03 08:24:38,0,2026-06-03 08:24:38,False,,bajo,False
2026-09-07 06:29:01,2329,2026-09-07 06:27:02,0,2026-09-07 06:27:02,False,,bajo,True
2026-09-07 06:29:01,2332,2026-09-05 21:59:24,0,2026-09-05 21:59:24,False,,bajo,False
2026-09-07 06:29:01,2359,2026-09-06 21:47:10,0,2026-09-06 21:47:10,False,,bajo,False
2026-09-07 06:29:01,2360,2026-09-06 21:04:39,0,2026-09-06 21:04:39,False,,bajo,False
2026-09-07 06:29:01,2361,2025-03-13 16:03:26,0,2025-03-13 16:03:26,False,,bajo,False
2026-09-07 06:29:01,2384,2026-09-06 20:53:46,0,2026-09-06 20:53:46,False,,alto,False
2026-09-07 06:29:01,2394,2026-09-05 22:35:51,0,2026-09-05 22:35:51,False,,alto,False
2026-09-07 06:29:01,2395,2026-09-06 00:43:14,0,2026-09-06 00:43:14,False,,bajo,True
2026-09-07 06:29:01,2405,2026-09-07 06:13:54,0,2026-09-07 06:13:54,False,,bajo,True
2026-09-07 06:29:01,2447,2026-09-03 19:39:01,0,2026-09-03 19:39:01,False,,bajo,False
2026-09-07 06:29:01,2448,2026-09-07 06:27:01,0,2026-09-07 06:27:01,False,,bajo,False
2026-09-07 06:29:01,2449,2026-09-06 15:39:52,0,2026-09-06 15:39:52,False,,bajo,True
2026-09-07 06:29:01,2450,2026-06-03 08:23:49,0,2026-06-03 08:23:49,False,,bajo,False
2026-09-07 06:29:01,2453,2026-09-06 08:06:43,0,2026-09-06 08:06:43,False,,bajo,False
2026-09-07 06:29:01,2454,2026-09-05 20:34:14,0,2026-09-05 20:34:14,False,,bajo,True
2026-09-07 06:29:01,2457,2026-09-06 18:57:48,0,2026-09-06 18:57:48,False,,bajo,False
2026-09-07 06:29:01,2470,2026-09-07 06:28:30,0,2026-09-07 06:28:30,False,,bajo,True
2026-09-07 06:29:01,2478,2026-09-05 21:26:07,0,2026-09-05 21:26:07,False,,bajo,True
2026-09-07 06:29:01,2479,2026-09-07 06:26:53,0,2026-09-07 06:26:53,False,,bajo,True
2026-09-07 06:29:01,2487,2026-09-06 19:33:17,0,2026-09-06 19:33:17,False,,bajo,False
2026-09-07 06:29:01,2490,2025-03-13 16:03:27,0,2025-03-13 16:03:27,False,,bajo,False
2026-09-07 06:29:01,2493,2025-03-13 16:03:26,0,2025-03-13 16:03:26,False,,bajo,False
2026-09-07 06:29:01,2499,2026-09-07 06:26:40,0,2026-09-07 06:26:40,False,,bajo,True
2026-09-07 06:29:01,2505,2026-09-06 07:47:49,0,2026-09-06 07:47:49,False,,bajo,False
2026-09-07 06:29:01,2507,2026-09-04 06:36:51,0,2026-09-04 06:36:51,False,,bajo,False
2026-09-07 06:29:01,2508,2026-09-06 22:21:45,0,2026-09-06 22:21:45,False,,bajo,False
2026-09-07 06:29:01,2517,2026-09-06 11:07:28,0,2026-09-06 11:07:28,False,,bajo,False
2026-09-07 06:29:01,2518,2026-09-07 06:24:49,0,2026-09-07 06:24:49,False,,bajo,True
2026-09-07 06:29:01,2520,2026-09-02 23:09:51,0,2026-09-02 23:09:51,False,,bajo,True
2026-09-07 06:29:01,2525,2026-09-06 22:07:56,0,2026-09-06 22:07:56,False,,alto,False
2026-09-07 06:29:01,2526,2026-09-07 06:28:25,0,2026-09-07 06:28:25,False,,bajo,True
2026-09-07 06:29:01,2529,2026-09-06 01:19:04,0,2026-09-06 01:19:04,False,,bajo,False
2026-09-07 06:29:01,2530,2026-06-02 08:37:08,0,2026-06-02 08:37:08,False,,bajo,False
2026-09-07 06:29:01,2532,2026-09-07 03:43:33,0,2026-09-07 03:43:33,False,,bajo,True
2026-09-07 06:29:01,2534,2026-09-07 06:24:23,0,2026-09-07 06:24:23,False,,bajo,True
2026-09-07 06:29:01,2536,2026-09-07 06:26:45,0,2026-09-07 06:26:45,False,,bajo,True
2026-09-07 06:29:01,2539,2025-03-13 16:03:27,0,2025-03-13 16:03:27,False,,bajo,False
2026-09-07 06:29:01,2542,2026-09-07 06:27:01,0,2026-09-07 06:27:01,False,,bajo,False
2026-09-07 06:29:01,2547,2026-09-05 17:04:39,0,2026-09-05 17:04:39,False,,bajo,False
2026-09-07 06:29:01,2548,2026-09-06 08:35:57,0,2026-09-06 08:35:57,False,,bajo,True
2026-09-07 06:29:01,2552,2026-09-07 06:27:28,0,2026-09-07 06:27:28,False,,bajo,False
2026-09-07 06:29:01,2557,2026-09-05 20:46:56,0,2026-09-05 20:46:56,False,,bajo,True
2026-09-07 06:29:01,2563,2026-09-06 18:18:34,0,2026-09-06 18:18:34,False,,bajo,False
2026-09-07 06:29:01,2571,2026-09-06 20:12:29,0,2026-09-06 20:12:29,False,,bajo,False
2026-09-07 06:29:01,2580,2026-09-01 17:45:26,0,2026-09-01 17:45:26,False,,bajo,False
2026-09-07 06:29:01,2609,2026-09-06 21:16:43,0,2026-09-06 21:16:43,False,,bajo,True
2026-09-07 06:29:01,2610,2026-09-06 22:46:25,0,2026-09-06 22:46:25,False,,bajo,False
2026-09-07 06:29:01,2620,2026-09-06 22:05:31,0,2026-09-06 22:05:31,False,,bajo,True
2026-09-07 06:29:01,2622,2026-09-06 17:16:34,0,2026-09-06 17:16:34,False,,bajo,False
2026-09-07 06:29:01,2630,2026-09-03 18:39:07,0,2026-09-03 18:39:07,False,,bajo,False
2026-09-07 06:29:01,2647,2026-09-07 06:28:25,0,2026-09-07 06:28:25,False,,bajo,True
2026-09-07 06:29:01,2662,2026-09-05 23:38:54,0,2026-09-05 23:38:54,False,,bajo,False
2026-09-07 06:29:01,2677,2026-09-06 11:36:58,0,2026-09-06 11:36:58,False,,bajo,False
2026-09-07 06:29:01,2683,2026-09-05 20:12:46,0,2026-09-05 20:12:46,False,,bajo,False
2026-09-07 06:29:01,2685,2026-09-06 22:04:05,0,2026-09-06 22:04:05,False,,bajo,False
2026-09-07 06:29:01,2689,2026-09-05 22:05:40,0,2026-09-05 22:05:40,False,,bajo,False
2026-09-07 06:29:01,2690,2026-09-05 19:46:29,0,2026-09-05 19:46:29,False,,bajo,False
2026-09-07 06:29:01,2694,2025-03-13 16:03:26,0,2025-03-13 16:03:26,False,,bajo,False
2026-09-07 06:29:01,2696,2026-09-07 06:27:32,0,2026-09-07 06:27:32,False,,bajo,False
2026-09-07 06:29:01,2698,2026-09-06 08:41:19,0,2026-09-06 08:41:19,False,,alto,True
2026-09-07 06:29:01,2703,2026-09-06 22:04:42,0,2026-09-06 22:04:42,False,,bajo,True
2026-09-07 06:29:01,2711,2026-09-05 09:37:42,0,2026-09-05 09:37:42,False,,alto,False
2026-09-07 06:29:01,2715,2026-06-03 06:51:07,0,2026-06-03 06:51:07,False,,bajo,False
2026-09-07 06:29:01,2716,2026-09-07 06:28:26,0,2026-09-07 06:28:26,False,,bajo,False
2026-09-07 06:29:01,2733,2025-03-13 16:03:27,0,2025-03-13 16:03:27,False,,bajo,False
2026-09-07 06:29:01,2742,2026-09-07 06:28:23,0,2026-09-07 06:28:23,False,,bajo,False
2026-09-07 06:29:01,2747,2026-09-05 17:26:23,0,2026-09-05 17:26:23,False,,bajo,False
2026-09-07 06:29:01,2752,2025-03-13 16:03:27,0,2025-03-13 16:03:27,False,,bajo,False
2026-09-07 06:29:01,2764,2026-09-07 06:28:32,0,2026-09-07 06:28:32,False,,bajo,False
2026-09-07 06:29:01,2765,2026-09-06 12:47:52,0,2026-09-06 12:47:52,False,,bajo,True
2026-09-07 06:29:01,2772,2026-06-03 04:57:09,0,2026-06-03 04:57:09,False,,bajo,False
2026-09-07 06:29:01,2774,2026-09-07 06:28:17,0,2026-09-07 06:28:17,False,,bajo,True
2026-09-07 06:29:01,2776,2026-09-06 16:58:15,0,2026-09-06 16:58:15,False,,bajo,True
2026-09-07 06:29:01,2779,2026-09-06 16:15:50,0,2026-09-06 16:15:50,False,,bajo,True
2026-09-07 06:29:01,2783,2026-09-06 07:32:56,0,2026-09-06 07:32:56,False,,bajo,False
2026-09-07 06:29:01,2784,2026-09-05 14:49:49,0,2026-09-05 14:49:49,False,,bajo,False
2026-09-07 06:29:01,2788,2026-09-05 10:17:50,0,2026-09-05 10:17:50,False,,bajo,False
2026-09-07 06:29:01,2793,2026-09-06 20:02:06,0,2026-09-06 20:02:06,False,,bajo,True
2026-09-07 06:29:01,2798,2026-09-06 00:36:42,0,2026-09-06 00:36:42,False,,bajo,False
2026-09-07 06:29:01,2802,2026-06-03 00:08:20,0,2026-06-03 00:08:20,False,,bajo,False
2026-09-07 06:29:01,2805,2026-09-07 06:28:15,0,2026-09-07 06:28:15,False,,bajo,True
2026-09-07 06:29:01,2806,2026-08-24 22:36:34,0,2026-08-24 22:36:34,False,,bajo,True
2026-09-07 06:29:01,2809,2026-09-07 06:27:40,0,2026-09-07 06:27:40,False,,bajo,True
2026-09-07 06:29:01,2811,2026-09-06 21:10:37,0,2026-09-06 21:10:37,False,,bajo,False
2026-09-07 06:29:01,2861,2026-09-07 06:27:19,0,2026-09-07 06:27:19,False,,bajo,True
2026-09-07 06:29:01,2870,2026-09-06 16:57:44,0,2026-09-06 16:57:44,False,,bajo,False
2026-09-07 06:29:01,2873,2026-09-05 14:48:45,0,2026-09-05 14:48:45,False,,bajo,False
2026-09-07 06:29:01,2899,2026-09-07 06:28:24,0,2026-09-07 06:28:24,False,,bajo,True
2026-09-07 06:29:01,2900,2025-03-13 16:18:25,0,2025-03-13 16:18:25,False,,bajo,False
2026-09-07 06:29:01,2912,2026-09-06 20:55:13,0,2026-09-06 20:55:13,False,,bajo,True
2026-09-07 06:29:01,2913,2026-09-05 23:07:56,0,2026-09-05 23:07:56,False,,bajo,False
2026-09-07 06:29:01,2928,2026-09-06 07:38:34,0,2026-09-06 07:38:34,False,,alto,True
2026-09-07 06:29:01,2934,2026-09-06 17:21:54,0,2026-09-06 17:21:54,False,,bajo,False
2026-09-07 06:29:01,2943,2026-09-06 12:07:42,0,2026-09-06 12:07:42,False,,bajo,True
2026-09-07 06:29:01,2945,2026-09-02 14:30:27,0,2026-09-02 14:30:27,False,,bajo,False
2026-09-07 06:29:01,2947,2026-09-07 06:26:22,0,2026-09-07 06:26:22,False,,bajo,True
2026-09-07 06:29:01,2956,2026-09-06 16:34:43,0,2026-09-06 16:34:43,False,,bajo,False
2026-09-07 06:29:01,2958,2026-09-06 21:03:19,0,2026-09-06 21:03:19,False,,alto,True
2026-09-07 06:29:01,2968,2026-09-07 06:27:41,0,2026-09-07 06:27:41,False,,bajo,True
2026-09-07 06:29:01,3040,2026-09-05 09:39:35,0,2026-09-05 09:39:35,False,,bajo,True
2026-09-07 06:29:01,3052,2026-09-07 06:26:32,0,2026-09-07 06:26:32,False,,bajo,False
2026-09-07 06:29:01,3053,2026-09-05 22:45:59,0,2026-09-05 22:45:59,False,,bajo,True
2026-09-07 06:29:01,3069,2026-09-05 10:55:13,0,2026-09-05 10:55:13,False,,bajo,True
2026-09-07 06:29:01,3083,2026-09-06 18:54:30,0,2026-09-06 18:54:30,False,,bajo,False
2026-09-07 06:29:01,3092,2026-09-05 22:42:48,0,2026-09-05 22:42:48,False,,bajo,False
2026-09-07 06:29:01,3123,2026-09-05 18:57:30,0,2026-09-05 18:57:30,False,,bajo,False
2026-09-07 06:29:01,3126,2026-09-06 15:27:41,0,2026-09-06 15:27:41,False,,bajo,False
2026-09-07 06:29:01,3166,2026-09-05 14:52:04,0,2026-09-05 14:52:04,False,,bajo,True
2026-09-07 06:29:01,3182,2026-09-07 06:06:28,0,2026-09-07 06:06:28,False,,bajo,False
2026-09-07 06:29:01,3196,2026-09-06 20:20:44,0,2026-09-06 20:20:44,False,,bajo,True
2026-09-07 06:29:01,3200,2026-09-06 22:06:41,0,2026-09-06 22:06:41,False,,bajo,False
2026-09-07 06:29:01,3206,2026-09-05 14:54:07,0,2026-09-05 14:54:07,False,,bajo,False
2026-09-07 06:29:01,3218,2026-09-06 19:28:36,0,2026-09-06 19:28:36,False,,bajo,False
2026-09-07 06:29:01,3220,2026-09-03 09:27:30,0,2026-09-03 09:27:30,False,,bajo,False
2026-09-07 06:29:01,3221,2026-09-06 20:49:33,0,2026-09-06 20:49:33,False,,alto,True
2026-09-07 06:29:01,3238,2026-09-06 20:53:20,0,2026-09-06 20:53:20,False,,bajo,True
2026-09-07 06:29:01,3241,2026-09-02 10:39:49,0,2026-09-02 10:39:49,False,,bajo,True
2026-09-07 06:29:01,3246,2026-09-05 17:38:55,0,2026-09-05 17:38:55,False,,bajo,True
2026-09-07 06:29:01,3252,2026-09-06 22:01:49,0,2026-09-06 22:01:49,False,,bajo,False
2026-09-07 06:29:01,3261,2026-09-06 00:04:06,0,2026-09-06 00:04:06,False,,bajo,False
2026-09-07 06:29:01,4016,2026-09-06 22:01:34,0,2026-09-06 22:01:34,False,,bajo,True
2026-09-07 06:29:01,4027,2026-09-06 21:49:30,0,2026-09-06 21:49:30,False,,bajo,False
2026-09-07 06:29:01,2304,2026-09-05 22:48:45,1,2026-09-05 22:48:45,False,,bajo,False
2026-09-07 06:29:01,2332,2026-09-05 16:47:27,1,2026-09-05 16:47:27,False,,bajo,False
2026-09-07 06:29:01,2359,2026-09-06 22:28:17,1,2026-09-06 22:28:17,False,,bajo,False
2026-09-07 06:29:01,2361,2025-03-13 16:03:26,1,2025-03-13 16:03:26,False,,bajo,False
2026-09-07 06:29:01,2384,2026-09-05 04:55:30,1,2026-09-05 04:55:30,False,,bajo,False
2026-09-07 06:29:01,2394,2026-09-05 17:31:10,1,2026-09-05 17:31:10,False,,alto,False
2026-09-07 06:29:01,2395,2026-09-06 06:36:11,1,2026-09-06 06:36:11,False,,bajo,True
2026-09-07 06:29:01,2405,2026-09-05 17:57:14,1,2026-09-05 17:57:14,False,,bajo,False
2026-09-07 06:29:01,2447,2026-09-04 17:03:44,1,2026-09-04 17:03:44,False,,bajo,True
2026-09-07 06:29:01,2448,2026-09-06 20:47:31,1,2026-09-06 20:47:31,False,,bajo,False
2026-09-07 06:29:01,2449,2026-09-02 11:08:53,1,2026-09-02 11:08:53,False,,bajo,False
2026-09-07 06:29:01,2450,2026-09-04 11:32:33,1,2026-09-04 11:32:33,False,,bajo,False
2026-09-07 06:29:01,2453,2026-09-06 14:30:38,1,2026-09-06 14:30:38,False,,bajo,False
2026-09-07 06:29:01,2454,2026-09-06 03:16:52,1,2026-09-06 03:16:52,False,,bajo,False
2026-09-07 06:29:01,2457,2026-09-06 20:56:48,1,2026-09-06 20:56:48,False,,bajo,False
2026-09-07 06:29:01,2478,2026-09-06 19:56:58,1,2026-09-06 19:56:58,False,,bajo,True
2026-09-07 06:29:01,2487,2026-09-05 18:43:35,1,2026-09-05 18:43:35,False,,bajo,False
2026-09-07 06:29:01,2490,2025-03-13 16:03:27,1,2025-03-13 16:03:27,False,,bajo,False
2026-09-07 06:29:01,2493,2025-03-13 16:03:26,1,2025-03-13 16:03:26,False,,bajo,False
2026-09-07 06:29:01,2499,2026-06-03 06:29:57,1,2026-06-03 06:29:57,False,,bajo,False
2026-09-07 06:29:01,2505,2026-09-04 21:59:57,1,2026-09-04 21:59:57,False,,bajo,False
2026-09-07 06:29:01,2507,2026-09-03 10:02:01,1,2026-09-03 10:02:01,False,,bajo,False
2026-09-07 06:29:01,2508,2026-09-05 16:57:20,1,2026-09-05 16:57:20,False,,bajo,False
2026-09-07 06:29:01,2517,2026-09-05 11:47:45,1,2026-09-05 11:47:45,False,,bajo,False
2026-09-07 06:29:01,2518,2026-09-05 07:33:03,1,2026-09-05 07:33:03,False,,bajo,False
2026-09-07 06:29:01,2520,2026-09-05 23:01:51,1,2026-09-05 23:01:51,False,,bajo,True
2026-09-07 06:29:01,2525,2026-09-06 07:36:27,1,2026-09-06 07:36:27,False,,bajo,False
2026-09-07 06:29:01,2526,2026-09-04 08:04:20,1,2026-09-04 08:04:20,False,,bajo,False
2026-09-07 06:29:01,2529,2026-09-06 11:24:59,1,2026-09-06 11:24:59,False,,bajo,False
2026-09-07 06:29:01,2530,2026-09-05 22:14:53,1,2026-09-05 22:14:53,False,,bajo,False
2026-09-07 06:29:01,2534,2026-09-05 17:12:19,1,2026-09-05 17:12:19,False,,bajo,False
2026-09-07 06:29:01,2536,2026-09-04 13:38:48,1,2026-09-04 13:38:48,False,,bajo,False
2026-09-07 06:29:01,2539,2025-03-13 16:03:27,1,2025-03-13 16:03:27,False,,bajo,False
2026-09-07 06:29:01,2547,2026-09-05 23:18:18,1,2026-09-05 23:18:18,False,,bajo,False
2026-09-07 06:29:01,2548,2026-09-06 07:45:36,1,2026-09-06 07:45:36,False,,bajo,False
2026-09-07 06:29:01,2552,2026-09-06 03:34:42,1,2026-09-06 03:34:42,False,,bajo,False
2026-09-07 06:29:01,2557,2026-09-06 21:52:33,1,2026-09-06 21:52:33,False,,bajo,False
2026-09-07 06:29:01,2563,2026-09-06 05:48:10,1,2026-09-06 05:48:10,False,,bajo,False
2026-09-07 06:29:01,2571,2026-09-05 19:36:19,1,2026-09-05 19:36:19,False,,alto,False
2026-09-07 06:29:01,2580,2026-09-01 16:21:06,1,2026-09-01 16:21:06,False,,bajo,False
2026-09-07 06:29:01,2609,2026-09-04 08:05:08,1,2026-09-04 08:05:08,False,,bajo,True
2026-09-07 06:29:01,2610,2026-09-05 15:38:26,1,2026-09-05 15:38:26,False,,bajo,False
2026-09-07 06:29:01,2620,2026-09-06 07:08:52,1,2026-09-06 07:08:52,False,,bajo,False
2026-09-07 06:29:01,2622,2026-09-05 19:56:38,1,2026-09-05 19:56:38,False,,bajo,False
2026-09-07 06:29:01,2630,2026-09-05 08:29:16,1,2026-09-05 08:29:16,False,,bajo,False
2026-09-07 06:29:01,2647,2026-09-07 06:10:19,1,2026-09-07 06:10:19,False,,bajo,True
2026-09-07 06:29:01,2662,2026-09-05 05:47:13,1,2026-09-05 05:47:13,False,,bajo,False
2026-09-07 06:29:01,2677,2026-09-04 20:56:38,1,2026-09-04 20:56:38,False,,bajo,True
2026-09-07 06:29:01,2683,2026-09-06 09:02:41,1,2026-09-06 09:02:41,False,,bajo,True
2026-09-07 06:29:01,2685,2026-09-06 19:10:13,1,2026-09-06 19:10:13,False,,bajo,True
2026-09-07 06:29:01,2689,2026-09-05 18:24:23,1,2026-09-05 18:24:23,False,,bajo,False
2026-09-07 06:29:01,2690,2026-09-05 20:56:30,1,2026-09-05 20:56:30,False,,bajo,False
2026-09-07 06:29:01,2694,2025-03-13 16:03:26,1,2025-03-13 16:03:26,False,,bajo,False
2026-09-07 06:29:01,2698,2026-09-06 04:19:10,1,2026-09-06 04:19:10,False,,alto,False
2026-09-07 06:29:01,2703,2026-09-06 11:36:46,1,2026-09-06 11:36:46,False,,bajo,False
2026-09-07 06:29:01,2711,2026-09-06 13:09:56,1,2026-09-06 13:09:56,False,,bajo,False
2026-09-07 06:29:01,2715,2026-09-04 09:04:13,1,2026-09-04 09:04:13,False,,bajo,False
2026-09-07 06:29:01,2716,2026-09-05 20:46:56,1,2026-09-05 20:46:56,False,,bajo,False
2026-09-07 06:29:01,2742,2026-09-05 08:29:56,1,2026-09-05 08:29:56,False,,bajo,False
2026-09-07 06:29:01,2747,2026-09-05 22:10:25,1,2026-09-05 22:10:25,False,,bajo,False
2026-09-07 06:29:01,2764,2026-09-06 05:39:30,1,2026-09-06 05:39:30,False,,bajo,True
2026-09-07 06:29:01,2765,2026-09-06 11:30:19,1,2026-09-06 11:30:19,False,,bajo,False
2026-09-07 06:29:01,2772,2026-09-06 08:36:32,1,2026-09-06 08:36:32,False,,medio,False
2026-09-07 06:29:01,2774,2026-09-07 01:22:12,1,2026-09-07 01:22:12,False,,bajo,True
2026-09-07 06:29:01,2776,2026-09-06 12:18:35,1,2026-09-06 12:18:35,False,,bajo,False
2026-09-07 06:29:01,2779,2026-09-06 23:05:16,1,2026-09-06 23:05:16,False,,bajo,False
2026-09-07 06:29:01,2783,2026-09-06 08:41:39,1,2026-09-06 08:41:39,False,,bajo,False
2026-09-07 06:29:01,2784,2026-09-05 10:55:47,1,2026-09-05 10:55:47,False,,bajo,False
2026-09-07 06:29:01,2788,2026-09-03 12:15:33,1,2026-09-03 12:15:33,False,,bajo,False
2026-09-07 06:29:01,2793,2026-09-06 20:52:29,1,2026-09-06 20:52:29,False,,bajo,False
2026-09-07 06:29:01,2798,2026-09-06 08:03:01,1,2026-09-06 08:03:01,False,,bajo,False
2026-09-07 06:29:01,2802,2026-09-06 18:21:17,1,2026-09-06 18:21:17,False,,alto,False
2026-09-07 06:29:01,2805,2026-09-06 18:44:31,1,2026-09-06 18:44:31,False,,bajo,False
2026-09-07 06:29:01,2806,2026-09-06 18:16:30,1,2026-09-06 18:16:30,False,,bajo,False
2026-09-07 06:29:01,2811,2026-09-05 20:30:46,1,2026-09-05 20:30:46,False,,bajo,False
2026-09-07 06:29:01,2861,2026-06-03 08:53:58,1,2026-06-03 08:53:58,False,,bajo,False
2026-09-07 06:29:01,2870,2026-09-06 17:32:17,1,2026-09-06 17:32:17,False,,bajo,False
2026-09-07 06:29:01,2873,2026-09-04 11:30:00,1,2026-09-04 11:30:00,False,,bajo,False
2026-09-07 06:29:01,2899,2026-09-04 23:53:47,1,2026-09-04 23:53:47,False,,bajo,False
2026-09-07 06:29:01,2900,2025-03-13 16:18:25,1,2025-03-13 16:18:25,False,,bajo,False
2026-09-07 06:29:01,2912,2026-09-06 01:00:14,1,2026-09-06 01:00:14,False,,bajo,False
2026-09-07 06:29:01,2913,2026-09-05 14:27:08,1,2026-09-05 14:27:08,False,,bajo,False
2026-09-07 06:29:01,2928,2026-09-06 18:57:39,1,2026-09-06 18:57:39,False,,alto,False
2026-09-07 06:29:01,2934,2026-09-05 20:46:59,1,2026-09-05 20:46:59,False,,bajo,False
2026-09-07 06:29:01,2943,2026-09-06 12:04:46,1,2026-09-06 12:04:46,False,,bajo,True
2026-09-07 06:29:01,2945,2026-09-06 14:27:29,1,2026-09-06 14:27:29,False,,bajo,False
2026-09-07 06:29:01,2956,2026-09-06 19:47:52,1,2026-09-06 19:47:52,False,,medio,True
2026-09-07 06:29:01,2958,2026-09-06 21:55:48,1,2026-09-06 21:55:48,False,,medio,False
2026-09-07 06:29:01,2968,2026-09-07 06:23:45,1,2026-09-07 06:23:45,False,,bajo,True
2026-09-07 06:29:01,3040,2026-09-06 21:41:56,1,2026-09-06 21:41:56,False,,bajo,False
2026-09-07 06:29:01,3053,2026-09-05 23:47:44,1,2026-09-05 23:47:44,False,,bajo,False
2026-09-07 06:29:01,3069,2026-09-06 21:29:30,1,2026-09-06 21:29:30,False,,bajo,True
2026-09-07 06:29:01,3083,2026-09-07 00:17:03,1,2026-09-07 00:17:03,False,,bajo,True
2026-09-07 06:29:01,3092,2026-09-06 11:05:25,1,2026-09-06 11:05:25,False,,bajo,False
2026-09-07 06:29:01,3123,2026-09-06 04:37:10,1,2026-09-06 04:37:10,False,,bajo,False
2026-09-07 06:29:01,3126,2026-09-03 21:50:47,1,2026-09-03 21:50:47,False,,bajo,False
2026-09-07 06:29:01,3166,2026-06-03 07:30:20,1,2026-06-03 07:30:20,False,,bajo,False
2026-09-07 06:29:01,3182,2026-09-06 22:10:01,1,2026-09-06 22:10:01,False,,bajo,False
2026-09-07 06:29:01,3200,2026-09-06 23:06:36,1,2026-09-06 23:06:36,False,,bajo,False
2026-09-07 06:29:01,3206,2026-09-06 00:55:29,1,2026-09-06 00:55:29,False,,bajo,False
2026-09-07 06:29:01,3218,2026-09-06 20:04:33,1,2026-09-06 20:04:33,False,,bajo,True
2026-09-07 06:29:01,3220,2026-09-05 19:05:22,1,2026-09-05 19:05:22,False,,bajo,False
2026-09-07 06:29:01,3221,2026-09-06 20:02:31,1,2026-09-06 20:02:31,False,,medio,False
2026-09-07 06:29:01,3241,2026-09-05 14:26:30,1,2026-09-05 14:26:30,False,,bajo,False
2026-09-07 06:29:01,3246,2026-09-05 23:18:04,1,2026-09-05 23:18:04,False,,bajo,False
2026-09-07 06:29:01,3252,2026-09-06 22:10:36,1,2026-09-06 22:10:36,False,,bajo,False
2026-09-07 06:29:01,3261,2026-09-05 22:23:30,1,2026-09-05 22:23:30,False,,bajo,False
2026-09-07 06:29:01,3269,2026-09-06 23:37:34,1,2026-09-06 23:37:34,False,,bajo,False
2026-09-07 06:29:01,4016,2026-09-05 08:33:22,1,2026-09-05 08:33:22,False,,bajo,True
2026-09-07 06:29:01,4027,2026-09-06 17:39:52,1,2026-09-06 17:39:52,False,,medio,False
2026-09-07 06:29:01,2292,2026-06-03 08:02:35,2,2026-06-03 08:02:35,False,,bajo,False
2026-09-07 06:29:01,2329,2026-06-03 08:44:35,2,2026-06-03 08:44:35,False,,bajo,False
2026-09-07 06:29:01,2454,2026-06-03 07:16:12,2,2026-06-03 07:16:12,False,,bajo,False
2026-09-07 06:29:01,2470,2026-06-03 08:25:54,2,2026-06-03 08:25:54,False,,bajo,False
2026-09-07 06:29:01,2479,2026-06-03 08:24:44,2,2026-06-03 08:24:44,False,,bajo,False
2026-09-07 06:29:01,2499,2026-06-03 06:29:57,2,2026-06-03 06:29:57,False,,bajo,False
2026-09-07 06:29:01,2507,2026-06-03 08:14:57,2,2026-06-03 08:14:57,False,,bajo,False
2026-09-07 06:29:01,2517,2026-06-03 07:30:55,2,2026-06-03 07:30:55,False,,bajo,False
2026-09-07 06:29:01,2532,2026-06-03 07:22:58,2,2026-06-03 07:22:58,False,,bajo,False
2026-09-07 06:29:01,2563,2026-06-03 08:43:14,2,2026-06-03 08:43:14,False,,bajo,False
2026-09-07 06:29:01,2620,2026-06-03 08:51:25,2,2026-06-03 08:51:25,False,,bajo,False
2026-09-07 06:29:01,2947,2026-06-03 07:46:53,2,2026-06-03 07:46:53,False,,bajo,False
2026-09-07 06:29:01,2968,2026-06-03 08:29:04,2,2026-06-03 08:29:04,False,,bajo,False
2026-09-07 06:29:01,3196,2026-06-03 06:38:18,2,2026-06-03 06:38:18,False,,bajo,False
2026-09-07 06:29:01,3206,2026-06-03 08:23:59,2,2026-06-03 08:23:59,False,,bajo,False
2026-09-07 06:29:01,2395,2026-06-03 08:40:16,3,2026-06-03 08:40:16,False,,bajo,False
2026-09-07 06:29:01,2405,2026-06-03 07:27:56,3,2026-06-03 07:27:56,False,,bajo,False
2026-09-07 06:29:01,2517,2026-06-03 07:30:55,3,2026-06-03 07:30:55,False,,bajo,False
2026-09-07 06:29:01,2529,2026-06-03 07:46:28,3,2026-06-03 07:46:28,False,,bajo,False
2026-09-07 06:29:01,2620,2026-06-03 08:51:25,3,2026-06-03 08:51:25,False,,bajo,False
2026-09-07 06:29:01,2630,2026-06-03 08:21:10,3,2026-06-03 08:21:10,False,,bajo,False
2026-09-07 06:29:01,2703,2026-06-03 07:20:39,3,2026-06-03 07:20:39,False,,bajo,False
2026-09-07 06:29:01,3053,2026-06-03 07:52:09,3,2026-06-03 07:52:09,False,,bajo,False
2026-09-07 06:29:01,3252,2026-06-03 06:40:45,3,2026-06-03 06:40:45,False,,bajo,False
2026-09-07 06:29:01,2228,2026-09-06 20:49:05,0,2026-09-06 20:49:05,False,,alto,False
2026-09-07 06:29:01,2291,2026-09-07 06:27:40,0,2026-09-07 06:27:40,False,,bajo,False
2026-09-07 06:29:01,2295,2026-09-06 21:06:52,0,2026-09-06 21:06:52,False,,bajo,True
2026-09-07 06:29:01,2297,2026-09-06 20:41:16,0,2026-09-06 20:41:16,False,,bajo,False
2026-09-07 06:29:01,2305,2026-09-07 06:26:08,0,2026-09-07 06:26:08,False,,alto,False
2026-09-07 06:29:01,2306,2026-09-06 00:19:05,0,2026-09-06 00:19:05,False,,alto,True
2026-09-07 06:29:01,2307,2026-09-05 21:57:47,0,2026-09-05 21:57:47,False,,bajo,False
2026-09-07 06:29:01,2308,2026-09-06 18:51:46,0,2026-09-06 18:51:46,False,,bajo,False
2026-09-07 06:29:01,2408,2026-09-05 21:15:42,0,2026-09-05 21:15:42,False,,medio,False
2026-09-07 06:29:01,2409,2025-05-07 18:03:24,0,2025-05-07 18:03:24,False,,bajo,False
2026-09-07 06:29:01,2416,2026-09-06 22:38:22,0,2026-09-06 22:38:22,False,,bajo,False
2026-09-07 06:29:01,2417,2026-09-05 21:08:26,0,2026-09-05 21:08:26,False,,medio,True
2026-09-07 06:29:01,2455,2026-09-06 20:11:16,0,2026-09-06 20:11:16,False,,bajo,False
2026-09-07 06:29:01,2462,2026-09-06 06:53:49,0,2026-09-06 06:53:49,False,,bajo,False
2026-09-07 06:29:01,2486,2026-09-05 23:29:30,0,2026-09-05 23:29:30,False,,bajo,True
2026-09-07 06:29:01,2489,2026-09-05 21:14:52,0,2026-09-05 21:14:52,False,,bajo,True
2026-09-07 06:29:01,2522,2026-09-07 06:27:29,0,2026-09-07 06:27:29,False,,bajo,False
2026-09-07 06:29:01,2523,2026-09-07 06:25:11,0,2026-09-07 06:25:11,False,,bajo,True
2026-09-07 06:29:01,2543,2026-09-05 20:17:14,0,2026-09-05 20:17:14,False,,alto,False
2026-09-07 06:29:01,2555,2026-09-05 20:25:09,0,2026-09-05 20:25:09,False,,bajo,False
2026-09-07 06:29:01,2556,2026-09-06 23:48:31,0,2026-09-06 23:48:31,False,,bajo,True
2026-09-07 06:29:01,2578,2026-09-05 23:05:45,0,2026-09-05 23:05:45,False,,alto,False
2026-09-07 06:29:01,2584,2026-09-06 09:37:20,0,2026-09-06 09:37:20,False,,medio,True
2026-09-07 06:29:01,2597,2026-09-05 21:22:43,0,2026-09-05 21:22:43,False,,medio,False
2026-09-07 06:29:01,2598,2026-09-05 21:28:26,0,2026-09-05 21:28:26,False,,bajo,True
2026-09-07 06:29:01,2600,2026-09-07 06:28:10,0,2026-09-07 06:28:10,False,,bajo,True
2026-09-07 06:29:01,2612,2026-09-07 06:27:41,0,2026-09-07 06:27:41,False,,bajo,False
2026-09-07 06:29:01,2615,2026-09-06 07:56:10,0,2026-09-06 07:56:10,False,,alto,True
2026-09-07 06:29:01,2633,2026-09-05 19:37:58,0,2026-09-05 19:37:58,False,,alto,True
2026-09-07 06:29:01,2640,2026-09-06 22:59:10,0,2026-09-06 22:59:10,False,,medio,False
2026-09-07 06:29:01,2643,2026-09-07 06:14:43,0,2026-09-07 06:14:43,False,,bajo,False
2026-09-07 06:29:01,2648,2026-09-05 22:31:33,0,2026-09-05 22:31:33,False,,medio,True
2026-09-07 06:29:01,2651,2025-03-13 16:03:26,0,2025-03-13 16:03:26,False,,bajo,False
2026-09-07 06:29:01,2652,2026-09-06 19:27:12,0,2026-09-06 19:27:12,False,,bajo,False
2026-09-07 06:29:01,2656,2026-09-05 23:38:43,0,2026-09-05 23:38:43,False,,bajo,False
2026-09-07 06:29:01,2657,2026-09-05 23:10:36,0,2026-09-05 23:10:36,False,,medio,False
2026-09-07 06:29:01,2658,2025-03-13 16:03:26,0,2025-03-13 16:03:26,False,,bajo,False
2026-09-07 06:29:01,2663,2026-09-06 18:31:43,0,2026-09-06 18:31:43,False,,bajo,False
2026-09-07 06:29:01,2679,2026-09-07 06:22:18,0,2026-09-07 06:22:18,False,,medio,False
2026-09-07 06:29:01,2697,2026-09-05 18:54:22,0,2026-09-05 18:54:22,False,,bajo,False
2026-09-07 06:29:01,2709,2026-09-06 18:28:18,0,2026-09-06 18:28:18,False,,bajo,False
2026-09-07 06:29:01,2729,2026-09-05 22:46:59,0,2026-09-05 22:46:59,False,,bajo,False
2026-09-07 06:29:01,2740,2026-09-06 14:59:44,0,2026-09-06 14:59:44,False,,bajo,False
2026-09-07 06:29:01,2753,2026-09-06 08:45:55,0,2026-09-06 08:45:55,False,,bajo,False
2026-09-07 06:29:01,2763,2026-09-05 19:08:17,0,2026-09-05 19:08:17,False,,medio,False
2026-09-07 06:29:01,2769,2026-09-05 10:53:29,0,2026-09-05 10:53:29,False,,bajo,False
2026-09-07 06:29:01,2782,2026-09-07 06:28:11,0,2026-09-07 06:28:11,False,,bajo,False
2026-09-07 06:29:01,2786,2026-09-05 22:31:13,0,2026-09-05 22:31:13,False,,alto,True
2026-09-07 06:29:01,2789,2026-09-04 20:19:06,0,2026-09-04 20:19:06,False,,bajo,False
2026-09-07 06:29:01,2792,2026-09-06 16:27:19,0,2026-09-06 16:27:19,False,,bajo,True
2026-09-07 06:29:01,2794,2026-09-06 20:17:22,0,2026-09-06 20:17:22,False,,bajo,False
2026-09-07 06:29:01,2800,2026-09-06 20:06:15,0,2026-09-06 20:06:15,False,,medio,False
2026-09-07 06:29:01,2825,2026-09-05 08:39:16,0,2026-09-05 08:39:16,False,,bajo,False
2026-09-07 06:29:01,2829,2026-08-20 09:14:28,0,2026-08-20 09:14:28,False,,medio,True
2026-09-07 06:29:01,2853,2026-09-07 06:27:15,0,2026-09-07 06:27:15,False,,bajo,False
2026-09-07 06:29:01,2856,2026-09-06 18:37:03,0,2026-09-06 18:37:03,False,,bajo,False
2026-09-07 06:29:01,2866,2026-09-06 13:23:11,0,2026-09-06 13:23:11,False,,bajo,False
2026-09-07 06:29:01,2867,2026-09-05 21:03:21,0,2026-09-05 21:03:21,False,,bajo,False
2026-09-07 06:29:01,2877,2026-09-05 21:01:36,0,2026-09-05 21:01:36,False,,bajo,False
2026-09-07 06:29:01,2905,2026-09-07 06:24:19,0,2026-09-07 06:24:19,False,,bajo,True
2026-09-07 06:29:01,2909,2026-09-03 21:44:34,0,2026-09-03 21:44:34,False,,bajo,True
2026-09-07 06:29:01,2910,2026-09-06 23:43:44,0,2026-09-06 23:43:44,False,,bajo,False
2026-09-07 06:29:01,2916,2026-09-05 22:43:33,0,2026-09-05 22:43:33,False,,alto,False
2026-09-07 06:29:01,2941,2026-09-05 10:37:24,0,2026-09-05 10:37:24,False,,bajo,False
2026-09-07 06:29:01,2942,2026-09-05 20:51:47,0,2026-09-05 20:51:47,False,,bajo,True
2026-09-07 06:29:01,2946,2026-09-07 06:27:42,0,2026-09-07 06:27:42,False,,alto,True
2026-09-07 06:29:01,2950,2026-09-07 06:25:50,0,2026-09-07 06:25:50,False,,bajo,False
2026-09-07 06:29:01,2951,2026-09-06 12:23:14,0,2026-09-06 12:23:14,False,,bajo,False
2026-09-07 06:29:01,2954,2026-09-06 21:37:35,0,2026-09-06 21:37:35,False,,bajo,False
2026-09-07 06:29:01,2959,2026-09-05 10:47:01,0,2026-09-05 10:47:01,False,,bajo,False
2026-09-07 06:29:01,2989,2026-09-07 06:26:42,0,2026-09-07 06:26:42,False,,alto,True
2026-09-07 06:29:01,2991,2026-09-07 06:27:48,0,2026-09-07 06:27:48,False,,bajo,True
2026-09-07 06:29:01,3005,2026-09-06 19:37:48,0,2026-09-06 19:37:48,False,,bajo,True
2026-09-07 06:29:01,3012,2026-09-06 20:10:09,0,2026-09-06 20:10:09,False,,bajo,False
2026-09-07 06:29:01,3023,2026-09-06 13:20:59,0,2026-09-06 13:20:59,False,,bajo,True
2026-09-07 06:29:01,3032,2026-09-05 21:41:35,0,2026-09-05 21:41:35,False,,bajo,False
2026-09-07 06:29:01,3043,2026-09-05 11:50:47,0,2026-09-05 11:50:47,False,,bajo,False
2026-09-07 06:29:01,3044,2026-09-07 01:35:02,0,2026-09-07 01:35:02,False,,alto,True
2026-09-07 06:29:01,3050,2026-09-07 06:26:05,0,2026-09-07 06:26:05,False,,alto,False
2026-09-07 06:29:01,3055,2026-09-07 00:21:20,0,2026-09-07 00:21:20,False,,alto,False
2026-09-07 06:29:01,3063,2026-09-06 22:57:00,0,2026-09-06 22:57:00,False,,bajo,False
2026-09-07 06:29:01,3066,2026-09-05 23:31:46,0,2026-09-05 23:31:46,False,,medio,False
2026-09-07 06:29:01,3073,2026-09-06 22:02:27,0,2026-09-06 22:02:27,False,,alto,True
2026-09-07 06:29:01,3077,2026-09-05 19:49:03,0,2026-09-05 19:49:03,False,,alto,False
2026-09-07 06:29:01,3081,2026-09-07 06:25:52,0,2026-09-07 06:25:52,False,,medio,False
2026-09-07 06:29:01,3090,2026-09-04 07:46:40,0,2026-09-04 07:46:40,False,,bajo,False
2026-09-07 06:29:01,3095,2026-09-07 06:26:38,0,2026-09-07 06:26:38,False,,bajo,True
2026-09-07 06:29:01,3098,2026-09-07 06:26:39,0,2026-09-07 06:26:39,False,,bajo,False
2026-09-07 06:29:01,3102,2026-09-05 16:02:17,0,2026-09-05 16:02:17,False,,medio,False
2026-09-07 06:29:01,3115,2026-09-06 21:06:57,0,2026-09-06 21:06:57,False,,bajo,False
2026-09-07 06:29:01,3116,2025-03-13 16:03:27,0,2025-03-13 16:03:27,False,,bajo,False
2026-09-07 06:29:01,3124,2026-09-05 22:43:53,0,2026-09-05 22:43:53,False,,alto,False
2026-09-07 06:29:01,3133,2026-09-06 20:55:48,0,2026-09-06 20:55:48,False,,bajo,True
2026-09-07 06:29:01,3134,2026-09-06 06:41:58,0,2026-09-06 06:41:58,False,,medio,True
2026-09-07 06:29:01,3135,2026-09-07 06:24:00,0,2026-09-07 06:24:00,False,,medio,False
2026-09-07 06:29:01,3140,2026-09-06 22:39:17,0,2026-09-06 22:39:17,False,,bajo,True
2026-09-07 06:29:01,3149,2026-09-07 06:27:47,0,2026-09-07 06:27:47,False,,alto,False
2026-09-07 06:29:01,3158,2026-09-06 14:37:52,0,2026-09-06 14:37:52,False,,bajo,False
2026-09-07 06:29:01,3168,2025-03-13 16:03:26,0,2025-03-13 16:03:26,False,,bajo,False
2026-09-07 06:29:01,3171,2026-09-06 05:50:45,0,2026-09-06 05:50:45,False,,bajo,True
2026-09-07 06:29:01,3192,2026-09-06 18:09:32,0,2026-09-06 18:09:32,False,,bajo,True
2026-09-07 06:29:01,3211,2026-09-06 21:35:42,0,2026-09-06 21:35:42,False,,bajo,False
2026-09-07 06:29:01,3212,2026-09-06 18:07:34,0,2026-09-06 18:07:34,False,,bajo,False
2026-09-07 06:29:01,3213,2026-09-07 06:27:56,0,2026-09-07 06:27:56,False,,bajo,True
2026-09-07 06:29:01,3234,2026-09-07 00:33:35,0,2026-09-07 00:33:35,False,,bajo,False
2026-09-07 06:29:01,3237,2026-09-06 20:09:54,0,2026-09-06 20:09:54,False,,bajo,False
2026-09-07 06:29:01,3251,2026-09-05 14:29:20,0,2026-09-05 14:29:20,False,,bajo,False
2026-09-07 06:29:01,3258,2026-08-03 14:55:48,0,2026-08-03 14:55:48,False,,alto,False
2026-09-07 06:29:01,3267,2026-09-06 08:09:28,0,2026-09-06 08:09:28,False,,bajo,False
2026-09-07 06:29:01,4023,2026-09-07 06:28:30,0,2026-09-07 06:28:30,False,,alto,False
2026-09-07 06:29:01,4026,2026-09-07 06:28:27,0,2026-09-07 06:28:27,False,,medio,False
2026-09-07 06:29:01,4029,2026-09-05 19:50:13,0,2026-09-05 19:50:13,False,,bajo,True
2026-09-07 06:29:01,2291,2026-09-05 20:16:28,1,2026-09-05 20:16:28,False,,bajo,True
2026-09-07 06:29:01,2297,2026-09-05 20:08:44,1,2026-09-05 20:08:44,False,,bajo,False
2026-09-07 06:29:01,2305,2026-09-05 19:40:39,1,2026-09-05 19:40:39,False,,bajo,False
2026-09-07 06:29:01,2306,2026-09-05 23:36:50,1,2026-09-05 23:36:50,False,,bajo,False
2026-09-07 06:29:01,2307,2026-09-05 13:50:04,1,2026-09-05 13:50:04,False,,alto,False
2026-09-07 06:29:01,2308,2026-09-05 14:15:04,1,2026-09-05 14:15:04,False,,alto,False
2026-09-07 06:29:01,2408,2026-09-05 18:11:41,1,2026-09-05 18:11:41,False,,bajo,False
2026-09-07 06:29:01,2409,2025-08-30 10:05:33,1,2025-08-30 10:05:33,False,,bajo,False
2026-09-07 06:29:01,2416,2026-09-05 20:26:01,1,2026-09-05 20:26:01,False,,bajo,False
2026-09-07 06:29:01,2417,2026-09-05 17:20:24,1,2026-09-05 17:20:24,False,,alto,False
2026-09-07 06:29:01,2455,2026-09-05 19:41:39,1,2026-09-05 19:41:39,False,,bajo,False
2026-09-07 06:29:01,2486,2026-09-05 12:03:30,1,2026-09-05 12:03:30,False,,bajo,False
2026-09-07 06:29:01,2489,2025-08-27 05:35:03,1,2025-08-27 05:35:03,False,,bajo,False
2026-09-07 06:29:01,2523,2025-03-13 16:03:26,1,2025-03-13 16:03:26,False,,bajo,False
2026-09-07 06:29:01,2543,2026-09-05 17:07:20,1,2026-09-05 17:07:20,False,,alto,False
2026-09-07 06:29:01,2555,2026-09-05 13:05:31,1,2026-09-05 13:05:31,False,,bajo,False
2026-09-07 06:29:01,2578,2026-09-05 20:05:42,1,2026-09-05 20:05:42,False,,alto,False
2026-09-07 06:29:01,2584,2026-09-05 20:46:50,1,2026-09-05 20:46:50,False,,medio,False
2026-09-07 06:29:01,2597,2026-09-06 18:24:05,1,2026-09-06 18:24:05,False,,alto,False
2026-09-07 06:29:01,2600,2026-09-05 21:04:34,1,2026-09-05 21:04:34,False,,bajo,False
2026-09-07 06:29:01,2612,2026-09-05 19:52:00,1,2026-09-05 19:52:00,False,,bajo,False
2026-09-07 06:29:01,2640,2026-09-05 23:49:20,1,2026-09-05 23:49:20,False,,alto,False
2026-09-07 06:29:01,2643,2026-09-06 00:31:13,1,2026-09-06 00:31:13,False,,alto,False
2026-09-07 06:29:01,2648,2026-07-03 08:32:22,1,2026-07-03 08:32:22,False,,bajo,False
2026-09-07 06:29:01,2651,2026-09-06 01:25:33,1,2026-09-06 01:25:33,False,,bajo,False
2026-09-07 06:29:01,2656,2026-09-06 20:00:47,1,2026-09-06 20:00:47,False,,bajo,False
2026-09-07 06:29:01,2657,2026-09-05 15:26:57,1,2026-09-05 15:26:57,False,,bajo,False
2026-09-07 06:29:01,2658,2026-09-05 19:31:53,1,2026-09-05 19:31:53,False,,bajo,False
2026-09-07 06:29:01,2663,2026-09-05 13:26:15,1,2026-09-05 13:26:15,False,,bajo,False
2026-09-07 06:29:01,2679,2026-09-06 09:51:22,1,2026-09-06 09:51:22,False,,medio,False
2026-09-07 06:29:01,2697,2026-09-05 15:10:39,1,2026-09-05 15:10:39,False,,alto,False
2026-09-07 06:29:01,2709,2026-09-05 17:02:59,1,2026-09-05 17:02:59,False,,bajo,False
2026-09-07 06:29:01,2729,2026-09-05 14:13:59,1,2026-09-05 14:13:59,False,,medio,False
2026-09-07 06:29:01,2740,2026-09-06 09:16:41,1,2026-09-06 09:16:41,False,,bajo,False
2026-09-07 06:29:01,2753,2026-09-06 09:46:56,1,2026-09-06 09:46:56,False,,bajo,False
2026-09-07 06:29:01,2763,2026-09-05 14:40:14,1,2026-09-05 14:40:14,False,,bajo,False
2026-09-07 06:29:01,2769,2026-09-05 18:17:09,1,2026-09-05 18:17:09,False,,alto,False
2026-09-07 06:29:01,2782,2026-09-05 21:52:57,1,2026-09-05 21:52:57,False,,alto,False
2026-09-07 06:29:01,2786,2026-09-05 15:39:32,1,2026-09-05 15:39:32,False,,bajo,False
2026-09-07 06:29:01,2789,2026-09-04 13:37:41,1,2026-09-04 13:37:41,False,,bajo,False
2026-09-07 06:29:01,2792,2026-09-06 15:19:35,1,2026-09-06 15:19:35,False,,bajo,True
2026-09-07 06:29:01,2794,2026-09-05 18:36:10,1,2026-09-05 18:36:10,False,,bajo,False
2026-09-07 06:29:01,2800,2026-09-05 15:20:46,1,2026-09-05 15:20:46,False,,alto,False
2026-09-07 06:29:01,2825,2026-09-06 11:34:30,1,2026-09-06 11:34:30,False,,bajo,False
2026-09-07 06:29:01,2829,2026-09-03 18:38:53,1,2026-09-03 18:38:53,False,,alto,False
2026-09-07 06:29:01,2853,2025-03-13 16:03:26,1,2025-03-13 16:03:26,False,,bajo,False
2026-09-07 06:29:01,2856,2026-09-05 18:27:57,1,2026-09-05 18:27:57,False,,bajo,False
2026-09-07 06:29:01,2866,2026-09-06 08:41:17,1,2026-09-06 08:41:17,False,,bajo,False
2026-09-07 06:29:01,2867,2026-09-05 18:48:38,1,2026-09-05 18:48:38,False,,bajo,False
2026-09-07 06:29:01,2877,2026-09-05 19:41:48,1,2026-09-05 19:41:48,False,,alto,False
2026-09-07 06:29:01,2905,2026-09-07 06:20:27,1,2026-09-07 06:20:27,False,,bajo,False
2026-09-07 06:29:01,2909,2026-09-04 10:16:20,1,2026-09-04 10:16:20,False,,bajo,True
2026-09-07 06:29:01,2910,2026-09-06 23:44:06,1,2026-09-06 23:44:06,False,,bajo,False
2026-09-07 06:29:01,2916,2026-09-05 22:52:52,1,2026-09-05 22:52:52,False,,alto,False
2026-09-07 06:29:01,2941,2026-09-04 21:50:30,1,2026-09-04 21:50:30,False,,bajo,False
2026-09-07 06:29:01,2942,2026-09-05 18:18:41,1,2026-09-05 18:18:41,False,,bajo,False
2026-09-07 06:29:01,2946,2026-09-07 05:16:16,1,2026-09-07 05:16:16,False,,alto,False
2026-09-07 06:29:01,2950,2026-09-05 23:11:26,1,2026-09-05 23:11:26,False,,bajo,False
2026-09-07 06:29:01,2951,2026-09-07 02:36:20,1,2026-09-07 02:36:20,False,,bajo,False
2026-09-07 06:29:01,2954,2026-09-06 12:21:39,1,2026-09-06 12:21:39,False,,bajo,False
2026-09-07 06:29:01,2959,2026-09-05 10:13:44,1,2026-09-05 10:13:44,False,,bajo,False
2026-09-07 06:29:01,2989,2026-06-03 00:01:32,1,2026-06-03 00:01:32,False,,bajo,False
2026-09-07 06:29:01,2991,2026-06-03 00:11:39,1,2026-06-03 00:11:39,False,,bajo,False
2026-09-07 06:29:01,3005,2026-09-05 18:56:37,1,2026-09-05 18:56:37,False,,medio,False
2026-09-07 06:29:01,3012,2026-09-05 13:28:50,1,2026-09-05 13:28:50,False,,bajo,False
2026-09-07 06:29:01,3023,2026-09-06 14:13:45,1,2026-09-06 14:13:45,False,,bajo,False
2026-09-07 06:29:01,3032,2026-09-06 07:02:57,1,2026-09-06 07:02:57,False,,bajo,False
2026-09-07 06:29:01,3043,2026-09-05 07:25:08,1,2026-09-05 07:25:08,False,,bajo,False
2026-09-07 06:29:01,3050,2025-03-13 16:03:26,1,2025-03-13 16:03:26,False,,bajo,False
2026-09-07 06:29:01,3055,2026-09-05 23:38:05,1,2026-09-05 23:38:05,False,,alto,False
2026-09-07 06:29:01,3063,2026-09-05 23:20:56,1,2026-09-05 23:20:56,False,,bajo,False
2026-09-07 06:29:01,3066,2026-09-05 16:40:56,1,2026-09-05 16:40:56,False,,bajo,False
2026-09-07 06:29:01,3073,2026-09-06 19:15:18,1,2026-09-06 19:15:18,False,,alto,False
2026-09-07 06:29:01,3077,2026-09-05 15:17:03,1,2026-09-05 15:17:03,False,,bajo,False
2026-09-07 06:29:01,3081,2026-09-05 20:13:03,1,2026-09-05 20:13:03,False,,bajo,False
2026-09-07 06:29:01,3090,2026-09-03 20:35:11,1,2026-09-03 20:35:11,False,,bajo,False
2026-09-07 06:29:01,3095,2026-09-06 01:20:32,1,2026-09-06 01:20:32,False,,alto,False
2026-09-07 06:29:01,3098,2026-09-05 20:35:14,1,2026-09-05 20:35:14,False,,bajo,False
2026-09-07 06:29:01,3115,2026-09-05 18:14:04,1,2026-09-05 18:14:04,False,,bajo,False
2026-09-07 06:29:01,3124,2026-09-05 13:50:38,1,2026-09-05 13:50:38,False,,bajo,False
2026-09-07 06:29:01,3133,2026-09-05 18:15:04,1,2026-09-05 18:15:04,False,,bajo,False
2026-09-07 06:29:01,3134,2026-09-06 06:41:29,1,2026-09-06 06:41:29,False,,bajo,False
2026-09-07 06:29:01,3135,2026-09-05 16:32:06,1,2026-09-05 16:32:06,False,,bajo,False
2026-09-07 06:29:01,3149,2026-09-05 21:49:11,1,2026-09-05 21:49:11,False,,alto,False
2026-09-07 06:29:01,3158,2026-09-06 13:44:52,1,2026-09-06 13:44:52,False,,bajo,False
2026-09-07 06:29:01,3171,2026-09-05 14:11:32,1,2026-09-05 14:11:32,False,,bajo,False
2026-09-07 06:29:01,3212,2026-09-06 12:39:10,1,2026-09-06 12:39:10,False,,medio,False
2026-09-07 06:29:01,3213,2026-09-06 15:42:29,1,2026-09-06 15:42:29,False,,bajo,False
2026-09-07 06:29:01,3258,2026-09-05 14:43:57,1,2026-09-05 14:43:57,False,,bajo,False
2026-09-07 06:29:01,3267,2026-09-05 17:56:50,1,2026-09-05 17:56:50,False,,bajo,False
2026-09-07 06:29:01,3276,2026-09-06 08:09:02,1,2026-09-06 08:09:02,False,,bajo,False
2026-09-07 06:29:01,4023,2026-09-05 21:43:34,1,2026-09-05 21:43:34,False,,alto,False
2026-09-07 06:29:01,4026,2026-09-05 17:58:10,1,2026-09-05 17:58:10,False,,alto,True
2026-09-07 06:29:01,4029,2026-09-05 13:02:35,1,2026-09-05 13:02:35,False,,bajo,False
2026-09-07 06:29:01,2228,2026-06-03 08:18:35,2,2026-06-03 08:18:35,False,,bajo,False
2026-09-07 06:29:01,2305,2026-06-03 06:05:23,2,2026-06-03 06:05:23,False,,bajo,False
2026-09-07 06:29:01,2455,2026-06-03 08:41:04,2,2026-06-03 08:41:04,False,,bajo,False
2026-09-07 06:29:01,2462,2026-08-13 15:52:51,2,2026-08-13 15:52:51,False,,bajo,False
2026-09-07 06:29:01,2489,2026-06-03 02:55:41,2,2026-06-03 02:55:41,False,,bajo,False
2026-09-07 06:29:01,2556,2026-06-03 08:33:18,2,2026-06-03 08:33:18,False,,bajo,False
2026-09-07 06:29:01,2633,2026-06-03 08:07:23,2,2026-06-03 08:07:23,False,,bajo,False
2026-09-07 06:29:01,2648,2026-06-03 00:17:04,2,2026-06-03 00:17:04,False,,bajo,False
2026-09-07 06:29:01,2657,2026-06-03 06:00:43,2,2026-06-03 06:00:43,False,,bajo,False
2026-09-07 06:29:01,2763,2026-06-03 08:29:55,2,2026-06-03 08:29:55,False,,bajo,False
2026-09-07 06:29:01,2905,2026-06-03 06:33:05,2,2026-06-03 06:33:05,False,,bajo,False
2026-09-07 06:29:01,2950,2026-08-25 15:00:09,2,2026-08-25 15:00:09,False,,alto,False
2026-09-07 06:29:01,3055,2026-06-03 06:12:12,2,2026-06-03 06:12:12,False,,bajo,False
2026-09-07 06:29:01,3063,2026-06-03 08:39:31,2,2026-06-03 08:39:31,False,,bajo,False
2026-09-07 06:29:01,3134,2026-06-03 06:13:07,2,2026-06-03 06:13:07,False,,bajo,False
2026-09-07 06:29:01,3192,2026-06-03 06:29:23,2,2026-06-03 06:29:23,False,,bajo,False
2026-09-07 06:29:01,3194,2026-06-03 08:28:56,2,2026-06-03 08:28:56,False,,bajo,False
2026-09-07 06:29:01,3211,2026-06-03 07:21:15,2,2026-06-03 07:21:15,False,,bajo,False
2026-09-07 06:29:01,3213,2026-07-22 03:30:47,2,2026-07-22 03:30:47,False,,bajo,False
2026-09-07 06:29:01,3237,2026-06-03 08:08:14,2,2026-06-03 08:08:14,False,,bajo,False
2026-09-07 06:29:01,2348,2026-09-06 22:09:02,0,2026-09-06 22:09:02,False,,bajo,True
2026-09-07 06:29:01,2353,2026-09-06 06:32:43,0,2026-09-06 06:32:43,False,,medio,False
2026-09-07 06:29:01,2355,2026-09-07 05:58:25,0,2026-09-07 05:58:25,False,,alto,False
2026-09-07 06:29:01,2356,2026-09-06 22:17:24,0,2026-09-06 22:17:24,False,,bajo,False
2026-09-07 06:29:01,2535,2026-09-07 06:28:28,0,2026-09-07 06:28:28,False,,bajo,False
2026-09-07 06:29:01,2549,2026-09-06 14:03:30,0,2026-09-06 14:03:30,False,,bajo,False
2026-09-07 06:29:01,2564,2026-09-06 20:04:29,0,2026-09-06 20:04:29,False,,bajo,False
2026-09-07 06:29:01,2577,2026-09-06 18:37:56,0,2026-09-06 18:37:56,False,,bajo,True
2026-09-07 06:29:01,2585,2026-09-06 22:25:18,0,2026-09-06 22:25:18,False,,bajo,False
2026-09-07 06:29:01,2589,2026-09-06 07:42:06,0,2026-09-06 07:42:06,False,,bajo,False
2026-09-07 06:29:01,2595,2026-09-06 21:53:31,0,2026-09-06 21:53:31,False,,bajo,False
2026-09-07 06:29:01,2605,2026-09-06 19:16:22,0,2026-09-06 19:16:22,False,,alto,False
2026-09-07 06:29:01,2624,2026-09-05 17:42:49,0,2026-09-05 17:42:49,False,,bajo,True
2026-09-07 06:29:01,2636,2026-09-06 23:36:44,0,2026-09-06 23:36:44,False,,bajo,False
2026-09-07 06:29:01,2637,2026-09-07 06:28:10,0,2026-09-07 06:28:10,False,,bajo,False
2026-09-07 06:29:01,2638,2025-03-13 16:03:26,0,2025-03-13 16:03:26,False,,bajo,False
2026-09-07 06:29:01,2641,2026-09-06 21:31:42,0,2026-09-06 21:31:42,False,,bajo,False
2026-09-07 06:29:01,2644,2026-09-07 06:27:52,0,2026-09-07 06:27:52,False,,bajo,False
2026-09-07 06:29:01,2650,2026-04-03 16:21:31,0,2026-04-03 16:21:31,False,,bajo,False
2026-09-07 06:29:01,2672,2026-08-18 03:18:38,0,2026-08-18 03:18:38,False,,bajo,False
2026-09-07 06:29:01,2674,2026-09-06 23:03:29,0,2026-09-06 23:03:29,False,,bajo,False
2026-09-07 06:29:01,2684,2026-09-06 21:53:43,0,2026-09-06 21:53:43,False,,bajo,False
2026-09-07 06:29:01,2692,2026-09-07 06:27:27,0,2026-09-07 06:27:27,False,,bajo,False
2026-09-07 06:29:01,2720,2026-09-06 19:38:47,0,2026-09-06 19:38:47,False,,bajo,False
2026-09-07 06:29:01,2886,2026-09-07 06:16:44,0,2026-09-07 06:16:44,False,,bajo,True
2026-09-07 06:29:01,3000,2026-09-07 06:27:32,0,2026-09-07 06:27:32,False,,bajo,True
2026-09-07 06:29:01,3001,2026-09-07 06:27:33,0,2026-09-07 06:27:33,False,,bajo,True
2026-09-07 06:29:01,3007,2026-09-07 06:23:52,0,2026-09-07 06:23:52,False,,bajo,True
2026-09-07 06:29:01,3015,2026-09-06 18:12:12,0,2026-09-06 18:12:12,False,,bajo,False
2026-09-07 06:29:01,3034,2026-09-06 18:33:23,0,2026-09-06 18:33:23,False,,bajo,False
2026-09-07 06:29:01,3091,2026-09-06 10:55:17,0,2026-09-06 10:55:17,False,,bajo,False
2026-09-07 06:29:01,3125,2026-09-07 06:28:33,0,2026-09-07 06:28:33,False,,bajo,True
2026-09-07 06:29:01,3236,2026-09-06 19:40:55,0,2026-09-06 19:40:55,False,,bajo,False
2026-09-07 06:29:01,3275,2026-09-04 12:22:15,0,2026-09-04 12:22:15,False,,bajo,False
2026-09-07 06:29:01,2348,2026-09-06 22:01:15,1,2026-09-06 22:01:15,False,,bajo,False
2026-09-07 06:29:01,2353,2026-09-05 15:02:46,1,2026-09-05 15:02:46,False,,alto,True
2026-09-07 06:29:01,2355,2026-09-05 16:29:26,1,2026-09-05 16:29:26,False,,medio,True
2026-09-07 06:29:01,2356,2026-09-05 15:06:43,1,2026-09-05 15:06:43,False,,bajo,True
2026-09-07 06:29:01,2535,2026-09-05 14:05:32,1,2026-09-05 14:05:32,False,,bajo,True
2026-09-07 06:29:01,2549,2026-09-06 09:03:32,1,2026-09-06 09:03:32,False,,bajo,False
2026-09-07 06:29:01,2564,2026-09-05 22:17:37,1,2026-09-05 22:17:37,False,,bajo,False
2026-09-07 06:29:01,2577,2026-09-05 15:34:11,1,2026-09-05 15:34:11,False,,bajo,False
2026-09-07 06:29:01,2585,2025-12-11 16:55:33,1,2025-12-11 16:55:33,False,,bajo,False
2026-09-07 06:29:01,2589,2026-09-06 07:40:49,1,2026-09-06 07:40:49,False,,bajo,False
2026-09-07 06:29:01,2595,2026-09-06 10:37:13,1,2026-09-06 10:37:13,False,,medio,False
2026-09-07 06:29:01,2605,2026-09-05 16:34:19,1,2026-09-05 16:34:19,False,,bajo,False
2026-09-07 06:29:01,2624,2026-09-06 18:29:14,1,2026-09-06 18:29:14,False,,alto,False
2026-09-07 06:29:01,2636,2026-09-05 13:10:17,1,2026-09-05 13:10:17,False,,bajo,False
2026-09-07 06:29:01,2637,2026-09-05 13:54:15,1,2026-09-05 13:54:15,False,,bajo,True
2026-09-07 06:29:01,2638,2025-03-13 16:03:26,1,2025-03-13 16:03:26,False,,bajo,False
2026-09-07 06:29:01,2641,2026-09-05 14:23:10,1,2026-09-05 14:23:10,False,,bajo,False
2026-09-07 06:29:01,2644,2026-09-05 19:26:28,1,2026-09-05 19:26:28,False,,bajo,True
2026-09-07 06:29:01,2650,2025-12-17 11:02:46,1,2025-12-17 11:02:46,False,,bajo,False
2026-09-07 06:29:01,2672,2026-08-18 10:46:23,1,2026-08-18 10:46:23,False,,bajo,False
2026-09-07 06:29:01,2674,2026-09-07 06:03:12,1,2026-09-07 06:03:12,False,,bajo,False
2026-09-07 06:29:01,2684,2026-09-05 16:51:43,1,2026-09-05 16:51:43,False,,bajo,True
2026-09-07 06:29:01,2692,2026-09-05 13:13:47,1,2026-09-05 13:13:47,False,,alto,True
2026-09-07 06:29:01,2720,2026-09-06 17:51:03,1,2026-09-06 17:51:03,False,,bajo,False
2026-09-07 06:29:01,2886,2026-09-06 23:28:48,1,2026-09-06 23:28:48,False,,bajo,True
2026-09-07 06:29:01,3000,2026-09-07 05:24:28,1,2026-09-07 05:24:28,False,,bajo,True
2026-09-07 06:29:01,3001,2026-01-05 08:26:33,1,2026-01-05 08:26:33,False,,bajo,False
2026-09-07 06:29:01,3007,2026-09-05 16:57:34,1,2026-09-05 16:57:34,False,,bajo,False
2026-09-07 06:29:01,3015,2026-09-06 09:59:56,1,2026-09-06 09:59:56,False,,bajo,False
2026-09-07 06:29:01,3034,2026-09-06 23:37:03,1,2026-09-06 23:37:03,False,,bajo,False
2026-09-07 06:29:01,3091,2026-09-05 18:22:56,1,2026-09-05 18:22:56,False,,bajo,False
2026-09-07 06:29:01,3125,2026-09-05 22:08:38,1,2026-09-05 22:08:38,False,,bajo,False
2026-09-07 06:29:01,3236,2026-09-06 11:29:18,1,2026-09-06 11:29:18,False,,bajo,False
2026-09-07 06:29:01,3275,2026-09-05 17:00:15,1,2026-09-05 17:00:15,False,,bajo,False
2026-09-07 06:29:01,2589,2025-03-13 16:03:26,2,2025-03-13 16:03:26,False,,bajo,False
2026-09-07 06:29:01,2333,2026-06-03 07:34:42,0,2026-06-03 07:34:42,False,,bajo,False
2026-09-07 06:29:01,2338,2026-09-06 10:36:14,0,2026-09-06 10:36:14,False,,medio,False
2026-09-07 06:29:01,2345,2026-09-06 06:16:16,0,2026-09-06 06:16:16,False,,bajo,False
2026-09-07 06:29:01,2346,2026-09-06 06:54:54,0,2026-09-06 06:54:54,False,,bajo,False
2026-09-07 06:29:01,2425,2026-09-05 11:19:48,0,2026-09-05 11:19:48,False,,bajo,False
2026-09-07 06:29:01,2444,2026-09-05 17:11:41,0,2026-09-05 17:11:41,False,,bajo,False
2026-09-07 06:29:01,2481,2026-09-06 06:10:48,0,2026-09-06 06:10:48,False,,bajo,False
2026-09-07 06:29:01,2502,2026-09-06 02:31:44,0,2026-09-06 02:31:44,False,,alto,False
2026-09-07 06:29:01,2514,2026-09-06 02:54:50,0,2026-09-06 02:54:50,False,,medio,False
2026-09-07 06:29:01,2515,2026-09-06 03:15:08,0,2026-09-06 03:15:08,False,,medio,False
2026-09-07 06:29:01,2537,2026-09-06 09:28:43,0,2026-09-06 09:28:43,False,,bajo,False
2026-09-07 06:29:01,2601,2026-09-06 08:51:41,0,2026-09-06 08:51:41,False,,alto,False
2026-09-07 06:29:01,2617,2026-09-06 19:41:39,0,2026-09-06 19:41:39,False,,bajo,False
2026-09-07 06:29:01,2618,2026-09-05 14:54:19,0,2026-09-05 14:54:19,False,,alto,False
2026-09-07 06:29:01,2645,2026-09-06 07:36:49,0,2026-09-06 07:36:49,False,,bajo,False
2026-09-07 06:29:01,2725,2026-09-05 23:56:26,0,2026-09-05 23:56:26,False,,bajo,False
2026-09-07 06:29:01,2727,2026-09-05 10:13:28,0,2026-09-05 10:13:28,False,,bajo,False
2026-09-07 06:29:01,2787,2026-09-05 22:07:50,0,2026-09-05 22:07:50,False,,bajo,True
2026-09-07 06:29:01,2883,2026-09-06 20:00:23,0,2026-09-06 20:00:23,False,,bajo,False
2026-09-07 06:29:01,2885,2026-09-06 22:49:06,0,2026-09-06 22:49:06,False,,bajo,True
2026-09-07 06:29:01,2888,2026-09-06 23:09:09,0,2026-09-06 23:09:09,False,,bajo,False
2026-09-07 06:29:01,2957,2026-09-06 20:02:12,0,2026-09-06 20:02:12,False,,alto,False
2026-09-07 06:29:01,2960,2026-09-05 08:52:11,0,2026-09-05 08:52:11,False,,bajo,False
2026-09-07 06:29:01,3003,2026-09-06 07:57:57,0,2026-09-06 07:57:57,False,,bajo,False
2026-09-07 06:29:01,3004,2026-09-06 22:36:04,0,2026-09-06 22:36:04,False,,bajo,False
2026-09-07 06:29:01,3047,2026-09-06 23:01:02,0,2026-09-06 23:01:02,False,,bajo,False
2026-09-07 06:29:01,3062,2026-09-05 16:32:34,0,2026-09-05 16:32:34,False,,bajo,False
2026-09-07 06:29:01,3071,2026-09-07 06:27:23,0,2026-09-07 06:27:23,False,,bajo,False
2026-09-07 06:29:01,3136,2026-09-05 17:10:18,0,2026-09-05 17:10:18,False,,bajo,False
2026-09-07 06:29:01,3174,2026-09-06 23:15:29,0,2026-09-06 23:15:29,False,,bajo,False
2026-09-07 06:29:01,3175,2026-09-06 04:21:20,0,2026-09-06 04:21:20,False,,bajo,True
2026-09-07 06:29:01,3262,2026-09-05 23:28:11,0,2026-09-05 23:28:11,False,,alto,True
2026-09-07 06:29:01,3277,2026-09-06 03:20:21,0,2026-09-06 03:20:21,False,,bajo,False
2026-09-07 06:29:01,2333,2026-06-03 07:34:43,1,2026-06-03 07:34:43,False,,bajo,False
2026-09-07 06:29:01,2338,2026-09-05 19:14:24,1,2026-09-05 19:14:24,False,,alto,False
2026-09-07 06:29:01,2345,2026-09-05 14:45:29,1,2026-09-05 14:45:29,False,,bajo,False
2026-09-07 06:29:01,2346,2026-09-05 16:43:17,1,2026-09-05 16:43:17,False,,bajo,True
2026-09-07 06:29:01,2425,2026-09-04 19:11:45,1,2026-09-04 19:11:45,False,,bajo,False
2026-09-07 06:29:01,2444,2026-09-05 11:56:05,1,2026-09-05 11:56:05,False,,bajo,False
2026-09-07 06:29:01,2481,2026-09-05 14:26:15,1,2026-09-05 14:26:15,False,,bajo,False
2026-09-07 06:29:01,2502,2026-09-06 03:02:05,1,2026-09-06 03:02:05,False,,alto,False
2026-09-07 06:29:01,2514,2026-09-05 15:24:36,1,2026-09-05 15:24:36,False,,bajo,False
2026-09-07 06:29:01,2515,2026-09-05 16:45:46,1,2026-09-05 16:45:46,False,,medio,True
2026-09-07 06:29:01,2537,2026-09-06 14:53:09,1,2026-09-06 14:53:09,False,,bajo,False
2026-09-07 06:29:01,2601,2026-09-05 16:34:02,1,2026-09-05 16:34:02,False,,alto,False
2026-09-07 06:29:01,2617,2026-09-06 18:46:58,1,2026-09-06 18:46:58,False,,bajo,False
2026-09-07 06:29:01,2618,2026-09-05 14:02:06,1,2026-09-05 14:02:06,False,,alto,False
2026-09-07 06:29:01,2645,2026-09-05 16:03:45,1,2026-09-05 16:03:45,False,,bajo,False
2026-09-07 06:29:01,2725,2026-09-05 22:58:26,1,2026-09-05 22:58:26,False,,bajo,False
2026-09-07 06:29:01,2727,2026-09-05 09:05:09,1,2026-09-05 09:05:09,False,,bajo,True
2026-09-07 06:29:01,2787,2026-09-05 16:51:33,1,2026-09-05 16:51:33,False,,bajo,False
2026-09-07 06:29:01,2883,2026-09-05 16:47:25,1,2026-09-05 16:47:25,False,,bajo,False
2026-09-07 06:29:01,2885,2026-09-06 22:53:27,1,2026-09-06 22:53:27,False,,bajo,True
2026-09-07 06:29:01,2888,2026-09-05 21:52:56,1,2026-09-05 21:52:56,False,,bajo,False
2026-09-07 06:29:01,2957,2026-09-05 20:32:06,1,2026-09-05 20:32:06,False,,alto,False
2026-09-07 06:29:01,2960,2026-09-05 17:19:18,1,2026-09-05 17:19:18,False,,bajo,False
2026-09-07 06:29:01,3003,2026-09-06 20:12:27,1,2026-09-06 20:12:27,False,,bajo,True
2026-09-07 06:29:01,3004,2026-06-03 08:58:20,1,2026-06-03 08:58:20,False,,bajo,False
2026-09-07 06:29:01,3047,2026-09-05 22:42:18,1,2026-09-05 22:42:18,False,,bajo,False
2026-09-07 06:29:01,3062,2026-09-06 19:11:31,1,2026-09-06 19:11:31,False,,bajo,False
2026-09-07 06:29:01,3071,2026-09-05 23:12:47,1,2026-09-05 23:12:47,False,,bajo,False
2026-09-07 06:29:01,3136,2026-09-05 16:24:09,1,2026-09-05 16:24:09,False,,bajo,False
2026-09-07 06:29:01,3174,2026-09-05 23:42:29,1,2026-09-05 23:42:29,False,,bajo,False
2026-09-07 06:29:01,3175,2026-06-03 07:27:38,1,2026-06-03 07:27:38,False,,bajo,False
2026-09-07 06:29:01,3262,2026-09-05 22:34:52,1,2026-09-05 22:34:52,False,,bajo,True
2026-09-07 06:29:01,3277,2026-09-05 17:59:28,1,2026-09-05 17:59:28,False,,bajo,False
2026-09-07 06:29:01,2537,2025-03-13 16:03:26,2,2025-03-13 16:03:26,False,,bajo,False
2026-09-07 06:29:01,2249,2026-09-07 06:13:49,0,2026-09-07 06:13:49,False,,bajo,True
2026-09-07 06:29:01,2251,2026-09-07 06:22:10,0,2026-09-07 06:22:10,False,,alto,True
2026-09-07 06:29:01,2339,2026-09-06 09:52:30,0,2026-09-06 09:52:30,False,,bajo,True
2026-09-07 06:29:01,2341,2026-09-07 06:19:15,0,2026-09-07 06:19:15,False,,bajo,True
2026-09-07 06:29:01,2350,2026-09-07 06:22:12,0,2026-09-07 06:22:12,False,,bajo,True
2026-09-07 06:29:01,2364,2026-09-07 06:27:47,0,2026-09-07 06:27:47,False,,bajo,True
2026-09-07 06:29:01,2386,2026-09-06 18:30:07,0,2026-09-06 18:30:07,False,,bajo,True
2026-09-07 06:29:01,2388,2026-09-07 06:17:23,0,2026-09-07 06:17:23,False,,bajo,True
2026-09-07 06:29:01,2390,2026-09-06 19:13:12,0,2026-09-06 19:13:12,False,,alto,True
2026-09-07 06:29:01,2472,2026-09-07 06:28:28,0,2026-09-07 06:28:28,False,,bajo,True
2026-09-07 06:29:01,2500,2026-09-07 06:23:27,0,2026-09-07 06:23:27,False,,medio,True
2026-09-07 06:29:01,2528,2026-09-05 18:29:03,0,2026-09-05 18:29:03,False,,medio,True
2026-09-07 06:29:01,2559,2026-09-07 06:17:55,0,2026-09-07 06:17:55,False,,medio,True
2026-09-07 06:29:01,2603,2026-09-07 06:27:41,0,2026-09-07 06:27:41,False,,bajo,True
2026-09-07 06:29:01,2616,2026-09-07 06:24:42,0,2026-09-07 06:24:42,False,,bajo,True
2026-09-07 06:29:01,2627,2026-09-05 19:06:35,0,2026-09-05 19:06:35,False,,bajo,False
2026-09-07 06:29:01,2642,2026-09-06 13:46:39,0,2026-09-06 13:46:39,False,,bajo,True
2026-09-07 06:29:01,2646,2026-09-07 06:28:38,0,2026-09-07 06:28:38,False,,bajo,False
2026-09-07 06:29:01,2688,2026-09-06 11:06:28,0,2026-09-06 11:06:28,False,,medio,True
2026-09-07 06:29:01,2804,2026-09-06 18:26:29,0,2026-09-06 18:26:29,False,,medio,False
2026-09-07 06:29:01,2857,2026-09-07 06:28:25,0,2026-09-07 06:28:25,False,,bajo,True
2026-09-07 06:29:01,2868,2026-09-07 06:27:09,0,2026-09-07 06:27:09,False,,bajo,False
2026-09-07 06:29:01,2911,2026-09-07 06:28:04,0,2026-09-07 06:28:04,False,,bajo,True
2026-09-07 06:29:01,2974,2026-09-07 06:27:04,0,2026-09-07 06:27:04,False,,bajo,True
2026-09-07 06:29:01,2977,2026-09-07 06:25:59,0,2026-09-07 06:25:59,False,,alto,True
2026-09-07 06:29:01,2979,2026-09-07 06:22:57,0,2026-09-07 06:22:57,False,,bajo,True
2026-09-07 06:29:01,2980,2026-09-07 06:07:55,0,2026-09-07 06:07:55,False,,bajo,True
2026-09-07 06:29:01,2981,2026-09-07 06:25:42,0,2026-09-07 06:25:42,False,,bajo,True
2026-09-07 06:29:01,2982,2026-09-07 06:26:19,0,2026-09-07 06:26:19,False,,bajo,True
2026-09-07 06:29:01,3046,2026-09-07 06:27:23,0,2026-09-07 06:27:23,False,,medio,False
2026-09-07 06:29:01,3257,2026-09-07 06:26:13,0,2026-09-07 06:26:13,False,,bajo,True
2026-09-07 06:29:01,2249,2026-09-06 22:52:30,1,2026-09-06 22:52:30,False,,medio,True
2026-09-07 06:29:01,2251,2026-09-05 19:14:54,1,2026-09-05 19:14:54,False,,alto,True
2026-09-07 06:29:01,2339,2026-09-05 14:36:12,1,2026-09-05 14:36:12,False,,bajo,True
2026-09-07 06:29:01,2350,2026-09-05 20:55:49,1,2026-09-05 20:55:49,False,,bajo,True
2026-09-07 06:29:01,2364,2026-09-05 15:29:37,1,2026-09-05 15:29:37,False,,alto,True
2026-09-07 06:29:01,2472,2026-09-05 13:38:54,1,2026-09-05 13:38:54,False,,alto,True
2026-09-07 06:29:01,2500,2026-09-06 11:39:56,1,2026-09-06 11:39:56,False,,alto,True
2026-09-07 06:29:01,2528,2026-09-06 08:05:28,1,2026-09-06 08:05:28,False,,bajo,True
2026-09-07 06:29:01,2559,2026-09-06 11:37:41,1,2026-09-06 11:37:41,False,,bajo,False
2026-09-07 06:29:01,2603,2026-09-06 11:47:05,1,2026-09-06 11:47:05,False,,bajo,True
2026-09-07 06:29:01,2616,2026-09-07 01:55:24,1,2026-09-07 01:55:24,False,,bajo,False
2026-09-07 06:29:01,2627,2026-09-05 17:03:01,1,2026-09-05 17:03:01,False,,medio,True
2026-09-07 06:29:01,2642,2026-09-05 15:26:36,1,2026-09-05 15:26:36,False,,bajo,True
2026-09-07 06:29:01,2646,2026-09-07 06:22:32,1,2026-09-07 06:22:32,False,,alto,False
2026-09-07 06:29:01,2688,2026-09-06 08:30:57,1,2026-09-06 08:30:57,False,,medio,True
2026-09-07 06:29:01,2804,2026-09-05 11:14:16,1,2026-09-05 11:14:16,False,,bajo,True
2026-09-07 06:29:01,2857,2026-09-07 06:25:46,1,2026-09-07 06:25:46,False,,bajo,True
2026-09-07 06:29:01,2868,2026-09-06 16:09:56,1,2026-09-06 16:09:56,False,,bajo,False
2026-09-07 06:29:01,2911,2026-09-07 04:27:18,1,2026-09-07 04:27:18,False,,bajo,False
2026-09-07 06:29:01,2974,2026-09-06 14:13:03,1,2026-09-06 14:13:03,False,,bajo,True
2026-09-07 06:29:01,2977,2026-09-05 11:57:09,1,2026-09-05 11:57:09,False,,alto,True
2026-09-07 06:29:01,2979,2026-09-06 21:29:33,1,2026-09-06 21:29:33,False,,alto,True
2026-09-07 06:29:01,2980,2026-09-06 16:20:21,1,2026-09-06 16:20:21,False,,bajo,False
2026-09-07 06:29:01,2981,2026-09-07 06:25:22,1,2026-09-07 06:25:22,False,,bajo,True
2026-09-07 06:29:01,2982,2026-09-05 18:57:29,1,2026-09-05 18:57:29,False,,bajo,True
2026-09-07 06:29:01,3257,2026-09-06 21:55:50,1,2026-09-06 21:55:50,False,,bajo,True
2026-09-07 06:29:01,2364,2026-06-03 08:18:32,2,2026-06-03 08:18:32,False,,bajo,False
2026-09-07 06:29:01,2390,2026-06-03 06:18:03,2,2026-06-03 06:18:03,False,,bajo,False
2026-09-07 06:29:01,2472,2026-06-03 06:36:25,2,2026-06-03 06:36:25,False,,bajo,False
2026-09-07 06:29:01,2627,2026-06-03 01:47:48,2,2026-06-03 01:47:48,False,,bajo,False
2026-09-07 06:29:01,1724,2026-09-06 18:04:20,0,2026-09-06 18:04:20,False,,bajo,False
2026-09-07 06:29:01,1744,2026-09-06 15:52:03,0,2026-09-06 15:52:03,False,,bajo,True
2026-09-07 06:29:01,1766,2026-09-06 20:38:24,0,2026-09-06 20:38:24,False,,bajo,False
2026-09-07 06:29:01,1784,2026-09-07 06:28:23,0,2026-09-07 06:28:23,False,,bajo,True
2026-09-07 06:29:01,1805,2026-09-06 23:52:16,0,2026-09-06 23:52:16,False,,bajo,True
2026-09-07 06:29:01,1806,2026-09-07 00:13:29,0,2026-09-07 00:13:29,False,,bajo,True
2026-09-07 06:29:01,1824,2026-09-06 16:02:29,0,2026-09-06 16:02:29,False,,bajo,False
2026-09-07 06:29:01,1844,2026-09-07 06:26:31,0,2026-09-07 06:26:31,False,,bajo,True
2026-09-07 06:29:01,1845,2026-09-06 23:34:20,0,2026-09-06 23:34:20,False,,bajo,True
2026-09-07 06:29:01,1846,2026-09-07 06:24:53,0,2026-09-07 06:24:53,False,,bajo,True
2026-09-07 06:29:01,1887,2026-09-07 01:03:12,0,2026-09-07 01:03:12,False,,bajo,True
2026-09-07 06:29:01,1924,2026-09-06 16:27:01,0,2026-09-06 16:27:01,False,,bajo,False
2026-09-07 06:29:01,1926,2026-09-06 22:34:07,0,2026-09-06 22:34:07,False,,bajo,True
2026-09-07 06:29:01,1927,2026-09-06 18:38:26,0,2026-09-06 18:38:26,False,,bajo,False
2026-09-07 06:29:01,1928,2026-09-04 11:13:56,0,2026-09-04 11:13:56,False,,bajo,True
2026-09-07 06:29:01,1944,2026-09-07 06:26:14,0,2026-09-07 06:26:14,False,,bajo,True
2026-09-07 06:29:01,1945,2026-09-06 23:04:29,0,2026-09-06 23:04:29,False,,bajo,True
2026-09-07 06:29:01,1964,2026-09-07 06:28:16,0,2026-09-07 06:28:16,False,,alto,True
2026-09-07 06:29:01,1965,2026-09-07 06:19:32,0,2026-09-07 06:19:32,False,,bajo,True
2026-09-07 06:29:01,1984,2026-09-07 06:24:18,0,2026-09-07 06:24:18,False,,bajo,True
2026-09-07 06:29:01,2190,2026-09-07 06:28:20,0,2026-09-07 06:28:20,False,,bajo,True
2026-09-07 06:29:01,2192,2026-09-07 06:25:06,0,2026-09-07 06:25:06,False,,bajo,True
2026-09-07 06:29:01,2193,2026-09-06 19:16:01,0,2026-09-06 19:16:01,False,,bajo,False
2026-09-07 06:29:01,2204,2026-09-07 06:25:15,0,2026-09-07 06:25:15,False,,bajo,True
2026-09-07 06:29:01,2205,2026-09-06 12:55:36,0,2026-09-06 12:55:36,False,,bajo,False
2026-09-07 06:29:01,2207,2026-09-07 06:21:29,0,2026-09-07 06:21:29,False,,medio,True
2026-09-07 06:29:01,2208,2026-09-06 13:21:49,0,2026-09-06 13:21:49,False,,bajo,True
2026-09-07 06:29:01,2224,2026-09-06 19:29:04,0,2026-09-06 19:29:04,False,,bajo,True
2026-09-07 06:29:01,2225,2026-09-07 06:26:07,0,2026-09-07 06:26:07,False,,bajo,True
2026-09-07 06:29:01,2227,2026-09-06 16:15:09,0,2026-09-06 16:15:09,False,,bajo,True
2026-09-07 06:29:01,2229,2026-09-07 06:27:58,0,2026-09-07 06:27:58,False,,bajo,True
2026-09-07 06:29:01,2230,2026-09-07 06:26:40,0,2026-09-07 06:26:40,False,,alto,True
2026-09-07 06:29:01,2250,2026-09-07 06:27:57,0,2026-09-07 06:27:57,False,,bajo,True
2026-09-07 06:29:01,2264,2026-09-07 06:17:36,0,2026-09-07 06:17:36,False,,bajo,True
2026-09-07 06:29:01,2268,2026-09-07 06:28:19,0,2026-09-07 06:28:19,False,,bajo,True
2026-09-07 06:29:01,2284,2026-08-29 20:34:34,0,2026-08-29 20:34:34,False,,bajo,True
2026-09-07 06:29:01,2317,2026-09-07 06:24:11,0,2026-09-07 06:24:11,False,,bajo,True
2026-09-07 06:29:01,2326,2026-09-06 18:39:56,0,2026-09-06 18:39:56,False,,bajo,True
2026-09-07 06:29:01,2327,2026-09-07 06:27:39,0,2026-09-07 06:27:39,False,,bajo,True
2026-09-07 06:29:01,2330,2026-09-06 18:43:26,0,2026-09-06 18:43:26,False,,bajo,False
2026-09-07 06:29:01,2335,2026-09-07 06:26:58,0,2026-09-07 06:26:58,False,,bajo,True
2026-09-07 06:29:01,2391,2026-09-06 10:27:10,0,2026-09-06 10:27:10,False,,bajo,False
2026-09-07 06:29:01,2404,2026-09-06 06:11:03,0,2026-09-06 06:11:03,False,,bajo,True
2026-09-07 06:29:01,2411,2026-09-06 15:19:57,0,2026-09-06 15:19:57,False,,bajo,False
2026-09-07 06:29:01,2415,2026-09-06 18:03:18,0,2026-09-06 18:03:18,False,,bajo,True
2026-09-07 06:29:01,2424,2025-03-13 16:03:26,0,2025-03-13 16:03:26,False,,bajo,False
2026-09-07 06:29:01,2446,2026-09-07 01:37:14,0,2026-09-07 01:37:14,False,,bajo,True
2026-09-07 06:29:01,2459,2026-09-06 19:03:43,0,2026-09-06 19:03:43,False,,bajo,True
2026-09-07 06:29:01,2464,2026-09-06 19:16:26,0,2026-09-06 19:16:26,False,,bajo,True
2026-09-07 06:29:01,2465,2026-09-06 22:12:12,0,2026-09-06 22:12:12,False,,bajo,False
2026-09-07 06:29:01,2466,2026-09-07 06:26:20,0,2026-09-07 06:26:20,False,,bajo,False
2026-09-07 06:29:01,2468,2026-09-07 06:25:22,0,2026-09-07 06:25:22,False,,bajo,True
2026-09-07 06:29:01,2471,2026-09-07 06:25:42,0,2026-09-07 06:25:42,False,,bajo,True
2026-09-07 06:29:01,2475,2026-09-07 06:27:42,0,2026-09-07 06:27:42,False,,bajo,True
2026-09-07 06:29:01,2476,2026-09-07 06:28:18,0,2026-09-07 06:28:18,False,,bajo,True
2026-09-07 06:29:01,2482,2026-09-06 20:42:27,0,2026-09-06 20:42:27,False,,bajo,True
2026-09-07 06:29:01,2484,2026-09-06 21:41:42,0,2026-09-06 21:41:42,False,,bajo,True
2026-09-07 06:29:01,2485,2026-09-07 06:23:43,0,2026-09-07 06:23:43,False,,bajo,True
2026-09-07 06:29:01,2492,2026-09-07 06:28:25,0,2026-09-07 06:28:25,False,,bajo,True
2026-09-07 06:29:01,2516,2026-09-05 13:14:55,0,2026-09-05 13:14:55,False,,bajo,False
2026-09-07 06:29:01,2519,2026-09-07 06:26:31,0,2026-09-07 06:26:31,False,,bajo,True
2026-09-07 06:29:01,2565,2026-09-07 06:28:08,0,2026-09-07 06:28:08,False,,bajo,False
2026-09-07 06:29:01,2567,2026-09-06 05:35:51,0,2026-09-06 05:35:51,False,,bajo,True
2026-09-07 06:29:01,2575,2026-09-07 06:24:04,0,2026-09-07 06:24:04,False,,bajo,True
2026-09-07 06:29:01,2582,2026-09-06 21:56:11,0,2026-09-06 21:56:11,False,,bajo,False
2026-09-07 06:29:01,2590,2026-09-06 19:17:37,0,2026-09-06 19:17:37,False,,bajo,False
2026-09-07 06:29:01,2592,2026-09-06 16:01:05,0,2026-09-06 16:01:05,False,,bajo,True
2026-09-07 06:29:01,2593,2026-09-06 13:24:24,0,2026-09-06 13:24:24,False,,bajo,True
2026-09-07 06:29:01,2654,2026-09-07 04:39:35,0,2026-09-07 04:39:35,False,,bajo,True
2026-09-07 06:29:01,2665,2026-09-06 16:46:39,0,2026-09-06 16:46:39,False,,bajo,True
2026-09-07 06:29:01,2668,2026-09-06 21:43:24,0,2026-09-06 21:43:24,False,,bajo,False
2026-09-07 06:29:01,2678,2026-09-07 00:06:12,0,2026-09-07 00:06:12,False,,bajo,True
2026-09-07 06:29:01,2693,2026-09-06 06:45:44,0,2026-09-06 06:45:44,False,,bajo,True
2026-09-07 06:29:01,2701,2026-09-07 06:17:40,0,2026-09-07 06:17:40,False,,bajo,True
2026-09-07 06:29:01,2706,2026-09-06 17:33:48,0,2026-09-06 17:33:48,False,,alto,False
2026-09-07 06:29:01,2718,2026-09-06 11:38:31,0,2026-09-06 11:38:31,False,,bajo,False
2026-09-07 06:29:01,2722,2026-09-07 06:20:15,0,2026-09-07 06:20:15,False,,medio,False
2026-09-07 06:29:01,2724,2026-09-06 16:00:48,0,2026-09-06 16:00:48,False,,bajo,False
2026-09-07 06:29:01,2726,2025-03-13 16:03:26,0,2025-03-13 16:03:26,False,,bajo,False
2026-09-07 06:29:01,2730,2026-09-06 18:14:09,0,2026-09-06 18:14:09,False,,alto,True
2026-09-07 06:29:01,2743,2026-09-07 06:25:42,0,2026-09-07 06:25:42,False,,alto,True
2026-09-07 06:29:01,2744,2026-09-07 06:27:52,0,2026-09-07 06:27:52,False,,bajo,True
2026-09-07 06:29:01,2751,2026-09-07 00:00:44,0,2026-09-07 00:00:44,False,,bajo,False
2026-09-07 06:29:01,2754,2026-09-05 23:38:02,0,2026-09-05 23:38:02,False,,bajo,True
2026-09-07 06:29:01,2760,2026-09-07 06:28:20,0,2026-09-07 06:28:20,False,,alto,True
2026-09-07 06:29:01,2768,2026-09-07 05:52:10,0,2026-09-07 05:52:10,False,,bajo,True
2026-09-07 06:29:01,2770,2026-09-07 06:27:22,0,2026-09-07 06:27:22,False,,alto,True
2026-09-07 06:29:01,2773,2026-09-06 14:55:17,0,2026-09-06 14:55:17,False,,alto,True
2026-09-07 06:29:01,2777,2025-03-13 16:03:26,0,2025-03-13 16:03:26,False,,bajo,False
2026-09-07 06:29:01,2780,2026-09-05 23:26:23,0,2026-09-05 23:26:23,False,,bajo,False
2026-09-07 06:29:01,2781,2026-09-06 18:07:11,0,2026-09-06 18:07:11,False,,bajo,False
2026-09-07 06:29:01,2790,2026-09-07 06:24:53,0,2026-09-07 06:24:53,False,,bajo,True
2026-09-07 06:29:01,2791,2026-09-04 17:23:32,0,2026-09-04 17:23:32,False,,bajo,True
2026-09-07 06:29:01,2796,2026-09-07 06:05:36,0,2026-09-07 06:05:36,False,,bajo,False
2026-09-07 06:29:01,2803,2026-09-07 06:25:54,0,2026-09-07 06:25:54,False,,bajo,True
2026-09-07 06:29:01,2807,2026-09-06 13:19:55,0,2026-09-06 13:19:55,False,,bajo,False
2026-09-07 06:29:01,2808,2026-09-07 06:27:29,0,2026-09-07 06:27:29,False,,bajo,True
2026-09-07 06:29:01,2810,2026-09-06 23:35:54,0,2026-09-06 23:35:54,False,,bajo,True
2026-09-07 06:29:01,2830,2026-09-06 19:26:41,0,2026-09-06 19:26:41,False,,bajo,False
2026-09-07 06:29:01,2858,2026-09-07 06:27:20,0,2026-09-07 06:27:20,False,,bajo,True
2026-09-07 06:29:01,2904,2026-09-06 11:02:23,0,2026-09-06 11:02:23,False,,bajo,False
2026-09-07 06:29:01,2922,2026-09-07 06:28:23,0,2026-09-07 06:28:23,False,,bajo,True
2026-09-07 06:29:01,2926,2026-09-07 06:25:56,0,2026-09-07 06:25:56,False,,bajo,True
2026-09-07 06:29:01,2929,2026-09-07 06:24:49,0,2026-09-07 06:24:49,False,,alto,True
2026-09-07 06:29:01,2935,2026-09-07 06:26:05,0,2026-09-07 06:26:05,False,,bajo,True
2026-09-07 06:29:01,2937,2026-09-07 06:26:58,0,2026-09-07 06:26:58,False,,bajo,True
2026-09-07 06:29:01,2961,2026-02-27 08:12:26,0,2026-02-27 08:12:26,False,,bajo,False
2026-09-07 06:29:01,2971,2026-09-07 06:25:35,0,2026-09-07 06:25:35,False,,bajo,True
2026-09-07 06:29:01,2972,2026-09-07 06:26:22,0,2026-09-07 06:26:22,False,,bajo,True
2026-09-07 06:29:01,2973,2026-09-06 18:45:18,0,2026-09-06 18:45:18,False,,bajo,False
2026-09-07 06:29:01,2975,2026-09-06 19:05:53,0,2026-09-06 19:05:53,False,,bajo,True
2026-09-07 06:29:01,2978,2026-09-07 06:08:27,0,2026-09-07 06:08:27,False,,bajo,True
2026-09-07 06:29:01,2983,2026-09-07 06:25:58,0,2026-09-07 06:25:58,False,,bajo,True
2026-09-07 06:29:01,2984,2026-09-06 20:43:43,0,2026-09-06 20:43:43,False,,bajo,False
2026-09-07 06:29:01,2985,2026-09-05 13:10:49,0,2026-09-05 13:10:49,False,,bajo,False
2026-09-07 06:29:01,2986,2026-09-05 21:40:01,0,2026-09-05 21:40:01,False,,bajo,False
2026-09-07 06:29:01,2987,2026-09-05 14:41:56,0,2026-09-05 14:41:56,False,,bajo,True
2026-09-07 06:29:01,2988,2026-09-07 06:28:08,0,2026-09-07 06:28:08,False,,bajo,True
2026-09-07 06:29:01,2993,2026-09-07 03:44:25,0,2026-09-07 03:44:25,False,,bajo,True
2026-09-07 06:29:01,2994,2026-09-06 21:02:36,0,2026-09-06 21:02:36,False,,bajo,True
2026-09-07 06:29:01,2996,2026-09-07 03:28:03,0,2026-09-07 03:28:03,False,,alto,True
2026-09-07 06:29:01,2998,2026-09-05 19:59:41,0,2026-09-05 19:59:41,False,,bajo,True
2026-09-07 06:29:01,3002,2026-09-07 06:14:09,0,2026-09-07 06:14:09,False,,bajo,True
2026-09-07 06:29:01,3009,2026-09-07 06:26:57,0,2026-09-07 06:26:57,False,,bajo,True
2026-09-07 06:29:01,3010,2026-09-07 06:27:37,0,2026-09-07 06:27:37,False,,bajo,True
2026-09-07 06:29:01,3011,2026-09-07 06:15:52,0,2026-09-07 06:15:52,False,,bajo,True
2026-09-07 06:29:01,3013,2026-09-06 22:43:06,0,2026-09-06 22:43:06,False,,bajo,True
2026-09-07 06:29:01,3020,2026-09-06 13:53:50,0,2026-09-06 13:53:50,False,,bajo,False
2026-09-07 06:29:01,3022,2026-09-06 22:34:14,0,2026-09-06 22:34:14,False,,alto,True
2026-09-07 06:29:01,3024,2026-09-07 06:27:50,0,2026-09-07 06:27:50,False,,bajo,True
2026-09-07 06:29:01,3026,2026-09-07 06:24:36,0,2026-09-07 06:24:36,False,,bajo,False
2026-09-07 06:29:01,3027,2026-09-07 06:28:25,0,2026-09-07 06:28:25,False,,bajo,True
2026-09-07 06:29:01,3029,2026-09-06 20:32:36,0,2026-09-06 20:32:36,False,,bajo,True
2026-09-07 06:29:01,3036,2025-03-13 16:18:25,0,2025-03-13 16:18:25,False,,bajo,False
2026-09-07 06:29:01,3039,2026-09-06 15:09:50,0,2026-09-06 15:09:50,False,,bajo,False
2026-09-07 06:29:01,3060,2026-09-06 21:40:19,0,2026-09-06 21:40:19,False,,bajo,True
2026-09-07 06:29:01,3064,2026-09-07 06:24:05,0,2026-09-07 06:24:05,False,,bajo,True
2026-09-07 06:29:01,3065,2026-09-07 06:27:39,0,2026-09-07 06:27:39,False,,medio,True
2026-09-07 06:29:01,3074,2026-09-05 22:43:21,0,2026-09-05 22:43:21,False,,bajo,True
2026-09-07 06:29:01,3076,2026-09-06 22:10:20,0,2026-09-06 22:10:20,False,,bajo,False
2026-09-07 06:29:01,3079,2026-09-07 06:21:39,0,2026-09-07 06:21:39,False,,bajo,True
2026-09-07 06:29:01,3084,2026-09-07 06:22:20,0,2026-09-07 06:22:20,False,,bajo,False
2026-09-07 06:29:01,3086,2026-09-05 18:27:18,0,2026-09-05 18:27:18,False,,alto,False
2026-09-07 06:29:01,3087,2026-09-06 17:18:51,0,2026-09-06 17:18:51,False,,alto,False
2026-09-07 06:29:01,3099,2026-09-07 06:27:13,0,2026-09-07 06:27:13,False,,bajo,True
2026-09-07 06:29:01,3101,2026-09-07 05:25:32,0,2026-09-07 05:25:32,False,,bajo,False
2026-09-07 06:29:01,3117,2026-09-06 21:02:27,0,2026-09-06 21:02:27,False,,bajo,True
2026-09-07 06:29:01,3121,2026-09-07 06:24:32,0,2026-09-07 06:24:32,False,,bajo,True
2026-09-07 06:29:01,3132,2026-09-07 06:20:21,0,2026-09-07 06:20:21,False,,bajo,True
2026-09-07 06:29:01,3138,2026-09-07 05:08:43,0,2026-09-07 05:08:43,False,,bajo,True
2026-09-07 06:29:01,3141,2026-09-06 21:59:45,0,2026-09-06 21:59:45,False,,bajo,False
2026-09-07 06:29:01,3144,2026-09-07 06:28:13,0,2026-09-07 06:28:13,False,,bajo,True
2026-09-07 06:29:01,3145,2026-09-06 21:55:52,0,2026-09-06 21:55:52,False,,bajo,True
2026-09-07 06:29:01,3146,2026-09-07 06:26:55,0,2026-09-07 06:26:55,False,,bajo,True
2026-09-07 06:29:01,3151,2026-09-06 22:00:01,0,2026-09-06 22:00:01,False,,alto,False
2026-09-07 06:29:01,3154,2026-09-06 18:30:35,0,2026-09-06 18:30:35,False,,bajo,False
2026-09-07 06:29:01,3155,2026-09-06 21:56:10,0,2026-09-06 21:56:10,False,,bajo,True
2026-09-07 06:29:01,3159,2026-09-07 06:28:22,0,2026-09-07 06:28:22,False,,bajo,True
2026-09-07 06:29:01,3160,2026-09-07 06:28:18,0,2026-09-07 06:28:18,False,,bajo,False
2026-09-07 06:29:01,3161,2026-09-06 13:58:51,0,2026-09-06 13:58:51,False,,bajo,False
2026-09-07 06:29:01,3162,2026-09-07 06:28:22,0,2026-09-07 06:28:22,False,,bajo,True
2026-09-07 06:29:01,3169,2026-09-06 11:35:18,0,2026-09-06 11:35:18,False,,bajo,False
2026-09-07 06:29:01,3172,2026-09-07 06:28:05,0,2026-09-07 06:28:05,False,,bajo,True
2026-09-07 06:29:01,3178,2026-09-06 21:59:32,0,2026-09-06 21:59:32,False,,bajo,True
2026-09-07 06:29:01,3184,2026-09-07 06:27:25,0,2026-09-07 06:27:25,False,,bajo,False
2026-09-07 06:29:01,3185,2026-09-07 06:27:52,0,2026-09-07 06:27:52,False,,bajo,True
2026-09-07 06:29:01,3186,2026-09-06 00:34:10,0,2026-09-06 00:34:10,False,,bajo,False
2026-09-07 06:29:01,3187,2026-08-23 09:50:03,0,2026-08-23 09:50:03,False,,bajo,True
2026-09-07 06:29:01,3191,2026-09-06 22:03:06,0,2026-09-06 22:03:06,False,,medio,True
2026-09-07 06:29:01,3199,2026-09-07 06:28:31,0,2026-09-07 06:28:31,False,,bajo,True
2026-09-07 06:29:01,3202,2026-09-07 06:24:21,0,2026-09-07 06:24:21,False,,bajo,True
2026-09-07 06:29:01,3203,2026-09-07 06:27:45,0,2026-09-07 06:27:45,False,,bajo,False
2026-09-07 06:29:01,3204,2026-09-06 20:28:24,0,2026-09-06 20:28:24,False,,bajo,True
2026-09-07 06:29:01,3207,2026-09-07 05:35:42,0,2026-09-07 05:35:42,False,,bajo,True
2026-09-07 06:29:01,3208,2026-09-06 18:12:55,0,2026-09-06 18:12:55,False,,bajo,False
2026-09-07 06:29:01,3216,2026-09-06 21:31:28,0,2026-09-06 21:31:28,False,,alto,False
2026-09-07 06:29:01,3222,2026-09-06 21:50:24,0,2026-09-06 21:50:24,False,,bajo,False
2026-09-07 06:29:01,3224,2026-09-05 19:41:06,0,2026-09-05 19:41:06,False,,bajo,True
2026-09-07 06:29:01,3225,2026-09-05 16:55:15,0,2026-09-05 16:55:15,False,,bajo,False
2026-09-07 06:29:01,3227,2026-09-06 13:26:10,0,2026-09-06 13:26:10,False,,bajo,True
2026-09-07 06:29:01,3232,2026-09-07 06:23:03,0,2026-09-07 06:23:03,False,,bajo,True
2026-09-07 06:29:01,3239,2026-09-05 11:35:12,0,2026-09-05 11:35:12,False,,bajo,False
2026-09-07 06:29:01,3242,2026-09-07 06:26:37,0,2026-09-07 06:26:37,False,,bajo,True
2026-09-07 06:29:01,3243,2026-09-07 06:25:40,0,2026-09-07 06:25:40,False,,alto,True
2026-09-07 06:29:01,3244,2026-09-07 06:19:50,0,2026-09-07 06:19:50,False,,bajo,True
2026-09-07 06:29:01,3253,2026-09-07 06:25:48,0,2026-09-07 06:25:48,False,,bajo,True
2026-09-07 06:29:01,3259,2026-09-07 06:25:44,0,2026-09-07 06:25:44,False,,medio,True
2026-09-07 06:29:01,3264,2026-09-07 06:25:05,0,2026-09-07 06:25:05,False,,bajo,True
2026-09-07 06:29:01,3266,2026-09-06 10:28:38,0,2026-09-06 10:28:38,False,,bajo,True
2026-09-07 06:29:01,4018,2026-09-05 19:06:55,0,2026-09-05 19:06:55,False,,bajo,False
2026-09-07 06:29:01,4024,2026-09-07 06:26:43,0,2026-09-07 06:26:43,False,,bajo,False
2026-09-07 06:29:01,1724,2026-09-06 18:04:20,1,2026-09-06 18:04:20,False,,bajo,False
2026-09-07 06:29:01,1744,2026-09-06 15:56:03,1,2026-09-06 15:56:03,False,,bajo,False
2026-09-07 06:29:01,1766,2026-06-03 03:27:01,1,2026-06-03 03:27:01,False,,bajo,False
2026-09-07 06:29:01,1784,2026-06-03 03:29:57,1,2026-06-03 03:29:57,False,,bajo,False
2026-09-07 06:29:01,1805,2026-06-03 08:20:37,1,2026-06-03 08:20:37,False,,bajo,False
2026-09-07 06:29:01,1806,2026-09-06 14:41:38,1,2026-09-06 14:41:38,False,,bajo,False
2026-09-07 06:29:01,1824,2026-06-03 08:35:59,1,2026-06-03 08:35:59,False,,bajo,False
2026-09-07 06:29:01,1844,2026-09-07 06:08:31,1,2026-09-07 06:08:31,False,,bajo,False
2026-09-07 06:29:01,1845,2026-06-03 08:35:31,1,2026-06-03 08:35:31,False,,bajo,False
2026-09-07 06:29:01,1846,2026-09-07 06:16:49,1,2026-09-07 06:16:49,False,,bajo,False
2026-09-07 06:29:01,1887,2026-09-07 06:27:13,1,2026-09-07 06:27:13,False,,bajo,True
2026-09-07 06:29:01,1924,2026-09-07 06:06:49,1,2026-09-07 06:06:49,False,,bajo,False
2026-09-07 06:29:01,1926,2026-09-06 20:46:22,1,2026-09-06 20:46:22,False,,bajo,False
2026-09-07 06:29:01,1927,2026-09-06 19:01:07,1,2026-09-06 19:01:07,False,,bajo,False
2026-09-07 06:29:01,1928,2026-09-04 11:10:06,1,2026-09-04 11:10:06,False,,bajo,False
2026-09-07 06:29:01,1945,2026-09-07 06:23:19,1,2026-09-07 06:23:19,False,,bajo,False
2026-09-07 06:29:01,1964,2026-09-06 05:50:04,1,2026-09-06 05:50:04,False,,alto,False
2026-09-07 06:29:01,1965,2026-09-07 06:22:35,1,2026-09-07 06:22:35,False,,bajo,False
2026-09-07 06:29:01,1984,2026-09-07 06:18:47,1,2026-09-07 06:18:47,False,,bajo,False
2026-09-07 06:29:01,2190,2026-09-07 06:20:20,1,2026-09-07 06:20:20,False,,bajo,False
2026-09-07 06:29:01,2192,2026-09-07 06:27:53,1,2026-09-07 06:27:53,False,,bajo,False
2026-09-07 06:29:01,2193,2026-09-07 05:01:59,1,2026-09-07 05:01:59,False,,bajo,False
2026-09-07 06:29:01,2204,2026-09-07 05:08:55,1,2026-09-07 05:08:55,False,,bajo,False
2026-09-07 06:29:01,2205,2026-09-05 23:08:28,1,2026-09-05 23:08:28,False,,bajo,False
2026-09-07 06:29:01,2207,2026-09-06 12:55:43,1,2026-09-06 12:55:43,False,,bajo,False
2026-09-07 06:29:01,2208,2026-09-07 06:19:55,1,2026-09-07 06:19:55,False,,bajo,False
2026-09-07 06:29:01,2224,2026-09-07 06:20:05,1,2026-09-07 06:20:05,False,,bajo,False
2026-09-07 06:29:01,2225,2026-09-07 06:20:43,1,2026-09-07 06:20:43,False,,bajo,False
2026-09-07 06:29:01,2227,2026-09-06 20:45:14,1,2026-09-06 20:45:14,False,,bajo,False
2026-09-07 06:29:01,2230,2026-09-06 10:42:00,1,2026-09-06 10:42:00,False,,bajo,False
2026-09-07 06:29:01,2250,2026-09-06 02:12:07,1,2026-09-06 02:12:07,False,,bajo,True
2026-09-07 06:29:01,2264,2026-09-07 05:23:52,1,2026-09-07 05:23:52,False,,bajo,True
2026-09-07 06:29:01,2268,2026-09-06 04:40:46,1,2026-09-06 04:40:46,False,,bajo,False
2026-09-07 06:29:01,2284,2026-09-06 01:41:44,1,2026-09-06 01:41:44,False,,bajo,True
2026-09-07 06:29:01,2317,2026-09-06 21:56:02,1,2026-09-06 21:56:02,False,,bajo,False
2026-09-07 06:29:01,2326,2026-09-07 05:56:49,1,2026-09-07 05:56:49,False,,bajo,False
2026-09-07 06:29:01,2327,2026-09-06 16:15:58,1,2026-09-06 16:15:58,False,,bajo,False
2026-09-07 06:29:01,2330,2026-09-06 23:17:06,1,2026-09-06 23:17:06,False,,bajo,False
2026-09-07 06:29:01,2335,2026-09-07 06:27:01,1,2026-09-07 06:27:01,False,,bajo,False
2026-09-07 06:29:01,2391,2026-09-06 12:34:27,1,2026-09-06 12:34:27,False,,bajo,False
2026-09-07 06:29:01,2404,2026-09-07 00:13:13,1,2026-09-07 00:13:13,False,,bajo,False
2026-09-07 06:29:01,2415,2026-09-07 06:24:52,1,2026-09-07 06:24:52,False,,bajo,False
2026-09-07 06:29:01,2424,2025-03-13 16:03:26,1,2025-03-13 16:03:26,False,,bajo,False
2026-09-07 06:29:01,2446,2026-09-06 00:36:15,1,2026-09-06 00:36:15,False,,bajo,False
2026-09-07 06:29:01,2459,2026-09-06 18:02:14,1,2026-09-06 18:02:14,False,,bajo,False
2026-09-07 06:29:01,2464,2026-09-07 06:24:22,1,2026-09-07 06:24:22,False,,bajo,False
2026-09-07 06:29:01,2465,2026-09-06 22:12:12,1,2026-09-06 22:12:12,False,,bajo,False
2026-09-07 06:29:01,2466,2026-09-06 20:34:21,1,2026-09-06 20:34:21,False,,bajo,False
2026-09-07 06:29:01,2468,2026-09-06 01:06:50,1,2026-09-06 01:06:50,False,,bajo,True
2026-09-07 06:29:01,2471,2026-09-07 06:25:26,1,2026-09-07 06:25:26,False,,bajo,False
2026-09-07 06:29:01,2475,2026-09-07 06:20:24,1,2026-09-07 06:20:24,False,,bajo,False
2026-09-07 06:29:01,2476,2026-09-07 06:01:50,1,2026-09-07 06:01:50,False,,alto,False
2026-09-07 06:29:01,2482,2026-09-07 06:22:51,1,2026-09-07 06:22:51,False,,medio,True
2026-09-07 06:29:01,2484,2026-09-05 12:29:15,1,2026-09-05 12:29:15,False,,bajo,False
2026-09-07 06:29:01,2485,2026-09-07 04:40:53,1,2026-09-07 04:40:53,False,,bajo,True
2026-09-07 06:29:01,2492,2026-09-07 06:12:54,1,2026-09-07 06:12:54,False,,bajo,False
2026-09-07 06:29:01,2516,2026-09-07 06:13:11,1,2026-09-07 06:13:11,False,,bajo,False
2026-09-07 06:29:01,2519,2026-09-07 06:27:36,1,2026-09-07 06:27:36,False,,bajo,False
2026-09-07 06:29:01,2565,2026-09-06 22:13:23,1,2026-09-06 22:13:23,False,,bajo,False
2026-09-07 06:29:01,2567,2026-09-05 02:13:29,1,2026-09-05 02:13:29,False,,bajo,False
2026-09-07 06:29:01,2575,2026-09-06 20:56:05,1,2026-09-06 20:56:05,False,,bajo,False
2026-09-07 06:29:01,2582,2026-09-07 01:57:10,1,2026-09-07 01:57:10,False,,bajo,False
2026-09-07 06:29:01,2590,2026-09-06 23:27:39,1,2026-09-06 23:27:39,False,,bajo,False
2026-09-07 06:29:01,2592,2026-09-07 06:26:34,1,2026-09-07 06:26:34,False,,bajo,True
2026-09-07 06:29:01,2593,2026-09-06 21:37:37,1,2026-09-06 21:37:37,False,,bajo,False
2026-09-07 06:29:01,2654,2026-09-07 05:00:48,1,2026-09-07 05:00:48,False,,bajo,True
2026-09-07 06:29:01,2665,2026-09-07 06:19:50,1,2026-09-07 06:19:50,False,,bajo,False
2026-09-07 06:29:01,2668,2026-09-06 00:08:55,1,2026-09-06 00:08:55,False,,bajo,False
2026-09-07 06:29:01,2678,2026-09-07 00:04:13,1,2026-09-07 00:04:13,False,,bajo,False
2026-09-07 06:29:01,2693,2026-09-06 07:03:08,1,2026-09-06 07:03:08,False,,bajo,False
2026-09-07 06:29:01,2701,2026-09-07 06:28:02,1,2026-09-07 06:28:02,False,,bajo,False
2026-09-07 06:29:01,2706,2026-09-07 05:22:42,1,2026-09-07 05:22:42,False,,bajo,False
2026-09-07 06:29:01,2718,2026-09-06 15:56:32,1,2026-09-06 15:56:32,False,,bajo,False
2026-09-07 06:29:01,2722,2026-09-06 15:47:43,1,2026-09-06 15:47:43,False,,alto,False
2026-09-07 06:29:01,2724,2026-09-07 02:53:16,1,2026-09-07 02:53:16,False,,medio,False
2026-09-07 06:29:01,2726,2025-03-13 16:03:26,1,2025-03-13 16:03:26,False,,bajo,False
2026-09-07 06:29:01,2730,2026-06-03 08:24:07,1,2026-06-03 08:24:07,False,,bajo,False
2026-09-07 06:29:01,2743,2026-09-07 05:37:15,1,2026-09-07 05:37:15,False,,bajo,True
2026-09-07 06:29:01,2744,2026-09-07 06:02:13,1,2026-09-07 06:02:13,False,,bajo,False
2026-09-07 06:29:01,2751,2026-09-07 05:55:22,1,2026-09-07 05:55:22,False,,bajo,False
2026-09-07 06:29:01,2754,2026-06-03 08:25:11,1,2026-06-03 08:25:11,False,,bajo,False
2026-09-07 06:29:01,2768,2026-06-03 08:23:19,1,2026-06-03 08:23:19,False,,bajo,False
2026-09-07 06:29:01,2770,2025-03-13 16:03:26,1,2025-03-13 16:03:26,False,,bajo,False
2026-09-07 06:29:01,2773,2026-09-07 06:19:04,1,2026-09-07 06:19:04,False,,alto,True
2026-09-07 06:29:01,2777,2025-03-13 16:03:26,1,2025-03-13 16:03:26,False,,bajo,False
2026-09-07 06:29:01,2780,2026-09-06 12:59:13,1,2026-09-06 12:59:13,False,,bajo,False
2026-09-07 06:29:01,2781,2026-09-07 06:24:07,1,2026-09-07 06:24:07,False,,medio,False
2026-09-07 06:29:01,2790,2026-09-06 21:39:16,1,2026-09-06 21:39:16,False,,bajo,False
2026-09-07 06:29:01,2791,2026-09-04 17:23:33,1,2026-09-04 17:23:33,False,,bajo,False
2026-09-07 06:29:01,2796,2026-09-06 21:49:01,1,2026-09-06 21:49:01,False,,bajo,False
2026-09-07 06:29:01,2803,2026-09-05 22:04:37,1,2026-09-05 22:04:37,False,,bajo,False
2026-09-07 06:29:01,2807,2026-09-06 18:38:57,1,2026-09-06 18:38:57,False,,bajo,False
2026-09-07 06:29:01,2808,2026-09-07 06:05:44,1,2026-09-07 06:05:44,False,,bajo,False
2026-09-07 06:29:01,2810,2026-09-06 23:43:16,1,2026-09-06 23:43:16,False,,bajo,True
2026-09-07 06:29:01,2830,2026-09-07 05:52:44,1,2026-09-07 05:52:44,False,,bajo,False
2026-09-07 06:29:01,2858,2026-09-07 06:27:26,1,2026-09-07 06:27:26,False,,alto,False
2026-09-07 06:29:01,2904,2026-09-07 06:27:26,1,2026-09-07 06:27:26,False,,bajo,False
2026-09-07 06:29:01,2922,2026-06-03 07:54:30,1,2026-06-03 07:54:30,False,,bajo,False
2026-09-07 06:29:01,2926,2026-09-07 06:16:23,1,2026-09-07 06:16:23,False,,bajo,False
2026-09-07 06:29:01,2929,2026-09-06 10:39:20,1,2026-09-06 10:39:20,False,,bajo,False
2026-09-07 06:29:01,2935,2026-09-07 06:25:17,1,2026-09-07 06:25:17,False,,bajo,False
2026-09-07 06:29:01,2937,2026-09-06 21:00:56,1,2026-09-06 21:00:56,False,,bajo,False
2026-09-07 06:29:01,2961,2026-02-27 08:12:26,1,2026-02-27 08:12:26,False,,bajo,False
2026-09-07 06:29:01,2971,2026-09-06 10:57:22,1,2026-09-06 10:57:22,False,,bajo,False
2026-09-07 06:29:01,2972,2026-09-06 19:32:41,1,2026-09-06 19:32:41,False,,bajo,False
2026-09-07 06:29:01,2973,2026-09-06 18:36:55,1,2026-09-06 18:36:55,False,,bajo,False
2026-09-07 06:29:01,2975,2026-09-04 17:09:31,1,2026-09-04 17:09:31,False,,bajo,False
2026-09-07 06:29:01,2978,2026-09-07 06:14:13,1,2026-09-07 06:14:13,False,,bajo,True
2026-09-07 06:29:01,2983,2026-09-06 21:43:40,1,2026-09-06 21:43:40,False,,bajo,False
2026-09-07 06:29:01,2984,2026-09-07 06:24:07,1,2026-09-07 06:24:07,False,,bajo,False
2026-09-07 06:29:01,2985,2026-09-05 16:51:20,1,2026-09-05 16:51:20,False,,bajo,False
2026-09-07 06:29:01,2986,2026-09-05 18:27:07,1,2026-09-05 18:27:07,False,,bajo,False
2026-09-07 06:29:01,2987,2026-09-05 16:41:27,1,2026-09-05 16:41:27,False,,bajo,False
2026-09-07 06:29:01,2988,2026-09-07 06:15:17,1,2026-09-07 06:15:17,False,,bajo,False
2026-09-07 06:29:01,2993,2026-09-07 03:22:06,1,2026-09-07 03:22:06,False,,bajo,False
2026-09-07 06:29:01,2994,2026-09-06 21:48:01,1,2026-09-06 21:48:01,False,,bajo,False
2026-09-07 06:29:01,2996,2026-09-07 03:28:04,1,2026-09-07 03:28:04,False,,bajo,False
2026-09-07 06:29:01,2998,2026-09-06 10:57:24,1,2026-09-06 10:57:24,False,,bajo,True
2026-09-07 06:29:01,3002,2026-09-05 14:00:08,1,2026-09-05 14:00:08,False,,bajo,False
2026-09-07 06:29:01,3009,2026-09-06 22:26:06,1,2026-09-06 22:26:06,False,,bajo,False
2026-09-07 06:29:01,3010,2026-09-06 18:48:29,1,2026-09-06 18:48:29,False,,bajo,False
2026-09-07 06:29:01,3011,2026-09-05 22:36:49,1,2026-09-05 22:36:49,False,,bajo,False
2026-09-07 06:29:01,3013,2026-09-07 03:00:50,1,2026-09-07 03:00:50,False,,bajo,False
2026-09-07 06:29:01,3020,2026-09-06 16:48:31,1,2026-09-06 16:48:31,False,,bajo,False
2026-09-07 06:29:01,3022,2026-09-06 22:34:14,1,2026-09-06 22:34:14,False,,alto,False
2026-09-07 06:29:01,3024,2026-09-07 01:18:37,1,2026-09-07 01:18:37,False,,bajo,False
2026-09-07 06:29:01,3026,2026-09-06 11:44:39,1,2026-09-06 11:44:39,False,,bajo,False
2026-09-07 06:29:01,3027,2026-09-06 17:06:25,1,2026-09-06 17:06:25,False,,bajo,False
2026-09-07 06:29:01,3029,2026-09-07 06:25:44,1,2026-09-07 06:25:44,False,,bajo,False
2026-09-07 06:29:01,3036,2025-03-13 16:18:25,1,2025-03-13 16:18:25,False,,bajo,False
2026-09-07 06:29:01,3039,2026-09-06 13:37:04,1,2026-09-06 13:37:04,False,,bajo,False
2026-09-07 06:29:01,3060,2026-09-07 04:48:40,1,2026-09-07 04:48:40,False,,bajo,False
2026-09-07 06:29:01,3064,2026-09-07 06:25:53,1,2026-09-07 06:25:53,False,,bajo,True
2026-09-07 06:29:01,3065,2026-06-03 06:29:32,1,2026-06-03 06:29:32,False,,bajo,False
2026-09-07 06:29:01,3074,2026-09-05 23:26:00,1,2026-09-05 23:26:00,False,,bajo,False
2026-09-07 06:29:01,3076,2026-09-06 20:07:20,1,2026-09-06 20:07:20,False,,bajo,False
2026-09-07 06:29:01,3079,2026-09-07 00:41:25,1,2026-09-07 00:41:25,False,,medio,False
2026-09-07 06:29:01,3084,2026-09-07 06:26:05,1,2026-09-07 06:26:05,False,,bajo,False
2026-09-07 06:29:01,3086,2026-09-06 07:49:23,1,2026-09-06 07:49:23,False,,bajo,False
2026-09-07 06:29:01,3087,2026-09-06 20:11:40,1,2026-09-06 20:11:40,False,,bajo,False
2026-09-07 06:29:01,3099,2026-09-06 11:41:10,1,2026-09-06 11:41:10,False,,bajo,False
2026-09-07 06:29:01,3101,2026-09-05 00:07:33,1,2026-09-05 00:07:33,False,,bajo,False
2026-09-07 06:29:01,3117,2026-09-06 11:15:43,1,2026-09-06 11:15:43,False,,bajo,False
2026-09-07 06:29:01,3121,2026-09-07 06:27:50,1,2026-09-07 06:27:50,False,,bajo,False
2026-09-07 06:29:01,3132,2026-09-06 11:53:51,1,2026-09-06 11:53:51,False,,bajo,False
2026-09-07 06:29:01,3138,2026-09-06 11:19:19,1,2026-09-06 11:19:19,False,,bajo,False
2026-09-07 06:29:01,3141,2026-09-06 18:00:40,1,2026-09-06 18:00:40,False,,bajo,False
2026-09-07 06:29:01,3144,2026-09-06 19:32:20,1,2026-09-06 19:32:20,False,,bajo,False
2026-09-07 06:29:01,3145,2026-09-06 22:13:51,1,2026-09-06 22:13:51,False,,bajo,False
2026-09-07 06:29:01,3146,2026-09-06 22:35:43,1,2026-09-06 22:35:43,False,,bajo,False
2026-09-07 06:29:01,3151,2026-09-06 21:53:06,1,2026-09-06 21:53:06,False,,medio,False
2026-09-07 06:29:01,3154,2026-09-06 19:40:37,1,2026-09-06 19:40:37,False,,bajo,False
2026-09-07 06:29:01,3155,2026-09-05 20:33:12,1,2026-09-05 20:33:12,False,,bajo,False
2026-09-07 06:29:01,3159,2026-09-07 01:26:19,1,2026-09-07 01:26:19,False,,bajo,False
2026-09-07 06:29:01,3160,2026-09-06 16:34:24,1,2026-09-06 16:34:24,False,,bajo,False
2026-09-07 06:29:01,3161,2026-09-06 14:10:43,1,2026-09-06 14:10:43,False,,bajo,False
2026-09-07 06:29:01,3162,2026-06-03 06:14:04,1,2026-06-03 06:14:04,False,,bajo,False
2026-09-07 06:29:01,3169,2026-09-06 20:25:57,1,2026-09-06 20:25:57,False,,bajo,False
2026-09-07 06:29:01,3172,2026-09-04 17:39:12,1,2026-09-04 17:39:12,False,,bajo,False
2026-09-07 06:29:01,3178,2026-09-06 16:27:49,1,2026-09-06 16:27:49,False,,bajo,True
2026-09-07 06:29:01,3184,2026-09-06 16:44:14,1,2026-09-06 16:44:14,False,,bajo,False
2026-09-07 06:29:01,3185,2026-09-06 20:59:13,1,2026-09-06 20:59:13,False,,alto,False
2026-09-07 06:29:01,3187,2026-09-07 06:23:09,1,2026-09-07 06:23:09,False,,bajo,False
2026-09-07 06:29:01,3191,2026-09-06 22:08:05,1,2026-09-06 22:08:05,False,,bajo,True
2026-09-07 06:29:01,3199,2026-09-06 21:07:42,1,2026-09-06 21:07:42,False,,bajo,True
2026-09-07 06:29:01,3202,2026-09-04 18:41:07,1,2026-09-04 18:41:07,False,,bajo,False
2026-09-07 06:29:01,3203,2026-09-07 01:43:43,1,2026-09-07 01:43:43,False,,bajo,False
2026-09-07 06:29:01,3204,2026-09-07 05:54:27,1,2026-09-07 05:54:27,False,,bajo,False
2026-09-07 06:29:01,3207,2026-09-07 06:26:11,1,2026-09-07 06:26:11,False,,bajo,False
2026-09-07 06:29:01,3208,2026-09-06 20:59:02,1,2026-09-06 20:59:02,False,,bajo,True
2026-09-07 06:29:01,3216,2026-09-06 10:47:44,1,2026-09-06 10:47:44,False,,alto,True
2026-09-07 06:29:01,3222,2026-09-07 05:42:50,1,2026-09-07 05:42:50,False,,bajo,False
2026-09-07 06:29:01,3224,2026-09-05 19:39:45,1,2026-09-05 19:39:45,False,,bajo,True
2026-09-07 06:29:01,3225,2026-09-05 16:49:09,1,2026-09-05 16:49:09,False,,bajo,False
2026-09-07 06:29:01,3227,2026-09-04 17:51:13,1,2026-09-04 17:51:13,False,,bajo,False
2026-09-07 06:29:01,3232,2026-09-07 06:26:59,1,2026-09-07 06:26:59,False,,bajo,True
2026-09-07 06:29:01,3239,2026-09-07 01:59:44,1,2026-09-07 01:59:44,False,,bajo,False
2026-09-07 06:29:01,3242,2026-09-07 04:12:51,1,2026-09-07 04:12:51,False,,bajo,False
2026-09-07 06:29:01,3243,2026-09-06 12:43:39,1,2026-09-06 12:43:39,False,,bajo,False
2026-09-07 06:29:01,3244,2026-09-06 23:38:25,1,2026-09-06 23:38:25,False,,bajo,False
2026-09-07 06:29:01,3259,2026-09-06 16:57:18,1,2026-09-06 16:57:18,False,,medio,False
2026-09-07 06:29:01,3264,2026-09-05 16:57:04,1,2026-09-05 16:57:04,False,,bajo,False
2026-09-07 06:29:01,3266,2026-09-06 10:32:23,1,2026-09-06 10:32:23,False,,bajo,False
2026-09-07 06:29:01,4018,2026-09-06 11:02:12,1,2026-09-06 11:02:12,False,,bajo,False
2026-09-07 06:29:01,4024,2026-09-06 23:02:14,1,2026-09-06 23:02:14,False,,bajo,False
2026-09-07 06:29:01,1724,2026-06-03 08:15:44,2,2026-06-03 08:15:44,False,,bajo,False
2026-09-07 06:29:01,1744,2026-06-03 06:32:42,2,2026-06-03 06:32:42,False,,bajo,False
2026-09-07 06:29:01,1766,2026-06-03 17:35:31,2,2026-06-03 17:35:31,False,,bajo,False
2026-09-07 06:29:01,1784,2026-06-03 17:31:00,2,2026-06-03 17:31:00,False,,bajo,False
2026-09-07 06:29:01,1805,2026-06-03 17:31:00,2,2026-06-03 17:31:00,False,,bajo,False
2026-09-07 06:29:01,1824,2026-06-03 17:31:00,2,2026-06-03 17:31:00,False,,bajo,False
2026-09-07 06:29:01,1844,2026-06-03 17:31:00,2,2026-06-03 17:31:00,False,,bajo,False
2026-09-07 06:29:01,1845,2026-06-03 17:31:27,2,2026-06-03 17:31:27,False,,bajo,False
2026-09-07 06:29:01,1887,2026-08-05 15:28:49,2,2026-08-05 15:28:49,False,,bajo,False
2026-09-07 06:29:01,1924,2026-06-03 17:31:00,2,2026-06-03 17:31:00,False,,bajo,False
2026-09-07 06:29:01,1926,2026-06-03 06:42:55,2,2026-06-03 06:42:55,False,,bajo,False
2026-09-07 06:29:01,1944,2026-06-03 17:31:00,2,2026-06-03 17:31:00,False,,bajo,False
2026-09-07 06:29:01,1945,2026-08-26 17:47:37,2,2026-08-26 17:47:37,False,,bajo,False
2026-09-07 06:29:01,2190,2025-03-13 16:03:26,2,2025-03-13 16:03:26,False,,bajo,False
2026-09-07 06:29:01,2193,2026-06-03 17:33:58,2,2026-06-03 17:33:58,False,,bajo,False
2026-09-07 06:29:01,2205,2026-06-02 08:49:39,2,2026-06-02 08:49:39,False,,bajo,False
2026-09-07 06:29:01,2208,2026-07-20 15:35:36,2,2026-07-20 15:35:36,False,,bajo,False
2026-09-07 06:29:01,2224,2026-06-03 08:23:23,2,2026-06-03 08:23:23,False,,bajo,False
2026-09-07 06:29:01,2229,2026-06-03 07:24:01,2,2026-06-03 07:24:01,False,,bajo,False
2026-09-07 06:29:01,2250,2026-06-03 08:23:15,2,2026-06-03 08:23:15,False,,bajo,False
2026-09-07 06:29:01,2335,2026-06-03 06:08:53,2,2026-06-03 06:08:53,False,,bajo,False
2026-09-07 06:29:01,2411,2026-06-03 08:44:37,2,2026-06-03 08:44:37,False,,bajo,False
2026-09-07 06:29:01,2465,2026-06-03 06:28:44,2,2026-06-03 06:28:44,False,,bajo,False
2026-09-07 06:29:01,2466,2025-03-13 16:03:26,2,2025-03-13 16:03:26,False,,bajo,False
2026-09-07 06:29:01,2468,2026-06-03 08:40:08,2,2026-06-03 08:40:08,False,,bajo,False
2026-09-07 06:29:01,2706,2026-06-03 05:15:51,2,2026-06-03 05:15:51,False,,bajo,False
2026-09-07 06:29:01,2724,2026-08-22 11:08:53,2,2026-08-22 11:08:53,False,,bajo,False
2026-09-07 06:29:01,2730,2026-06-03 08:24:08,2,2026-06-03 08:24:08,False,,bajo,False
2026-09-07 06:29:01,2743,2026-06-03 08:33:58,2,2026-06-03 08:33:58,False,,bajo,False
2026-09-07 06:29:01,2744,2026-06-03 08:26:24,2,2026-06-03 08:26:24,False,,bajo,False
2026-09-07 06:29:01,2768,2026-06-03 08:23:19,2,2026-06-03 08:23:19,False,,bajo,False
2026-09-07 06:29:01,2770,2026-06-03 08:28:44,2,2026-06-03 08:28:44,False,,bajo,False
2026-09-07 06:29:01,2773,2026-06-03 08:42:23,2,2026-06-03 08:42:23,False,,bajo,False
2026-09-07 06:29:01,2780,2026-06-03 08:31:16,2,2026-06-03 08:31:16,False,,bajo,False
2026-09-07 06:29:01,2781,2026-06-03 08:39:47,2,2026-06-03 08:39:47,False,,bajo,False
2026-09-07 06:29:01,2922,2026-06-03 07:54:30,2,2026-06-03 07:54:30,False,,bajo,False
2026-09-07 06:29:01,2983,2026-06-03 08:26:35,2,2026-06-03 08:26:35,False,,bajo,False
2026-09-07 06:29:01,2993,2026-05-28 08:20:47,2,2026-05-28 08:20:47,False,,bajo,False
2026-09-07 06:29:01,3002,2025-03-13 16:03:26,2,2025-03-13 16:03:26,False,,bajo,False
2026-09-07 06:29:01,3020,2026-06-03 08:31:34,2,2026-06-03 08:31:34,False,,bajo,False
2026-09-07 06:29:01,3065,2026-06-03 06:29:32,2,2026-06-03 06:29:32,False,,bajo,False
2026-09-07 06:29:01,3086,2026-06-03 08:38:54,2,2026-06-03 08:38:54,False,,bajo,False
2026-09-07 06:29:01,3087,2026-06-03 02:06:08,2,2026-06-03 02:06:08,False,,bajo,False
2026-09-07 06:29:01,3151,2026-06-03 07:25:54,2,2026-06-03 07:25:54,False,,bajo,False
2026-09-07 06:29:01,3160,2026-06-03 03:28:18,2,2026-06-03 03:28:18,False,,bajo,False
2026-09-07 06:29:01,3199,2026-06-03 08:41:17,2,2026-06-03 08:41:17,False,,bajo,False
2026-09-07 06:29:01,3203,2026-06-03 08:22:47,2,2026-06-03 08:22:47,False,,bajo,False
2026-09-07 06:29:01,3204,2026-06-03 07:54:17,2,2026-06-03 07:54:17,False,,bajo,False
2026-09-07 06:29:01,3207,2026-06-03 07:05:01,2,2026-06-03 07:05:01,False,,bajo,False
2026-09-07 06:29:01,3227,2025-03-13 16:03:26,2,2025-03-13 16:03:26,False,,bajo,False
2026-09-07 06:29:01,1846,2026-06-03 08:24:16,3,2026-06-03 08:24:16,False,,bajo,False
2026-09-07 06:29:01,2193,2026-06-03 03:28:55,3,2026-06-03 03:28:55,False,,bajo,False
2026-09-07 06:29:01,2208,2026-06-03 08:31:26,3,2026-06-03 08:31:26,False,,bajo,False
2026-09-07 06:29:01,2330,2026-06-03 07:45:12,3,2026-06-03 07:45:12,False,,bajo,False
2026-09-07 06:29:01,2415,2026-06-03 08:47:45,3,2026-06-03 08:47:45,False,,bajo,False
2026-09-07 06:29:01,2466,2026-06-03 08:38:32,3,2026-06-03 08:38:32,False,,bajo,False
2026-09-07 06:29:01,2582,2026-06-03 08:15:54,3,2026-06-03 08:15:54,False,,bajo,False
2026-09-07 06:29:01,2665,2026-06-03 07:10:20,3,2026-06-03 07:10:20,False,,bajo,False
2026-09-07 06:29:01,2718,2026-06-03 07:28:18,3,2026-06-03 07:28:18,False,,bajo,False
2026-09-07 06:29:01,2722,2026-06-03 06:10:37,3,2026-06-03 06:10:37,False,,bajo,False
2026-09-07 06:29:01,2751,2026-06-03 07:40:08,3,2026-06-03 07:40:08,False,,bajo,False
2026-09-07 06:29:01,2858,2026-06-03 00:31:15,3,2026-06-03 00:31:15,False,,bajo,False
2026-09-07 06:29:01,2993,2026-05-28 08:20:47,3,2026-05-28 08:20:47,False,,bajo,False
2026-09-07 06:29:01,2994,2026-06-03 07:45:41,3,2026-06-03 07:45:41,False,,bajo,False
2026-09-07 06:29:01,3010,2026-06-03 08:19:28,3,2026-06-03 08:19:28,False,,bajo,False
2026-09-07 06:29:01,3011,2026-06-03 08:45:02,3,2026-06-03 08:45:02,False,,bajo,False
2026-09-07 06:29:01,3024,2026-06-03 07:31:40,3,2026-06-03 07:31:40,False,,bajo,False
2026-09-07 06:29:01,3026,2026-06-03 08:11:53,3,2026-06-03 08:11:53,False,,bajo,False
2026-09-07 06:29:01,3027,2026-06-03 08:24:41,3,2026-06-03 08:24:41,False,,bajo,False
2026-09-07 06:29:01,3074,2026-06-03 06:59:32,3,2026-06-03 06:59:32,False,,bajo,False
2026-09-07 06:29:01,3079,2026-06-03 07:50:16,3,2026-06-03 07:50:16,False,,bajo,False
2026-09-07 06:29:01,3086,2026-06-03 08:38:54,3,2026-06-03 08:38:54,False,,bajo,False
2026-09-07 06:29:01,3087,2026-06-03 02:06:08,3,2026-06-03 02:06:08,False,,bajo,False
2026-09-07 06:29:01,3132,2026-06-03 08:15:52,3,2026-06-03 08:15:52,False,,bajo,False
2026-09-07 06:29:01,3160,2026-06-03 03:28:18,3,2026-06-03 03:28:18,False,,bajo,False
2026-09-07 06:29:01,3172,2026-06-03 08:52:22,3,2026-06-03 08:52:22,False,,bajo,False
2026-09-07 06:29:01,3203,2026-06-03 17:31:00,3,2026-06-03 17:31:00,False,,bajo,False
2026-09-07 06:29:01,3204,2026-06-03 07:54:17,3,2026-06-03 07:54:17,False,,bajo,False
2026-09-07 06:29:01,3207,2026-06-03 07:05:01,3,2026-06-03 07:05:01,False,,bajo,False
2026-09-07 06:29:01,3222,2026-06-03 08:54:14,3,2026-06-03 08:54:14,False,,bajo,False
2026-09-07 06:29:01,2362,2026-09-06 22:40:02,0,2026-09-06 22:40:02,False,,bajo,True
2026-09-07 06:29:01,2815,2026-09-06 19:49:39,0,2026-09-06 19:49:39,False,,bajo,False
2026-09-07 06:29:01,2817,2026-09-05 16:10:54,0,2026-09-05 16:10:54,False,,bajo,True
2026-09-07 06:29:01,2818,2026-09-05 22:03:29,0,2026-09-05 22:03:29,False,,bajo,False
2026-09-07 06:29:01,2820,2026-09-07 06:27:52,0,2026-09-07 06:27:52,False,,bajo,True
2026-09-07 06:29:01,2821,2026-09-06 13:01:19,0,2026-09-06 13:01:19,False,,medio,True
2026-09-07 06:29:01,2822,2026-09-06 13:38:01,0,2026-09-06 13:38:01,False,,medio,True
2026-09-07 06:29:01,2823,2026-08-28 08:13:15,0,2026-08-28 08:13:15,False,,bajo,True
2026-09-07 06:29:01,2824,2026-09-06 12:44:21,0,2026-09-06 12:44:21,False,,bajo,True
2026-09-07 06:29:01,2827,2026-09-05 17:35:41,0,2026-09-05 17:35:41,False,,bajo,True
2026-09-07 06:29:01,2828,2026-08-27 14:39:54,0,2026-08-27 14:39:54,False,,bajo,False
2026-09-07 06:29:01,2833,2026-09-06 22:00:33,0,2026-09-06 22:00:33,False,,alto,False
2026-09-07 06:29:01,2931,2026-09-06 20:15:04,0,2026-09-06 20:15:04,False,,alto,False
2026-09-07 06:29:01,2932,2026-09-06 20:55:50,0,2026-09-06 20:55:50,False,,bajo,False
2026-09-07 06:29:01,2949,2026-09-06 21:54:34,0,2026-09-06 21:54:34,False,,bajo,False
2026-09-07 06:29:01,2952,2026-09-06 14:01:15,0,2026-09-06 14:01:15,False,,bajo,False
2026-09-07 06:29:01,2953,2026-09-05 16:07:18,0,2026-09-05 16:07:18,False,,bajo,False
2026-09-07 06:29:01,2969,2026-09-06 22:15:07,0,2026-09-06 22:15:07,False,,alto,True
2026-09-07 06:29:01,2995,2026-09-05 21:58:20,0,2026-09-05 21:58:20,False,,bajo,False
2026-09-07 06:29:01,3017,2026-09-06 14:25:31,0,2026-09-06 14:25:31,False,,bajo,False
2026-09-07 06:29:01,3021,2026-09-06 19:32:24,0,2026-09-06 19:32:24,False,,bajo,False
2026-09-07 06:29:01,3068,2026-09-05 17:56:38,0,2026-09-05 17:56:38,False,,bajo,False
2026-09-07 06:29:01,3080,2026-09-05 22:35:37,0,2026-09-05 22:35:37,False,,bajo,True
2026-09-07 06:29:01,3089,2026-09-06 21:39:20,0,2026-09-06 21:39:20,False,,bajo,False
2026-09-07 06:29:01,3111,2026-09-07 06:28:21,0,2026-09-07 06:28:21,False,,bajo,True
2026-09-07 06:29:01,3112,2026-09-06 17:12:18,0,2026-09-06 17:12:18,False,,bajo,False
2026-09-07 06:29:01,3142,2026-09-06 08:52:04,0,2026-09-06 08:52:04,False,,bajo,False
2026-09-07 06:29:01,3181,2026-09-07 06:28:09,0,2026-09-07 06:28:09,False,,bajo,True
2026-09-07 06:29:01,3205,2026-09-05 15:57:54,0,2026-09-05 15:57:54,False,,bajo,False
2026-09-07 06:29:01,3233,2026-09-07 06:28:31,0,2026-09-07 06:28:31,False,,bajo,False
2026-09-07 06:29:01,2362,2026-09-05 23:20:38,1,2026-09-05 23:20:38,False,,bajo,True
2026-09-07 06:29:01,2815,2026-09-06 19:08:46,1,2026-09-06 19:08:46,False,,bajo,False
2026-09-07 06:29:01,2817,2026-09-05 14:08:46,1,2026-09-05 14:08:46,False,,bajo,False
2026-09-07 06:29:01,2818,2026-09-05 22:21:50,1,2026-09-05 22:21:50,False,,bajo,False
2026-09-07 06:29:01,2820,2026-06-03 07:57:34,1,2026-06-03 07:57:34,False,,bajo,False
2026-09-07 06:29:01,2821,2026-09-06 11:08:23,1,2026-09-06 11:08:23,False,,medio,True
2026-09-07 06:29:01,2822,2026-09-06 10:14:59,1,2026-09-06 10:14:59,False,,bajo,False
2026-09-07 06:29:01,2823,2026-09-06 15:16:06,1,2026-09-06 15:16:06,False,,bajo,True
2026-09-07 06:29:01,2824,2026-09-06 22:05:28,1,2026-09-06 22:05:28,False,,bajo,False
2026-09-07 06:29:01,2827,2026-09-05 10:57:14,1,2026-09-05 10:57:14,False,,bajo,False
2026-09-07 06:29:01,2828,2026-09-06 23:02:21,1,2026-09-06 23:02:21,False,,bajo,False
2026-09-07 06:29:01,2833,2026-09-06 22:20:48,1,2026-09-06 22:20:48,False,,alto,False
2026-09-07 06:29:01,2931,2026-09-06 22:49:38,1,2026-09-06 22:49:38,False,,alto,True
2026-09-07 06:29:01,2932,2026-09-06 22:14:46,1,2026-09-06 22:14:46,False,,bajo,True
2026-09-07 06:29:01,2949,2026-09-05 23:58:27,1,2026-09-05 23:58:27,False,,bajo,False
2026-09-07 06:29:01,2952,2026-09-04 13:00:00,1,2026-09-04 13:00:00,False,,bajo,False
2026-09-07 06:29:01,2953,2026-09-06 22:46:05,1,2026-09-06 22:46:05,False,,bajo,False
2026-09-07 06:29:01,2969,2026-09-06 22:03:54,1,2026-09-06 22:03:54,False,,bajo,False
2026-09-07 06:29:01,2995,2026-09-05 20:45:18,1,2026-09-05 20:45:18,False,,bajo,False
2026-09-07 06:29:01,3017,2026-09-06 14:15:11,1,2026-09-06 14:15:11,False,,bajo,False
2026-09-07 06:29:01,3021,2026-09-05 23:21:20,1,2026-09-05 23:21:20,False,,medio,False
2026-09-07 06:29:01,3068,2026-09-06 18:02:28,1,2026-09-06 18:02:28,False,,bajo,False
2026-09-07 06:29:01,3080,2026-09-06 22:05:49,1,2026-09-06 22:05:49,False,,bajo,False
2026-09-07 06:29:01,3089,2026-09-07 06:02:25,1,2026-09-07 06:02:25,False,,bajo,False
2026-09-07 06:29:01,3111,2026-09-06 22:59:03,1,2026-09-06 22:59:03,False,,bajo,False
2026-09-07 06:29:01,3112,2026-09-06 12:41:49,1,2026-09-06 12:41:49,False,,bajo,False
2026-09-07 06:29:01,3142,2026-09-05 22:00:43,1,2026-09-05 22:00:43,False,,bajo,False
2026-09-07 06:29:01,3181,2026-09-06 21:29:01,1,2026-09-06 21:29:01,False,,bajo,False
2026-09-07 06:29:01,3233,2026-09-06 19:34:49,1,2026-09-06 19:34:49,False,,bajo,True
2026-09-07 06:29:01,2736,2026-09-07 06:27:29,0,2026-09-07 06:27:29,False,,bajo,True
2026-09-07 06:29:01,2755,2026-09-07 06:09:11,0,2026-09-07 06:09:11,False,,bajo,True
2026-09-07 06:29:01,2908,2026-09-07 06:27:48,0,2026-09-07 06:27:48,False,,bajo,True
2026-09-07 06:29:01,3072,2025-03-13 16:03:26,0,2025-03-13 16:03:26,False,,bajo,False
2026-09-07 06:29:01,3100,2026-09-06 23:38:25,0,2026-09-06 23:38:25,False,,bajo,True
2026-09-07 06:29:01,3170,2026-09-06 20:05:54,0,2026-09-06 20:05:54,False,,bajo,False
2026-09-07 06:29:01,2736,2026-09-06 22:02:06,1,2026-09-06 22:02:06,False,,bajo,False
2026-09-07 06:29:01,2755,2026-09-06 21:48:15,1,2026-09-06 21:48:15,False,,bajo,True
2026-09-07 06:29:01,2908,2026-09-06 22:10:34,1,2026-09-06 22:10:34,False,,bajo,False
2026-09-07 06:29:01,3072,2025-03-13 16:03:26,1,2025-03-13 16:03:26,False,,bajo,False
2026-09-07 06:29:01,3100,2026-09-06 21:20:38,1,2026-09-06 21:20:38,False,,bajo,False
2026-09-07 06:29:01,3170,2026-09-05 12:40:02,1,2026-09-05 12:40:02,False,,bajo,False
2026-09-07 12:33:07,2456,2026-09-04 11:44:30,0,2026-09-04 11:44:30,False,,bajo,False
2026-09-07 12:33:07,2458,2026-09-06 17:50:12,0,2026-09-06 17:50:12,False,,bajo,False
2026-09-07 12:33:07,2491,2026-09-07 12:31:14,0,2026-09-07 12:31:14,False,,bajo,False
2026-09-07 12:33:07,2494,2026-09-06 03:37:28,0,2026-09-06 03:37:28,False,,alto,False
2026-09-07 12:33:07,2501,2026-09-05 22:59:25,0,2026-09-05 22:59:25,False,,bajo,False
2026-09-07 12:33:07,2531,2026-09-07 12:26:32,0,2026-09-07 12:26:32,True,2026-09-07 08:50:15,alto,False
2026-09-07 12:33:07,2545,2026-09-07 12:31:59,0,2026-09-07 12:31:59,False,,bajo,False
2026-09-07 12:33:07,2551,2026-09-07 12:25:19,0,2026-09-07 12:25:19,False,,bajo,True
2026-09-07 12:33:07,2639,2026-09-06 15:08:48,0,2026-09-06 15:08:48,False,,bajo,False
2026-09-07 12:33:07,2670,2026-09-07 12:31:23,0,2026-09-07 12:31:23,True,2026-09-07 11:46:19,bajo,True
2026-09-07 12:33:07,2675,2026-09-07 12:31:24,0,2026-09-07 12:31:24,True,2026-09-07 08:47:40,bajo,True
2026-09-07 12:33:07,2704,2026-09-07 12:23:03,0,2026-09-07 12:23:03,True,2026-09-07 11:42:49,bajo,False
2026-09-07 12:33:07,2705,2026-09-07 12:30:40,0,2026-09-07 12:30:40,False,,bajo,False
2026-09-07 12:33:07,2719,2025-06-26 16:00:33,0,2025-06-26 16:00:33,False,,bajo,False
2026-09-07 12:33:07,2728,2026-09-07 12:21:33,0,2026-09-07 12:21:33,False,,bajo,False
2026-09-07 12:33:07,2731,2026-09-05 20:45:32,0,2026-09-05 20:45:32,False,,bajo,False
2026-09-07 12:33:07,2869,2026-09-06 21:57:46,0,2026-09-06 21:57:46,False,,bajo,False
2026-09-07 12:33:07,2881,2026-09-07 12:32:03,0,2026-09-07 12:32:03,True,2026-09-07 10:01:22,bajo,False
2026-09-07 12:33:07,2903,2026-09-05 19:06:21,0,2026-09-05 19:06:21,False,,bajo,True
2026-09-07 12:33:07,2939,2026-09-07 12:24:15,0,2026-09-07 12:24:15,False,,bajo,True
2026-09-07 12:33:07,2940,2026-09-07 10:29:17,0,2026-09-07 10:29:17,False,,bajo,True
2026-09-07 12:33:07,3051,2026-09-07 12:31:44,0,2026-09-07 12:31:44,False,,bajo,False
2026-09-07 12:33:07,3078,2026-09-07 12:01:26,0,2026-09-07 12:01:26,False,,bajo,True
2026-09-07 12:33:07,3114,2026-09-07 12:32:23,0,2026-09-07 12:32:23,False,,bajo,False
2026-09-07 12:33:07,3118,2026-09-07 10:20:11,0,2026-09-07 10:20:11,False,,bajo,False
2026-09-07 12:33:07,3119,2026-09-04 12:40:19,0,2026-09-04 12:40:19,False,,bajo,False
2026-09-07 12:33:07,3164,2026-09-07 12:31:36,0,2026-09-07 12:31:36,True,2026-09-07 08:47:40,bajo,True
2026-09-07 12:33:07,3249,2026-09-04 10:59:19,0,2026-09-04 10:59:19,False,,bajo,True
2026-09-07 12:33:07,2456,2026-09-07 12:25:26,1,2026-09-07 12:25:26,False,,alto,False
2026-09-07 12:33:07,2458,2026-09-05 20:24:33,1,2026-09-05 20:24:33,False,,bajo,False
2026-09-07 12:33:07,2491,2026-09-07 12:22:01,1,2026-09-07 12:22:01,False,,bajo,False
2026-09-07 12:33:07,2494,2026-09-07 12:26:25,1,2026-09-07 12:26:25,True,2026-09-07 10:04:27,alto,False
2026-09-07 12:33:07,2501,2026-09-07 12:29:11,1,2026-09-07 12:29:11,False,,bajo,False
2026-09-07 12:33:07,2531,2026-09-07 12:26:32,1,2026-09-07 12:26:32,True,2026-09-07 10:40:55,alto,False
2026-09-07 12:33:07,2545,2026-09-07 09:09:44,1,2026-09-07 09:09:44,False,,bajo,True
2026-09-07 12:33:07,2551,2026-09-07 12:25:01,1,2026-09-07 12:25:01,False,,bajo,False
2026-09-07 12:33:07,2639,2026-09-07 08:10:40,1,2026-09-07 08:10:40,False,,bajo,False
2026-09-07 12:33:07,2670,2026-09-07 12:22:19,1,2026-09-07 12:22:19,False,,bajo,False
2026-09-07 12:33:07,2675,2026-09-07 11:44:30,1,2026-09-05 18:34:25,True,2026-09-07 11:44:30,bajo,False
2026-09-07 12:33:07,2704,2026-09-07 12:23:01,1,2026-09-07 12:23:01,False,,bajo,False
2026-09-07 12:33:07,2705,2026-09-07 12:31:23,1,2026-09-07 12:31:23,False,,bajo,False
2026-09-07 12:33:07,2728,2026-09-07 09:09:49,1,2026-09-07 09:09:49,False,,bajo,False
2026-09-07 12:33:07,2731,2026-09-07 02:56:44,1,2026-09-07 02:56:44,False,,bajo,False
2026-09-07 12:33:07,2869,2026-09-07 10:26:28,1,2026-09-07 10:26:28,False,,bajo,False
2026-09-07 12:33:07,2881,2026-09-07 12:14:10,1,2026-09-07 12:14:10,True,2026-09-07 10:01:22,bajo,False
2026-09-07 12:33:07,2903,2026-09-07 12:08:28,1,2026-09-07 12:08:28,False,,bajo,False
2026-09-07 12:33:07,2939,2026-09-07 12:28:49,1,2026-09-07 12:28:49,False,,bajo,False
2026-09-07 12:33:07,2940,2026-09-07 12:08:08,1,2026-09-07 12:08:08,False,,bajo,True
2026-09-07 12:33:07,3051,2026-09-07 11:39:23,1,2026-09-07 11:39:23,False,,bajo,False
2026-09-07 12:33:07,3078,2026-09-07 09:14:21,1,2026-09-07 09:14:21,False,,bajo,False
2026-09-07 12:33:07,3114,2026-09-07 12:24:21,1,2026-09-07 12:24:21,False,,bajo,False
2026-09-07 12:33:07,3118,2026-09-07 08:50:12,1,2026-09-07 08:50:12,False,,bajo,False
2026-09-07 12:33:07,3119,2026-09-07 04:14:13,1,2026-09-07 04:14:13,False,,bajo,False
2026-09-07 12:33:07,3249,2026-09-07 11:45:57,1,2026-09-07 11:45:57,False,,bajo,True
2026-09-07 12:33:07,2289,2026-09-07 08:33:07,0,2026-09-07 08:33:07,False,,bajo,True
2026-09-07 12:33:07,2292,2026-09-07 12:32:02,0,2026-09-07 12:32:02,False,,bajo,True
2026-09-07 12:33:07,2304,2026-06-03 08:24:38,0,2026-06-03 08:24:38,False,,bajo,False
2026-09-07 12:33:07,2329,2026-09-07 11:00:06,0,2026-09-07 11:00:06,False,,bajo,True
2026-09-07 12:33:07,2332,2026-09-07 12:31:59,0,2026-09-07 12:31:59,True,2026-09-07 07:49:29,bajo,False
2026-09-07 12:33:07,2359,2026-09-07 12:31:44,0,2026-09-07 12:31:44,True,2026-09-07 08:21:35,bajo,False
2026-09-07 12:33:07,2360,2026-09-07 07:45:07,0,2026-09-07 07:45:07,False,,bajo,False
2026-09-07 12:33:07,2361,2025-03-13 16:03:26,0,2025-03-13 16:03:26,False,,bajo,False
2026-09-07 12:33:07,2384,2026-09-07 12:31:34,0,2026-09-07 12:31:34,True,2026-09-07 07:40:40,alto,False
2026-09-07 12:33:07,2394,2026-09-07 12:29:47,0,2026-09-07 12:29:47,False,,alto,False
2026-09-07 12:33:07,2395,2026-09-07 12:32:33,0,2026-09-07 12:32:33,False,,bajo,True
2026-09-07 12:33:07,2405,2026-09-07 12:32:26,0,2026-09-07 12:32:26,False,,bajo,True
2026-09-07 12:33:07,2447,2026-09-07 12:32:21,0,2026-09-07 12:32:21,False,,bajo,False
2026-09-07 12:33:07,2448,2026-09-07 08:57:13,0,2026-09-07 08:57:13,False,,bajo,False
2026-09-07 12:33:07,2449,2026-09-07 12:26:30,0,2026-09-07 12:26:30,False,,bajo,True
2026-09-07 12:33:07,2450,2026-06-03 08:23:49,0,2026-06-03 08:23:49,False,,bajo,False
2026-09-07 12:33:07,2453,2026-09-06 08:06:43,0,2026-09-06 08:06:43,False,,bajo,False
2026-09-07 12:33:07,2454,2026-09-05 20:34:14,0,2026-09-05 20:34:14,False,,bajo,True
2026-09-07 12:33:07,2457,2026-09-06 18:57:48,0,2026-09-06 18:57:48,False,,bajo,False
2026-09-07 12:33:07,2470,2026-09-07 12:32:16,0,2026-09-07 12:32:16,False,,bajo,True
2026-09-07 12:33:07,2478,2026-09-07 12:28:50,0,2026-09-07 12:28:50,True,2026-09-07 08:14:16,bajo,True
2026-09-07 12:33:07,2479,2026-09-07 10:31:02,0,2026-09-07 07:45:51,True,2026-09-07 10:31:02,bajo,True
2026-09-07 12:33:07,2487,2026-09-06 19:33:17,0,2026-09-06 19:33:17,False,,bajo,False
2026-09-07 12:33:07,2490,2025-03-13 16:03:27,0,2025-03-13 16:03:27,False,,bajo,False
2026-09-07 12:33:07,2493,2025-03-13 16:03:26,0,2025-03-13 16:03:26,False,,bajo,False
2026-09-07 12:33:07,2499,2026-09-07 12:26:40,0,2026-09-07 12:26:40,True,2026-09-07 09:29:21,bajo,True
2026-09-07 12:33:07,2505,2026-09-06 07:47:49,0,2026-09-06 07:47:49,False,,bajo,False
2026-09-07 12:33:07,2507,2026-09-04 06:36:51,0,2026-09-04 06:36:51,False,,bajo,False
2026-09-07 12:33:07,2508,2026-09-07 12:30:58,0,2026-09-07 12:30:58,False,,bajo,False
2026-09-07 12:33:07,2517,2026-09-06 11:07:28,0,2026-09-06 11:07:28,False,,bajo,False
2026-09-07 12:33:07,2518,2026-09-07 12:26:25,0,2026-09-07 12:26:25,True,2026-09-07 09:41:39,bajo,True
2026-09-07 12:33:07,2520,2026-09-02 23:09:51,0,2026-09-02 23:09:51,False,,bajo,True
2026-09-07 12:33:07,2525,2026-09-07 12:20:52,0,2026-09-07 12:20:52,False,,alto,False
2026-09-07 12:33:07,2526,2026-09-07 12:32:02,0,2026-09-07 12:32:02,False,,bajo,True
2026-09-07 12:33:07,2529,2026-09-07 12:32:09,0,2026-09-07 12:32:09,True,2026-09-07 10:27:53,bajo,False
2026-09-07 12:33:07,2530,2026-06-02 08:37:08,0,2026-06-02 08:37:08,False,,bajo,False
2026-09-07 12:33:07,2532,2026-09-07 11:08:20,0,2026-09-07 03:43:33,True,2026-09-07 11:08:20,bajo,True
2026-09-07 12:33:07,2534,2026-09-07 12:30:27,0,2026-09-07 12:30:27,True,2026-09-07 09:26:46,bajo,True
2026-09-07 12:33:07,2536,2026-09-07 12:29:24,0,2026-09-07 12:29:24,True,2026-09-07 07:28:08,bajo,True
2026-09-07 12:33:07,2539,2025-03-13 16:03:27,0,2025-03-13 16:03:27,False,,bajo,False
2026-09-07 12:33:07,2542,2026-09-07 12:29:55,0,2026-09-07 12:29:55,False,,bajo,False
2026-09-07 12:33:07,2547,2026-09-07 12:31:42,0,2026-09-07 12:31:42,True,2026-09-07 08:51:13,bajo,False
2026-09-07 12:33:07,2548,2026-09-06 08:35:57,0,2026-09-06 08:35:57,False,,bajo,True
2026-09-07 12:33:07,2552,2026-09-07 12:31:35,0,2026-09-07 12:31:35,True,2026-09-07 08:48:16,bajo,False
2026-09-07 12:33:07,2557,2026-09-07 12:31:39,0,2026-09-07 12:31:39,False,,bajo,True
2026-09-07 12:33:07,2563,2026-09-06 18:18:34,0,2026-09-06 18:18:34,False,,bajo,False
2026-09-07 12:33:07,2571,2026-09-07 12:32:26,0,2026-09-07 12:32:26,False,,bajo,False
2026-09-07 12:33:07,2580,2026-09-01 17:45:26,0,2026-09-01 17:45:26,False,,bajo,False
2026-09-07 12:33:07,2609,2026-09-06 21:16:43,0,2026-09-06 21:16:43,False,,bajo,True
2026-09-07 12:33:07,2610,2026-09-06 22:46:25,0,2026-09-06 22:46:25,False,,bajo,False
2026-09-07 12:33:07,2620,2026-09-07 12:31:56,0,2026-09-07 12:31:56,True,2026-09-07 11:00:01,bajo,True
2026-09-07 12:33:07,2622,2026-09-07 11:43:20,0,2026-09-06 17:16:34,True,2026-09-07 11:43:20,bajo,False
2026-09-07 12:33:07,2630,2026-09-03 18:39:07,0,2026-09-03 18:39:07,False,,bajo,False
2026-09-07 12:33:07,2647,2026-09-07 12:29:25,0,2026-09-07 12:29:25,True,2026-09-07 09:38:16,bajo,True
2026-09-07 12:33:07,2662,2026-09-07 12:32:22,0,2026-09-07 12:32:22,True,2026-09-07 10:02:18,bajo,False
2026-09-07 12:33:07,2677,2026-09-06 11:36:58,0,2026-09-06 11:36:58,False,,bajo,False
2026-09-07 12:33:07,2683,2026-09-05 20:12:46,0,2026-09-05 20:12:46,False,,bajo,False
2026-09-07 12:33:07,2685,2026-09-07 12:29:48,0,2026-09-07 12:29:48,False,,bajo,False
2026-09-07 12:33:07,2689,2026-09-07 12:30:48,0,2026-09-07 12:30:48,False,,alto,False
2026-09-07 12:33:07,2690,2026-09-07 12:26:31,0,2026-09-07 12:26:31,False,,bajo,False
2026-09-07 12:33:07,2694,2025-03-13 16:03:26,0,2025-03-13 16:03:26,False,,bajo,False
2026-09-07 12:33:07,2696,2026-09-07 07:19:46,0,2026-09-07 07:19:46,False,,bajo,False
2026-09-07 12:33:07,2698,2026-09-06 08:41:19,0,2026-09-06 08:41:19,False,,alto,True
2026-09-07 12:33:07,2703,2026-09-07 11:35:22,0,2026-09-07 11:35:22,True,2026-09-07 09:05:53,bajo,True
2026-09-07 12:33:07,2711,2026-09-05 09:37:42,0,2026-09-05 09:37:42,False,,alto,False
2026-09-07 12:33:07,2715,2026-06-03 06:51:07,0,2026-06-03 06:51:07,False,,bajo,False
2026-09-07 12:33:07,2716,2026-09-07 08:55:57,0,2026-09-07 08:55:57,False,,bajo,False
2026-09-07 12:33:07,2733,2025-03-13 16:03:27,0,2025-03-13 16:03:27,False,,bajo,False
2026-09-07 12:33:07,2742,2026-09-07 12:31:19,0,2026-09-07 12:31:19,False,,bajo,False
2026-09-07 12:33:07,2747,2026-09-07 12:32:22,0,2026-09-07 12:32:22,True,2026-09-07 08:39:34,bajo,False
2026-09-07 12:33:07,2752,2025-03-13 16:03:27,0,2025-03-13 16:03:27,False,,bajo,False
2026-09-07 12:33:07,2764,2026-09-07 12:32:15,0,2026-09-07 12:32:15,False,,bajo,False
2026-09-07 12:33:07,2765,2026-09-07 06:35:51,0,2026-09-07 06:35:51,False,,bajo,True
2026-09-07 12:33:07,2772,2026-06-03 04:57:09,0,2026-06-03 04:57:09,False,,bajo,False
2026-09-07 12:33:07,2774,2026-09-07 12:32:23,0,2026-09-07 12:32:23,False,,bajo,True
2026-09-07 12:33:07,2776,2026-09-07 12:32:30,0,2026-09-07 12:32:30,False,,bajo,True
2026-09-07 12:33:07,2779,2026-09-06 16:15:50,0,2026-09-06 16:15:50,False,,bajo,True
2026-09-07 12:33:07,2783,2026-09-06 07:32:56,0,2026-09-06 07:32:56,False,,bajo,False
2026-09-07 12:33:07,2784,2026-09-05 14:49:49,0,2026-09-05 14:49:49,False,,bajo,False
2026-09-07 12:33:07,2788,2026-09-05 10:17:50,0,2026-09-05 10:17:50,False,,bajo,False
2026-09-07 12:33:07,2793,2026-09-06 20:02:06,0,2026-09-06 20:02:06,False,,bajo,True
2026-09-07 12:33:07,2798,2026-09-06 00:36:42,0,2026-09-06 00:36:42,False,,bajo,False
2026-09-07 12:33:07,2802,2026-06-03 00:08:20,0,2026-06-03 00:08:20,False,,bajo,False
2026-09-07 12:33:07,2805,2026-09-07 12:32:10,0,2026-09-07 12:32:10,False,,bajo,True
2026-09-07 12:33:07,2806,2026-08-24 22:36:34,0,2026-08-24 22:36:34,False,,bajo,True
2026-09-07 12:33:07,2809,2026-09-07 12:31:42,0,2026-09-07 12:31:42,False,,bajo,True
2026-09-07 12:33:07,2811,2026-09-07 12:32:21,0,2026-09-07 12:32:21,False,,bajo,False
2026-09-07 12:33:07,2861,2026-09-07 12:30:29,0,2026-09-07 12:30:29,False,,bajo,True
2026-09-07 12:33:07,2870,2026-09-06 16:57:44,0,2026-09-06 16:57:44,False,,bajo,False
2026-09-07 12:33:07,2873,2026-09-05 14:48:45,0,2026-09-05 14:48:45,False,,bajo,False
2026-09-07 12:33:07,2899,2026-09-07 12:32:36,0,2026-09-07 12:32:36,True,2026-09-07 09:59:16,bajo,True
2026-09-07 12:33:07,2900,2025-03-13 16:18:25,0,2025-03-13 16:18:25,False,,bajo,False
2026-09-07 12:33:07,2912,2026-09-06 20:55:13,0,2026-09-06 20:55:13,False,,bajo,True
2026-09-07 12:33:07,2913,2026-09-05 23:07:56,0,2026-09-05 23:07:56,False,,bajo,False
2026-09-07 12:33:07,2928,2026-09-06 07:38:34,0,2026-09-06 07:38:34,False,,alto,True
2026-09-07 12:33:07,2934,2026-09-06 17:21:54,0,2026-09-06 17:21:54,False,,bajo,False
2026-09-07 12:33:07,2943,2026-09-07 12:05:06,0,2026-09-07 12:05:06,False,,bajo,True
2026-09-07 12:33:07,2945,2026-09-02 14:30:27,0,2026-09-02 14:30:27,False,,bajo,False
2026-09-07 12:33:07,2947,2026-09-07 12:04:58,0,2026-09-07 12:04:58,False,,bajo,True
2026-09-07 12:33:07,2956,2026-09-06 16:34:43,0,2026-09-06 16:34:43,False,,bajo,False
2026-09-07 12:33:07,2958,2026-09-06 21:03:19,0,2026-09-06 21:03:19,False,,alto,True
2026-09-07 12:33:07,2968,2026-09-07 12:32:19,0,2026-09-07 12:32:19,False,,bajo,True
2026-09-07 12:33:07,3040,2026-09-05 09:39:35,0,2026-09-05 09:39:35,False,,bajo,True
2026-09-07 12:33:07,3052,2026-09-07 12:17:56,0,2026-09-07 12:17:56,True,2026-09-07 11:22:26,bajo,False
2026-09-07 12:33:07,3053,2026-09-05 22:45:59,0,2026-09-05 22:45:59,False,,bajo,True
2026-09-07 12:33:07,3069,2026-09-05 10:55:13,0,2026-09-05 10:55:13,False,,bajo,True
2026-09-07 12:33:07,3083,2026-09-07 09:22:05,0,2026-09-07 09:22:05,False,,bajo,False
2026-09-07 12:33:07,3092,2026-09-07 12:31:50,0,2026-09-07 12:31:50,True,2026-09-07 07:56:44,bajo,False
2026-09-07 12:33:07,3123,2026-09-07 12:30:42,0,2026-09-07 12:30:42,False,,bajo,False
2026-09-07 12:33:07,3126,2026-09-06 15:27:41,0,2026-09-06 15:27:41,False,,bajo,False
2026-09-07 12:33:07,3166,2026-09-07 08:42:32,0,2026-09-07 08:42:32,False,,bajo,True
2026-09-07 12:33:07,3182,2026-09-07 12:32:28,0,2026-09-07 12:32:28,False,,bajo,False
2026-09-07 12:33:07,3196,2026-09-07 12:32:34,0,2026-09-07 12:32:34,True,2026-09-07 10:18:44,bajo,True
2026-09-07 12:33:07,3200,2026-09-07 12:30:36,0,2026-09-07 12:30:36,False,,bajo,False
2026-09-07 12:33:07,3206,2026-09-05 14:54:07,0,2026-09-05 14:54:07,False,,bajo,False
2026-09-07 12:33:07,3218,2026-09-07 12:16:29,0,2026-09-07 12:16:29,False,,bajo,False
2026-09-07 12:33:07,3220,2026-09-03 09:27:30,0,2026-09-03 09:27:30,False,,bajo,False
2026-09-07 12:33:07,3221,2026-09-07 12:30:51,0,2026-09-07 12:30:51,False,,alto,True
2026-09-07 12:33:07,3238,2026-09-07 11:47:04,0,2026-09-07 11:47:04,False,,bajo,True
2026-09-07 12:33:07,3241,2026-09-02 10:39:49,0,2026-09-02 10:39:49,False,,bajo,True
2026-09-07 12:33:07,3246,2026-09-05 17:38:55,0,2026-09-05 17:38:55,False,,bajo,True
2026-09-07 12:33:07,3252,2026-09-07 12:31:23,0,2026-09-07 12:31:23,False,,bajo,False
2026-09-07 12:33:07,3261,2026-09-07 12:29:36,0,2026-09-07 12:29:36,True,2026-09-07 08:27:40,bajo,False
2026-09-07 12:33:07,4016,2026-09-06 22:01:34,0,2026-09-06 22:01:34,False,,bajo,True
2026-09-07 12:33:07,4027,2026-09-07 12:32:10,0,2026-09-07 12:32:10,False,,bajo,False
2026-09-07 12:33:07,2304,2026-09-05 22:48:45,1,2026-09-05 22:48:45,False,,bajo,False
2026-09-07 12:33:07,2332,2026-09-05 16:47:27,1,2026-09-05 16:47:27,False,,bajo,False
2026-09-07 12:33:07,2359,2026-09-06 22:28:17,1,2026-09-06 22:28:17,False,,bajo,False
2026-09-07 12:33:07,2361,2025-03-13 16:03:26,1,2025-03-13 16:03:26,False,,bajo,False
2026-09-07 12:33:07,2384,2026-09-05 04:55:30,1,2026-09-05 04:55:30,False,,bajo,False
2026-09-07 12:33:07,2394,2026-09-05 17:31:10,1,2026-09-05 17:31:10,False,,alto,False
2026-09-07 12:33:07,2395,2026-09-07 08:26:49,1,2026-09-07 08:26:49,False,,bajo,True
2026-09-07 12:33:07,2405,2026-09-07 12:09:03,1,2026-09-07 12:09:03,False,,bajo,False
2026-09-07 12:33:07,2447,2026-09-04 17:03:44,1,2026-09-04 17:03:44,False,,bajo,True
2026-09-07 12:33:07,2448,2026-09-06 20:47:31,1,2026-09-06 20:47:31,False,,bajo,False
2026-09-07 12:33:07,2449,2026-09-02 11:08:53,1,2026-09-02 11:08:53,False,,bajo,False
2026-09-07 12:33:07,2450,2026-09-04 11:32:33,1,2026-09-04 11:32:33,False,,bajo,False
2026-09-07 12:33:07,2453,2026-09-06 14:30:38,1,2026-09-06 14:30:38,False,,bajo,False
2026-09-07 12:33:07,2454,2026-09-07 10:32:21,1,2026-09-07 10:32:21,False,,bajo,False
2026-09-07 12:33:07,2457,2026-09-06 20:56:48,1,2026-09-06 20:56:48,False,,bajo,False
2026-09-07 12:33:07,2478,2026-09-06 19:56:58,1,2026-09-06 19:56:58,False,,bajo,True
2026-09-07 12:33:07,2487,2026-09-05 18:43:35,1,2026-09-05 18:43:35,False,,bajo,False
2026-09-07 12:33:07,2490,2025-03-13 16:03:27,1,2025-03-13 16:03:27,False,,bajo,False
2026-09-07 12:33:07,2493,2025-03-13 16:03:26,1,2025-03-13 16:03:26,False,,bajo,False
2026-09-07 12:33:07,2499,2026-06-03 06:29:57,1,2026-06-03 06:29:57,False,,bajo,False
2026-09-07 12:33:07,2505,2026-09-04 21:59:57,1,2026-09-04 21:59:57,False,,bajo,False
2026-09-07 12:33:07,2507,2026-09-03 10:02:01,1,2026-09-03 10:02:01,False,,bajo,False
2026-09-07 12:33:07,2508,2026-09-05 16:57:20,1,2026-09-05 16:57:20,False,,bajo,False
2026-09-07 12:33:07,2517,2026-09-05 11:47:45,1,2026-09-05 11:47:45,False,,bajo,False
2026-09-07 12:33:07,2518,2026-09-05 07:33:03,1,2026-09-05 07:33:03,False,,bajo,False
2026-09-07 12:33:07,2520,2026-09-05 23:01:51,1,2026-09-05 23:01:51,False,,bajo,True
2026-09-07 12:33:07,2525,2026-09-06 07:36:27,1,2026-09-06 07:36:27,False,,bajo,False
2026-09-07 12:33:07,2526,2026-09-04 08:04:20,1,2026-09-04 08:04:20,False,,bajo,False
2026-09-07 12:33:07,2529,2026-09-06 11:24:59,1,2026-09-06 11:24:59,False,,bajo,False
2026-09-07 12:33:07,2530,2026-09-05 22:14:53,1,2026-09-05 22:14:53,False,,bajo,False
2026-09-07 12:33:07,2534,2026-09-05 17:12:19,1,2026-09-05 17:12:19,False,,bajo,False
2026-09-07 12:33:07,2536,2026-09-07 09:17:58,1,2026-09-07 09:17:58,False,,bajo,False
2026-09-07 12:33:07,2539,2025-03-13 16:03:27,1,2025-03-13 16:03:27,False,,bajo,False
2026-09-07 12:33:07,2547,2026-09-05 23:18:18,1,2026-09-05 23:18:18,False,,bajo,False
2026-09-07 12:33:07,2548,2026-09-06 07:45:36,1,2026-09-06 07:45:36,False,,bajo,False
2026-09-07 12:33:07,2552,2026-09-06 03:34:42,1,2026-09-06 03:34:42,False,,bajo,False
2026-09-07 12:33:07,2557,2026-09-07 12:32:05,1,2026-09-07 12:32:05,False,,bajo,False
2026-09-07 12:33:07,2563,2026-09-07 06:34:16,1,2026-09-07 06:34:16,False,,bajo,False
2026-09-07 12:33:07,2571,2026-09-05 19:36:19,1,2026-09-05 19:36:19,False,,alto,False
2026-09-07 12:33:07,2580,2026-09-01 16:21:06,1,2026-09-01 16:21:06,False,,bajo,False
2026-09-07 12:33:07,2609,2026-09-04 08:05:08,1,2026-09-04 08:05:08,False,,bajo,True
2026-09-07 12:33:07,2610,2026-09-05 15:38:26,1,2026-09-05 15:38:26,False,,bajo,False
2026-09-07 12:33:07,2620,2026-09-06 07:08:52,1,2026-09-06 07:08:52,False,,bajo,False
2026-09-07 12:33:07,2622,2026-09-05 19:56:38,1,2026-09-05 19:56:38,False,,bajo,False
2026-09-07 12:33:07,2630,2026-09-05 08:29:16,1,2026-09-05 08:29:16,False,,bajo,False
2026-09-07 12:33:07,2647,2026-09-07 11:12:09,1,2026-09-07 11:12:09,False,,bajo,True
2026-09-07 12:33:07,2662,2026-09-05 05:47:13,1,2026-09-05 05:47:13,False,,bajo,False
2026-09-07 12:33:07,2677,2026-09-04 20:56:38,1,2026-09-04 20:56:38,False,,bajo,True
2026-09-07 12:33:07,2683,2026-09-06 09:02:41,1,2026-09-06 09:02:41,False,,bajo,True
2026-09-07 12:33:07,2685,2026-09-06 19:10:13,1,2026-09-06 19:10:13,False,,bajo,True
2026-09-07 12:33:07,2689,2026-09-05 18:24:23,1,2026-09-05 18:24:23,False,,bajo,False
2026-09-07 12:33:07,2690,2026-09-05 20:56:30,1,2026-09-05 20:56:30,False,,bajo,False
2026-09-07 12:33:07,2694,2025-03-13 16:03:26,1,2025-03-13 16:03:26,False,,bajo,False
2026-09-07 12:33:07,2698,2026-09-06 04:19:10,1,2026-09-06 04:19:10,False,,alto,False
2026-09-07 12:33:07,2703,2026-09-06 11:36:46,1,2026-09-06 11:36:46,False,,bajo,False
2026-09-07 12:33:07,2711,2026-09-06 13:09:56,1,2026-09-06 13:09:56,False,,bajo,False
2026-09-07 12:33:07,2715,2026-09-04 09:04:13,1,2026-09-04 09:04:13,False,,bajo,False
2026-09-07 12:33:07,2716,2026-09-05 20:46:56,1,2026-09-05 20:46:56,False,,bajo,False
2026-09-07 12:33:07,2742,2026-09-05 08:29:56,1,2026-09-05 08:29:56,False,,bajo,False
2026-09-07 12:33:07,2747,2026-09-05 22:10:25,1,2026-09-05 22:10:25,False,,bajo,False
2026-09-07 12:33:07,2764,2026-09-07 12:31:01,1,2026-09-07 12:31:01,False,,bajo,True
2026-09-07 12:33:07,2765,2026-09-06 11:30:19,1,2026-09-06 11:30:19,False,,bajo,False
2026-09-07 12:33:07,2772,2026-09-06 08:36:32,1,2026-09-06 08:36:32,False,,medio,False
2026-09-07 12:33:07,2774,2026-09-07 01:22:12,1,2026-09-07 01:22:12,False,,bajo,True
2026-09-07 12:33:07,2776,2026-09-06 12:18:35,1,2026-09-06 12:18:35,False,,bajo,False
2026-09-07 12:33:07,2779,2026-09-07 12:31:08,1,2026-09-07 12:31:08,False,,bajo,False
2026-09-07 12:33:07,2783,2026-09-06 08:41:39,1,2026-09-06 08:41:39,False,,bajo,False
2026-09-07 12:33:07,2784,2026-09-05 10:55:47,1,2026-09-05 10:55:47,False,,bajo,False
2026-09-07 12:33:07,2788,2026-09-03 12:15:33,1,2026-09-03 12:15:33,False,,bajo,False
2026-09-07 12:33:07,2793,2026-09-07 12:12:33,1,2026-09-07 12:12:33,False,,bajo,False
2026-09-07 12:33:07,2798,2026-09-06 08:03:01,1,2026-09-06 08:03:01,False,,bajo,False
2026-09-07 12:33:07,2802,2026-09-07 12:31:14,1,2026-09-07 12:31:14,False,,alto,False
2026-09-07 12:33:07,2805,2026-09-06 18:44:31,1,2026-09-06 18:44:31,False,,bajo,False
2026-09-07 12:33:07,2806,2026-09-06 18:16:30,1,2026-09-06 18:16:30,False,,bajo,False
2026-09-07 12:33:07,2811,2026-09-07 12:01:53,1,2026-09-07 12:01:53,False,,bajo,False
2026-09-07 12:33:07,2861,2026-06-03 08:53:58,1,2026-06-03 08:53:58,False,,bajo,False
2026-09-07 12:33:07,2870,2026-09-06 17:32:17,1,2026-09-06 17:32:17,False,,bajo,False
2026-09-07 12:33:07,2873,2026-09-04 11:30:00,1,2026-09-04 11:30:00,False,,bajo,False
2026-09-07 12:33:07,2899,2026-09-04 23:53:47,1,2026-09-04 23:53:47,False,,bajo,False
2026-09-07 12:33:07,2900,2025-03-13 16:18:25,1,2025-03-13 16:18:25,False,,bajo,False
2026-09-07 12:33:07,2912,2026-09-06 01:00:14,1,2026-09-06 01:00:14,False,,bajo,False
2026-09-07 12:33:07,2913,2026-09-05 14:27:08,1,2026-09-05 14:27:08,False,,bajo,False
2026-09-07 12:33:07,2928,2026-09-07 11:27:23,1,2026-09-07 11:27:23,False,,alto,False
2026-09-07 12:33:07,2934,2026-09-05 20:46:59,1,2026-09-05 20:46:59,False,,bajo,False
2026-09-07 12:33:07,2943,2026-09-07 11:08:41,1,2026-09-07 11:08:41,False,,bajo,True
2026-09-07 12:33:07,2945,2026-09-07 11:36:28,1,2026-09-07 11:36:28,False,,bajo,False
2026-09-07 12:33:07,2956,2026-09-06 19:47:52,1,2026-09-06 19:47:52,False,,medio,True
2026-09-07 12:33:07,2958,2026-09-06 21:55:48,1,2026-09-06 21:55:48,False,,medio,False
2026-09-07 12:33:07,2968,2026-09-07 12:32:11,1,2026-09-07 12:32:11,False,,bajo,True
2026-09-07 12:33:07,3040,2026-09-07 12:04:06,1,2026-09-07 12:04:06,False,,bajo,False
2026-09-07 12:33:07,3053,2026-09-07 09:28:39,1,2026-09-07 09:28:39,False,,bajo,False
2026-09-07 12:33:07,3069,2026-09-07 11:45:32,1,2026-09-07 11:45:32,False,,bajo,True
2026-09-07 12:33:07,3083,2026-09-07 12:26:11,1,2026-09-07 12:26:11,False,,bajo,True
2026-09-07 12:33:07,3092,2026-09-06 11:05:25,1,2026-09-06 11:05:25,False,,bajo,False
2026-09-07 12:33:07,3123,2026-09-06 04:37:10,1,2026-09-06 04:37:10,False,,bajo,False
2026-09-07 12:33:07,3126,2026-09-07 12:03:33,1,2026-09-07 12:03:33,False,,bajo,False
2026-09-07 12:33:07,3166,2026-06-03 07:30:20,1,2026-06-03 07:30:20,False,,bajo,False
2026-09-07 12:33:07,3182,2026-09-07 08:25:24,1,2026-09-07 08:25:24,False,,bajo,False
2026-09-07 12:33:07,3200,2026-09-06 23:06:36,1,2026-09-06 23:06:36,False,,bajo,False
2026-09-07 12:33:07,3206,2026-09-07 12:30:34,1,2026-09-07 12:30:34,False,,bajo,False
2026-09-07 12:33:07,3218,2026-09-07 12:28:14,1,2026-09-07 12:28:14,False,,bajo,True
2026-09-07 12:33:07,3220,2026-09-07 10:21:18,1,2026-09-07 10:21:18,False,,bajo,False
2026-09-07 12:33:07,3221,2026-09-07 12:18:10,1,2026-09-07 12:18:10,False,,medio,False
2026-09-07 12:33:07,3241,2026-09-05 14:26:30,1,2026-09-05 14:26:30,False,,bajo,False
2026-09-07 12:33:07,3246,2026-09-07 10:54:37,1,2026-09-07 10:54:37,False,,bajo,False
2026-09-07 12:33:07,3252,2026-09-07 08:59:23,1,2026-09-07 08:59:23,False,,bajo,False
2026-09-07 12:33:07,3261,2026-09-07 07:07:25,1,2026-09-07 07:07:25,False,,bajo,False
2026-09-07 12:33:07,3269,2026-09-07 11:11:24,1,2026-09-07 11:11:24,False,,bajo,False
2026-09-07 12:33:07,4016,2026-09-05 08:33:22,1,2026-09-05 08:33:22,False,,bajo,True
2026-09-07 12:33:07,4027,2026-09-06 17:39:52,1,2026-09-06 17:39:52,False,,medio,False
2026-09-07 12:33:07,2292,2026-06-03 08:02:35,2,2026-06-03 08:02:35,False,,bajo,False
2026-09-07 12:33:07,2329,2026-06-03 08:44:35,2,2026-06-03 08:44:35,False,,bajo,False
2026-09-07 12:33:07,2454,2026-06-03 07:16:12,2,2026-06-03 07:16:12,False,,bajo,False
2026-09-07 12:33:07,2470,2026-06-03 08:25:54,2,2026-06-03 08:25:54,False,,bajo,False
2026-09-07 12:33:07,2479,2026-06-03 08:24:44,2,2026-06-03 08:24:44,False,,bajo,False
2026-09-07 12:33:07,2499,2026-06-03 06:29:57,2,2026-06-03 06:29:57,False,,bajo,False
2026-09-07 12:33:07,2507,2026-06-03 08:14:57,2,2026-06-03 08:14:57,False,,bajo,False
2026-09-07 12:33:07,2517,2026-06-03 07:30:55,2,2026-06-03 07:30:55,False,,bajo,False
2026-09-07 12:33:07,2532,2026-06-03 07:22:58,2,2026-06-03 07:22:58,False,,bajo,False
2026-09-07 12:33:07,2563,2026-06-03 08:43:14,2,2026-06-03 08:43:14,False,,bajo,False
2026-09-07 12:33:07,2620,2026-06-03 08:51:25,2,2026-06-03 08:51:25,False,,bajo,False
2026-09-07 12:33:07,2947,2026-06-03 07:46:53,2,2026-06-03 07:46:53,False,,bajo,False
2026-09-07 12:33:07,2968,2026-06-03 08:29:04,2,2026-06-03 08:29:04,False,,bajo,False
2026-09-07 12:33:07,3196,2026-06-03 06:38:18,2,2026-06-03 06:38:18,False,,bajo,False
2026-09-07 12:33:07,3206,2026-06-03 08:23:59,2,2026-06-03 08:23:59,False,,bajo,False
2026-09-07 12:33:07,2395,2026-06-03 08:40:16,3,2026-06-03 08:40:16,False,,bajo,False
2026-09-07 12:33:07,2405,2026-06-03 07:27:56,3,2026-06-03 07:27:56,False,,bajo,False
2026-09-07 12:33:07,2517,2026-06-03 07:30:55,3,2026-06-03 07:30:55,False,,bajo,False
2026-09-07 12:33:07,2529,2026-06-03 07:46:28,3,2026-06-03 07:46:28,False,,bajo,False
2026-09-07 12:33:07,2620,2026-06-03 08:51:25,3,2026-06-03 08:51:25,False,,bajo,False
2026-09-07 12:33:07,2630,2026-06-03 08:21:10,3,2026-06-03 08:21:10,False,,bajo,False
2026-09-07 12:33:07,2703,2026-06-03 07:20:39,3,2026-06-03 07:20:39,False,,bajo,False
2026-09-07 12:33:07,3053,2026-06-03 07:52:09,3,2026-06-03 07:52:09,False,,bajo,False
2026-09-07 12:33:07,3252,2026-06-03 06:40:45,3,2026-06-03 06:40:45,False,,bajo,False
2026-09-07 12:33:07,2228,2026-09-06 20:49:05,0,2026-09-06 20:49:05,False,,alto,False
2026-09-07 12:33:07,2291,2026-09-07 10:36:38,0,2026-09-07 10:36:38,False,,bajo,False
2026-09-07 12:33:07,2295,2026-09-07 12:32:29,0,2026-09-07 12:32:29,True,2026-09-07 09:56:46,bajo,True
2026-09-07 12:33:07,2297,2026-09-07 12:30:41,0,2026-09-07 12:30:41,True,2026-09-07 10:20:13,bajo,False
2026-09-07 12:33:07,2305,2026-09-07 07:22:00,0,2026-09-07 07:22:00,False,,alto,False
2026-09-07 12:33:07,2306,2026-09-07 11:42:44,0,2026-09-07 08:44:30,True,2026-09-07 11:42:44,alto,True
2026-09-07 12:33:07,2307,2026-09-07 12:31:48,0,2026-09-07 12:31:48,False,,bajo,False
2026-09-07 12:33:07,2308,2026-09-07 12:32:24,0,2026-09-07 12:32:24,False,,bajo,False
2026-09-07 12:33:07,2408,2026-09-07 12:30:50,0,2026-09-07 12:30:50,True,2026-09-07 09:31:04,alto,False
2026-09-07 12:33:07,2409,2025-05-07 18:03:24,0,2025-05-07 18:03:24,False,,bajo,False
2026-09-07 12:33:07,2416,2026-09-07 10:35:25,0,2026-09-06 22:38:22,True,2026-09-07 10:35:25,bajo,False
2026-09-07 12:33:07,2417,2026-09-07 12:31:32,0,2026-09-07 12:31:32,False,,medio,True
2026-09-07 12:33:07,2455,2026-09-07 12:31:53,0,2026-09-07 12:31:53,True,2026-09-07 10:32:06,bajo,False
2026-09-07 12:33:07,2462,2026-09-07 11:21:34,0,2026-09-07 11:21:34,False,,medio,False
2026-09-07 12:33:07,2486,2026-09-07 12:31:42,0,2026-09-07 12:31:42,False,,bajo,True
2026-09-07 12:33:07,2489,2026-09-07 12:32:26,0,2026-09-07 12:32:26,False,,medio,True
2026-09-07 12:33:07,2522,2026-09-07 12:32:14,0,2026-09-07 12:32:14,True,2026-09-07 10:22:42,medio,False
2026-09-07 12:33:07,2523,2026-09-07 12:30:34,0,2026-09-07 12:30:34,True,2026-09-07 11:20:19,bajo,True
2026-09-07 12:33:07,2543,2026-09-07 12:10:29,0,2026-09-07 12:10:29,True,2026-09-07 11:27:07,alto,False
2026-09-07 12:33:07,2555,2026-09-05 20:25:09,0,2026-09-05 20:25:09,False,,bajo,False
2026-09-07 12:33:07,2556,2026-09-07 12:30:52,0,2026-09-07 12:30:52,True,2026-09-07 07:27:05,bajo,True
2026-09-07 12:33:07,2578,2026-09-05 23:05:45,0,2026-09-05 23:05:45,False,,alto,False
2026-09-07 12:33:07,2584,2026-09-07 12:02:30,0,2026-09-07 12:02:30,False,,medio,True
2026-09-07 12:33:07,2597,2026-09-07 12:32:08,0,2026-09-07 12:32:08,True,2026-09-07 11:16:54,alto,False
2026-09-07 12:33:07,2598,2026-09-07 12:31:26,0,2026-09-07 12:31:26,True,2026-09-07 08:05:31,bajo,True
2026-09-07 12:33:07,2600,2026-09-07 08:48:29,0,2026-09-07 08:48:29,False,,bajo,True
2026-09-07 12:33:07,2612,2026-09-07 12:30:20,0,2026-09-07 12:30:20,False,,bajo,False
2026-09-07 12:33:07,2615,2026-09-07 12:32:17,0,2026-09-07 12:32:17,True,2026-09-07 08:05:31,alto,True
2026-09-07 12:33:07,2633,2026-09-07 12:32:35,0,2026-09-07 12:32:35,True,2026-09-07 10:50:14,alto,True
2026-09-07 12:33:07,2640,2026-09-06 22:59:10,0,2026-09-06 22:59:10,False,,medio,False
2026-09-07 12:33:07,2643,2026-09-07 07:45:21,0,2026-09-07 07:45:21,False,,bajo,False
2026-09-07 12:33:07,2648,2026-09-07 12:32:09,0,2026-09-07 12:32:09,True,2026-09-07 10:40:24,alto,True
2026-09-07 12:33:07,2651,2025-03-13 16:03:26,0,2025-03-13 16:03:26,False,,bajo,False
2026-09-07 12:33:07,2652,2026-09-07 10:35:25,0,2026-09-06 19:27:12,True,2026-09-07 10:35:25,bajo,False
2026-09-07 12:33:07,2656,2026-09-07 12:32:03,0,2026-09-07 12:32:03,True,2026-09-07 08:01:53,bajo,False
2026-09-07 12:33:07,2657,2026-09-07 12:32:25,0,2026-09-07 12:32:25,True,2026-09-07 11:42:44,alto,False
2026-09-07 12:33:07,2658,2025-03-13 16:03:26,0,2025-03-13 16:03:26,False,,bajo,False
2026-09-07 12:33:07,2663,2026-09-06 18:31:43,0,2026-09-06 18:31:43,False,,bajo,False
2026-09-07 12:33:07,2679,2026-09-07 07:23:19,0,2026-09-07 07:23:19,False,,medio,False
2026-09-07 12:33:07,2697,2026-09-07 10:38:07,0,2026-09-07 10:38:07,False,,bajo,False
2026-09-07 12:33:07,2709,2026-09-06 18:28:18,0,2026-09-06 18:28:18,False,,bajo,False
2026-09-07 12:33:07,2729,2026-09-07 12:31:57,0,2026-09-07 12:31:57,True,2026-09-07 10:40:24,medio,False
2026-09-07 12:33:07,2740,2026-09-07 12:32:11,0,2026-09-07 12:32:11,False,,bajo,False
2026-09-07 12:33:07,2753,2026-09-07 12:30:13,0,2026-09-07 12:30:13,False,,bajo,False
2026-09-07 12:33:07,2763,2026-09-05 19:08:17,0,2026-09-05 19:08:17,False,,medio,False
2026-09-07 12:33:07,2769,2026-09-07 12:31:18,0,2026-09-07 12:31:18,True,2026-09-07 07:55:59,bajo,False
2026-09-07 12:33:07,2782,2026-09-07 12:28:07,0,2026-09-07 12:28:07,False,,bajo,False
2026-09-07 12:33:07,2786,2026-09-07 12:31:05,0,2026-09-07 12:31:05,False,,alto,True
2026-09-07 12:33:07,2789,2026-09-04 20:19:06,0,2026-09-04 20:19:06,False,,bajo,False
2026-09-07 12:33:07,2792,2026-09-07 09:55:46,0,2026-09-07 09:55:46,False,,bajo,True
2026-09-07 12:33:07,2794,2026-09-07 12:31:29,0,2026-09-07 12:31:29,False,,medio,False
2026-09-07 12:33:07,2800,2026-09-06 20:06:15,0,2026-09-06 20:06:15,False,,medio,False
2026-09-07 12:33:07,2825,2026-09-05 08:39:16,0,2026-09-05 08:39:16,False,,bajo,False
2026-09-07 12:33:07,2829,2026-08-20 09:14:28,0,2026-08-20 09:14:28,False,,medio,True
2026-09-07 12:33:07,2853,2026-09-07 12:31:08,0,2026-09-07 12:31:08,True,2026-09-07 10:22:42,bajo,False
2026-09-07 12:33:07,2856,2026-09-06 18:37:03,0,2026-09-06 18:37:03,False,,bajo,False
2026-09-07 12:33:07,2866,2026-09-06 13:23:11,0,2026-09-06 13:23:11,False,,bajo,False
2026-09-07 12:33:07,2867,2026-09-07 07:37:49,0,2026-09-07 07:37:49,False,,bajo,False
2026-09-07 12:33:07,2877,2026-09-07 12:32:32,0,2026-09-07 12:32:32,True,2026-09-07 10:56:05,alto,False
2026-09-07 12:33:07,2905,2026-09-07 12:30:00,0,2026-09-07 12:30:00,True,2026-09-07 11:35:40,bajo,True
2026-09-07 12:33:07,2909,2026-09-07 12:31:56,0,2026-09-07 12:31:56,False,,bajo,True
2026-09-07 12:33:07,2910,2026-09-07 12:30:37,0,2026-09-07 12:30:37,False,,bajo,False
2026-09-07 12:33:07,2916,2026-09-05 22:43:33,0,2026-09-05 22:43:33,False,,alto,False
2026-09-07 12:33:07,2941,2026-09-05 10:37:24,0,2026-09-05 10:37:24,False,,bajo,False
2026-09-07 12:33:07,2942,2026-09-07 08:15:12,0,2026-09-07 08:15:12,False,,bajo,True
2026-09-07 12:33:07,2946,2026-09-07 11:44:37,0,2026-09-07 11:44:37,False,,alto,True
2026-09-07 12:33:07,2950,2026-09-07 09:03:22,0,2026-09-07 09:03:22,False,,bajo,False
2026-09-07 12:33:07,2951,2026-09-06 12:23:14,0,2026-09-06 12:23:14,False,,bajo,False
2026-09-07 12:33:07,2954,2026-09-07 08:52:42,0,2026-09-07 08:52:42,False,,bajo,False
2026-09-07 12:33:07,2959,2026-09-05 10:47:01,0,2026-09-05 10:47:01,False,,bajo,False
2026-09-07 12:33:07,2989,2026-09-07 12:31:45,0,2026-09-07 12:31:45,True,2026-09-07 11:35:40,alto,True
2026-09-07 12:33:07,2991,2026-09-07 12:31:14,0,2026-09-07 12:31:14,True,2026-09-07 11:35:40,bajo,True
2026-09-07 12:33:07,3005,2026-09-06 19:37:48,0,2026-09-06 19:37:48,False,,bajo,True
2026-09-07 12:33:07,3012,2026-09-07 11:30:06,0,2026-09-07 11:30:06,False,,bajo,False
2026-09-07 12:33:07,3023,2026-09-07 09:37:35,0,2026-09-07 09:37:35,False,,bajo,True
2026-09-07 12:33:07,3032,2026-09-07 12:31:53,0,2026-09-07 12:31:53,False,,alto,False
2026-09-07 12:33:07,3043,2026-09-05 11:50:47,0,2026-09-05 11:50:47,False,,bajo,False
2026-09-07 12:33:07,3044,2026-09-07 01:35:02,0,2026-09-07 01:35:02,False,,alto,True
2026-09-07 12:33:07,3050,2026-09-07 11:20:19,0,2026-09-07 10:27:04,True,2026-09-07 11:20:19,alto,False
2026-09-07 12:33:07,3055,2026-09-07 12:32:18,0,2026-09-07 12:32:18,True,2026-09-07 10:45:40,alto,False
2026-09-07 12:33:07,3063,2026-09-07 10:20:13,0,2026-09-06 22:57:00,True,2026-09-07 10:20:13,bajo,False
2026-09-07 12:33:07,3066,2026-09-05 23:31:46,0,2026-09-05 23:31:46,False,,medio,False
2026-09-07 12:33:07,3073,2026-09-06 22:02:27,0,2026-09-06 22:02:27,False,,alto,True
2026-09-07 12:33:07,3077,2026-09-07 12:30:54,0,2026-09-07 12:30:54,True,2026-09-07 09:52:08,alto,False
2026-09-07 12:33:07,3081,2026-09-07 12:29:33,0,2026-09-07 12:29:33,False,,bajo,False
2026-09-07 12:33:07,3090,2026-09-04 07:46:40,0,2026-09-04 07:46:40,False,,bajo,False
2026-09-07 12:33:07,3095,2026-09-07 09:52:25,0,2026-09-07 09:52:25,False,,bajo,True
2026-09-07 12:33:07,3098,2026-09-07 12:29:34,0,2026-09-07 12:29:34,True,2026-09-07 11:00:18,bajo,False
2026-09-07 12:33:07,3102,2026-09-05 16:02:17,0,2026-09-05 16:02:17,False,,medio,False
2026-09-07 12:33:07,3115,2026-09-06 21:06:57,0,2026-09-06 21:06:57,False,,bajo,False
2026-09-07 12:33:07,3116,2025-03-13 16:03:27,0,2025-03-13 16:03:27,False,,bajo,False
2026-09-07 12:33:07,3124,2026-09-07 12:31:20,0,2026-09-07 12:31:20,True,2026-09-07 10:47:36,medio,False
2026-09-07 12:33:07,3133,2026-09-06 20:55:48,0,2026-09-06 20:55:48,False,,bajo,True
2026-09-07 12:33:07,3134,2026-09-07 12:32:25,0,2026-09-07 12:32:25,True,2026-09-07 07:23:52,medio,True
2026-09-07 12:33:07,3135,2026-09-07 09:26:52,0,2026-09-07 09:26:52,False,,medio,False
2026-09-07 12:33:07,3140,2026-09-06 22:39:17,0,2026-09-06 22:39:17,False,,bajo,True
2026-09-07 12:33:07,3149,2026-09-07 11:06:33,0,2026-09-07 11:06:33,False,,alto,False
2026-09-07 12:33:07,3158,2026-09-07 12:00:32,0,2026-09-07 12:00:32,False,,bajo,False
2026-09-07 12:33:07,3168,2025-03-13 16:03:26,0,2025-03-13 16:03:26,False,,bajo,False
2026-09-07 12:33:07,3171,2026-09-06 05:50:45,0,2026-09-06 05:50:45,False,,bajo,True
2026-09-07 12:33:07,3192,2026-09-07 12:32:01,0,2026-09-07 12:32:01,True,2026-09-07 08:01:53,bajo,True
2026-09-07 12:33:07,3211,2026-09-06 21:35:42,0,2026-09-06 21:35:42,False,,bajo,False
2026-09-07 12:33:07,3212,2026-09-07 11:34:52,0,2026-09-07 11:34:52,False,,bajo,False
2026-09-07 12:33:07,3213,2026-09-07 09:42:32,0,2026-09-07 09:42:32,False,,bajo,True
2026-09-07 12:33:07,3234,2026-09-07 07:04:04,0,2026-09-07 07:04:04,False,,bajo,False
2026-09-07 12:33:07,3237,2026-09-07 11:00:18,0,2026-09-07 09:09:28,True,2026-09-07 11:00:18,bajo,False
2026-09-07 12:33:07,3251,2026-09-07 12:30:55,0,2026-09-07 12:30:55,True,2026-09-07 10:42:59,medio,False
2026-09-07 12:33:07,3258,2026-08-03 14:55:48,0,2026-08-03 14:55:48,False,,alto,False
2026-09-07 12:33:07,3267,2026-09-06 08:09:28,0,2026-09-06 08:09:28,False,,bajo,False
2026-09-07 12:33:07,4023,2026-09-07 07:13:46,0,2026-09-07 07:13:46,False,,alto,False
2026-09-07 12:33:07,4026,2026-09-07 08:26:12,0,2026-09-07 08:26:12,False,,bajo,False
2026-09-07 12:33:07,4029,2026-09-07 12:32:23,0,2026-09-07 12:32:23,False,,bajo,True
2026-09-07 12:33:07,2291,2026-09-07 09:44:29,1,2026-09-07 09:44:29,False,,bajo,True
2026-09-07 12:33:07,2297,2026-09-05 20:08:44,1,2026-09-05 20:08:44,False,,bajo,False
2026-09-07 12:33:07,2305,2026-09-05 19:40:39,1,2026-09-05 19:40:39,False,,bajo,False
2026-09-07 12:33:07,2306,2026-09-07 08:17:22,1,2026-09-07 08:17:22,False,,bajo,False
2026-09-07 12:33:07,2307,2026-09-07 10:58:20,1,2026-09-07 10:58:20,False,,alto,False
2026-09-07 12:33:07,2308,2026-09-05 14:15:04,1,2026-09-05 14:15:04,False,,alto,False
2026-09-07 12:33:07,2408,2026-09-05 18:11:41,1,2026-09-05 18:11:41,False,,bajo,False
2026-09-07 12:33:07,2409,2025-08-30 10:05:33,1,2025-08-30 10:05:33,False,,bajo,False
2026-09-07 12:33:07,2416,2026-09-07 12:31:06,1,2026-09-07 12:31:06,True,2026-09-07 09:39:16,bajo,False
2026-09-07 12:33:07,2417,2026-09-05 17:20:24,1,2026-09-05 17:20:24,False,,alto,False
2026-09-07 12:33:07,2455,2026-09-07 08:37:54,1,2026-09-07 08:37:54,False,,bajo,False
2026-09-07 12:33:07,2486,2026-09-07 12:01:45,1,2026-09-07 12:01:45,False,,bajo,False
2026-09-07 12:33:07,2489,2025-08-27 05:35:03,1,2025-08-27 05:35:03,False,,bajo,False
2026-09-07 12:33:07,2523,2025-03-13 16:03:26,1,2025-03-13 16:03:26,False,,bajo,False
2026-09-07 12:33:07,2543,2026-09-07 12:14:28,1,2026-09-07 12:14:28,True,2026-09-07 11:27:07,alto,False
2026-09-07 12:33:07,2555,2026-09-05 13:05:31,1,2026-09-05 13:05:31,False,,bajo,False
2026-09-07 12:33:07,2578,2026-09-05 20:05:42,1,2026-09-05 20:05:42,False,,alto,False
2026-09-07 12:33:07,2584,2026-09-07 11:23:39,1,2026-09-07 11:23:39,False,,bajo,False
2026-09-07 12:33:07,2597,2026-09-06 18:24:05,1,2026-09-06 18:24:05,False,,alto,False
2026-09-07 12:33:07,2600,2026-09-07 12:31:10,1,2026-09-07 12:31:10,True,2026-09-07 10:10:13,bajo,False
2026-09-07 12:33:07,2612,2026-09-05 19:52:00,1,2026-09-05 19:52:00,False,,bajo,False
2026-09-07 12:33:07,2640,2026-09-05 23:49:20,1,2026-09-05 23:49:20,False,,alto,False
2026-09-07 12:33:07,2643,2026-09-06 00:31:13,1,2026-09-06 00:31:13,False,,alto,False
2026-09-07 12:33:07,2648,2026-07-03 08:32:22,1,2026-07-03 08:32:22,False,,bajo,False
2026-09-07 12:33:07,2651,2026-09-06 01:25:33,1,2026-09-06 01:25:33,False,,bajo,False
2026-09-07 12:33:07,2656,2026-09-06 20:00:47,1,2026-09-06 20:00:47,False,,bajo,False
2026-09-07 12:33:07,2657,2026-09-07 12:32:13,1,2026-09-07 12:32:13,True,2026-09-07 10:13:48,bajo,False
2026-09-07 12:33:07,2658,2026-09-05 19:31:53,1,2026-09-05 19:31:53,False,,bajo,False
2026-09-07 12:33:07,2663,2026-09-05 13:26:15,1,2026-09-05 13:26:15,False,,bajo,False
2026-09-07 12:33:07,2679,2026-09-06 09:51:22,1,2026-09-06 09:51:22,False,,medio,False
2026-09-07 12:33:07,2697,2026-09-07 10:26:58,1,2026-09-07 10:26:58,False,,alto,False
2026-09-07 12:33:07,2709,2026-09-05 17:02:59,1,2026-09-05 17:02:59,False,,bajo,False
2026-09-07 12:33:07,2729,2026-09-07 12:22:24,1,2026-09-07 12:22:24,True,2026-09-07 10:01:56,alto,False
2026-09-07 12:33:07,2740,2026-09-07 08:15:01,1,2026-09-07 08:15:01,False,,bajo,False
2026-09-07 12:33:07,2753,2026-09-06 09:46:56,1,2026-09-06 09:46:56,False,,bajo,False
2026-09-07 12:33:07,2763,2026-09-05 14:40:14,1,2026-09-05 14:40:14,False,,bajo,False
2026-09-07 12:33:07,2769,2026-09-05 18:17:09,1,2026-09-05 18:17:09,False,,alto,False
2026-09-07 12:33:07,2782,2026-09-05 21:52:57,1,2026-09-05 21:52:57,False,,alto,False
2026-09-07 12:33:07,2786,2026-09-05 15:39:32,1,2026-09-05 15:39:32,False,,bajo,False
2026-09-07 12:33:07,2789,2026-09-04 13:37:41,1,2026-09-04 13:37:41,False,,bajo,False
2026-09-07 12:33:07,2792,2026-09-06 15:19:35,1,2026-09-06 15:19:35,False,,bajo,True
2026-09-07 12:33:07,2794,2026-09-05 18:36:10,1,2026-09-05 18:36:10,False,,bajo,False
2026-09-07 12:33:07,2800,2026-09-07 12:30:24,1,2026-09-07 12:30:24,True,2026-09-07 10:03:13,alto,False
2026-09-07 12:33:07,2825,2026-09-06 11:34:30,1,2026-09-06 11:34:30,False,,bajo,False
2026-09-07 12:33:07,2829,2026-09-03 18:38:53,1,2026-09-03 18:38:53,False,,alto,False
2026-09-07 12:33:07,2853,2025-03-13 16:03:26,1,2025-03-13 16:03:26,False,,bajo,False
2026-09-07 12:33:07,2856,2026-09-05 18:27:57,1,2026-09-05 18:27:57,False,,bajo,False
2026-09-07 12:33:07,2866,2026-09-06 08:41:17,1,2026-09-06 08:41:17,False,,bajo,False
2026-09-07 12:33:07,2867,2026-09-05 18:48:38,1,2026-09-05 18:48:38,False,,bajo,False
2026-09-07 12:33:07,2877,2026-09-07 11:35:00,1,2026-09-07 11:35:00,False,,alto,False
2026-09-07 12:33:07,2905,2026-09-07 12:32:03,1,2026-09-07 12:32:03,True,2026-09-07 10:54:10,bajo,False
2026-09-07 12:33:07,2909,2026-09-04 10:16:20,1,2026-09-04 10:16:20,False,,bajo,True
2026-09-07 12:33:07,2910,2026-09-07 10:40:30,1,2026-09-07 10:40:30,False,,bajo,False
2026-09-07 12:33:07,2916,2026-09-07 10:10:13,1,2026-09-05 22:52:52,True,2026-09-07 10:10:13,alto,False
2026-09-07 12:33:07,2941,2026-09-04 21:50:30,1,2026-09-04 21:50:30,False,,bajo,False
2026-09-07 12:33:07,2942,2026-09-05 18:18:41,1,2026-09-05 18:18:41,False,,bajo,False
2026-09-07 12:33:07,2946,2026-09-07 09:43:52,1,2026-09-07 09:43:52,False,,alto,False
2026-09-07 12:33:07,2950,2026-09-05 23:11:26,1,2026-09-05 23:11:26,False,,bajo,False
2026-09-07 12:33:07,2951,2026-09-07 12:18:57,1,2026-09-07 12:18:57,False,,bajo,False
2026-09-07 12:33:07,2954,2026-09-06 12:21:39,1,2026-09-06 12:21:39,False,,bajo,False
2026-09-07 12:33:07,2959,2026-09-05 10:13:44,1,2026-09-05 10:13:44,False,,bajo,False
2026-09-07 12:33:07,2989,2026-06-03 00:01:32,1,2026-06-03 00:01:32,False,,bajo,False
2026-09-07 12:33:07,2991,2026-06-03 00:11:39,1,2026-06-03 00:11:39,False,,bajo,False
2026-09-07 12:33:07,3005,2026-09-07 12:17:56,1,2026-09-07 12:17:56,True,2026-09-07 10:01:56,alto,False
2026-09-07 12:33:07,3012,2026-09-05 13:28:50,1,2026-09-05 13:28:50,False,,bajo,False
2026-09-07 12:33:07,3023,2026-09-06 14:13:45,1,2026-09-06 14:13:45,False,,bajo,False
2026-09-07 12:33:07,3032,2026-09-07 12:31:53,1,2026-09-07 12:31:53,False,,medio,False
2026-09-07 12:33:07,3043,2026-09-05 07:25:08,1,2026-09-05 07:25:08,False,,bajo,False
2026-09-07 12:33:07,3050,2025-03-13 16:03:26,1,2025-03-13 16:03:26,False,,bajo,False
2026-09-07 12:33:07,3055,2026-09-05 23:38:05,1,2026-09-05 23:38:05,False,,alto,False
2026-09-07 12:33:07,3063,2026-09-05 23:20:56,1,2026-09-05 23:20:56,False,,bajo,False
2026-09-07 12:33:07,3066,2026-09-07 12:29:58,1,2026-09-07 12:29:58,True,2026-09-07 11:11:56,bajo,False
2026-09-07 12:33:07,3073,2026-09-06 19:15:18,1,2026-09-06 19:15:18,False,,alto,False
2026-09-07 12:33:07,3077,2026-09-07 12:32:44,1,2026-09-07 12:32:44,True,2026-09-07 09:52:08,bajo,False
2026-09-07 12:33:07,3081,2026-09-07 11:11:56,1,2026-09-05 20:13:03,True,2026-09-07 11:11:56,bajo,False
2026-09-07 12:33:07,3090,2026-09-03 20:35:11,1,2026-09-03 20:35:11,False,,bajo,False
2026-09-07 12:33:07,3095,2026-09-06 01:20:32,1,2026-09-06 01:20:32,False,,alto,False
2026-09-07 12:33:07,3098,2026-09-07 09:07:46,1,2026-09-07 09:07:46,False,,medio,False
2026-09-07 12:33:07,3115,2026-09-07 08:59:05,1,2026-09-07 08:59:05,False,,bajo,False
2026-09-07 12:33:07,3124,2026-09-07 10:37:28,1,2026-09-07 10:37:28,False,,bajo,False
2026-09-07 12:33:07,3133,2026-09-05 18:15:04,1,2026-09-05 18:15:04,False,,bajo,False
2026-09-07 12:33:07,3134,2026-09-06 06:41:29,1,2026-09-06 06:41:29,False,,bajo,False
2026-09-07 12:33:07,3135,2026-09-05 16:32:06,1,2026-09-05 16:32:06,False,,bajo,False
2026-09-07 12:33:07,3149,2026-09-05 21:49:11,1,2026-09-05 21:49:11,False,,alto,False
2026-09-07 12:33:07,3158,2026-09-06 13:44:52,1,2026-09-06 13:44:52,False,,bajo,False
2026-09-07 12:33:07,3171,2026-09-05 14:11:32,1,2026-09-05 14:11:32,False,,bajo,False
2026-09-07 12:33:07,3212,2026-09-06 12:39:10,1,2026-09-06 12:39:10,False,,medio,False
2026-09-07 12:33:07,3213,2026-09-07 09:28:19,1,2026-09-07 09:28:19,False,,bajo,False
2026-09-07 12:33:07,3258,2026-09-05 14:43:57,1,2026-09-05 14:43:57,False,,bajo,False
2026-09-07 12:33:07,3267,2026-09-05 17:56:50,1,2026-09-05 17:56:50,False,,bajo,False
2026-09-07 12:33:07,3276,2026-09-06 08:09:02,1,2026-09-06 08:09:02,False,,bajo,False
2026-09-07 12:33:07,4023,2026-09-05 21:43:34,1,2026-09-05 21:43:34,False,,alto,False
2026-09-07 12:33:07,4026,2026-09-07 11:12:22,1,2026-09-07 11:12:22,False,,medio,True
2026-09-07 12:33:07,4029,2026-09-07 12:11:42,1,2026-09-07 12:11:42,False,,bajo,False
2026-09-07 12:33:07,2228,2026-06-03 08:18:35,2,2026-06-03 08:18:35,False,,bajo,False
2026-09-07 12:33:07,2305,2026-06-03 06:05:23,2,2026-06-03 06:05:23,False,,bajo,False
2026-09-07 12:33:07,2455,2026-06-03 08:41:04,2,2026-06-03 08:41:04,False,,bajo,False
2026-09-07 12:33:07,2462,2026-08-13 15:52:51,2,2026-08-13 15:52:51,False,,bajo,False
2026-09-07 12:33:07,2489,2026-06-03 02:55:41,2,2026-06-03 02:55:41,False,,bajo,False
2026-09-07 12:33:07,2556,2026-06-03 08:33:18,2,2026-06-03 08:33:18,False,,bajo,False
2026-09-07 12:33:07,2633,2026-06-03 08:07:23,2,2026-06-03 08:07:23,False,,bajo,False
2026-09-07 12:33:07,2648,2026-06-03 00:17:04,2,2026-06-03 00:17:04,False,,bajo,False
2026-09-07 12:33:07,2657,2026-06-03 06:00:43,2,2026-06-03 06:00:43,False,,bajo,False
2026-09-07 12:33:07,2763,2026-06-03 08:29:55,2,2026-06-03 08:29:55,False,,bajo,False
2026-09-07 12:33:07,2905,2026-06-03 06:33:05,2,2026-06-03 06:33:05,False,,bajo,False
2026-09-07 12:33:07,2950,2026-08-25 15:00:09,2,2026-08-25 15:00:09,False,,alto,False
2026-09-07 12:33:07,3055,2026-06-03 06:12:12,2,2026-06-03 06:12:12,False,,bajo,False
2026-09-07 12:33:07,3063,2026-06-03 08:39:31,2,2026-06-03 08:39:31,False,,bajo,False
2026-09-07 12:33:07,3134,2026-06-03 06:13:07,2,2026-06-03 06:13:07,False,,bajo,False
2026-09-07 12:33:07,3192,2026-06-03 06:29:23,2,2026-06-03 06:29:23,False,,bajo,False
2026-09-07 12:33:07,3194,2026-06-03 08:28:56,2,2026-06-03 08:28:56,False,,bajo,False
2026-09-07 12:33:07,3211,2026-06-03 07:21:15,2,2026-06-03 07:21:15,False,,bajo,False
2026-09-07 12:33:07,3213,2026-07-22 03:30:47,2,2026-07-22 03:30:47,False,,bajo,False
2026-09-07 12:33:07,3237,2026-06-03 08:08:14,2,2026-06-03 08:08:14,False,,bajo,False
2026-09-07 12:33:07,2348,2026-09-07 12:32:07,0,2026-09-07 12:32:07,False,,bajo,True
2026-09-07 12:33:07,2353,2026-09-07 12:32:15,0,2026-09-07 12:32:15,True,2026-09-07 10:07:11,alto,False
2026-09-07 12:33:07,2355,2026-09-07 09:36:45,0,2026-09-07 09:36:45,False,,alto,False
2026-09-07 12:33:07,2356,2026-09-07 11:33:34,0,2026-09-06 22:17:24,True,2026-09-07 11:33:34,bajo,False
2026-09-07 12:33:07,2535,2026-09-07 12:27:16,0,2026-09-07 12:27:16,True,2026-09-07 09:45:49,bajo,False
2026-09-07 12:33:07,2549,2026-09-07 07:49:20,0,2026-09-07 07:49:20,False,,bajo,False
2026-09-07 12:33:07,2564,2026-09-06 20:04:29,0,2026-09-06 20:04:29,False,,bajo,False
2026-09-07 12:33:07,2577,2026-09-07 12:13:15,0,2026-09-07 12:13:15,True,2026-09-07 10:51:59,bajo,True
2026-09-07 12:33:07,2585,2026-09-07 12:32:01,0,2026-09-07 12:32:01,True,2026-09-07 08:33:30,bajo,False
2026-09-07 12:33:07,2589,2026-09-06 07:42:06,0,2026-09-06 07:42:06,False,,bajo,False
2026-09-07 12:33:07,2595,2026-09-07 12:32:25,0,2026-09-07 12:32:25,True,2026-09-07 11:45:23,bajo,False
2026-09-07 12:33:07,2605,2026-09-07 12:32:21,0,2026-09-07 12:32:21,True,2026-09-07 09:53:52,alto,False
2026-09-07 12:33:07,2624,2026-09-05 17:42:49,0,2026-09-05 17:42:49,False,,bajo,True
2026-09-07 12:33:07,2636,2026-09-07 12:30:50,0,2026-09-07 12:30:50,False,,bajo,False
2026-09-07 12:33:07,2637,2026-09-07 12:24:13,0,2026-09-07 12:24:13,True,2026-09-07 10:14:41,bajo,False
2026-09-07 12:33:07,2638,2025-03-13 16:03:26,0,2025-03-13 16:03:26,False,,bajo,False
2026-09-07 12:33:07,2641,2026-09-07 09:48:07,0,2026-09-07 09:48:07,False,,bajo,False
2026-09-07 12:33:07,2644,2026-09-07 12:32:11,0,2026-09-07 12:32:11,False,,bajo,False
2026-09-07 12:33:07,2650,2026-04-03 16:21:31,0,2026-04-03 16:21:31,False,,bajo,False
2026-09-07 12:33:07,2672,2026-08-18 03:18:38,0,2026-08-18 03:18:38,False,,bajo,False
2026-09-07 12:33:07,2674,2026-09-06 23:03:29,0,2026-09-06 23:03:29,False,,bajo,False
2026-09-07 12:33:07,2684,2026-09-07 10:32:41,0,2026-09-07 10:32:41,False,,bajo,False
2026-09-07 12:33:07,2692,2026-09-07 12:30:58,0,2026-09-07 12:30:58,True,2026-09-07 10:50:19,bajo,False
2026-09-07 12:33:07,2720,2026-09-07 12:32:24,0,2026-09-07 12:32:24,False,,bajo,False
2026-09-07 12:33:07,2886,2026-09-07 12:31:21,0,2026-09-07 12:31:21,False,,bajo,True
2026-09-07 12:33:07,3000,2026-09-07 12:25:08,0,2026-09-07 12:25:08,False,,bajo,True
2026-09-07 12:33:07,3001,2026-09-07 12:30:45,0,2026-09-07 12:30:45,False,,bajo,True
2026-09-07 12:33:07,3007,2026-09-07 12:27:34,0,2026-09-07 12:27:34,False,,bajo,True
2026-09-07 12:33:07,3015,2026-09-06 18:12:12,0,2026-09-06 18:12:12,False,,bajo,False
2026-09-07 12:33:07,3034,2026-09-06 18:33:23,0,2026-09-06 18:33:23,False,,bajo,False
2026-09-07 12:33:07,3091,2026-09-06 10:55:17,0,2026-09-06 10:55:17,False,,bajo,False
2026-09-07 12:33:07,3125,2026-09-07 12:28:21,0,2026-09-07 12:28:21,False,,bajo,True
2026-09-07 12:33:07,3236,2026-09-07 07:53:03,0,2026-09-07 07:53:03,False,,bajo,False
2026-09-07 12:33:07,3275,2026-09-07 12:32:11,0,2026-09-07 12:32:11,False,,bajo,False
2026-09-07 12:33:07,2348,2026-09-07 10:53:16,1,2026-09-07 10:53:16,False,,bajo,False
2026-09-07 12:33:07,2353,2026-09-07 12:11:47,1,2026-09-07 12:11:47,True,2026-09-07 10:07:11,alto,True
2026-09-07 12:33:07,2355,2026-09-05 16:29:26,1,2026-09-05 16:29:26,False,,medio,True
2026-09-07 12:33:07,2356,2026-09-07 12:30:51,1,2026-09-07 12:30:51,True,2026-09-07 08:41:05,bajo,True
2026-09-07 12:33:07,2535,2026-09-07 12:24:18,1,2026-09-07 12:24:18,True,2026-09-07 07:24:19,bajo,True
2026-09-07 12:33:07,2549,2026-09-06 09:03:32,1,2026-09-06 09:03:32,False,,bajo,False
2026-09-07 12:33:07,2564,2026-09-07 12:22:01,1,2026-09-07 12:22:01,True,2026-09-07 10:07:04,medio,False
2026-09-07 12:33:07,2577,2026-09-07 10:51:59,1,2026-09-05 15:34:11,True,2026-09-07 10:51:59,bajo,False
2026-09-07 12:33:07,2585,2025-12-11 16:55:33,1,2025-12-11 16:55:33,False,,bajo,False
2026-09-07 12:33:07,2589,2026-09-06 07:40:49,1,2026-09-06 07:40:49,False,,bajo,False
2026-09-07 12:33:07,2595,2026-09-07 11:45:23,1,2026-09-06 10:37:13,True,2026-09-07 11:45:23,medio,False
2026-09-07 12:33:07,2605,2026-09-05 16:34:19,1,2026-09-05 16:34:19,False,,bajo,False
2026-09-07 12:33:07,2624,2026-09-07 12:21:47,1,2026-09-07 12:21:47,False,,medio,False
2026-09-07 12:33:07,2636,2026-09-07 12:25:03,1,2026-09-07 12:25:03,True,2026-09-07 09:27:16,bajo,False
2026-09-07 12:33:07,2637,2026-09-07 12:26:13,1,2026-09-07 12:26:13,True,2026-09-07 07:48:27,bajo,True
2026-09-07 12:33:07,2638,2025-03-13 16:03:26,1,2025-03-13 16:03:26,False,,bajo,False
2026-09-07 12:33:07,2641,2026-09-05 14:23:10,1,2026-09-05 14:23:10,False,,bajo,False
2026-09-07 12:33:07,2644,2026-09-07 07:58:57,1,2026-09-07 07:58:57,False,,bajo,True
2026-09-07 12:33:07,2650,2025-12-17 11:02:46,1,2025-12-17 11:02:46,False,,bajo,False
2026-09-07 12:33:07,2672,2026-08-18 10:46:23,1,2026-08-18 10:46:23,False,,bajo,False
2026-09-07 12:33:07,2674,2026-09-07 12:30:31,1,2026-09-07 12:30:31,True,2026-09-07 09:47:06,bajo,False
2026-09-07 12:33:07,2684,2026-09-07 12:27:21,1,2026-09-07 12:27:21,True,2026-09-07 08:41:08,bajo,True
2026-09-07 12:33:07,2692,2026-09-07 12:28:32,1,2026-09-07 12:28:32,True,2026-09-07 07:52:45,alto,True
2026-09-07 12:33:07,2720,2026-09-06 17:51:03,1,2026-09-06 17:51:03,False,,bajo,False
2026-09-07 12:33:07,2886,2026-09-07 12:31:37,1,2026-09-07 12:31:37,True,2026-09-07 07:24:15,bajo,True
2026-09-07 12:33:07,3000,2026-09-07 12:30:59,1,2026-09-07 12:30:59,False,,bajo,True
2026-09-07 12:33:07,3001,2026-01-05 08:26:33,1,2026-01-05 08:26:33,False,,bajo,False
2026-09-07 12:33:07,3007,2026-09-05 16:57:34,1,2026-09-05 16:57:34,False,,bajo,False
2026-09-07 12:33:07,3015,2026-09-06 09:59:56,1,2026-09-06 09:59:56,False,,bajo,False
2026-09-07 12:33:07,3034,2026-09-06 23:37:03,1,2026-09-06 23:37:03,False,,bajo,False
2026-09-07 12:33:07,3091,2026-09-05 18:22:56,1,2026-09-05 18:22:56,False,,bajo,False
2026-09-07 12:33:07,3125,2026-09-05 22:08:38,1,2026-09-05 22:08:38,False,,bajo,False
2026-09-07 12:33:07,3236,2026-09-06 11:29:18,1,2026-09-06 11:29:18,False,,bajo,False
2026-09-07 12:33:07,3275,2026-09-05 17:00:15,1,2026-09-05 17:00:15,False,,bajo,False
2026-09-07 12:33:07,2589,2025-03-13 16:03:26,2,2025-03-13 16:03:26,False,,bajo,False
2026-09-07 12:33:07,2333,2026-06-03 07:34:42,0,2026-06-03 07:34:42,False,,bajo,False
2026-09-07 12:33:07,2338,2026-09-06 10:36:14,0,2026-09-06 10:36:14,False,,medio,False
2026-09-07 12:33:07,2345,2026-09-06 06:16:16,0,2026-09-06 06:16:16,False,,bajo,False
2026-09-07 12:33:07,2346,2026-09-06 06:54:54,0,2026-09-06 06:54:54,False,,bajo,False
2026-09-07 12:33:07,2425,2026-09-07 12:30:33,0,2026-09-07 12:30:33,False,,bajo,False
2026-09-07 12:33:07,2444,2026-09-07 12:31:31,0,2026-09-07 12:31:31,False,,bajo,False
2026-09-07 12:33:07,2481,2026-09-06 06:10:48,0,2026-09-06 06:10:48,False,,bajo,False
2026-09-07 12:33:07,2502,2026-09-06 02:31:44,0,2026-09-06 02:31:44,False,,alto,False
2026-09-07 12:33:07,2514,2026-09-06 02:54:50,0,2026-09-06 02:54:50,False,,medio,False
2026-09-07 12:33:07,2515,2026-09-06 03:15:08,0,2026-09-06 03:15:08,False,,medio,False
2026-09-07 12:33:07,2537,2026-09-06 09:28:43,0,2026-09-06 09:28:43,False,,bajo,False
2026-09-07 12:33:07,2601,2026-09-07 11:22:33,0,2026-09-07 11:22:33,False,,alto,False
2026-09-07 12:33:07,2617,2026-09-07 10:54:08,0,2026-09-07 10:54:08,False,,bajo,False
2026-09-07 12:33:07,2618,2026-09-07 12:28:14,0,2026-09-07 12:28:14,True,2026-09-07 11:45:07,alto,False
2026-09-07 12:33:07,2645,2026-09-06 07:36:49,0,2026-09-06 07:36:49,False,,bajo,False
2026-09-07 12:33:07,2725,2026-09-07 12:32:24,0,2026-09-07 12:32:24,False,,bajo,False
2026-09-07 12:33:07,2727,2026-09-07 12:32:01,0,2026-09-07 12:32:01,False,,bajo,False
2026-09-07 12:33:07,2787,2026-09-07 12:30:36,0,2026-09-07 12:30:36,True,2026-09-07 11:46:29,bajo,True
2026-09-07 12:33:07,2883,2026-09-07 12:32:27,0,2026-09-07 12:32:27,False,,bajo,False
2026-09-07 12:33:07,2885,2026-09-07 12:31:11,0,2026-09-07 12:31:11,False,,bajo,True
2026-09-07 12:33:07,2888,2026-09-07 12:31:22,0,2026-09-07 12:31:22,True,2026-09-07 10:31:41,bajo,False
2026-09-07 12:33:07,2957,2026-09-06 20:02:12,0,2026-09-06 20:02:12,False,,alto,False
2026-09-07 12:33:07,2960,2026-09-05 08:52:11,0,2026-09-05 08:52:11,False,,bajo,False
2026-09-07 12:33:07,3003,2026-09-06 07:57:57,0,2026-09-06 07:57:57,False,,bajo,False
2026-09-07 12:33:07,3004,2026-09-06 22:36:04,0,2026-09-06 22:36:04,False,,bajo,False
2026-09-07 12:33:07,3047,2026-09-07 12:32:26,0,2026-09-07 12:32:26,False,,bajo,False
2026-09-07 12:33:07,3062,2026-09-05 16:32:34,0,2026-09-05 16:32:34,False,,bajo,False
2026-09-07 12:33:07,3071,2026-09-07 09:58:11,0,2026-09-07 09:58:11,False,,bajo,False
2026-09-07 12:33:07,3136,2026-09-07 12:31:55,0,2026-09-07 12:31:55,True,2026-09-07 11:01:10,bajo,False
2026-09-07 12:33:07,3174,2026-09-07 12:32:19,0,2026-09-07 12:32:19,False,,bajo,False
2026-09-07 12:33:07,3175,2026-09-07 12:04:33,0,2026-09-07 12:04:33,False,,bajo,True
2026-09-07 12:33:07,3262,2026-09-07 08:18:37,0,2026-09-07 08:18:37,False,,alto,True
2026-09-07 12:33:07,3277,2026-09-06 03:20:21,0,2026-09-06 03:20:21,False,,bajo,False
2026-09-07 12:33:07,2333,2026-06-03 07:34:43,1,2026-06-03 07:34:43,False,,bajo,False
2026-09-07 12:33:07,2338,2026-09-07 12:32:32,1,2026-09-07 12:32:32,True,2026-09-07 10:35:55,alto,False
2026-09-07 12:33:07,2345,2026-09-07 12:32:15,1,2026-09-07 12:32:15,True,2026-09-07 09:17:11,bajo,False
2026-09-07 12:33:07,2346,2026-09-07 12:32:11,1,2026-09-07 12:32:11,True,2026-09-07 10:16:29,bajo,True
2026-09-07 12:33:07,2425,2026-09-07 12:23:23,1,2026-09-07 12:23:23,False,,bajo,False
2026-09-07 12:33:07,2444,2026-09-07 12:31:24,1,2026-09-07 12:31:24,False,,bajo,False
2026-09-07 12:33:07,2481,2026-09-05 14:26:15,1,2026-09-05 14:26:15,False,,bajo,False
2026-09-07 12:33:07,2502,2026-09-06 03:02:05,1,2026-09-06 03:02:05,False,,alto,False
2026-09-07 12:33:07,2514,2026-09-07 12:31:06,1,2026-09-07 12:31:06,True,2026-09-07 09:36:07,bajo,False
2026-09-07 12:33:07,2515,2026-09-07 12:28:50,1,2026-09-07 12:28:50,True,2026-09-07 08:18:33,bajo,True
2026-09-07 12:33:07,2537,2026-09-06 14:53:09,1,2026-09-06 14:53:09,False,,bajo,False
2026-09-07 12:33:07,2601,2026-09-07 12:24:33,1,2026-09-07 12:24:33,True,2026-09-07 08:33:34,alto,False
2026-09-07 12:33:07,2617,2026-09-07 10:45:53,1,2026-09-07 10:45:53,False,,bajo,False
2026-09-07 12:33:07,2618,2026-09-07 12:31:25,1,2026-09-07 12:31:25,True,2026-09-07 11:45:07,alto,False
2026-09-07 12:33:07,2645,2026-09-07 12:32:50,1,2026-09-07 12:32:50,True,2026-09-07 09:56:41,bajo,False
2026-09-07 12:33:07,2725,2026-09-07 12:24:26,1,2026-09-07 12:24:26,False,,bajo,False
2026-09-07 12:33:07,2727,2026-09-07 11:54:27,1,2026-09-07 11:54:27,False,,bajo,True
2026-09-07 12:33:07,2787,2026-09-07 12:29:35,1,2026-09-07 12:29:35,True,2026-09-07 11:46:29,bajo,False
2026-09-07 12:33:07,2883,2026-09-07 12:28:58,1,2026-09-07 12:28:58,False,,bajo,False
2026-09-07 12:33:07,2885,2026-09-07 11:28:34,1,2026-09-07 11:28:34,False,,bajo,True
2026-09-07 12:33:07,2888,2026-09-07 12:21:47,1,2026-09-07 12:21:47,True,2026-09-07 10:31:41,bajo,False
2026-09-07 12:33:07,2957,2026-09-05 20:32:06,1,2026-09-05 20:32:06,False,,alto,False
2026-09-07 12:33:07,2960,2026-09-05 17:19:18,1,2026-09-05 17:19:18,False,,bajo,False
2026-09-07 12:33:07,3003,2026-09-06 20:12:27,1,2026-09-06 20:12:27,False,,bajo,True
2026-09-07 12:33:07,3004,2026-06-03 08:58:20,1,2026-06-03 08:58:20,False,,bajo,False
2026-09-07 12:33:07,3047,2026-09-07 12:32:40,1,2026-09-07 12:32:40,False,,bajo,False
2026-09-07 12:33:07,3062,2026-09-07 12:31:55,1,2026-09-07 12:31:55,True,2026-09-07 09:25:42,bajo,False
2026-09-07 12:33:07,3071,2026-09-05 23:12:47,1,2026-09-05 23:12:47,False,,bajo,False
2026-09-07 12:33:07,3136,2026-09-07 12:22:43,1,2026-09-07 12:22:43,True,2026-09-07 11:37:24,bajo,False
2026-09-07 12:33:07,3174,2026-09-07 12:29:22,1,2026-09-07 12:29:22,False,,bajo,False
2026-09-07 12:33:07,3175,2026-06-03 07:27:38,1,2026-06-03 07:27:38,False,,bajo,False
2026-09-07 12:33:07,3262,2026-09-05 22:34:52,1,2026-09-05 22:34:52,False,,bajo,True
2026-09-07 12:33:07,3277,2026-09-05 17:59:28,1,2026-09-05 17:59:28,False,,bajo,False
2026-09-07 12:33:07,2537,2025-03-13 16:03:26,2,2025-03-13 16:03:26,False,,bajo,False
2026-09-07 12:33:07,2249,2026-09-07 12:32:05,0,2026-09-07 12:32:05,False,,medio,True
2026-09-07 12:33:07,2251,2026-09-07 12:30:44,0,2026-09-07 12:30:44,False,,alto,True
2026-09-07 12:33:07,2339,2026-09-07 12:30:41,0,2026-09-07 12:30:41,True,2026-09-07 09:34:11,bajo,True
2026-09-07 12:33:07,2341,2026-09-07 12:32:26,0,2026-09-07 12:32:26,True,2026-09-07 09:05:37,bajo,True
2026-09-07 12:33:07,2350,2026-09-07 12:32:12,0,2026-09-07 12:32:12,False,,bajo,True
2026-09-07 12:33:07,2364,2026-09-07 12:32:40,0,2026-09-07 12:32:40,True,2026-09-07 09:57:31,bajo,True
2026-09-07 12:33:07,2386,2026-09-07 12:32:25,0,2026-09-07 12:32:25,True,2026-09-07 07:58:01,bajo,True
2026-09-07 12:33:07,2388,2026-09-07 12:32:23,0,2026-09-07 12:32:23,True,2026-09-07 10:29:49,bajo,True
2026-09-07 12:33:07,2390,2026-09-07 12:32:06,0,2026-09-07 12:32:06,False,,alto,True
2026-09-07 12:33:07,2472,2026-09-07 12:30:34,0,2026-09-07 12:30:34,True,2026-09-07 09:47:30,bajo,True
2026-09-07 12:33:07,2500,2026-09-07 12:31:36,0,2026-09-07 12:31:36,False,,medio,True
2026-09-07 12:33:07,2528,2026-09-05 18:29:03,0,2026-09-05 18:29:03,False,,medio,True
2026-09-07 12:33:07,2559,2026-09-07 12:32:08,0,2026-09-07 12:32:08,False,,medio,True
2026-09-07 12:33:07,2603,2026-09-07 12:32:12,0,2026-09-07 12:32:12,False,,medio,True
2026-09-07 12:33:07,2616,2026-09-07 12:32:23,0,2026-09-07 12:32:23,False,,bajo,True
2026-09-07 12:33:07,2627,2026-09-07 11:43:42,0,2026-09-07 11:43:42,True,2026-09-07 09:17:30,bajo,False
2026-09-07 12:33:07,2642,2026-09-07 12:26:44,0,2026-09-07 12:26:44,True,2026-09-07 08:40:53,bajo,True
2026-09-07 12:33:07,2646,2026-09-07 12:13:08,0,2026-09-07 12:13:08,False,,bajo,False
2026-09-07 12:33:07,2688,2026-09-07 12:31:28,0,2026-09-07 12:31:28,True,2026-09-07 09:04:22,medio,True
2026-09-07 12:33:07,2804,2026-09-07 12:31:24,0,2026-09-07 12:31:24,True,2026-09-07 07:59:31,alto,False
2026-09-07 12:33:07,2857,2026-09-07 08:54:20,0,2026-09-07 08:54:20,False,,bajo,True
2026-09-07 12:33:07,2868,2026-09-07 08:38:33,0,2026-09-07 08:38:33,False,,bajo,False
2026-09-07 12:33:07,2911,2026-09-07 12:32:56,0,2026-09-07 12:32:56,True,2026-09-07 08:33:06,bajo,True
2026-09-07 12:33:07,2974,2026-09-07 12:32:52,0,2026-09-07 12:32:52,True,2026-09-07 11:34:43,bajo,True
2026-09-07 12:33:07,2977,2026-09-07 12:32:56,0,2026-09-07 12:32:56,True,2026-09-07 08:07:18,alto,True
2026-09-07 12:33:07,2979,2026-09-07 12:30:02,0,2026-09-07 12:30:02,False,,bajo,True
2026-09-07 12:33:07,2980,2026-09-07 11:58:11,0,2026-09-07 11:58:11,True,2026-09-07 11:48:45,bajo,True
2026-09-07 12:33:07,2981,2026-09-07 12:32:55,0,2026-09-07 12:32:55,False,,bajo,True
2026-09-07 12:33:07,2982,2026-09-07 12:31:48,0,2026-09-07 12:31:48,False,,bajo,True
2026-09-07 12:33:07,3046,2026-09-07 12:26:04,0,2026-09-07 12:26:04,False,,medio,False
2026-09-07 12:33:07,3257,2026-09-07 12:29:08,0,2026-09-07 12:29:08,False,,bajo,True
2026-09-07 12:33:07,2249,2026-09-07 12:02:42,1,2026-09-07 12:02:42,False,,medio,True
2026-09-07 12:33:07,2251,2026-09-07 12:30:55,1,2026-09-07 12:30:55,False,,alto,True
2026-09-07 12:33:07,2339,2026-09-07 12:28:45,1,2026-09-07 12:28:45,True,2026-09-07 07:57:02,medio,True
2026-09-07 12:33:07,2350,2026-09-07 12:25:30,1,2026-09-07 12:25:30,False,,bajo,True
2026-09-07 12:33:07,2364,2026-09-07 12:32:40,1,2026-09-07 12:32:40,True,2026-09-07 09:57:31,alto,True
2026-09-07 12:33:07,2472,2026-09-07 11:39:05,1,2026-09-07 11:39:05,True,2026-09-07 08:04:46,alto,True
2026-09-07 12:33:07,2500,2026-09-07 12:25:50,1,2026-09-07 12:25:50,True,2026-09-07 09:05:26,alto,True
2026-09-07 12:33:07,2528,2026-09-07 12:29:18,1,2026-09-07 12:29:18,False,,medio,True
2026-09-07 12:33:07,2559,2026-09-07 12:26:37,1,2026-09-07 12:26:37,True,2026-09-07 10:37:56,bajo,False
2026-09-07 12:33:07,2603,2026-09-07 11:32:52,1,2026-09-07 11:32:52,False,,bajo,True
2026-09-07 12:33:07,2616,2026-09-07 07:56:54,1,2026-09-07 07:56:54,False,,bajo,False
2026-09-07 12:33:07,2627,2026-09-07 12:29:06,1,2026-09-07 12:29:06,False,,medio,True
2026-09-07 12:33:07,2642,2026-09-07 10:13:31,1,2026-09-07 10:13:31,False,,bajo,True
2026-09-07 12:33:07,2646,2026-09-07 12:19:42,1,2026-09-07 12:19:42,False,,alto,False
2026-09-07 12:33:07,2688,2026-09-07 10:37:35,1,2026-09-07 10:37:35,False,,medio,True
2026-09-07 12:33:07,2804,2026-09-07 12:32:52,1,2026-09-07 12:32:52,True,2026-09-07 07:59:31,medio,True
2026-09-07 12:33:07,2857,2026-09-07 07:20:19,1,2026-09-07 07:20:19,False,,bajo,True
2026-09-07 12:33:07,2868,2026-09-06 16:09:56,1,2026-09-06 16:09:56,False,,bajo,False
2026-09-07 12:33:07,2911,2026-09-07 09:46:33,1,2026-09-07 09:46:33,True,2026-09-07 08:33:06,medio,False
2026-09-07 12:33:07,2974,2026-09-07 12:32:00,1,2026-09-07 12:32:00,True,2026-09-07 07:48:58,bajo,True
2026-09-07 12:33:07,2977,2026-09-07 12:13:52,1,2026-09-07 12:13:52,True,2026-09-07 08:07:18,alto,True
2026-09-07 12:33:07,2979,2026-09-07 12:30:19,1,2026-09-07 12:30:19,False,,alto,True
2026-09-07 12:33:07,2980,2026-09-07 11:48:45,1,2026-09-06 16:20:21,True,2026-09-07 11:48:45,bajo,False
2026-09-07 12:33:07,2981,2026-09-07 12:32:38,1,2026-09-07 12:32:38,False,,bajo,True
2026-09-07 12:33:07,2982,2026-09-07 12:08:50,1,2026-09-07 12:08:50,False,,bajo,True
2026-09-07 12:33:07,3257,2026-09-06 21:55:50,1,2026-09-06 21:55:50,False,,bajo,True
2026-09-07 12:33:07,2364,2026-06-03 08:18:32,2,2026-06-03 08:18:32,False,,bajo,False
2026-09-07 12:33:07,2390,2026-06-03 06:18:03,2,2026-06-03 06:18:03,False,,bajo,False
2026-09-07 12:33:07,2472,2026-06-03 06:36:25,2,2026-06-03 06:36:25,False,,bajo,False
2026-09-07 12:33:07,2627,2026-06-03 01:47:48,2,2026-06-03 01:47:48,False,,bajo,False
2026-09-07 12:33:07,1724,2026-09-07 10:27:52,0,2026-09-07 10:27:52,False,,bajo,False
2026-09-07 12:33:07,1744,2026-09-07 11:58:13,0,2026-09-07 11:58:13,False,,bajo,True
2026-09-07 12:33:07,1766,2026-09-06 20:38:24,0,2026-09-06 20:38:24,False,,bajo,False
2026-09-07 12:33:07,1784,2026-09-07 12:32:32,0,2026-09-07 12:32:32,False,,bajo,True
2026-09-07 12:33:07,1805,2026-09-07 12:32:23,0,2026-09-07 12:32:23,False,,bajo,True
2026-09-07 12:33:07,1806,2026-09-07 00:13:29,0,2026-09-07 00:13:29,False,,bajo,True
2026-09-07 12:33:07,1824,2026-09-07 12:32:27,0,2026-09-07 12:32:27,True,2026-09-07 08:19:45,bajo,False
2026-09-07 12:33:07,1844,2026-09-07 12:32:37,0,2026-09-07 12:32:37,True,2026-09-07 08:02:36,bajo,True
2026-09-07 12:33:07,1845,2026-09-06 23:34:20,0,2026-09-06 23:34:20,False,,bajo,True
2026-09-07 12:33:07,1846,2026-09-07 12:30:47,0,2026-09-07 12:30:47,False,,bajo,True
2026-09-07 12:33:07,1887,2026-09-07 01:03:12,0,2026-09-07 01:03:12,False,,bajo,True
2026-09-07 12:33:07,1924,2026-09-07 12:18:06,0,2026-09-07 12:18:06,True,2026-09-07 08:19:45,bajo,False
2026-09-07 12:33:07,1926,2026-09-07 12:32:46,0,2026-09-07 12:32:46,False,,bajo,True
2026-09-07 12:33:07,1927,2026-09-06 18:38:26,0,2026-09-06 18:38:26,False,,bajo,False
2026-09-07 12:33:07,1928,2026-09-04 11:13:56,0,2026-09-04 11:13:56,False,,bajo,True
2026-09-07 12:33:07,1944,2026-09-07 12:32:18,0,2026-09-07 12:32:18,False,,bajo,True
2026-09-07 12:33:07,1945,2026-09-07 11:54:44,0,2026-09-07 11:54:44,False,,bajo,True
2026-09-07 12:33:07,1964,2026-09-07 10:55:45,0,2026-09-07 10:55:45,False,,alto,True
2026-09-07 12:33:07,1965,2026-09-07 12:32:48,0,2026-09-07 12:32:48,False,,bajo,True
2026-09-07 12:33:07,1984,2026-09-07 12:32:01,0,2026-09-07 12:32:01,False,,bajo,True
2026-09-07 12:33:07,2190,2026-09-07 10:38:23,0,2026-09-07 10:38:23,False,,bajo,True
2026-09-07 12:33:07,2192,2026-09-07 07:25:10,0,2026-09-07 07:25:10,False,,bajo,True
2026-09-07 12:33:07,2193,2026-09-07 12:32:30,0,2026-09-07 12:32:30,False,,bajo,False
2026-09-07 12:33:07,2204,2026-09-07 12:31:56,0,2026-09-07 12:31:56,False,,bajo,True
2026-09-07 12:33:07,2205,2026-09-06 12:55:36,0,2026-09-06 12:55:36,False,,bajo,False
2026-09-07 12:33:07,2207,2026-09-07 11:17:03,0,2026-09-07 11:17:03,False,,medio,True
2026-09-07 12:33:07,2208,2026-09-07 12:31:54,0,2026-09-07 12:31:54,False,,bajo,True
2026-09-07 12:33:07,2224,2026-09-06 19:29:04,0,2026-09-06 19:29:04,False,,bajo,True
2026-09-07 12:33:07,2225,2026-09-07 09:44:41,0,2026-09-07 09:44:41,False,,bajo,True
2026-09-07 12:33:07,2227,2026-09-07 12:32:48,0,2026-09-07 12:32:48,False,,bajo,True
2026-09-07 12:33:07,2229,2026-09-07 12:32:23,0,2026-09-07 12:32:23,False,,bajo,True
2026-09-07 12:33:07,2230,2026-09-07 12:32:12,0,2026-09-07 12:32:12,False,,alto,True
2026-09-07 12:33:07,2250,2026-09-07 12:32:50,0,2026-09-07 12:32:50,False,,bajo,True
2026-09-07 12:33:07,2264,2026-09-07 12:32:31,0,2026-09-07 12:32:31,False,,bajo,True
2026-09-07 12:33:07,2268,2026-09-07 12:32:24,0,2026-09-07 12:32:24,False,,bajo,True
2026-09-07 12:33:07,2284,2026-09-07 08:54:26,0,2026-09-07 08:54:26,False,,bajo,True
2026-09-07 12:33:07,2317,2026-09-07 12:29:50,0,2026-09-07 12:29:50,False,,bajo,True
2026-09-07 12:33:07,2326,2026-09-06 18:39:56,0,2026-09-06 18:39:56,False,,bajo,True
2026-09-07 12:33:07,2327,2026-09-07 12:32:44,0,2026-09-07 12:32:44,False,,bajo,True
2026-09-07 12:33:07,2330,2026-09-07 12:32:27,0,2026-09-07 12:32:27,False,,bajo,False
2026-09-07 12:33:07,2335,2026-09-07 12:32:20,0,2026-09-07 12:32:20,True,2026-09-07 07:34:05,bajo,True
2026-09-07 12:33:07,2391,2026-09-06 10:27:10,0,2026-09-06 10:27:10,False,,bajo,False
2026-09-07 12:33:07,2404,2026-09-06 06:11:03,0,2026-09-06 06:11:03,False,,bajo,True
2026-09-07 12:33:07,2411,2026-09-06 15:19:57,0,2026-09-06 15:19:57,False,,bajo,False
2026-09-07 12:33:07,2415,2026-09-07 12:32:55,0,2026-09-07 12:32:55,False,,bajo,True
2026-09-07 12:33:07,2424,2025-03-13 16:03:26,0,2025-03-13 16:03:26,False,,bajo,False
2026-09-07 12:33:07,2446,2026-09-07 01:37:14,0,2026-09-07 01:37:14,False,,bajo,True
2026-09-07 12:33:07,2459,2026-09-07 12:32:56,0,2026-09-07 12:32:56,False,,bajo,True
2026-09-07 12:33:07,2464,2026-09-07 12:32:26,0,2026-09-07 12:32:26,False,,bajo,True
2026-09-07 12:33:07,2465,2026-09-07 09:58:24,0,2026-09-07 09:58:24,False,,bajo,False
2026-09-07 12:33:07,2466,2026-09-07 12:32:20,0,2026-09-07 12:32:20,False,,bajo,False
2026-09-07 12:33:07,2468,2026-09-07 12:32:53,0,2026-09-07 12:32:53,False,,bajo,True
2026-09-07 12:33:07,2471,2026-09-07 12:31:45,0,2026-09-07 12:31:45,False,,bajo,True
2026-09-07 12:33:07,2475,2026-09-07 10:10:28,0,2026-09-07 10:10:28,False,,bajo,True
2026-09-07 12:33:07,2476,2026-09-07 12:24:24,0,2026-09-07 12:24:24,False,,bajo,True
2026-09-07 12:33:07,2482,2026-09-07 12:31:19,0,2026-09-07 12:31:19,True,2026-09-07 09:19:24,bajo,True
2026-09-07 12:33:07,2484,2026-09-07 12:29:49,0,2026-09-07 12:29:49,True,2026-09-07 11:25:37,bajo,True
2026-09-07 12:33:07,2485,2026-09-07 12:32:31,0,2026-09-07 12:32:31,False,,bajo,True
2026-09-07 12:33:07,2492,2026-09-07 12:24:09,0,2026-09-07 12:24:09,False,,bajo,True
2026-09-07 12:33:07,2516,2026-09-05 13:14:55,0,2026-09-05 13:14:55,False,,bajo,False
2026-09-07 12:33:07,2519,2026-09-07 12:31:23,0,2026-09-07 12:31:23,True,2026-09-07 09:55:36,bajo,True
2026-09-07 12:33:07,2565,2026-09-07 12:32:44,0,2026-09-07 12:32:44,False,,bajo,False
2026-09-07 12:33:07,2567,2026-09-07 11:51:35,0,2026-09-07 11:51:35,False,,bajo,True
2026-09-07 12:33:07,2575,2026-09-07 12:32:25,0,2026-09-07 12:32:25,False,,bajo,True
2026-09-07 12:33:07,2582,2026-09-07 12:32:30,0,2026-09-07 12:32:30,True,2026-09-07 07:32:10,bajo,False
2026-09-07 12:33:07,2590,2026-09-06 19:17:37,0,2026-09-06 19:17:37,False,,bajo,False
2026-09-07 12:33:07,2592,2026-09-06 16:01:05,0,2026-09-06 16:01:05,False,,bajo,True
2026-09-07 12:33:07,2593,2026-09-07 12:32:46,0,2026-09-07 12:32:46,True,2026-09-07 09:29:47,bajo,True
2026-09-07 12:33:07,2654,2026-09-07 12:32:40,0,2026-09-07 12:32:40,True,2026-09-07 10:34:31,bajo,True
2026-09-07 12:33:07,2665,2026-09-06 16:46:39,0,2026-09-06 16:46:39,False,,bajo,True
2026-09-07 12:33:07,2668,2026-09-06 21:43:24,0,2026-09-06 21:43:24,False,,bajo,False
2026-09-07 12:33:07,2678,2026-09-07 12:32:17,0,2026-09-07 12:32:17,False,,bajo,True
2026-09-07 12:33:07,2693,2026-09-06 06:45:44,0,2026-09-06 06:45:44,False,,bajo,True
2026-09-07 12:33:07,2701,2026-09-07 12:30:56,0,2026-09-07 12:30:56,False,,bajo,True
2026-09-07 12:33:07,2706,2026-09-06 17:33:48,0,2026-09-06 17:33:48,False,,alto,False
2026-09-07 12:33:07,2718,2026-09-07 06:59:17,0,2026-09-07 06:59:17,False,,bajo,False
2026-09-07 12:33:07,2722,2026-09-07 12:32:05,0,2026-09-07 12:32:05,False,,medio,False
2026-09-07 12:33:07,2724,2026-09-06 16:00:48,0,2026-09-06 16:00:48,False,,bajo,False
2026-09-07 12:33:07,2726,2025-03-13 16:03:26,0,2025-03-13 16:03:26,False,,bajo,False
2026-09-07 12:33:07,2730,2026-09-07 10:50:01,0,2026-09-07 10:50:01,False,,alto,True
2026-09-07 12:33:07,2743,2026-09-07 12:31:56,0,2026-09-07 12:31:56,False,,medio,True
2026-09-07 12:33:07,2744,2026-09-07 09:14:53,0,2026-09-07 09:14:53,False,,bajo,True
2026-09-07 12:33:07,2751,2026-09-07 00:00:44,0,2026-09-07 00:00:44,False,,bajo,False
2026-09-07 12:33:07,2754,2026-09-05 23:38:02,0,2026-09-05 23:38:02,False,,bajo,True
2026-09-07 12:33:07,2760,2026-09-07 12:32:24,0,2026-09-07 12:32:24,False,,alto,True
2026-09-07 12:33:07,2768,2026-09-07 05:52:10,0,2026-09-07 05:52:10,False,,bajo,True
2026-09-07 12:33:07,2770,2026-09-07 12:32:56,0,2026-09-07 12:32:56,False,,alto,True
2026-09-07 12:33:07,2773,2026-09-06 14:55:17,0,2026-09-06 14:55:17,False,,alto,True
2026-09-07 12:33:07,2777,2025-03-13 16:03:26,0,2025-03-13 16:03:26,False,,bajo,False
2026-09-07 12:33:07,2780,2026-09-07 12:22:30,0,2026-09-07 12:22:30,True,2026-09-07 09:00:54,alto,False
2026-09-07 12:33:07,2781,2026-09-06 18:07:11,0,2026-09-06 18:07:11,False,,bajo,False
2026-09-07 12:33:07,2790,2026-09-07 06:50:36,0,2026-09-07 06:50:36,False,,bajo,True
2026-09-07 12:33:07,2791,2026-09-04 17:23:32,0,2026-09-04 17:23:32,False,,bajo,True
2026-09-07 12:33:07,2796,2026-09-07 12:23:07,0,2026-09-07 12:23:07,False,,bajo,False
2026-09-07 12:33:07,2803,2026-09-07 11:52:57,0,2026-09-07 11:52:57,False,,bajo,True
2026-09-07 12:33:07,2807,2026-09-07 11:00:05,0,2026-09-06 13:19:55,True,2026-09-07 11:00:05,bajo,False
2026-09-07 12:33:07,2808,2026-09-07 12:32:09,0,2026-09-07 12:32:09,False,,bajo,True
2026-09-07 12:33:07,2810,2026-09-07 12:28:37,0,2026-09-07 12:28:37,False,,bajo,True
2026-09-07 12:33:07,2830,2026-09-06 19:26:41,0,2026-09-06 19:26:41,False,,bajo,False
2026-09-07 12:33:07,2858,2026-09-07 12:31:08,0,2026-09-07 12:31:08,False,,bajo,True
2026-09-07 12:33:07,2904,2026-09-06 11:02:23,0,2026-09-06 11:02:23,False,,bajo,False
2026-09-07 12:33:07,2922,2026-09-07 12:32:43,0,2026-09-07 12:32:43,False,,bajo,True
2026-09-07 12:33:07,2926,2026-09-07 12:32:11,0,2026-09-07 12:32:11,False,,bajo,True
2026-09-07 12:33:07,2929,2026-09-07 12:27:56,0,2026-09-07 12:27:56,False,,alto,True
2026-09-07 12:33:07,2935,2026-09-07 11:45:28,0,2026-09-07 11:45:28,False,,bajo,True
2026-09-07 12:33:07,2937,2026-09-07 12:32:18,0,2026-09-07 12:32:18,False,,bajo,True
2026-09-07 12:33:07,2961,2026-02-27 08:12:26,0,2026-02-27 08:12:26,False,,bajo,False
2026-09-07 12:33:07,2971,2026-09-07 10:23:53,0,2026-09-07 10:23:53,False,,bajo,True
2026-09-07 12:33:07,2972,2026-09-07 12:32:29,0,2026-09-07 12:32:29,False,,bajo,True
2026-09-07 12:33:07,2973,2026-09-07 09:44:49,0,2026-09-07 08:32:36,True,2026-09-07 09:44:49,bajo,False
2026-09-07 12:33:07,2975,2026-09-07 09:53:14,0,2026-09-07 09:53:14,False,,bajo,True
2026-09-07 12:33:07,2978,2026-09-07 12:32:26,0,2026-09-07 12:32:26,True,2026-09-07 10:29:26,bajo,True
2026-09-07 12:33:07,2983,2026-09-07 12:32:43,0,2026-09-07 12:32:43,False,,bajo,True
2026-09-07 12:33:07,2984,2026-09-07 10:51:29,0,2026-09-06 20:43:43,True,2026-09-07 10:51:29,bajo,False
2026-09-07 12:33:07,2985,2026-09-07 12:23:59,0,2026-09-07 12:23:59,False,,bajo,False
2026-09-07 12:33:07,2986,2026-09-07 12:32:40,0,2026-09-07 12:32:40,False,,bajo,False
2026-09-07 12:33:07,2987,2026-09-07 12:32:27,0,2026-09-07 12:32:27,False,,bajo,True
2026-09-07 12:33:07,2988,2026-09-07 12:32:34,0,2026-09-07 12:32:34,False,,bajo,True
2026-09-07 12:33:07,2993,2026-09-07 10:59:55,0,2026-09-07 10:59:55,False,,bajo,True
2026-09-07 12:33:07,2994,2026-09-07 12:01:58,0,2026-09-07 12:01:58,False,,bajo,True
2026-09-07 12:33:07,2996,2026-09-07 12:32:48,0,2026-09-07 12:32:48,False,,alto,True
2026-09-07 12:33:07,2998,2026-09-07 12:32:30,0,2026-09-07 12:32:30,False,,bajo,True
2026-09-07 12:33:07,3002,2026-09-07 12:30:13,0,2026-09-07 12:30:13,False,,bajo,True
2026-09-07 12:33:07,3009,2026-09-07 12:32:40,0,2026-09-07 12:32:40,False,,bajo,True
2026-09-07 12:33:07,3010,2026-09-07 12:27:57,0,2026-09-07 12:27:57,False,,bajo,True
2026-09-07 12:33:07,3011,2026-09-07 12:30:48,0,2026-09-07 12:30:48,False,,bajo,True
2026-09-07 12:33:07,3013,2026-09-07 12:30:27,0,2026-09-07 12:30:27,False,,bajo,True
2026-09-07 12:33:07,3020,2026-09-06 13:53:50,0,2026-09-06 13:53:50,False,,bajo,False
2026-09-07 12:33:07,3022,2026-09-07 11:57:07,0,2026-09-07 11:57:07,False,,alto,True
2026-09-07 12:33:07,3024,2026-09-07 12:24:47,0,2026-09-07 12:24:47,False,,bajo,True
2026-09-07 12:33:07,3026,2026-09-07 12:30:33,0,2026-09-07 12:30:33,False,,bajo,False
2026-09-07 12:33:07,3027,2026-09-07 09:24:24,0,2026-09-07 09:24:24,False,,bajo,True
2026-09-07 12:33:07,3029,2026-09-07 10:22:39,0,2026-09-06 20:32:36,True,2026-09-07 10:22:39,bajo,True
2026-09-07 12:33:07,3036,2025-03-13 16:18:25,0,2025-03-13 16:18:25,False,,bajo,False
2026-09-07 12:33:07,3039,2026-09-06 15:09:50,0,2026-09-06 15:09:50,False,,bajo,False
2026-09-07 12:33:07,3060,2026-09-06 21:40:19,0,2026-09-06 21:40:19,False,,bajo,True
2026-09-07 12:33:07,3064,2026-09-07 12:32:56,0,2026-09-07 12:32:56,False,,bajo,True
2026-09-07 12:33:07,3065,2026-09-07 12:32:14,0,2026-09-07 12:32:14,False,,medio,True
2026-09-07 12:33:07,3074,2026-09-05 22:43:21,0,2026-09-05 22:43:21,False,,bajo,True
2026-09-07 12:33:07,3076,2026-09-07 12:32:45,0,2026-09-07 12:32:45,False,,bajo,False
2026-09-07 12:33:07,3079,2026-09-07 12:30:09,0,2026-09-07 12:30:09,False,,bajo,True
2026-09-07 12:33:07,3084,2026-09-07 11:40:35,0,2026-09-07 11:40:35,False,,bajo,False
2026-09-07 12:33:07,3086,2026-09-07 08:26:56,0,2026-09-07 08:26:56,False,,alto,False
2026-09-07 12:33:07,3087,2026-09-06 17:18:51,0,2026-09-06 17:18:51,False,,alto,False
2026-09-07 12:33:07,3099,2026-09-07 06:38:41,0,2026-09-07 06:38:41,False,,bajo,True
2026-09-07 12:33:07,3101,2026-09-07 05:25:32,0,2026-09-07 05:25:32,False,,bajo,False
2026-09-07 12:33:07,3117,2026-09-07 11:18:47,0,2026-09-07 11:18:47,False,,bajo,True
2026-09-07 12:33:07,3121,2026-09-07 12:32:00,0,2026-09-07 12:32:00,False,,bajo,True
2026-09-07 12:33:07,3132,2026-09-07 12:29:43,0,2026-09-07 12:29:43,False,,bajo,True
2026-09-07 12:33:07,3138,2026-09-07 12:32:38,0,2026-09-07 12:32:38,False,,bajo,True
2026-09-07 12:33:07,3141,2026-09-07 12:31:54,0,2026-09-07 12:31:54,False,,bajo,False
2026-09-07 12:33:07,3144,2026-09-07 12:32:20,0,2026-09-07 12:32:20,False,,bajo,True
2026-09-07 12:33:07,3145,2026-09-07 09:12:09,0,2026-09-07 07:47:41,True,2026-09-07 09:12:09,bajo,True
2026-09-07 12:33:07,3146,2026-09-07 12:28:19,0,2026-09-07 12:28:19,False,,bajo,True
2026-09-07 12:33:07,3151,2026-09-07 12:30:58,0,2026-09-07 12:30:58,False,,alto,False
2026-09-07 12:33:07,3154,2026-09-07 12:32:35,0,2026-09-07 12:32:35,False,,bajo,False
2026-09-07 12:33:07,3155,2026-09-07 12:31:44,0,2026-09-07 12:31:44,True,2026-09-07 10:01:23,bajo,True
2026-09-07 12:33:07,3159,2026-09-07 12:30:29,0,2026-09-07 12:30:29,False,,bajo,True
2026-09-07 12:33:07,3160,2026-09-07 08:02:16,0,2026-09-07 08:02:16,False,,bajo,False
2026-09-07 12:33:07,3161,2026-09-06 13:58:51,0,2026-09-06 13:58:51,False,,bajo,False
2026-09-07 12:33:07,3162,2026-09-07 12:31:43,0,2026-09-07 12:31:43,False,,bajo,True
2026-09-07 12:33:07,3169,2026-09-06 11:35:18,0,2026-09-06 11:35:18,False,,bajo,False
2026-09-07 12:33:07,3172,2026-09-07 12:31:43,0,2026-09-07 12:31:43,False,,bajo,True
2026-09-07 12:33:07,3178,2026-09-07 12:24:00,0,2026-09-07 12:24:00,False,,bajo,True
2026-09-07 12:33:07,3184,2026-09-07 12:29:10,0,2026-09-07 12:29:10,True,2026-09-07 11:47:35,bajo,False
2026-09-07 12:33:07,3185,2026-09-07 12:27:36,0,2026-09-07 12:27:36,False,,bajo,True
2026-09-07 12:33:07,3186,2026-09-06 00:34:10,0,2026-09-06 00:34:10,False,,bajo,False
2026-09-07 12:33:07,3187,2026-08-23 09:50:03,0,2026-08-23 09:50:03,False,,bajo,True
2026-09-07 12:33:07,3191,2026-09-07 11:37:03,0,2026-09-07 11:37:03,False,,medio,True
2026-09-07 12:33:07,3199,2026-09-07 12:32:38,0,2026-09-07 12:32:38,False,,bajo,True
2026-09-07 12:33:07,3202,2026-09-07 12:30:25,0,2026-09-07 12:30:25,True,2026-09-07 08:56:14,bajo,True
2026-09-07 12:33:07,3203,2026-09-07 12:31:49,0,2026-09-07 12:31:49,False,,bajo,False
2026-09-07 12:33:07,3204,2026-09-07 12:32:30,0,2026-09-07 12:32:30,False,,bajo,True
2026-09-07 12:33:07,3207,2026-09-07 12:31:40,0,2026-09-07 12:31:40,False,,bajo,True
2026-09-07 12:33:07,3208,2026-09-07 11:35:11,0,2026-09-07 11:35:11,False,,bajo,False
2026-09-07 12:33:07,3216,2026-09-07 12:32:14,0,2026-09-07 12:32:14,False,,medio,False
2026-09-07 12:33:07,3222,2026-09-06 21:50:24,0,2026-09-06 21:50:24,False,,bajo,False
2026-09-07 12:33:07,3224,2026-09-07 09:28:09,0,2026-09-07 09:28:09,False,,bajo,True
2026-09-07 12:33:07,3225,2026-09-07 10:06:11,0,2026-09-07 10:06:11,False,,bajo,False
2026-09-07 12:33:07,3227,2026-09-06 13:26:10,0,2026-09-06 13:26:10,False,,bajo,True
2026-09-07 12:33:07,3232,2026-09-07 12:23:04,0,2026-09-07 12:23:04,False,,bajo,True
2026-09-07 12:33:07,3239,2026-09-05 11:35:12,0,2026-09-05 11:35:12,False,,bajo,False
2026-09-07 12:33:07,3242,2026-09-07 12:25:45,0,2026-09-07 12:25:45,False,,bajo,True
2026-09-07 12:33:07,3243,2026-09-07 12:31:50,0,2026-09-07 12:31:50,False,,alto,True
2026-09-07 12:33:07,3244,2026-09-07 12:30:45,0,2026-09-07 12:30:45,False,,bajo,True
2026-09-07 12:33:07,3253,2026-09-07 12:32:26,0,2026-09-07 12:32:26,True,2026-09-07 09:22:42,bajo,True
2026-09-07 12:33:07,3259,2026-09-07 12:31:49,0,2026-09-07 12:31:49,True,2026-09-07 11:15:32,medio,True
2026-09-07 12:33:07,3264,2026-09-07 12:32:34,0,2026-09-07 12:32:34,True,2026-09-07 08:42:49,bajo,True
2026-09-07 12:33:07,3266,2026-09-06 10:28:38,0,2026-09-06 10:28:38,False,,bajo,True
2026-09-07 12:33:07,4018,2026-09-05 19:06:55,0,2026-09-05 19:06:55,False,,bajo,False
2026-09-07 12:33:07,4024,2026-09-07 12:32:01,0,2026-09-07 12:32:01,False,,bajo,False
2026-09-07 12:33:07,1724,2026-09-07 10:18:32,1,2026-09-07 10:18:32,False,,bajo,False
2026-09-07 12:33:07,1744,2026-09-06 15:56:03,1,2026-09-06 15:56:03,False,,bajo,False
2026-09-07 12:33:07,1766,2026-06-03 03:27:01,1,2026-06-03 03:27:01,False,,bajo,False
2026-09-07 12:33:07,1784,2026-06-03 03:29:57,1,2026-06-03 03:29:57,False,,bajo,False
2026-09-07 12:33:07,1805,2026-06-03 08:20:37,1,2026-06-03 08:20:37,False,,bajo,False
2026-09-07 12:33:07,1806,2026-09-06 14:41:38,1,2026-09-06 14:41:38,False,,bajo,False
2026-09-07 12:33:07,1824,2026-06-03 08:35:59,1,2026-06-03 08:35:59,False,,bajo,False
2026-09-07 12:33:07,1844,2026-09-07 11:54:36,1,2026-09-07 11:54:36,False,,bajo,False
2026-09-07 12:33:07,1845,2026-06-03 08:35:31,1,2026-06-03 08:35:31,False,,bajo,False
2026-09-07 12:33:07,1846,2026-09-07 12:31:50,1,2026-09-07 12:31:50,False,,bajo,False
2026-09-07 12:33:07,1887,2026-09-07 12:14:28,1,2026-09-07 12:14:28,False,,bajo,True
2026-09-07 12:33:07,1924,2026-09-07 06:06:49,1,2026-09-07 06:06:49,False,,bajo,False
2026-09-07 12:33:07,1926,2026-09-06 20:46:22,1,2026-09-06 20:46:22,False,,bajo,False
2026-09-07 12:33:07,1927,2026-09-07 12:17:59,1,2026-09-07 12:17:59,False,,bajo,False
2026-09-07 12:33:07,1928,2026-09-04 11:10:06,1,2026-09-04 11:10:06,False,,bajo,False
2026-09-07 12:33:07,1945,2026-09-07 12:12:43,1,2026-09-07 12:12:43,False,,bajo,False
2026-09-07 12:33:07,1964,2026-09-07 08:59:44,1,2026-09-07 08:59:44,False,,alto,False
2026-09-07 12:33:07,1965,2026-09-07 12:26:16,1,2026-09-07 12:26:16,False,,bajo,False
2026-09-07 12:33:07,1984,2026-09-07 09:05:50,1,2026-09-07 09:05:50,False,,bajo,False
2026-09-07 12:33:07,2190,2026-09-07 12:30:19,1,2026-09-07 12:30:19,False,,bajo,False
2026-09-07 12:33:07,2192,2026-09-07 12:28:51,1,2026-09-07 12:28:51,False,,bajo,False
2026-09-07 12:33:07,2193,2026-09-07 12:32:26,1,2026-09-07 12:32:26,True,2026-09-07 11:41:54,bajo,False
2026-09-07 12:33:07,2204,2026-09-07 12:27:51,1,2026-09-07 12:27:51,True,2026-09-07 07:37:01,bajo,False
2026-09-07 12:33:07,2205,2026-09-05 23:08:28,1,2026-09-05 23:08:28,False,,bajo,False
2026-09-07 12:33:07,2207,2026-09-07 12:28:48,1,2026-09-07 12:28:48,True,2026-09-07 07:26:04,bajo,False
2026-09-07 12:33:07,2208,2026-09-07 12:24:25,1,2026-09-07 12:24:25,False,,bajo,False
2026-09-07 12:33:07,2224,2026-09-07 12:32:40,1,2026-09-07 12:32:40,False,,bajo,False
2026-09-07 12:33:07,2225,2026-09-07 12:31:31,1,2026-09-07 12:31:31,False,,bajo,False
2026-09-07 12:33:07,2227,2026-09-07 12:31:36,1,2026-09-07 12:31:36,True,2026-09-07 08:26:41,bajo,False
2026-09-07 12:33:07,2230,2026-09-06 10:42:00,1,2026-09-06 10:42:00,False,,bajo,False
2026-09-07 12:33:07,2250,2026-09-06 02:12:07,1,2026-09-06 02:12:07,False,,bajo,True
2026-09-07 12:33:07,2264,2026-09-07 12:22:49,1,2026-09-07 12:22:49,True,2026-09-07 10:47:00,bajo,True
2026-09-07 12:33:07,2268,2026-09-06 04:40:46,1,2026-09-06 04:40:46,False,,bajo,False
2026-09-07 12:33:07,2284,2026-09-06 01:41:44,1,2026-09-06 01:41:44,False,,bajo,True
2026-09-07 12:33:07,2317,2026-09-07 12:29:49,1,2026-09-07 12:29:49,False,,bajo,False
2026-09-07 12:33:07,2326,2026-09-07 08:53:34,1,2026-09-07 08:53:34,False,,bajo,False
2026-09-07 12:33:07,2327,2026-09-07 12:25:58,1,2026-09-07 12:25:58,True,2026-09-07 08:05:18,bajo,False
2026-09-07 12:33:07,2330,2026-09-07 12:11:12,1,2026-09-07 12:11:12,False,,bajo,False
2026-09-07 12:33:07,2335,2026-09-07 12:32:21,1,2026-09-07 12:32:21,False,,bajo,False
2026-09-07 12:33:07,2391,2026-09-07 11:02:17,1,2026-09-07 11:02:17,False,,bajo,False
2026-09-07 12:33:07,2404,2026-09-07 00:13:13,1,2026-09-07 00:13:13,False,,bajo,False
2026-09-07 12:33:07,2415,2026-09-07 12:00:56,1,2026-09-07 12:00:56,False,,bajo,False
2026-09-07 12:33:07,2424,2025-03-13 16:03:26,1,2025-03-13 16:03:26,False,,bajo,False
2026-09-07 12:33:07,2446,2026-09-06 00:36:15,1,2026-09-06 00:36:15,False,,bajo,False
2026-09-07 12:33:07,2459,2026-09-07 08:37:41,1,2026-09-07 08:37:41,False,,bajo,False
2026-09-07 12:33:07,2464,2026-09-07 12:16:24,1,2026-09-07 12:16:24,False,,bajo,False
2026-09-07 12:33:07,2465,2026-09-06 22:12:12,1,2026-09-06 22:12:12,False,,bajo,False
2026-09-07 12:33:07,2466,2026-09-06 20:34:21,1,2026-09-06 20:34:21,False,,bajo,False
2026-09-07 12:33:07,2468,2026-09-06 01:06:50,1,2026-09-06 01:06:50,False,,bajo,True
2026-09-07 12:33:07,2471,2026-09-07 12:09:26,1,2026-09-07 12:09:26,False,,bajo,False
2026-09-07 12:33:07,2475,2026-09-07 09:03:18,1,2026-09-07 09:03:18,False,,bajo,False
2026-09-07 12:33:07,2476,2026-09-07 12:28:39,1,2026-09-07 12:28:39,False,,medio,False
2026-09-07 12:33:07,2482,2026-09-07 12:31:04,1,2026-09-07 12:31:04,True,2026-09-07 09:19:24,medio,True
2026-09-07 12:33:07,2484,2026-09-07 11:25:37,1,2026-09-05 12:29:15,True,2026-09-07 11:25:37,bajo,False
2026-09-07 12:33:07,2485,2026-09-07 12:30:25,1,2026-09-07 12:30:25,False,,bajo,True
2026-09-07 12:33:07,2492,2026-09-07 11:59:54,1,2026-09-07 11:59:54,True,2026-09-07 11:14:39,bajo,False
2026-09-07 12:33:07,2516,2026-09-07 12:26:01,1,2026-09-07 12:26:01,False,,bajo,False
2026-09-07 12:33:07,2519,2026-09-07 08:39:07,1,2026-09-07 08:39:07,False,,bajo,False
2026-09-07 12:33:07,2565,2026-09-07 12:13:40,1,2026-09-07 12:13:40,False,,bajo,False
2026-09-07 12:33:07,2567,2026-09-05 02:13:29,1,2026-09-05 02:13:29,False,,bajo,False
2026-09-07 12:33:07,2575,2026-09-07 12:32:29,1,2026-09-07 12:32:29,True,2026-09-07 10:07:37,bajo,False
2026-09-07 12:33:07,2582,2026-09-07 12:27:54,1,2026-09-07 12:27:54,True,2026-09-07 08:13:09,bajo,False
2026-09-07 12:33:07,2590,2026-09-07 12:31:35,1,2026-09-07 12:31:35,False,,bajo,False
2026-09-07 12:33:07,2592,2026-09-07 12:30:37,1,2026-09-07 12:30:37,False,,medio,True
2026-09-07 12:33:07,2593,2026-09-07 12:32:02,1,2026-09-07 12:32:02,True,2026-09-07 09:29:47,bajo,False
2026-09-07 12:33:07,2654,2026-09-07 12:31:34,1,2026-09-07 12:31:34,True,2026-09-07 10:34:31,bajo,True
2026-09-07 12:33:07,2665,2026-09-07 12:27:14,1,2026-09-07 12:27:14,False,,bajo,False
2026-09-07 12:33:07,2668,2026-09-06 00:08:55,1,2026-09-06 00:08:55,False,,bajo,False
2026-09-07 12:33:07,2678,2026-09-07 12:28:19,1,2026-09-07 12:28:19,False,,bajo,False
2026-09-07 12:33:07,2693,2026-09-06 07:03:08,1,2026-09-06 07:03:08,False,,bajo,False
2026-09-07 12:33:07,2701,2026-09-07 12:31:59,1,2026-09-07 12:31:59,False,,bajo,False
2026-09-07 12:33:07,2706,2026-09-07 12:32:05,1,2026-09-07 12:32:05,True,2026-09-07 09:47:37,medio,False
2026-09-07 12:33:07,2718,2026-09-07 12:13:33,1,2026-09-07 12:13:33,False,,bajo,False
2026-09-07 12:33:07,2722,2026-09-06 15:47:43,1,2026-09-06 15:47:43,False,,alto,False
2026-09-07 12:33:07,2724,2026-09-07 02:53:16,1,2026-09-07 02:53:16,False,,medio,False
2026-09-07 12:33:07,2726,2025-03-13 16:03:26,1,2025-03-13 16:03:26,False,,bajo,False
2026-09-07 12:33:07,2730,2026-06-03 08:24:07,1,2026-06-03 08:24:07,False,,bajo,False
2026-09-07 12:33:07,2743,2026-09-07 12:28:10,1,2026-09-07 12:28:10,False,,bajo,True
2026-09-07 12:33:07,2744,2026-09-07 11:27:26,1,2026-09-07 06:02:13,True,2026-09-07 11:27:26,bajo,False
2026-09-07 12:33:07,2751,2026-09-07 12:31:53,1,2026-09-07 12:31:53,False,,bajo,False
2026-09-07 12:33:07,2754,2026-06-03 08:25:11,1,2026-06-03 08:25:11,False,,bajo,False
2026-09-07 12:33:07,2768,2026-06-03 08:23:19,1,2026-06-03 08:23:19,False,,bajo,False
2026-09-07 12:33:07,2770,2025-03-13 16:03:26,1,2025-03-13 16:03:26,False,,bajo,False
2026-09-07 12:33:07,2773,2026-09-07 12:31:25,1,2026-09-07 12:31:25,True,2026-09-07 11:27:26,alto,True
2026-09-07 12:33:07,2777,2025-03-13 16:03:26,1,2025-03-13 16:03:26,False,,bajo,False
2026-09-07 12:33:07,2780,2026-09-06 12:59:13,1,2026-09-06 12:59:13,False,,bajo,False
2026-09-07 12:33:07,2781,2026-09-07 12:31:58,1,2026-09-07 12:31:58,True,2026-09-07 09:25:09,alto,False
2026-09-07 12:33:07,2790,2026-09-06 21:39:16,1,2026-09-06 21:39:16,False,,bajo,False
2026-09-07 12:33:07,2791,2026-09-04 17:23:33,1,2026-09-04 17:23:33,False,,bajo,False
2026-09-07 12:33:07,2796,2026-09-06 21:49:01,1,2026-09-06 21:49:01,False,,bajo,False
2026-09-07 12:33:07,2803,2026-09-07 09:42:48,1,2026-09-07 09:42:48,False,,bajo,False
2026-09-07 12:33:07,2807,2026-09-07 07:18:52,1,2026-09-07 07:18:52,False,,bajo,False
2026-09-07 12:33:07,2808,2026-09-07 12:32:43,1,2026-09-07 12:32:43,True,2026-09-07 08:48:15,bajo,False
2026-09-07 12:33:07,2810,2026-09-07 11:50:55,1,2026-09-07 11:50:55,False,,bajo,True
2026-09-07 12:33:07,2830,2026-09-07 12:16:52,1,2026-09-07 12:16:52,False,,bajo,False
2026-09-07 12:33:07,2858,2026-09-07 12:32:53,1,2026-09-07 12:32:53,False,,alto,False
2026-09-07 12:33:07,2904,2026-09-07 09:09:20,1,2026-09-07 09:09:20,False,,bajo,False
2026-09-07 12:33:07,2922,2026-06-03 07:54:30,1,2026-06-03 07:54:30,False,,bajo,False
2026-09-07 12:33:07,2926,2026-09-07 12:28:02,1,2026-09-07 12:28:02,False,,bajo,False
2026-09-07 12:33:07,2929,2026-09-06 10:39:20,1,2026-09-06 10:39:20,False,,bajo,False
2026-09-07 12:33:07,2935,2026-09-07 12:27:36,1,2026-09-07 12:27:36,False,,bajo,False
2026-09-07 12:33:07,2937,2026-09-07 12:23:38,1,2026-09-07 12:23:38,False,,bajo,False
2026-09-07 12:33:07,2961,2026-02-27 08:12:26,1,2026-02-27 08:12:26,False,,bajo,False
2026-09-07 12:33:07,2971,2026-09-07 11:47:36,1,2026-09-07 11:47:36,False,,bajo,False
2026-09-07 12:33:07,2972,2026-09-06 19:32:41,1,2026-09-06 19:32:41,False,,bajo,False
2026-09-07 12:33:07,2973,2026-09-07 11:39:52,1,2026-09-07 11:39:52,False,,bajo,False
2026-09-07 12:33:07,2975,2026-09-04 17:09:31,1,2026-09-04 17:09:31,False,,bajo,False
2026-09-07 12:33:07,2978,2026-09-07 12:16:42,1,2026-09-07 12:16:42,False,,bajo,True
2026-09-07 12:33:07,2983,2026-09-07 12:21:33,1,2026-09-07 12:21:33,False,,bajo,False
2026-09-07 12:33:07,2984,2026-09-07 10:51:29,1,2026-09-07 08:29:04,True,2026-09-07 10:51:29,bajo,False
2026-09-07 12:33:07,2985,2026-09-05 16:51:20,1,2026-09-05 16:51:20,False,,bajo,False
2026-09-07 12:33:07,2986,2026-09-07 10:41:35,1,2026-09-05 18:27:07,True,2026-09-07 10:41:35,bajo,False
2026-09-07 12:33:07,2987,2026-09-05 16:41:27,1,2026-09-05 16:41:27,False,,bajo,False
2026-09-07 12:33:07,2988,2026-09-07 12:20:10,1,2026-09-07 12:20:10,False,,bajo,False
2026-09-07 12:33:07,2993,2026-09-07 03:22:06,1,2026-09-07 03:22:06,False,,bajo,False
2026-09-07 12:33:07,2994,2026-09-07 12:29:13,1,2026-09-07 12:29:13,False,,bajo,False
2026-09-07 12:33:07,2996,2026-09-07 12:08:15,1,2026-09-07 12:08:15,False,,bajo,False
2026-09-07 12:33:07,2998,2026-09-07 12:23:40,1,2026-09-07 12:23:40,False,,bajo,True
2026-09-07 12:33:07,3002,2026-09-07 12:32:15,1,2026-09-07 12:32:15,True,2026-09-07 10:00:26,bajo,False
2026-09-07 12:33:07,3009,2026-09-07 12:25:18,1,2026-09-07 12:25:18,True,2026-09-07 11:02:02,bajo,False
2026-09-07 12:33:07,3010,2026-09-06 18:48:29,1,2026-09-06 18:48:29,False,,bajo,False
2026-09-07 12:33:07,3011,2026-09-05 22:36:49,1,2026-09-05 22:36:49,False,,bajo,False
2026-09-07 12:33:07,3013,2026-09-07 10:40:42,1,2026-09-07 10:40:42,False,,bajo,False
2026-09-07 12:33:07,3020,2026-09-07 09:35:19,1,2026-09-07 09:35:19,False,,bajo,False
2026-09-07 12:33:07,3022,2026-09-07 11:36:12,1,2026-09-07 11:36:12,False,,alto,False
2026-09-07 12:33:07,3024,2026-09-07 12:32:14,1,2026-09-07 12:32:14,False,,bajo,False
2026-09-07 12:33:07,3026,2026-09-06 11:44:39,1,2026-09-06 11:44:39,False,,bajo,False
2026-09-07 12:33:07,3027,2026-09-07 11:41:54,1,2026-09-06 17:06:25,True,2026-09-07 11:41:54,bajo,False
2026-09-07 12:33:07,3029,2026-09-07 12:28:39,1,2026-09-07 12:28:39,True,2026-09-07 10:22:39,bajo,False
2026-09-07 12:33:07,3036,2025-03-13 16:18:25,1,2025-03-13 16:18:25,False,,bajo,False
2026-09-07 12:33:07,3039,2026-09-06 13:37:04,1,2026-09-06 13:37:04,False,,bajo,False
2026-09-07 12:33:07,3060,2026-09-07 12:29:28,1,2026-09-07 12:29:28,False,,bajo,False
2026-09-07 12:33:07,3064,2026-09-07 12:32:00,1,2026-09-07 12:32:00,True,2026-09-07 09:04:05,bajo,True
2026-09-07 12:33:07,3065,2026-06-03 06:29:32,1,2026-06-03 06:29:32,False,,bajo,False
2026-09-07 12:33:07,3074,2026-09-05 23:26:00,1,2026-09-05 23:26:00,False,,bajo,False
2026-09-07 12:33:07,3076,2026-09-06 20:07:20,1,2026-09-06 20:07:20,False,,bajo,False
2026-09-07 12:33:07,3079,2026-09-07 12:26:51,1,2026-09-07 12:26:51,False,,alto,False
2026-09-07 12:33:07,3084,2026-09-07 12:26:22,1,2026-09-07 12:26:22,False,,bajo,False
2026-09-07 12:33:07,3086,2026-09-07 08:27:32,1,2026-09-07 08:27:32,False,,bajo,False
2026-09-07 12:33:07,3087,2026-09-06 20:11:40,1,2026-09-06 20:11:40,False,,bajo,False
2026-09-07 12:33:07,3099,2026-09-07 12:29:56,1,2026-09-07 12:29:56,False,,alto,False
2026-09-07 12:33:07,3101,2026-09-05 00:07:33,1,2026-09-05 00:07:33,False,,bajo,False
2026-09-07 12:33:07,3117,2026-09-06 11:15:43,1,2026-09-06 11:15:43,False,,bajo,False
2026-09-07 12:33:07,3121,2026-09-07 10:44:52,1,2026-09-07 07:43:01,True,2026-09-07 10:44:52,bajo,False
2026-09-07 12:33:07,3132,2026-09-06 11:53:51,1,2026-09-06 11:53:51,False,,bajo,False
2026-09-07 12:33:07,3138,2026-09-06 11:19:19,1,2026-09-06 11:19:19,False,,bajo,False
2026-09-07 12:33:07,3141,2026-09-06 18:00:40,1,2026-09-06 18:00:40,False,,bajo,False
2026-09-07 12:33:07,3144,2026-09-07 12:32:18,1,2026-09-07 12:32:18,False,,bajo,False
2026-09-07 12:33:07,3145,2026-09-07 07:07:53,1,2026-09-07 07:07:53,False,,bajo,False
2026-09-07 12:33:07,3146,2026-09-06 22:35:43,1,2026-09-06 22:35:43,False,,bajo,False
2026-09-07 12:33:07,3151,2026-09-07 11:37:25,1,2026-09-07 11:37:25,False,,bajo,False
2026-09-07 12:33:07,3154,2026-09-07 12:28:34,1,2026-09-07 12:28:34,False,,bajo,False
2026-09-07 12:33:07,3155,2026-09-07 12:30:16,1,2026-09-07 12:30:16,False,,bajo,False
2026-09-07 12:33:07,3159,2026-09-07 12:30:23,1,2026-09-07 12:30:23,True,2026-09-07 09:37:46,bajo,False
2026-09-07 12:33:07,3160,2026-09-06 16:34:24,1,2026-09-06 16:34:24,False,,bajo,False
2026-09-07 12:33:07,3161,2026-09-06 14:10:43,1,2026-09-06 14:10:43,False,,bajo,False
2026-09-07 12:33:07,3162,2026-06-03 06:14:04,1,2026-06-03 06:14:04,False,,bajo,False
2026-09-07 12:33:07,3169,2026-09-07 12:31:40,1,2026-09-07 12:31:40,False,,bajo,False
2026-09-07 12:33:07,3172,2026-09-07 12:31:42,1,2026-09-07 12:31:42,True,2026-09-07 08:51:31,bajo,False
2026-09-07 12:33:07,3178,2026-09-07 12:23:54,1,2026-09-07 12:23:54,False,,bajo,True
2026-09-07 12:33:07,3184,2026-09-07 11:47:35,1,2026-09-07 09:19:12,True,2026-09-07 11:47:35,bajo,False
2026-09-07 12:33:07,3185,2026-09-07 12:32:08,1,2026-09-07 12:32:08,False,,alto,False
2026-09-07 12:33:07,3187,2026-09-07 12:31:02,1,2026-09-07 12:31:02,False,,bajo,False
2026-09-07 12:33:07,3191,2026-09-07 08:20:46,1,2026-09-07 08:20:46,False,,bajo,True
2026-09-07 12:33:07,3199,2026-09-07 12:21:54,1,2026-09-07 12:21:54,False,,bajo,True
2026-09-07 12:33:07,3202,2026-09-07 12:28:25,1,2026-09-07 12:28:25,False,,bajo,False
2026-09-07 12:33:07,3203,2026-09-07 12:25:47,1,2026-09-07 12:25:47,True,2026-09-07 11:41:54,bajo,False
2026-09-07 12:33:07,3204,2026-09-07 12:04:30,1,2026-09-07 12:04:30,False,,bajo,False
2026-09-07 12:33:07,3207,2026-09-07 12:31:39,1,2026-09-07 12:31:39,False,,bajo,False
2026-09-07 12:33:07,3208,2026-09-06 20:59:02,1,2026-09-06 20:59:02,False,,bajo,True
2026-09-07 12:33:07,3216,2026-09-07 11:06:59,1,2026-09-07 11:06:59,False,,bajo,True
2026-09-07 12:33:07,3222,2026-09-07 10:52:44,1,2026-09-07 10:52:44,False,,bajo,False
2026-09-07 12:33:07,3224,2026-09-05 19:39:45,1,2026-09-05 19:39:45,False,,bajo,True
2026-09-07 12:33:07,3225,2026-09-07 08:18:44,1,2026-09-07 08:18:44,False,,bajo,False
2026-09-07 12:33:07,3227,2026-09-07 12:29:27,1,2026-09-07 12:29:27,True,2026-09-07 08:38:57,bajo,False
2026-09-07 12:33:07,3232,2026-09-07 11:03:41,1,2026-09-07 11:03:41,False,,bajo,True
2026-09-07 12:33:07,3239,2026-09-07 12:02:40,1,2026-09-07 12:02:40,False,,bajo,False
2026-09-07 12:33:07,3242,2026-09-07 12:30:24,1,2026-09-07 12:30:24,False,,bajo,False
2026-09-07 12:33:07,3243,2026-09-06 12:43:39,1,2026-09-06 12:43:39,False,,bajo,False
2026-09-07 12:33:07,3244,2026-09-07 12:18:25,1,2026-09-07 12:18:25,False,,bajo,False
2026-09-07 12:33:07,3259,2026-09-07 12:25:42,1,2026-09-07 12:25:42,True,2026-09-07 11:15:32,medio,False
2026-09-07 12:33:07,3264,2026-09-05 16:57:04,1,2026-09-05 16:57:04,False,,bajo,False
2026-09-07 12:33:07,3266,2026-09-06 10:32:23,1,2026-09-06 10:32:23,False,,bajo,False
2026-09-07 12:33:07,4018,2026-09-06 11:02:12,1,2026-09-06 11:02:12,False,,bajo,False
2026-09-07 12:33:07,4024,2026-09-07 09:35:28,1,2026-09-06 23:02:14,True,2026-09-07 09:35:28,bajo,False
2026-09-07 12:33:07,1724,2026-06-03 08:15:44,2,2026-06-03 08:15:44,False,,bajo,False
2026-09-07 12:33:07,1744,2026-06-03 06:32:42,2,2026-06-03 06:32:42,False,,bajo,False
2026-09-07 12:33:07,1766,2026-06-03 17:35:31,2,2026-06-03 17:35:31,False,,bajo,False
2026-09-07 12:33:07,1784,2026-06-03 17:31:00,2,2026-06-03 17:31:00,False,,bajo,False
2026-09-07 12:33:07,1805,2026-06-03 17:31:00,2,2026-06-03 17:31:00,False,,bajo,False
2026-09-07 12:33:07,1824,2026-06-03 17:31:00,2,2026-06-03 17:31:00,False,,bajo,False
2026-09-07 12:33:07,1844,2026-06-03 17:31:00,2,2026-06-03 17:31:00,False,,bajo,False
2026-09-07 12:33:07,1845,2026-06-03 17:31:27,2,2026-06-03 17:31:27,False,,bajo,False
2026-09-07 12:33:07,1887,2026-08-05 15:28:49,2,2026-08-05 15:28:49,False,,bajo,False
2026-09-07 12:33:07,1924,2026-06-03 17:31:00,2,2026-06-03 17:31:00,False,,bajo,False
2026-09-07 12:33:07,1926,2026-06-03 06:42:55,2,2026-06-03 06:42:55,False,,bajo,False
2026-09-07 12:33:07,1944,2026-06-03 17:31:00,2,2026-06-03 17:31:00,False,,bajo,False
2026-09-07 12:33:07,1945,2026-09-07 11:51:18,2,2026-09-07 11:51:18,False,,bajo,False
2026-09-07 12:33:07,2190,2025-03-13 16:03:26,2,2025-03-13 16:03:26,False,,bajo,False
2026-09-07 12:33:07,2193,2026-06-03 17:33:58,2,2026-06-03 17:33:58,False,,bajo,False
2026-09-07 12:33:07,2205,2026-06-02 08:49:39,2,2026-06-02 08:49:39,False,,bajo,False
2026-09-07 12:33:07,2208,2026-07-20 15:35:36,2,2026-07-20 15:35:36,False,,bajo,False
2026-09-07 12:33:07,2224,2026-06-03 08:23:23,2,2026-06-03 08:23:23,False,,bajo,False
2026-09-07 12:33:07,2229,2026-06-03 07:24:01,2,2026-06-03 07:24:01,False,,bajo,False
2026-09-07 12:33:07,2250,2026-06-03 08:23:15,2,2026-06-03 08:23:15,False,,bajo,False
2026-09-07 12:33:07,2335,2026-06-03 06:08:53,2,2026-06-03 06:08:53,False,,bajo,False
2026-09-07 12:33:07,2411,2026-06-03 08:44:37,2,2026-06-03 08:44:37,False,,bajo,False
2026-09-07 12:33:07,2465,2026-06-03 06:28:44,2,2026-06-03 06:28:44,False,,bajo,False
2026-09-07 12:33:07,2466,2025-03-13 16:03:26,2,2025-03-13 16:03:26,False,,bajo,False
2026-09-07 12:33:07,2468,2026-06-03 08:40:08,2,2026-06-03 08:40:08,False,,bajo,False
2026-09-07 12:33:07,2706,2026-06-03 05:15:51,2,2026-06-03 05:15:51,False,,bajo,False
2026-09-07 12:33:07,2724,2026-08-22 11:08:53,2,2026-08-22 11:08:53,False,,bajo,False
2026-09-07 12:33:07,2730,2026-06-03 08:24:08,2,2026-06-03 08:24:08,False,,bajo,False
2026-09-07 12:33:07,2743,2026-06-03 08:33:58,2,2026-06-03 08:33:58,False,,bajo,False
2026-09-07 12:33:07,2744,2026-06-03 08:26:24,2,2026-06-03 08:26:24,False,,bajo,False
2026-09-07 12:33:07,2768,2026-06-03 08:23:19,2,2026-06-03 08:23:19,False,,bajo,False
2026-09-07 12:33:07,2770,2026-06-03 08:28:44,2,2026-06-03 08:28:44,False,,bajo,False
2026-09-07 12:33:07,2773,2026-06-03 08:42:23,2,2026-06-03 08:42:23,False,,bajo,False
2026-09-07 12:33:07,2780,2026-06-03 08:31:16,2,2026-06-03 08:31:16,False,,bajo,False
2026-09-07 12:33:07,2781,2026-06-03 08:39:47,2,2026-06-03 08:39:47,False,,bajo,False
2026-09-07 12:33:07,2922,2026-06-03 07:54:30,2,2026-06-03 07:54:30,False,,bajo,False
2026-09-07 12:33:07,2983,2026-06-03 08:26:35,2,2026-06-03 08:26:35,False,,bajo,False
2026-09-07 12:33:07,2993,2026-05-28 08:20:47,2,2026-05-28 08:20:47,False,,bajo,False
2026-09-07 12:33:07,3002,2025-03-13 16:03:26,2,2025-03-13 16:03:26,False,,bajo,False
2026-09-07 12:33:07,3020,2026-06-03 08:31:34,2,2026-06-03 08:31:34,False,,bajo,False
2026-09-07 12:33:07,3065,2026-06-03 06:29:32,2,2026-06-03 06:29:32,False,,bajo,False
2026-09-07 12:33:07,3086,2026-06-03 08:38:54,2,2026-06-03 08:38:54,False,,bajo,False
2026-09-07 12:33:07,3087,2026-06-03 02:06:08,2,2026-06-03 02:06:08,False,,bajo,False
2026-09-07 12:33:07,3151,2026-06-03 07:25:54,2,2026-06-03 07:25:54,False,,bajo,False
2026-09-07 12:33:07,3160,2026-06-03 03:28:18,2,2026-06-03 03:28:18,False,,bajo,False
2026-09-07 12:33:07,3199,2026-06-03 08:41:17,2,2026-06-03 08:41:17,False,,bajo,False
2026-09-07 12:33:07,3203,2026-06-03 08:22:47,2,2026-06-03 08:22:47,False,,bajo,False
2026-09-07 12:33:07,3204,2026-06-03 07:54:17,2,2026-06-03 07:54:17,False,,bajo,False
2026-09-07 12:33:07,3207,2026-06-03 07:05:01,2,2026-06-03 07:05:01,False,,bajo,False
2026-09-07 12:33:07,3227,2025-03-13 16:03:26,2,2025-03-13 16:03:26,False,,bajo,False
2026-09-07 12:33:07,1846,2026-06-03 08:24:16,3,2026-06-03 08:24:16,False,,bajo,False
2026-09-07 12:33:07,2193,2026-06-03 03:28:55,3,2026-06-03 03:28:55,False,,bajo,False
2026-09-07 12:33:07,2208,2026-06-03 08:31:26,3,2026-06-03 08:31:26,False,,bajo,False
2026-09-07 12:33:07,2330,2026-06-03 07:45:12,3,2026-06-03 07:45:12,False,,bajo,False
2026-09-07 12:33:07,2415,2026-06-03 08:47:45,3,2026-06-03 08:47:45,False,,bajo,False
2026-09-07 12:33:07,2466,2026-06-03 08:38:32,3,2026-06-03 08:38:32,False,,bajo,False
2026-09-07 12:33:07,2582,2026-06-03 08:15:54,3,2026-06-03 08:15:54,False,,bajo,False
2026-09-07 12:33:07,2665,2026-06-03 07:10:20,3,2026-06-03 07:10:20,False,,bajo,False
2026-09-07 12:33:07,2718,2026-06-03 07:28:18,3,2026-06-03 07:28:18,False,,bajo,False
2026-09-07 12:33:07,2722,2026-06-03 06:10:37,3,2026-06-03 06:10:37,False,,bajo,False
2026-09-07 12:33:07,2751,2026-06-03 07:40:08,3,2026-06-03 07:40:08,False,,bajo,False
2026-09-07 12:33:07,2858,2026-06-03 00:31:15,3,2026-06-03 00:31:15,False,,bajo,False
2026-09-07 12:33:07,2993,2026-05-28 08:20:47,3,2026-05-28 08:20:47,False,,bajo,False
2026-09-07 12:33:07,2994,2026-06-03 07:45:41,3,2026-06-03 07:45:41,False,,bajo,False
2026-09-07 12:33:07,3010,2026-06-03 08:19:28,3,2026-06-03 08:19:28,False,,bajo,False
2026-09-07 12:33:07,3011,2026-06-03 08:45:02,3,2026-06-03 08:45:02,False,,bajo,False
2026-09-07 12:33:07,3024,2026-06-03 07:31:40,3,2026-06-03 07:31:40,False,,bajo,False
2026-09-07 12:33:07,3026,2026-06-03 08:11:53,3,2026-06-03 08:11:53,False,,bajo,False
2026-09-07 12:33:07,3027,2026-06-03 08:24:41,3,2026-06-03 08:24:41,False,,bajo,False
2026-09-07 12:33:07,3074,2026-06-03 06:59:32,3,2026-06-03 06:59:32,False,,bajo,False
2026-09-07 12:33:07,3079,2026-06-03 07:50:16,3,2026-06-03 07:50:16,False,,bajo,False
2026-09-07 12:33:07,3086,2026-06-03 08:38:54,3,2026-06-03 08:38:54,False,,bajo,False
2026-09-07 12:33:07,3087,2026-06-03 02:06:08,3,2026-06-03 02:06:08,False,,bajo,False
2026-09-07 12:33:07,3132,2026-06-03 08:15:52,3,2026-06-03 08:15:52,False,,bajo,False
2026-09-07 12:33:07,3160,2026-06-03 03:28:18,3,2026-06-03 03:28:18,False,,bajo,False
2026-09-07 12:33:07,3172,2026-06-03 08:52:22,3,2026-06-03 08:52:22,False,,bajo,False
2026-09-07 12:33:07,3203,2026-06-03 17:31:00,3,2026-06-03 17:31:00,False,,bajo,False
2026-09-07 12:33:07,3204,2026-06-03 07:54:17,3,2026-06-03 07:54:17,False,,bajo,False
2026-09-07 12:33:07,3207,2026-06-03 07:05:01,3,2026-06-03 07:05:01,False,,bajo,False
2026-09-07 12:33:07,3222,2026-06-03 08:54:14,3,2026-06-03 08:54:14,False,,bajo,False
2026-09-07 12:33:07,2362,2026-09-07 11:44:54,0,2026-09-07 11:44:54,False,,bajo,True
2026-09-07 12:33:07,2815,2026-09-07 12:32:15,0,2026-09-07 12:32:15,False,,bajo,False
2026-09-07 12:33:07,2817,2026-09-07 12:32:09,0,2026-09-07 12:32:09,True,2026-09-07 10:38:35,bajo,True
2026-09-07 12:33:07,2818,2026-09-07 12:31:53,0,2026-09-07 12:31:53,False,,bajo,False
2026-09-07 12:33:07,2820,2026-09-07 12:31:25,0,2026-09-07 12:31:25,False,,bajo,True
2026-09-07 12:33:07,2821,2026-09-07 12:32:10,0,2026-09-07 12:32:10,False,,bajo,True
2026-09-07 12:33:07,2822,2026-09-07 12:31:21,0,2026-09-07 12:31:21,False,,bajo,True
2026-09-07 12:33:07,2823,2026-08-28 08:13:15,0,2026-08-28 08:13:15,False,,bajo,True
2026-09-07 12:33:07,2824,2026-09-06 12:44:21,0,2026-09-06 12:44:21,False,,bajo,True
2026-09-07 12:33:07,2827,2026-09-07 12:31:39,0,2026-09-07 12:31:39,True,2026-09-07 09:38:04,bajo,True
2026-09-07 12:33:07,2828,2026-08-27 14:39:54,0,2026-08-27 14:39:54,False,,bajo,False
2026-09-07 12:33:07,2833,2026-09-07 12:31:46,0,2026-09-07 12:31:46,False,,alto,False
2026-09-07 12:33:07,2931,2026-09-07 12:30:27,0,2026-09-07 12:30:27,True,2026-09-07 11:09:51,alto,False
2026-09-07 12:33:07,2932,2026-09-07 12:29:40,0,2026-09-07 12:29:40,True,2026-09-07 10:06:58,bajo,False
2026-09-07 12:33:07,2949,2026-09-07 12:31:12,0,2026-09-07 12:31:12,False,,bajo,False
2026-09-07 12:33:07,2952,2026-09-06 14:01:15,0,2026-09-06 14:01:15,False,,bajo,False
2026-09-07 12:33:07,2953,2026-09-07 12:30:48,0,2026-09-07 12:30:48,False,,bajo,False
2026-09-07 12:33:07,2969,2026-09-07 12:31:45,0,2026-09-07 12:31:45,True,2026-09-07 10:03:43,alto,True
2026-09-07 12:33:07,2995,2026-09-05 21:58:20,0,2026-09-05 21:58:20,False,,bajo,False
2026-09-07 12:33:07,3017,2026-09-06 14:25:31,0,2026-09-06 14:25:31,False,,bajo,False
2026-09-07 12:33:07,3021,2026-09-07 12:18:33,0,2026-09-07 12:18:33,False,,bajo,False
2026-09-07 12:33:07,3068,2026-09-05 17:56:38,0,2026-09-05 17:56:38,False,,bajo,False
2026-09-07 12:33:07,3080,2026-09-07 12:02:02,0,2026-09-07 12:02:02,False,,bajo,True
2026-09-07 12:33:07,3089,2026-09-07 12:29:07,0,2026-09-07 12:29:07,False,,bajo,False
2026-09-07 12:33:07,3111,2026-09-07 12:29:39,0,2026-09-07 12:29:39,True,2026-09-07 10:43:34,bajo,True
2026-09-07 12:33:07,3112,2026-09-06 17:12:18,0,2026-09-06 17:12:18,False,,bajo,False
2026-09-07 12:33:07,3142,2026-09-06 08:52:04,0,2026-09-06 08:52:04,False,,bajo,False
2026-09-07 12:33:07,3181,2026-09-07 12:30:56,0,2026-09-07 12:30:56,False,,bajo,True
2026-09-07 12:33:07,3205,2026-09-07 12:31:33,0,2026-09-07 12:31:33,True,2026-09-07 10:39:05,bajo,False
2026-09-07 12:33:07,3233,2026-09-07 10:25:25,0,2026-09-07 10:25:25,False,,bajo,False
2026-09-07 12:33:07,2362,2026-09-07 10:16:23,1,2026-09-07 10:16:23,False,,bajo,True
2026-09-07 12:33:07,2815,2026-09-07 12:26:01,1,2026-09-07 12:26:01,False,,bajo,False
2026-09-07 12:33:07,2817,2026-09-07 12:27:56,1,2026-09-07 12:27:56,False,,bajo,False
2026-09-07 12:33:07,2818,2026-09-05 22:21:50,1,2026-09-05 22:21:50,False,,bajo,False
2026-09-07 12:33:07,2820,2026-06-03 07:57:34,1,2026-06-03 07:57:34,False,,bajo,False
2026-09-07 12:33:07,2821,2026-09-07 12:32:09,1,2026-09-07 12:32:09,False,,bajo,True
2026-09-07 12:33:07,2822,2026-09-07 12:31:39,1,2026-09-07 12:31:39,False,,bajo,False
2026-09-07 12:33:07,2823,2026-09-07 10:10:45,1,2026-09-07 10:10:45,False,,bajo,True
2026-09-07 12:33:07,2824,2026-09-07 12:28:57,1,2026-09-07 12:28:57,False,,bajo,False
2026-09-07 12:33:07,2827,2026-09-07 12:30:23,1,2026-09-07 12:30:23,False,,bajo,False
2026-09-07 12:33:07,2828,2026-09-07 12:30:18,1,2026-09-07 12:30:18,False,,bajo,False
2026-09-07 12:33:07,2833,2026-09-07 12:11:58,1,2026-09-07 12:11:58,False,,alto,False
2026-09-07 12:33:07,2931,2026-09-07 12:26:46,1,2026-09-07 12:26:46,True,2026-09-07 10:37:33,alto,True
2026-09-07 12:33:07,2932,2026-09-06 22:14:46,1,2026-09-06 22:14:46,False,,bajo,True
2026-09-07 12:33:07,2949,2026-09-05 23:58:27,1,2026-09-05 23:58:27,False,,bajo,False
2026-09-07 12:33:07,2952,2026-09-04 13:00:00,1,2026-09-04 13:00:00,False,,bajo,False
2026-09-07 12:33:07,2953,2026-09-07 07:23:49,1,2026-09-07 07:23:49,False,,bajo,False
2026-09-07 12:33:07,2969,2026-09-07 12:29:50,1,2026-09-07 12:29:50,True,2026-09-07 10:44:07,bajo,False
2026-09-07 12:33:07,2995,2026-09-05 20:45:18,1,2026-09-05 20:45:18,False,,bajo,False
2026-09-07 12:33:07,3017,2026-09-07 11:54:24,1,2026-09-07 11:54:24,False,,bajo,False
2026-09-07 12:33:07,3021,2026-09-07 12:11:31,1,2026-09-07 12:11:31,False,,bajo,False
2026-09-07 12:33:07,3068,2026-09-07 11:54:23,1,2026-09-07 11:54:23,False,,bajo,False
2026-09-07 12:33:07,3080,2026-09-07 08:15:01,1,2026-09-07 08:15:01,False,,bajo,False
2026-09-07 12:33:07,3089,2026-09-07 12:21:34,1,2026-09-07 12:21:34,False,,bajo,False
2026-09-07 12:33:07,3111,2026-09-07 11:40:58,1,2026-09-07 11:40:58,True,2026-09-07 10:43:34,bajo,False
2026-09-07 12:33:07,3112,2026-09-06 12:41:49,1,2026-09-06 12:41:49,False,,bajo,False
2026-09-07 12:33:07,3142,2026-09-05 22:00:43,1,2026-09-05 22:00:43,False,,bajo,False
2026-09-07 12:33:07,3181,2026-09-07 12:02:06,1,2026-09-07 12:02:06,False,,bajo,False
2026-09-07 12:33:07,3233,2026-09-07 12:16:56,1,2026-09-07 12:16:56,False,,bajo,True
2026-09-07 12:33:07,2736,2026-09-07 12:32:51,0,2026-09-07 12:32:51,False,,bajo,True
2026-09-07 12:33:07,2755,2026-09-07 12:32:47,0,2026-09-07 12:32:47,False,,bajo,True
2026-09-07 12:33:07,2908,2026-09-07 12:31:54,0,2026-09-07 12:31:54,False,,bajo,True
2026-09-07 12:33:07,3072,2025-03-13 16:03:26,0,2025-03-13 16:03:26,False,,bajo,False
2026-09-07 12:33:07,3100,2026-09-07 11:36:58,0,2026-09-07 11:36:58,False,,bajo,True
2026-09-07 12:33:07,3170,2026-09-06 20:05:54,0,2026-09-06 20:05:54,False,,bajo,False
2026-09-07 12:33:07,2736,2026-09-07 12:31:32,1,2026-09-07 12:31:32,False,,bajo,False
2026-09-07 12:33:07,2755,2026-09-07 12:28:40,1,2026-09-07 12:28:40,False,,bajo,True
2026-09-07 12:33:07,2908,2026-09-07 10:59:45,1,2026-09-07 10:59:45,False,,bajo,False
2026-09-07 12:33:07,3072,2025-03-13 16:03:26,1,2025-03-13 16:03:26,False,,bajo,False
2026-09-07 12:33:07,3100,2026-09-07 10:53:37,1,2026-09-07 10:53:37,False,,bajo,False
2026-09-07 12:33:07,3170,2026-09-05 12:40:02,1,2026-09-05 12:40:02,False,,bajo,False
