fecha_actualizacion,id_eess,fecha_actualizacion_sistema,id_producto_abs,fecha_ultima_venta,despacho_en_curso,fecha_hora_despacho,saldo_estado,con_venta
2026-09-21 02:30:01,2456,2026-09-19 06:19:10,0,2026-09-19 06:19:10,False,,bajo,False
2026-09-21 02:30:01,2458,2026-09-19 08:33:24,0,2026-09-19 08:33:24,False,,bajo,False
2026-09-21 02:30:01,2491,2026-09-19 19:15:09,0,2026-09-19 19:15:09,False,,bajo,False
2026-09-21 02:30:01,2494,2026-09-20 03:26:36,0,2026-09-20 03:26:36,False,,bajo,False
2026-09-21 02:30:01,2501,2026-09-19 19:57:31,0,2026-09-19 19:57:31,False,,bajo,False
2026-09-21 02:30:01,2531,2026-09-19 22:35:22,0,2026-09-19 22:35:22,False,,bajo,False
2026-09-21 02:30:01,2545,2026-09-20 22:01:28,0,2026-09-20 22:01:28,False,,bajo,False
2026-09-21 02:30:01,2551,2026-09-19 22:15:02,0,2026-09-19 22:15:02,False,,bajo,False
2026-09-21 02:30:01,2639,2026-09-20 07:44:59,0,2026-09-20 07:44:59,False,,bajo,False
2026-09-21 02:30:01,2670,2026-09-21 00:32:34,0,2026-09-21 00:32:34,False,,bajo,False
2026-09-21 02:30:01,2675,2026-09-19 22:39:25,0,2026-09-19 22:39:25,False,,bajo,False
2026-09-21 02:30:01,2704,2026-09-19 17:40:25,0,2026-09-19 17:40:25,False,,bajo,False
2026-09-21 02:30:01,2705,2026-09-19 22:09:23,0,2026-09-19 22:09:23,False,,bajo,False
2026-09-21 02:30:01,2719,2025-06-26 16:00:33,0,2025-06-26 16:00:33,False,,bajo,False
2026-09-21 02:30:01,2728,2026-09-20 18:20:20,0,2026-09-20 18:20:20,False,,bajo,False
2026-09-21 02:30:01,2731,2026-09-20 10:49:32,0,2026-09-20 10:49:32,False,,bajo,False
2026-09-21 02:30:01,2869,2026-09-20 10:26:33,0,2026-09-20 10:26:33,False,,bajo,False
2026-09-21 02:30:01,2881,2026-09-20 14:13:51,0,2026-09-20 14:13:51,False,,bajo,False
2026-09-21 02:30:01,2903,2026-09-19 13:35:24,0,2026-09-19 13:35:24,False,,bajo,False
2026-09-21 02:30:01,2939,2026-09-20 23:51:31,0,2026-09-20 23:51:31,False,,bajo,False
2026-09-21 02:30:01,2940,2026-09-20 21:46:57,0,2026-09-20 21:46:57,False,,bajo,False
2026-09-21 02:30:01,3051,2026-09-20 06:24:13,0,2026-09-20 06:24:13,False,,bajo,False
2026-09-21 02:30:01,3078,2026-09-21 01:09:35,0,2026-09-21 01:09:35,False,,bajo,False
2026-09-21 02:30:01,3114,2026-09-18 20:44:23,0,2026-09-18 20:44:23,False,,bajo,False
2026-09-21 02:30:01,3118,2026-09-20 10:59:18,0,2026-09-20 10:59:18,False,,bajo,False
2026-09-21 02:30:01,3119,2026-09-20 09:50:30,0,2026-09-20 09:50:30,False,,bajo,False
2026-09-21 02:30:01,3164,2026-09-20 00:18:36,0,2026-09-20 00:18:36,False,,bajo,False
2026-09-21 02:30:01,3249,2026-09-18 12:47:22,0,2026-09-18 12:47:22,False,,bajo,False
2026-09-21 02:30:01,2456,2026-09-18 17:07:56,1,2026-09-18 17:07:56,False,,bajo,False
2026-09-21 02:30:01,2458,2026-09-18 16:27:54,1,2026-09-18 16:27:54,False,,bajo,False
2026-09-21 02:30:01,2491,2026-09-20 20:06:14,1,2026-09-20 20:06:14,False,,bajo,False
2026-09-21 02:30:01,2494,2026-09-21 01:27:25,1,2026-09-21 01:27:25,False,,bajo,False
2026-09-21 02:30:01,2501,2026-09-21 00:15:12,1,2026-09-21 00:15:12,False,,bajo,False
2026-09-21 02:30:01,2531,2026-09-20 23:54:44,1,2026-09-20 23:54:44,False,,bajo,False
2026-09-21 02:30:01,2545,2026-09-20 21:21:51,1,2026-09-20 21:21:51,False,,bajo,False
2026-09-21 02:30:01,2551,2026-09-21 02:25:01,1,2026-09-21 02:25:01,False,,bajo,False
2026-09-21 02:30:01,2639,2026-09-20 19:51:53,1,2026-09-20 19:51:53,False,,bajo,False
2026-09-21 02:30:01,2670,2026-09-20 21:51:17,1,2026-09-20 21:51:17,False,,bajo,False
2026-09-21 02:30:01,2675,2026-09-21 01:55:31,1,2026-09-21 01:55:31,False,,bajo,True
2026-09-21 02:30:01,2704,2026-09-20 23:41:27,1,2026-09-20 23:41:27,False,,bajo,False
2026-09-21 02:30:01,2705,2026-09-20 23:58:42,1,2026-09-20 23:58:42,False,,bajo,False
2026-09-21 02:30:01,2728,2026-09-20 21:37:26,1,2026-09-20 21:37:26,False,,bajo,False
2026-09-21 02:30:01,2731,2026-09-18 10:40:25,1,2026-09-18 10:40:25,False,,bajo,False
2026-09-21 02:30:01,2869,2026-09-20 22:45:55,1,2026-09-20 22:45:55,False,,bajo,False
2026-09-21 02:30:01,2881,2026-09-20 23:35:48,1,2026-09-20 23:35:48,False,,bajo,False
2026-09-21 02:30:01,2903,2026-09-20 15:49:59,1,2026-09-20 15:49:59,False,,bajo,False
2026-09-21 02:30:01,2939,2026-09-19 21:04:20,1,2026-09-19 21:04:20,False,,bajo,False
2026-09-21 02:30:01,2940,2026-09-20 19:59:13,1,2026-09-20 19:59:13,False,,bajo,False
2026-09-21 02:30:01,3051,2026-09-20 23:10:11,1,2026-09-20 23:10:11,False,,bajo,False
2026-09-21 02:30:01,3078,2026-09-21 00:30:51,1,2026-09-21 00:30:51,False,,bajo,False
2026-09-21 02:30:01,3114,2026-09-18 10:30:18,1,2026-09-18 10:30:18,False,,bajo,False
2026-09-21 02:30:01,3118,2026-09-20 22:51:49,1,2026-09-20 22:51:49,False,,bajo,False
2026-09-21 02:30:01,3119,2026-09-19 18:56:50,1,2026-09-19 18:56:50,False,,bajo,False
2026-09-21 02:30:01,3249,2026-09-20 19:17:46,1,2026-09-20 19:17:46,False,,bajo,False
2026-09-21 02:30:01,2289,2026-09-19 23:50:20,0,2026-09-19 23:50:20,False,,bajo,False
2026-09-21 02:30:01,2292,2026-09-21 02:26:50,0,2026-09-21 02:26:50,False,,bajo,True
2026-09-21 02:30:01,2304,2026-06-03 08:24:38,0,2026-06-03 08:24:38,False,,bajo,False
2026-09-21 02:30:01,2329,2026-09-21 01:13:54,0,2026-09-21 01:13:54,False,,bajo,False
2026-09-21 02:30:01,2332,2026-09-20 01:34:08,0,2026-09-20 01:34:08,False,,bajo,False
2026-09-21 02:30:01,2359,2026-09-20 14:34:46,0,2026-09-20 14:34:46,False,,bajo,False
2026-09-21 02:30:01,2360,2026-09-20 15:30:26,0,2026-09-20 15:30:26,False,,bajo,False
2026-09-21 02:30:01,2361,2025-03-13 16:03:26,0,2025-03-13 16:03:26,False,,bajo,False
2026-09-21 02:30:01,2384,2026-09-20 23:42:38,0,2026-09-20 23:42:38,False,,bajo,False
2026-09-21 02:30:01,2394,2026-09-20 14:33:02,0,2026-09-20 14:33:02,False,,bajo,False
2026-09-21 02:30:01,2395,2026-09-19 20:58:44,0,2026-09-19 20:58:44,False,,bajo,False
2026-09-21 02:30:01,2405,2026-09-20 20:03:57,0,2026-09-20 20:03:57,False,,bajo,False
2026-09-21 02:30:01,2447,2026-09-19 18:13:47,0,2026-09-19 18:13:47,False,,bajo,False
2026-09-21 02:30:01,2448,2026-09-20 09:02:25,0,2026-09-20 09:02:25,False,,bajo,False
2026-09-21 02:30:01,2449,2026-09-20 09:29:22,0,2026-09-20 09:29:22,False,,bajo,False
2026-09-21 02:30:01,2450,2026-09-20 18:53:15,0,2026-09-20 18:53:15,False,,bajo,False
2026-09-21 02:30:01,2453,2026-09-19 20:32:01,0,2026-09-19 20:32:01,False,,bajo,False
2026-09-21 02:30:01,2454,2026-09-19 17:20:32,0,2026-09-19 17:20:32,False,,bajo,False
2026-09-21 02:30:01,2457,2026-09-19 21:08:33,0,2026-09-19 21:08:33,False,,bajo,False
2026-09-21 02:30:01,2470,2026-09-20 19:10:10,0,2026-09-20 19:10:10,False,,bajo,False
2026-09-21 02:30:01,2478,2026-09-20 09:24:53,0,2026-09-20 09:24:53,False,,bajo,False
2026-09-21 02:30:01,2479,2026-09-21 01:51:42,0,2026-09-21 01:51:42,False,,bajo,True
2026-09-21 02:30:01,2487,2026-09-20 06:54:25,0,2026-09-20 06:54:25,False,,bajo,False
2026-09-21 02:30:01,2490,2025-03-13 16:03:27,0,2025-03-13 16:03:27,False,,bajo,False
2026-09-21 02:30:01,2493,2025-03-13 16:03:26,0,2025-03-13 16:03:26,False,,bajo,False
2026-09-21 02:30:01,2499,2026-09-21 02:26:31,0,2026-09-21 02:26:31,False,,bajo,True
2026-09-21 02:30:01,2505,2026-09-20 07:13:13,0,2026-09-20 07:13:13,False,,bajo,False
2026-09-21 02:30:01,2507,2026-09-20 09:22:35,0,2026-09-20 09:22:35,False,,bajo,False
2026-09-21 02:30:01,2508,2026-09-20 22:20:01,0,2026-09-20 22:20:01,False,,bajo,False
2026-09-21 02:30:01,2517,2026-09-20 20:35:35,0,2026-09-20 20:35:35,False,,bajo,False
2026-09-21 02:30:01,2518,2026-09-20 18:32:59,0,2026-09-20 18:32:59,False,,bajo,False
2026-09-21 02:30:01,2520,2026-09-21 02:28:33,0,2026-09-21 02:28:33,False,,bajo,True
2026-09-21 02:30:01,2525,2026-09-20 09:17:55,0,2026-09-20 09:17:55,False,,bajo,False
2026-09-21 02:30:01,2526,2026-09-21 02:28:16,0,2026-09-21 02:28:16,False,,bajo,True
2026-09-21 02:30:01,2529,2026-09-20 12:28:41,0,2026-09-20 12:28:41,False,,bajo,False
2026-09-21 02:30:01,2530,2026-06-02 08:37:08,0,2026-06-02 08:37:08,False,,bajo,False
2026-09-21 02:30:01,2532,2026-09-20 11:53:15,0,2026-09-20 11:53:15,False,,bajo,False
2026-09-21 02:30:01,2534,2026-09-20 22:05:53,0,2026-09-20 22:05:53,False,,bajo,False
2026-09-21 02:30:01,2536,2026-09-20 18:06:31,0,2026-09-20 18:06:31,False,,bajo,False
2026-09-21 02:30:01,2539,2025-03-13 16:03:27,0,2025-03-13 16:03:27,False,,bajo,False
2026-09-21 02:30:01,2542,2026-09-21 02:06:10,0,2026-09-21 02:06:10,False,,bajo,True
2026-09-21 02:30:01,2547,2026-09-20 09:33:06,0,2026-09-20 09:33:06,False,,bajo,False
2026-09-21 02:30:01,2548,2026-09-20 06:37:02,0,2026-09-20 06:37:02,False,,bajo,False
2026-09-21 02:30:01,2552,2026-09-20 18:53:41,0,2026-09-20 18:53:41,False,,bajo,False
2026-09-21 02:30:01,2557,2026-09-20 23:45:03,0,2026-09-20 23:45:03,False,,bajo,False
2026-09-21 02:30:01,2563,2026-09-20 13:54:14,0,2026-09-20 13:54:14,False,,bajo,False
2026-09-21 02:30:01,2571,2026-09-20 21:45:42,0,2026-09-20 21:45:42,False,,bajo,False
2026-09-21 02:30:01,2580,2026-09-19 08:10:14,0,2026-09-19 08:10:14,False,,bajo,False
2026-09-21 02:30:01,2609,2026-09-14 14:28:08,0,2026-09-14 14:28:08,False,,bajo,False
2026-09-21 02:30:01,2610,2026-09-20 10:26:24,0,2026-09-20 10:26:24,False,,bajo,False
2026-09-21 02:30:01,2620,2026-09-21 01:17:35,0,2026-09-21 01:17:35,False,,bajo,False
2026-09-21 02:30:01,2622,2026-09-19 23:16:33,0,2026-09-19 23:16:33,False,,bajo,False
2026-09-21 02:30:01,2630,2026-09-17 15:46:30,0,2026-09-17 15:46:30,False,,bajo,False
2026-09-21 02:30:01,2647,2026-09-20 23:59:08,0,2026-09-20 23:59:08,False,,bajo,False
2026-09-21 02:30:01,2662,2026-09-20 04:11:49,0,2026-09-20 04:11:49,False,,bajo,False
2026-09-21 02:30:01,2677,2026-09-20 15:00:06,0,2026-09-20 15:00:06,False,,bajo,False
2026-09-21 02:30:01,2683,2026-09-19 19:28:33,0,2026-09-19 19:28:33,False,,bajo,False
2026-09-21 02:30:01,2685,2026-09-20 16:04:17,0,2026-09-20 16:04:17,False,,bajo,False
2026-09-21 02:30:01,2689,2026-09-20 06:12:36,0,2026-09-20 06:12:36,False,,bajo,False
2026-09-21 02:30:01,2690,2026-09-19 21:06:28,0,2026-09-19 21:06:28,False,,bajo,False
2026-09-21 02:30:01,2694,2025-03-13 16:03:26,0,2025-03-13 16:03:26,False,,bajo,False
2026-09-21 02:30:01,2696,2026-09-20 23:37:29,0,2026-09-20 23:37:29,False,,bajo,False
2026-09-21 02:30:01,2698,2026-09-20 05:34:30,0,2026-09-20 05:34:30,False,,bajo,False
2026-09-21 02:30:01,2703,2026-09-20 21:04:32,0,2026-09-20 21:04:32,False,,bajo,False
2026-09-21 02:30:01,2711,2026-09-18 21:31:02,0,2026-09-18 21:31:02,False,,bajo,False
2026-09-21 02:30:01,2715,2026-09-19 18:57:44,0,2026-09-19 18:57:44,False,,bajo,False
2026-09-21 02:30:01,2716,2026-09-20 20:00:15,0,2026-09-20 20:00:15,False,,bajo,False
2026-09-21 02:30:01,2733,2025-03-13 16:03:27,0,2025-03-13 16:03:27,False,,bajo,False
2026-09-21 02:30:01,2742,2026-09-20 18:36:28,0,2026-09-20 18:36:28,False,,bajo,False
2026-09-21 02:30:01,2747,2026-09-19 19:00:26,0,2026-09-19 19:00:26,False,,bajo,False
2026-09-21 02:30:01,2752,2025-03-13 16:03:27,0,2025-03-13 16:03:27,False,,bajo,False
2026-09-21 02:30:01,2764,2026-09-20 21:59:44,0,2026-09-20 21:59:44,False,,bajo,False
2026-09-21 02:30:01,2765,2026-09-20 19:57:03,0,2026-09-20 19:57:03,False,,bajo,False
2026-09-21 02:30:01,2772,2026-06-03 04:57:09,0,2026-06-03 04:57:09,False,,bajo,False
2026-09-21 02:30:01,2774,2026-09-21 00:00:40,0,2026-09-21 00:00:40,False,,bajo,False
2026-09-21 02:30:01,2776,2026-09-20 21:51:00,0,2026-09-20 21:51:00,False,,bajo,False
2026-09-21 02:30:01,2779,2026-09-19 22:30:12,0,2026-09-19 22:30:12,False,,bajo,False
2026-09-21 02:30:01,2783,2026-09-20 11:32:09,0,2026-09-20 11:32:09,False,,bajo,False
2026-09-21 02:30:01,2784,2026-09-20 23:18:43,0,2026-09-20 23:18:43,False,,bajo,False
2026-09-21 02:30:01,2788,2026-09-19 10:54:06,0,2026-09-19 10:54:06,False,,bajo,False
2026-09-21 02:30:01,2793,2026-09-20 20:26:44,0,2026-09-20 20:26:44,False,,bajo,False
2026-09-21 02:30:01,2798,2026-09-20 11:02:39,0,2026-09-20 11:02:39,False,,bajo,False
2026-09-21 02:30:01,2802,2026-06-03 00:08:20,0,2026-06-03 00:08:20,False,,bajo,False
2026-09-21 02:30:01,2805,2026-09-20 23:02:40,0,2026-09-20 23:02:40,False,,bajo,False
2026-09-21 02:30:01,2806,2026-09-20 22:16:30,0,2026-09-20 22:16:30,False,,bajo,False
2026-09-21 02:30:01,2809,2026-09-21 02:29:03,0,2026-09-21 02:29:03,False,,bajo,True
2026-09-21 02:30:01,2811,2026-09-07 13:16:30,0,2026-09-07 13:16:30,False,,bajo,False
2026-09-21 02:30:01,2861,2026-09-20 20:54:29,0,2026-09-20 20:54:29,False,,bajo,False
2026-09-21 02:30:01,2870,2026-09-17 18:11:51,0,2026-09-17 18:11:51,False,,bajo,False
2026-09-21 02:30:01,2873,2026-09-20 20:06:01,0,2026-09-20 20:06:01,False,,bajo,False
2026-09-21 02:30:01,2899,2026-09-20 20:44:08,0,2026-09-20 20:44:08,False,,bajo,False
2026-09-21 02:30:01,2900,2025-03-13 16:18:25,0,2025-03-13 16:18:25,False,,bajo,False
2026-09-21 02:30:01,2912,2026-09-20 19:56:13,0,2026-09-20 19:56:13,False,,bajo,False
2026-09-21 02:30:01,2913,2026-09-20 21:05:36,0,2026-09-20 21:05:36,False,,bajo,False
2026-09-21 02:30:01,2928,2026-09-20 19:38:54,0,2026-09-20 19:38:54,False,,bajo,False
2026-09-21 02:30:01,2934,2026-09-20 18:05:28,0,2026-09-20 18:05:28,False,,bajo,False
2026-09-21 02:30:01,2943,2026-09-20 12:07:37,0,2026-09-20 12:07:37,False,,bajo,False
2026-09-21 02:30:01,2945,2026-09-20 18:27:23,0,2026-09-20 18:27:23,False,,bajo,False
2026-09-21 02:30:01,2947,2026-09-21 02:28:45,0,2026-09-21 02:28:45,False,,bajo,True
2026-09-21 02:30:01,2956,2026-09-19 16:27:53,0,2026-09-19 16:27:53,False,,bajo,False
2026-09-21 02:30:01,2958,2026-09-20 22:06:05,0,2026-09-20 22:06:05,False,,bajo,False
2026-09-21 02:30:01,2968,2026-09-20 23:31:02,0,2026-09-20 23:31:02,False,,bajo,False
2026-09-21 02:30:01,3040,2026-09-20 23:35:55,0,2026-09-20 23:35:55,False,,bajo,False
2026-09-21 02:30:01,3052,2026-09-20 11:53:13,0,2026-09-20 11:53:13,False,,bajo,False
2026-09-21 02:30:01,3053,2026-09-20 12:53:24,0,2026-09-20 12:53:24,False,,bajo,False
2026-09-21 02:30:01,3069,2026-09-21 02:29:17,0,2026-09-21 02:29:17,False,,medio,True
2026-09-21 02:30:01,3083,2026-09-20 19:01:14,0,2026-09-20 19:01:14,False,,bajo,False
2026-09-21 02:30:01,3092,2026-09-20 08:21:00,0,2026-09-20 08:21:00,False,,bajo,False
2026-09-21 02:30:01,3123,2026-09-20 15:18:02,0,2026-09-20 15:18:02,False,,bajo,False
2026-09-21 02:30:01,3126,2026-09-20 21:23:01,0,2026-09-20 21:23:01,False,,bajo,False
2026-09-21 02:30:01,3166,2026-09-19 22:27:05,0,2026-09-19 22:27:05,False,,bajo,False
2026-09-21 02:30:01,3182,2026-09-20 13:08:18,0,2026-09-20 13:08:18,False,,bajo,False
2026-09-21 02:30:01,3196,2026-09-20 18:18:52,0,2026-09-20 18:18:52,False,,bajo,False
2026-09-21 02:30:01,3200,2026-09-20 16:58:50,0,2026-09-20 16:58:50,False,,bajo,False
2026-09-21 02:30:01,3206,2026-09-19 14:32:12,0,2026-09-19 14:32:12,False,,bajo,False
2026-09-21 02:30:01,3218,2026-09-20 21:38:14,0,2026-09-20 21:38:14,False,,bajo,False
2026-09-21 02:30:01,3220,2026-09-18 17:28:30,0,2026-09-18 17:28:30,False,,bajo,False
2026-09-21 02:30:01,3221,2026-09-20 22:34:07,0,2026-09-20 22:34:07,False,,bajo,False
2026-09-21 02:30:01,3238,2026-09-20 14:20:46,0,2026-09-20 14:20:46,False,,bajo,False
2026-09-21 02:30:01,3241,2026-09-11 09:56:52,0,2026-09-11 09:56:52,False,,bajo,False
2026-09-21 02:30:01,3246,2026-09-20 14:48:52,0,2026-09-20 14:48:52,False,,bajo,False
2026-09-21 02:30:01,3252,2026-09-20 23:06:37,0,2026-09-20 23:06:37,False,,bajo,False
2026-09-21 02:30:01,3261,2026-09-20 21:08:41,0,2026-09-20 21:08:41,False,,bajo,False
2026-09-21 02:30:01,4016,2026-09-20 23:02:05,0,2026-09-20 23:02:05,False,,bajo,False
2026-09-21 02:30:01,4027,2026-09-20 19:54:36,0,2026-09-20 19:54:36,False,,bajo,False
2026-09-21 02:30:01,2304,2026-09-18 17:46:29,1,2026-09-18 17:46:29,False,,bajo,False
2026-09-21 02:30:01,2332,2026-09-21 01:09:17,1,2026-09-21 01:09:17,False,,bajo,False
2026-09-21 02:30:01,2359,2026-09-18 17:16:30,1,2026-09-18 17:16:30,False,,bajo,False
2026-09-21 02:30:01,2361,2025-03-13 16:03:26,1,2025-03-13 16:03:26,False,,bajo,False
2026-09-21 02:30:01,2384,2026-09-19 12:10:36,1,2026-09-19 12:10:36,False,,bajo,False
2026-09-21 02:30:01,2394,2026-09-20 21:55:09,1,2026-09-20 21:55:09,False,,bajo,False
2026-09-21 02:30:01,2395,2026-09-19 14:18:48,1,2026-09-19 14:18:48,False,,bajo,False
2026-09-21 02:30:01,2405,2026-09-18 18:42:43,1,2026-09-18 18:42:43,False,,bajo,False
2026-09-21 02:30:01,2447,2026-09-18 15:04:35,1,2026-09-18 15:04:35,False,,bajo,False
2026-09-21 02:30:01,2448,2026-09-20 21:41:54,1,2026-09-20 21:41:54,False,,bajo,False
2026-09-21 02:30:01,2449,2026-09-15 15:10:48,1,2026-09-15 15:10:48,False,,bajo,False
2026-09-21 02:30:01,2450,2026-09-18 18:05:35,1,2026-09-18 18:05:35,False,,bajo,False
2026-09-21 02:30:01,2453,2026-09-19 15:33:43,1,2026-09-19 15:33:43,False,,bajo,False
2026-09-21 02:30:01,2454,2026-09-21 00:45:47,1,2026-09-21 00:45:47,False,,bajo,False
2026-09-21 02:30:01,2457,2026-09-20 06:31:03,1,2026-09-20 06:31:03,False,,bajo,False
2026-09-21 02:30:01,2478,2026-09-20 20:13:15,1,2026-09-20 20:13:15,False,,bajo,False
2026-09-21 02:30:01,2487,2026-09-18 16:22:37,1,2026-09-18 16:22:37,False,,bajo,False
2026-09-21 02:30:01,2490,2025-03-13 16:03:27,1,2025-03-13 16:03:27,False,,bajo,False
2026-09-21 02:30:01,2493,2025-03-13 16:03:26,1,2025-03-13 16:03:26,False,,bajo,False
2026-09-21 02:30:01,2499,2026-06-03 06:29:57,1,2026-06-03 06:29:57,False,,bajo,False
2026-09-21 02:30:01,2505,2026-09-20 23:24:00,1,2026-09-20 23:24:00,False,,bajo,False
2026-09-21 02:30:01,2507,2026-09-19 18:04:27,1,2026-09-19 18:04:27,False,,bajo,False
2026-09-21 02:30:01,2508,2026-09-20 20:54:49,1,2026-09-20 20:54:49,False,,bajo,False
2026-09-21 02:30:01,2517,2026-09-17 19:36:45,1,2026-09-17 19:36:45,False,,bajo,False
2026-09-21 02:30:01,2518,2026-09-18 21:32:50,1,2026-09-18 21:32:50,False,,bajo,False
2026-09-21 02:30:01,2520,2026-09-19 09:11:02,1,2026-09-19 09:11:02,False,,bajo,False
2026-09-21 02:30:01,2525,2026-09-20 20:48:34,1,2026-09-20 20:48:34,False,,bajo,False
2026-09-21 02:30:01,2526,2026-09-18 14:00:46,1,2026-09-18 14:00:46,False,,bajo,False
2026-09-21 02:30:01,2529,2026-09-20 21:56:57,1,2026-09-20 21:56:57,False,,bajo,False
2026-09-21 02:30:01,2530,2026-09-20 22:53:14,1,2026-09-20 22:53:14,False,,bajo,False
2026-09-21 02:30:01,2534,2026-09-20 20:05:28,1,2026-09-20 20:05:28,False,,bajo,False
2026-09-21 02:30:01,2536,2026-09-18 22:57:07,1,2026-09-18 22:57:07,False,,bajo,False
2026-09-21 02:30:01,2539,2025-03-13 16:03:27,1,2025-03-13 16:03:27,False,,bajo,False
2026-09-21 02:30:01,2547,2026-09-20 19:43:10,1,2026-09-20 19:43:10,False,,bajo,False
2026-09-21 02:30:01,2548,2026-09-20 21:43:28,1,2026-09-20 21:43:28,False,,bajo,False
2026-09-21 02:30:01,2552,2026-09-18 20:38:07,1,2026-09-18 20:38:07,False,,bajo,False
2026-09-21 02:30:01,2557,2026-09-20 23:39:11,1,2026-09-20 23:39:11,False,,bajo,False
2026-09-21 02:30:01,2563,2026-09-20 07:06:28,1,2026-09-20 07:06:28,False,,bajo,False
2026-09-21 02:30:01,2571,2026-09-20 09:19:18,1,2026-09-20 09:19:18,False,,bajo,False
2026-09-21 02:30:01,2580,2026-09-20 19:17:33,1,2026-09-20 19:17:33,False,,bajo,False
2026-09-21 02:30:01,2609,2026-09-17 22:26:21,1,2026-09-17 22:26:21,False,,bajo,False
2026-09-21 02:30:01,2610,2026-09-18 18:36:37,1,2026-09-18 18:36:37,False,,bajo,False
2026-09-21 02:30:01,2620,2026-09-20 22:30:34,1,2026-09-20 22:30:34,False,,bajo,False
2026-09-21 02:30:01,2622,2026-09-20 23:56:30,1,2026-09-20 23:56:30,False,,bajo,False
2026-09-21 02:30:01,2630,2026-09-16 18:20:25,1,2026-09-16 18:20:25,False,,bajo,False
2026-09-21 02:30:01,2647,2026-09-20 22:58:07,1,2026-09-20 22:58:07,False,,bajo,False
2026-09-21 02:30:01,2662,2026-09-21 00:37:02,1,2026-09-21 00:37:02,False,,bajo,False
2026-09-21 02:30:01,2677,2026-09-18 17:33:49,1,2026-09-18 17:33:49,False,,bajo,False
2026-09-21 02:30:01,2683,2026-09-20 13:52:21,1,2026-09-20 13:52:21,False,,bajo,False
2026-09-21 02:30:01,2685,2026-09-20 17:42:49,1,2026-09-20 17:42:49,False,,bajo,False
2026-09-21 02:30:01,2689,2026-09-20 20:01:46,1,2026-09-20 20:01:46,False,,bajo,False
2026-09-21 02:30:01,2690,2026-09-20 23:06:28,1,2026-09-20 23:06:28,False,,bajo,False
2026-09-21 02:30:01,2694,2025-03-13 16:03:26,1,2025-03-13 16:03:26,False,,bajo,False
2026-09-21 02:30:01,2698,2026-09-20 22:25:50,1,2026-09-20 22:25:50,False,,bajo,False
2026-09-21 02:30:01,2703,2026-09-20 14:37:07,1,2026-09-20 14:37:07,False,,bajo,False
2026-09-21 02:30:01,2711,2026-09-20 14:38:43,1,2026-09-20 14:38:43,False,,bajo,False
2026-09-21 02:30:01,2715,2026-09-17 17:42:48,1,2026-09-17 17:42:48,False,,bajo,False
2026-09-21 02:30:01,2716,2026-09-18 22:48:50,1,2026-09-18 22:48:50,False,,bajo,False
2026-09-21 02:30:01,2742,2026-09-19 12:06:08,1,2026-09-19 12:06:08,False,,bajo,False
2026-09-21 02:30:01,2747,2026-09-20 22:08:27,1,2026-09-20 22:08:27,False,,bajo,False
2026-09-21 02:30:01,2764,2026-09-18 14:28:00,1,2026-09-18 14:28:00,False,,bajo,False
2026-09-21 02:30:01,2765,2026-09-20 10:16:03,1,2026-09-20 10:16:03,False,,bajo,False
2026-09-21 02:30:01,2772,2026-09-18 12:08:14,1,2026-09-18 12:08:14,False,,bajo,False
2026-09-21 02:30:01,2774,2026-09-17 14:21:20,1,2026-09-17 14:21:20,False,,bajo,False
2026-09-21 02:30:01,2776,2026-09-18 16:40:06,1,2026-09-18 16:40:06,False,,bajo,False
2026-09-21 02:30:01,2779,2026-09-20 12:17:11,1,2026-09-20 12:17:11,False,,bajo,False
2026-09-21 02:30:01,2783,2026-09-20 16:17:25,1,2026-09-20 16:17:25,False,,bajo,False
2026-09-21 02:30:01,2784,2026-09-20 22:27:35,1,2026-09-20 22:27:35,False,,bajo,False
2026-09-21 02:30:01,2788,2026-09-16 18:50:15,1,2026-09-16 18:50:15,False,,bajo,False
2026-09-21 02:30:01,2793,2026-09-20 18:31:04,1,2026-09-20 18:31:04,False,,bajo,False
2026-09-21 02:30:01,2798,2026-09-21 00:10:22,1,2026-09-21 00:10:22,False,,bajo,False
2026-09-21 02:30:01,2802,2026-09-20 17:16:30,1,2026-09-20 17:16:30,False,,bajo,False
2026-09-21 02:30:01,2805,2026-09-20 22:22:05,1,2026-09-20 22:22:05,False,,bajo,False
2026-09-21 02:30:01,2806,2026-09-20 22:06:37,1,2026-09-20 22:06:37,False,,bajo,False
2026-09-21 02:30:01,2811,2026-09-07 12:01:53,1,2026-09-07 12:01:53,False,,bajo,False
2026-09-21 02:30:01,2861,2026-06-03 08:53:58,1,2026-06-03 08:53:58,False,,bajo,False
2026-09-21 02:30:01,2870,2026-09-20 13:44:01,1,2026-09-20 13:44:01,False,,bajo,False
2026-09-21 02:30:01,2873,2026-09-20 19:49:11,1,2026-09-20 19:49:11,False,,bajo,False
2026-09-21 02:30:01,2899,2026-09-20 21:57:47,1,2026-09-20 21:57:47,False,,bajo,False
2026-09-21 02:30:01,2900,2025-03-13 16:18:25,1,2025-03-13 16:18:25,False,,bajo,False
2026-09-21 02:30:01,2912,2026-09-20 20:44:37,1,2026-09-20 20:44:37,False,,bajo,False
2026-09-21 02:30:01,2913,2026-09-18 13:07:17,1,2026-09-18 13:07:17,False,,bajo,False
2026-09-21 02:30:01,2928,2026-09-18 18:47:26,1,2026-09-18 18:47:26,False,,bajo,False
2026-09-21 02:30:01,2934,2026-09-20 22:48:32,1,2026-09-20 22:48:32,False,,bajo,False
2026-09-21 02:30:01,2943,2026-09-20 11:57:15,1,2026-09-20 11:57:15,False,,bajo,False
2026-09-21 02:30:01,2945,2026-09-18 19:00:01,1,2026-09-18 19:00:01,False,,bajo,False
2026-09-21 02:30:01,2956,2026-09-19 22:57:52,1,2026-09-19 22:57:52,False,,bajo,False
2026-09-21 02:30:01,2958,2026-09-20 17:22:57,1,2026-09-20 17:22:57,False,,bajo,False
2026-09-21 02:30:01,2968,2026-09-20 22:44:01,1,2026-09-20 22:44:01,False,,bajo,False
2026-09-21 02:30:01,3040,2026-09-20 18:40:52,1,2026-09-20 18:40:52,False,,bajo,False
2026-09-21 02:30:01,3053,2026-09-21 01:31:46,1,2026-09-21 01:31:46,False,,bajo,False
2026-09-21 02:30:01,3069,2026-09-21 02:28:24,1,2026-09-21 02:28:24,False,,bajo,False
2026-09-21 02:30:01,3083,2026-09-19 07:50:28,1,2026-09-19 07:50:28,False,,bajo,False
2026-09-21 02:30:01,3092,2026-09-20 19:25:42,1,2026-09-20 19:25:42,False,,bajo,False
2026-09-21 02:30:01,3123,2026-09-21 01:02:41,1,2026-09-21 01:02:41,False,,bajo,False
2026-09-21 02:30:01,3126,2026-09-20 21:17:22,1,2026-09-20 21:17:22,False,,bajo,False
2026-09-21 02:30:01,3166,2026-06-03 07:30:20,1,2026-06-03 07:30:20,False,,bajo,False
2026-09-21 02:30:01,3182,2026-09-19 12:09:01,1,2026-09-19 12:09:01,False,,bajo,False
2026-09-21 02:30:01,3200,2026-09-20 21:00:48,1,2026-09-20 21:00:48,False,,bajo,False
2026-09-21 02:30:01,3206,2026-09-20 21:07:44,1,2026-09-20 21:07:44,False,,bajo,False
2026-09-21 02:30:01,3218,2026-09-20 18:10:57,1,2026-09-20 18:10:57,False,,bajo,False
2026-09-21 02:30:01,3220,2026-09-19 18:17:33,1,2026-09-19 18:17:33,False,,bajo,False
2026-09-21 02:30:01,3221,2026-09-20 21:37:25,1,2026-09-20 21:37:25,False,,bajo,False
2026-09-21 02:30:01,3241,2026-09-20 22:30:20,1,2026-09-20 22:30:20,False,,bajo,False
2026-09-21 02:30:01,3246,2026-09-20 22:21:02,1,2026-09-20 22:21:02,False,,bajo,False
2026-09-21 02:30:01,3252,2026-09-18 15:08:46,1,2026-09-18 15:08:46,False,,bajo,False
2026-09-21 02:30:01,3261,2026-09-20 20:38:28,1,2026-09-20 20:38:28,False,,bajo,False
2026-09-21 02:30:01,3269,2026-09-20 23:45:56,1,2026-09-20 23:45:56,False,,bajo,False
2026-09-21 02:30:01,4016,2026-09-17 18:00:14,1,2026-09-17 18:00:14,False,,bajo,False
2026-09-21 02:30:01,4027,2026-09-20 20:22:22,1,2026-09-20 20:22:22,False,,bajo,False
2026-09-21 02:30:01,2292,2026-06-03 08:02:35,2,2026-06-03 08:02:35,False,,bajo,False
2026-09-21 02:30:01,2329,2026-06-03 08:44:35,2,2026-06-03 08:44:35,False,,bajo,False
2026-09-21 02:30:01,2454,2026-06-03 07:16:12,2,2026-06-03 07:16:12,False,,bajo,False
2026-09-21 02:30:01,2470,2026-06-03 08:25:54,2,2026-06-03 08:25:54,False,,bajo,False
2026-09-21 02:30:01,2479,2026-06-03 08:24:44,2,2026-06-03 08:24:44,False,,bajo,False
2026-09-21 02:30:01,2499,2026-06-03 06:29:57,2,2026-06-03 06:29:57,False,,bajo,False
2026-09-21 02:30:01,2507,2026-06-03 08:14:57,2,2026-06-03 08:14:57,False,,bajo,False
2026-09-21 02:30:01,2517,2026-06-03 07:30:55,2,2026-06-03 07:30:55,False,,bajo,False
2026-09-21 02:30:01,2532,2026-06-03 07:22:58,2,2026-06-03 07:22:58,False,,bajo,False
2026-09-21 02:30:01,2563,2026-06-03 08:43:14,2,2026-06-03 08:43:14,False,,bajo,False
2026-09-21 02:30:01,2620,2026-06-03 08:51:25,2,2026-06-03 08:51:25,False,,bajo,False
2026-09-21 02:30:01,2947,2026-06-03 07:46:53,2,2026-06-03 07:46:53,False,,bajo,False
2026-09-21 02:30:01,2968,2026-06-03 08:29:04,2,2026-06-03 08:29:04,False,,bajo,False
2026-09-21 02:30:01,3196,2026-06-03 06:38:18,2,2026-06-03 06:38:18,False,,bajo,False
2026-09-21 02:30:01,3206,2026-06-03 08:23:59,2,2026-06-03 08:23:59,False,,bajo,False
2026-09-21 02:30:01,2395,2026-06-03 08:40:16,3,2026-06-03 08:40:16,False,,bajo,False
2026-09-21 02:30:01,2405,2026-06-03 07:27:56,3,2026-06-03 07:27:56,False,,bajo,False
2026-09-21 02:30:01,2517,2026-06-03 07:30:55,3,2026-06-03 07:30:55,False,,bajo,False
2026-09-21 02:30:01,2529,2026-06-03 07:46:28,3,2026-06-03 07:46:28,False,,bajo,False
2026-09-21 02:30:01,2620,2026-06-03 08:51:25,3,2026-06-03 08:51:25,False,,bajo,False
2026-09-21 02:30:01,2630,2026-06-03 08:21:10,3,2026-06-03 08:21:10,False,,bajo,False
2026-09-21 02:30:01,2703,2026-06-03 07:20:39,3,2026-06-03 07:20:39,False,,bajo,False
2026-09-21 02:30:01,3053,2026-06-03 07:52:09,3,2026-06-03 07:52:09,False,,bajo,False
2026-09-21 02:30:01,3252,2026-06-03 06:40:45,3,2026-06-03 06:40:45,False,,bajo,False
2026-09-21 02:30:01,2228,2026-09-20 17:33:15,0,2026-09-20 17:33:15,False,,bajo,False
2026-09-21 02:30:01,2291,2026-09-20 16:33:57,0,2026-09-20 16:33:57,False,,bajo,False
2026-09-21 02:30:01,2295,2026-09-20 16:43:02,0,2026-09-20 16:43:02,False,,bajo,False
2026-09-21 02:30:01,2297,2026-09-20 16:47:06,0,2026-09-20 16:47:06,False,,bajo,False
2026-09-21 02:30:01,2305,2026-09-20 18:30:23,0,2026-09-20 18:30:23,False,,bajo,False
2026-09-21 02:30:01,2306,2026-09-20 21:43:48,0,2026-09-20 21:43:48,False,,bajo,False
2026-09-21 02:30:01,2307,2026-09-20 13:57:48,0,2026-09-20 13:57:48,False,,bajo,False
2026-09-21 02:30:01,2308,2026-09-20 13:31:41,0,2026-09-20 13:31:41,False,,bajo,False
2026-09-21 02:30:01,2408,2026-09-20 13:47:54,0,2026-09-20 13:47:54,False,,bajo,False
2026-09-21 02:30:01,2409,2025-05-07 18:03:24,0,2025-05-07 18:03:24,False,,bajo,False
2026-09-21 02:30:01,2416,2026-09-20 22:33:03,0,2026-09-20 22:33:03,False,,bajo,False
2026-09-21 02:30:01,2417,2026-09-20 13:33:43,0,2026-09-20 13:33:43,False,,bajo,False
2026-09-21 02:30:01,2455,2026-09-20 19:09:15,0,2026-09-20 19:09:15,False,,bajo,False
2026-09-21 02:30:01,2462,2026-09-20 15:17:58,0,2026-09-20 15:17:58,False,,bajo,False
2026-09-21 02:30:01,2486,2026-09-20 16:24:49,0,2026-09-20 16:24:49,False,,bajo,False
2026-09-21 02:30:01,2489,2026-09-20 13:21:59,0,2026-09-20 13:21:59,False,,bajo,False
2026-09-21 02:30:01,2522,2026-09-21 01:03:04,0,2026-09-21 01:03:04,False,,bajo,False
2026-09-21 02:30:01,2523,2026-09-20 23:23:54,0,2026-09-20 23:23:54,False,,bajo,False
2026-09-21 02:30:01,2543,2026-09-20 12:01:42,0,2026-09-20 12:01:42,False,,bajo,False
2026-09-21 02:30:01,2555,2026-09-20 14:32:35,0,2026-09-20 14:32:35,False,,bajo,False
2026-09-21 02:30:01,2556,2026-09-20 18:29:53,0,2026-09-20 18:29:53,False,,bajo,False
2026-09-21 02:30:01,2578,2026-09-20 18:07:11,0,2026-09-20 18:07:11,False,,bajo,False
2026-09-21 02:30:01,2584,2026-09-20 16:13:00,0,2026-09-20 16:13:00,False,,bajo,False
2026-09-21 02:30:01,2597,2026-09-20 16:47:46,0,2026-09-20 16:47:46,False,,bajo,False
2026-09-21 02:30:01,2598,2026-09-20 13:50:39,0,2026-09-20 13:50:39,False,,bajo,False
2026-09-21 02:30:01,2600,2026-09-20 12:42:23,0,2026-09-20 12:42:23,False,,bajo,False
2026-09-21 02:30:01,2612,2026-09-20 19:27:03,0,2026-09-20 19:27:03,False,,bajo,False
2026-09-21 02:30:01,2615,2026-09-20 21:36:50,0,2026-09-20 21:36:50,False,,bajo,False
2026-09-21 02:30:01,2633,2026-09-20 13:51:23,0,2026-09-20 13:51:23,False,,bajo,False
2026-09-21 02:30:01,2640,2026-09-20 16:26:29,0,2026-09-20 16:26:29,False,,bajo,False
2026-09-21 02:30:01,2643,2026-09-20 16:01:26,0,2026-09-20 16:01:26,False,,bajo,False
2026-09-21 02:30:01,2648,2026-09-20 14:23:14,0,2026-09-20 14:23:14,False,,bajo,False
2026-09-21 02:30:01,2651,2025-03-13 16:03:26,0,2025-03-13 16:03:26,False,,bajo,False
2026-09-21 02:30:01,2652,2026-09-20 17:21:28,0,2026-09-20 17:21:28,False,,bajo,False
2026-09-21 02:30:01,2656,2026-09-20 16:59:18,0,2026-09-20 16:59:18,False,,bajo,False
2026-09-21 02:30:01,2657,2026-09-20 12:06:22,0,2026-09-20 12:06:22,False,,bajo,False
2026-09-21 02:30:01,2658,2025-03-13 16:03:26,0,2025-03-13 16:03:26,False,,bajo,False
2026-09-21 02:30:01,2663,2026-09-20 16:02:58,0,2026-09-20 16:02:58,False,,bajo,False
2026-09-21 02:30:01,2679,2026-09-20 16:11:21,0,2026-09-20 16:11:21,False,,bajo,False
2026-09-21 02:30:01,2697,2026-09-20 17:07:44,0,2026-09-20 17:07:44,False,,bajo,False
2026-09-21 02:30:01,2709,2026-09-20 15:04:25,0,2026-09-20 15:04:25,False,,bajo,False
2026-09-21 02:30:01,2729,2026-09-20 11:18:57,0,2026-09-20 11:18:57,False,,bajo,False
2026-09-21 02:30:01,2740,2026-09-20 13:59:29,0,2026-09-20 13:59:29,False,,bajo,False
2026-09-21 02:30:01,2753,2026-09-20 11:39:29,0,2026-09-20 11:39:29,False,,bajo,False
2026-09-21 02:30:01,2763,2026-09-20 10:19:50,0,2026-09-20 10:19:50,False,,bajo,False
2026-09-21 02:30:01,2769,2026-09-20 16:41:08,0,2026-09-20 16:41:08,False,,bajo,False
2026-09-21 02:30:01,2782,2026-09-20 13:16:31,0,2026-09-20 13:16:31,False,,bajo,False
2026-09-21 02:30:01,2786,2026-09-20 14:25:39,0,2026-09-20 14:25:39,False,,bajo,False
2026-09-21 02:30:01,2789,2026-09-18 21:59:50,0,2026-09-18 21:59:50,False,,bajo,False
2026-09-21 02:30:01,2792,2026-09-19 15:01:51,0,2026-09-19 15:01:51,False,,bajo,False
2026-09-21 02:30:01,2794,2026-09-20 20:38:31,0,2026-09-20 20:38:31,False,,bajo,False
2026-09-21 02:30:01,2800,2026-09-20 14:49:27,0,2026-09-20 14:49:27,False,,bajo,False
2026-09-21 02:30:01,2825,2026-09-18 11:44:31,0,2026-09-18 11:44:31,False,,bajo,False
2026-09-21 02:30:01,2829,2026-09-20 22:01:41,0,2026-09-20 22:01:41,False,,bajo,False
2026-09-21 02:30:01,2853,2026-09-20 15:38:23,0,2026-09-20 15:38:23,False,,bajo,False
2026-09-21 02:30:01,2856,2026-09-20 10:13:46,0,2026-09-20 10:13:46,False,,bajo,False
2026-09-21 02:30:01,2866,2026-09-20 15:24:51,0,2026-09-20 15:24:51,False,,bajo,False
2026-09-21 02:30:01,2867,2026-09-20 11:47:20,0,2026-09-20 11:47:20,False,,bajo,False
2026-09-21 02:30:01,2877,2026-09-20 19:08:05,0,2026-09-20 19:08:05,False,,bajo,False
2026-09-21 02:30:01,2905,2026-09-21 02:27:55,0,2026-09-21 02:27:55,False,,bajo,True
2026-09-21 02:30:01,2909,2026-09-20 21:38:53,0,2026-09-20 21:38:53,False,,bajo,False
2026-09-21 02:30:01,2910,2026-09-21 00:39:55,0,2026-09-21 00:39:55,False,,bajo,False
2026-09-21 02:30:01,2916,2026-09-20 16:08:03,0,2026-09-20 16:08:03,False,,bajo,False
2026-09-21 02:30:01,2941,2026-09-20 03:14:41,0,2026-09-20 03:14:41,False,,bajo,False
2026-09-21 02:30:01,2942,2026-09-19 18:35:06,0,2026-09-19 18:35:06,False,,bajo,False
2026-09-21 02:30:01,2946,2026-09-20 13:13:12,0,2026-09-20 13:13:12,False,,bajo,False
2026-09-21 02:30:01,2950,2026-09-20 15:35:30,0,2026-09-20 15:35:30,False,,bajo,False
2026-09-21 02:30:01,2951,2026-09-20 14:24:31,0,2026-09-20 14:24:31,False,,bajo,False
2026-09-21 02:30:01,2954,2026-09-20 20:41:14,0,2026-09-20 20:41:14,False,,bajo,False
2026-09-21 02:30:01,2959,2026-09-19 13:30:54,0,2026-09-19 13:30:54,False,,bajo,False
2026-09-21 02:30:01,2989,2026-09-21 02:29:22,0,2026-09-21 02:29:22,False,,bajo,True
2026-09-21 02:30:01,2991,2026-09-21 02:29:00,0,2026-09-21 02:29:00,False,,bajo,True
2026-09-21 02:30:01,3005,2026-09-20 09:55:06,0,2026-09-20 09:55:06,False,,bajo,False
2026-09-21 02:30:01,3012,2026-09-20 18:57:06,0,2026-09-20 18:57:06,False,,bajo,False
2026-09-21 02:30:01,3023,2026-09-20 13:50:55,0,2026-09-20 13:50:55,False,,bajo,False
2026-09-21 02:30:01,3032,2026-09-20 16:27:26,0,2026-09-20 16:27:26,False,,bajo,False
2026-09-21 02:30:01,3043,2026-09-19 16:00:25,0,2026-09-19 16:00:25,False,,bajo,False
2026-09-21 02:30:01,3044,2026-09-20 22:43:40,0,2026-09-20 22:43:40,False,,bajo,False
2026-09-21 02:30:01,3050,2026-09-20 20:41:25,0,2026-09-20 20:41:25,False,,bajo,False
2026-09-21 02:30:01,3055,2026-09-20 18:25:10,0,2026-09-20 18:25:10,False,,bajo,False
2026-09-21 02:30:01,3063,2026-09-20 17:52:37,0,2026-09-20 17:52:37,False,,bajo,False
2026-09-21 02:30:01,3066,2026-09-20 17:33:50,0,2026-09-20 17:33:50,False,,bajo,False
2026-09-21 02:30:01,3073,2026-09-20 17:50:21,0,2026-09-20 17:50:21,False,,bajo,False
2026-09-21 02:30:01,3077,2026-09-20 19:56:59,0,2026-09-20 19:56:59,False,,bajo,False
2026-09-21 02:30:01,3081,2026-09-20 16:19:39,0,2026-09-20 16:19:39,False,,bajo,False
2026-09-21 02:30:01,3090,2026-09-20 19:48:41,0,2026-09-20 19:48:41,False,,bajo,False
2026-09-21 02:30:01,3095,2026-09-20 16:28:53,0,2026-09-20 16:28:53,False,,bajo,False
2026-09-21 02:30:01,3098,2026-09-20 18:52:44,0,2026-09-20 18:52:44,False,,bajo,False
2026-09-21 02:30:01,3102,2026-09-20 15:38:59,0,2026-09-20 15:38:59,False,,bajo,False
2026-09-21 02:30:01,3115,2026-09-20 18:15:39,0,2026-09-20 18:15:39,False,,bajo,False
2026-09-21 02:30:01,3116,2025-03-13 16:03:27,0,2025-03-13 16:03:27,False,,bajo,False
2026-09-21 02:30:01,3124,2026-09-20 14:55:27,0,2026-09-20 14:55:27,False,,bajo,False
2026-09-21 02:30:01,3133,2026-09-20 14:00:04,0,2026-09-20 14:00:04,False,,bajo,False
2026-09-21 02:30:01,3134,2026-09-20 11:34:28,0,2026-09-20 11:34:28,False,,bajo,False
2026-09-21 02:30:01,3135,2026-09-20 21:18:30,0,2026-09-20 21:18:30,False,,bajo,False
2026-09-21 02:30:01,3140,2026-09-20 15:28:55,0,2026-09-20 15:28:55,False,,bajo,False
2026-09-21 02:30:01,3149,2026-09-19 18:09:29,0,2026-09-19 18:09:29,False,,bajo,False
2026-09-21 02:30:01,3158,2026-09-20 09:32:34,0,2026-09-20 09:32:34,False,,bajo,False
2026-09-21 02:30:01,3168,2025-03-13 16:03:26,0,2025-03-13 16:03:26,False,,bajo,False
2026-09-21 02:30:01,3171,2026-09-20 14:41:45,0,2026-09-20 14:41:45,False,,bajo,False
2026-09-21 02:30:01,3192,2026-09-20 15:20:22,0,2026-09-20 15:20:22,False,,bajo,False
2026-09-21 02:30:01,3211,2026-09-20 18:05:38,0,2026-09-20 18:05:38,False,,bajo,False
2026-09-21 02:30:01,3212,2026-09-20 21:22:45,0,2026-09-20 21:22:45,False,,bajo,False
2026-09-21 02:30:01,3213,2026-09-20 14:02:45,0,2026-09-20 14:02:45,False,,bajo,False
2026-09-21 02:30:01,3234,2026-09-20 14:49:40,0,2026-09-20 14:49:40,False,,bajo,False
2026-09-21 02:30:01,3237,2026-09-21 01:49:23,0,2026-09-21 01:49:23,False,,medio,True
2026-09-21 02:30:01,3251,2026-09-20 08:20:15,0,2026-09-20 08:20:15,False,,bajo,False
2026-09-21 02:30:01,3258,2026-08-03 14:55:48,0,2026-08-03 14:55:48,False,,bajo,False
2026-09-21 02:30:01,3267,2026-09-20 16:23:43,0,2026-09-20 16:23:43,False,,bajo,False
2026-09-21 02:30:01,4023,2026-09-20 09:29:51,0,2026-09-20 09:29:51,False,,bajo,False
2026-09-21 02:30:01,4026,2026-09-19 17:56:01,0,2026-09-19 17:56:01,False,,bajo,False
2026-09-21 02:30:01,4029,2026-09-20 13:28:53,0,2026-09-20 13:28:53,False,,bajo,False
2026-09-21 02:30:01,2291,2026-09-20 22:30:56,1,2026-09-20 22:30:56,False,,bajo,False
2026-09-21 02:30:01,2297,2026-09-20 13:38:35,1,2026-09-20 13:38:35,False,,bajo,False
2026-09-21 02:30:01,2305,2026-09-20 23:57:16,1,2026-09-20 23:57:16,False,,bajo,False
2026-09-21 02:30:01,2306,2026-09-20 20:13:10,1,2026-09-20 20:13:10,False,,bajo,False
2026-09-21 02:30:01,2307,2026-09-21 00:24:18,1,2026-09-21 00:24:18,False,,bajo,False
2026-09-21 02:30:01,2308,2026-09-20 17:21:54,1,2026-09-20 17:21:54,False,,bajo,False
2026-09-21 02:30:01,2408,2026-09-21 01:09:22,1,2026-09-21 01:09:22,False,,bajo,False
2026-09-21 02:30:01,2409,2025-08-30 10:05:33,1,2025-08-30 10:05:33,False,,bajo,False
2026-09-21 02:30:01,2416,2026-09-20 22:09:12,1,2026-09-20 22:09:12,False,,bajo,False
2026-09-21 02:30:01,2417,2026-09-21 01:20:02,1,2026-09-21 01:20:02,False,,bajo,False
2026-09-21 02:30:01,2455,2026-09-20 23:08:52,1,2026-09-20 23:08:52,False,,bajo,False
2026-09-21 02:30:01,2486,2026-09-20 18:30:05,1,2026-09-20 18:30:05,False,,bajo,False
2026-09-21 02:30:01,2489,2025-08-27 05:35:03,1,2025-08-27 05:35:03,False,,bajo,False
2026-09-21 02:30:01,2523,2025-03-13 16:03:26,1,2025-03-13 16:03:26,False,,bajo,False
2026-09-21 02:30:01,2543,2026-09-20 19:47:18,1,2026-09-20 19:47:18,False,,bajo,False
2026-09-21 02:30:01,2555,2026-09-20 20:13:02,1,2026-09-20 20:13:02,False,,bajo,False
2026-09-21 02:30:01,2578,2026-09-21 00:22:02,1,2026-09-21 00:22:02,False,,bajo,False
2026-09-21 02:30:01,2584,2026-09-20 21:27:29,1,2026-09-20 21:27:29,False,,bajo,False
2026-09-21 02:30:01,2597,2026-09-20 20:20:59,1,2026-09-20 20:20:59,False,,bajo,False
2026-09-21 02:30:01,2600,2026-09-21 01:19:24,1,2026-09-21 01:19:24,False,,bajo,False
2026-09-21 02:30:01,2612,2026-09-20 12:10:39,1,2026-09-20 12:10:39,False,,bajo,False
2026-09-21 02:30:01,2640,2026-09-20 16:59:23,1,2026-09-20 16:59:23,False,,bajo,False
2026-09-21 02:30:01,2643,2026-09-21 01:24:21,1,2026-09-21 01:24:21,False,,bajo,False
2026-09-21 02:30:01,2648,2026-07-03 08:32:22,1,2026-07-03 08:32:22,False,,bajo,False
2026-09-21 02:30:01,2651,2026-09-20 22:54:14,1,2026-09-20 22:54:14,False,,bajo,False
2026-09-21 02:30:01,2656,2026-09-21 02:08:56,1,2026-09-21 02:08:56,False,,medio,True
2026-09-21 02:30:01,2657,2026-09-20 18:12:03,1,2026-09-20 18:12:03,False,,bajo,False
2026-09-21 02:30:01,2658,2026-09-20 19:23:42,1,2026-09-20 19:23:42,False,,bajo,False
2026-09-21 02:30:01,2663,2026-09-20 20:43:16,1,2026-09-20 20:43:16,False,,bajo,False
2026-09-21 02:30:01,2679,2026-09-21 00:23:30,1,2026-09-21 00:23:30,False,,bajo,False
2026-09-21 02:30:01,2697,2026-09-20 20:54:33,1,2026-09-20 20:54:33,False,,bajo,False
2026-09-21 02:30:01,2709,2026-09-20 19:36:55,1,2026-09-20 19:36:55,False,,bajo,False
2026-09-21 02:30:01,2729,2026-09-20 22:28:16,1,2026-09-20 22:28:16,False,,bajo,False
2026-09-21 02:30:01,2740,2026-09-20 19:37:36,1,2026-09-20 19:37:36,False,,bajo,False
2026-09-21 02:30:01,2753,2026-09-20 19:53:38,1,2026-09-20 19:53:38,False,,bajo,False
2026-09-21 02:30:01,2763,2026-09-20 19:38:40,1,2026-09-20 19:38:40,False,,bajo,False
2026-09-21 02:30:01,2769,2026-09-21 01:20:58,1,2026-09-21 01:20:58,False,,bajo,False
2026-09-21 02:30:01,2782,2026-09-20 21:14:55,1,2026-09-20 21:14:55,False,,bajo,False
2026-09-21 02:30:01,2786,2026-09-21 00:14:14,1,2026-09-21 00:14:14,False,,bajo,False
2026-09-21 02:30:01,2789,2026-09-20 21:45:14,1,2026-09-20 21:45:14,False,,bajo,False
2026-09-21 02:30:01,2792,2026-09-18 19:10:52,1,2026-09-18 19:10:52,False,,bajo,False
2026-09-21 02:30:01,2794,2026-09-20 14:54:50,1,2026-09-20 14:54:50,False,,bajo,False
2026-09-21 02:30:01,2800,2026-09-20 21:09:33,1,2026-09-20 21:09:33,False,,bajo,False
2026-09-21 02:30:01,2825,2026-09-18 12:39:09,1,2026-09-18 12:39:09,False,,bajo,False
2026-09-21 02:30:01,2829,2026-09-20 16:19:20,1,2026-09-20 16:19:20,False,,bajo,False
2026-09-21 02:30:01,2853,2025-03-13 16:03:26,1,2025-03-13 16:03:26,False,,bajo,False
2026-09-21 02:30:01,2856,2026-09-20 19:45:12,1,2026-09-20 19:45:12,False,,bajo,False
2026-09-21 02:30:01,2866,2026-09-20 21:01:03,1,2026-09-20 21:01:03,False,,bajo,False
2026-09-21 02:30:01,2867,2026-09-20 20:33:49,1,2026-09-20 20:33:49,False,,bajo,False
2026-09-21 02:30:01,2877,2026-09-20 20:51:59,1,2026-09-20 20:51:59,False,,bajo,False
2026-09-21 02:30:01,2905,2026-09-20 23:36:46,1,2026-09-20 23:36:46,False,,bajo,False
2026-09-21 02:30:01,2909,2026-09-20 21:39:52,1,2026-09-20 21:39:52,False,,bajo,False
2026-09-21 02:30:01,2910,2026-09-20 23:32:32,1,2026-09-20 23:32:32,False,,bajo,False
2026-09-21 02:30:01,2916,2026-09-21 01:53:58,1,2026-09-21 01:53:58,False,,medio,True
2026-09-21 02:30:01,2941,2026-09-17 17:13:28,1,2026-09-17 17:13:28,False,,bajo,False
2026-09-21 02:30:01,2942,2026-09-20 08:58:51,1,2026-09-20 08:58:51,False,,bajo,False
2026-09-21 02:30:01,2946,2026-09-20 22:12:23,1,2026-09-20 22:12:23,False,,bajo,False
2026-09-21 02:30:01,2950,2026-09-21 01:48:29,1,2026-09-21 01:48:29,False,,bajo,True
2026-09-21 02:30:01,2951,2026-09-21 01:59:13,1,2026-09-21 01:59:13,False,,medio,True
2026-09-21 02:30:01,2954,2026-09-20 20:05:08,1,2026-09-20 20:05:08,False,,bajo,False
2026-09-21 02:30:01,2959,2026-09-20 18:54:18,1,2026-09-20 18:54:18,False,,bajo,False
2026-09-21 02:30:01,2989,2026-06-03 00:01:32,1,2026-06-03 00:01:32,False,,bajo,False
2026-09-21 02:30:01,2991,2026-06-03 00:11:39,1,2026-06-03 00:11:39,False,,bajo,False
2026-09-21 02:30:01,3005,2026-09-20 20:11:50,1,2026-09-20 20:11:50,False,,bajo,False
2026-09-21 02:30:01,3012,2026-09-20 22:10:57,1,2026-09-20 22:10:57,False,,bajo,False
2026-09-21 02:30:01,3023,2026-09-20 12:37:56,1,2026-09-20 12:37:56,False,,bajo,False
2026-09-21 02:30:01,3032,2026-09-21 00:21:27,1,2026-09-21 00:21:27,False,,bajo,False
2026-09-21 02:30:01,3043,2026-09-20 20:53:06,1,2026-09-20 20:53:06,False,,bajo,False
2026-09-21 02:30:01,3050,2025-03-13 16:03:26,1,2025-03-13 16:03:26,False,,bajo,False
2026-09-21 02:30:01,3055,2026-09-20 23:46:53,1,2026-09-20 23:46:53,False,,bajo,False
2026-09-21 02:30:01,3063,2026-09-20 23:24:32,1,2026-09-20 23:24:32,False,,bajo,False
2026-09-21 02:30:01,3066,2026-09-21 01:45:05,1,2026-09-21 01:45:05,False,,medio,True
2026-09-21 02:30:01,3073,2026-09-20 17:55:37,1,2026-09-20 17:55:37,False,,bajo,False
2026-09-21 02:30:01,3077,2026-09-20 20:35:10,1,2026-09-20 20:35:10,False,,bajo,False
2026-09-21 02:30:01,3081,2026-09-20 17:51:38,1,2026-09-20 17:51:38,False,,bajo,False
2026-09-21 02:30:01,3090,2026-09-20 20:08:29,1,2026-09-20 20:08:29,False,,bajo,False
2026-09-21 02:30:01,3095,2026-09-20 23:09:33,1,2026-09-20 23:09:33,False,,bajo,False
2026-09-21 02:30:01,3098,2026-09-20 21:51:38,1,2026-09-20 21:51:38,False,,bajo,False
2026-09-21 02:30:01,3115,2026-09-20 20:45:36,1,2026-09-20 20:45:36,False,,bajo,False
2026-09-21 02:30:01,3124,2026-09-21 00:56:14,1,2026-09-21 00:56:14,False,,bajo,False
2026-09-21 02:30:01,3133,2026-09-20 14:19:44,1,2026-09-20 14:19:44,False,,bajo,False
2026-09-21 02:30:01,3134,2026-09-20 22:18:46,1,2026-09-20 22:18:46,False,,bajo,False
2026-09-21 02:30:01,3135,2026-09-20 19:09:24,1,2026-09-20 19:09:24,False,,bajo,False
2026-09-21 02:30:01,3149,2026-09-20 20:50:20,1,2026-09-20 20:50:20,False,,bajo,False
2026-09-21 02:30:01,3158,2026-09-20 18:33:48,1,2026-09-20 18:33:48,False,,bajo,False
2026-09-21 02:30:01,3171,2026-09-20 19:40:08,1,2026-09-20 19:40:08,False,,bajo,False
2026-09-21 02:30:01,3212,2026-09-20 21:48:02,1,2026-09-20 21:48:02,False,,bajo,False
2026-09-21 02:30:01,3213,2026-09-20 19:38:40,1,2026-09-20 19:38:40,False,,bajo,False
2026-09-21 02:30:01,3258,2026-09-20 22:37:04,1,2026-09-20 22:37:04,False,,bajo,False
2026-09-21 02:30:01,3267,2026-09-20 20:00:24,1,2026-09-20 20:00:24,False,,bajo,False
2026-09-21 02:30:01,3276,2026-09-20 13:51:07,1,2026-09-20 13:51:07,False,,bajo,False
2026-09-21 02:30:01,4023,2026-09-20 21:00:00,1,2026-09-20 21:00:00,False,,bajo,False
2026-09-21 02:30:01,4026,2026-09-20 22:08:42,1,2026-09-20 22:08:42,False,,bajo,False
2026-09-21 02:30:01,4029,2026-09-20 19:13:25,1,2026-09-20 19:13:25,False,,bajo,False
2026-09-21 02:30:01,2228,2026-06-03 08:18:35,2,2026-06-03 08:18:35,False,,bajo,False
2026-09-21 02:30:01,2305,2026-06-03 06:05:23,2,2026-06-03 06:05:23,False,,bajo,False
2026-09-21 02:30:01,2455,2026-06-03 08:41:04,2,2026-06-03 08:41:04,False,,bajo,False
2026-09-21 02:30:01,2462,2026-08-13 15:52:51,2,2026-08-13 15:52:51,False,,bajo,False
2026-09-21 02:30:01,2489,2026-06-03 02:55:41,2,2026-06-03 02:55:41,False,,bajo,False
2026-09-21 02:30:01,2556,2026-06-03 08:33:18,2,2026-06-03 08:33:18,False,,bajo,False
2026-09-21 02:30:01,2633,2026-06-03 08:07:23,2,2026-06-03 08:07:23,False,,bajo,False
2026-09-21 02:30:01,2648,2026-06-03 00:17:04,2,2026-06-03 00:17:04,False,,bajo,False
2026-09-21 02:30:01,2657,2026-06-03 06:00:43,2,2026-06-03 06:00:43,False,,bajo,False
2026-09-21 02:30:01,2763,2026-06-03 08:29:55,2,2026-06-03 08:29:55,False,,bajo,False
2026-09-21 02:30:01,2905,2026-06-03 06:33:05,2,2026-06-03 06:33:05,False,,bajo,False
2026-09-21 02:30:01,2950,2026-08-25 15:00:09,2,2026-08-25 15:00:09,False,,bajo,False
2026-09-21 02:30:01,3055,2026-06-03 06:12:12,2,2026-06-03 06:12:12,False,,bajo,False
2026-09-21 02:30:01,3063,2026-06-03 08:39:31,2,2026-06-03 08:39:31,False,,bajo,False
2026-09-21 02:30:01,3134,2026-06-03 06:13:07,2,2026-06-03 06:13:07,False,,bajo,False
2026-09-21 02:30:01,3192,2026-06-03 06:29:23,2,2026-06-03 06:29:23,False,,bajo,False
2026-09-21 02:30:01,3194,2026-06-03 08:28:56,2,2026-06-03 08:28:56,False,,bajo,False
2026-09-21 02:30:01,3211,2026-06-03 07:21:15,2,2026-06-03 07:21:15,False,,bajo,False
2026-09-21 02:30:01,3213,2026-07-22 03:30:47,2,2026-07-22 03:30:47,False,,bajo,False
2026-09-21 02:30:01,3237,2026-06-03 08:08:14,2,2026-06-03 08:08:14,False,,bajo,False
2026-09-21 02:30:01,2348,2026-09-20 19:30:39,0,2026-09-20 19:30:39,False,,bajo,False
2026-09-21 02:30:01,2353,2026-09-20 05:13:30,0,2026-09-20 05:13:30,False,,bajo,False
2026-09-21 02:30:01,2355,2026-09-20 10:07:38,0,2026-09-20 10:07:38,False,,bajo,False
2026-09-21 02:30:01,2356,2026-09-20 12:04:36,0,2026-09-20 12:04:36,False,,bajo,False
2026-09-21 02:30:01,2535,2026-09-20 19:30:09,0,2026-09-20 19:30:09,False,,bajo,False
2026-09-21 02:30:01,2549,2026-09-20 08:09:42,0,2026-09-20 08:09:42,False,,bajo,False
2026-09-21 02:30:01,2564,2026-09-19 22:53:20,0,2026-09-19 22:53:20,False,,bajo,False
2026-09-21 02:30:01,2577,2026-09-18 18:50:55,0,2026-09-18 18:50:55,False,,bajo,False
2026-09-21 02:30:01,2585,2026-09-20 10:43:11,0,2026-09-20 10:43:11,False,,bajo,False
2026-09-21 02:30:01,2589,2026-09-19 15:06:12,0,2026-09-19 15:06:12,False,,bajo,False
2026-09-21 02:30:01,2595,2026-09-20 11:36:27,0,2026-09-20 11:36:27,False,,bajo,False
2026-09-21 02:30:01,2605,2026-09-19 22:50:38,0,2026-09-19 22:50:38,False,,bajo,False
2026-09-21 02:30:01,2624,2026-09-20 13:02:30,0,2026-09-20 13:02:30,False,,bajo,False
2026-09-21 02:30:01,2636,2026-09-20 12:59:25,0,2026-09-20 12:59:25,False,,bajo,False
2026-09-21 02:30:01,2637,2026-09-20 21:04:19,0,2026-09-20 21:04:19,False,,bajo,False
2026-09-21 02:30:01,2638,2025-03-13 16:03:26,0,2025-03-13 16:03:26,False,,bajo,False
2026-09-21 02:30:01,2641,2026-09-20 18:00:01,0,2026-09-20 18:00:01,False,,bajo,False
2026-09-21 02:30:01,2644,2026-09-20 20:02:34,0,2026-09-20 20:02:34,False,,bajo,False
2026-09-21 02:30:01,2650,2026-04-03 16:21:31,0,2026-04-03 16:21:31,False,,bajo,False
2026-09-21 02:30:01,2672,2026-08-18 03:18:38,0,2026-08-18 03:18:38,False,,bajo,False
2026-09-21 02:30:01,2674,2026-09-20 08:11:16,0,2026-09-20 08:11:16,False,,bajo,False
2026-09-21 02:30:01,2684,2026-09-20 10:07:14,0,2026-09-20 10:07:14,False,,bajo,False
2026-09-21 02:30:01,2692,2026-09-20 09:54:33,0,2026-09-20 09:54:33,False,,bajo,False
2026-09-21 02:30:01,2720,2026-09-20 16:48:11,0,2026-09-20 16:48:11,False,,bajo,False
2026-09-21 02:30:01,2886,2026-09-21 02:27:04,0,2026-09-21 02:27:04,False,,bajo,True
2026-09-21 02:30:01,3000,2026-09-21 02:28:21,0,2026-09-21 02:28:21,False,,bajo,True
2026-09-21 02:30:01,3001,2026-09-20 23:45:21,0,2026-09-20 23:45:21,False,,bajo,False
2026-09-21 02:30:01,3007,2026-09-20 13:08:32,0,2026-09-20 13:08:32,False,,bajo,False
2026-09-21 02:30:01,3015,2026-09-20 19:53:01,0,2026-09-20 19:53:01,False,,bajo,False
2026-09-21 02:30:01,3034,2026-09-19 22:37:22,0,2026-09-19 22:37:22,False,,bajo,False
2026-09-21 02:30:01,3091,2026-09-20 14:08:06,0,2026-09-20 14:08:06,False,,bajo,False
2026-09-21 02:30:01,3125,2026-09-20 23:14:30,0,2026-09-20 23:14:30,False,,bajo,False
2026-09-21 02:30:01,3236,2026-09-20 08:43:27,0,2026-09-20 08:43:27,False,,bajo,False
2026-09-21 02:30:01,3275,2026-09-19 09:36:12,0,2026-09-19 09:36:12,False,,bajo,False
2026-09-21 02:30:01,2348,2026-09-20 19:21:05,1,2026-09-20 19:21:05,False,,bajo,False
2026-09-21 02:30:01,2353,2026-09-21 01:15:47,1,2026-09-21 01:15:47,False,,bajo,False
2026-09-21 02:30:01,2355,2026-09-21 00:21:56,1,2026-09-21 00:21:56,False,,bajo,False
2026-09-21 02:30:01,2356,2026-09-21 02:26:53,1,2026-09-21 02:26:53,False,,bajo,False
2026-09-21 02:30:01,2535,2026-09-20 18:57:02,1,2026-09-20 18:57:02,False,,bajo,False
2026-09-21 02:30:01,2549,2026-09-19 14:05:33,1,2026-09-19 14:05:33,False,,bajo,False
2026-09-21 02:30:01,2564,2026-09-19 09:34:05,1,2026-09-19 09:34:05,False,,bajo,False
2026-09-21 02:30:01,2577,2026-09-17 16:24:16,1,2026-09-17 16:24:16,False,,bajo,False
2026-09-21 02:30:01,2585,2025-12-11 16:55:33,1,2025-12-11 16:55:33,False,,bajo,False
2026-09-21 02:30:01,2589,2026-09-18 12:01:02,1,2026-09-18 12:01:02,False,,bajo,False
2026-09-21 02:30:01,2595,2026-09-20 11:36:27,1,2026-09-20 11:36:27,False,,bajo,False
2026-09-21 02:30:01,2605,2026-09-20 18:30:58,1,2026-09-20 18:30:58,False,,bajo,False
2026-09-21 02:30:01,2624,2026-09-20 17:10:29,1,2026-09-20 17:10:29,False,,bajo,False
2026-09-21 02:30:01,2636,2026-09-20 23:54:35,1,2026-09-20 23:54:35,False,,bajo,False
2026-09-21 02:30:01,2637,2026-09-20 21:58:16,1,2026-09-20 21:58:16,False,,bajo,False
2026-09-21 02:30:01,2638,2025-03-13 16:03:26,1,2025-03-13 16:03:26,False,,bajo,False
2026-09-21 02:30:01,2641,2026-09-20 20:38:02,1,2026-09-20 20:38:02,False,,bajo,False
2026-09-21 02:30:01,2644,2026-09-20 21:39:18,1,2026-09-20 21:39:18,False,,bajo,False
2026-09-21 02:30:01,2650,2025-12-17 11:02:46,1,2025-12-17 11:02:46,False,,bajo,False
2026-09-21 02:30:01,2672,2026-08-18 10:46:23,1,2026-08-18 10:46:23,False,,bajo,False
2026-09-21 02:30:01,2674,2026-09-21 00:24:51,1,2026-09-21 00:24:51,False,,bajo,False
2026-09-21 02:30:01,2684,2026-09-19 23:41:37,1,2026-09-19 23:41:37,False,,bajo,False
2026-09-21 02:30:01,2692,2026-09-20 22:31:46,1,2026-09-20 22:31:46,False,,bajo,False
2026-09-21 02:30:01,2720,2026-09-20 19:46:58,1,2026-09-20 19:46:58,False,,bajo,False
2026-09-21 02:30:01,2886,2026-09-21 02:11:09,1,2026-09-21 02:11:09,False,,medio,True
2026-09-21 02:30:01,3000,2026-09-20 23:53:47,1,2026-09-20 23:53:47,False,,bajo,False
2026-09-21 02:30:01,3001,2026-01-05 08:26:33,1,2026-01-05 08:26:33,False,,bajo,False
2026-09-21 02:30:01,3007,2026-09-19 20:57:39,1,2026-09-19 20:57:39,False,,bajo,False
2026-09-21 02:30:01,3015,2026-09-20 19:20:37,1,2026-09-20 19:20:37,False,,bajo,False
2026-09-21 02:30:01,3034,2026-09-20 20:27:47,1,2026-09-20 20:27:47,False,,bajo,False
2026-09-21 02:30:01,3091,2026-09-20 20:41:34,1,2026-09-20 20:41:34,False,,bajo,False
2026-09-21 02:30:01,3125,2026-09-20 23:15:10,1,2026-09-20 23:15:10,False,,bajo,False
2026-09-21 02:30:01,3236,2026-09-20 08:18:35,1,2026-09-20 08:18:35,False,,bajo,False
2026-09-21 02:30:01,3275,2026-09-20 17:42:13,1,2026-09-20 17:42:13,False,,bajo,False
2026-09-21 02:30:01,2589,2025-03-13 16:03:26,2,2025-03-13 16:03:26,False,,bajo,False
2026-09-21 02:30:01,2333,2026-06-03 07:34:42,0,2026-06-03 07:34:42,False,,bajo,False
2026-09-21 02:30:01,2338,2026-09-19 19:45:24,0,2026-09-19 19:45:24,False,,bajo,False
2026-09-21 02:30:01,2345,2026-09-19 19:43:47,0,2026-09-19 19:43:47,False,,bajo,False
2026-09-21 02:30:01,2346,2026-09-19 21:01:05,0,2026-09-19 21:01:05,False,,bajo,False
2026-09-21 02:30:01,2425,2026-09-19 13:05:04,0,2026-09-19 13:05:04,False,,bajo,False
2026-09-21 02:30:01,2444,2026-09-20 06:54:29,0,2026-09-20 06:54:29,False,,bajo,False
2026-09-21 02:30:01,2481,2026-09-19 21:24:06,0,2026-09-19 21:24:06,False,,bajo,False
2026-09-21 02:30:01,2502,2026-09-19 21:34:53,0,2026-09-19 21:34:53,False,,bajo,False
2026-09-21 02:30:01,2514,2026-09-19 20:23:51,0,2026-09-19 20:23:51,False,,bajo,False
2026-09-21 02:30:01,2515,2026-09-19 18:47:54,0,2026-09-19 18:47:54,False,,bajo,False
2026-09-21 02:30:01,2537,2026-09-19 19:36:02,0,2026-09-19 19:36:02,False,,bajo,False
2026-09-21 02:30:01,2601,2026-09-20 00:44:40,0,2026-09-20 00:44:40,False,,bajo,False
2026-09-21 02:30:01,2617,2026-09-19 21:26:36,0,2026-09-19 21:26:36,False,,bajo,False
2026-09-21 02:30:01,2618,2026-09-19 15:22:59,0,2026-09-19 15:22:59,False,,bajo,False
2026-09-21 02:30:01,2645,2026-09-20 00:51:58,0,2026-09-20 00:51:58,False,,bajo,False
2026-09-21 02:30:01,2725,2026-09-19 19:48:28,0,2026-09-19 19:48:28,False,,bajo,False
2026-09-21 02:30:01,2727,2026-09-19 12:22:54,0,2026-09-19 12:22:54,False,,bajo,False
2026-09-21 02:30:01,2787,2026-09-20 14:44:38,0,2026-09-20 14:44:38,False,,bajo,False
2026-09-21 02:30:01,2883,2026-09-19 14:20:56,0,2026-09-19 14:20:56,False,,bajo,False
2026-09-21 02:30:01,2885,2026-09-20 23:41:13,0,2026-09-20 23:41:13,False,,bajo,False
2026-09-21 02:30:01,2888,2026-09-20 13:37:02,0,2026-09-20 13:37:02,False,,bajo,False
2026-09-21 02:30:01,2957,2026-09-20 11:38:20,0,2026-09-20 11:38:20,False,,bajo,False
2026-09-21 02:30:01,2960,2026-09-20 18:47:23,0,2026-09-20 18:47:23,False,,bajo,False
2026-09-21 02:30:01,3003,2026-09-19 23:12:08,0,2026-09-19 23:12:08,False,,bajo,False
2026-09-21 02:30:01,3004,2026-09-20 13:48:33,0,2026-09-20 13:48:33,False,,bajo,False
2026-09-21 02:30:01,3047,2026-09-20 23:40:31,0,2026-09-20 23:40:31,False,,bajo,False
2026-09-21 02:30:01,3062,2026-09-20 20:05:39,0,2026-09-20 20:05:39,False,,bajo,False
2026-09-21 02:30:01,3071,2026-09-19 19:30:37,0,2026-09-19 19:30:37,False,,bajo,False
2026-09-21 02:30:01,3136,2026-09-19 14:16:35,0,2026-09-19 14:16:35,False,,bajo,False
2026-09-21 02:30:01,3174,2026-09-20 19:10:34,0,2026-09-20 19:10:34,False,,bajo,False
2026-09-21 02:30:01,3175,2026-09-19 22:22:02,0,2026-09-19 22:22:02,False,,bajo,False
2026-09-21 02:30:01,3262,2026-09-20 13:00:59,0,2026-09-20 13:00:59,False,,bajo,False
2026-09-21 02:30:01,3277,2026-09-19 20:22:58,0,2026-09-19 20:22:58,False,,bajo,False
2026-09-21 02:30:01,2333,2026-06-03 07:34:43,1,2026-06-03 07:34:43,False,,bajo,False
2026-09-21 02:30:01,2338,2026-09-20 00:33:32,1,2026-09-20 00:33:32,False,,bajo,False
2026-09-21 02:30:01,2345,2026-09-19 20:10:43,1,2026-09-19 20:10:43,False,,bajo,False
2026-09-21 02:30:01,2346,2026-09-20 08:49:29,1,2026-09-20 08:49:29,False,,bajo,False
2026-09-21 02:30:01,2425,2026-09-19 12:31:24,1,2026-09-19 12:31:24,False,,bajo,False
2026-09-21 02:30:01,2444,2026-09-18 17:00:22,1,2026-09-18 17:00:22,False,,bajo,False
2026-09-21 02:30:01,2481,2026-09-19 23:13:23,1,2026-09-19 23:13:23,False,,bajo,False
2026-09-21 02:30:01,2502,2026-09-19 20:54:20,1,2026-09-19 20:54:20,False,,bajo,False
2026-09-21 02:30:01,2514,2026-09-19 22:16:38,1,2026-09-19 22:16:38,False,,bajo,False
2026-09-21 02:30:01,2515,2026-09-19 21:58:00,1,2026-09-19 21:58:00,False,,bajo,False
2026-09-21 02:30:01,2537,2026-09-17 20:40:16,1,2026-09-17 20:40:16,False,,bajo,False
2026-09-21 02:30:01,2601,2026-09-19 23:05:33,1,2026-09-19 23:05:33,False,,bajo,False
2026-09-21 02:30:01,2617,2026-09-20 22:00:09,1,2026-09-20 22:00:09,False,,bajo,False
2026-09-21 02:30:01,2618,2026-09-20 07:56:25,1,2026-09-20 07:56:25,False,,bajo,False
2026-09-21 02:30:01,2645,2026-09-20 02:25:34,1,2026-09-20 02:25:34,False,,bajo,False
2026-09-21 02:30:01,2725,2026-09-19 19:02:43,1,2026-09-19 19:02:43,False,,bajo,False
2026-09-21 02:30:01,2727,2026-09-18 19:42:35,1,2026-09-18 19:42:35,False,,bajo,False
2026-09-21 02:30:01,2787,2026-09-20 13:30:06,1,2026-09-20 13:30:06,False,,bajo,False
2026-09-21 02:30:01,2883,2026-09-19 14:22:49,1,2026-09-19 14:22:49,False,,bajo,False
2026-09-21 02:30:01,2885,2026-09-20 23:43:37,1,2026-09-20 23:43:37,False,,bajo,False
2026-09-21 02:30:01,2888,2026-09-20 20:25:18,1,2026-09-20 20:25:18,False,,bajo,False
2026-09-21 02:30:01,2957,2026-09-20 21:07:38,1,2026-09-20 21:07:38,False,,bajo,False
2026-09-21 02:30:01,2960,2026-09-20 20:16:06,1,2026-09-20 20:16:06,False,,bajo,False
2026-09-21 02:30:01,3003,2026-09-20 23:49:11,1,2026-09-20 23:49:11,False,,bajo,False
2026-09-21 02:30:01,3004,2026-06-03 08:58:20,1,2026-06-03 08:58:20,False,,bajo,False
2026-09-21 02:30:01,3047,2026-09-20 23:41:22,1,2026-09-20 23:41:22,False,,bajo,False
2026-09-21 02:30:01,3062,2026-09-20 09:17:51,1,2026-09-20 09:17:51,False,,bajo,False
2026-09-21 02:30:01,3071,2026-09-19 19:30:15,1,2026-09-19 19:30:15,False,,bajo,False
2026-09-21 02:30:01,3136,2026-09-20 09:01:16,1,2026-09-20 09:01:16,False,,bajo,False
2026-09-21 02:30:01,3174,2026-09-20 19:07:36,1,2026-09-20 19:07:36,False,,bajo,False
2026-09-21 02:30:01,3175,2026-06-03 07:27:38,1,2026-06-03 07:27:38,False,,bajo,False
2026-09-21 02:30:01,3262,2026-09-20 17:18:18,1,2026-09-20 17:18:18,False,,bajo,False
2026-09-21 02:30:01,3277,2026-09-19 20:56:18,1,2026-09-19 20:56:18,False,,bajo,False
2026-09-21 02:30:01,2537,2025-03-13 16:03:26,2,2025-03-13 16:03:26,False,,bajo,False
2026-09-21 02:30:01,2249,2026-09-20 14:20:35,0,2026-09-20 14:20:35,False,,bajo,False
2026-09-21 02:30:01,2251,2026-09-20 13:53:20,0,2026-09-20 13:53:20,False,,bajo,False
2026-09-21 02:30:01,2339,2026-09-19 19:56:57,0,2026-09-19 19:56:57,False,,bajo,False
2026-09-21 02:30:01,2341,2026-09-20 01:27:47,0,2026-09-20 01:27:47,False,,bajo,False
2026-09-21 02:30:01,2350,2026-09-20 09:56:04,0,2026-09-20 09:56:04,False,,bajo,False
2026-09-21 02:30:01,2364,2026-09-20 14:01:03,0,2026-09-20 14:01:03,False,,bajo,False
2026-09-21 02:30:01,2386,2026-09-20 13:09:16,0,2026-09-20 13:09:16,False,,bajo,False
2026-09-21 02:30:01,2388,2026-09-20 09:42:01,0,2026-09-20 09:42:01,False,,bajo,False
2026-09-21 02:30:01,2390,2026-09-20 13:08:47,0,2026-09-20 13:08:47,False,,bajo,False
2026-09-21 02:30:01,2472,2026-09-20 09:12:59,0,2026-09-20 09:12:59,False,,bajo,False
2026-09-21 02:30:01,2500,2026-09-20 22:04:10,0,2026-09-20 22:04:10,False,,bajo,False
2026-09-21 02:30:01,2528,2026-09-19 15:02:23,0,2026-09-19 15:02:23,False,,bajo,False
2026-09-21 02:30:01,2559,2026-09-20 21:58:12,0,2026-09-20 21:58:12,False,,bajo,False
2026-09-21 02:30:01,2603,2026-09-20 22:02:53,0,2026-09-20 22:02:53,False,,bajo,False
2026-09-21 02:30:01,2616,2026-09-21 02:12:14,0,2026-09-21 02:12:14,False,,bajo,True
2026-09-21 02:30:01,2627,2026-09-20 06:09:21,0,2026-09-20 06:09:21,False,,bajo,False
2026-09-21 02:30:01,2642,2026-09-19 20:16:37,0,2026-09-19 20:16:37,False,,bajo,False
2026-09-21 02:30:01,2646,2026-09-19 20:34:00,0,2026-09-19 20:34:00,False,,bajo,False
2026-09-21 02:30:01,2688,2026-09-19 20:25:48,0,2026-09-19 20:25:48,False,,bajo,False
2026-09-21 02:30:01,2804,2026-09-19 22:00:48,0,2026-09-19 22:00:48,False,,bajo,False
2026-09-21 02:30:01,2857,2026-09-20 16:47:55,0,2026-09-20 16:47:55,False,,bajo,False
2026-09-21 02:30:01,2868,2026-09-19 21:00:40,0,2026-09-19 21:00:40,False,,bajo,False
2026-09-21 02:30:01,2911,2026-09-20 19:51:28,0,2026-09-20 19:51:28,False,,bajo,False
2026-09-21 02:30:01,2974,2026-09-20 13:39:37,0,2026-09-20 13:39:37,False,,bajo,False
2026-09-21 02:30:01,2977,2026-09-20 15:09:43,0,2026-09-20 15:09:43,False,,bajo,False
2026-09-21 02:30:01,2979,2026-09-20 23:54:47,0,2026-09-20 23:54:47,False,,bajo,False
2026-09-21 02:30:01,2980,2026-09-20 23:32:22,0,2026-09-20 23:32:22,False,,bajo,False
2026-09-21 02:30:01,2981,2026-09-20 23:49:39,0,2026-09-20 23:49:39,False,,bajo,False
2026-09-21 02:30:01,2982,2026-09-20 09:46:56,0,2026-09-20 09:46:56,False,,bajo,False
2026-09-21 02:30:01,3046,2026-09-21 02:10:23,0,2026-09-21 02:10:23,False,,bajo,True
2026-09-21 02:30:01,3257,2026-09-20 21:54:46,0,2026-09-20 21:54:46,False,,bajo,False
2026-09-21 02:30:01,2249,2026-09-20 12:15:15,1,2026-09-20 12:15:15,False,,bajo,False
2026-09-21 02:30:01,2251,2026-09-20 20:10:50,1,2026-09-20 20:10:50,False,,bajo,False
2026-09-21 02:30:01,2339,2026-09-20 22:45:54,1,2026-09-20 22:45:54,False,,bajo,False
2026-09-21 02:30:01,2350,2026-09-20 15:37:36,1,2026-09-20 15:37:36,False,,bajo,False
2026-09-21 02:30:01,2364,2026-09-20 23:07:07,1,2026-09-20 23:07:07,False,,bajo,False
2026-09-21 02:30:01,2472,2026-09-20 23:19:00,1,2026-09-20 23:19:00,False,,bajo,False
2026-09-21 02:30:01,2500,2026-09-20 22:01:42,1,2026-09-20 22:01:42,False,,bajo,False
2026-09-21 02:30:01,2528,2026-09-20 20:57:45,1,2026-09-20 20:57:45,False,,bajo,False
2026-09-21 02:30:01,2559,2026-09-20 21:43:29,1,2026-09-20 21:43:29,False,,bajo,False
2026-09-21 02:30:01,2603,2026-09-20 20:59:53,1,2026-09-20 20:59:53,False,,bajo,False
2026-09-21 02:30:01,2616,2026-09-21 00:30:35,1,2026-09-21 00:30:35,False,,bajo,False
2026-09-21 02:30:01,2627,2026-09-21 00:25:02,1,2026-09-21 00:25:02,False,,bajo,False
2026-09-21 02:30:01,2642,2026-09-20 16:26:32,1,2026-09-20 16:26:32,False,,bajo,False
2026-09-21 02:30:01,2646,2026-09-20 11:16:51,1,2026-09-20 11:16:51,False,,bajo,False
2026-09-21 02:30:01,2688,2026-09-21 01:41:06,1,2026-09-21 01:41:06,False,,bajo,False
2026-09-21 02:30:01,2804,2026-09-20 11:15:43,1,2026-09-20 11:15:43,False,,bajo,False
2026-09-21 02:30:01,2857,2026-09-20 21:53:50,1,2026-09-20 21:53:50,False,,bajo,False
2026-09-21 02:30:01,2868,2026-09-20 20:54:40,1,2026-09-20 20:54:40,False,,bajo,False
2026-09-21 02:30:01,2911,2026-09-21 01:11:21,1,2026-09-21 01:11:21,False,,bajo,False
2026-09-21 02:30:01,2974,2026-09-20 21:35:06,1,2026-09-20 21:35:06,False,,bajo,False
2026-09-21 02:30:01,2977,2026-09-20 23:46:19,1,2026-09-20 23:46:19,False,,bajo,False
2026-09-21 02:30:01,2979,2026-09-20 17:51:11,1,2026-09-20 17:51:11,False,,bajo,False
2026-09-21 02:30:01,2980,2026-09-20 23:03:11,1,2026-09-20 23:03:11,False,,bajo,False
2026-09-21 02:30:01,2981,2026-09-20 23:33:29,1,2026-09-20 23:33:29,False,,bajo,False
2026-09-21 02:30:01,2982,2026-09-20 18:52:03,1,2026-09-20 18:52:03,False,,bajo,False
2026-09-21 02:30:01,3257,2026-09-20 21:59:04,1,2026-09-20 21:59:04,False,,bajo,False
2026-09-21 02:30:01,2364,2026-06-03 08:18:32,2,2026-06-03 08:18:32,False,,bajo,False
2026-09-21 02:30:01,2390,2026-06-03 06:18:03,2,2026-06-03 06:18:03,False,,bajo,False
2026-09-21 02:30:01,2472,2026-06-03 06:36:25,2,2026-06-03 06:36:25,False,,bajo,False
2026-09-21 02:30:01,2627,2026-06-03 01:47:48,2,2026-06-03 01:47:48,False,,bajo,False
2026-09-21 02:30:01,1724,2026-09-21 02:26:39,0,2026-09-21 02:26:39,False,,medio,True
2026-09-21 02:30:01,1744,2026-09-20 16:33:00,0,2026-09-20 16:33:00,False,,bajo,False
2026-09-21 02:30:01,1766,2026-09-21 02:26:19,0,2026-09-21 02:26:19,False,,bajo,True
2026-09-21 02:30:01,1784,2026-09-21 01:52:19,0,2026-09-21 01:52:19,False,,bajo,True
2026-09-21 02:30:01,1805,2026-09-21 02:06:20,0,2026-09-21 02:06:20,False,,bajo,True
2026-09-21 02:30:01,1806,2026-09-21 00:51:44,0,2026-09-21 00:51:44,False,,bajo,False
2026-09-21 02:30:01,1824,2026-09-21 02:28:21,0,2026-09-21 02:28:21,False,,bajo,True
2026-09-21 02:30:01,1844,2026-09-21 02:20:30,0,2026-09-21 02:20:30,False,,bajo,True
2026-09-21 02:30:01,1845,2026-09-21 02:26:15,0,2026-09-21 02:26:15,False,,bajo,True
2026-09-21 02:30:01,1846,2026-09-21 01:43:23,0,2026-09-21 01:43:23,False,,bajo,True
2026-09-21 02:30:01,1887,2026-09-21 02:25:06,0,2026-09-21 02:25:06,False,,alto,True
2026-09-21 02:30:01,1924,2026-09-21 02:26:52,0,2026-09-21 02:26:52,False,,bajo,True
2026-09-21 02:30:01,1926,2026-09-21 02:16:21,0,2026-09-21 02:16:21,False,,medio,True
2026-09-21 02:30:01,1927,2026-09-20 16:37:10,0,2026-09-20 16:37:10,False,,bajo,False
2026-09-21 02:30:01,1928,2026-09-21 02:29:42,0,2026-09-21 02:29:42,False,,medio,True
2026-09-21 02:30:01,1944,2026-09-21 02:24:13,0,2026-09-21 02:24:13,False,,bajo,True
2026-09-21 02:30:01,1945,2026-09-21 02:11:52,0,2026-09-21 02:11:52,False,,bajo,True
2026-09-21 02:30:01,1964,2026-09-21 02:14:56,0,2026-09-21 02:14:56,False,,bajo,True
2026-09-21 02:30:01,1965,2026-09-21 02:27:05,0,2026-09-21 02:27:05,False,,medio,True
2026-09-21 02:30:01,1984,2026-09-21 02:29:37,0,2026-09-21 02:29:37,False,,medio,True
2026-09-21 02:30:01,2190,2026-09-21 02:22:18,0,2026-09-21 02:22:18,False,,bajo,True
2026-09-21 02:30:01,2192,2026-09-21 02:23:32,0,2026-09-21 02:23:32,False,,medio,True
2026-09-21 02:30:01,2193,2026-09-21 02:29:29,0,2026-09-21 02:29:29,False,,bajo,True
2026-09-21 02:30:01,2204,2026-09-21 02:06:11,0,2026-09-21 02:06:11,False,,bajo,True
2026-09-21 02:30:01,2205,2026-09-19 20:36:23,0,2026-09-19 20:36:23,False,,bajo,False
2026-09-21 02:30:01,2207,2026-09-21 02:26:37,0,2026-09-21 02:26:37,False,,alto,True
2026-09-21 02:30:01,2208,2026-09-21 01:52:52,0,2026-09-21 01:52:52,False,,alto,True
2026-09-21 02:30:01,2224,2026-09-20 20:25:23,0,2026-09-20 20:25:23,False,,bajo,False
2026-09-21 02:30:01,2225,2026-09-20 23:56:27,0,2026-09-20 23:56:27,False,,bajo,False
2026-09-21 02:30:01,2227,2026-09-21 02:29:14,0,2026-09-21 02:29:14,False,,bajo,True
2026-09-21 02:30:01,2229,2026-09-21 02:20:30,0,2026-09-21 02:20:30,False,,medio,True
2026-09-21 02:30:01,2230,2026-09-21 01:59:24,0,2026-09-21 01:59:24,False,,alto,True
2026-09-21 02:30:01,2250,2026-09-20 22:35:45,0,2026-09-20 22:35:45,False,,bajo,False
2026-09-21 02:30:01,2264,2026-09-21 02:02:06,0,2026-09-21 02:02:06,False,,bajo,True
2026-09-21 02:30:01,2268,2026-09-20 03:59:00,0,2026-09-20 03:59:00,False,,bajo,False
2026-09-21 02:30:01,2284,2026-09-19 22:18:07,0,2026-09-19 22:18:07,False,,bajo,False
2026-09-21 02:30:01,2317,2026-09-21 02:23:07,0,2026-09-21 02:23:07,False,,medio,True
2026-09-21 02:30:01,2326,2026-09-21 02:27:37,0,2026-09-21 02:27:37,False,,bajo,True
2026-09-21 02:30:01,2327,2026-09-21 02:21:25,0,2026-09-21 02:21:25,False,,bajo,True
2026-09-21 02:30:01,2330,2026-09-21 02:24:03,0,2026-09-21 02:24:03,False,,bajo,True
2026-09-21 02:30:01,2335,2026-09-21 02:21:41,0,2026-09-21 02:21:41,False,,medio,True
2026-09-21 02:30:01,2391,2026-09-20 21:49:52,0,2026-09-20 21:49:52,False,,bajo,False
2026-09-21 02:30:01,2404,2026-09-20 06:02:29,0,2026-09-20 06:02:29,False,,bajo,False
2026-09-21 02:30:01,2411,2026-09-20 17:04:53,0,2026-09-20 17:04:53,False,,bajo,False
2026-09-21 02:30:01,2415,2026-09-20 16:35:05,0,2026-09-20 16:35:05,False,,bajo,False
2026-09-21 02:30:01,2424,2025-03-13 16:03:26,0,2025-03-13 16:03:26,False,,bajo,False
2026-09-21 02:30:01,2446,2026-09-20 18:53:28,0,2026-09-20 18:53:28,False,,bajo,False
2026-09-21 02:30:01,2459,2026-09-19 09:04:11,0,2026-09-19 09:04:11,False,,bajo,False
2026-09-21 02:30:01,2464,2026-09-21 02:18:09,0,2026-09-21 02:18:09,False,,alto,True
2026-09-21 02:30:01,2465,2026-09-21 02:29:24,0,2026-09-21 02:29:24,False,,alto,True
2026-09-21 02:30:01,2466,2026-09-21 02:28:18,0,2026-09-21 02:28:18,False,,bajo,True
2026-09-21 02:30:01,2468,2026-09-21 02:19:40,0,2026-09-21 02:19:40,False,,bajo,True
2026-09-21 02:30:01,2471,2026-09-21 02:23:13,0,2026-09-21 02:23:13,False,,bajo,True
2026-09-21 02:30:01,2475,2026-09-21 02:28:06,0,2026-09-21 02:28:06,False,,bajo,True
2026-09-21 02:30:01,2476,2026-09-21 02:28:40,0,2026-09-21 02:28:40,False,,medio,True
2026-09-21 02:30:01,2482,2026-09-20 21:52:48,0,2026-09-20 21:52:48,False,,bajo,False
2026-09-21 02:30:01,2484,2026-09-20 21:50:15,0,2026-09-20 21:50:15,False,,bajo,False
2026-09-21 02:30:01,2485,2026-09-21 02:28:45,0,2026-09-21 02:28:45,False,,bajo,True
2026-09-21 02:30:01,2492,2026-09-21 01:59:11,0,2026-09-21 01:59:11,False,,medio,True
2026-09-21 02:30:01,2516,2026-09-20 22:56:46,0,2026-09-20 22:56:46,False,,bajo,False
2026-09-21 02:30:01,2519,2026-09-20 22:46:55,0,2026-09-20 22:46:55,False,,bajo,False
2026-09-21 02:30:01,2565,2026-09-20 22:03:49,0,2026-09-20 22:03:49,False,,bajo,False
2026-09-21 02:30:01,2567,2026-09-20 02:56:59,0,2026-09-20 02:56:59,False,,bajo,False
2026-09-21 02:30:01,2575,2026-09-21 02:22:08,0,2026-09-21 02:22:08,False,,bajo,True
2026-09-21 02:30:01,2582,2026-09-21 02:27:03,0,2026-09-21 02:27:03,False,,bajo,True
2026-09-21 02:30:01,2590,2026-09-21 02:27:48,0,2026-09-21 02:27:48,False,,bajo,True
2026-09-21 02:30:01,2592,2026-09-21 02:03:24,0,2026-09-21 02:03:24,False,,medio,True
2026-09-21 02:30:01,2593,2026-09-20 20:43:03,0,2026-09-20 20:43:03,False,,bajo,False
2026-09-21 02:30:01,2654,2026-09-20 19:02:47,0,2026-09-20 19:02:47,False,,bajo,False
2026-09-21 02:30:01,2665,2026-09-20 21:44:48,0,2026-09-20 21:44:48,False,,bajo,False
2026-09-21 02:30:01,2668,2026-09-21 02:26:33,0,2026-09-21 02:26:33,False,,bajo,True
2026-09-21 02:30:01,2678,2026-09-21 00:34:19,0,2026-09-21 00:34:19,False,,bajo,False
2026-09-21 02:30:01,2693,2026-09-20 13:00:18,0,2026-09-20 13:00:18,False,,bajo,False
2026-09-21 02:30:01,2701,2026-09-20 22:45:37,0,2026-09-20 22:45:37,False,,bajo,False
2026-09-21 02:30:01,2706,2026-09-21 02:27:19,0,2026-09-21 02:27:19,False,,bajo,True
2026-09-21 02:30:01,2718,2026-09-20 19:37:44,0,2026-09-20 19:37:44,False,,bajo,False
2026-09-21 02:30:01,2722,2026-09-20 17:48:01,0,2026-09-20 17:48:01,False,,bajo,False
2026-09-21 02:30:01,2724,2026-09-21 02:29:20,0,2026-09-21 02:29:20,False,,medio,True
2026-09-21 02:30:01,2726,2025-03-13 16:03:26,0,2025-03-13 16:03:26,False,,bajo,False
2026-09-21 02:30:01,2730,2026-09-21 02:22:33,0,2026-09-21 02:22:33,False,,alto,True
2026-09-21 02:30:01,2743,2026-09-21 02:28:08,0,2026-09-21 02:28:08,False,,medio,True
2026-09-21 02:30:01,2744,2026-09-21 02:25:44,0,2026-09-21 02:25:44,False,,bajo,True
2026-09-21 02:30:01,2751,2026-09-21 02:28:59,0,2026-09-21 02:28:59,False,,bajo,True
2026-09-21 02:30:01,2754,2026-09-21 02:28:28,0,2026-09-21 02:28:28,False,,alto,True
2026-09-21 02:30:01,2760,2026-09-21 02:26:03,0,2026-09-21 02:26:03,False,,bajo,True
2026-09-21 02:30:01,2768,2026-09-21 02:23:05,0,2026-09-21 02:23:05,False,,medio,True
2026-09-21 02:30:01,2770,2026-09-21 02:07:13,0,2026-09-21 02:07:13,False,,bajo,True
2026-09-21 02:30:01,2773,2026-09-21 02:04:54,0,2026-09-21 02:04:54,False,,bajo,True
2026-09-21 02:30:01,2777,2025-03-13 16:03:26,0,2025-03-13 16:03:26,False,,bajo,False
2026-09-21 02:30:01,2780,2026-09-18 16:00:31,0,2026-09-18 16:00:31,False,,bajo,False
2026-09-21 02:30:01,2781,2026-09-21 02:29:16,0,2026-09-21 02:29:16,False,,bajo,True
2026-09-21 02:30:01,2790,2026-09-21 02:28:29,0,2026-09-21 02:28:29,False,,bajo,True
2026-09-21 02:30:01,2791,2026-09-10 17:13:06,0,2026-09-10 17:13:06,False,,bajo,False
2026-09-21 02:30:01,2796,2026-09-20 19:33:29,0,2026-09-20 19:33:29,False,,bajo,False
2026-09-21 02:30:01,2803,2026-09-21 02:13:12,0,2026-09-21 02:13:12,False,,bajo,True
2026-09-21 02:30:01,2807,2026-09-20 15:25:26,0,2026-09-20 15:25:26,False,,bajo,False
2026-09-21 02:30:01,2808,2026-09-21 01:42:25,0,2026-09-21 01:42:25,False,,bajo,False
2026-09-21 02:30:01,2810,2026-09-21 01:20:13,0,2026-09-21 01:20:13,False,,bajo,False
2026-09-21 02:30:01,2830,2026-09-21 01:37:55,0,2026-09-21 01:37:55,False,,bajo,False
2026-09-21 02:30:01,2858,2026-09-20 19:51:39,0,2026-09-20 19:51:39,False,,bajo,False
2026-09-21 02:30:01,2904,2026-09-20 12:33:55,0,2026-09-20 12:33:55,False,,bajo,False
2026-09-21 02:30:01,2922,2026-09-21 02:26:08,0,2026-09-21 02:26:08,False,,bajo,True
2026-09-21 02:30:01,2926,2026-09-21 02:29:38,0,2026-09-21 02:29:38,False,,bajo,True
2026-09-21 02:30:01,2929,2026-09-19 17:21:17,0,2026-09-19 17:21:17,False,,bajo,False
2026-09-21 02:30:01,2935,2026-09-21 02:10:37,0,2026-09-21 02:10:37,False,,bajo,True
2026-09-21 02:30:01,2937,2026-09-20 21:51:22,0,2026-09-20 21:51:22,False,,bajo,False
2026-09-21 02:30:01,2961,2026-02-27 08:12:26,0,2026-02-27 08:12:26,False,,bajo,False
2026-09-21 02:30:01,2971,2026-09-21 01:09:01,0,2026-09-21 01:09:01,False,,bajo,False
2026-09-21 02:30:01,2972,2026-09-21 02:25:26,0,2026-09-21 02:25:26,False,,bajo,True
2026-09-21 02:30:01,2973,2026-09-19 13:05:04,0,2026-09-19 13:05:04,False,,bajo,False
2026-09-21 02:30:01,2975,2026-09-19 08:58:46,0,2026-09-19 08:58:46,False,,bajo,False
2026-09-21 02:30:01,2978,2026-09-20 22:49:42,0,2026-09-20 22:49:42,False,,bajo,False
2026-09-21 02:30:01,2983,2026-09-21 02:20:01,0,2026-09-21 02:20:01,False,,bajo,True
2026-09-21 02:30:01,2984,2026-09-20 05:58:04,0,2026-09-20 05:58:04,False,,bajo,False
2026-09-21 02:30:01,2985,2026-09-20 10:57:03,0,2026-09-20 10:57:03,False,,bajo,False
2026-09-21 02:30:01,2986,2026-09-20 07:39:57,0,2026-09-20 07:39:57,False,,bajo,False
2026-09-21 02:30:01,2987,2026-09-19 18:27:30,0,2026-09-19 18:27:30,False,,bajo,False
2026-09-21 02:30:01,2988,2026-09-20 20:01:22,0,2026-09-20 20:01:22,False,,bajo,False
2026-09-21 02:30:01,2993,2026-09-20 10:02:30,0,2026-09-20 10:02:30,False,,bajo,False
2026-09-21 02:30:01,2994,2026-09-20 20:31:23,0,2026-09-20 20:31:23,False,,bajo,False
2026-09-21 02:30:01,2996,2026-09-20 20:01:04,0,2026-09-20 20:01:04,False,,bajo,False
2026-09-21 02:30:01,2998,2026-09-20 10:38:38,0,2026-09-20 10:38:38,False,,bajo,False
2026-09-21 02:30:01,3002,2026-09-20 22:00:21,0,2026-09-20 22:00:21,False,,bajo,False
2026-09-21 02:30:01,3009,2026-09-20 21:47:23,0,2026-09-20 21:47:23,False,,bajo,False
2026-09-21 02:30:01,3010,2026-09-20 21:44:35,0,2026-09-20 21:44:35,False,,bajo,False
2026-09-21 02:30:01,3011,2026-09-21 02:22:42,0,2026-09-21 02:22:42,False,,bajo,True
2026-09-21 02:30:01,3013,2026-09-20 23:49:04,0,2026-09-20 23:49:04,False,,bajo,False
2026-09-21 02:30:01,3020,2026-09-20 14:20:14,0,2026-09-20 14:20:14,False,,bajo,False
2026-09-21 02:30:01,3022,2026-09-19 21:57:54,0,2026-09-19 21:57:54,False,,bajo,False
2026-09-21 02:30:01,3024,2026-09-20 21:29:34,0,2026-09-20 21:29:34,False,,bajo,False
2026-09-21 02:30:01,3026,2026-09-20 11:52:16,0,2026-09-20 11:52:16,False,,bajo,False
2026-09-21 02:30:01,3027,2026-09-21 02:28:17,0,2026-09-21 02:28:17,False,,bajo,True
2026-09-21 02:30:01,3029,2026-09-19 19:58:24,0,2026-09-19 19:58:24,False,,bajo,False
2026-09-21 02:30:01,3036,2025-03-13 16:18:25,0,2025-03-13 16:18:25,False,,bajo,False
2026-09-21 02:30:01,3039,2026-09-16 16:55:18,0,2026-09-16 16:55:18,False,,bajo,False
2026-09-21 02:30:01,3060,2026-09-20 12:04:31,0,2026-09-20 12:04:31,False,,bajo,False
2026-09-21 02:30:01,3064,2026-09-19 16:44:19,0,2026-09-19 16:44:19,False,,bajo,False
2026-09-21 02:30:01,3065,2026-09-21 02:24:22,0,2026-09-21 02:24:22,False,,bajo,True
2026-09-21 02:30:01,3074,2026-09-21 01:43:26,0,2026-09-21 01:43:26,False,,bajo,False
2026-09-21 02:30:01,3076,2026-09-20 06:54:19,0,2026-09-20 06:54:19,False,,bajo,False
2026-09-21 02:30:01,3079,2026-09-21 02:16:22,0,2026-09-21 02:16:22,False,,alto,True
2026-09-21 02:30:01,3084,2026-09-20 21:55:52,0,2026-09-20 21:55:52,False,,bajo,False
2026-09-21 02:30:01,3086,2026-09-20 15:03:59,0,2026-09-20 15:03:59,False,,bajo,False
2026-09-21 02:30:01,3087,2026-09-20 12:45:12,0,2026-09-20 12:45:12,False,,bajo,False
2026-09-21 02:30:01,3099,2026-09-21 02:29:38,0,2026-09-21 02:29:38,False,,alto,True
2026-09-21 02:30:01,3101,2026-09-18 22:02:04,0,2026-09-18 22:02:04,False,,bajo,False
2026-09-21 02:30:01,3117,2026-09-20 16:43:34,0,2026-09-20 16:43:34,False,,bajo,False
2026-09-21 02:30:01,3121,2026-09-20 22:05:25,0,2026-09-20 22:05:25,False,,bajo,False
2026-09-21 02:30:01,3132,2026-09-21 02:17:32,0,2026-09-21 02:17:32,False,,medio,True
2026-09-21 02:30:01,3138,2026-09-21 02:27:26,0,2026-09-21 02:27:26,False,,bajo,True
2026-09-21 02:30:01,3141,2026-09-19 19:57:57,0,2026-09-19 19:57:57,False,,bajo,False
2026-09-21 02:30:01,3144,2026-09-20 22:08:22,0,2026-09-20 22:08:22,False,,bajo,False
2026-09-21 02:30:01,3145,2026-09-20 22:37:09,0,2026-09-20 22:37:09,False,,bajo,False
2026-09-21 02:30:01,3146,2026-09-20 11:22:10,0,2026-09-20 11:22:10,False,,bajo,False
2026-09-21 02:30:01,3151,2026-09-17 17:52:06,0,2026-09-17 17:52:06,False,,bajo,False
2026-09-21 02:30:01,3154,2026-09-21 02:26:25,0,2026-09-21 02:26:25,False,,bajo,True
2026-09-21 02:30:01,3155,2026-09-20 18:08:22,0,2026-09-20 18:08:22,False,,bajo,False
2026-09-21 02:30:01,3159,2026-09-21 02:16:21,0,2026-09-21 02:16:21,False,,bajo,True
2026-09-21 02:30:01,3160,2026-09-20 08:58:19,0,2026-09-20 08:58:19,False,,bajo,False
2026-09-21 02:30:01,3161,2026-09-20 10:41:34,0,2026-09-20 10:41:34,False,,bajo,False
2026-09-21 02:30:01,3162,2026-09-21 02:27:18,0,2026-09-21 02:27:18,False,,bajo,True
2026-09-21 02:30:01,3169,2026-09-20 14:16:03,0,2026-09-20 14:16:03,False,,bajo,False
2026-09-21 02:30:01,3172,2026-09-20 21:45:35,0,2026-09-20 21:45:35,False,,bajo,False
2026-09-21 02:30:01,3178,2026-09-19 14:35:34,0,2026-09-19 14:35:34,False,,bajo,False
2026-09-21 02:30:01,3184,2026-09-20 22:04:31,0,2026-09-20 22:04:31,False,,bajo,False
2026-09-21 02:30:01,3185,2026-09-20 22:01:56,0,2026-09-20 22:01:56,False,,bajo,False
2026-09-21 02:30:01,3186,2026-09-21 02:28:09,0,2026-09-21 02:28:09,False,,medio,True
2026-09-21 02:30:01,3187,2026-08-23 09:50:03,0,2026-08-23 09:50:03,False,,bajo,False
2026-09-21 02:30:01,3191,2026-09-19 19:52:20,0,2026-09-19 19:52:20,False,,bajo,False
2026-09-21 02:30:01,3199,2026-09-21 02:21:25,0,2026-09-21 02:21:25,False,,bajo,True
2026-09-21 02:30:01,3202,2026-09-21 02:26:18,0,2026-09-21 02:26:18,False,,bajo,True
2026-09-21 02:30:01,3203,2026-09-21 02:26:32,0,2026-09-21 02:26:32,False,,bajo,True
2026-09-21 02:30:01,3204,2026-09-21 02:28:34,0,2026-09-21 02:28:34,False,,medio,True
2026-09-21 02:30:01,3207,2026-09-21 00:50:13,0,2026-09-21 00:50:13,False,,bajo,False
2026-09-21 02:30:01,3208,2026-09-20 21:23:07,0,2026-09-20 21:23:07,False,,bajo,False
2026-09-21 02:30:01,3216,2026-09-19 18:23:57,0,2026-09-19 18:23:57,False,,bajo,False
2026-09-21 02:30:01,3222,2026-09-20 21:05:32,0,2026-09-20 21:05:32,False,,bajo,False
2026-09-21 02:30:01,3224,2026-09-15 17:10:14,0,2026-09-15 17:10:14,False,,bajo,False
2026-09-21 02:30:01,3225,2026-09-19 11:41:03,0,2026-09-19 11:41:03,False,,bajo,False
2026-09-21 02:30:01,3227,2026-09-21 02:28:15,0,2026-09-21 02:28:15,False,,medio,True
2026-09-21 02:30:01,3232,2026-09-20 17:08:15,0,2026-09-20 17:08:15,False,,bajo,False
2026-09-21 02:30:01,3239,2026-09-20 13:37:31,0,2026-09-20 13:37:31,False,,bajo,False
2026-09-21 02:30:01,3242,2026-09-21 02:28:22,0,2026-09-21 02:28:22,False,,bajo,True
2026-09-21 02:30:01,3243,2026-09-20 22:03:46,0,2026-09-20 22:03:46,False,,bajo,False
2026-09-21 02:30:01,3244,2026-09-20 19:48:25,0,2026-09-20 19:48:25,False,,bajo,False
2026-09-21 02:30:01,3253,2026-09-21 02:15:44,0,2026-09-21 02:15:44,False,,bajo,True
2026-09-21 02:30:01,3259,2026-09-20 22:09:51,0,2026-09-20 22:09:51,False,,bajo,False
2026-09-21 02:30:01,3264,2026-09-21 02:24:07,0,2026-09-21 02:24:07,False,,medio,True
2026-09-21 02:30:01,3266,2026-09-20 07:28:16,0,2026-09-20 07:28:16,False,,bajo,False
2026-09-21 02:30:01,4018,2026-09-18 13:41:56,0,2026-09-18 13:41:56,False,,bajo,False
2026-09-21 02:30:01,4024,2026-09-21 02:28:23,0,2026-09-21 02:28:23,False,,bajo,True
2026-09-21 02:30:01,1724,2026-09-20 21:36:54,1,2026-09-20 21:36:54,False,,bajo,False
2026-09-21 02:30:01,1744,2026-09-20 21:39:23,1,2026-09-20 21:39:23,False,,bajo,False
2026-09-21 02:30:01,1766,2026-06-03 03:27:01,1,2026-06-03 03:27:01,False,,bajo,False
2026-09-21 02:30:01,1784,2026-06-03 03:29:57,1,2026-06-03 03:29:57,False,,bajo,False
2026-09-21 02:30:01,1805,2026-06-03 08:20:37,1,2026-06-03 08:20:37,False,,bajo,False
2026-09-21 02:30:01,1806,2026-09-20 20:13:10,1,2026-09-20 20:13:10,False,,bajo,False
2026-09-21 02:30:01,1824,2026-06-03 08:35:59,1,2026-06-03 08:35:59,False,,bajo,False
2026-09-21 02:30:01,1844,2026-09-18 23:58:50,1,2026-09-18 23:58:50,False,,bajo,False
2026-09-21 02:30:01,1845,2026-06-03 08:35:31,1,2026-06-03 08:35:31,False,,bajo,False
2026-09-21 02:30:01,1846,2026-09-21 01:31:07,1,2026-09-21 01:31:07,False,,bajo,False
2026-09-21 02:30:01,1887,2026-09-20 23:00:12,1,2026-09-20 23:00:12,False,,bajo,False
2026-09-21 02:30:01,1924,2026-09-14 14:43:08,1,2026-09-14 14:43:08,False,,bajo,False
2026-09-21 02:30:01,1926,2026-09-20 22:59:22,1,2026-09-20 22:59:22,False,,bajo,False
2026-09-21 02:30:01,1927,2026-09-20 08:42:14,1,2026-09-20 08:42:14,False,,bajo,False
2026-09-21 02:30:01,1928,2026-09-19 11:25:24,1,2026-09-19 11:25:24,False,,bajo,False
2026-09-21 02:30:01,1945,2026-09-21 02:22:02,1,2026-09-21 02:22:02,False,,bajo,True
2026-09-21 02:30:01,1964,2026-09-20 23:03:17,1,2026-09-20 23:03:17,False,,bajo,False
2026-09-21 02:30:01,1965,2026-09-20 23:08:22,1,2026-09-20 23:08:22,False,,bajo,False
2026-09-21 02:30:01,1984,2026-09-21 00:38:41,1,2026-09-21 00:38:41,False,,bajo,False
2026-09-21 02:30:01,2190,2026-09-21 00:10:17,1,2026-09-21 00:10:17,False,,bajo,False
2026-09-21 02:30:01,2192,2026-09-20 20:14:03,1,2026-09-20 20:14:03,False,,bajo,False
2026-09-21 02:30:01,2193,2026-09-21 00:05:29,1,2026-09-21 00:05:29,False,,bajo,False
2026-09-21 02:30:01,2204,2026-09-20 23:41:47,1,2026-09-20 23:41:47,False,,bajo,False
2026-09-21 02:30:01,2205,2026-09-21 01:25:00,1,2026-09-21 01:25:00,False,,bajo,False
2026-09-21 02:30:01,2207,2026-09-21 01:43:14,1,2026-09-21 01:43:14,False,,bajo,False
2026-09-21 02:30:01,2208,2026-09-20 18:42:41,1,2026-09-20 18:42:41,False,,bajo,False
2026-09-21 02:30:01,2224,2026-09-20 23:22:45,1,2026-09-20 23:22:45,False,,bajo,False
2026-09-21 02:30:01,2225,2026-09-20 23:25:00,1,2026-09-20 23:25:00,False,,bajo,False
2026-09-21 02:30:01,2227,2026-09-21 00:26:04,1,2026-09-21 00:26:04,False,,bajo,False
2026-09-21 02:30:01,2230,2026-09-20 21:06:22,1,2026-09-20 21:06:22,False,,bajo,False
2026-09-21 02:30:01,2250,2026-09-20 19:02:08,1,2026-09-20 19:02:08,False,,bajo,False
2026-09-21 02:30:01,2264,2026-09-15 18:21:05,1,2026-09-15 18:21:05,False,,bajo,False
2026-09-21 02:30:01,2268,2026-09-20 23:15:26,1,2026-09-20 23:15:26,False,,bajo,False
2026-09-21 02:30:01,2284,2026-09-19 01:21:25,1,2026-09-19 01:21:25,False,,bajo,False
2026-09-21 02:30:01,2317,2026-09-21 01:32:16,1,2026-09-21 01:32:16,False,,bajo,False
2026-09-21 02:30:01,2326,2026-09-21 00:38:30,1,2026-09-21 00:38:30,False,,bajo,False
2026-09-21 02:30:01,2327,2026-09-21 00:12:15,1,2026-09-21 00:12:15,False,,bajo,False
2026-09-21 02:30:01,2330,2026-09-21 01:21:25,1,2026-09-21 01:21:25,False,,bajo,False
2026-09-21 02:30:01,2335,2026-09-20 20:30:59,1,2026-09-20 20:30:59,False,,bajo,False
2026-09-21 02:30:01,2391,2026-09-20 21:57:00,1,2026-09-20 21:57:00,False,,bajo,False
2026-09-21 02:30:01,2404,2026-09-21 00:50:26,1,2026-09-21 00:50:26,False,,bajo,False
2026-09-21 02:30:01,2415,2026-09-19 23:06:12,1,2026-09-19 23:06:12,False,,bajo,False
2026-09-21 02:30:01,2424,2025-03-13 16:03:26,1,2025-03-13 16:03:26,False,,bajo,False
2026-09-21 02:30:01,2446,2026-09-19 04:17:30,1,2026-09-19 04:17:30,False,,bajo,False
2026-09-21 02:30:01,2459,2026-09-20 18:39:48,1,2026-09-20 18:39:48,False,,bajo,False
2026-09-21 02:30:01,2464,2026-09-21 00:34:11,1,2026-09-21 00:34:11,False,,bajo,False
2026-09-21 02:30:01,2465,2026-09-21 02:28:27,1,2026-09-21 02:28:27,False,,bajo,False
2026-09-21 02:30:01,2466,2026-09-21 00:30:17,1,2026-09-21 00:30:17,False,,bajo,False
2026-09-21 02:30:01,2468,2026-09-20 17:31:39,1,2026-09-20 17:31:39,False,,bajo,False
2026-09-21 02:30:01,2471,2026-09-20 20:08:45,1,2026-09-20 20:08:45,False,,bajo,False
2026-09-21 02:30:01,2475,2026-09-21 02:14:00,1,2026-09-21 02:14:00,False,,medio,True
2026-09-21 02:30:01,2476,2026-09-20 19:37:10,1,2026-09-20 19:37:10,False,,bajo,False
2026-09-21 02:30:01,2482,2026-09-20 20:41:15,1,2026-09-20 20:41:15,False,,bajo,False
2026-09-21 02:30:01,2484,2026-09-18 19:34:42,1,2026-09-18 19:34:42,False,,bajo,False
2026-09-21 02:30:01,2485,2026-09-20 13:55:09,1,2026-09-20 13:55:09,False,,bajo,False
2026-09-21 02:30:01,2492,2026-09-21 00:06:08,1,2026-09-21 00:06:08,False,,bajo,False
2026-09-21 02:30:01,2516,2026-09-20 22:56:45,1,2026-09-20 22:56:45,False,,bajo,False
2026-09-21 02:30:01,2519,2026-09-21 00:51:26,1,2026-09-21 00:51:26,False,,bajo,False
2026-09-21 02:30:01,2565,2026-09-20 18:38:19,1,2026-09-20 18:38:19,False,,bajo,False
2026-09-21 02:30:01,2567,2026-09-20 16:55:54,1,2026-09-20 16:55:54,False,,bajo,False
2026-09-21 02:30:01,2575,2026-09-21 01:32:38,1,2026-09-21 01:32:38,False,,bajo,False
2026-09-21 02:30:01,2582,2026-09-21 02:04:38,1,2026-09-21 02:04:38,False,,bajo,True
2026-09-21 02:30:01,2590,2026-09-21 02:21:48,1,2026-09-21 02:21:48,False,,medio,True
2026-09-21 02:30:01,2592,2026-09-21 02:18:38,1,2026-09-21 02:18:38,False,,medio,True
2026-09-21 02:30:01,2593,2026-09-20 21:58:31,1,2026-09-20 21:58:31,False,,bajo,False
2026-09-21 02:30:01,2654,2026-09-20 21:56:05,1,2026-09-20 21:56:05,False,,bajo,False
2026-09-21 02:30:01,2665,2026-09-20 22:52:41,1,2026-09-20 22:52:41,False,,bajo,False
2026-09-21 02:30:01,2668,2026-09-19 16:37:05,1,2026-09-19 16:37:05,False,,bajo,False
2026-09-21 02:30:01,2678,2026-09-20 23:14:21,1,2026-09-20 23:14:21,False,,bajo,False
2026-09-21 02:30:01,2693,2026-09-19 15:19:34,1,2026-09-19 15:19:34,False,,bajo,False
2026-09-21 02:30:01,2701,2026-09-20 12:20:14,1,2026-09-20 12:20:14,False,,bajo,False
2026-09-21 02:30:01,2706,2026-09-21 01:54:40,1,2026-09-21 01:54:40,False,,medio,True
2026-09-21 02:30:01,2718,2026-09-20 15:44:03,1,2026-09-20 15:44:03,False,,bajo,False
2026-09-21 02:30:01,2722,2026-09-20 20:32:35,1,2026-09-20 20:32:35,False,,bajo,False
2026-09-21 02:30:01,2724,2026-09-19 14:30:40,1,2026-09-19 14:30:40,False,,bajo,False
2026-09-21 02:30:01,2726,2025-03-13 16:03:26,1,2025-03-13 16:03:26,False,,bajo,False
2026-09-21 02:30:01,2730,2026-06-03 08:24:07,1,2026-06-03 08:24:07,False,,bajo,False
2026-09-21 02:30:01,2743,2026-09-20 18:47:18,1,2026-09-20 18:47:18,False,,bajo,False
2026-09-21 02:30:01,2744,2026-09-21 02:09:52,1,2026-09-21 02:09:52,False,,medio,True
2026-09-21 02:30:01,2751,2026-09-21 00:12:22,1,2026-09-21 00:12:22,False,,bajo,False
2026-09-21 02:30:01,2754,2026-06-03 08:25:11,1,2026-06-03 08:25:11,False,,bajo,False
2026-09-21 02:30:01,2768,2026-06-03 08:23:19,1,2026-06-03 08:23:19,False,,bajo,False
2026-09-21 02:30:01,2770,2025-03-13 16:03:26,1,2025-03-13 16:03:26,False,,bajo,False
2026-09-21 02:30:01,2773,2026-09-20 23:23:00,1,2026-09-20 23:23:00,False,,bajo,False
2026-09-21 02:30:01,2777,2025-03-13 16:03:26,1,2025-03-13 16:03:26,False,,bajo,False
2026-09-21 02:30:01,2780,2026-09-20 08:43:16,1,2026-09-20 08:43:16,False,,bajo,False
2026-09-21 02:30:01,2781,2026-09-19 20:07:20,1,2026-09-19 20:07:20,False,,bajo,False
2026-09-21 02:30:01,2790,2026-09-20 22:39:37,1,2026-09-20 22:39:37,False,,bajo,False
2026-09-21 02:30:01,2791,2026-09-10 00:17:20,1,2026-09-10 00:17:20,False,,bajo,False
2026-09-21 02:30:01,2796,2026-09-20 21:14:28,1,2026-09-20 21:14:28,False,,bajo,False
2026-09-21 02:30:01,2803,2026-09-20 23:30:23,1,2026-09-20 23:30:23,False,,bajo,False
2026-09-21 02:30:01,2807,2026-09-20 18:54:01,1,2026-09-20 18:54:01,False,,bajo,False
2026-09-21 02:30:01,2808,2026-09-21 02:08:17,1,2026-09-21 02:08:17,False,,medio,True
2026-09-21 02:30:01,2810,2026-09-20 23:59:14,1,2026-09-20 23:59:14,False,,bajo,False
2026-09-21 02:30:01,2830,2026-09-20 20:17:45,1,2026-09-20 20:17:45,False,,bajo,False
2026-09-21 02:30:01,2858,2026-09-20 18:39:53,1,2026-09-20 18:39:53,False,,bajo,False
2026-09-21 02:30:01,2904,2026-09-21 00:12:59,1,2026-09-21 00:12:59,False,,bajo,False
2026-09-21 02:30:01,2922,2026-06-03 07:54:30,1,2026-06-03 07:54:30,False,,bajo,False
2026-09-21 02:30:01,2926,2026-09-21 00:04:48,1,2026-09-21 00:04:48,False,,bajo,False
2026-09-21 02:30:01,2929,2026-09-17 13:36:13,1,2026-09-17 13:36:13,False,,bajo,False
2026-09-21 02:30:01,2935,2026-09-20 22:26:28,1,2026-09-20 22:26:28,False,,bajo,False
2026-09-21 02:30:01,2937,2026-09-20 20:17:08,1,2026-09-20 20:17:08,False,,bajo,False
2026-09-21 02:30:01,2961,2026-02-27 08:12:26,1,2026-02-27 08:12:26,False,,bajo,False
2026-09-21 02:30:01,2971,2026-09-19 03:53:52,1,2026-09-19 03:53:52,False,,bajo,False
2026-09-21 02:30:01,2972,2026-09-19 09:35:10,1,2026-09-19 09:35:10,False,,bajo,False
2026-09-21 02:30:01,2973,2026-09-20 19:27:21,1,2026-09-20 19:27:21,False,,bajo,False
2026-09-21 02:30:01,2975,2026-09-20 18:40:21,1,2026-09-20 18:40:21,False,,bajo,False
2026-09-21 02:30:01,2978,2026-09-21 00:35:33,1,2026-09-21 00:35:33,False,,bajo,False
2026-09-21 02:30:01,2983,2026-09-17 10:00:42,1,2026-09-17 10:00:42,False,,bajo,False
2026-09-21 02:30:01,2984,2026-09-18 22:10:16,1,2026-09-18 22:10:16,False,,bajo,False
2026-09-21 02:30:01,2985,2026-09-20 17:45:21,1,2026-09-20 17:45:21,False,,bajo,False
2026-09-21 02:30:01,2986,2026-09-20 11:42:02,1,2026-09-20 11:42:02,False,,bajo,False
2026-09-21 02:30:01,2987,2026-09-19 18:19:15,1,2026-09-19 18:19:15,False,,bajo,False
2026-09-21 02:30:01,2988,2026-09-19 03:15:53,1,2026-09-19 03:15:53,False,,bajo,False
2026-09-21 02:30:01,2993,2026-09-20 22:15:43,1,2026-09-20 22:15:43,False,,bajo,False
2026-09-21 02:30:01,2994,2026-09-20 20:59:11,1,2026-09-20 20:59:11,False,,bajo,False
2026-09-21 02:30:01,2996,2026-09-19 18:17:11,1,2026-09-19 18:17:11,False,,bajo,False
2026-09-21 02:30:01,2998,2026-09-20 12:55:33,1,2026-09-20 12:55:33,False,,bajo,False
2026-09-21 02:30:01,3002,2026-09-20 08:16:15,1,2026-09-20 08:16:15,False,,bajo,False
2026-09-21 02:30:01,3009,2026-09-20 21:42:03,1,2026-09-20 21:42:03,False,,bajo,False
2026-09-21 02:30:01,3010,2026-09-20 18:09:29,1,2026-09-20 18:09:29,False,,bajo,False
2026-09-21 02:30:01,3011,2026-09-20 10:47:45,1,2026-09-20 10:47:45,False,,bajo,False
2026-09-21 02:30:01,3013,2026-09-19 22:49:21,1,2026-09-19 22:49:21,False,,bajo,False
2026-09-21 02:30:01,3020,2026-09-20 15:03:50,1,2026-09-20 15:03:50,False,,bajo,False
2026-09-21 02:30:01,3022,2026-09-20 21:47:52,1,2026-09-20 21:47:52,False,,bajo,False
2026-09-21 02:30:01,3024,2026-09-20 21:12:13,1,2026-09-20 21:12:13,False,,bajo,False
2026-09-21 02:30:01,3026,2026-09-17 11:27:35,1,2026-09-17 11:27:35,False,,bajo,False
2026-09-21 02:30:01,3027,2026-09-19 12:08:15,1,2026-09-19 12:08:15,False,,bajo,False
2026-09-21 02:30:01,3029,2026-09-21 02:02:21,1,2026-09-21 02:02:21,False,,medio,True
2026-09-21 02:30:01,3036,2025-03-13 16:18:25,1,2025-03-13 16:18:25,False,,bajo,False
2026-09-21 02:30:01,3039,2026-09-20 23:02:54,1,2026-09-20 23:02:54,False,,bajo,False
2026-09-21 02:30:01,3060,2026-09-20 23:59:13,1,2026-09-20 23:59:13,False,,bajo,False
2026-09-21 02:30:01,3064,2026-09-21 02:03:55,1,2026-09-21 02:03:55,False,,bajo,True
2026-09-21 02:30:01,3065,2026-06-03 06:29:32,1,2026-06-03 06:29:32,False,,bajo,False
2026-09-21 02:30:01,3074,2026-09-20 23:26:32,1,2026-09-20 23:26:32,False,,bajo,False
2026-09-21 02:30:01,3076,2026-09-19 17:50:55,1,2026-09-19 17:50:55,False,,bajo,False
2026-09-21 02:30:01,3079,2026-09-20 21:18:24,1,2026-09-20 21:18:24,False,,bajo,False
2026-09-21 02:30:01,3084,2026-09-20 18:51:41,1,2026-09-20 18:51:41,False,,bajo,False
2026-09-21 02:30:01,3086,2026-09-20 14:50:53,1,2026-09-20 14:50:53,False,,bajo,False
2026-09-21 02:30:01,3087,2026-09-20 20:33:53,1,2026-09-20 20:33:53,False,,bajo,False
2026-09-21 02:30:01,3099,2026-09-21 02:18:36,1,2026-09-21 02:18:36,False,,medio,True
2026-09-21 02:30:01,3101,2026-09-19 05:47:17,1,2026-09-19 05:47:17,False,,bajo,False
2026-09-21 02:30:01,3117,2026-09-19 22:56:34,1,2026-09-19 22:56:34,False,,bajo,False
2026-09-21 02:30:01,3121,2026-09-20 22:13:41,1,2026-09-20 22:13:41,False,,bajo,False
2026-09-21 02:30:01,3132,2026-09-20 18:08:31,1,2026-09-20 18:08:31,False,,bajo,False
2026-09-21 02:30:01,3138,2026-09-19 07:11:58,1,2026-09-19 07:11:58,False,,bajo,False
2026-09-21 02:30:01,3141,2026-09-19 17:09:24,1,2026-09-19 17:09:24,False,,bajo,False
2026-09-21 02:30:01,3144,2026-09-20 22:02:20,1,2026-09-20 22:02:20,False,,bajo,False
2026-09-21 02:30:01,3145,2026-09-20 22:09:47,1,2026-09-20 22:09:47,False,,bajo,False
2026-09-21 02:30:01,3146,2026-09-20 22:20:35,1,2026-09-20 22:20:35,False,,bajo,False
2026-09-21 02:30:01,3151,2026-09-17 15:15:34,1,2026-09-17 15:15:34,False,,bajo,False
2026-09-21 02:30:01,3154,2026-09-20 23:37:17,1,2026-09-20 23:37:17,False,,bajo,False
2026-09-21 02:30:01,3155,2026-09-20 19:57:01,1,2026-09-20 19:57:01,False,,bajo,False
2026-09-21 02:30:01,3159,2026-09-21 00:16:24,1,2026-09-21 00:16:24,False,,bajo,False
2026-09-21 02:30:01,3160,2026-09-18 23:59:57,1,2026-09-18 23:59:57,False,,bajo,False
2026-09-21 02:30:01,3161,2026-09-20 21:05:32,1,2026-09-20 21:05:32,False,,bajo,False
2026-09-21 02:30:01,3162,2026-06-03 06:14:04,1,2026-06-03 06:14:04,False,,bajo,False
2026-09-21 02:30:01,3169,2026-09-20 18:08:55,1,2026-09-20 18:08:55,False,,bajo,False
2026-09-21 02:30:01,3172,2026-09-19 04:47:27,1,2026-09-19 04:47:27,False,,bajo,False
2026-09-21 02:30:01,3178,2026-09-20 21:54:08,1,2026-09-20 21:54:08,False,,bajo,False
2026-09-21 02:30:01,3184,2026-09-20 22:53:24,1,2026-09-20 22:53:24,False,,bajo,False
2026-09-21 02:30:01,3185,2026-09-20 22:02:05,1,2026-09-20 22:02:05,False,,bajo,False
2026-09-21 02:30:01,3187,2026-09-20 21:32:04,1,2026-09-20 21:32:04,False,,bajo,False
2026-09-21 02:30:01,3191,2026-09-18 18:17:13,1,2026-09-18 18:17:13,False,,bajo,False
2026-09-21 02:30:01,3199,2026-09-20 23:10:13,1,2026-09-20 23:10:13,False,,bajo,False
2026-09-21 02:30:01,3202,2026-09-19 10:32:21,1,2026-09-19 10:32:21,False,,bajo,False
2026-09-21 02:30:01,3203,2026-09-21 01:54:35,1,2026-09-21 01:54:35,False,,medio,True
2026-09-21 02:30:01,3204,2026-09-21 01:10:33,1,2026-09-21 01:10:33,False,,bajo,False
2026-09-21 02:30:01,3207,2026-09-21 00:40:02,1,2026-09-21 00:40:02,False,,bajo,False
2026-09-21 02:30:01,3208,2026-09-20 19:14:39,1,2026-09-20 19:14:39,False,,bajo,False
2026-09-21 02:30:01,3216,2026-09-18 19:04:38,1,2026-09-18 19:04:38,False,,bajo,False
2026-09-21 02:30:01,3222,2026-09-21 01:39:32,1,2026-09-21 01:39:32,False,,bajo,False
2026-09-21 02:30:01,3224,2026-09-16 10:24:41,1,2026-09-16 10:24:41,False,,bajo,False
2026-09-21 02:30:01,3225,2026-09-18 16:32:14,1,2026-09-18 16:32:14,False,,bajo,False
2026-09-21 02:30:01,3227,2026-09-21 01:55:50,1,2026-09-21 01:55:50,False,,bajo,True
2026-09-21 02:30:01,3232,2026-09-20 21:46:13,1,2026-09-20 21:46:13,False,,bajo,False
2026-09-21 02:30:01,3239,2026-09-20 21:13:05,1,2026-09-20 21:13:05,False,,bajo,False
2026-09-21 02:30:01,3242,2026-09-19 08:45:49,1,2026-09-19 08:45:49,False,,bajo,False
2026-09-21 02:30:01,3243,2026-09-14 07:02:04,1,2026-09-14 07:02:04,False,,bajo,False
2026-09-21 02:30:01,3244,2026-09-19 20:15:04,1,2026-09-19 20:15:04,False,,bajo,False
2026-09-21 02:30:01,3259,2026-09-20 18:22:22,1,2026-09-20 18:22:22,False,,bajo,False
2026-09-21 02:30:01,3264,2026-09-19 12:49:15,1,2026-09-19 12:49:15,False,,bajo,False
2026-09-21 02:30:01,3266,2026-09-20 07:28:16,1,2026-09-20 07:28:16,False,,bajo,False
2026-09-21 02:30:01,4018,2026-09-21 00:29:08,1,2026-09-21 00:29:08,False,,bajo,False
2026-09-21 02:30:01,4024,2026-09-20 18:42:06,1,2026-09-20 18:42:06,False,,bajo,False
2026-09-21 02:30:01,1724,2026-06-03 08:15:44,2,2026-06-03 08:15:44,False,,bajo,False
2026-09-21 02:30:01,1744,2026-06-03 06:32:42,2,2026-06-03 06:32:42,False,,bajo,False
2026-09-21 02:30:01,1766,2026-06-03 17:35:31,2,2026-06-03 17:35:31,False,,bajo,False
2026-09-21 02:30:01,1784,2026-06-03 17:31:00,2,2026-06-03 17:31:00,False,,bajo,False
2026-09-21 02:30:01,1805,2026-06-03 17:31:00,2,2026-06-03 17:31:00,False,,bajo,False
2026-09-21 02:30:01,1824,2026-06-03 17:31:00,2,2026-06-03 17:31:00,False,,bajo,False
2026-09-21 02:30:01,1844,2026-06-03 17:31:00,2,2026-06-03 17:31:00,False,,bajo,False
2026-09-21 02:30:01,1845,2026-06-03 17:31:27,2,2026-06-03 17:31:27,False,,bajo,False
2026-09-21 02:30:01,1887,2026-08-05 15:28:49,2,2026-08-05 15:28:49,False,,bajo,False
2026-09-21 02:30:01,1924,2026-06-03 17:31:00,2,2026-06-03 17:31:00,False,,bajo,False
2026-09-21 02:30:01,1926,2026-06-03 06:42:55,2,2026-06-03 06:42:55,False,,bajo,False
2026-09-21 02:30:01,1944,2026-06-03 17:31:00,2,2026-06-03 17:31:00,False,,bajo,False
2026-09-21 02:30:01,1945,2026-09-09 10:38:27,2,2026-09-09 10:38:27,False,,bajo,False
2026-09-21 02:30:01,2190,2025-03-13 16:03:26,2,2025-03-13 16:03:26,False,,bajo,False
2026-09-21 02:30:01,2193,2026-06-03 17:33:58,2,2026-06-03 17:33:58,False,,bajo,False
2026-09-21 02:30:01,2205,2026-06-02 08:49:39,2,2026-06-02 08:49:39,False,,bajo,False
2026-09-21 02:30:01,2208,2026-07-20 15:35:36,2,2026-07-20 15:35:36,False,,bajo,False
2026-09-21 02:30:01,2224,2026-06-03 08:23:23,2,2026-06-03 08:23:23,False,,bajo,False
2026-09-21 02:30:01,2229,2026-06-03 07:24:01,2,2026-06-03 07:24:01,False,,bajo,False
2026-09-21 02:30:01,2250,2026-06-03 08:23:15,2,2026-06-03 08:23:15,False,,bajo,False
2026-09-21 02:30:01,2335,2026-06-03 06:08:53,2,2026-06-03 06:08:53,False,,bajo,False
2026-09-21 02:30:01,2411,2026-06-03 08:44:37,2,2026-06-03 08:44:37,False,,bajo,False
2026-09-21 02:30:01,2465,2026-06-03 06:28:44,2,2026-06-03 06:28:44,False,,bajo,False
2026-09-21 02:30:01,2466,2025-03-13 16:03:26,2,2025-03-13 16:03:26,False,,bajo,False
2026-09-21 02:30:01,2468,2026-06-03 08:40:08,2,2026-06-03 08:40:08,False,,bajo,False
2026-09-21 02:30:01,2706,2026-06-03 05:15:51,2,2026-06-03 05:15:51,False,,bajo,False
2026-09-21 02:30:01,2724,2026-08-22 11:08:53,2,2026-08-22 11:08:53,False,,bajo,False
2026-09-21 02:30:01,2730,2026-06-03 08:24:08,2,2026-06-03 08:24:08,False,,bajo,False
2026-09-21 02:30:01,2743,2026-06-03 08:33:58,2,2026-06-03 08:33:58,False,,bajo,False
2026-09-21 02:30:01,2744,2026-06-03 08:26:24,2,2026-06-03 08:26:24,False,,bajo,False
2026-09-21 02:30:01,2768,2026-06-03 08:23:19,2,2026-06-03 08:23:19,False,,bajo,False
2026-09-21 02:30:01,2770,2026-06-03 08:28:44,2,2026-06-03 08:28:44,False,,bajo,False
2026-09-21 02:30:01,2773,2026-06-03 08:42:23,2,2026-06-03 08:42:23,False,,bajo,False
2026-09-21 02:30:01,2780,2026-06-03 08:31:16,2,2026-06-03 08:31:16,False,,bajo,False
2026-09-21 02:30:01,2781,2026-06-03 08:39:47,2,2026-06-03 08:39:47,False,,bajo,False
2026-09-21 02:30:01,2922,2026-06-03 07:54:30,2,2026-06-03 07:54:30,False,,bajo,False
2026-09-21 02:30:01,2983,2026-06-03 08:26:35,2,2026-06-03 08:26:35,False,,bajo,False
2026-09-21 02:30:01,2993,2026-05-28 08:20:47,2,2026-05-28 08:20:47,False,,bajo,False
2026-09-21 02:30:01,3002,2025-03-13 16:03:26,2,2025-03-13 16:03:26,False,,bajo,False
2026-09-21 02:30:01,3020,2026-06-03 08:31:34,2,2026-06-03 08:31:34,False,,bajo,False
2026-09-21 02:30:01,3065,2026-06-03 06:29:32,2,2026-06-03 06:29:32,False,,bajo,False
2026-09-21 02:30:01,3086,2026-06-03 08:38:54,2,2026-06-03 08:38:54,False,,bajo,False
2026-09-21 02:30:01,3087,2026-06-03 02:06:08,2,2026-06-03 02:06:08,False,,bajo,False
2026-09-21 02:30:01,3151,2026-06-03 07:25:54,2,2026-06-03 07:25:54,False,,bajo,False
2026-09-21 02:30:01,3160,2026-06-03 03:28:18,2,2026-06-03 03:28:18,False,,bajo,False
2026-09-21 02:30:01,3199,2026-06-03 08:41:17,2,2026-06-03 08:41:17,False,,bajo,False
2026-09-21 02:30:01,3203,2026-06-03 08:22:47,2,2026-06-03 08:22:47,False,,bajo,False
2026-09-21 02:30:01,3204,2026-06-03 07:54:17,2,2026-06-03 07:54:17,False,,bajo,False
2026-09-21 02:30:01,3207,2026-06-03 07:05:01,2,2026-06-03 07:05:01,False,,bajo,False
2026-09-21 02:30:01,3227,2025-03-13 16:03:26,2,2025-03-13 16:03:26,False,,bajo,False
2026-09-21 02:30:01,1846,2026-06-03 08:24:16,3,2026-06-03 08:24:16,False,,bajo,False
2026-09-21 02:30:01,2193,2026-06-03 03:28:55,3,2026-06-03 03:28:55,False,,bajo,False
2026-09-21 02:30:01,2208,2026-06-03 08:31:26,3,2026-06-03 08:31:26,False,,bajo,False
2026-09-21 02:30:01,2330,2026-06-03 07:45:12,3,2026-06-03 07:45:12,False,,bajo,False
2026-09-21 02:30:01,2415,2026-06-03 08:47:45,3,2026-06-03 08:47:45,False,,bajo,False
2026-09-21 02:30:01,2466,2026-06-03 08:38:32,3,2026-06-03 08:38:32,False,,bajo,False
2026-09-21 02:30:01,2582,2026-06-03 08:15:54,3,2026-06-03 08:15:54,False,,bajo,False
2026-09-21 02:30:01,2665,2026-06-03 07:10:20,3,2026-06-03 07:10:20,False,,bajo,False
2026-09-21 02:30:01,2718,2026-06-03 07:28:18,3,2026-06-03 07:28:18,False,,bajo,False
2026-09-21 02:30:01,2722,2026-06-03 06:10:37,3,2026-06-03 06:10:37,False,,bajo,False
2026-09-21 02:30:01,2751,2026-06-03 07:40:08,3,2026-06-03 07:40:08,False,,bajo,False
2026-09-21 02:30:01,2858,2026-06-03 00:31:15,3,2026-06-03 00:31:15,False,,bajo,False
2026-09-21 02:30:01,2993,2026-05-28 08:20:47,3,2026-05-28 08:20:47,False,,bajo,False
2026-09-21 02:30:01,2994,2026-06-03 07:45:41,3,2026-06-03 07:45:41,False,,bajo,False
2026-09-21 02:30:01,3010,2026-06-03 08:19:28,3,2026-06-03 08:19:28,False,,bajo,False
2026-09-21 02:30:01,3011,2026-06-03 08:45:02,3,2026-06-03 08:45:02,False,,bajo,False
2026-09-21 02:30:01,3024,2026-06-03 07:31:40,3,2026-06-03 07:31:40,False,,bajo,False
2026-09-21 02:30:01,3026,2026-06-03 08:11:53,3,2026-06-03 08:11:53,False,,bajo,False
2026-09-21 02:30:01,3027,2026-06-03 08:24:41,3,2026-06-03 08:24:41,False,,bajo,False
2026-09-21 02:30:01,3074,2026-06-03 06:59:32,3,2026-06-03 06:59:32,False,,bajo,False
2026-09-21 02:30:01,3079,2026-06-03 07:50:16,3,2026-06-03 07:50:16,False,,bajo,False
2026-09-21 02:30:01,3086,2026-06-03 08:38:54,3,2026-06-03 08:38:54,False,,bajo,False
2026-09-21 02:30:01,3087,2026-06-03 02:06:08,3,2026-06-03 02:06:08,False,,bajo,False
2026-09-21 02:30:01,3132,2026-06-03 08:15:52,3,2026-06-03 08:15:52,False,,bajo,False
2026-09-21 02:30:01,3160,2026-06-03 03:28:18,3,2026-06-03 03:28:18,False,,bajo,False
2026-09-21 02:30:01,3172,2026-06-03 08:52:22,3,2026-06-03 08:52:22,False,,bajo,False
2026-09-21 02:30:01,3203,2026-06-03 17:31:00,3,2026-06-03 17:31:00,False,,bajo,False
2026-09-21 02:30:01,3204,2026-06-03 07:54:17,3,2026-06-03 07:54:17,False,,bajo,False
2026-09-21 02:30:01,3207,2026-06-03 07:05:01,3,2026-06-03 07:05:01,False,,bajo,False
2026-09-21 02:30:01,3222,2026-06-03 08:54:14,3,2026-06-03 08:54:14,False,,bajo,False
2026-09-21 02:30:01,2362,2026-09-20 22:40:11,0,2026-09-20 22:40:11,False,,bajo,False
2026-09-21 02:30:01,2815,2026-09-20 16:31:56,0,2026-09-20 16:31:56,False,,bajo,False
2026-09-21 02:30:01,2817,2026-09-19 21:23:06,0,2026-09-19 21:23:06,False,,bajo,False
2026-09-21 02:30:01,2818,2026-09-19 20:55:40,0,2026-09-19 20:55:40,False,,bajo,False
2026-09-21 02:30:01,2820,2026-09-20 20:32:57,0,2026-09-20 20:32:57,False,,bajo,False
2026-09-21 02:30:01,2821,2026-09-20 12:52:52,0,2026-09-20 12:52:52,False,,bajo,False
2026-09-21 02:30:01,2822,2026-09-20 12:19:19,0,2026-09-20 12:19:19,False,,bajo,False
2026-09-21 02:30:01,2823,2026-09-20 22:04:18,0,2026-09-20 22:04:18,False,,bajo,False
2026-09-21 02:30:01,2824,2026-09-20 10:41:25,0,2026-09-20 10:41:25,False,,bajo,False
2026-09-21 02:30:01,2827,2026-09-19 20:37:26,0,2026-09-19 20:37:26,False,,bajo,False
2026-09-21 02:30:01,2828,2026-08-27 14:39:54,0,2026-08-27 14:39:54,False,,bajo,False
2026-09-21 02:30:01,2833,2026-09-20 16:54:17,0,2026-09-20 16:54:17,False,,bajo,False
2026-09-21 02:30:01,2931,2026-09-20 13:45:01,0,2026-09-20 13:45:01,False,,bajo,False
2026-09-21 02:30:01,2932,2026-09-20 14:43:10,0,2026-09-20 14:43:10,False,,bajo,False
2026-09-21 02:30:01,2949,2026-09-20 22:01:25,0,2026-09-20 22:01:25,False,,bajo,False
2026-09-21 02:30:01,2952,2026-09-19 21:02:30,0,2026-09-19 21:02:30,False,,bajo,False
2026-09-21 02:30:01,2953,2026-09-20 21:48:06,0,2026-09-20 21:48:06,False,,bajo,False
2026-09-21 02:30:01,2969,2026-09-20 14:55:21,0,2026-09-20 14:55:21,False,,bajo,False
2026-09-21 02:30:01,2995,2026-09-20 16:40:21,0,2026-09-20 16:40:21,False,,bajo,False
2026-09-21 02:30:01,3017,2026-09-20 10:29:42,0,2026-09-20 10:29:42,False,,bajo,False
2026-09-21 02:30:01,3021,2026-09-20 16:14:15,0,2026-09-20 16:14:15,False,,bajo,False
2026-09-21 02:30:01,3068,2026-09-20 13:26:46,0,2026-09-20 13:26:46,False,,bajo,False
2026-09-21 02:30:01,3080,2026-09-20 19:06:17,0,2026-09-20 19:06:17,False,,bajo,False
2026-09-21 02:30:01,3089,2026-09-19 20:42:10,0,2026-09-19 20:42:10,False,,bajo,False
2026-09-21 02:30:01,3111,2026-09-20 16:15:01,0,2026-09-20 16:15:01,False,,bajo,False
2026-09-21 02:30:01,3112,2026-09-18 17:16:32,0,2026-09-18 17:16:32,False,,bajo,False
2026-09-21 02:30:01,3142,2026-09-19 13:47:00,0,2026-09-19 13:47:00,False,,bajo,False
2026-09-21 02:30:01,3181,2026-09-20 21:50:56,0,2026-09-20 21:50:56,False,,bajo,False
2026-09-21 02:30:01,3205,2026-09-19 17:14:04,0,2026-09-19 17:14:04,False,,bajo,False
2026-09-21 02:30:01,3233,2026-09-20 22:29:33,0,2026-09-20 22:29:33,False,,bajo,False
2026-09-21 02:30:01,2362,2026-09-20 13:51:01,1,2026-09-20 13:51:01,False,,bajo,False
2026-09-21 02:30:01,2815,2026-09-20 15:27:42,1,2026-09-20 15:27:42,False,,bajo,False
2026-09-21 02:30:01,2817,2026-09-19 21:33:06,1,2026-09-19 21:33:06,False,,bajo,False
2026-09-21 02:30:01,2818,2026-09-20 16:18:46,1,2026-09-20 16:18:46,False,,bajo,False
2026-09-21 02:30:01,2820,2026-06-03 07:57:34,1,2026-06-03 07:57:34,False,,bajo,False
2026-09-21 02:30:01,2821,2026-09-20 18:06:39,1,2026-09-20 18:06:39,False,,bajo,False
2026-09-21 02:30:01,2822,2026-09-20 18:27:23,1,2026-09-20 18:27:23,False,,bajo,False
2026-09-21 02:30:01,2823,2026-09-20 22:51:25,1,2026-09-20 22:51:25,False,,bajo,False
2026-09-21 02:30:01,2824,2026-09-20 20:23:03,1,2026-09-20 20:23:03,False,,bajo,False
2026-09-21 02:30:01,2827,2026-09-20 11:10:49,1,2026-09-20 11:10:49,False,,bajo,False
2026-09-21 02:30:01,2828,2026-09-21 00:11:02,1,2026-09-21 00:11:02,False,,bajo,False
2026-09-21 02:30:01,2833,2026-09-20 14:32:06,1,2026-09-20 14:32:06,False,,bajo,False
2026-09-21 02:30:01,2931,2026-09-20 23:16:09,1,2026-09-20 23:16:09,False,,bajo,False
2026-09-21 02:30:01,2932,2026-09-20 23:00:31,1,2026-09-20 23:00:31,False,,bajo,False
2026-09-21 02:30:01,2949,2026-09-20 20:56:19,1,2026-09-20 20:56:19,False,,bajo,False
2026-09-21 02:30:01,2952,2026-09-20 18:33:10,1,2026-09-20 18:33:10,False,,bajo,False
2026-09-21 02:30:01,2953,2026-09-19 17:35:38,1,2026-09-19 17:35:38,False,,bajo,False
2026-09-21 02:30:01,2969,2026-09-21 02:16:20,1,2026-09-21 02:16:20,False,,medio,True
2026-09-21 02:30:01,2995,2026-09-20 17:12:51,1,2026-09-20 17:12:51,False,,bajo,False
2026-09-21 02:30:01,3017,2026-09-20 18:25:44,1,2026-09-20 18:25:44,False,,bajo,False
2026-09-21 02:30:01,3021,2026-09-20 11:47:27,1,2026-09-20 11:47:27,False,,bajo,False
2026-09-21 02:30:01,3068,2026-09-18 14:39:36,1,2026-09-18 14:39:36,False,,bajo,False
2026-09-21 02:30:01,3080,2026-09-19 18:59:10,1,2026-09-19 18:59:10,False,,bajo,False
2026-09-21 02:30:01,3089,2026-09-19 17:47:40,1,2026-09-19 17:47:40,False,,bajo,False
2026-09-21 02:30:01,3111,2026-09-20 14:57:30,1,2026-09-20 14:57:30,False,,bajo,False
2026-09-21 02:30:01,3112,2026-09-18 12:44:16,1,2026-09-18 12:44:16,False,,bajo,False
2026-09-21 02:30:01,3142,2026-09-20 16:47:55,1,2026-09-20 16:47:55,False,,bajo,False
2026-09-21 02:30:01,3181,2026-09-20 21:20:33,1,2026-09-20 21:20:33,False,,bajo,False
2026-09-21 02:30:01,3233,2026-09-19 10:01:36,1,2026-09-19 10:01:36,False,,bajo,False
2026-09-21 02:30:01,2736,2026-09-20 14:31:37,0,2026-09-20 14:31:37,False,,bajo,False
2026-09-21 02:30:01,2755,2026-09-20 13:18:44,0,2026-09-20 13:18:44,False,,bajo,False
2026-09-21 02:30:01,2908,2026-09-20 22:40:34,0,2026-09-20 22:40:34,False,,bajo,False
2026-09-21 02:30:01,3072,2025-03-13 16:03:26,0,2025-03-13 16:03:26,False,,bajo,False
2026-09-21 02:30:01,3100,2026-09-20 23:46:35,0,2026-09-20 23:46:35,False,,bajo,False
2026-09-21 02:30:01,3170,2026-09-20 08:34:51,0,2026-09-20 08:34:51,False,,bajo,False
2026-09-21 02:30:01,2736,2026-09-20 21:32:30,1,2026-09-20 21:32:30,False,,bajo,False
2026-09-21 02:30:01,2755,2026-09-20 21:36:04,1,2026-09-20 21:36:04,False,,bajo,False
2026-09-21 02:30:01,2908,2026-09-20 18:19:05,1,2026-09-20 18:19:05,False,,bajo,False
2026-09-21 02:30:01,3072,2025-03-13 16:03:26,1,2025-03-13 16:03:26,False,,bajo,False
2026-09-21 02:30:01,3100,2026-09-20 15:13:01,1,2026-09-20 15:13:01,False,,bajo,False
2026-09-21 02:30:01,3170,2026-09-20 13:54:02,1,2026-09-20 13:54:02,False,,bajo,False
