fecha_actualizacion,id_eess,fecha_actualizacion_sistema,id_producto_abs,fecha_ultima_venta,despacho_en_curso,fecha_hora_despacho,saldo_estado,con_venta
2026-10-05 05:14:41,2456,2026-10-03 02:55:39,0,2026-10-03 02:55:39,False,,bajo,True
2026-10-05 05:14:41,2458,2026-10-03 20:58:12,0,2026-10-03 20:58:12,False,,medio,True
2026-10-05 05:14:41,2491,2026-10-03 20:24:32,0,2026-10-03 20:24:32,False,,bajo,False
2026-10-05 05:14:41,2494,2026-10-04 03:45:08,0,2026-10-04 03:45:08,False,,bajo,True
2026-10-05 05:14:41,2501,2026-10-03 18:53:55,0,2026-10-03 18:53:55,False,,bajo,True
2026-10-05 05:14:41,2531,2026-10-04 00:28:04,0,2026-10-04 00:28:04,False,,alto,False
2026-10-05 05:14:41,2545,2026-10-04 18:37:42,0,2026-10-04 18:37:42,False,,bajo,True
2026-10-05 05:14:41,2551,2026-10-03 19:25:05,0,2026-10-03 19:25:05,False,,bajo,True
2026-10-05 05:14:41,2639,2026-09-30 11:12:46,0,2026-09-30 11:12:46,False,,bajo,False
2026-10-05 05:14:41,2670,2026-10-05 04:47:25,0,2026-10-05 04:47:25,False,,bajo,True
2026-10-05 05:14:41,2675,2026-10-03 20:47:54,0,2026-10-03 20:47:54,False,,bajo,True
2026-10-05 05:14:41,2704,2026-10-03 20:07:07,0,2026-10-03 20:07:07,False,,bajo,False
2026-10-05 05:14:41,2705,2026-10-04 00:51:24,0,2026-10-04 00:51:24,False,,bajo,False
2026-10-05 05:14:41,2719,2025-06-26 16:00:33,0,2025-06-26 16:00:33,False,,bajo,False
2026-10-05 05:14:41,2728,2026-10-02 21:16:55,0,2026-10-02 21:16:55,False,,bajo,True
2026-10-05 05:14:41,2731,2026-10-03 05:22:26,0,2026-10-03 05:22:26,False,,bajo,False
2026-10-05 05:14:41,2869,2026-10-04 08:36:48,0,2026-10-04 08:36:48,False,,bajo,True
2026-10-05 05:14:41,2881,2026-10-03 20:01:06,0,2026-10-03 20:01:06,False,,bajo,True
2026-10-05 05:14:41,2903,2026-09-30 21:18:04,0,2026-09-30 21:18:04,False,,bajo,False
2026-10-05 05:14:41,2939,2026-10-05 04:40:11,0,2026-10-05 04:40:11,False,,bajo,True
2026-10-05 05:14:41,2940,2026-10-03 10:44:50,0,2026-10-03 10:44:50,False,,bajo,True
2026-10-05 05:14:41,3051,2026-10-03 02:56:36,0,2026-10-03 02:56:36,False,,bajo,True
2026-10-05 05:14:41,3078,2026-10-05 03:42:14,0,2026-10-05 03:42:14,False,,bajo,True
2026-10-05 05:14:41,3114,2026-10-01 20:04:22,0,2026-10-01 20:04:22,False,,bajo,False
2026-10-05 05:14:41,3118,2026-10-04 22:21:48,0,2026-10-04 22:21:48,False,,bajo,False
2026-10-05 05:14:41,3119,2026-10-04 16:19:48,0,2026-10-04 16:19:48,False,,bajo,False
2026-10-05 05:14:41,3164,2026-10-04 02:39:26,0,2026-10-04 02:39:26,False,,alto,True
2026-10-05 05:14:41,3249,2026-09-30 19:44:38,0,2026-09-30 19:44:38,False,,bajo,False
2026-10-05 05:14:41,2456,2026-10-04 21:05:55,1,2026-10-04 21:05:55,False,,bajo,True
2026-10-05 05:14:41,2458,2026-10-03 22:08:41,1,2026-10-03 22:08:41,False,,alto,True
2026-10-05 05:14:41,2491,2026-10-05 04:15:24,1,2026-10-05 04:15:24,False,,bajo,True
2026-10-05 05:14:41,2494,2026-10-05 04:56:19,1,2026-10-05 04:56:19,False,,alto,True
2026-10-05 05:14:41,2501,2026-10-05 04:11:47,1,2026-10-05 04:11:47,False,,bajo,True
2026-10-05 05:14:41,2531,2026-10-05 04:58:24,1,2026-10-05 04:58:24,False,,alto,True
2026-10-05 05:14:41,2545,2026-10-05 04:49:02,1,2026-10-05 04:49:02,False,,bajo,True
2026-10-05 05:14:41,2551,2026-10-05 00:45:02,1,2026-10-05 00:45:02,False,,bajo,True
2026-10-05 05:14:41,2639,2026-10-04 20:14:14,1,2026-10-04 20:14:14,False,,bajo,False
2026-10-05 05:14:41,2670,2026-10-05 00:40:25,1,2026-10-05 00:40:25,False,,bajo,False
2026-10-05 05:14:41,2675,2026-10-05 05:06:32,1,2026-10-05 05:06:32,False,,bajo,True
2026-10-05 05:14:41,2704,2026-10-04 23:36:59,1,2026-10-04 23:36:59,False,,bajo,False
2026-10-05 05:14:41,2705,2026-10-05 04:59:57,1,2026-10-05 04:59:57,False,,bajo,True
2026-10-05 05:14:41,2728,2026-10-05 04:39:10,1,2026-10-05 04:39:10,False,,bajo,False
2026-10-05 05:14:41,2731,2026-10-05 05:03:01,1,2026-10-05 05:03:01,False,,bajo,True
2026-10-05 05:14:41,2869,2026-10-05 05:02:21,1,2026-10-05 05:02:21,False,,bajo,True
2026-10-05 05:14:41,2881,2026-10-05 05:06:18,1,2026-10-05 05:06:18,False,,bajo,True
2026-10-05 05:14:41,2903,2026-10-04 18:44:28,1,2026-10-04 18:44:28,False,,bajo,False
2026-10-05 05:14:41,2939,2026-10-05 00:58:55,1,2026-10-05 00:58:55,False,,bajo,True
2026-10-05 05:14:41,2940,2026-10-04 20:57:39,1,2026-10-04 20:57:39,False,,bajo,False
2026-10-05 05:14:41,3051,2026-10-03 07:20:03,1,2026-10-03 07:20:03,False,,bajo,True
2026-10-05 05:14:41,3078,2026-10-05 01:41:33,1,2026-10-05 01:41:33,False,,bajo,True
2026-10-05 05:14:41,3114,2026-10-04 21:10:22,1,2026-10-04 21:10:22,False,,bajo,False
2026-10-05 05:14:41,3118,2026-09-30 20:24:30,1,2026-09-30 20:24:30,False,,bajo,False
2026-10-05 05:14:41,3119,2026-10-04 15:41:25,1,2026-10-04 15:41:25,False,,bajo,False
2026-10-05 05:14:41,3249,2026-10-04 20:51:24,1,2026-10-04 20:51:24,False,,bajo,False
2026-10-05 05:14:41,2289,2026-10-05 00:48:54,0,2026-10-05 00:48:54,False,,bajo,False
2026-10-05 05:14:41,2292,2026-10-05 05:09:52,0,2026-10-05 05:09:52,False,,bajo,True
2026-10-05 05:14:41,2304,2026-06-03 08:24:38,0,2026-06-03 08:24:38,False,,bajo,False
2026-10-05 05:14:41,2329,2026-10-05 01:41:12,0,2026-10-05 01:41:12,False,,bajo,True
2026-10-05 05:14:41,2332,2026-10-04 14:49:38,0,2026-10-04 14:49:38,False,,bajo,True
2026-10-05 05:14:41,2359,2026-10-04 20:30:40,0,2026-10-04 20:30:40,False,,bajo,True
2026-10-05 05:14:41,2360,2026-10-04 20:29:35,0,2026-10-04 20:29:35,False,,bajo,True
2026-10-05 05:14:41,2361,2025-03-13 16:03:26,0,2025-03-13 16:03:26,False,,bajo,False
2026-10-05 05:14:41,2384,2026-10-04 17:54:37,0,2026-10-04 17:54:37,False,,bajo,True
2026-10-05 05:14:41,2394,2026-10-04 22:44:10,0,2026-10-04 22:44:10,False,,medio,True
2026-10-05 05:14:41,2395,2026-10-04 03:18:51,0,2026-10-04 03:18:51,False,,bajo,True
2026-10-05 05:14:41,2405,2026-10-04 12:36:42,0,2026-10-04 12:36:42,False,,bajo,True
2026-10-05 05:14:41,2447,2026-10-03 16:27:45,0,2026-10-03 16:27:45,False,,bajo,False
2026-10-05 05:14:41,2448,2026-10-03 14:31:58,0,2026-10-03 14:31:58,False,,bajo,True
2026-10-05 05:14:41,2449,2026-10-04 18:26:16,0,2026-10-04 18:26:16,False,,bajo,False
2026-10-05 05:14:41,2450,2026-10-03 14:36:49,0,2026-10-03 14:36:49,False,,bajo,False
2026-10-05 05:14:41,2453,2026-10-04 15:31:43,0,2026-10-04 15:31:43,False,,bajo,True
2026-10-05 05:14:41,2454,2026-10-04 13:37:41,0,2026-10-04 13:37:41,False,,bajo,True
2026-10-05 05:14:41,2457,2026-10-04 17:22:24,0,2026-10-04 17:22:24,False,,bajo,True
2026-10-05 05:14:41,2470,2026-10-05 05:05:47,0,2026-10-05 05:05:47,False,,bajo,True
2026-10-05 05:14:41,2478,2026-10-04 16:34:36,0,2026-10-04 16:34:36,False,,bajo,True
2026-10-05 05:14:41,2479,2026-10-04 23:27:23,0,2026-10-04 23:27:23,False,,bajo,True
2026-10-05 05:14:41,2487,2026-10-04 16:44:51,0,2026-10-04 16:44:51,False,,bajo,False
2026-10-05 05:14:41,2490,2025-03-13 16:03:27,0,2025-03-13 16:03:27,False,,bajo,False
2026-10-05 05:14:41,2493,2025-03-13 16:03:26,0,2025-03-13 16:03:26,False,,bajo,False
2026-10-05 05:14:41,2499,2026-10-05 05:06:32,0,2026-10-05 05:06:32,False,,bajo,True
2026-10-05 05:14:41,2505,2026-10-05 01:36:35,0,2026-10-05 01:36:35,False,,bajo,True
2026-10-05 05:14:41,2507,2026-10-01 19:16:16,0,2026-10-01 19:16:16,False,,bajo,True
2026-10-05 05:14:41,2508,2026-10-04 22:20:00,0,2026-10-04 22:20:00,False,,bajo,True
2026-10-05 05:14:41,2517,2026-10-03 14:27:42,0,2026-10-03 14:27:42,False,,bajo,False
2026-10-05 05:14:41,2518,2026-10-04 15:39:22,0,2026-10-04 15:39:22,False,,bajo,True
2026-10-05 05:14:41,2520,2026-10-04 14:51:27,0,2026-10-04 14:51:27,False,,bajo,True
2026-10-05 05:14:41,2525,2026-10-04 11:06:51,0,2026-10-04 11:06:51,False,,bajo,True
2026-10-05 05:14:41,2526,2026-10-05 01:01:59,0,2026-10-05 01:01:59,False,,bajo,True
2026-10-05 05:14:41,2529,2026-10-04 16:25:40,0,2026-10-04 16:25:40,False,,bajo,True
2026-10-05 05:14:41,2530,2026-09-28 19:13:35,0,2026-09-28 19:13:35,False,,bajo,False
2026-10-05 05:14:41,2532,2026-10-04 20:12:38,0,2026-10-04 20:12:38,False,,bajo,True
2026-10-05 05:14:41,2534,2026-10-04 22:01:25,0,2026-10-04 22:01:25,False,,bajo,True
2026-10-05 05:14:41,2536,2026-10-04 21:48:00,0,2026-10-04 21:48:00,False,,bajo,True
2026-10-05 05:14:41,2539,2025-03-13 16:03:27,0,2025-03-13 16:03:27,False,,bajo,False
2026-10-05 05:14:41,2542,2026-10-05 02:18:36,0,2026-10-05 02:18:36,False,,bajo,True
2026-10-05 05:14:41,2547,2026-10-04 07:33:02,0,2026-10-04 07:33:02,False,,bajo,False
2026-10-05 05:14:41,2548,2026-10-04 15:50:37,0,2026-10-04 15:50:37,False,,medio,True
2026-10-05 05:14:41,2552,2026-10-04 22:07:49,0,2026-10-04 22:07:49,False,,bajo,True
2026-10-05 05:14:41,2557,2026-10-04 23:48:59,0,2026-10-04 23:48:59,False,,alto,True
2026-10-05 05:14:41,2563,2026-10-03 20:34:34,0,2026-10-03 20:34:34,False,,bajo,True
2026-10-05 05:14:41,2571,2026-10-04 12:59:39,0,2026-10-04 12:59:39,False,,bajo,True
2026-10-05 05:14:41,2580,2026-10-03 08:06:30,0,2026-10-03 08:06:30,False,,bajo,False
2026-10-05 05:14:41,2609,2026-10-04 18:35:43,0,2026-10-04 18:35:43,False,,bajo,False
2026-10-05 05:14:41,2610,2026-10-04 18:16:54,0,2026-10-04 18:16:54,False,,bajo,False
2026-10-05 05:14:41,2620,2026-10-04 19:40:48,0,2026-10-04 19:40:48,False,,bajo,True
2026-10-05 05:14:41,2622,2026-10-04 14:36:35,0,2026-10-04 14:36:35,False,,bajo,True
2026-10-05 05:14:41,2630,2026-10-05 00:03:02,0,2026-10-05 00:03:02,False,,bajo,True
2026-10-05 05:14:41,2647,2026-10-05 05:13:52,0,2026-10-05 05:13:52,False,,bajo,True
2026-10-05 05:14:41,2662,2026-10-04 15:16:05,0,2026-10-04 15:16:05,False,,bajo,True
2026-10-05 05:14:41,2677,2026-10-04 20:51:00,0,2026-10-04 20:51:00,False,,bajo,False
2026-10-05 05:14:41,2683,2026-10-04 09:53:26,0,2026-10-04 09:53:26,False,,bajo,False
2026-10-05 05:14:41,2685,2026-10-04 21:31:20,0,2026-10-04 21:31:20,False,,bajo,False
2026-10-05 05:14:41,2689,2026-10-04 15:27:28,0,2026-10-04 15:27:28,False,,medio,True
2026-10-05 05:14:41,2690,2026-10-05 00:06:29,0,2026-10-05 00:06:29,False,,bajo,False
2026-10-05 05:14:41,2694,2025-03-13 16:03:26,0,2025-03-13 16:03:26,False,,bajo,False
2026-10-05 05:14:41,2696,2026-10-05 05:11:08,0,2026-10-05 05:11:08,False,,bajo,False
2026-10-05 05:14:41,2698,2026-10-04 23:00:39,0,2026-10-04 23:00:39,False,,alto,True
2026-10-05 05:14:41,2703,2026-10-03 15:43:08,0,2026-10-03 15:43:08,False,,bajo,True
2026-10-05 05:14:41,2711,2026-10-03 11:06:42,0,2026-10-03 11:06:42,False,,bajo,False
2026-10-05 05:14:41,2715,2026-10-02 18:47:05,0,2026-10-02 18:47:05,False,,bajo,False
2026-10-05 05:14:41,2716,2026-10-04 21:28:27,0,2026-10-04 21:28:27,False,,bajo,True
2026-10-05 05:14:41,2733,2025-03-13 16:03:27,0,2025-03-13 16:03:27,False,,bajo,False
2026-10-05 05:14:41,2742,2026-10-04 22:24:56,0,2026-10-04 22:24:56,False,,bajo,True
2026-10-05 05:14:41,2747,2026-10-04 11:36:48,0,2026-10-04 11:36:48,False,,bajo,True
2026-10-05 05:14:41,2752,2025-03-13 16:03:27,0,2025-03-13 16:03:27,False,,bajo,False
2026-10-05 05:14:41,2764,2026-10-04 20:06:16,0,2026-10-04 20:06:16,False,,bajo,True
2026-10-05 05:14:41,2765,2026-10-04 12:08:11,0,2026-10-04 12:08:11,False,,bajo,False
2026-10-05 05:14:41,2772,2026-06-03 04:57:09,0,2026-06-03 04:57:09,False,,bajo,False
2026-10-05 05:14:41,2774,2026-10-05 05:07:25,0,2026-10-05 05:07:25,False,,bajo,True
2026-10-05 05:14:41,2776,2026-10-04 21:10:00,0,2026-10-04 21:10:00,False,,bajo,False
2026-10-05 05:14:41,2779,2026-10-04 13:03:05,0,2026-10-04 13:03:05,False,,bajo,True
2026-10-05 05:14:41,2783,2026-10-04 15:30:33,0,2026-10-04 15:30:33,False,,bajo,True
2026-10-05 05:14:41,2784,2026-10-04 20:12:50,0,2026-10-04 20:12:50,False,,bajo,False
2026-10-05 05:14:41,2788,2026-10-03 14:06:54,0,2026-10-03 14:06:54,False,,bajo,False
2026-10-05 05:14:41,2793,2026-10-02 15:48:14,0,2026-10-02 15:48:14,False,,bajo,False
2026-10-05 05:14:41,2798,2026-10-05 00:09:47,0,2026-10-05 00:09:47,False,,bajo,True
2026-10-05 05:14:41,2802,2026-06-03 00:08:20,0,2026-06-03 00:08:20,False,,bajo,False
2026-10-05 05:14:41,2805,2026-09-30 20:31:26,0,2026-09-30 20:31:26,False,,bajo,False
2026-10-05 05:14:41,2806,2026-10-05 02:26:32,0,2026-10-05 02:26:32,False,,bajo,True
2026-10-05 05:14:41,2809,2026-10-05 05:12:00,0,2026-10-05 05:12:00,False,,bajo,True
2026-10-05 05:14:41,2811,2026-09-26 20:18:36,0,2026-09-26 20:18:36,False,,bajo,False
2026-10-05 05:14:41,2861,2026-10-05 05:13:11,0,2026-10-05 05:13:11,False,,bajo,True
2026-10-05 05:14:41,2870,2026-10-02 10:13:11,0,2026-10-02 10:13:11,False,,bajo,False
2026-10-05 05:14:41,2873,2026-10-04 20:03:54,0,2026-10-04 20:03:54,False,,bajo,False
2026-10-05 05:14:41,2899,2026-10-04 21:05:18,0,2026-10-04 21:05:18,False,,bajo,True
2026-10-05 05:14:41,2900,2025-03-13 16:18:25,0,2025-03-13 16:18:25,False,,bajo,False
2026-10-05 05:14:41,2912,2026-10-03 18:58:44,0,2026-10-03 18:58:44,False,,alto,True
2026-10-05 05:14:41,2913,2026-10-04 22:48:21,0,2026-10-04 22:48:21,False,,bajo,True
2026-10-05 05:14:41,2928,2026-10-04 19:13:15,0,2026-10-04 19:13:15,False,,alto,False
2026-10-05 05:14:41,2934,2026-10-05 05:13:52,0,2026-10-05 05:13:52,False,,bajo,True
2026-10-05 05:14:41,2943,2026-10-03 10:08:47,0,2026-10-03 10:08:47,False,,bajo,False
2026-10-05 05:14:41,2945,2026-10-03 20:07:32,0,2026-10-03 20:07:32,False,,bajo,False
2026-10-05 05:14:41,2947,2026-10-05 05:12:59,0,2026-10-05 05:12:59,False,,bajo,True
2026-10-05 05:14:41,2956,2026-10-04 19:06:54,0,2026-10-04 19:06:54,False,,medio,False
2026-10-05 05:14:41,2958,2026-10-04 23:42:11,0,2026-10-04 23:42:11,False,,medio,False
2026-10-05 05:14:41,2968,2026-10-05 05:14:03,0,2026-10-05 05:14:03,False,,bajo,False
2026-10-05 05:14:41,3040,2026-10-04 10:46:48,0,2026-10-04 10:46:48,False,,bajo,True
2026-10-05 05:14:41,3052,2026-10-04 09:07:52,0,2026-10-04 09:07:52,False,,bajo,True
2026-10-05 05:14:41,3053,2026-10-04 15:52:27,0,2026-10-04 15:52:27,False,,bajo,True
2026-10-05 05:14:41,3069,2026-10-05 05:13:09,0,2026-10-05 05:13:09,False,,medio,False
2026-10-05 05:14:41,3083,2026-10-04 07:41:48,0,2026-10-04 07:41:48,False,,bajo,False
2026-10-05 05:14:41,3092,2026-10-04 16:00:25,0,2026-10-04 16:00:25,False,,bajo,True
2026-10-05 05:14:41,3123,2026-10-04 15:22:32,0,2026-10-04 15:22:32,False,,bajo,False
2026-10-05 05:14:41,3126,2026-10-01 16:40:50,0,2026-10-01 16:40:50,False,,bajo,False
2026-10-05 05:14:41,3166,2026-10-02 17:00:37,0,2026-10-02 17:00:37,False,,bajo,True
2026-10-05 05:14:41,3182,2026-10-02 18:43:20,0,2026-10-02 18:43:20,False,,bajo,False
2026-10-05 05:14:41,3196,2026-10-05 05:06:16,0,2026-10-05 05:06:16,False,,bajo,True
2026-10-05 05:14:41,3200,2026-10-04 22:04:48,0,2026-10-04 22:04:48,False,,bajo,True
2026-10-05 05:14:41,3206,2026-10-03 15:19:18,0,2026-10-03 15:19:18,False,,bajo,False
2026-10-05 05:14:41,3218,2026-10-01 13:52:39,0,2026-10-01 13:52:39,False,,bajo,False
2026-10-05 05:14:41,3220,2026-10-04 15:19:44,0,2026-10-04 15:19:44,False,,bajo,False
2026-10-05 05:14:41,3221,2026-10-04 22:10:15,0,2026-10-04 22:10:15,False,,bajo,True
2026-10-05 05:14:41,3238,2026-10-04 16:57:30,0,2026-10-04 16:57:30,False,,bajo,False
2026-10-05 05:14:41,3241,2026-09-11 09:56:52,0,2026-09-11 09:56:52,False,,bajo,False
2026-10-05 05:14:41,3246,2026-10-04 20:40:17,0,2026-10-04 20:40:17,False,,bajo,True
2026-10-05 05:14:41,3252,2026-10-04 22:03:02,0,2026-10-04 22:03:02,False,,bajo,True
2026-10-05 05:14:41,3261,2026-10-04 16:35:16,0,2026-10-04 16:35:16,False,,bajo,True
2026-10-05 05:14:41,4016,2026-10-04 22:02:32,0,2026-10-04 22:02:32,False,,bajo,True
2026-10-05 05:14:41,4027,2026-10-04 20:37:21,0,2026-10-04 20:37:21,False,,bajo,False
2026-10-05 05:14:41,2304,2026-10-04 20:21:37,1,2026-10-04 20:21:37,False,,bajo,True
2026-10-05 05:14:41,2332,2026-10-04 22:29:56,1,2026-10-04 22:29:56,False,,bajo,True
2026-10-05 05:14:41,2359,2026-10-03 17:27:35,1,2026-10-03 17:27:35,False,,bajo,True
2026-10-05 05:14:41,2361,2025-03-13 16:03:26,1,2025-03-13 16:03:26,False,,bajo,False
2026-10-05 05:14:41,2384,2026-10-04 16:40:41,1,2026-10-04 16:40:41,False,,bajo,False
2026-10-05 05:14:41,2394,2026-10-04 22:07:36,1,2026-10-04 22:07:36,False,,alto,True
2026-10-05 05:14:41,2395,2026-10-05 00:30:25,1,2026-10-05 00:30:25,False,,bajo,True
2026-10-05 05:14:41,2405,2026-10-03 20:22:53,1,2026-10-03 20:22:53,False,,bajo,False
2026-10-05 05:14:41,2447,2026-10-04 20:45:01,1,2026-10-04 20:45:01,False,,bajo,False
2026-10-05 05:14:41,2448,2026-10-03 21:16:03,1,2026-10-03 21:16:03,False,,bajo,True
2026-10-05 05:14:41,2449,2026-10-04 17:46:08,1,2026-10-04 17:46:08,False,,alto,False
2026-10-05 05:14:41,2450,2026-10-03 17:29:44,1,2026-10-03 17:29:44,False,,bajo,False
2026-10-05 05:14:41,2453,2026-10-03 19:36:59,1,2026-10-03 19:36:59,False,,bajo,False
2026-10-05 05:14:41,2454,2026-10-05 05:10:00,1,2026-10-05 05:10:00,False,,bajo,True
2026-10-05 05:14:41,2457,2026-10-04 20:20:24,1,2026-10-04 20:20:24,False,,medio,False
2026-10-05 05:14:41,2478,2026-10-05 05:07:02,1,2026-10-05 05:07:02,False,,bajo,False
2026-10-05 05:14:41,2487,2026-10-04 14:24:18,1,2026-10-04 14:24:18,False,,bajo,False
2026-10-05 05:14:41,2490,2025-03-13 16:03:27,1,2025-03-13 16:03:27,False,,bajo,False
2026-10-05 05:14:41,2493,2025-03-13 16:03:26,1,2025-03-13 16:03:26,False,,bajo,False
2026-10-05 05:14:41,2499,2026-06-03 06:29:57,1,2026-06-03 06:29:57,False,,bajo,False
2026-10-05 05:14:41,2505,2026-10-04 22:09:10,1,2026-10-04 22:09:10,False,,bajo,True
2026-10-05 05:14:41,2507,2026-10-02 12:10:35,1,2026-10-02 12:10:35,False,,bajo,False
2026-10-05 05:14:41,2508,2026-10-04 21:55:49,1,2026-10-04 21:55:49,False,,bajo,True
2026-10-05 05:14:41,2517,2026-10-04 06:56:34,1,2026-10-04 06:56:34,False,,medio,True
2026-10-05 05:14:41,2518,2026-10-05 04:32:26,1,2026-10-05 04:32:26,False,,bajo,True
2026-10-05 05:14:41,2520,2026-10-04 20:29:33,1,2026-10-04 20:29:33,False,,bajo,True
2026-10-05 05:14:41,2525,2026-10-04 23:01:34,1,2026-10-04 23:01:34,False,,bajo,True
2026-10-05 05:14:41,2526,2026-10-04 23:04:12,1,2026-10-04 23:04:12,False,,bajo,False
2026-10-05 05:14:41,2529,2026-10-05 00:19:45,1,2026-10-05 00:19:45,False,,bajo,True
2026-10-05 05:14:41,2530,2026-10-04 22:59:25,1,2026-10-04 22:59:25,False,,bajo,True
2026-10-05 05:14:41,2534,2026-10-04 20:38:28,1,2026-10-04 20:38:28,False,,bajo,True
2026-10-05 05:14:41,2536,2026-10-04 19:26:57,1,2026-10-04 19:26:57,False,,bajo,False
2026-10-05 05:14:41,2539,2025-03-13 16:03:27,1,2025-03-13 16:03:27,False,,bajo,False
2026-10-05 05:14:41,2547,2026-10-05 05:13:03,1,2026-10-05 05:13:03,False,,bajo,True
2026-10-05 05:14:41,2548,2026-10-04 19:12:29,1,2026-10-04 19:12:29,False,,alto,True
2026-10-05 05:14:41,2552,2026-10-04 17:36:52,1,2026-10-04 17:36:52,False,,bajo,True
2026-10-05 05:14:41,2557,2026-10-04 22:58:02,1,2026-10-04 22:58:02,False,,bajo,True
2026-10-05 05:14:41,2563,2026-10-04 21:23:27,1,2026-10-04 21:23:27,False,,bajo,True
2026-10-05 05:14:41,2571,2026-10-04 19:40:48,1,2026-10-04 19:40:48,False,,alto,True
2026-10-05 05:14:41,2580,2026-10-04 20:26:54,1,2026-10-04 20:26:54,False,,bajo,False
2026-10-05 05:14:41,2609,2026-09-17 22:26:21,1,2026-09-17 22:26:21,False,,bajo,False
2026-10-05 05:14:41,2610,2026-10-04 21:12:04,1,2026-10-04 21:12:04,False,,bajo,True
2026-10-05 05:14:41,2620,2026-10-05 05:04:50,1,2026-10-05 05:04:50,False,,bajo,True
2026-10-05 05:14:41,2622,2026-10-04 20:26:31,1,2026-10-04 20:26:31,False,,bajo,True
2026-10-05 05:14:41,2630,2026-10-05 01:03:21,1,2026-10-05 01:03:21,False,,bajo,False
2026-10-05 05:14:41,2647,2026-10-04 23:45:31,1,2026-10-04 23:45:31,False,,medio,True
2026-10-05 05:14:41,2662,2026-10-05 04:35:05,1,2026-10-05 04:35:05,False,,bajo,False
2026-10-05 05:14:41,2677,2026-10-04 20:10:18,1,2026-10-04 20:10:18,False,,bajo,True
2026-10-05 05:14:41,2683,2026-10-04 16:33:16,1,2026-10-04 16:33:16,False,,bajo,True
2026-10-05 05:14:41,2685,2026-10-04 21:40:54,1,2026-10-04 21:40:54,False,,bajo,True
2026-10-05 05:14:41,2689,2026-10-04 22:10:39,1,2026-10-04 22:10:39,False,,bajo,True
2026-10-05 05:14:41,2690,2026-10-04 22:46:28,1,2026-10-04 22:46:28,False,,bajo,True
2026-10-05 05:14:41,2694,2025-03-13 16:03:26,1,2025-03-13 16:03:26,False,,bajo,False
2026-10-05 05:14:41,2698,2026-10-04 22:10:04,1,2026-10-04 22:10:04,False,,bajo,True
2026-10-05 05:14:41,2703,2026-10-04 23:29:21,1,2026-10-04 23:29:21,False,,bajo,True
2026-10-05 05:14:41,2711,2026-10-04 08:46:41,1,2026-10-04 08:46:41,False,,bajo,True
2026-10-05 05:14:41,2715,2026-10-02 18:19:54,1,2026-10-02 18:19:54,False,,bajo,False
2026-10-05 05:14:41,2716,2026-10-04 19:56:27,1,2026-10-04 19:56:27,False,,bajo,True
2026-10-05 05:14:41,2742,2026-10-02 18:43:47,1,2026-10-02 18:43:47,False,,bajo,True
2026-10-05 05:14:41,2747,2026-10-05 05:10:18,1,2026-10-05 05:10:18,False,,bajo,True
2026-10-05 05:14:41,2764,2026-10-04 20:40:16,1,2026-10-04 20:40:16,False,,bajo,True
2026-10-05 05:14:41,2765,2026-10-04 12:24:59,1,2026-10-04 12:24:59,False,,bajo,False
2026-10-05 05:14:41,2772,2026-10-04 20:39:05,1,2026-10-04 20:39:05,False,,medio,False
2026-10-05 05:14:41,2774,2026-10-05 02:28:12,1,2026-10-05 02:28:12,False,,bajo,False
2026-10-05 05:14:41,2776,2026-10-04 16:18:04,1,2026-10-04 16:18:04,False,,bajo,False
2026-10-05 05:14:41,2779,2026-10-04 21:55:42,1,2026-10-04 21:55:42,False,,bajo,False
2026-10-05 05:14:41,2783,2026-10-04 20:33:13,1,2026-10-04 20:33:13,False,,bajo,True
2026-10-05 05:14:41,2784,2026-10-03 19:55:02,1,2026-10-03 19:55:02,False,,bajo,False
2026-10-05 05:14:41,2788,2026-10-04 16:35:35,1,2026-10-04 16:35:35,False,,bajo,False
2026-10-05 05:14:41,2793,2026-10-04 21:19:14,1,2026-10-04 21:19:14,False,,bajo,False
2026-10-05 05:14:41,2798,2026-10-05 00:39:55,1,2026-10-05 00:39:55,False,,alto,True
2026-10-05 05:14:41,2802,2026-10-04 17:57:43,1,2026-10-04 17:57:43,False,,bajo,False
2026-10-05 05:14:41,2805,2026-10-01 06:51:37,1,2026-10-01 06:51:37,False,,bajo,False
2026-10-05 05:14:41,2806,2026-10-05 02:06:39,1,2026-10-05 02:06:39,False,,bajo,False
2026-10-05 05:14:41,2811,2026-10-03 15:11:28,1,2026-10-03 15:11:28,False,,bajo,False
2026-10-05 05:14:41,2861,2026-06-03 08:53:58,1,2026-06-03 08:53:58,False,,bajo,False
2026-10-05 05:14:41,2870,2026-10-04 17:15:53,1,2026-10-04 17:15:53,False,,bajo,False
2026-10-05 05:14:41,2873,2026-10-04 19:55:26,1,2026-10-04 19:55:26,False,,bajo,False
2026-10-05 05:14:41,2899,2026-10-04 22:58:21,1,2026-10-04 22:58:21,False,,bajo,False
2026-10-05 05:14:41,2900,2025-03-13 16:18:25,1,2025-03-13 16:18:25,False,,bajo,False
2026-10-05 05:14:41,2912,2026-10-04 20:15:59,1,2026-10-04 20:15:59,False,,bajo,True
2026-10-05 05:14:41,2913,2026-10-04 19:31:35,1,2026-10-04 19:31:35,False,,bajo,False
2026-10-05 05:14:41,2928,2026-10-04 13:41:31,1,2026-10-04 13:41:31,False,,bajo,False
2026-10-05 05:14:41,2934,2026-10-04 23:16:27,1,2026-10-04 23:16:27,False,,bajo,True
2026-10-05 05:14:41,2943,2026-10-04 07:32:50,1,2026-10-04 07:32:50,False,,medio,False
2026-10-05 05:14:41,2945,2026-10-04 17:01:35,1,2026-10-04 17:01:35,False,,bajo,False
2026-10-05 05:14:41,2956,2026-10-03 18:55:56,1,2026-10-03 18:55:56,False,,bajo,False
2026-10-05 05:14:41,2958,2026-10-04 23:48:11,1,2026-10-04 23:48:11,False,,medio,False
2026-10-05 05:14:41,2968,2026-10-04 23:17:39,1,2026-10-04 23:17:39,False,,bajo,False
2026-10-05 05:14:41,3040,2026-10-04 20:12:49,1,2026-10-04 20:12:49,False,,bajo,False
2026-10-05 05:14:41,3053,2026-10-04 23:09:44,1,2026-10-04 23:09:44,False,,bajo,True
2026-10-05 05:14:41,3069,2026-10-04 19:10:47,1,2026-10-04 19:10:47,False,,alto,True
2026-10-05 05:14:41,3083,2026-10-04 20:04:20,1,2026-10-04 20:04:20,False,,alto,True
2026-10-05 05:14:41,3092,2026-10-04 22:29:40,1,2026-10-04 22:29:40,False,,bajo,True
2026-10-05 05:14:41,3123,2026-10-05 05:08:51,1,2026-10-05 05:08:51,False,,bajo,True
2026-10-05 05:14:41,3126,2026-09-29 11:26:57,1,2026-09-29 11:26:57,False,,bajo,False
2026-10-05 05:14:41,3166,2026-06-03 07:30:20,1,2026-06-03 07:30:20,False,,bajo,False
2026-10-05 05:14:41,3182,2026-10-03 09:34:43,1,2026-10-03 09:34:43,False,,bajo,False
2026-10-05 05:14:41,3200,2026-10-04 20:10:49,1,2026-10-04 20:10:49,False,,bajo,True
2026-10-05 05:14:41,3206,2026-10-04 18:09:34,1,2026-10-04 18:09:34,False,,bajo,False
2026-10-05 05:14:41,3218,2026-09-30 20:04:08,1,2026-09-30 20:04:08,False,,bajo,False
2026-10-05 05:14:41,3220,2026-10-03 16:01:43,1,2026-10-03 16:01:43,False,,bajo,True
2026-10-05 05:14:41,3221,2026-10-04 21:56:43,1,2026-10-04 21:56:43,False,,bajo,True
2026-10-05 05:14:41,3241,2026-09-30 15:47:46,1,2026-09-30 15:47:46,False,,bajo,False
2026-10-05 05:14:41,3246,2026-10-04 22:20:27,1,2026-10-04 22:20:27,False,,bajo,True
2026-10-05 05:14:41,3252,2026-10-04 17:48:42,1,2026-10-04 17:48:42,False,,alto,False
2026-10-05 05:14:41,3261,2026-10-04 23:18:11,1,2026-10-04 23:18:11,False,,bajo,True
2026-10-05 05:14:41,3269,2026-10-05 04:34:22,1,2026-10-05 04:34:22,False,,bajo,True
2026-10-05 05:14:41,4016,2026-10-04 20:15:33,1,2026-10-04 20:15:33,False,,alto,False
2026-10-05 05:14:41,4027,2026-10-03 20:06:32,1,2026-10-03 20:06:32,False,,bajo,False
2026-10-05 05:14:41,2292,2026-06-03 08:02:35,2,2026-06-03 08:02:35,False,,bajo,False
2026-10-05 05:14:41,2329,2026-06-03 08:44:35,2,2026-06-03 08:44:35,False,,bajo,False
2026-10-05 05:14:41,2454,2026-06-03 07:16:12,2,2026-06-03 07:16:12,False,,bajo,False
2026-10-05 05:14:41,2470,2026-06-03 08:25:54,2,2026-06-03 08:25:54,False,,bajo,False
2026-10-05 05:14:41,2479,2026-06-03 08:24:44,2,2026-06-03 08:24:44,False,,bajo,False
2026-10-05 05:14:41,2499,2026-06-03 06:29:57,2,2026-06-03 06:29:57,False,,bajo,False
2026-10-05 05:14:41,2507,2026-06-03 08:14:57,2,2026-06-03 08:14:57,False,,bajo,False
2026-10-05 05:14:41,2517,2026-06-03 07:30:55,2,2026-06-03 07:30:55,False,,bajo,False
2026-10-05 05:14:41,2532,2026-06-03 07:22:58,2,2026-06-03 07:22:58,False,,bajo,False
2026-10-05 05:14:41,2563,2026-06-03 08:43:14,2,2026-06-03 08:43:14,False,,bajo,False
2026-10-05 05:14:41,2620,2026-06-03 08:51:25,2,2026-06-03 08:51:25,False,,bajo,False
2026-10-05 05:14:41,2947,2026-06-03 07:46:53,2,2026-06-03 07:46:53,False,,bajo,False
2026-10-05 05:14:41,2968,2026-06-03 08:29:04,2,2026-06-03 08:29:04,False,,bajo,False
2026-10-05 05:14:41,3196,2026-06-03 06:38:18,2,2026-06-03 06:38:18,False,,bajo,False
2026-10-05 05:14:41,3206,2026-06-03 08:23:59,2,2026-06-03 08:23:59,False,,bajo,False
2026-10-05 05:14:41,2395,2026-06-03 08:40:16,3,2026-06-03 08:40:16,False,,bajo,False
2026-10-05 05:14:41,2405,2026-06-03 07:27:56,3,2026-06-03 07:27:56,False,,bajo,False
2026-10-05 05:14:41,2517,2026-06-03 07:30:55,3,2026-06-03 07:30:55,False,,bajo,False
2026-10-05 05:14:41,2529,2026-06-03 07:46:28,3,2026-06-03 07:46:28,False,,bajo,False
2026-10-05 05:14:41,2620,2026-06-03 08:51:25,3,2026-06-03 08:51:25,False,,bajo,False
2026-10-05 05:14:41,2630,2026-06-03 08:21:10,3,2026-06-03 08:21:10,False,,bajo,False
2026-10-05 05:14:41,2703,2026-06-03 07:20:39,3,2026-06-03 07:20:39,False,,bajo,False
2026-10-05 05:14:41,3053,2026-06-03 07:52:09,3,2026-06-03 07:52:09,False,,bajo,False
2026-10-05 05:14:41,3252,2026-06-03 06:40:45,3,2026-06-03 06:40:45,False,,bajo,False
2026-10-05 05:14:41,2228,2026-10-04 17:27:25,0,2026-10-04 17:27:25,False,,medio,False
2026-10-05 05:14:41,2291,2026-10-04 12:13:36,0,2026-10-04 12:13:36,False,,bajo,True
2026-10-05 05:14:41,2295,2026-10-04 18:22:17,0,2026-10-04 18:22:17,False,,bajo,False
2026-10-05 05:14:41,2297,2026-10-04 19:25:38,0,2026-10-04 19:25:38,False,,bajo,False
2026-10-05 05:14:41,2305,2026-10-04 18:21:11,0,2026-10-04 18:21:11,False,,bajo,False
2026-10-05 05:14:41,2306,2026-10-04 22:33:31,0,2026-10-04 22:33:31,False,,bajo,True
2026-10-05 05:14:41,2307,2026-10-04 16:19:50,0,2026-10-04 16:19:50,False,,alto,False
2026-10-05 05:14:41,2308,2026-10-04 18:55:40,0,2026-10-04 18:55:40,False,,medio,False
2026-10-05 05:14:41,2408,2026-10-04 13:36:39,0,2026-10-04 13:36:39,False,,medio,False
2026-10-05 05:14:41,2409,2025-05-07 18:03:24,0,2025-05-07 18:03:24,False,,bajo,False
2026-10-05 05:14:41,2416,2026-10-04 19:49:04,0,2026-10-04 19:49:04,False,,bajo,False
2026-10-05 05:14:41,2417,2026-10-04 12:49:57,0,2026-10-04 12:49:57,False,,alto,False
2026-10-05 05:14:41,2455,2026-10-04 21:54:53,0,2026-10-04 21:54:53,False,,bajo,False
2026-10-05 05:14:41,2462,2026-10-04 16:42:41,0,2026-10-04 16:42:41,False,,bajo,False
2026-10-05 05:14:41,2486,2026-10-04 16:17:07,0,2026-10-04 16:17:07,False,,bajo,False
2026-10-05 05:14:41,2489,2026-10-04 12:59:58,0,2026-10-04 12:59:58,False,,bajo,False
2026-10-05 05:14:41,2522,2026-10-04 23:21:03,0,2026-10-04 23:21:03,False,,medio,True
2026-10-05 05:14:41,2523,2026-10-04 18:15:32,0,2026-10-04 18:15:32,False,,bajo,True
2026-10-05 05:14:41,2543,2026-10-04 11:48:31,0,2026-10-04 11:48:31,False,,alto,False
2026-10-05 05:14:41,2555,2026-10-04 14:29:23,0,2026-10-04 14:29:23,False,,bajo,False
2026-10-05 05:14:41,2556,2026-10-04 19:07:49,0,2026-10-04 19:07:49,False,,bajo,True
2026-10-05 05:14:41,2578,2026-10-04 16:02:37,0,2026-10-04 16:02:37,False,,medio,True
2026-10-05 05:14:41,2584,2026-10-05 01:32:46,0,2026-10-05 01:32:46,False,,bajo,False
2026-10-05 05:14:41,2597,2026-10-04 17:13:11,0,2026-10-04 17:13:11,False,,bajo,True
2026-10-05 05:14:41,2598,2026-10-04 12:06:54,0,2026-10-04 12:06:54,False,,bajo,False
2026-10-05 05:14:41,2600,2026-10-04 12:19:35,0,2026-10-04 12:19:35,False,,bajo,True
2026-10-05 05:14:41,2612,2026-10-04 16:19:50,0,2026-10-04 16:19:50,False,,bajo,False
2026-10-05 05:14:41,2615,2026-10-04 16:00:21,0,2026-10-04 16:00:21,False,,alto,True
2026-10-05 05:14:41,2633,2026-10-04 11:57:22,0,2026-10-04 11:57:22,False,,bajo,False
2026-10-05 05:14:41,2640,2026-10-04 17:36:35,0,2026-10-04 17:36:35,False,,bajo,True
2026-10-05 05:14:41,2643,2026-10-04 18:58:17,0,2026-10-04 18:58:17,False,,bajo,True
2026-10-05 05:14:41,2648,2026-10-04 10:53:42,0,2026-10-04 10:53:42,False,,bajo,False
2026-10-05 05:14:41,2651,2025-03-13 16:03:26,0,2025-03-13 16:03:26,False,,bajo,False
2026-10-05 05:14:41,2652,2026-10-04 20:57:35,0,2026-10-04 20:57:35,False,,bajo,True
2026-10-05 05:14:41,2656,2026-10-04 17:02:28,0,2026-10-04 17:02:28,False,,alto,True
2026-10-05 05:14:41,2657,2026-10-04 11:46:46,0,2026-10-04 11:46:46,False,,medio,True
2026-10-05 05:14:41,2658,2025-03-13 16:03:26,0,2025-03-13 16:03:26,False,,bajo,False
2026-10-05 05:14:41,2663,2026-10-04 13:38:29,0,2026-10-04 13:38:29,False,,bajo,True
2026-10-05 05:14:41,2679,2026-10-04 18:24:13,0,2026-10-04 18:24:13,False,,medio,False
2026-10-05 05:14:41,2697,2026-10-04 11:19:52,0,2026-10-04 11:19:52,False,,bajo,False
2026-10-05 05:14:41,2709,2026-10-04 18:54:46,0,2026-10-04 18:54:46,False,,bajo,False
2026-10-05 05:14:41,2729,2026-10-04 14:19:49,0,2026-10-04 14:19:49,False,,medio,True
2026-10-05 05:14:41,2740,2026-10-03 18:32:41,0,2026-10-03 18:32:41,False,,medio,True
2026-10-05 05:14:41,2753,2026-10-03 17:22:43,0,2026-10-03 17:22:43,False,,bajo,False
2026-10-05 05:14:41,2763,2026-10-03 10:31:11,0,2026-10-03 10:31:11,False,,bajo,False
2026-10-05 05:14:41,2769,2026-10-04 17:40:23,0,2026-10-04 17:40:23,False,,bajo,False
2026-10-05 05:14:41,2782,2026-10-04 08:11:34,0,2026-10-04 08:11:34,False,,bajo,False
2026-10-05 05:14:41,2786,2026-10-04 15:01:35,0,2026-10-04 15:01:35,False,,bajo,False
2026-10-05 05:14:41,2789,2026-10-03 06:29:14,0,2026-10-03 06:29:14,False,,bajo,False
2026-10-05 05:14:41,2792,2026-10-03 11:07:34,0,2026-10-03 11:07:34,False,,bajo,False
2026-10-05 05:14:41,2794,2026-10-04 15:16:24,0,2026-10-04 15:16:24,False,,bajo,True
2026-10-05 05:14:41,2800,2026-10-04 13:19:50,0,2026-10-04 13:19:50,False,,medio,False
2026-10-05 05:14:41,2825,2026-10-03 17:46:49,0,2026-10-03 17:46:49,False,,bajo,True
2026-10-05 05:14:41,2829,2026-10-04 14:58:59,0,2026-10-04 14:58:59,False,,bajo,True
2026-10-05 05:14:41,2853,2026-10-04 19:12:55,0,2026-10-04 19:12:55,False,,bajo,True
2026-10-05 05:14:41,2856,2026-10-04 15:34:58,0,2026-10-04 15:34:58,False,,bajo,False
2026-10-05 05:14:41,2866,2026-10-04 15:38:58,0,2026-10-04 15:38:58,False,,medio,False
2026-10-05 05:14:41,2867,2026-10-04 14:54:13,0,2026-10-04 14:54:13,False,,bajo,True
2026-10-05 05:14:41,2877,2026-10-04 16:56:03,0,2026-10-04 16:56:03,False,,alto,True
2026-10-05 05:14:41,2905,2026-10-05 05:12:46,0,2026-10-05 05:12:46,False,,bajo,True
2026-10-05 05:14:41,2909,2026-10-04 17:40:01,0,2026-10-04 17:40:01,False,,bajo,True
2026-10-05 05:14:41,2910,2026-10-05 02:57:26,0,2026-10-05 02:57:26,False,,bajo,True
2026-10-05 05:14:41,2916,2026-10-04 22:34:55,0,2026-10-04 22:34:55,False,,bajo,False
2026-10-05 05:14:41,2941,2026-10-04 00:52:13,0,2026-10-04 00:52:13,False,,bajo,False
2026-10-05 05:14:41,2942,2026-10-03 12:36:55,0,2026-10-03 12:36:55,False,,bajo,False
2026-10-05 05:14:41,2946,2026-10-04 13:28:50,0,2026-10-04 13:28:50,False,,bajo,False
2026-10-05 05:14:41,2950,2026-10-04 23:24:46,0,2026-10-04 23:24:46,False,,bajo,False
2026-10-05 05:14:41,2951,2026-10-04 21:50:02,0,2026-10-04 21:50:02,False,,bajo,True
2026-10-05 05:14:41,2954,2026-10-04 22:09:21,0,2026-10-04 22:09:21,False,,bajo,False
2026-10-05 05:14:41,2959,2026-10-03 08:19:47,0,2026-10-03 08:19:47,False,,bajo,False
2026-10-05 05:14:41,2989,2026-10-05 05:12:25,0,2026-10-05 05:12:25,False,,bajo,True
2026-10-05 05:14:41,2991,2026-10-05 05:12:08,0,2026-10-05 05:12:08,False,,bajo,True
2026-10-05 05:14:41,3005,2026-10-04 13:26:28,0,2026-10-04 13:26:28,False,,medio,True
2026-10-05 05:14:41,3012,2026-10-04 12:43:48,0,2026-10-04 12:43:48,False,,alto,True
2026-10-05 05:14:41,3023,2026-10-04 13:38:09,0,2026-10-04 13:38:09,False,,bajo,False
2026-10-05 05:14:41,3032,2026-10-04 15:20:32,0,2026-10-04 15:20:32,False,,medio,True
2026-10-05 05:14:41,3043,2026-10-03 11:39:24,0,2026-10-03 11:39:24,False,,bajo,False
2026-10-05 05:14:41,3044,2026-10-04 19:11:23,0,2026-10-04 19:11:23,False,,bajo,True
2026-10-05 05:14:41,3050,2026-10-04 16:17:01,0,2026-10-04 16:17:01,False,,bajo,True
2026-10-05 05:14:41,3055,2026-10-04 17:00:23,0,2026-10-04 17:00:23,False,,alto,True
2026-10-05 05:14:41,3063,2026-10-04 16:09:12,0,2026-10-04 16:09:12,False,,bajo,False
2026-10-05 05:14:41,3066,2026-10-04 12:48:50,0,2026-10-04 12:48:50,False,,bajo,True
2026-10-05 05:14:41,3073,2026-10-04 18:03:39,0,2026-10-04 18:03:39,False,,bajo,True
2026-10-05 05:14:41,3077,2026-10-04 12:21:19,0,2026-10-04 12:21:19,False,,medio,False
2026-10-05 05:14:41,3081,2026-10-04 13:39:55,0,2026-10-04 13:39:55,False,,bajo,True
2026-10-05 05:14:41,3090,2026-10-04 18:08:03,0,2026-10-04 18:08:03,False,,bajo,True
2026-10-05 05:14:41,3095,2026-10-04 19:34:20,0,2026-10-04 19:34:20,False,,alto,True
2026-10-05 05:14:41,3098,2026-10-04 18:55:05,0,2026-10-04 18:55:05,False,,bajo,False
2026-10-05 05:14:41,3102,2026-10-04 12:35:51,0,2026-10-04 12:35:51,False,,medio,False
2026-10-05 05:14:41,3115,2026-10-04 11:39:43,0,2026-10-04 11:39:43,False,,bajo,True
2026-10-05 05:14:41,3116,2025-03-13 16:03:27,0,2025-03-13 16:03:27,False,,bajo,False
2026-10-05 05:14:41,3124,2026-10-04 12:45:58,0,2026-10-04 12:45:58,False,,bajo,False
2026-10-05 05:14:41,3133,2026-10-04 14:49:27,0,2026-10-04 14:49:27,False,,bajo,False
2026-10-05 05:14:41,3134,2026-10-04 10:15:06,0,2026-10-04 10:15:06,False,,bajo,False
2026-10-05 05:14:41,3135,2026-10-04 21:09:08,0,2026-10-04 21:09:08,False,,medio,True
2026-10-05 05:14:41,3140,2026-10-04 12:21:55,0,2026-10-04 12:21:55,False,,bajo,True
2026-10-05 05:14:41,3149,2026-10-04 10:08:08,0,2026-10-04 10:08:08,False,,bajo,False
2026-10-05 05:14:41,3158,2026-10-04 14:10:27,0,2026-10-04 14:10:27,False,,medio,False
2026-10-05 05:14:41,3168,2025-03-13 16:03:26,0,2025-03-13 16:03:26,False,,bajo,False
2026-10-05 05:14:41,3171,2026-10-04 09:05:20,0,2026-10-04 09:05:20,False,,bajo,True
2026-10-05 05:14:41,3192,2026-10-04 17:32:07,0,2026-10-04 17:32:07,False,,medio,True
2026-10-05 05:14:41,3211,2026-10-04 19:54:30,0,2026-10-04 19:54:30,False,,bajo,True
2026-10-05 05:14:41,3212,2026-10-04 22:02:31,0,2026-10-04 22:02:31,False,,alto,True
2026-10-05 05:14:41,3213,2026-10-04 08:49:44,0,2026-10-04 08:49:44,False,,bajo,False
2026-10-05 05:14:41,3234,2026-10-05 00:08:13,0,2026-10-05 00:08:13,False,,bajo,True
2026-10-05 05:14:41,3237,2026-10-04 22:44:15,0,2026-10-04 22:44:15,False,,bajo,True
2026-10-05 05:14:41,3251,2026-10-04 07:36:57,0,2026-10-04 07:36:57,False,,bajo,False
2026-10-05 05:14:41,3258,2026-10-02 19:30:48,0,2026-10-02 19:30:48,False,,bajo,False
2026-10-05 05:14:41,3267,2026-10-04 11:10:49,0,2026-10-04 11:10:49,False,,bajo,False
2026-10-05 05:14:41,4023,2026-10-03 15:57:10,0,2026-10-03 15:57:10,False,,bajo,False
2026-10-05 05:14:41,4026,2026-10-04 14:22:48,0,2026-10-04 14:22:48,False,,bajo,False
2026-10-05 05:14:41,4029,2026-10-04 14:37:01,0,2026-10-04 14:37:01,False,,bajo,False
2026-10-05 05:14:41,2291,2026-10-05 05:05:31,1,2026-10-05 05:05:31,False,,bajo,True
2026-10-05 05:14:41,2297,2026-10-04 21:11:32,1,2026-10-04 21:11:32,False,,bajo,True
2026-10-05 05:14:41,2305,2026-10-05 05:13:48,1,2026-10-05 05:13:48,False,,alto,False
2026-10-05 05:14:41,2306,2026-10-04 21:54:43,1,2026-10-04 21:54:43,False,,medio,False
2026-10-05 05:14:41,2307,2026-10-04 20:50:26,1,2026-10-04 20:50:26,False,,bajo,True
2026-10-05 05:14:41,2308,2026-10-05 04:11:44,1,2026-10-05 04:11:44,False,,medio,True
2026-10-05 05:14:41,2408,2026-10-04 19:31:27,1,2026-10-04 19:31:27,False,,medio,True
2026-10-05 05:14:41,2409,2025-08-30 10:05:33,1,2025-08-30 10:05:33,False,,bajo,False
2026-10-05 05:14:41,2416,2026-10-05 04:36:33,1,2026-10-05 04:36:33,False,,bajo,False
2026-10-05 05:14:41,2417,2026-10-05 02:41:28,1,2026-10-05 02:41:28,False,,bajo,True
2026-10-05 05:14:41,2455,2026-10-04 09:37:18,1,2026-10-04 09:37:18,False,,medio,True
2026-10-05 05:14:41,2486,2026-10-05 04:53:32,1,2026-10-05 04:53:32,False,,bajo,True
2026-10-05 05:14:41,2489,2025-08-27 05:35:03,1,2025-08-27 05:35:03,False,,bajo,False
2026-10-05 05:14:41,2523,2025-03-13 16:03:26,1,2025-03-13 16:03:26,False,,bajo,False
2026-10-05 05:14:41,2543,2026-10-05 05:12:55,1,2026-10-05 05:12:55,False,,medio,False
2026-10-05 05:14:41,2555,2026-10-05 03:41:11,1,2026-10-05 03:41:11,False,,bajo,False
2026-10-05 05:14:41,2578,2026-10-05 02:44:30,1,2026-10-05 02:44:30,False,,alto,True
2026-10-05 05:14:41,2584,2026-10-04 19:41:44,1,2026-10-04 19:41:44,False,,bajo,False
2026-10-05 05:14:41,2597,2026-10-05 05:01:43,1,2026-10-05 05:01:43,False,,bajo,True
2026-10-05 05:14:41,2600,2026-10-04 05:34:19,1,2026-10-04 05:34:19,False,,bajo,True
2026-10-05 05:14:41,2612,2026-10-05 00:20:54,1,2026-10-05 00:20:54,False,,alto,True
2026-10-05 05:14:41,2640,2026-10-04 09:49:30,1,2026-10-04 09:49:30,False,,bajo,True
2026-10-05 05:14:41,2643,2026-10-04 10:45:01,1,2026-10-04 10:45:01,False,,bajo,True
2026-10-05 05:14:41,2648,2026-07-03 08:32:22,1,2026-07-03 08:32:22,False,,bajo,False
2026-10-05 05:14:41,2651,2026-10-04 09:01:49,1,2026-10-04 09:01:49,False,,bajo,True
2026-10-05 05:14:41,2656,2026-10-04 14:23:57,1,2026-10-04 14:23:57,False,,bajo,True
2026-10-05 05:14:41,2657,2026-10-04 20:43:03,1,2026-10-04 20:43:03,False,,bajo,False
2026-10-05 05:14:41,2658,2026-10-04 20:31:15,1,2026-10-04 20:31:15,False,,bajo,True
2026-10-05 05:14:41,2663,2026-10-04 20:29:00,1,2026-10-04 20:29:00,False,,bajo,True
2026-10-05 05:14:41,2679,2026-10-04 17:02:53,1,2026-10-04 17:02:53,False,,bajo,True
2026-10-05 05:14:41,2697,2026-10-04 08:15:44,1,2026-10-04 08:15:44,False,,bajo,True
2026-10-05 05:14:41,2709,2026-10-04 17:07:09,1,2026-10-04 17:07:09,False,,bajo,True
2026-10-05 05:14:41,2729,2026-10-05 04:48:59,1,2026-10-05 04:48:59,False,,alto,True
2026-10-05 05:14:41,2740,2026-10-04 13:24:29,1,2026-10-04 13:24:29,False,,medio,False
2026-10-05 05:14:41,2753,2026-10-04 21:53:14,1,2026-10-04 21:53:14,False,,bajo,False
2026-10-05 05:14:41,2763,2026-10-04 20:20:58,1,2026-10-04 20:20:58,False,,bajo,False
2026-10-05 05:14:41,2769,2026-10-04 17:29:20,1,2026-10-04 17:29:20,False,,bajo,True
2026-10-05 05:14:41,2782,2026-10-04 21:47:28,1,2026-10-04 21:47:28,False,,bajo,False
2026-10-05 05:14:41,2786,2026-10-04 19:44:04,1,2026-10-04 19:44:04,False,,bajo,True
2026-10-05 05:14:41,2789,2026-10-04 15:31:56,1,2026-10-04 15:31:56,False,,bajo,False
2026-10-05 05:14:41,2792,2026-10-03 19:00:47,1,2026-10-03 19:00:47,False,,bajo,True
2026-10-05 05:14:41,2794,2026-10-04 05:49:37,1,2026-10-04 05:49:37,False,,bajo,False
2026-10-05 05:14:41,2800,2026-10-04 09:05:35,1,2026-10-04 09:05:35,False,,bajo,False
2026-10-05 05:14:41,2825,2026-10-04 19:36:18,1,2026-10-04 19:36:18,False,,bajo,False
2026-10-05 05:14:41,2829,2026-10-04 15:18:51,1,2026-10-04 15:18:51,False,,bajo,False
2026-10-05 05:14:41,2853,2025-03-13 16:03:26,1,2025-03-13 16:03:26,False,,bajo,False
2026-10-05 05:14:41,2856,2026-10-04 18:45:00,1,2026-10-04 18:45:00,False,,bajo,True
2026-10-05 05:14:41,2866,2026-10-04 21:39:59,1,2026-10-04 21:39:59,False,,medio,True
2026-10-05 05:14:41,2867,2026-10-04 19:31:51,1,2026-10-04 19:31:51,False,,bajo,True
2026-10-05 05:14:41,2877,2026-10-04 21:55:46,1,2026-10-04 21:55:46,False,,alto,True
2026-10-05 05:14:41,2905,2026-10-04 23:33:41,1,2026-10-04 23:33:41,False,,bajo,True
2026-10-05 05:14:41,2909,2026-10-04 22:04:30,1,2026-10-04 22:04:30,False,,bajo,False
2026-10-05 05:14:41,2910,2026-10-04 23:23:17,1,2026-10-04 23:23:17,False,,bajo,True
2026-10-05 05:14:41,2916,2026-10-05 03:53:48,1,2026-10-05 03:53:48,False,,bajo,True
2026-10-05 05:14:41,2941,2026-10-04 15:45:31,1,2026-10-04 15:45:31,False,,bajo,True
2026-10-05 05:14:41,2942,2026-10-04 17:26:12,1,2026-10-04 17:26:12,False,,bajo,False
2026-10-05 05:14:41,2946,2026-10-04 13:26:39,1,2026-10-04 13:26:39,False,,medio,True
2026-10-05 05:14:41,2950,2026-10-05 03:09:41,1,2026-10-05 03:09:41,False,,bajo,False
2026-10-05 05:14:41,2951,2026-10-04 23:01:38,1,2026-10-04 23:01:38,False,,bajo,False
2026-10-05 05:14:41,2954,2026-10-04 21:12:58,1,2026-10-04 21:12:58,False,,bajo,False
2026-10-05 05:14:41,2959,2026-10-04 15:50:00,1,2026-10-04 15:50:00,False,,bajo,False
2026-10-05 05:14:41,2989,2026-06-03 00:01:32,1,2026-06-03 00:01:32,False,,bajo,False
2026-10-05 05:14:41,2991,2026-06-03 00:11:39,1,2026-06-03 00:11:39,False,,bajo,False
2026-10-05 05:14:41,3005,2026-10-04 23:33:53,1,2026-10-04 23:33:53,False,,medio,True
2026-10-05 05:14:41,3012,2026-10-05 04:04:22,1,2026-10-05 04:04:22,False,,medio,False
2026-10-05 05:14:41,3023,2026-10-03 18:42:54,1,2026-10-03 18:42:54,False,,bajo,False
2026-10-05 05:14:41,3032,2026-10-04 06:21:06,1,2026-10-04 06:21:06,False,,bajo,True
2026-10-05 05:14:41,3043,2026-10-04 20:09:41,1,2026-10-04 20:09:41,False,,bajo,True
2026-10-05 05:14:41,3050,2025-03-13 16:03:26,1,2025-03-13 16:03:26,False,,bajo,False
2026-10-05 05:14:41,3055,2026-10-05 05:08:15,1,2026-10-05 05:08:15,False,,bajo,True
2026-10-05 05:14:41,3063,2026-10-04 22:41:09,1,2026-10-04 22:41:09,False,,alto,False
2026-10-05 05:14:41,3066,2026-10-05 04:41:02,1,2026-10-05 04:41:02,False,,alto,False
2026-10-05 05:14:41,3073,2026-10-05 04:43:53,1,2026-10-05 04:43:53,False,,medio,True
2026-10-05 05:14:41,3077,2026-10-04 10:45:15,1,2026-10-04 10:45:15,False,,bajo,False
2026-10-05 05:14:41,3081,2026-10-04 21:20:02,1,2026-10-04 21:20:02,False,,bajo,True
2026-10-05 05:14:41,3090,2026-10-04 21:41:32,1,2026-10-04 21:41:32,False,,bajo,True
2026-10-05 05:14:41,3095,2026-10-04 18:03:58,1,2026-10-04 18:03:58,False,,medio,True
2026-10-05 05:14:41,3098,2026-10-05 04:38:22,1,2026-10-05 04:38:22,False,,bajo,False
2026-10-05 05:14:41,3115,2026-10-04 20:20:18,1,2026-10-04 20:20:18,False,,bajo,True
2026-10-05 05:14:41,3124,2026-10-05 04:16:27,1,2026-10-05 04:16:27,False,,bajo,False
2026-10-05 05:14:41,3133,2026-10-04 17:22:13,1,2026-10-04 17:22:13,False,,bajo,True
2026-10-05 05:14:41,3134,2026-10-05 04:36:18,1,2026-10-05 04:36:18,False,,bajo,False
2026-10-05 05:14:41,3135,2026-10-05 04:11:22,1,2026-10-05 04:11:22,False,,alto,True
2026-10-05 05:14:41,3149,2026-10-04 21:28:30,1,2026-10-04 21:28:30,False,,bajo,False
2026-10-05 05:14:41,3158,2026-10-04 17:41:34,1,2026-10-04 17:41:34,False,,bajo,True
2026-10-05 05:14:41,3171,2026-10-05 04:09:55,1,2026-10-05 04:09:55,False,,medio,True
2026-10-05 05:14:41,3212,2026-10-04 21:57:39,1,2026-10-04 21:57:39,False,,bajo,True
2026-10-05 05:14:41,3213,2026-10-05 02:43:32,1,2026-10-05 02:43:32,False,,bajo,True
2026-10-05 05:14:41,3258,2026-10-04 16:37:48,1,2026-10-04 16:37:48,False,,medio,True
2026-10-05 05:14:41,3267,2026-10-04 18:21:29,1,2026-10-04 18:21:29,False,,bajo,False
2026-10-05 05:14:41,3276,2026-10-03 19:55:31,1,2026-10-03 19:55:31,False,,bajo,False
2026-10-05 05:14:41,4023,2026-10-04 21:42:06,1,2026-10-04 21:42:06,False,,alto,True
2026-10-05 05:14:41,4026,2026-10-05 04:43:33,1,2026-10-05 04:43:33,False,,medio,True
2026-10-05 05:14:41,4029,2026-10-05 05:02:30,1,2026-10-05 05:02:30,False,,bajo,False
2026-10-05 05:14:41,2228,2026-06-03 08:18:35,2,2026-06-03 08:18:35,False,,bajo,False
2026-10-05 05:14:41,2305,2026-06-03 06:05:23,2,2026-06-03 06:05:23,False,,bajo,False
2026-10-05 05:14:41,2455,2026-06-03 08:41:04,2,2026-06-03 08:41:04,False,,bajo,False
2026-10-05 05:14:41,2462,2026-08-13 15:52:51,2,2026-08-13 15:52:51,False,,bajo,False
2026-10-05 05:14:41,2489,2026-06-03 02:55:41,2,2026-06-03 02:55:41,False,,bajo,False
2026-10-05 05:14:41,2556,2026-06-03 08:33:18,2,2026-06-03 08:33:18,False,,bajo,False
2026-10-05 05:14:41,2633,2026-06-03 08:07:23,2,2026-06-03 08:07:23,False,,bajo,False
2026-10-05 05:14:41,2648,2026-06-03 00:17:04,2,2026-06-03 00:17:04,False,,bajo,False
2026-10-05 05:14:41,2657,2026-06-03 06:00:43,2,2026-06-03 06:00:43,False,,bajo,False
2026-10-05 05:14:41,2763,2026-06-03 08:29:55,2,2026-06-03 08:29:55,False,,bajo,False
2026-10-05 05:14:41,2905,2026-06-03 06:33:05,2,2026-06-03 06:33:05,False,,bajo,False
2026-10-05 05:14:41,2950,2026-08-25 15:00:09,2,2026-08-25 15:00:09,False,,bajo,False
2026-10-05 05:14:41,3055,2026-06-03 06:12:12,2,2026-06-03 06:12:12,False,,bajo,False
2026-10-05 05:14:41,3063,2026-06-03 08:39:31,2,2026-06-03 08:39:31,False,,bajo,False
2026-10-05 05:14:41,3134,2026-06-03 06:13:07,2,2026-06-03 06:13:07,False,,bajo,False
2026-10-05 05:14:41,3192,2026-06-03 06:29:23,2,2026-06-03 06:29:23,False,,bajo,False
2026-10-05 05:14:41,3194,2026-06-03 08:28:56,2,2026-06-03 08:28:56,False,,bajo,False
2026-10-05 05:14:41,3211,2026-06-03 07:21:15,2,2026-06-03 07:21:15,False,,bajo,False
2026-10-05 05:14:41,3213,2026-07-22 03:30:47,2,2026-07-22 03:30:47,False,,bajo,False
2026-10-05 05:14:41,3237,2026-06-03 08:08:14,2,2026-06-03 08:08:14,False,,bajo,False
2026-10-05 05:14:41,2348,2026-10-04 16:19:47,0,2026-10-04 16:19:47,False,,bajo,False
2026-10-05 05:14:41,2353,2026-10-03 16:51:37,0,2026-10-03 16:51:37,False,,bajo,True
2026-10-05 05:14:41,2355,2026-10-03 21:08:49,0,2026-10-03 21:08:49,False,,bajo,False
2026-10-05 05:14:41,2356,2026-10-03 21:26:03,0,2026-10-03 21:26:03,False,,bajo,True
2026-10-05 05:14:41,2535,2026-10-03 20:01:45,0,2026-10-03 20:01:45,False,,bajo,True
2026-10-05 05:14:41,2549,2026-10-04 16:30:13,0,2026-10-04 16:30:13,False,,bajo,False
2026-10-05 05:14:41,2564,2026-10-03 20:13:26,0,2026-10-03 20:13:26,False,,bajo,True
2026-10-05 05:14:41,2577,2026-10-03 16:08:34,0,2026-10-03 16:08:34,False,,bajo,True
2026-10-05 05:14:41,2585,2026-10-04 09:58:48,0,2026-10-04 09:58:48,False,,medio,True
2026-10-05 05:14:41,2589,2026-10-03 23:42:29,0,2026-10-03 23:42:29,False,,bajo,False
2026-10-05 05:14:41,2595,2026-10-04 15:05:16,0,2026-10-04 15:05:16,False,,bajo,True
2026-10-05 05:14:41,2605,2026-10-03 21:46:06,0,2026-10-03 21:46:06,False,,bajo,True
2026-10-05 05:14:41,2624,2026-10-04 18:44:08,0,2026-10-04 18:44:08,False,,bajo,True
2026-10-05 05:14:41,2636,2026-10-03 16:24:59,0,2026-10-03 16:24:59,False,,bajo,True
2026-10-05 05:14:41,2637,2026-10-03 22:43:03,0,2026-10-03 22:43:03,False,,medio,True
2026-10-05 05:14:41,2638,2025-03-13 16:03:26,0,2025-03-13 16:03:26,False,,bajo,False
2026-10-05 05:14:41,2641,2026-10-03 18:07:54,0,2026-10-03 18:07:54,False,,bajo,True
2026-10-05 05:14:41,2644,2026-10-04 15:38:12,0,2026-10-04 15:38:12,False,,bajo,True
2026-10-05 05:14:41,2650,2026-04-03 16:21:31,0,2026-04-03 16:21:31,False,,bajo,False
2026-10-05 05:14:41,2672,2026-08-18 03:18:38,0,2026-08-18 03:18:38,False,,bajo,False
2026-10-05 05:14:41,2674,2026-10-03 19:52:29,0,2026-10-03 19:52:29,False,,bajo,True
2026-10-05 05:14:41,2684,2026-10-03 15:40:34,0,2026-10-03 15:40:34,False,,bajo,True
2026-10-05 05:14:41,2692,2026-10-03 16:22:33,0,2026-10-03 16:22:33,False,,medio,True
2026-10-05 05:14:41,2720,2026-10-04 16:32:50,0,2026-10-04 16:32:50,False,,bajo,False
2026-10-05 05:14:41,2886,2026-10-05 00:30:02,0,2026-10-05 00:30:02,False,,bajo,True
2026-10-05 05:14:41,3000,2026-10-05 02:26:17,0,2026-10-05 02:26:17,False,,bajo,True
2026-10-05 05:14:41,3001,2026-10-04 23:52:01,0,2026-10-04 23:52:01,False,,alto,True
2026-10-05 05:14:41,3007,2026-10-03 19:52:38,0,2026-10-03 19:52:38,False,,alto,True
2026-10-05 05:14:41,3015,2026-10-04 23:19:53,0,2026-10-04 23:19:53,False,,bajo,True
2026-10-05 05:14:41,3034,2026-10-03 18:27:13,0,2026-10-03 18:27:13,False,,bajo,True
2026-10-05 05:14:41,3091,2026-10-04 11:48:23,0,2026-10-04 11:48:23,False,,bajo,True
2026-10-05 05:14:41,3125,2026-10-04 17:05:02,0,2026-10-04 17:05:02,False,,bajo,False
2026-10-05 05:14:41,3236,2026-10-04 11:53:51,0,2026-10-04 11:53:51,False,,bajo,True
2026-10-05 05:14:41,3275,2026-10-01 15:04:12,0,2026-10-01 15:04:12,False,,bajo,False
2026-10-05 05:14:41,2348,2026-10-04 20:14:16,1,2026-10-04 20:14:16,False,,bajo,True
2026-10-05 05:14:41,2353,2026-10-04 08:49:49,1,2026-10-04 08:49:49,False,,bajo,True
2026-10-05 05:14:41,2355,2026-10-04 23:06:02,1,2026-10-04 23:06:02,False,,medio,True
2026-10-05 05:14:41,2356,2026-10-04 01:06:05,1,2026-10-04 01:06:05,False,,bajo,True
2026-10-05 05:14:41,2535,2026-10-03 18:02:21,1,2026-10-03 18:02:21,False,,bajo,True
2026-10-05 05:14:41,2549,2026-10-04 18:14:06,1,2026-10-04 18:14:06,False,,bajo,False
2026-10-05 05:14:41,2564,2026-10-04 13:56:50,1,2026-10-04 13:56:50,False,,medio,True
2026-10-05 05:14:41,2577,2026-10-04 18:18:58,1,2026-10-04 18:18:58,False,,bajo,True
2026-10-05 05:14:41,2585,2025-12-11 16:55:33,1,2025-12-11 16:55:33,False,,bajo,False
2026-10-05 05:14:41,2589,2026-10-04 19:09:18,1,2026-10-04 19:09:18,False,,bajo,False
2026-10-05 05:14:41,2595,2026-10-04 19:41:48,1,2026-10-04 19:41:48,False,,bajo,True
2026-10-05 05:14:41,2605,2026-10-04 12:21:25,1,2026-10-04 12:21:25,False,,bajo,False
2026-10-05 05:14:41,2624,2026-10-04 18:00:09,1,2026-10-04 18:00:09,False,,bajo,False
2026-10-05 05:14:41,2636,2026-10-04 08:33:57,1,2026-10-04 08:33:57,False,,bajo,True
2026-10-05 05:14:41,2637,2026-10-04 02:24:09,1,2026-10-04 02:24:09,False,,bajo,True
2026-10-05 05:14:41,2638,2025-03-13 16:03:26,1,2025-03-13 16:03:26,False,,bajo,False
2026-10-05 05:14:41,2641,2026-10-04 21:19:30,1,2026-10-04 21:19:30,False,,bajo,True
2026-10-05 05:14:41,2644,2026-10-05 04:41:49,1,2026-10-05 04:41:49,False,,medio,False
2026-10-05 05:14:41,2650,2025-12-17 11:02:46,1,2025-12-17 11:02:46,False,,bajo,False
2026-10-05 05:14:41,2672,2026-08-18 10:46:23,1,2026-08-18 10:46:23,False,,bajo,False
2026-10-05 05:14:41,2674,2026-10-04 23:58:07,1,2026-10-04 23:58:07,False,,bajo,True
2026-10-05 05:14:41,2684,2026-10-04 15:14:20,1,2026-10-04 15:14:20,False,,bajo,True
2026-10-05 05:14:41,2692,2026-10-04 10:10:56,1,2026-10-04 10:10:56,False,,bajo,True
2026-10-05 05:14:41,2720,2026-10-04 20:14:34,1,2026-10-04 20:14:34,False,,bajo,False
2026-10-05 05:14:41,2886,2026-10-04 23:54:33,1,2026-10-04 23:54:33,False,,bajo,True
2026-10-05 05:14:41,3000,2026-10-04 23:44:56,1,2026-10-04 23:44:56,False,,bajo,True
2026-10-05 05:14:41,3001,2026-01-05 08:26:33,1,2026-01-05 08:26:33,False,,bajo,False
2026-10-05 05:14:41,3007,2026-10-05 00:53:56,1,2026-10-05 00:53:56,False,,bajo,True
2026-10-05 05:14:41,3015,2026-10-03 11:59:03,1,2026-10-03 11:59:03,False,,bajo,False
2026-10-05 05:14:41,3034,2026-10-05 00:26:21,1,2026-10-05 00:26:21,False,,bajo,True
2026-10-05 05:14:41,3091,2026-10-04 20:52:35,1,2026-10-04 20:52:35,False,,bajo,False
2026-10-05 05:14:41,3125,2026-10-04 16:55:23,1,2026-10-04 16:55:23,False,,bajo,False
2026-10-05 05:14:41,3236,2026-10-04 17:56:03,1,2026-10-04 17:56:03,False,,bajo,True
2026-10-05 05:14:41,3275,2026-10-04 17:36:13,1,2026-10-04 17:36:13,False,,bajo,True
2026-10-05 05:14:41,2589,2025-03-13 16:03:26,2,2025-03-13 16:03:26,False,,bajo,False
2026-10-05 05:14:41,2333,2026-06-03 07:34:42,0,2026-06-03 07:34:42,False,,bajo,False
2026-10-05 05:14:41,2338,2026-10-04 11:11:27,0,2026-10-04 11:11:27,False,,bajo,False
2026-10-05 05:14:41,2345,2026-10-05 05:13:49,0,2026-10-05 05:13:49,False,,bajo,False
2026-10-05 05:14:41,2346,2026-10-05 02:14:29,0,2026-10-05 02:14:29,False,,bajo,True
2026-10-05 05:14:41,2425,2026-10-04 08:50:14,0,2026-10-04 08:50:14,False,,bajo,False
2026-10-05 05:14:41,2444,2026-10-04 08:55:49,0,2026-10-04 08:55:49,False,,bajo,False
2026-10-05 05:14:41,2481,2026-10-05 03:40:11,0,2026-10-05 03:40:11,False,,bajo,False
2026-10-05 05:14:41,2502,2026-10-03 22:21:49,0,2026-10-03 22:21:49,False,,bajo,False
2026-10-05 05:14:41,2514,2026-10-05 05:13:38,0,2026-10-05 05:13:38,False,,bajo,False
2026-10-05 05:14:41,2515,2026-10-05 03:16:59,0,2026-10-05 03:16:59,False,,bajo,False
2026-10-05 05:14:41,2537,2026-10-04 06:54:48,0,2026-10-04 06:54:48,False,,bajo,True
2026-10-05 05:14:41,2601,2026-10-05 05:13:45,0,2026-10-05 05:13:45,False,,alto,True
2026-10-05 05:14:41,2617,2026-10-04 19:22:31,0,2026-10-04 19:22:31,False,,bajo,False
2026-10-05 05:14:41,2618,2026-10-04 15:41:54,0,2026-10-04 15:41:54,False,,bajo,False
2026-10-05 05:14:41,2645,2026-10-05 05:10:55,0,2026-10-05 05:10:55,False,,bajo,False
2026-10-05 05:14:41,2725,2026-10-04 16:39:01,0,2026-10-04 16:39:01,False,,bajo,False
2026-10-05 05:14:41,2727,2026-10-04 07:10:54,0,2026-10-04 07:10:54,False,,bajo,False
2026-10-05 05:14:41,2787,2026-10-04 10:22:52,0,2026-10-04 10:22:52,False,,bajo,False
2026-10-05 05:14:41,2883,2026-10-04 10:17:15,0,2026-10-04 10:17:15,False,,bajo,False
2026-10-05 05:14:41,2885,2026-10-03 22:45:20,0,2026-10-03 22:45:20,False,,bajo,False
2026-10-05 05:14:41,2888,2026-10-04 23:06:36,0,2026-10-04 23:06:36,False,,bajo,False
2026-10-05 05:14:41,2957,2026-10-04 09:36:40,0,2026-10-04 09:36:40,False,,bajo,False
2026-10-05 05:14:41,2960,2026-10-04 11:00:53,0,2026-10-04 11:00:53,False,,bajo,False
2026-10-05 05:14:41,3003,2026-10-05 05:13:36,0,2026-10-05 05:13:36,False,,bajo,False
2026-10-05 05:14:41,3004,2026-10-05 00:01:47,0,2026-10-05 00:01:47,False,,bajo,True
2026-10-05 05:14:41,3047,2026-10-04 21:30:02,0,2026-10-04 21:30:02,False,,bajo,True
2026-10-05 05:14:41,3062,2026-10-04 19:31:12,0,2026-10-04 19:31:12,False,,bajo,True
2026-10-05 05:14:41,3071,2026-09-25 13:44:42,0,2026-09-25 13:44:42,False,,bajo,False
2026-10-05 05:14:41,3136,2026-10-04 16:23:35,0,2026-10-04 16:23:35,False,,bajo,False
2026-10-05 05:14:41,3174,2026-10-05 01:59:45,0,2026-10-05 01:59:45,False,,bajo,False
2026-10-05 05:14:41,3175,2026-10-05 05:13:37,0,2026-10-05 05:13:37,False,,bajo,False
2026-10-05 05:14:41,3262,2026-10-02 22:55:50,0,2026-10-02 22:55:50,False,,bajo,False
2026-10-05 05:14:41,3277,2026-10-03 22:32:30,0,2026-10-03 22:32:30,False,,bajo,False
2026-10-05 05:14:41,2333,2026-06-03 07:34:43,1,2026-06-03 07:34:43,False,,bajo,False
2026-10-05 05:14:41,2338,2026-10-03 18:29:25,1,2026-10-03 18:29:25,False,,bajo,True
2026-10-05 05:14:41,2345,2026-10-03 16:55:36,1,2026-10-03 16:55:36,False,,bajo,False
2026-10-05 05:14:41,2346,2026-10-03 20:13:06,1,2026-10-03 20:13:06,False,,bajo,False
2026-10-05 05:14:41,2425,2026-10-04 16:08:59,1,2026-10-04 16:08:59,False,,bajo,False
2026-10-05 05:14:41,2444,2026-10-04 16:25:35,1,2026-10-04 16:25:35,False,,bajo,False
2026-10-05 05:14:41,2481,2026-10-03 17:29:27,1,2026-10-03 17:29:27,False,,bajo,False
2026-10-05 05:14:41,2502,2026-10-04 07:29:25,1,2026-10-04 07:29:25,False,,alto,False
2026-10-05 05:14:41,2514,2026-10-03 16:53:46,1,2026-10-03 16:53:46,False,,bajo,False
2026-10-05 05:14:41,2515,2026-10-03 17:04:25,1,2026-10-03 17:04:25,False,,bajo,False
2026-10-05 05:14:41,2537,2026-10-04 07:51:58,1,2026-10-04 07:51:58,False,,bajo,True
2026-10-05 05:14:41,2601,2026-10-03 22:23:37,1,2026-10-03 22:23:37,False,,bajo,False
2026-10-05 05:14:41,2617,2026-10-04 21:51:37,1,2026-10-04 21:51:37,False,,medio,True
2026-10-05 05:14:41,2618,2026-10-04 21:20:06,1,2026-10-04 21:20:06,False,,alto,True
2026-10-05 05:14:41,2645,2026-10-03 15:36:48,1,2026-10-03 15:36:48,False,,bajo,True
2026-10-05 05:14:41,2725,2026-10-04 21:32:22,1,2026-10-04 21:32:22,False,,bajo,True
2026-10-05 05:14:41,2727,2026-10-04 14:58:23,1,2026-10-04 14:58:23,False,,bajo,False
2026-10-05 05:14:41,2787,2026-10-04 18:01:53,1,2026-10-04 18:01:53,False,,bajo,False
2026-10-05 05:14:41,2883,2026-10-04 19:46:50,1,2026-10-04 19:46:50,False,,bajo,False
2026-10-05 05:14:41,2885,2026-10-04 18:35:14,1,2026-10-04 18:35:14,False,,bajo,False
2026-10-05 05:14:41,2888,2026-10-04 23:01:14,1,2026-10-04 23:01:14,False,,bajo,True
2026-10-05 05:14:41,2957,2026-10-04 17:42:43,1,2026-10-04 17:42:43,False,,bajo,False
2026-10-05 05:14:41,2960,2026-10-04 12:36:24,1,2026-10-04 12:36:24,False,,bajo,True
2026-10-05 05:14:41,3003,2026-10-04 08:55:56,1,2026-10-04 08:55:56,False,,bajo,True
2026-10-05 05:14:41,3004,2026-06-03 08:58:20,1,2026-06-03 08:58:20,False,,bajo,False
2026-10-05 05:14:41,3047,2026-10-02 23:51:22,1,2026-10-02 23:51:22,False,,bajo,True
2026-10-05 05:14:41,3062,2026-10-04 09:47:55,1,2026-10-04 09:47:55,False,,bajo,True
2026-10-05 05:14:41,3071,2026-10-01 19:34:25,1,2026-10-01 19:34:25,False,,bajo,False
2026-10-05 05:14:41,3136,2026-10-04 22:11:25,1,2026-10-04 22:11:25,False,,bajo,True
2026-10-05 05:14:41,3174,2026-10-04 23:57:06,1,2026-10-04 23:57:06,False,,bajo,False
2026-10-05 05:14:41,3175,2026-06-03 07:27:38,1,2026-06-03 07:27:38,False,,bajo,False
2026-10-05 05:14:41,3262,2026-10-03 20:12:16,1,2026-10-03 20:12:16,False,,bajo,True
2026-10-05 05:14:41,3277,2026-10-03 22:46:23,1,2026-10-03 22:46:23,False,,bajo,False
2026-10-05 05:14:41,2537,2025-03-13 16:03:26,2,2025-03-13 16:03:26,False,,bajo,False
2026-10-05 05:14:41,2249,2026-10-03 19:23:48,0,2026-10-03 19:23:48,False,,bajo,False
2026-10-05 05:14:41,2251,2026-10-04 16:12:26,0,2026-10-04 16:12:26,False,,medio,False
2026-10-05 05:14:41,2339,2026-10-04 13:22:07,0,2026-10-04 13:22:07,False,,bajo,False
2026-10-05 05:14:41,2341,2026-10-04 10:56:12,0,2026-10-04 10:56:12,False,,bajo,False
2026-10-05 05:14:41,2350,2026-10-03 16:20:15,0,2026-10-03 16:20:15,False,,alto,False
2026-10-05 05:14:41,2364,2026-10-04 12:12:45,0,2026-10-04 12:12:45,False,,medio,True
2026-10-05 05:14:41,2386,2026-10-04 13:01:16,0,2026-10-04 13:01:16,False,,bajo,True
2026-10-05 05:14:41,2388,2026-10-04 12:13:16,0,2026-10-04 12:13:16,False,,bajo,False
2026-10-05 05:14:41,2390,2026-10-04 12:08:55,0,2026-10-04 12:08:55,False,,alto,True
2026-10-05 05:14:41,2472,2026-10-04 11:32:40,0,2026-10-04 11:32:40,False,,alto,False
2026-10-05 05:14:41,2500,2026-10-03 11:35:14,0,2026-10-03 11:35:14,False,,medio,True
2026-10-05 05:14:41,2528,2026-10-03 13:26:12,0,2026-10-03 13:26:12,False,,bajo,False
2026-10-05 05:14:41,2559,2026-10-03 11:59:41,0,2026-10-03 11:59:41,False,,bajo,True
2026-10-05 05:14:41,2603,2026-10-03 13:27:04,0,2026-10-03 13:27:04,False,,bajo,True
2026-10-05 05:14:41,2616,2026-10-01 16:31:20,0,2026-10-01 16:31:20,False,,bajo,True
2026-10-05 05:14:41,2627,2026-10-04 14:52:22,0,2026-10-04 14:52:22,False,,bajo,False
2026-10-05 05:14:41,2642,2026-10-04 11:06:30,0,2026-10-04 11:06:30,False,,bajo,False
2026-10-05 05:14:41,2646,2026-10-04 10:30:22,0,2026-10-04 10:30:22,False,,bajo,False
2026-10-05 05:14:41,2688,2026-10-04 12:35:03,0,2026-10-04 12:35:03,False,,bajo,False
2026-10-05 05:14:41,2804,2026-10-04 16:13:55,0,2026-10-04 16:13:55,False,,bajo,True
2026-10-05 05:14:41,2857,2026-10-03 15:58:51,0,2026-10-03 15:58:51,False,,bajo,True
2026-10-05 05:14:41,2868,2026-10-03 17:43:37,0,2026-10-03 17:43:37,False,,bajo,True
2026-10-05 05:14:41,2911,2026-10-05 05:10:13,0,2026-10-05 05:10:13,False,,bajo,True
2026-10-05 05:14:41,2974,2026-10-04 17:51:50,0,2026-10-04 17:51:50,False,,bajo,False
2026-10-05 05:14:41,2977,2026-10-04 11:46:42,0,2026-10-04 11:46:42,False,,bajo,False
2026-10-05 05:14:41,2979,2026-10-03 23:16:31,0,2026-10-03 23:16:31,False,,bajo,True
2026-10-05 05:14:41,2980,2026-10-03 14:48:55,0,2026-10-03 14:48:55,False,,bajo,True
2026-10-05 05:14:41,2981,2026-10-04 11:40:02,0,2026-10-04 11:40:02,False,,bajo,False
2026-10-05 05:14:41,2982,2026-10-03 14:38:24,0,2026-10-03 14:38:24,False,,bajo,False
2026-10-05 05:14:41,3046,2026-10-05 05:12:28,0,2026-10-05 05:12:28,False,,bajo,True
2026-10-05 05:14:41,3257,2026-10-04 21:23:09,0,2026-10-04 21:23:09,False,,bajo,True
2026-10-05 05:14:41,2249,2026-10-04 20:33:52,1,2026-10-04 20:33:52,False,,alto,False
2026-10-05 05:14:41,2251,2026-10-04 20:36:02,1,2026-10-04 20:36:02,False,,medio,True
2026-10-05 05:14:41,2339,2026-10-05 04:32:11,1,2026-10-05 04:32:11,False,,bajo,True
2026-10-05 05:14:41,2350,2026-10-04 21:14:31,1,2026-10-04 21:14:31,False,,medio,True
2026-10-05 05:14:41,2364,2026-10-04 21:35:28,1,2026-10-04 21:35:28,False,,bajo,True
2026-10-05 05:14:41,2472,2026-10-05 05:02:35,1,2026-10-05 05:02:35,False,,bajo,True
2026-10-05 05:14:41,2500,2026-10-04 20:48:29,1,2026-10-04 20:48:29,False,,alto,True
2026-10-05 05:14:41,2528,2026-10-04 21:14:18,1,2026-10-04 21:14:18,False,,medio,True
2026-10-05 05:14:41,2559,2026-10-04 19:53:11,1,2026-10-04 19:53:11,False,,alto,True
2026-10-05 05:14:41,2603,2026-10-04 20:29:09,1,2026-10-04 20:29:09,False,,medio,True
2026-10-05 05:14:41,2616,2026-10-04 22:38:22,1,2026-10-04 22:38:22,False,,bajo,True
2026-10-05 05:14:41,2627,2026-10-05 04:28:05,1,2026-10-05 04:28:05,False,,medio,True
2026-10-05 05:14:41,2642,2026-10-05 03:46:28,1,2026-10-05 03:46:28,False,,bajo,True
2026-10-05 05:14:41,2646,2026-10-04 20:49:19,1,2026-10-04 20:49:19,False,,medio,True
2026-10-05 05:14:41,2688,2026-10-04 23:53:00,1,2026-10-04 23:53:00,False,,alto,True
2026-10-05 05:14:41,2804,2026-10-05 05:07:40,1,2026-10-05 05:07:40,False,,bajo,True
2026-10-05 05:14:41,2857,2026-10-04 21:35:08,1,2026-10-04 21:35:08,False,,bajo,False
2026-10-05 05:14:41,2868,2026-10-04 21:37:44,1,2026-10-04 21:37:44,False,,bajo,True
2026-10-05 05:14:41,2911,2026-10-05 05:02:33,1,2026-10-05 05:02:33,False,,bajo,True
2026-10-05 05:14:41,2974,2026-10-05 04:28:29,1,2026-10-05 04:28:29,False,,bajo,True
2026-10-05 05:14:41,2977,2026-10-05 00:37:50,1,2026-10-05 00:37:50,False,,alto,True
2026-10-05 05:14:41,2979,2026-10-04 21:10:21,1,2026-10-04 21:10:21,False,,bajo,True
2026-10-05 05:14:41,2980,2026-10-04 21:14:25,1,2026-10-04 21:14:25,False,,bajo,True
2026-10-05 05:14:41,2981,2026-10-04 23:33:56,1,2026-10-04 23:33:56,False,,bajo,True
2026-10-05 05:14:41,2982,2026-10-04 20:54:23,1,2026-10-04 20:54:23,False,,bajo,False
2026-10-05 05:14:41,3257,2026-10-04 22:01:08,1,2026-10-04 22:01:08,False,,alto,True
2026-10-05 05:14:41,2364,2026-06-03 08:18:32,2,2026-06-03 08:18:32,False,,bajo,False
2026-10-05 05:14:41,2390,2026-06-03 06:18:03,2,2026-06-03 06:18:03,False,,bajo,False
2026-10-05 05:14:41,2472,2026-06-03 06:36:25,2,2026-06-03 06:36:25,False,,bajo,False
2026-10-05 05:14:41,2627,2026-06-03 01:47:48,2,2026-06-03 01:47:48,False,,bajo,False
2026-10-05 05:14:41,1724,2026-10-03 19:29:15,0,2026-10-03 19:29:15,False,,bajo,True
2026-10-05 05:14:41,1744,2026-10-04 09:52:18,0,2026-10-04 09:52:18,False,,bajo,False
2026-10-05 05:14:41,1766,2026-10-04 14:54:31,0,2026-10-04 14:54:31,False,,bajo,True
2026-10-05 05:14:41,1784,2026-10-04 13:10:32,0,2026-10-04 13:10:32,False,,bajo,True
2026-10-05 05:14:41,1805,2026-10-04 19:06:27,0,2026-10-04 19:06:27,False,,bajo,True
2026-10-05 05:14:41,1806,2026-10-04 23:15:12,0,2026-10-04 23:15:12,False,,bajo,True
2026-10-05 05:14:41,1824,2026-10-04 12:08:27,0,2026-10-04 12:08:27,False,,bajo,True
2026-10-05 05:14:41,1844,2026-10-05 04:20:37,0,2026-10-05 04:20:37,False,,bajo,True
2026-10-05 05:14:41,1845,2026-10-04 15:14:17,0,2026-10-04 15:14:17,False,,bajo,False
2026-10-05 05:14:41,1846,2026-10-05 04:51:23,0,2026-10-05 04:51:23,False,,bajo,True
2026-10-05 05:14:41,1887,2026-10-04 10:05:58,0,2026-10-04 10:05:58,False,,bajo,False
2026-10-05 05:14:41,1924,2026-10-04 13:45:02,0,2026-10-04 13:45:02,False,,bajo,False
2026-10-05 05:14:41,1926,2026-10-04 16:04:10,0,2026-10-04 16:04:10,False,,bajo,False
2026-10-05 05:14:41,1927,2026-10-04 14:11:25,0,2026-10-04 14:11:25,False,,bajo,False
2026-10-05 05:14:41,1928,2026-10-04 19:41:32,0,2026-10-04 19:41:32,False,,bajo,False
2026-10-05 05:14:41,1944,2026-10-04 20:14:21,0,2026-10-04 20:14:21,False,,bajo,True
2026-10-05 05:14:41,1945,2026-10-04 01:49:42,0,2026-10-04 01:49:42,False,,bajo,True
2026-10-05 05:14:41,1964,2026-10-05 04:11:22,0,2026-10-05 04:11:22,False,,alto,True
2026-10-05 05:14:41,1965,2026-10-04 14:47:07,0,2026-10-04 14:47:07,False,,bajo,True
2026-10-05 05:14:41,1984,2026-10-04 06:48:56,0,2026-10-04 06:48:56,False,,bajo,False
2026-10-05 05:14:41,2190,2026-10-04 17:58:36,0,2026-10-04 17:58:36,False,,bajo,True
2026-10-05 05:14:41,2192,2026-10-04 11:23:31,0,2026-10-04 11:23:31,False,,bajo,False
2026-10-05 05:14:41,2193,2026-10-04 15:48:50,0,2026-10-04 15:48:50,False,,bajo,False
2026-10-05 05:14:41,2204,2026-10-04 13:06:11,0,2026-10-04 13:06:11,False,,bajo,True
2026-10-05 05:14:41,2205,2026-10-04 15:24:23,0,2026-10-04 15:24:23,False,,bajo,False
2026-10-05 05:14:41,2207,2026-10-04 10:15:44,0,2026-10-04 10:15:44,False,,alto,True
2026-10-05 05:14:41,2208,2026-10-04 03:07:08,0,2026-10-04 03:07:08,False,,alto,False
2026-10-05 05:14:41,2224,2026-10-04 06:09:09,0,2026-10-04 06:09:09,False,,bajo,False
2026-10-05 05:14:41,2225,2026-10-04 01:24:00,0,2026-10-04 01:24:00,False,,alto,False
2026-10-05 05:14:41,2227,2026-10-04 05:50:59,0,2026-10-04 05:50:59,False,,bajo,False
2026-10-05 05:14:41,2229,2026-10-05 05:12:34,0,2026-10-05 05:12:34,False,,bajo,True
2026-10-05 05:14:41,2230,2026-10-05 03:34:22,0,2026-10-05 03:34:22,False,,bajo,True
2026-10-05 05:14:41,2250,2026-10-04 20:43:51,0,2026-10-04 20:43:51,False,,bajo,True
2026-10-05 05:14:41,2264,2026-10-05 05:13:57,0,2026-10-05 05:13:57,False,,bajo,True
2026-10-05 05:14:41,2268,2026-10-05 00:14:54,0,2026-10-05 00:14:54,False,,bajo,True
2026-10-05 05:14:41,2284,2026-10-02 14:41:45,0,2026-10-02 14:41:45,False,,bajo,True
2026-10-05 05:14:41,2317,2026-10-05 04:10:06,0,2026-10-05 04:10:06,False,,bajo,True
2026-10-05 05:14:41,2326,2026-10-04 15:08:32,0,2026-10-04 15:08:32,False,,alto,False
2026-10-05 05:14:41,2327,2026-10-04 08:20:58,0,2026-10-04 08:20:58,False,,bajo,True
2026-10-05 05:14:41,2330,2026-10-04 00:59:07,0,2026-10-04 00:59:07,False,,bajo,False
2026-10-05 05:14:41,2335,2026-10-04 11:46:32,0,2026-10-04 11:46:32,False,,bajo,False
2026-10-05 05:14:41,2391,2026-10-04 16:53:56,0,2026-10-04 16:53:56,False,,bajo,False
2026-10-05 05:14:41,2404,2026-10-05 05:14:05,0,2026-10-05 05:14:05,False,,bajo,False
2026-10-05 05:14:41,2411,2026-10-05 00:29:49,0,2026-10-05 00:29:49,False,,bajo,False
2026-10-05 05:14:41,2415,2026-10-04 18:31:53,0,2026-10-04 18:31:53,False,,bajo,False
2026-10-05 05:14:41,2424,2025-03-13 16:03:26,0,2025-03-13 16:03:26,False,,bajo,False
2026-10-05 05:14:41,2446,2026-10-02 18:28:55,0,2026-10-02 18:28:55,False,,bajo,True
2026-10-05 05:14:41,2459,2026-10-04 12:38:43,0,2026-10-04 12:38:43,False,,bajo,False
2026-10-05 05:14:41,2464,2026-10-04 11:50:21,0,2026-10-04 11:50:21,False,,bajo,True
2026-10-05 05:14:41,2465,2026-10-03 22:52:49,0,2026-10-03 22:52:49,False,,bajo,False
2026-10-05 05:14:41,2466,2026-10-04 17:54:25,0,2026-10-04 17:54:25,False,,bajo,True
2026-10-05 05:14:41,2468,2026-10-05 05:14:03,0,2026-10-05 05:14:03,False,,bajo,True
2026-10-05 05:14:41,2471,2026-10-04 20:51:53,0,2026-10-04 20:51:53,False,,bajo,True
2026-10-05 05:14:41,2475,2026-10-04 16:46:11,0,2026-10-04 16:46:11,False,,bajo,False
2026-10-05 05:14:41,2476,2026-10-04 19:51:44,0,2026-10-04 19:51:44,False,,bajo,True
2026-10-05 05:14:41,2482,2026-09-29 16:02:57,0,2026-09-29 16:02:57,False,,medio,True
2026-10-05 05:14:41,2484,2026-10-03 12:32:47,0,2026-10-03 12:32:47,False,,bajo,True
2026-10-05 05:14:41,2485,2026-10-04 19:47:43,0,2026-10-04 19:47:43,False,,bajo,True
2026-10-05 05:14:41,2492,2026-10-04 17:50:48,0,2026-10-04 17:50:48,False,,bajo,True
2026-10-05 05:14:41,2516,2026-10-03 16:34:16,0,2026-10-03 16:34:16,False,,bajo,False
2026-10-05 05:14:41,2519,2026-10-04 16:12:55,0,2026-10-04 16:12:55,False,,bajo,True
2026-10-05 05:14:41,2565,2026-10-04 23:59:14,0,2026-10-04 23:59:14,False,,bajo,True
2026-10-05 05:14:41,2567,2026-10-04 23:44:09,0,2026-10-04 23:44:09,False,,bajo,False
2026-10-05 05:14:41,2575,2026-10-05 04:47:23,0,2026-10-05 04:47:23,False,,bajo,True
2026-10-05 05:14:41,2582,2026-10-04 14:15:34,0,2026-10-04 14:15:34,False,,bajo,False
2026-10-05 05:14:41,2590,2026-10-05 05:12:03,0,2026-10-05 05:12:03,False,,bajo,True
2026-10-05 05:14:41,2592,2026-10-05 05:13:20,0,2026-10-05 05:13:20,False,,bajo,True
2026-10-05 05:14:41,2593,2026-10-03 23:33:54,0,2026-10-03 23:33:54,False,,alto,False
2026-10-05 05:14:41,2654,2026-10-04 21:24:56,0,2026-10-04 21:24:56,False,,bajo,True
2026-10-05 05:14:41,2665,2026-10-05 04:53:55,0,2026-10-05 04:53:55,False,,bajo,True
2026-10-05 05:14:41,2668,2026-10-04 00:39:39,0,2026-10-04 00:39:39,False,,bajo,True
2026-10-05 05:14:41,2678,2026-10-04 15:40:28,0,2026-10-04 15:40:28,False,,bajo,True
2026-10-05 05:14:41,2693,2026-10-05 05:09:37,0,2026-10-05 05:09:37,False,,bajo,True
2026-10-05 05:14:41,2701,2026-10-04 21:32:05,0,2026-10-04 21:32:05,False,,bajo,True
2026-10-05 05:14:41,2706,2026-10-04 10:40:16,0,2026-10-04 10:40:16,False,,alto,False
2026-10-05 05:14:41,2718,2026-10-04 12:54:53,0,2026-10-04 12:54:53,False,,bajo,False
2026-10-05 05:14:41,2722,2026-10-03 21:09:52,0,2026-10-03 21:09:52,False,,bajo,True
2026-10-05 05:14:41,2724,2026-10-04 21:32:45,0,2026-10-04 21:32:45,False,,bajo,True
2026-10-05 05:14:41,2726,2025-03-13 16:03:26,0,2025-03-13 16:03:26,False,,bajo,False
2026-10-05 05:14:41,2730,2026-10-05 03:02:06,0,2026-10-05 03:02:06,False,,alto,True
2026-10-05 05:14:41,2743,2026-10-05 05:13:28,0,2026-10-05 05:13:28,False,,bajo,True
2026-10-05 05:14:41,2744,2026-10-04 19:20:48,0,2026-10-04 19:20:48,False,,bajo,True
2026-10-05 05:14:41,2751,2026-10-04 10:11:13,0,2026-10-04 10:11:13,False,,bajo,False
2026-10-05 05:14:41,2754,2026-10-05 05:13:26,0,2026-10-05 05:13:26,False,,alto,True
2026-10-05 05:14:41,2760,2026-10-05 05:13:17,0,2026-10-05 05:13:17,False,,bajo,True
2026-10-05 05:14:41,2768,2026-10-04 23:58:58,0,2026-10-04 23:58:58,False,,bajo,True
2026-10-05 05:14:41,2770,2026-10-05 04:06:42,0,2026-10-05 04:06:42,False,,bajo,True
2026-10-05 05:14:41,2773,2026-10-04 20:22:55,0,2026-10-04 20:22:55,False,,alto,True
2026-10-05 05:14:41,2777,2025-03-13 16:03:26,0,2025-03-13 16:03:26,False,,bajo,False
2026-10-05 05:14:41,2780,2026-10-05 05:13:25,0,2026-10-05 05:13:25,False,,bajo,True
2026-10-05 05:14:41,2781,2026-10-03 21:05:48,0,2026-10-03 21:05:48,False,,bajo,False
2026-10-05 05:14:41,2790,2026-10-05 00:20:07,0,2026-10-05 00:20:07,False,,bajo,True
2026-10-05 05:14:41,2791,2026-10-04 22:02:25,0,2026-10-04 22:02:25,False,,bajo,True
2026-10-05 05:14:41,2796,2026-10-04 19:35:25,0,2026-10-04 19:35:25,False,,bajo,False
2026-10-05 05:14:41,2803,2026-10-04 19:26:55,0,2026-10-04 19:26:55,False,,bajo,True
2026-10-05 05:14:41,2807,2026-09-27 13:23:22,0,2026-09-27 13:23:22,False,,bajo,False
2026-10-05 05:14:41,2808,2026-10-05 05:13:29,0,2026-10-05 05:13:29,False,,bajo,True
2026-10-05 05:14:41,2810,2026-10-04 15:07:06,0,2026-10-04 15:07:06,False,,bajo,True
2026-10-05 05:14:41,2830,2026-10-04 17:12:27,0,2026-10-04 17:12:27,False,,bajo,True
2026-10-05 05:14:41,2858,2026-10-04 22:01:17,0,2026-10-04 22:01:17,False,,bajo,False
2026-10-05 05:14:41,2904,2026-10-04 17:51:55,0,2026-10-04 17:51:55,False,,bajo,False
2026-10-05 05:14:41,2922,2026-10-05 05:14:05,0,2026-10-05 05:14:05,False,,bajo,True
2026-10-05 05:14:41,2926,2026-10-05 05:13:34,0,2026-10-05 05:13:34,False,,bajo,True
2026-10-05 05:14:41,2929,2026-10-04 21:59:10,0,2026-10-04 21:59:10,False,,medio,False
2026-10-05 05:14:41,2935,2026-10-05 05:13:40,0,2026-10-05 05:13:40,False,,bajo,True
2026-10-05 05:14:41,2937,2026-10-04 21:42:12,0,2026-10-04 21:42:12,False,,bajo,True
2026-10-05 05:14:41,2961,2026-02-27 08:12:26,0,2026-02-27 08:12:26,False,,bajo,False
2026-10-05 05:14:41,2971,2026-10-05 05:05:23,0,2026-10-05 05:05:23,False,,bajo,False
2026-10-05 05:14:41,2972,2026-10-05 05:12:41,0,2026-10-05 05:12:41,False,,bajo,True
2026-10-05 05:14:41,2973,2026-10-04 17:13:31,0,2026-10-04 17:13:31,False,,bajo,False
2026-10-05 05:14:41,2975,2026-10-02 09:44:41,0,2026-10-02 09:44:41,False,,bajo,False
2026-10-05 05:14:41,2978,2026-10-05 04:31:17,0,2026-10-05 04:31:17,False,,bajo,True
2026-10-05 05:14:41,2983,2026-10-04 22:26:33,0,2026-10-04 22:26:33,False,,bajo,True
2026-10-05 05:14:41,2984,2026-10-04 12:07:41,0,2026-10-04 12:07:41,False,,bajo,False
2026-10-05 05:14:41,2985,2026-10-03 18:38:10,0,2026-10-03 18:38:10,False,,bajo,False
2026-10-05 05:14:41,2986,2026-10-03 14:35:29,0,2026-10-03 14:35:29,False,,bajo,False
2026-10-05 05:14:41,2987,2026-10-03 14:03:02,0,2026-10-03 14:03:02,False,,bajo,False
2026-10-05 05:14:41,2988,2026-10-05 05:00:51,0,2026-10-05 05:00:51,False,,bajo,True
2026-10-05 05:14:41,2993,2026-10-05 04:32:00,0,2026-10-05 04:32:00,False,,bajo,True
2026-10-05 05:14:41,2994,2026-10-04 21:10:12,0,2026-10-04 21:10:12,False,,bajo,True
2026-10-05 05:14:41,2996,2026-10-04 20:04:15,0,2026-10-04 20:04:15,False,,bajo,True
2026-10-05 05:14:41,2998,2026-10-03 19:14:50,0,2026-10-03 19:14:50,False,,bajo,False
2026-10-05 05:14:41,3002,2026-10-03 07:36:11,0,2026-10-03 07:36:11,False,,bajo,True
2026-10-05 05:14:41,3009,2026-10-04 21:48:49,0,2026-10-04 21:48:49,False,,bajo,True
2026-10-05 05:14:41,3010,2026-10-04 20:33:28,0,2026-10-04 20:33:28,False,,bajo,True
2026-10-05 05:14:41,3011,2026-10-05 05:13:53,0,2026-10-05 05:13:53,False,,bajo,True
2026-10-05 05:14:41,3013,2026-10-04 21:43:33,0,2026-10-04 21:43:33,False,,bajo,False
2026-10-05 05:14:41,3020,2026-10-04 14:36:45,0,2026-10-04 14:36:45,False,,bajo,False
2026-10-05 05:14:41,3022,2026-10-04 22:05:09,0,2026-10-04 22:05:09,False,,bajo,True
2026-10-05 05:14:41,3024,2026-10-05 01:55:29,0,2026-10-05 01:55:29,False,,bajo,True
2026-10-05 05:14:41,3026,2026-09-26 06:56:17,0,2026-09-26 06:56:17,False,,medio,True
2026-10-05 05:14:41,3027,2026-10-04 22:36:27,0,2026-10-04 22:36:27,False,,bajo,False
2026-10-05 05:14:41,3029,2026-10-03 20:32:14,0,2026-10-03 20:32:14,False,,bajo,True
2026-10-05 05:14:41,3036,2025-03-13 16:18:25,0,2025-03-13 16:18:25,False,,bajo,False
2026-10-05 05:14:41,3039,2026-10-04 16:47:29,0,2026-10-04 16:47:29,False,,bajo,False
2026-10-05 05:14:41,3060,2026-10-04 21:33:54,0,2026-10-04 21:33:54,False,,bajo,True
2026-10-05 05:14:41,3064,2026-10-04 08:40:29,0,2026-10-04 08:40:29,False,,bajo,True
2026-10-05 05:14:41,3065,2026-10-05 05:06:23,0,2026-10-05 05:06:23,False,,bajo,True
2026-10-05 05:14:41,3074,2026-10-04 19:21:07,0,2026-10-04 19:21:07,False,,alto,True
2026-10-05 05:14:41,3076,2026-10-04 18:50:18,0,2026-10-04 18:50:18,False,,bajo,True
2026-10-05 05:14:41,3079,2026-10-05 05:10:33,0,2026-10-05 05:10:33,False,,bajo,True
2026-10-05 05:14:41,3084,2026-10-04 20:38:34,0,2026-10-04 20:38:34,False,,bajo,True
2026-10-05 05:14:41,3086,2026-10-04 06:46:25,0,2026-10-04 06:46:25,False,,bajo,False
2026-10-05 05:14:41,3087,2026-10-03 12:44:34,0,2026-10-03 12:44:34,False,,bajo,False
2026-10-05 05:14:41,3099,2026-10-04 20:32:17,0,2026-10-04 20:32:17,False,,bajo,True
2026-10-05 05:14:41,3101,2026-10-04 05:29:03,0,2026-10-04 05:29:03,False,,bajo,False
2026-10-05 05:14:41,3117,2026-10-04 13:36:22,0,2026-10-04 13:36:22,False,,bajo,True
2026-10-05 05:14:41,3121,2026-10-04 21:53:47,0,2026-10-04 21:53:47,False,,bajo,True
2026-10-05 05:14:41,3132,2026-10-05 05:11:36,0,2026-10-05 05:11:36,False,,bajo,True
2026-10-05 05:14:41,3138,2026-10-05 05:10:55,0,2026-10-05 05:10:55,False,,medio,True
2026-10-05 05:14:41,3141,2026-10-04 12:07:26,0,2026-10-04 12:07:26,False,,bajo,True
2026-10-05 05:14:41,3144,2026-10-04 17:20:17,0,2026-10-04 17:20:17,False,,bajo,False
2026-10-05 05:14:41,3145,2026-10-04 21:53:41,0,2026-10-04 21:53:41,False,,medio,True
2026-10-05 05:14:41,3146,2026-10-04 22:24:22,0,2026-10-04 22:24:22,False,,bajo,False
2026-10-05 05:14:41,3151,2026-10-04 21:50:46,0,2026-10-04 21:50:46,False,,bajo,True
2026-10-05 05:14:41,3154,2026-10-04 11:56:31,0,2026-10-04 11:56:31,False,,bajo,False
2026-10-05 05:14:41,3155,2026-10-04 12:46:49,0,2026-10-04 12:46:49,False,,bajo,True
2026-10-05 05:14:41,3159,2026-10-04 22:56:27,0,2026-10-04 22:56:27,False,,bajo,True
2026-10-05 05:14:41,3160,2026-10-03 13:28:18,0,2026-10-03 13:28:18,False,,bajo,False
2026-10-05 05:14:41,3161,2026-10-04 15:04:19,0,2026-10-04 15:04:19,False,,bajo,False
2026-10-05 05:14:41,3162,2026-10-05 05:07:19,0,2026-10-05 05:07:19,False,,bajo,True
2026-10-05 05:14:41,3169,2026-10-04 17:46:30,0,2026-10-04 17:46:30,False,,bajo,False
2026-10-05 05:14:41,3172,2026-10-05 03:35:32,0,2026-10-05 03:35:32,False,,bajo,True
2026-10-05 05:14:41,3178,2026-10-04 15:57:07,0,2026-10-04 15:57:07,False,,bajo,True
2026-10-05 05:14:41,3184,2026-10-04 22:00:56,0,2026-10-04 22:00:56,False,,bajo,True
2026-10-05 05:14:41,3185,2026-10-04 21:32:32,0,2026-10-04 21:32:32,False,,bajo,True
2026-10-05 05:14:41,3186,2026-10-04 11:20:11,0,2026-10-04 11:20:11,False,,bajo,False
2026-10-05 05:14:41,3187,2026-10-04 22:02:12,0,2026-10-04 22:02:12,False,,bajo,False
2026-10-05 05:14:41,3191,2026-10-04 21:30:14,0,2026-10-04 21:30:14,False,,alto,False
2026-10-05 05:14:41,3199,2026-10-05 05:13:48,0,2026-10-05 05:13:48,False,,bajo,True
2026-10-05 05:14:41,3202,2026-10-04 17:48:23,0,2026-10-04 17:48:23,False,,bajo,True
2026-10-05 05:14:41,3203,2026-10-04 13:34:25,0,2026-10-04 13:34:25,False,,bajo,False
2026-10-05 05:14:41,3204,2026-10-04 13:06:28,0,2026-10-04 13:06:28,False,,bajo,False
2026-10-05 05:14:41,3207,2026-10-05 05:09:11,0,2026-10-05 05:09:11,False,,bajo,True
2026-10-05 05:14:41,3208,2026-10-03 22:15:47,0,2026-10-03 22:15:47,False,,alto,True
2026-10-05 05:14:41,3216,2026-10-04 22:04:42,0,2026-10-04 22:04:42,False,,medio,False
2026-10-05 05:14:41,3222,2026-10-05 05:14:08,0,2026-10-05 05:14:08,False,,bajo,True
2026-10-05 05:14:41,3224,2026-10-02 19:53:14,0,2026-10-02 19:53:14,False,,bajo,False
2026-10-05 05:14:41,3225,2026-09-19 11:41:03,0,2026-09-19 11:41:03,False,,bajo,False
2026-10-05 05:14:41,3227,2026-10-04 13:39:15,0,2026-10-04 13:39:15,False,,bajo,False
2026-10-05 05:14:41,3232,2026-10-04 18:29:24,0,2026-10-04 18:29:24,False,,bajo,False
2026-10-05 05:14:41,3239,2026-10-04 20:03:25,0,2026-10-04 20:03:25,False,,bajo,False
2026-10-05 05:14:41,3242,2026-10-04 10:27:36,0,2026-10-04 10:27:36,False,,bajo,True
2026-10-05 05:14:41,3243,2026-10-02 15:54:55,0,2026-10-02 15:54:55,False,,bajo,False
2026-10-05 05:14:41,3244,2026-10-04 21:19:04,0,2026-10-04 21:19:04,False,,bajo,True
2026-10-05 05:14:41,3253,2026-10-04 23:59:48,0,2026-10-04 23:59:48,False,,bajo,True
2026-10-05 05:14:41,3259,2026-10-04 22:05:27,0,2026-10-04 22:05:27,False,,bajo,True
2026-10-05 05:14:41,3264,2026-10-05 05:06:36,0,2026-10-05 05:06:36,False,,bajo,True
2026-10-05 05:14:41,3266,2026-10-04 22:32:36,0,2026-10-04 22:32:36,False,,bajo,False
2026-10-05 05:14:41,4018,2026-10-02 14:52:21,0,2026-10-02 14:52:21,False,,bajo,False
2026-10-05 05:14:41,4024,2026-10-04 08:17:46,0,2026-10-04 08:17:46,False,,bajo,False
2026-10-05 05:14:41,1724,2026-10-05 04:04:19,1,2026-10-05 04:04:19,False,,bajo,True
2026-10-05 05:14:41,1744,2026-10-05 04:43:06,1,2026-10-05 04:43:06,False,,bajo,False
2026-10-05 05:14:41,1766,2026-06-03 03:27:01,1,2026-06-03 03:27:01,False,,bajo,False
2026-10-05 05:14:41,1784,2026-06-03 03:29:57,1,2026-06-03 03:29:57,False,,bajo,False
2026-10-05 05:14:41,1805,2026-06-03 08:20:37,1,2026-06-03 08:20:37,False,,bajo,False
2026-10-05 05:14:41,1806,2026-10-05 00:04:00,1,2026-10-05 00:04:00,False,,bajo,False
2026-10-05 05:14:41,1824,2026-06-03 08:35:59,1,2026-06-03 08:35:59,False,,bajo,False
2026-10-05 05:14:41,1844,2026-10-04 17:14:38,1,2026-10-04 17:14:38,False,,bajo,False
2026-10-05 05:14:41,1845,2026-06-03 08:35:31,1,2026-06-03 08:35:31,False,,bajo,False
2026-10-05 05:14:41,1846,2026-10-05 04:43:19,1,2026-10-05 04:43:19,False,,bajo,False
2026-10-05 05:14:41,1887,2026-10-04 21:52:45,1,2026-10-04 21:52:45,False,,bajo,True
2026-10-05 05:14:41,1924,2026-10-04 23:29:03,1,2026-10-04 23:29:03,False,,bajo,False
2026-10-05 05:14:41,1926,2026-10-04 22:27:45,1,2026-10-04 22:27:45,False,,bajo,True
2026-10-05 05:14:41,1927,2026-10-05 01:27:19,1,2026-10-05 01:27:19,False,,bajo,True
2026-10-05 05:14:41,1928,2026-10-04 21:29:53,1,2026-10-04 21:29:53,False,,medio,True
2026-10-05 05:14:41,1945,2026-10-05 02:59:39,1,2026-10-05 02:59:39,False,,bajo,True
2026-10-05 05:14:41,1964,2026-10-05 05:07:18,1,2026-10-05 05:07:18,False,,alto,True
2026-10-05 05:14:41,1965,2026-10-05 04:53:51,1,2026-10-05 04:53:51,False,,medio,False
2026-10-05 05:14:41,1984,2026-10-05 04:47:13,1,2026-10-05 04:47:13,False,,bajo,False
2026-10-05 05:14:41,2190,2026-10-05 04:54:20,1,2026-10-05 04:54:20,False,,bajo,False
2026-10-05 05:14:41,2192,2026-10-05 04:57:39,1,2026-10-05 04:57:39,False,,medio,True
2026-10-05 05:14:41,2193,2026-10-05 01:36:49,1,2026-10-05 01:36:49,False,,bajo,True
2026-10-05 05:14:41,2204,2026-10-05 04:13:46,1,2026-10-05 04:13:46,False,,bajo,True
2026-10-05 05:14:41,2205,2026-10-03 09:27:42,1,2026-10-03 09:27:42,False,,bajo,True
2026-10-05 05:14:41,2207,2026-10-05 05:00:41,1,2026-10-05 05:00:41,False,,medio,True
2026-10-05 05:14:41,2208,2026-10-05 05:00:56,1,2026-10-05 05:00:56,False,,bajo,True
2026-10-05 05:14:41,2224,2026-10-05 01:24:31,1,2026-10-05 01:24:31,False,,alto,True
2026-10-05 05:14:41,2225,2026-10-04 21:47:03,1,2026-10-04 21:47:03,False,,bajo,True
2026-10-05 05:14:41,2227,2026-10-05 03:37:32,1,2026-10-05 03:37:32,False,,bajo,False
2026-10-05 05:14:41,2230,2026-10-05 05:01:09,1,2026-10-05 05:01:09,False,,medio,False
2026-10-05 05:14:41,2250,2026-10-05 04:56:07,1,2026-10-05 04:56:07,False,,bajo,False
2026-10-05 05:14:41,2264,2026-10-05 03:56:21,1,2026-10-05 03:56:21,False,,bajo,False
2026-10-05 05:14:41,2268,2026-10-05 04:12:48,1,2026-10-05 04:12:48,False,,medio,True
2026-10-05 05:14:41,2284,2026-10-04 18:09:58,1,2026-10-04 18:09:58,False,,bajo,False
2026-10-05 05:14:41,2317,2026-10-04 22:16:10,1,2026-10-04 22:16:10,False,,bajo,True
2026-10-05 05:14:41,2326,2026-10-05 05:13:26,1,2026-10-05 05:13:26,False,,bajo,True
2026-10-05 05:14:41,2327,2026-10-05 04:58:00,1,2026-10-05 04:58:00,False,,bajo,False
2026-10-05 05:14:41,2330,2026-10-05 04:39:11,1,2026-10-05 04:39:11,False,,bajo,False
2026-10-05 05:14:41,2335,2026-10-04 17:14:27,1,2026-10-04 17:14:27,False,,bajo,True
2026-10-05 05:14:41,2391,2026-10-04 21:18:03,1,2026-10-04 21:18:03,False,,bajo,False
2026-10-05 05:14:41,2404,2026-10-05 03:49:50,1,2026-10-05 03:49:50,False,,bajo,True
2026-10-05 05:14:41,2415,2026-10-04 11:30:47,1,2026-10-04 11:30:47,False,,bajo,False
2026-10-05 05:14:41,2424,2025-03-13 16:03:26,1,2025-03-13 16:03:26,False,,bajo,False
2026-10-05 05:14:41,2446,2026-10-05 05:05:00,1,2026-10-05 05:05:00,False,,bajo,False
2026-10-05 05:14:41,2459,2026-10-04 19:38:23,1,2026-10-04 19:38:23,False,,bajo,False
2026-10-05 05:14:41,2464,2026-10-05 01:04:08,1,2026-10-05 01:04:08,False,,medio,False
2026-10-05 05:14:41,2465,2026-10-04 21:15:16,1,2026-10-04 21:15:16,False,,bajo,True
2026-10-05 05:14:41,2466,2026-10-05 04:00:17,1,2026-10-05 04:00:17,False,,bajo,False
2026-10-05 05:14:41,2468,2026-10-05 03:06:35,1,2026-10-05 03:06:35,False,,bajo,False
2026-10-05 05:14:41,2471,2026-10-05 04:36:24,1,2026-10-05 04:36:24,False,,alto,True
2026-10-05 05:14:41,2475,2026-10-05 02:05:12,1,2026-10-05 02:05:12,False,,bajo,False
2026-10-05 05:14:41,2476,2026-10-05 04:44:09,1,2026-10-05 04:44:09,False,,medio,False
2026-10-05 05:14:41,2482,2026-09-29 14:15:22,1,2026-09-29 14:15:22,False,,bajo,True
2026-10-05 05:14:41,2484,2026-10-04 21:36:21,1,2026-10-04 21:36:21,False,,bajo,False
2026-10-05 05:14:41,2485,2026-10-04 21:05:14,1,2026-10-04 21:05:14,False,,bajo,True
2026-10-05 05:14:41,2492,2026-10-04 22:27:56,1,2026-10-04 22:27:56,False,,bajo,True
2026-10-05 05:14:41,2516,2026-10-04 21:55:30,1,2026-10-04 21:55:30,False,,bajo,True
2026-10-05 05:14:41,2519,2026-10-04 19:26:42,1,2026-10-04 19:26:42,False,,bajo,False
2026-10-05 05:14:41,2565,2026-10-04 17:41:20,1,2026-10-04 17:41:20,False,,bajo,False
2026-10-05 05:14:41,2567,2026-10-04 18:42:13,1,2026-10-04 18:42:13,False,,bajo,False
2026-10-05 05:14:41,2575,2026-10-05 03:31:24,1,2026-10-05 03:31:24,False,,bajo,True
2026-10-05 05:14:41,2582,2026-10-05 04:32:45,1,2026-10-05 04:32:45,False,,bajo,True
2026-10-05 05:14:41,2590,2026-10-05 00:54:00,1,2026-10-05 00:54:00,False,,bajo,True
2026-10-05 05:14:41,2592,2026-10-05 02:36:58,1,2026-10-05 02:36:58,False,,bajo,False
2026-10-05 05:14:41,2593,2026-10-04 23:22:44,1,2026-10-04 23:22:44,False,,bajo,True
2026-10-05 05:14:41,2654,2026-10-05 04:40:16,1,2026-10-05 04:40:16,False,,bajo,False
2026-10-05 05:14:41,2665,2026-10-05 01:43:42,1,2026-10-05 01:43:42,False,,bajo,False
2026-10-05 05:14:41,2668,2026-10-05 04:57:06,1,2026-10-05 04:57:06,False,,bajo,False
2026-10-05 05:14:41,2678,2026-10-04 14:20:24,1,2026-10-04 14:20:24,False,,bajo,True
2026-10-05 05:14:41,2693,2026-10-05 05:09:10,1,2026-10-05 05:09:10,False,,bajo,True
2026-10-05 05:14:41,2701,2026-10-04 14:32:38,1,2026-10-04 14:32:38,False,,bajo,True
2026-10-05 05:14:41,2706,2026-10-05 04:59:15,1,2026-10-05 04:59:15,False,,bajo,False
2026-10-05 05:14:41,2718,2026-10-04 18:25:02,1,2026-10-04 18:25:02,False,,alto,False
2026-10-05 05:14:41,2722,2026-10-04 21:56:21,1,2026-10-04 21:56:21,False,,medio,True
2026-10-05 05:14:41,2724,2026-10-04 23:02:33,1,2026-10-04 23:02:33,False,,bajo,False
2026-10-05 05:14:41,2726,2025-03-13 16:03:26,1,2025-03-13 16:03:26,False,,bajo,False
2026-10-05 05:14:41,2730,2026-06-03 08:24:07,1,2026-06-03 08:24:07,False,,bajo,False
2026-10-05 05:14:41,2743,2026-10-04 16:38:49,1,2026-10-04 16:38:49,False,,bajo,False
2026-10-05 05:14:41,2744,2026-10-05 04:51:29,1,2026-10-05 04:51:29,False,,bajo,True
2026-10-05 05:14:41,2751,2026-10-05 02:04:51,1,2026-10-05 02:04:51,False,,bajo,True
2026-10-05 05:14:41,2754,2026-06-03 08:25:11,1,2026-06-03 08:25:11,False,,bajo,False
2026-10-05 05:14:41,2768,2026-06-03 08:23:19,1,2026-06-03 08:23:19,False,,bajo,False
2026-10-05 05:14:41,2770,2025-03-13 16:03:26,1,2025-03-13 16:03:26,False,,bajo,False
2026-10-05 05:14:41,2773,2026-10-04 23:03:18,1,2026-10-04 23:03:18,False,,bajo,False
2026-10-05 05:14:41,2777,2025-03-13 16:03:26,1,2025-03-13 16:03:26,False,,bajo,False
2026-10-05 05:14:41,2780,2026-10-05 01:39:42,1,2026-10-05 01:39:42,False,,alto,False
2026-10-05 05:14:41,2781,2026-10-05 01:43:30,1,2026-10-05 01:43:30,False,,bajo,False
2026-10-05 05:14:41,2790,2026-10-05 00:16:15,1,2026-10-05 00:16:15,False,,bajo,True
2026-10-05 05:14:41,2791,2026-10-04 20:52:25,1,2026-10-04 20:52:25,False,,bajo,True
2026-10-05 05:14:41,2796,2026-10-04 18:25:00,1,2026-10-04 18:25:00,False,,bajo,True
2026-10-05 05:14:41,2803,2026-10-05 04:09:29,1,2026-10-05 04:09:29,False,,bajo,True
2026-10-05 05:14:41,2807,2026-10-04 18:41:46,1,2026-10-04 18:41:46,False,,bajo,True
2026-10-05 05:14:41,2808,2026-10-04 13:37:41,1,2026-10-04 13:37:41,False,,bajo,True
2026-10-05 05:14:41,2810,2026-10-04 22:35:27,1,2026-10-04 22:35:27,False,,bajo,True
2026-10-05 05:14:41,2830,2026-10-04 21:39:03,1,2026-10-04 21:39:03,False,,bajo,False
2026-10-05 05:14:41,2858,2026-10-04 21:35:13,1,2026-10-04 21:35:13,False,,medio,False
2026-10-05 05:14:41,2904,2026-10-05 00:32:27,1,2026-10-05 00:32:27,False,,bajo,False
2026-10-05 05:14:41,2922,2026-06-03 07:54:30,1,2026-06-03 07:54:30,False,,bajo,False
2026-10-05 05:14:41,2926,2026-10-05 04:35:20,1,2026-10-05 04:35:20,False,,bajo,True
2026-10-05 05:14:41,2929,2026-10-04 21:17:39,1,2026-10-04 21:17:39,False,,bajo,True
2026-10-05 05:14:41,2935,2026-10-05 00:42:46,1,2026-10-05 00:42:46,False,,bajo,True
2026-10-05 05:14:41,2937,2026-10-04 20:32:19,1,2026-10-04 20:32:19,False,,bajo,True
2026-10-05 05:14:41,2961,2026-02-27 08:12:26,1,2026-02-27 08:12:26,False,,bajo,False
2026-10-05 05:14:41,2971,2026-10-05 04:49:37,1,2026-10-05 04:49:37,False,,bajo,True
2026-10-05 05:14:41,2972,2026-10-05 04:36:52,1,2026-10-05 04:36:52,False,,bajo,False
2026-10-05 05:14:41,2973,2026-10-04 20:44:05,1,2026-10-04 20:44:05,False,,bajo,False
2026-10-05 05:14:41,2975,2026-10-04 21:44:14,1,2026-10-04 21:44:14,False,,bajo,True
2026-10-05 05:14:41,2978,2026-10-05 01:41:58,1,2026-10-05 01:41:58,False,,bajo,True
2026-10-05 05:14:41,2983,2026-10-04 22:29:08,1,2026-10-04 22:29:08,False,,bajo,True
2026-10-05 05:14:41,2984,2026-10-05 00:07:28,1,2026-10-05 00:07:28,False,,bajo,True
2026-10-05 05:14:41,2985,2026-10-04 15:24:50,1,2026-10-04 15:24:50,False,,bajo,False
2026-10-05 05:14:41,2986,2026-10-04 20:24:14,1,2026-10-04 20:24:14,False,,bajo,False
2026-10-05 05:14:41,2987,2026-10-04 18:08:19,1,2026-10-04 18:08:19,False,,bajo,True
2026-10-05 05:14:41,2988,2026-10-05 05:06:28,1,2026-10-05 05:06:28,False,,bajo,True
2026-10-05 05:14:41,2993,2026-10-05 05:12:08,1,2026-10-05 05:12:08,False,,bajo,False
2026-10-05 05:14:41,2994,2026-10-04 21:07:05,1,2026-10-04 21:07:05,False,,bajo,False
2026-10-05 05:14:41,2996,2026-10-04 18:43:15,1,2026-10-04 18:43:15,False,,medio,False
2026-10-05 05:14:41,2998,2026-10-04 12:28:02,1,2026-10-04 12:28:02,False,,bajo,False
2026-10-05 05:14:41,3002,2026-10-04 20:30:10,1,2026-10-04 20:30:10,False,,bajo,False
2026-10-05 05:14:41,3009,2026-10-04 19:31:24,1,2026-10-04 19:31:24,False,,bajo,False
2026-10-05 05:14:41,3010,2026-10-04 19:37:49,1,2026-10-04 19:37:49,False,,bajo,True
2026-10-05 05:14:41,3011,2026-10-05 04:09:05,1,2026-10-05 04:09:05,False,,alto,False
2026-10-05 05:14:41,3013,2026-10-04 16:08:49,1,2026-10-04 16:08:49,False,,medio,True
2026-10-05 05:14:41,3020,2026-10-04 21:25:30,1,2026-10-04 21:25:30,False,,bajo,False
2026-10-05 05:14:41,3022,2026-10-04 21:46:10,1,2026-10-04 21:46:10,False,,bajo,True
2026-10-05 05:14:41,3024,2026-10-04 21:58:49,1,2026-10-04 21:58:49,False,,bajo,False
2026-10-05 05:14:41,3026,2026-10-03 07:31:42,1,2026-10-03 07:31:42,False,,bajo,True
2026-10-05 05:14:41,3027,2026-10-05 02:42:22,1,2026-10-05 02:42:22,False,,bajo,False
2026-10-05 05:14:41,3029,2026-10-05 01:32:57,1,2026-10-05 01:32:57,False,,bajo,True
2026-10-05 05:14:41,3036,2025-03-13 16:18:25,1,2025-03-13 16:18:25,False,,bajo,False
2026-10-05 05:14:41,3039,2026-10-04 22:16:22,1,2026-10-04 22:16:22,False,,bajo,False
2026-10-05 05:14:41,3060,2026-10-04 23:45:07,1,2026-10-04 23:45:07,False,,bajo,True
2026-10-05 05:14:41,3064,2026-10-05 04:42:06,1,2026-10-05 04:42:06,False,,bajo,True
2026-10-05 05:14:41,3065,2026-06-03 06:29:32,1,2026-06-03 06:29:32,False,,bajo,False
2026-10-05 05:14:41,3074,2026-10-04 20:25:55,1,2026-10-04 20:25:55,False,,bajo,True
2026-10-05 05:14:41,3076,2026-10-04 22:08:23,1,2026-10-04 22:08:23,False,,bajo,False
2026-10-05 05:14:41,3079,2026-10-04 23:22:09,1,2026-10-04 23:22:09,False,,bajo,False
2026-10-05 05:14:41,3084,2026-10-04 17:41:25,1,2026-10-04 17:41:25,False,,bajo,False
2026-10-05 05:14:41,3086,2026-10-04 22:25:22,1,2026-10-04 22:25:22,False,,bajo,False
2026-10-05 05:14:41,3087,2026-10-05 03:46:00,1,2026-10-05 03:46:00,False,,medio,False
2026-10-05 05:14:41,3099,2026-10-05 04:57:47,1,2026-10-05 04:57:47,False,,bajo,True
2026-10-05 05:14:41,3101,2026-10-04 21:57:07,1,2026-10-04 21:57:07,False,,bajo,False
2026-10-05 05:14:41,3117,2026-10-04 14:26:07,1,2026-10-04 14:26:07,False,,bajo,True
2026-10-05 05:14:41,3121,2026-10-04 21:32:31,1,2026-10-04 21:32:31,False,,bajo,True
2026-10-05 05:14:41,3132,2026-10-04 20:46:46,1,2026-10-04 20:46:46,False,,bajo,True
2026-10-05 05:14:41,3138,2026-10-05 04:33:01,1,2026-10-05 04:33:01,False,,alto,False
2026-10-05 05:14:41,3141,2026-10-04 20:39:39,1,2026-10-04 20:39:39,False,,bajo,False
2026-10-05 05:14:41,3144,2026-10-04 17:10:14,1,2026-10-04 17:10:14,False,,bajo,False
2026-10-05 05:14:41,3145,2026-10-04 21:28:22,1,2026-10-04 21:28:22,False,,medio,False
2026-10-05 05:14:41,3146,2026-10-04 22:21:42,1,2026-10-04 22:21:42,False,,bajo,False
2026-10-05 05:14:41,3151,2026-10-04 21:02:55,1,2026-10-04 21:02:55,False,,bajo,True
2026-10-05 05:14:41,3154,2026-10-05 03:56:24,1,2026-10-05 03:56:24,False,,bajo,False
2026-10-05 05:14:41,3155,2026-10-04 14:20:44,1,2026-10-04 14:20:44,False,,bajo,True
2026-10-05 05:14:41,3159,2026-10-05 04:40:17,1,2026-10-05 04:40:17,False,,bajo,True
2026-10-05 05:14:41,3160,2026-10-05 03:20:16,1,2026-10-05 03:20:16,False,,bajo,False
2026-10-05 05:14:41,3161,2026-10-04 19:23:26,1,2026-10-04 19:23:26,False,,bajo,False
2026-10-05 05:14:41,3162,2026-06-03 06:14:04,1,2026-06-03 06:14:04,False,,bajo,False
2026-10-05 05:14:41,3169,2026-10-04 20:05:58,1,2026-10-04 20:05:58,False,,bajo,True
2026-10-05 05:14:41,3172,2026-10-05 05:10:39,1,2026-10-05 05:10:39,False,,bajo,True
2026-10-05 05:14:41,3178,2026-10-04 19:38:52,1,2026-10-04 19:38:52,False,,bajo,False
2026-10-05 05:14:41,3184,2026-10-04 18:19:37,1,2026-10-04 18:19:37,False,,bajo,True
2026-10-05 05:14:41,3185,2026-10-04 21:47:13,1,2026-10-04 21:47:13,False,,bajo,True
2026-10-05 05:14:41,3187,2026-10-04 21:23:06,1,2026-10-04 21:23:06,False,,bajo,True
2026-10-05 05:14:41,3191,2026-10-04 16:03:03,1,2026-10-04 16:03:03,False,,medio,True
2026-10-05 05:14:41,3199,2026-10-05 01:01:50,1,2026-10-05 01:01:50,False,,bajo,False
2026-10-05 05:14:41,3202,2026-10-05 02:24:16,1,2026-10-05 02:24:16,False,,bajo,True
2026-10-05 05:14:41,3203,2026-10-05 04:58:24,1,2026-10-05 04:58:24,False,,bajo,False
2026-10-05 05:14:41,3204,2026-10-05 05:10:35,1,2026-10-05 05:10:35,False,,alto,True
2026-10-05 05:14:41,3207,2026-10-04 23:57:11,1,2026-10-04 23:57:11,False,,bajo,False
2026-10-05 05:14:41,3208,2026-10-04 19:20:03,1,2026-10-04 19:20:03,False,,bajo,False
2026-10-05 05:14:41,3216,2026-10-04 19:52:04,1,2026-10-04 19:52:04,False,,medio,True
2026-10-05 05:14:41,3222,2026-10-05 04:58:59,1,2026-10-05 04:58:59,False,,bajo,False
2026-10-05 05:14:41,3224,2026-10-03 16:07:44,1,2026-10-03 16:07:44,False,,bajo,False
2026-10-05 05:14:41,3225,2026-10-03 16:25:30,1,2026-10-03 16:25:30,False,,bajo,False
2026-10-05 05:14:41,3227,2026-10-05 04:07:12,1,2026-10-05 04:07:12,False,,bajo,False
2026-10-05 05:14:41,3232,2026-10-04 19:22:12,1,2026-10-04 19:22:12,False,,bajo,False
2026-10-05 05:14:41,3239,2026-10-05 03:57:23,1,2026-10-05 03:57:23,False,,bajo,False
2026-10-05 05:14:41,3242,2026-10-05 03:55:53,1,2026-10-05 03:55:53,False,,bajo,True
2026-10-05 05:14:41,3243,2026-10-04 20:51:24,1,2026-10-04 20:51:24,False,,bajo,False
2026-10-05 05:14:41,3244,2026-10-04 21:46:09,1,2026-10-04 21:46:09,False,,bajo,True
2026-10-05 05:14:41,3259,2026-10-04 14:41:01,1,2026-10-04 14:41:01,False,,bajo,False
2026-10-05 05:14:41,3264,2026-10-04 23:41:39,1,2026-10-04 23:41:39,False,,bajo,True
2026-10-05 05:14:41,3266,2026-10-04 22:32:37,1,2026-10-04 22:32:37,False,,bajo,True
2026-10-05 05:14:41,4018,2026-10-05 01:57:49,1,2026-10-05 01:57:49,False,,bajo,False
2026-10-05 05:14:41,4024,2026-10-04 16:28:53,1,2026-10-04 16:28:53,False,,bajo,True
2026-10-05 05:14:41,1724,2026-06-03 08:15:44,2,2026-06-03 08:15:44,False,,bajo,False
2026-10-05 05:14:41,1744,2026-06-03 06:32:42,2,2026-06-03 06:32:42,False,,bajo,False
2026-10-05 05:14:41,1766,2026-06-03 17:35:31,2,2026-06-03 17:35:31,False,,bajo,False
2026-10-05 05:14:41,1784,2026-06-03 17:31:00,2,2026-06-03 17:31:00,False,,bajo,False
2026-10-05 05:14:41,1805,2026-06-03 17:31:00,2,2026-06-03 17:31:00,False,,bajo,False
2026-10-05 05:14:41,1824,2026-06-03 17:31:00,2,2026-06-03 17:31:00,False,,bajo,False
2026-10-05 05:14:41,1844,2026-06-03 17:31:00,2,2026-06-03 17:31:00,False,,bajo,False
2026-10-05 05:14:41,1845,2026-06-03 17:31:27,2,2026-06-03 17:31:27,False,,bajo,False
2026-10-05 05:14:41,1887,2026-08-05 15:28:49,2,2026-08-05 15:28:49,False,,bajo,False
2026-10-05 05:14:41,1924,2026-06-03 17:31:00,2,2026-06-03 17:31:00,False,,bajo,False
2026-10-05 05:14:41,1926,2026-06-03 06:42:55,2,2026-06-03 06:42:55,False,,bajo,False
2026-10-05 05:14:41,1944,2026-06-03 17:31:00,2,2026-06-03 17:31:00,False,,bajo,False
2026-10-05 05:14:41,1945,2026-09-09 10:38:27,2,2026-09-09 10:38:27,False,,bajo,False
2026-10-05 05:14:41,2190,2025-03-13 16:03:26,2,2025-03-13 16:03:26,False,,bajo,False
2026-10-05 05:14:41,2193,2026-06-03 17:33:58,2,2026-06-03 17:33:58,False,,bajo,False
2026-10-05 05:14:41,2205,2026-06-02 08:49:39,2,2026-06-02 08:49:39,False,,bajo,False
2026-10-05 05:14:41,2208,2026-07-20 15:35:36,2,2026-07-20 15:35:36,False,,bajo,False
2026-10-05 05:14:41,2224,2026-06-03 08:23:23,2,2026-06-03 08:23:23,False,,bajo,False
2026-10-05 05:14:41,2229,2026-06-03 07:24:01,2,2026-06-03 07:24:01,False,,bajo,False
2026-10-05 05:14:41,2250,2026-06-03 08:23:15,2,2026-06-03 08:23:15,False,,bajo,False
2026-10-05 05:14:41,2335,2026-06-03 06:08:53,2,2026-06-03 06:08:53,False,,bajo,False
2026-10-05 05:14:41,2411,2026-06-03 08:44:37,2,2026-06-03 08:44:37,False,,bajo,False
2026-10-05 05:14:41,2465,2026-06-03 06:28:44,2,2026-06-03 06:28:44,False,,bajo,False
2026-10-05 05:14:41,2466,2025-03-13 16:03:26,2,2025-03-13 16:03:26,False,,bajo,False
2026-10-05 05:14:41,2468,2026-06-03 08:40:08,2,2026-06-03 08:40:08,False,,bajo,False
2026-10-05 05:14:41,2706,2026-06-03 05:15:51,2,2026-06-03 05:15:51,False,,bajo,False
2026-10-05 05:14:41,2724,2026-10-02 20:44:23,2,2026-10-02 20:44:23,False,,bajo,False
2026-10-05 05:14:41,2730,2026-06-03 08:24:08,2,2026-06-03 08:24:08,False,,bajo,False
2026-10-05 05:14:41,2743,2026-06-03 08:33:58,2,2026-06-03 08:33:58,False,,bajo,False
2026-10-05 05:14:41,2744,2026-06-03 08:26:24,2,2026-06-03 08:26:24,False,,bajo,False
2026-10-05 05:14:41,2768,2026-06-03 08:23:19,2,2026-06-03 08:23:19,False,,bajo,False
2026-10-05 05:14:41,2770,2026-06-03 08:28:44,2,2026-06-03 08:28:44,False,,bajo,False
2026-10-05 05:14:41,2773,2026-06-03 08:42:23,2,2026-06-03 08:42:23,False,,bajo,False
2026-10-05 05:14:41,2780,2026-06-03 08:31:16,2,2026-06-03 08:31:16,False,,bajo,False
2026-10-05 05:14:41,2781,2026-06-03 08:39:47,2,2026-06-03 08:39:47,False,,bajo,False
2026-10-05 05:14:41,2922,2026-06-03 07:54:30,2,2026-06-03 07:54:30,False,,bajo,False
2026-10-05 05:14:41,2983,2026-06-03 08:26:35,2,2026-06-03 08:26:35,False,,bajo,False
2026-10-05 05:14:41,2993,2026-05-28 08:20:47,2,2026-05-28 08:20:47,False,,bajo,False
2026-10-05 05:14:41,3002,2025-03-13 16:03:26,2,2025-03-13 16:03:26,False,,bajo,False
2026-10-05 05:14:41,3020,2026-06-03 08:31:34,2,2026-06-03 08:31:34,False,,bajo,False
2026-10-05 05:14:41,3065,2026-06-03 06:29:32,2,2026-06-03 06:29:32,False,,bajo,False
2026-10-05 05:14:41,3086,2026-06-03 08:38:54,2,2026-06-03 08:38:54,False,,bajo,False
2026-10-05 05:14:41,3087,2026-06-03 02:06:08,2,2026-06-03 02:06:08,False,,bajo,False
2026-10-05 05:14:41,3151,2026-06-03 07:25:54,2,2026-06-03 07:25:54,False,,bajo,False
2026-10-05 05:14:41,3160,2026-06-03 03:28:18,2,2026-06-03 03:28:18,False,,bajo,False
2026-10-05 05:14:41,3199,2026-06-03 08:41:17,2,2026-06-03 08:41:17,False,,bajo,False
2026-10-05 05:14:41,3203,2026-06-03 08:22:47,2,2026-06-03 08:22:47,False,,bajo,False
2026-10-05 05:14:41,3204,2026-06-03 07:54:17,2,2026-06-03 07:54:17,False,,bajo,False
2026-10-05 05:14:41,3207,2026-06-03 07:05:01,2,2026-06-03 07:05:01,False,,bajo,False
2026-10-05 05:14:41,3227,2025-03-13 16:03:26,2,2025-03-13 16:03:26,False,,bajo,False
2026-10-05 05:14:41,1846,2026-06-03 08:24:16,3,2026-06-03 08:24:16,False,,bajo,False
2026-10-05 05:14:41,2193,2026-06-03 03:28:55,3,2026-06-03 03:28:55,False,,bajo,False
2026-10-05 05:14:41,2208,2026-06-03 08:31:26,3,2026-06-03 08:31:26,False,,bajo,False
2026-10-05 05:14:41,2330,2026-06-03 07:45:12,3,2026-06-03 07:45:12,False,,bajo,False
2026-10-05 05:14:41,2415,2026-06-03 08:47:45,3,2026-06-03 08:47:45,False,,bajo,False
2026-10-05 05:14:41,2466,2026-06-03 08:38:32,3,2026-06-03 08:38:32,False,,bajo,False
2026-10-05 05:14:41,2582,2026-06-03 08:15:54,3,2026-06-03 08:15:54,False,,bajo,False
2026-10-05 05:14:41,2665,2026-06-03 07:10:20,3,2026-06-03 07:10:20,False,,bajo,False
2026-10-05 05:14:41,2718,2026-06-03 07:28:18,3,2026-06-03 07:28:18,False,,bajo,False
2026-10-05 05:14:41,2722,2026-06-03 06:10:37,3,2026-06-03 06:10:37,False,,bajo,False
2026-10-05 05:14:41,2751,2026-06-03 07:40:08,3,2026-06-03 07:40:08,False,,bajo,False
2026-10-05 05:14:41,2858,2026-06-03 00:31:15,3,2026-06-03 00:31:15,False,,bajo,False
2026-10-05 05:14:41,2993,2026-05-28 08:20:47,3,2026-05-28 08:20:47,False,,bajo,False
2026-10-05 05:14:41,2994,2026-06-03 07:45:41,3,2026-06-03 07:45:41,False,,bajo,False
2026-10-05 05:14:41,3010,2026-06-03 08:19:28,3,2026-06-03 08:19:28,False,,bajo,False
2026-10-05 05:14:41,3011,2026-06-03 08:45:02,3,2026-06-03 08:45:02,False,,bajo,False
2026-10-05 05:14:41,3024,2026-06-03 07:31:40,3,2026-06-03 07:31:40,False,,bajo,False
2026-10-05 05:14:41,3026,2026-06-03 08:11:53,3,2026-06-03 08:11:53,False,,bajo,False
2026-10-05 05:14:41,3027,2026-06-03 08:24:41,3,2026-06-03 08:24:41,False,,bajo,False
2026-10-05 05:14:41,3074,2026-06-03 06:59:32,3,2026-06-03 06:59:32,False,,bajo,False
2026-10-05 05:14:41,3079,2026-06-03 07:50:16,3,2026-06-03 07:50:16,False,,bajo,False
2026-10-05 05:14:41,3086,2026-06-03 08:38:54,3,2026-06-03 08:38:54,False,,bajo,False
2026-10-05 05:14:41,3087,2026-06-03 02:06:08,3,2026-06-03 02:06:08,False,,bajo,False
2026-10-05 05:14:41,3132,2026-06-03 08:15:52,3,2026-06-03 08:15:52,False,,bajo,False
2026-10-05 05:14:41,3160,2026-06-03 03:28:18,3,2026-06-03 03:28:18,False,,bajo,False
2026-10-05 05:14:41,3172,2026-06-03 08:52:22,3,2026-06-03 08:52:22,False,,bajo,False
2026-10-05 05:14:41,3203,2026-06-03 17:31:00,3,2026-06-03 17:31:00,False,,bajo,False
2026-10-05 05:14:41,3204,2026-06-03 07:54:17,3,2026-06-03 07:54:17,False,,bajo,False
2026-10-05 05:14:41,3207,2026-06-03 07:05:01,3,2026-06-03 07:05:01,False,,bajo,False
2026-10-05 05:14:41,3222,2026-06-03 08:54:14,3,2026-06-03 08:54:14,False,,bajo,False
2026-10-05 05:14:41,2362,2026-10-04 22:17:03,0,2026-10-04 22:17:03,False,,bajo,True
2026-10-05 05:14:41,2815,2026-10-03 17:21:26,0,2026-10-03 17:21:26,False,,bajo,True
2026-10-05 05:14:41,2817,2026-10-03 14:22:08,0,2026-10-03 14:22:08,False,,alto,False
2026-10-05 05:14:41,2818,2026-10-03 18:47:13,0,2026-10-03 18:47:13,False,,bajo,False
2026-10-05 05:14:41,2820,2026-10-04 13:41:10,0,2026-10-04 13:41:10,False,,bajo,True
2026-10-05 05:14:41,2821,2026-10-04 13:42:28,0,2026-10-04 13:42:28,False,,bajo,False
2026-10-05 05:14:41,2822,2026-10-04 17:19:38,0,2026-10-04 17:19:38,False,,medio,False
2026-10-05 05:14:41,2823,2026-10-04 22:01:51,0,2026-10-04 22:01:51,False,,bajo,False
2026-10-05 05:14:41,2824,2026-10-04 21:53:34,0,2026-10-04 21:53:34,False,,bajo,False
2026-10-05 05:14:41,2827,2026-10-03 15:36:44,0,2026-10-03 15:36:44,False,,alto,False
2026-10-05 05:14:41,2828,2026-09-29 15:24:42,0,2026-09-29 15:24:42,False,,bajo,False
2026-10-05 05:14:41,2833,2026-10-04 23:55:05,0,2026-10-04 23:55:05,False,,bajo,False
2026-10-05 05:14:41,2931,2026-10-04 19:25:11,0,2026-10-04 19:25:11,False,,medio,False
2026-10-05 05:14:41,2932,2026-10-04 18:58:32,0,2026-10-04 18:58:32,False,,bajo,False
2026-10-05 05:14:41,2949,2026-10-04 21:53:05,0,2026-10-04 21:53:05,False,,bajo,True
2026-10-05 05:14:41,2952,2026-09-27 08:35:35,0,2026-09-27 08:35:35,False,,bajo,False
2026-10-05 05:14:41,2953,2026-10-04 20:39:39,0,2026-10-04 20:39:39,False,,bajo,True
2026-10-05 05:14:41,2969,2026-10-04 21:35:24,0,2026-10-04 21:35:24,False,,alto,True
2026-10-05 05:14:41,2995,2026-10-01 08:55:18,0,2026-10-01 08:55:18,False,,bajo,False
2026-10-05 05:14:41,3017,2026-10-03 18:51:43,0,2026-10-03 18:51:43,False,,bajo,False
2026-10-05 05:14:41,3021,2026-10-04 20:58:00,0,2026-10-04 20:58:00,False,,bajo,False
2026-10-05 05:14:41,3068,2026-10-04 21:57:18,0,2026-10-04 21:57:18,False,,bajo,True
2026-10-05 05:14:41,3080,2026-10-04 19:19:15,0,2026-10-04 19:19:15,False,,bajo,True
2026-10-05 05:14:41,3089,2026-10-04 17:28:03,0,2026-10-04 17:28:03,False,,bajo,False
2026-10-05 05:14:41,3111,2026-10-04 23:27:08,0,2026-10-04 23:27:08,False,,bajo,False
2026-10-05 05:14:41,3112,2026-10-04 17:11:35,0,2026-10-04 17:11:35,False,,bajo,True
2026-10-05 05:14:41,3142,2026-10-03 10:12:14,0,2026-10-03 10:12:14,False,,bajo,False
2026-10-05 05:14:41,3181,2026-10-04 22:11:55,0,2026-10-04 22:11:55,False,,bajo,True
2026-10-05 05:14:41,3205,2026-10-03 18:17:15,0,2026-10-03 18:17:15,False,,bajo,False
2026-10-05 05:14:41,3233,2026-09-30 22:20:46,0,2026-09-30 22:20:46,False,,bajo,True
2026-10-05 05:14:41,2362,2026-10-04 21:53:22,1,2026-10-04 21:53:22,False,,bajo,True
2026-10-05 05:14:41,2815,2026-10-03 16:12:06,1,2026-10-03 16:12:06,False,,bajo,False
2026-10-05 05:14:41,2817,2026-10-03 13:48:36,1,2026-10-03 13:48:36,False,,bajo,False
2026-10-05 05:14:41,2818,2026-10-03 14:24:26,1,2026-10-03 14:24:26,False,,bajo,False
2026-10-05 05:14:41,2820,2026-06-03 07:57:34,1,2026-06-03 07:57:34,False,,bajo,False
2026-10-05 05:14:41,2821,2026-10-04 09:51:22,1,2026-10-04 09:51:22,False,,bajo,False
2026-10-05 05:14:41,2822,2026-10-04 17:25:16,1,2026-10-04 17:25:16,False,,bajo,False
2026-10-05 05:14:41,2823,2026-10-04 21:17:19,1,2026-10-04 21:17:19,False,,bajo,True
2026-10-05 05:14:41,2824,2026-10-04 21:45:56,1,2026-10-04 21:45:56,False,,bajo,True
2026-10-05 05:14:41,2827,2026-10-03 11:18:33,1,2026-10-03 11:18:33,False,,bajo,False
2026-10-05 05:14:41,2828,2026-10-04 20:39:03,1,2026-10-04 20:39:03,False,,bajo,False
2026-10-05 05:14:41,2833,2026-10-04 14:31:19,1,2026-10-04 14:31:19,False,,bajo,False
2026-10-05 05:14:41,2931,2026-10-03 17:09:18,1,2026-10-03 17:09:18,False,,bajo,False
2026-10-05 05:14:41,2932,2026-10-04 22:16:51,1,2026-10-04 22:16:51,False,,bajo,True
2026-10-05 05:14:41,2949,2026-10-04 20:18:13,1,2026-10-04 20:18:13,False,,bajo,True
2026-10-05 05:14:41,2952,2026-10-04 16:13:38,1,2026-10-04 16:13:38,False,,bajo,True
2026-10-05 05:14:41,2953,2026-10-04 19:13:54,1,2026-10-04 19:13:54,False,,bajo,False
2026-10-05 05:14:41,2969,2026-10-04 11:16:06,1,2026-10-04 11:16:06,False,,alto,True
2026-10-05 05:14:41,2995,2026-09-30 19:59:40,1,2026-09-30 19:59:40,False,,bajo,True
2026-10-05 05:14:41,3017,2026-10-02 15:27:53,1,2026-10-02 15:27:53,False,,bajo,False
2026-10-05 05:14:41,3021,2026-10-03 19:52:41,1,2026-10-03 19:52:41,False,,bajo,False
2026-10-05 05:14:41,3068,2026-10-04 13:01:23,1,2026-10-04 13:01:23,False,,bajo,False
2026-10-05 05:14:41,3080,2026-10-04 19:33:30,1,2026-10-04 19:33:30,False,,bajo,False
2026-10-05 05:14:41,3089,2026-10-04 22:14:03,1,2026-10-04 22:14:03,False,,bajo,True
2026-10-05 05:14:41,3111,2026-10-04 23:28:23,1,2026-10-04 23:28:23,False,,bajo,False
2026-10-05 05:14:41,3112,2026-10-04 14:18:08,1,2026-10-04 14:18:08,False,,bajo,False
2026-10-05 05:14:41,3142,2026-10-04 18:18:32,1,2026-10-04 18:18:32,False,,bajo,False
2026-10-05 05:14:41,3181,2026-10-04 20:44:50,1,2026-10-04 20:44:50,False,,bajo,False
2026-10-05 05:14:41,3233,2026-09-30 22:18:07,1,2026-09-30 22:18:07,False,,bajo,False
2026-10-05 05:14:41,2736,2026-10-04 11:52:20,0,2026-10-04 11:52:20,False,,bajo,False
2026-10-05 05:14:41,2755,2026-10-04 11:22:16,0,2026-10-04 11:22:16,False,,bajo,False
2026-10-05 05:14:41,2908,2026-10-04 17:39:47,0,2026-10-04 17:39:47,False,,bajo,True
2026-10-05 05:14:41,3072,2025-03-13 16:03:26,0,2025-03-13 16:03:26,False,,bajo,False
2026-10-05 05:14:41,3100,2026-10-04 19:28:45,0,2026-10-04 19:28:45,False,,bajo,True
2026-10-05 05:14:41,3170,2026-09-30 13:46:43,0,2026-09-30 13:46:43,False,,bajo,False
2026-10-05 05:14:41,2736,2026-09-26 20:57:49,1,2026-09-26 20:57:49,False,,bajo,True
2026-10-05 05:14:41,2755,2026-09-26 11:29:54,1,2026-09-26 11:29:54,False,,bajo,False
2026-10-05 05:14:41,2908,2026-10-02 16:59:06,1,2026-10-02 16:59:06,False,,bajo,False
2026-10-05 05:14:41,3072,2025-03-13 16:03:26,1,2025-03-13 16:03:26,False,,bajo,False
2026-10-05 05:14:41,3100,2026-09-30 21:50:44,1,2026-09-30 21:50:44,False,,bajo,True
2026-10-05 05:14:41,3170,2026-09-30 10:25:47,1,2026-09-30 10:25:47,False,,bajo,False
