fecha_actualizacion,id_eess,fecha_actualizacion_sistema,id_producto_abs,fecha_ultima_venta,despacho_en_curso,fecha_hora_despacho,saldo_estado,con_venta
2026-09-28 04:48:00,2456,2026-09-26 23:52:40,0,2026-09-26 23:52:40,False,,bajo,True
2026-09-28 04:48:00,2458,2026-09-27 06:48:10,0,2026-09-27 06:48:10,False,,alto,True
2026-09-28 04:48:00,2491,2026-09-26 20:21:20,0,2026-09-26 20:21:20,False,,bajo,False
2026-09-28 04:48:00,2494,2026-09-26 23:59:55,0,2026-09-26 23:59:55,False,,bajo,True
2026-09-28 04:48:00,2501,2026-09-26 18:38:13,0,2026-09-26 18:38:13,False,,bajo,True
2026-09-28 04:48:00,2531,2026-09-27 01:07:34,0,2026-09-27 01:07:34,False,,bajo,False
2026-09-28 04:48:00,2545,2026-09-27 04:10:48,0,2026-09-27 04:10:48,False,,bajo,True
2026-09-28 04:48:00,2551,2026-09-27 03:55:07,0,2026-09-27 03:55:07,False,,medio,True
2026-09-28 04:48:00,2639,2026-09-26 11:47:55,0,2026-09-26 11:47:55,False,,bajo,False
2026-09-28 04:48:00,2670,2026-09-28 02:11:30,0,2026-09-28 02:11:30,False,,bajo,True
2026-09-28 04:48:00,2675,2026-09-26 19:13:46,0,2026-09-26 19:13:46,False,,alto,True
2026-09-28 04:48:00,2704,2026-09-27 05:05:34,0,2026-09-27 05:05:34,False,,bajo,False
2026-09-28 04:48:00,2705,2026-09-26 22:28:19,0,2026-09-26 22:28:19,False,,bajo,False
2026-09-28 04:48:00,2719,2025-06-26 16:00:33,0,2025-06-26 16:00:33,False,,bajo,False
2026-09-28 04:48:00,2728,2026-09-25 14:13:49,0,2026-09-25 14:13:49,False,,bajo,True
2026-09-28 04:48:00,2731,2026-09-24 14:37:13,0,2026-09-24 14:37:13,False,,bajo,False
2026-09-28 04:48:00,2869,2026-09-27 08:28:38,0,2026-09-27 08:28:38,False,,bajo,True
2026-09-28 04:48:00,2881,2026-09-27 10:00:44,0,2026-09-27 10:00:44,False,,bajo,True
2026-09-28 04:48:00,2903,2026-09-27 13:53:04,0,2026-09-27 13:53:04,False,,bajo,False
2026-09-28 04:48:00,2939,2026-09-28 04:42:56,0,2026-09-28 04:42:56,False,,bajo,True
2026-09-28 04:48:00,2940,2026-09-27 21:48:45,0,2026-09-27 21:48:45,False,,bajo,True
2026-09-28 04:48:00,3051,2026-09-25 12:02:53,0,2026-09-25 12:02:53,False,,bajo,True
2026-09-28 04:48:00,3078,2026-09-28 02:55:22,0,2026-09-28 02:55:22,False,,bajo,True
2026-09-28 04:48:00,3114,2026-09-27 21:12:22,0,2026-09-27 21:12:22,False,,bajo,False
2026-09-28 04:48:00,3118,2026-09-25 23:21:38,0,2026-09-25 23:21:38,False,,bajo,False
2026-09-28 04:48:00,3119,2026-09-23 20:25:07,0,2026-09-23 20:25:07,False,,bajo,False
2026-09-28 04:48:00,3164,2026-09-26 23:35:17,0,2026-09-26 23:35:17,False,,alto,True
2026-09-28 04:48:00,3249,2026-09-25 22:07:23,0,2026-09-25 22:07:23,False,,bajo,False
2026-09-28 04:48:00,2456,2026-09-27 22:31:29,1,2026-09-27 22:31:29,False,,bajo,True
2026-09-28 04:48:00,2458,2026-09-27 19:39:41,1,2026-09-27 19:39:41,False,,medio,True
2026-09-28 04:48:00,2491,2026-09-28 04:18:36,1,2026-09-28 04:18:36,False,,bajo,True
2026-09-28 04:48:00,2494,2026-09-28 04:46:01,1,2026-09-28 04:46:01,False,,bajo,True
2026-09-28 04:48:00,2501,2026-09-28 03:36:58,1,2026-09-28 03:36:58,False,,bajo,True
2026-09-28 04:48:00,2531,2026-09-26 20:56:01,1,2026-09-26 20:56:01,False,,bajo,True
2026-09-28 04:48:00,2545,2026-09-27 20:52:40,1,2026-09-27 20:52:40,False,,bajo,True
2026-09-28 04:48:00,2551,2026-09-28 04:05:01,1,2026-09-28 04:05:01,False,,bajo,True
2026-09-28 04:48:00,2639,2026-09-27 21:33:53,1,2026-09-27 21:33:53,False,,bajo,False
2026-09-28 04:48:00,2670,2026-09-27 21:27:32,1,2026-09-27 21:27:32,False,,bajo,False
2026-09-28 04:48:00,2675,2026-09-28 04:39:41,1,2026-09-28 04:39:41,False,,bajo,True
2026-09-28 04:48:00,2704,2026-09-27 23:42:08,1,2026-09-27 23:42:08,False,,bajo,False
2026-09-28 04:48:00,2705,2026-09-27 22:52:25,1,2026-09-27 22:52:25,False,,bajo,True
2026-09-28 04:48:00,2728,2026-09-27 07:16:43,1,2026-09-27 07:16:43,False,,bajo,False
2026-09-28 04:48:00,2731,2026-09-27 19:54:31,1,2026-09-27 19:54:31,False,,bajo,True
2026-09-28 04:48:00,2869,2026-09-28 04:40:25,1,2026-09-28 04:40:25,False,,bajo,True
2026-09-28 04:48:00,2881,2026-09-28 00:22:04,1,2026-09-28 00:22:04,False,,bajo,True
2026-09-28 04:48:00,2903,2026-09-27 19:45:39,1,2026-09-27 19:45:39,False,,medio,False
2026-09-28 04:48:00,2939,2026-09-28 02:24:06,1,2026-09-28 02:24:06,False,,bajo,True
2026-09-28 04:48:00,2940,2026-09-27 21:45:24,1,2026-09-27 21:45:24,False,,bajo,False
2026-09-28 04:48:00,3051,2026-09-28 04:25:54,1,2026-09-28 04:25:54,False,,bajo,True
2026-09-28 04:48:00,3078,2026-09-28 01:35:40,1,2026-09-28 01:35:40,False,,bajo,True
2026-09-28 04:48:00,3114,2026-09-27 21:14:27,1,2026-09-27 21:14:27,False,,bajo,False
2026-09-28 04:48:00,3118,2026-09-26 10:59:24,1,2026-09-26 10:59:24,False,,bajo,False
2026-09-28 04:48:00,3119,2026-09-24 08:44:00,1,2026-09-24 08:44:00,False,,bajo,False
2026-09-28 04:48:00,3249,2026-09-27 21:16:01,1,2026-09-27 21:16:01,False,,medio,False
2026-09-28 04:48:00,2289,2026-09-27 23:44:18,0,2026-09-27 23:44:18,False,,bajo,False
2026-09-28 04:48:00,2292,2026-09-28 04:47:07,0,2026-09-28 04:47:07,False,,bajo,True
2026-09-28 04:48:00,2304,2026-06-03 08:24:38,0,2026-06-03 08:24:38,False,,bajo,False
2026-09-28 04:48:00,2329,2026-09-27 22:57:50,0,2026-09-27 22:57:50,False,,bajo,True
2026-09-28 04:48:00,2332,2026-09-27 04:10:55,0,2026-09-27 04:10:55,False,,bajo,True
2026-09-28 04:48:00,2359,2026-09-27 10:53:55,0,2026-09-27 10:53:55,False,,bajo,True
2026-09-28 04:48:00,2360,2026-09-27 18:51:20,0,2026-09-27 18:51:20,False,,bajo,True
2026-09-28 04:48:00,2361,2025-03-13 16:03:26,0,2025-03-13 16:03:26,False,,bajo,False
2026-09-28 04:48:00,2384,2026-09-28 01:30:03,0,2026-09-28 01:30:03,False,,bajo,True
2026-09-28 04:48:00,2394,2026-09-27 22:14:45,0,2026-09-27 22:14:45,False,,bajo,True
2026-09-28 04:48:00,2395,2026-09-26 19:16:09,0,2026-09-26 19:16:09,False,,medio,True
2026-09-28 04:48:00,2405,2026-09-28 00:43:25,0,2026-09-28 00:43:25,False,,bajo,True
2026-09-28 04:48:00,2447,2026-09-26 15:51:25,0,2026-09-26 15:51:25,False,,bajo,False
2026-09-28 04:48:00,2448,2026-09-27 10:51:40,0,2026-09-27 10:51:40,False,,bajo,True
2026-09-28 04:48:00,2449,2026-09-20 09:29:22,0,2026-09-20 09:29:22,False,,bajo,False
2026-09-28 04:48:00,2450,2026-09-26 14:45:39,0,2026-09-26 14:45:39,False,,bajo,False
2026-09-28 04:48:00,2453,2026-09-26 18:58:56,0,2026-09-26 18:58:56,False,,bajo,True
2026-09-28 04:48:00,2454,2026-09-27 13:34:26,0,2026-09-27 13:34:26,False,,bajo,True
2026-09-28 04:48:00,2457,2026-09-27 08:31:26,0,2026-09-27 08:31:26,False,,bajo,True
2026-09-28 04:48:00,2470,2026-09-27 19:06:59,0,2026-09-27 19:06:59,False,,bajo,True
2026-09-28 04:48:00,2478,2026-09-28 04:46:36,0,2026-09-28 04:46:36,False,,bajo,True
2026-09-28 04:48:00,2479,2026-09-28 04:25:39,0,2026-09-28 04:25:39,False,,bajo,True
2026-09-28 04:48:00,2487,2026-09-26 17:26:14,0,2026-09-26 17:26:14,False,,bajo,False
2026-09-28 04:48:00,2490,2025-03-13 16:03:27,0,2025-03-13 16:03:27,False,,bajo,False
2026-09-28 04:48:00,2493,2025-03-13 16:03:26,0,2025-03-13 16:03:26,False,,bajo,False
2026-09-28 04:48:00,2499,2026-09-28 04:46:30,0,2026-09-28 04:46:30,False,,alto,True
2026-09-28 04:48:00,2505,2026-09-27 14:58:04,0,2026-09-27 14:58:04,False,,bajo,True
2026-09-28 04:48:00,2507,2026-09-25 09:47:55,0,2026-09-25 09:47:55,False,,bajo,True
2026-09-28 04:48:00,2508,2026-09-27 22:38:35,0,2026-09-27 22:38:35,False,,bajo,True
2026-09-28 04:48:00,2517,2026-09-26 18:06:48,0,2026-09-26 18:06:48,False,,bajo,False
2026-09-28 04:48:00,2518,2026-09-28 00:02:30,0,2026-09-28 00:02:30,False,,bajo,True
2026-09-28 04:48:00,2520,2026-09-25 18:16:42,0,2026-09-25 18:16:42,False,,medio,True
2026-09-28 04:48:00,2525,2026-09-28 00:31:46,0,2026-09-28 00:31:46,False,,medio,True
2026-09-28 04:48:00,2526,2026-09-28 04:46:34,0,2026-09-28 04:46:34,False,,bajo,True
2026-09-28 04:48:00,2529,2026-09-27 09:20:33,0,2026-09-27 09:20:33,False,,bajo,True
2026-09-28 04:48:00,2530,2026-09-22 09:29:24,0,2026-09-22 09:29:24,False,,bajo,False
2026-09-28 04:48:00,2532,2026-09-27 22:38:01,0,2026-09-27 22:38:01,False,,bajo,True
2026-09-28 04:48:00,2534,2026-09-27 21:48:42,0,2026-09-27 21:48:42,False,,bajo,True
2026-09-28 04:48:00,2536,2026-09-27 23:43:45,0,2026-09-27 23:43:45,False,,bajo,True
2026-09-28 04:48:00,2539,2025-03-13 16:03:27,0,2025-03-13 16:03:27,False,,bajo,False
2026-09-28 04:48:00,2542,2026-09-28 04:25:51,0,2026-09-28 04:25:51,False,,bajo,True
2026-09-28 04:48:00,2547,2026-09-26 17:33:05,0,2026-09-26 17:33:05,False,,alto,False
2026-09-28 04:48:00,2548,2026-09-26 22:44:25,0,2026-09-26 22:44:25,False,,medio,True
2026-09-28 04:48:00,2552,2026-09-27 22:07:30,0,2026-09-27 22:07:30,False,,bajo,True
2026-09-28 04:48:00,2557,2026-09-27 20:07:36,0,2026-09-27 20:07:36,False,,medio,True
2026-09-28 04:48:00,2563,2026-09-27 09:27:48,0,2026-09-27 09:27:48,False,,bajo,True
2026-09-28 04:48:00,2571,2026-09-27 20:58:05,0,2026-09-27 20:58:05,False,,bajo,True
2026-09-28 04:48:00,2580,2026-09-27 12:08:12,0,2026-09-27 12:08:12,False,,bajo,False
2026-09-28 04:48:00,2609,2026-09-27 21:52:56,0,2026-09-27 21:52:56,False,,bajo,False
2026-09-28 04:48:00,2610,2026-09-26 23:09:20,0,2026-09-26 23:09:20,False,,bajo,False
2026-09-28 04:48:00,2620,2026-09-27 12:44:51,0,2026-09-27 12:44:51,False,,bajo,True
2026-09-28 04:48:00,2622,2026-09-27 21:06:29,0,2026-09-27 21:06:29,False,,bajo,True
2026-09-28 04:48:00,2630,2026-09-28 04:40:05,0,2026-09-28 04:40:05,False,,bajo,True
2026-09-28 04:48:00,2647,2026-09-27 23:56:48,0,2026-09-27 23:56:48,False,,bajo,True
2026-09-28 04:48:00,2662,2026-09-27 12:57:49,0,2026-09-27 12:57:49,False,,bajo,True
2026-09-28 04:48:00,2677,2026-09-27 16:25:51,0,2026-09-27 16:25:51,False,,bajo,False
2026-09-28 04:48:00,2683,2026-09-26 19:49:01,0,2026-09-26 19:49:01,False,,bajo,False
2026-09-28 04:48:00,2685,2026-09-27 20:47:59,0,2026-09-27 20:47:59,False,,bajo,False
2026-09-28 04:48:00,2689,2026-09-27 07:18:42,0,2026-09-27 07:18:42,False,,medio,True
2026-09-28 04:48:00,2690,2026-09-26 22:56:28,0,2026-09-26 22:56:28,False,,bajo,False
2026-09-28 04:48:00,2694,2025-03-13 16:03:26,0,2025-03-13 16:03:26,False,,bajo,False
2026-09-28 04:48:00,2696,2026-09-27 17:24:53,0,2026-09-27 17:24:53,False,,bajo,False
2026-09-28 04:48:00,2698,2026-09-27 15:43:44,0,2026-09-27 15:43:44,False,,bajo,True
2026-09-28 04:48:00,2703,2026-09-27 17:18:32,0,2026-09-27 17:18:32,False,,bajo,True
2026-09-28 04:48:00,2711,2026-09-26 08:13:30,0,2026-09-26 08:13:30,False,,bajo,False
2026-09-28 04:48:00,2715,2026-09-25 18:50:42,0,2026-09-25 18:50:42,False,,alto,False
2026-09-28 04:48:00,2716,2026-09-27 20:16:51,0,2026-09-27 20:16:51,False,,bajo,True
2026-09-28 04:48:00,2733,2025-03-13 16:03:27,0,2025-03-13 16:03:27,False,,bajo,False
2026-09-28 04:48:00,2742,2026-09-25 09:35:57,0,2026-09-25 09:35:57,False,,bajo,True
2026-09-28 04:48:00,2747,2026-09-27 05:40:20,0,2026-09-27 05:40:20,False,,medio,True
2026-09-28 04:48:00,2752,2025-03-13 16:03:27,0,2025-03-13 16:03:27,False,,bajo,False
2026-09-28 04:48:00,2764,2026-09-27 18:11:39,0,2026-09-27 18:11:39,False,,bajo,True
2026-09-28 04:48:00,2765,2026-09-27 08:37:26,0,2026-09-27 08:37:26,False,,bajo,False
2026-09-28 04:48:00,2772,2026-06-03 04:57:09,0,2026-06-03 04:57:09,False,,bajo,False
2026-09-28 04:48:00,2774,2026-09-28 04:24:35,0,2026-09-28 04:24:35,False,,bajo,True
2026-09-28 04:48:00,2776,2026-09-27 21:52:35,0,2026-09-27 21:52:35,False,,bajo,False
2026-09-28 04:48:00,2779,2026-09-27 20:33:48,0,2026-09-27 20:33:48,False,,bajo,True
2026-09-28 04:48:00,2783,2026-09-26 21:17:41,0,2026-09-26 21:17:41,False,,alto,True
2026-09-28 04:48:00,2784,2026-09-27 08:48:36,0,2026-09-27 08:48:36,False,,bajo,False
2026-09-28 04:48:00,2788,2026-09-26 11:38:23,0,2026-09-26 11:38:23,False,,bajo,False
2026-09-28 04:48:00,2793,2026-09-27 21:49:28,0,2026-09-27 21:49:28,False,,bajo,False
2026-09-28 04:48:00,2798,2026-09-27 05:45:59,0,2026-09-27 05:45:59,False,,medio,True
2026-09-28 04:48:00,2802,2026-06-03 00:08:20,0,2026-06-03 00:08:20,False,,bajo,False
2026-09-28 04:48:00,2805,2026-09-24 12:24:08,0,2026-09-24 12:24:08,False,,bajo,False
2026-09-28 04:48:00,2806,2026-09-27 21:56:30,0,2026-09-27 21:56:30,False,,bajo,True
2026-09-28 04:48:00,2809,2026-09-28 04:45:12,0,2026-09-28 04:45:12,False,,bajo,True
2026-09-28 04:48:00,2811,2026-09-26 20:18:36,0,2026-09-26 20:18:36,False,,bajo,False
2026-09-28 04:48:00,2861,2026-09-27 23:21:58,0,2026-09-27 23:21:58,False,,bajo,True
2026-09-28 04:48:00,2870,2026-09-26 17:11:28,0,2026-09-26 17:11:28,False,,bajo,False
2026-09-28 04:48:00,2873,2026-09-26 15:03:36,0,2026-09-26 15:03:36,False,,bajo,False
2026-09-28 04:48:00,2899,2026-09-27 22:52:20,0,2026-09-27 22:52:20,False,,bajo,True
2026-09-28 04:48:00,2900,2025-03-13 16:18:25,0,2025-03-13 16:18:25,False,,bajo,False
2026-09-28 04:48:00,2912,2026-09-27 21:55:42,0,2026-09-27 21:55:42,False,,alto,True
2026-09-28 04:48:00,2913,2026-09-27 22:46:22,0,2026-09-27 22:46:22,False,,bajo,True
2026-09-28 04:48:00,2928,2026-09-27 19:21:50,0,2026-09-27 19:21:50,False,,alto,False
2026-09-28 04:48:00,2934,2026-09-27 12:17:46,0,2026-09-27 12:17:46,False,,bajo,True
2026-09-28 04:48:00,2943,2026-09-27 15:01:23,0,2026-09-27 15:01:23,False,,bajo,False
2026-09-28 04:48:00,2945,2026-09-21 19:23:59,0,2026-09-21 19:23:59,False,,bajo,False
2026-09-28 04:48:00,2947,2026-09-28 04:31:30,0,2026-09-28 04:31:30,False,,bajo,True
2026-09-28 04:48:00,2956,2026-09-27 12:38:55,0,2026-09-27 12:38:55,False,,bajo,False
2026-09-28 04:48:00,2958,2026-09-27 22:02:04,0,2026-09-27 22:02:04,False,,bajo,False
2026-09-28 04:48:00,2968,2026-09-28 04:46:45,0,2026-09-28 04:46:45,False,,bajo,False
2026-09-28 04:48:00,3040,2026-09-27 15:54:39,0,2026-09-27 15:54:39,False,,bajo,True
2026-09-28 04:48:00,3052,2026-09-27 12:47:34,0,2026-09-27 12:47:34,False,,bajo,True
2026-09-28 04:48:00,3053,2026-09-27 07:34:43,0,2026-09-27 07:34:43,False,,bajo,True
2026-09-28 04:48:00,3069,2026-09-27 23:24:51,0,2026-09-27 23:24:51,False,,bajo,False
2026-09-28 04:48:00,3083,2026-09-27 19:38:27,0,2026-09-27 19:38:27,False,,bajo,False
2026-09-28 04:48:00,3092,2026-09-26 21:21:44,0,2026-09-26 21:21:44,False,,bajo,True
2026-09-28 04:48:00,3123,2026-09-26 19:44:52,0,2026-09-26 19:44:52,False,,bajo,False
2026-09-28 04:48:00,3126,2026-09-26 20:34:53,0,2026-09-26 20:34:53,False,,alto,False
2026-09-28 04:48:00,3166,2026-09-25 22:27:14,0,2026-09-25 22:27:14,False,,bajo,True
2026-09-28 04:48:00,3182,2026-09-25 22:38:17,0,2026-09-25 22:38:17,False,,bajo,False
2026-09-28 04:48:00,3196,2026-09-28 03:18:31,0,2026-09-28 03:18:31,False,,bajo,True
2026-09-28 04:48:00,3200,2026-09-27 22:26:55,0,2026-09-27 22:26:55,False,,bajo,True
2026-09-28 04:48:00,3206,2026-09-26 14:56:35,0,2026-09-26 14:56:35,False,,bajo,False
2026-09-28 04:48:00,3218,2026-09-22 16:11:18,0,2026-09-22 16:11:18,False,,bajo,False
2026-09-28 04:48:00,3220,2026-09-27 12:43:14,0,2026-09-27 12:43:14,False,,bajo,False
2026-09-28 04:48:00,3221,2026-09-27 22:17:32,0,2026-09-27 22:17:32,False,,bajo,True
2026-09-28 04:48:00,3238,2026-09-26 11:02:10,0,2026-09-26 11:02:10,False,,bajo,False
2026-09-28 04:48:00,3241,2026-09-11 09:56:52,0,2026-09-11 09:56:52,False,,bajo,False
2026-09-28 04:48:00,3246,2026-09-27 22:18:08,0,2026-09-27 22:18:08,False,,bajo,True
2026-09-28 04:48:00,3252,2026-09-27 23:25:04,0,2026-09-27 23:25:04,False,,alto,True
2026-09-28 04:48:00,3261,2026-09-26 22:53:19,0,2026-09-26 22:53:19,False,,bajo,True
2026-09-28 04:48:00,4016,2026-09-27 09:01:46,0,2026-09-27 09:01:46,False,,bajo,True
2026-09-28 04:48:00,4027,2026-09-26 17:35:32,0,2026-09-26 17:35:32,False,,bajo,False
2026-09-28 04:48:00,2304,2026-09-27 19:33:13,1,2026-09-27 19:33:13,False,,bajo,True
2026-09-28 04:48:00,2332,2026-09-27 21:53:51,1,2026-09-27 21:53:51,False,,bajo,True
2026-09-28 04:48:00,2359,2026-09-27 21:05:20,1,2026-09-27 21:05:20,False,,bajo,True
2026-09-28 04:48:00,2361,2025-03-13 16:03:26,1,2025-03-13 16:03:26,False,,bajo,False
2026-09-28 04:48:00,2384,2026-09-27 20:31:33,1,2026-09-27 20:31:33,False,,bajo,False
2026-09-28 04:48:00,2394,2026-09-27 12:21:18,1,2026-09-27 12:21:18,False,,bajo,True
2026-09-28 04:48:00,2395,2026-09-28 04:18:44,1,2026-09-28 04:18:44,False,,bajo,True
2026-09-28 04:48:00,2405,2026-09-27 08:53:09,1,2026-09-27 08:53:09,False,,bajo,False
2026-09-28 04:48:00,2447,2026-09-27 18:32:29,1,2026-09-27 18:32:29,False,,bajo,False
2026-09-28 04:48:00,2448,2026-09-27 21:02:39,1,2026-09-27 21:02:39,False,,bajo,True
2026-09-28 04:48:00,2449,2026-09-15 15:10:48,1,2026-09-15 15:10:48,False,,bajo,False
2026-09-28 04:48:00,2450,2026-09-26 13:51:01,1,2026-09-26 13:51:01,False,,bajo,False
2026-09-28 04:48:00,2453,2026-09-26 14:32:11,1,2026-09-26 14:32:11,False,,bajo,False
2026-09-28 04:48:00,2454,2026-09-28 01:54:44,1,2026-09-28 01:54:44,False,,bajo,True
2026-09-28 04:48:00,2457,2026-09-27 20:01:25,1,2026-09-27 20:01:25,False,,alto,False
2026-09-28 04:48:00,2478,2026-09-27 20:53:57,1,2026-09-27 20:53:57,False,,bajo,False
2026-09-28 04:48:00,2487,2026-09-27 11:02:13,1,2026-09-27 11:02:13,False,,bajo,False
2026-09-28 04:48:00,2490,2025-03-13 16:03:27,1,2025-03-13 16:03:27,False,,bajo,False
2026-09-28 04:48:00,2493,2025-03-13 16:03:26,1,2025-03-13 16:03:26,False,,bajo,False
2026-09-28 04:48:00,2499,2026-06-03 06:29:57,1,2026-06-03 06:29:57,False,,bajo,False
2026-09-28 04:48:00,2505,2026-09-27 23:09:18,1,2026-09-27 23:09:18,False,,bajo,True
2026-09-28 04:48:00,2507,2026-09-24 16:12:18,1,2026-09-24 16:12:18,False,,bajo,False
2026-09-28 04:48:00,2508,2026-09-27 22:13:40,1,2026-09-27 22:13:40,False,,bajo,True
2026-09-28 04:48:00,2517,2026-09-27 11:58:02,1,2026-09-27 11:58:02,False,,medio,True
2026-09-28 04:48:00,2518,2026-09-27 18:06:30,1,2026-09-27 18:06:30,False,,bajo,True
2026-09-28 04:48:00,2520,2026-09-25 17:18:28,1,2026-09-25 17:18:28,False,,bajo,True
2026-09-28 04:48:00,2525,2026-09-27 15:32:04,1,2026-09-27 15:32:04,False,,bajo,True
2026-09-28 04:48:00,2526,2026-09-28 00:46:03,1,2026-09-28 00:46:03,False,,bajo,False
2026-09-28 04:48:00,2529,2026-09-27 23:09:28,1,2026-09-27 23:09:28,False,,bajo,True
2026-09-28 04:48:00,2530,2026-09-27 21:10:50,1,2026-09-27 21:10:50,False,,bajo,True
2026-09-28 04:48:00,2534,2026-09-27 21:10:23,1,2026-09-27 21:10:23,False,,bajo,True
2026-09-28 04:48:00,2536,2026-09-27 19:42:02,1,2026-09-27 19:42:02,False,,bajo,False
2026-09-28 04:48:00,2539,2025-03-13 16:03:27,1,2025-03-13 16:03:27,False,,bajo,False
2026-09-28 04:48:00,2547,2026-09-27 22:23:02,1,2026-09-27 22:23:02,False,,bajo,True
2026-09-28 04:48:00,2548,2026-09-27 21:13:58,1,2026-09-27 21:13:58,False,,medio,True
2026-09-28 04:48:00,2552,2026-09-27 20:33:03,1,2026-09-27 20:33:03,False,,bajo,True
2026-09-28 04:48:00,2557,2026-09-27 22:22:20,1,2026-09-27 22:22:20,False,,bajo,True
2026-09-28 04:48:00,2563,2026-09-27 20:49:18,1,2026-09-27 20:49:18,False,,bajo,True
2026-09-28 04:48:00,2571,2026-09-27 21:00:34,1,2026-09-27 21:00:34,False,,medio,True
2026-09-28 04:48:00,2580,2026-09-27 17:59:49,1,2026-09-27 17:59:49,False,,bajo,False
2026-09-28 04:48:00,2609,2026-09-17 22:26:21,1,2026-09-17 22:26:21,False,,bajo,False
2026-09-28 04:48:00,2610,2026-09-26 09:47:55,1,2026-09-26 09:47:55,False,,medio,True
2026-09-28 04:48:00,2620,2026-09-28 04:34:38,1,2026-09-28 04:34:38,False,,bajo,True
2026-09-28 04:48:00,2622,2026-09-27 23:46:29,1,2026-09-27 23:46:29,False,,bajo,True
2026-09-28 04:48:00,2630,2026-09-27 23:27:00,1,2026-09-27 23:27:00,False,,medio,False
2026-09-28 04:48:00,2647,2026-09-27 23:39:48,1,2026-09-27 23:39:48,False,,bajo,True
2026-09-28 04:48:00,2662,2026-09-27 18:00:07,1,2026-09-27 18:00:07,False,,bajo,False
2026-09-28 04:48:00,2677,2026-09-26 07:15:29,1,2026-09-26 07:15:29,False,,bajo,True
2026-09-28 04:48:00,2683,2026-09-26 12:59:54,1,2026-09-26 12:59:54,False,,bajo,True
2026-09-28 04:48:00,2685,2026-09-27 19:28:41,1,2026-09-27 19:28:41,False,,bajo,True
2026-09-28 04:48:00,2689,2026-09-27 22:23:26,1,2026-09-27 22:23:26,False,,medio,True
2026-09-28 04:48:00,2690,2026-09-26 19:26:34,1,2026-09-26 19:26:34,False,,bajo,True
2026-09-28 04:48:00,2694,2025-03-13 16:03:26,1,2025-03-13 16:03:26,False,,bajo,False
2026-09-28 04:48:00,2698,2026-09-27 21:57:58,1,2026-09-27 21:57:58,False,,medio,True
2026-09-28 04:48:00,2703,2026-09-27 20:39:03,1,2026-09-27 20:39:03,False,,bajo,True
2026-09-28 04:48:00,2711,2026-09-27 21:49:35,1,2026-09-27 21:49:35,False,,bajo,True
2026-09-28 04:48:00,2715,2026-09-25 17:45:31,1,2026-09-25 17:45:31,False,,bajo,False
2026-09-28 04:48:00,2716,2026-09-27 17:55:36,1,2026-09-27 17:55:36,False,,bajo,True
2026-09-28 04:48:00,2742,2026-09-27 18:02:55,1,2026-09-27 18:02:55,False,,bajo,True
2026-09-28 04:48:00,2747,2026-09-28 00:28:17,1,2026-09-28 00:28:17,False,,bajo,True
2026-09-28 04:48:00,2764,2026-09-27 21:48:17,1,2026-09-27 21:48:17,False,,bajo,True
2026-09-28 04:48:00,2765,2026-09-27 18:57:51,1,2026-09-27 18:57:51,False,,bajo,False
2026-09-28 04:48:00,2772,2026-09-27 21:49:09,1,2026-09-27 21:49:09,False,,bajo,False
2026-09-28 04:48:00,2774,2026-09-28 02:45:39,1,2026-09-28 02:45:39,False,,bajo,False
2026-09-28 04:48:00,2776,2026-09-27 20:05:49,1,2026-09-27 20:05:49,False,,bajo,False
2026-09-28 04:48:00,2779,2026-09-27 19:43:51,1,2026-09-27 19:43:51,False,,bajo,False
2026-09-28 04:48:00,2783,2026-09-27 14:05:43,1,2026-09-27 14:05:43,False,,alto,True
2026-09-28 04:48:00,2784,2026-09-26 13:59:23,1,2026-09-26 13:59:23,False,,bajo,False
2026-09-28 04:48:00,2788,2026-09-24 15:43:26,1,2026-09-24 15:43:26,False,,bajo,False
2026-09-28 04:48:00,2793,2026-09-27 20:35:41,1,2026-09-27 20:35:41,False,,bajo,False
2026-09-28 04:48:00,2798,2026-09-28 04:23:00,1,2026-09-28 04:23:00,False,,alto,True
2026-09-28 04:48:00,2802,2026-09-27 17:39:53,1,2026-09-27 17:39:53,False,,bajo,False
2026-09-28 04:48:00,2805,2026-09-24 13:24:18,1,2026-09-24 13:24:18,False,,bajo,False
2026-09-28 04:48:00,2806,2026-09-27 21:46:32,1,2026-09-27 21:46:32,False,,bajo,False
2026-09-28 04:48:00,2811,2026-09-27 21:46:23,1,2026-09-27 21:46:23,False,,bajo,False
2026-09-28 04:48:00,2861,2026-06-03 08:53:58,1,2026-06-03 08:53:58,False,,bajo,False
2026-09-28 04:48:00,2870,2026-09-27 07:19:01,1,2026-09-27 07:19:01,False,,bajo,False
2026-09-28 04:48:00,2873,2026-09-27 19:58:02,1,2026-09-27 19:58:02,False,,bajo,False
2026-09-28 04:48:00,2899,2026-09-27 21:43:59,1,2026-09-27 21:43:59,False,,bajo,False
2026-09-28 04:48:00,2900,2025-03-13 16:18:25,1,2025-03-13 16:18:25,False,,bajo,False
2026-09-28 04:48:00,2912,2026-09-27 19:21:41,1,2026-09-27 19:21:41,False,,bajo,True
2026-09-28 04:48:00,2913,2026-09-27 18:42:20,1,2026-09-27 18:42:20,False,,bajo,False
2026-09-28 04:48:00,2928,2026-09-27 08:40:11,1,2026-09-27 08:40:11,False,,bajo,False
2026-09-28 04:48:00,2934,2026-09-27 23:12:49,1,2026-09-27 23:12:49,False,,bajo,True
2026-09-28 04:48:00,2943,2026-09-27 10:13:11,1,2026-09-27 10:13:11,False,,bajo,False
2026-09-28 04:48:00,2945,2026-09-27 18:08:23,1,2026-09-27 18:08:23,False,,bajo,False
2026-09-28 04:48:00,2956,2026-09-27 09:19:26,1,2026-09-27 09:19:26,False,,bajo,False
2026-09-28 04:48:00,2958,2026-09-27 16:43:59,1,2026-09-27 16:43:59,False,,medio,False
2026-09-28 04:48:00,2968,2026-09-27 18:24:01,1,2026-09-27 18:24:01,False,,medio,False
2026-09-28 04:48:00,3040,2026-09-27 19:58:44,1,2026-09-27 19:58:44,False,,bajo,False
2026-09-28 04:48:00,3053,2026-09-28 04:13:25,1,2026-09-28 04:13:25,False,,bajo,True
2026-09-28 04:48:00,3069,2026-09-27 22:03:45,1,2026-09-27 22:03:45,False,,bajo,True
2026-09-28 04:48:00,3083,2026-09-26 16:01:41,1,2026-09-26 16:01:41,False,,bajo,True
2026-09-28 04:48:00,3092,2026-09-27 22:05:29,1,2026-09-27 22:05:29,False,,bajo,True
2026-09-28 04:48:00,3123,2026-09-28 00:45:41,1,2026-09-28 00:45:41,False,,bajo,True
2026-09-28 04:48:00,3126,2026-09-27 18:29:56,1,2026-09-27 18:29:56,False,,bajo,False
2026-09-28 04:48:00,3166,2026-06-03 07:30:20,1,2026-06-03 07:30:20,False,,bajo,False
2026-09-28 04:48:00,3182,2026-09-25 23:01:43,1,2026-09-25 23:01:43,False,,bajo,False
2026-09-28 04:48:00,3200,2026-09-27 21:02:53,1,2026-09-27 21:02:53,False,,bajo,True
2026-09-28 04:48:00,3206,2026-09-27 22:02:54,1,2026-09-27 22:02:54,False,,bajo,False
2026-09-28 04:48:00,3218,2026-09-26 17:38:49,1,2026-09-26 17:38:49,False,,bajo,False
2026-09-28 04:48:00,3220,2026-09-26 15:28:17,1,2026-09-26 15:28:17,False,,bajo,True
2026-09-28 04:48:00,3221,2026-09-27 21:59:45,1,2026-09-27 21:59:45,False,,bajo,True
2026-09-28 04:48:00,3241,2026-09-27 17:19:47,1,2026-09-27 17:19:47,False,,bajo,False
2026-09-28 04:48:00,3246,2026-09-27 19:30:41,1,2026-09-27 19:30:41,False,,bajo,True
2026-09-28 04:48:00,3252,2026-09-27 13:47:31,1,2026-09-27 13:47:31,False,,alto,False
2026-09-28 04:48:00,3261,2026-09-27 22:13:36,1,2026-09-27 22:13:36,False,,bajo,True
2026-09-28 04:48:00,3269,2026-09-27 02:41:26,1,2026-09-27 02:41:26,False,,bajo,True
2026-09-28 04:48:00,4016,2026-09-27 20:32:48,1,2026-09-27 20:32:48,False,,bajo,False
2026-09-28 04:48:00,4027,2026-09-27 09:22:36,1,2026-09-27 09:22:36,False,,bajo,False
2026-09-28 04:48:00,2292,2026-06-03 08:02:35,2,2026-06-03 08:02:35,False,,bajo,False
2026-09-28 04:48:00,2329,2026-06-03 08:44:35,2,2026-06-03 08:44:35,False,,bajo,False
2026-09-28 04:48:00,2454,2026-06-03 07:16:12,2,2026-06-03 07:16:12,False,,bajo,False
2026-09-28 04:48:00,2470,2026-06-03 08:25:54,2,2026-06-03 08:25:54,False,,bajo,False
2026-09-28 04:48:00,2479,2026-06-03 08:24:44,2,2026-06-03 08:24:44,False,,bajo,False
2026-09-28 04:48:00,2499,2026-06-03 06:29:57,2,2026-06-03 06:29:57,False,,bajo,False
2026-09-28 04:48:00,2507,2026-06-03 08:14:57,2,2026-06-03 08:14:57,False,,bajo,False
2026-09-28 04:48:00,2517,2026-06-03 07:30:55,2,2026-06-03 07:30:55,False,,bajo,False
2026-09-28 04:48:00,2532,2026-06-03 07:22:58,2,2026-06-03 07:22:58,False,,bajo,False
2026-09-28 04:48:00,2563,2026-06-03 08:43:14,2,2026-06-03 08:43:14,False,,bajo,False
2026-09-28 04:48:00,2620,2026-06-03 08:51:25,2,2026-06-03 08:51:25,False,,bajo,False
2026-09-28 04:48:00,2947,2026-06-03 07:46:53,2,2026-06-03 07:46:53,False,,bajo,False
2026-09-28 04:48:00,2968,2026-06-03 08:29:04,2,2026-06-03 08:29:04,False,,bajo,False
2026-09-28 04:48:00,3196,2026-06-03 06:38:18,2,2026-06-03 06:38:18,False,,bajo,False
2026-09-28 04:48:00,3206,2026-06-03 08:23:59,2,2026-06-03 08:23:59,False,,bajo,False
2026-09-28 04:48:00,2395,2026-06-03 08:40:16,3,2026-06-03 08:40:16,False,,bajo,False
2026-09-28 04:48:00,2405,2026-06-03 07:27:56,3,2026-06-03 07:27:56,False,,bajo,False
2026-09-28 04:48:00,2517,2026-06-03 07:30:55,3,2026-06-03 07:30:55,False,,bajo,False
2026-09-28 04:48:00,2529,2026-06-03 07:46:28,3,2026-06-03 07:46:28,False,,bajo,False
2026-09-28 04:48:00,2620,2026-06-03 08:51:25,3,2026-06-03 08:51:25,False,,bajo,False
2026-09-28 04:48:00,2630,2026-06-03 08:21:10,3,2026-06-03 08:21:10,False,,bajo,False
2026-09-28 04:48:00,2703,2026-06-03 07:20:39,3,2026-06-03 07:20:39,False,,bajo,False
2026-09-28 04:48:00,3053,2026-06-03 07:52:09,3,2026-06-03 07:52:09,False,,bajo,False
2026-09-28 04:48:00,3252,2026-06-03 06:40:45,3,2026-06-03 06:40:45,False,,bajo,False
2026-09-28 04:48:00,2228,2026-09-27 11:49:00,0,2026-09-27 11:49:00,False,,bajo,False
2026-09-28 04:48:00,2291,2026-09-27 13:00:17,0,2026-09-27 13:00:17,False,,bajo,True
2026-09-28 04:48:00,2295,2026-09-27 08:33:32,0,2026-09-27 08:33:32,False,,bajo,False
2026-09-28 04:48:00,2297,2026-09-27 14:27:11,0,2026-09-27 14:27:11,False,,bajo,False
2026-09-28 04:48:00,2305,2026-09-27 19:19:12,0,2026-09-27 19:19:12,False,,bajo,False
2026-09-28 04:48:00,2306,2026-09-27 18:36:08,0,2026-09-27 18:36:08,False,,medio,True
2026-09-28 04:48:00,2307,2026-09-26 18:32:00,0,2026-09-26 18:32:00,False,,medio,False
2026-09-28 04:48:00,2308,2026-09-27 05:02:44,0,2026-09-27 05:02:44,False,,medio,False
2026-09-28 04:48:00,2408,2026-09-27 02:30:04,0,2026-09-27 02:30:04,False,,bajo,False
2026-09-28 04:48:00,2409,2025-05-07 18:03:24,0,2025-05-07 18:03:24,False,,bajo,False
2026-09-28 04:48:00,2416,2026-09-27 08:22:51,0,2026-09-27 08:22:51,False,,bajo,False
2026-09-28 04:48:00,2417,2026-09-27 00:18:40,0,2026-09-27 00:18:40,False,,alto,False
2026-09-28 04:48:00,2455,2026-09-27 09:22:51,0,2026-09-27 09:22:51,False,,bajo,False
2026-09-28 04:48:00,2462,2026-09-26 20:45:28,0,2026-09-26 20:45:28,False,,bajo,False
2026-09-28 04:48:00,2486,2026-09-26 19:50:31,0,2026-09-26 19:50:31,False,,bajo,False
2026-09-28 04:48:00,2489,2026-09-26 18:38:37,0,2026-09-26 18:38:37,False,,bajo,False
2026-09-28 04:48:00,2522,2026-09-27 15:44:01,0,2026-09-27 15:44:01,False,,bajo,True
2026-09-28 04:48:00,2523,2026-09-27 12:12:12,0,2026-09-27 12:12:12,False,,medio,True
2026-09-28 04:48:00,2543,2026-09-26 19:51:42,0,2026-09-26 19:51:42,False,,alto,False
2026-09-28 04:48:00,2555,2026-09-26 20:07:33,0,2026-09-26 20:07:33,False,,bajo,False
2026-09-28 04:48:00,2556,2026-09-26 21:51:53,0,2026-09-26 21:51:53,False,,medio,True
2026-09-28 04:48:00,2578,2026-09-26 19:00:13,0,2026-09-26 19:00:13,False,,bajo,True
2026-09-28 04:48:00,2584,2026-09-27 15:53:43,0,2026-09-27 15:53:43,False,,bajo,False
2026-09-28 04:48:00,2597,2026-09-26 20:37:17,0,2026-09-26 20:37:17,False,,bajo,True
2026-09-28 04:48:00,2598,2026-09-26 17:48:57,0,2026-09-26 17:48:57,False,,bajo,False
2026-09-28 04:48:00,2600,2026-09-26 22:26:25,0,2026-09-26 22:26:25,False,,bajo,True
2026-09-28 04:48:00,2612,2026-09-27 10:47:57,0,2026-09-27 10:47:57,False,,bajo,False
2026-09-28 04:48:00,2615,2026-09-27 07:19:42,0,2026-09-27 07:19:42,False,,alto,True
2026-09-28 04:48:00,2633,2026-09-26 23:07:31,0,2026-09-26 23:07:31,False,,bajo,False
2026-09-28 04:48:00,2640,2026-09-27 02:45:45,0,2026-09-27 02:45:45,False,,bajo,True
2026-09-28 04:48:00,2643,2026-09-27 07:27:38,0,2026-09-27 07:27:38,False,,bajo,True
2026-09-28 04:48:00,2648,2026-09-27 10:56:18,0,2026-09-27 10:56:18,False,,bajo,False
2026-09-28 04:48:00,2651,2025-03-13 16:03:26,0,2025-03-13 16:03:26,False,,bajo,False
2026-09-28 04:48:00,2652,2026-09-27 06:24:59,0,2026-09-27 06:24:59,False,,bajo,True
2026-09-28 04:48:00,2656,2026-09-26 23:00:21,0,2026-09-26 23:00:21,False,,bajo,True
2026-09-28 04:48:00,2657,2026-09-26 21:25:45,0,2026-09-26 21:25:45,False,,bajo,True
2026-09-28 04:48:00,2658,2025-03-13 16:03:26,0,2025-03-13 16:03:26,False,,bajo,False
2026-09-28 04:48:00,2663,2026-09-26 20:09:47,0,2026-09-26 20:09:47,False,,bajo,True
2026-09-28 04:48:00,2679,2026-09-27 01:32:21,0,2026-09-27 01:32:21,False,,bajo,False
2026-09-28 04:48:00,2697,2026-09-26 19:46:58,0,2026-09-26 19:46:58,False,,bajo,False
2026-09-28 04:48:00,2709,2026-09-26 20:00:19,0,2026-09-26 20:00:19,False,,bajo,False
2026-09-28 04:48:00,2729,2026-09-26 21:22:37,0,2026-09-26 21:22:37,False,,medio,True
2026-09-28 04:48:00,2740,2026-09-27 13:34:39,0,2026-09-27 13:34:39,False,,medio,True
2026-09-28 04:48:00,2753,2026-09-27 10:16:15,0,2026-09-27 10:16:15,False,,bajo,False
2026-09-28 04:48:00,2763,2026-09-26 10:10:08,0,2026-09-26 10:10:08,False,,bajo,False
2026-09-28 04:48:00,2769,2026-09-25 21:39:39,0,2026-09-25 21:39:39,False,,bajo,False
2026-09-28 04:48:00,2782,2026-09-27 09:19:30,0,2026-09-27 09:19:30,False,,bajo,False
2026-09-28 04:48:00,2786,2026-09-26 23:07:18,0,2026-09-26 23:07:18,False,,bajo,False
2026-09-28 04:48:00,2789,2026-09-25 16:44:23,0,2026-09-25 16:44:23,False,,bajo,False
2026-09-28 04:48:00,2792,2026-09-26 15:19:32,0,2026-09-26 15:19:32,False,,bajo,False
2026-09-28 04:48:00,2794,2026-09-27 08:25:33,0,2026-09-27 08:25:33,False,,bajo,True
2026-09-28 04:48:00,2800,2026-09-27 06:45:19,0,2026-09-27 06:45:19,False,,bajo,False
2026-09-28 04:48:00,2825,2026-09-25 12:17:01,0,2026-09-25 12:17:01,False,,bajo,True
2026-09-28 04:48:00,2829,2026-09-27 13:24:44,0,2026-09-27 13:24:44,False,,bajo,True
2026-09-28 04:48:00,2853,2026-09-27 09:01:43,0,2026-09-27 09:01:43,False,,bajo,True
2026-09-28 04:48:00,2856,2026-09-26 17:27:28,0,2026-09-26 17:27:28,False,,bajo,False
2026-09-28 04:48:00,2866,2026-09-27 12:16:22,0,2026-09-27 12:16:22,False,,bajo,False
2026-09-28 04:48:00,2867,2026-09-27 21:23:33,0,2026-09-27 21:23:33,False,,bajo,True
2026-09-28 04:48:00,2877,2026-09-27 17:59:30,0,2026-09-27 17:59:30,False,,medio,True
2026-09-28 04:48:00,2905,2026-09-28 04:46:12,0,2026-09-28 04:46:12,False,,bajo,True
2026-09-28 04:48:00,2909,2026-09-27 21:40:25,0,2026-09-27 21:40:25,False,,bajo,True
2026-09-28 04:48:00,2910,2026-09-27 22:17:24,0,2026-09-27 22:17:24,False,,bajo,True
2026-09-28 04:48:00,2916,2026-09-26 01:02:14,0,2026-09-26 01:02:14,False,,bajo,False
2026-09-28 04:48:00,2941,2026-09-26 00:48:06,0,2026-09-26 00:48:06,False,,bajo,False
2026-09-28 04:48:00,2942,2026-09-26 15:11:01,0,2026-09-26 15:11:01,False,,bajo,False
2026-09-28 04:48:00,2946,2026-09-27 16:16:35,0,2026-09-27 16:16:35,False,,bajo,False
2026-09-28 04:48:00,2950,2026-09-27 09:26:01,0,2026-09-27 09:26:01,False,,bajo,False
2026-09-28 04:48:00,2951,2026-09-27 10:19:04,0,2026-09-27 10:19:04,False,,bajo,True
2026-09-28 04:48:00,2954,2026-09-27 18:22:26,0,2026-09-27 18:22:26,False,,bajo,False
2026-09-28 04:48:00,2959,2026-09-25 14:34:16,0,2026-09-25 14:34:16,False,,bajo,False
2026-09-28 04:48:00,2989,2026-09-28 04:45:21,0,2026-09-28 04:45:21,False,,bajo,True
2026-09-28 04:48:00,2991,2026-09-28 04:46:37,0,2026-09-28 04:46:37,False,,bajo,True
2026-09-28 04:48:00,3005,2026-09-26 23:31:13,0,2026-09-26 23:31:13,False,,medio,True
2026-09-28 04:48:00,3012,2026-09-27 17:39:51,0,2026-09-27 17:39:51,False,,medio,True
2026-09-28 04:48:00,3023,2026-09-26 16:54:40,0,2026-09-26 16:54:40,False,,bajo,False
2026-09-28 04:48:00,3032,2026-09-27 09:33:51,0,2026-09-27 09:33:51,False,,medio,True
2026-09-28 04:48:00,3043,2026-09-26 07:45:43,0,2026-09-26 07:45:43,False,,bajo,False
2026-09-28 04:48:00,3044,2026-09-27 13:04:32,0,2026-09-27 13:04:32,False,,bajo,True
2026-09-28 04:48:00,3050,2026-09-27 13:45:14,0,2026-09-27 13:45:14,False,,bajo,True
2026-09-28 04:48:00,3055,2026-09-27 04:52:14,0,2026-09-27 04:52:14,False,,bajo,True
2026-09-28 04:48:00,3063,2026-09-27 00:01:14,0,2026-09-27 00:01:14,False,,bajo,False
2026-09-28 04:48:00,3066,2026-09-27 07:09:55,0,2026-09-27 07:09:55,False,,bajo,True
2026-09-28 04:48:00,3073,2026-09-27 17:50:08,0,2026-09-27 17:50:08,False,,bajo,True
2026-09-28 04:48:00,3077,2026-09-26 15:42:47,0,2026-09-26 15:42:47,False,,bajo,False
2026-09-28 04:48:00,3081,2026-09-27 11:01:20,0,2026-09-27 11:01:20,False,,bajo,True
2026-09-28 04:48:00,3090,2026-09-27 10:26:07,0,2026-09-27 10:26:07,False,,bajo,True
2026-09-28 04:48:00,3095,2026-09-26 22:03:54,0,2026-09-26 22:03:54,False,,alto,True
2026-09-28 04:48:00,3098,2026-09-27 19:39:24,0,2026-09-27 19:39:24,False,,bajo,False
2026-09-28 04:48:00,3102,2026-09-26 20:02:47,0,2026-09-26 20:02:47,False,,bajo,False
2026-09-28 04:48:00,3115,2026-09-27 09:03:24,0,2026-09-27 09:03:24,False,,medio,True
2026-09-28 04:48:00,3116,2025-03-13 16:03:27,0,2025-03-13 16:03:27,False,,bajo,False
2026-09-28 04:48:00,3124,2026-09-26 19:31:44,0,2026-09-26 19:31:44,False,,bajo,False
2026-09-28 04:48:00,3133,2026-09-26 19:05:29,0,2026-09-26 19:05:29,False,,bajo,False
2026-09-28 04:48:00,3134,2026-09-27 06:48:27,0,2026-09-27 06:48:27,False,,bajo,False
2026-09-28 04:48:00,3135,2026-09-27 09:02:32,0,2026-09-27 09:02:32,False,,alto,True
2026-09-28 04:48:00,3140,2026-09-27 09:21:43,0,2026-09-27 09:21:43,False,,bajo,True
2026-09-28 04:48:00,3149,2026-09-26 18:02:20,0,2026-09-26 18:02:20,False,,bajo,False
2026-09-28 04:48:00,3158,2026-09-27 12:02:02,0,2026-09-27 12:02:02,False,,medio,False
2026-09-28 04:48:00,3168,2025-03-13 16:03:26,0,2025-03-13 16:03:26,False,,bajo,False
2026-09-28 04:48:00,3171,2026-09-27 13:48:15,0,2026-09-27 13:48:15,False,,bajo,True
2026-09-28 04:48:00,3192,2026-09-27 00:06:06,0,2026-09-27 00:06:06,False,,bajo,True
2026-09-28 04:48:00,3211,2026-09-27 07:24:38,0,2026-09-27 07:24:38,False,,bajo,True
2026-09-28 04:48:00,3212,2026-09-27 12:51:14,0,2026-09-27 12:51:14,False,,bajo,True
2026-09-28 04:48:00,3213,2026-09-27 18:57:41,0,2026-09-27 18:57:41,False,,bajo,False
2026-09-28 04:48:00,3234,2026-09-27 19:29:09,0,2026-09-27 19:29:09,False,,bajo,True
2026-09-28 04:48:00,3237,2026-09-27 23:37:44,0,2026-09-27 23:37:44,False,,medio,True
2026-09-28 04:48:00,3251,2026-09-26 15:23:17,0,2026-09-26 15:23:17,False,,bajo,False
2026-09-28 04:48:00,3258,2026-08-03 14:55:48,0,2026-08-03 14:55:48,False,,bajo,False
2026-09-28 04:48:00,3267,2026-09-26 12:32:21,0,2026-09-26 12:32:21,False,,bajo,False
2026-09-28 04:48:00,4023,2026-09-26 16:41:18,0,2026-09-26 16:41:18,False,,bajo,False
2026-09-28 04:48:00,4026,2026-09-27 11:19:05,0,2026-09-27 11:19:05,False,,bajo,False
2026-09-28 04:48:00,4029,2026-09-26 17:05:08,0,2026-09-26 17:05:08,False,,bajo,False
2026-09-28 04:48:00,2291,2026-09-27 22:42:15,1,2026-09-27 22:42:15,False,,bajo,True
2026-09-28 04:48:00,2297,2026-09-27 23:17:44,1,2026-09-27 23:17:44,False,,bajo,True
2026-09-28 04:48:00,2305,2026-09-27 22:46:19,1,2026-09-27 22:46:19,False,,alto,False
2026-09-28 04:48:00,2306,2026-09-27 15:58:31,1,2026-09-27 15:58:31,False,,alto,False
2026-09-28 04:48:00,2307,2026-09-27 23:54:27,1,2026-09-27 23:54:27,False,,bajo,True
2026-09-28 04:48:00,2308,2026-09-27 18:39:11,1,2026-09-27 18:39:11,False,,bajo,True
2026-09-28 04:48:00,2408,2026-09-27 12:01:15,1,2026-09-27 12:01:15,False,,medio,True
2026-09-28 04:48:00,2409,2025-08-30 10:05:33,1,2025-08-30 10:05:33,False,,bajo,False
2026-09-28 04:48:00,2416,2026-09-28 04:43:37,1,2026-09-28 04:43:37,False,,bajo,False
2026-09-28 04:48:00,2417,2026-09-28 04:46:22,1,2026-09-28 04:46:22,False,,medio,True
2026-09-28 04:48:00,2455,2026-09-27 20:35:23,1,2026-09-27 20:35:23,False,,bajo,True
2026-09-28 04:48:00,2486,2026-09-27 23:44:40,1,2026-09-27 23:44:40,False,,bajo,True
2026-09-28 04:48:00,2489,2025-08-27 05:35:03,1,2025-08-27 05:35:03,False,,bajo,False
2026-09-28 04:48:00,2523,2025-03-13 16:03:26,1,2025-03-13 16:03:26,False,,bajo,False
2026-09-28 04:48:00,2543,2026-09-28 04:10:07,1,2026-09-28 04:10:07,False,,bajo,False
2026-09-28 04:48:00,2555,2026-09-28 03:54:35,1,2026-09-28 03:54:35,False,,bajo,False
2026-09-28 04:48:00,2578,2026-09-28 04:03:23,1,2026-09-28 04:03:23,False,,alto,True
2026-09-28 04:48:00,2584,2026-09-26 18:30:26,1,2026-09-26 18:30:26,False,,bajo,False
2026-09-28 04:48:00,2597,2026-09-27 20:54:21,1,2026-09-27 20:54:21,False,,bajo,True
2026-09-28 04:48:00,2600,2026-09-27 13:49:12,1,2026-09-27 13:49:12,False,,bajo,True
2026-09-28 04:48:00,2612,2026-09-28 03:56:03,1,2026-09-28 03:56:03,False,,medio,True
2026-09-28 04:48:00,2640,2026-09-27 09:15:35,1,2026-09-27 09:15:35,False,,bajo,True
2026-09-28 04:48:00,2643,2026-09-27 08:07:51,1,2026-09-27 08:07:51,False,,bajo,True
2026-09-28 04:48:00,2648,2026-07-03 08:32:22,1,2026-07-03 08:32:22,False,,bajo,False
2026-09-28 04:48:00,2651,2026-09-27 09:30:01,1,2026-09-27 09:30:01,False,,bajo,True
2026-09-28 04:48:00,2656,2026-09-28 04:31:45,1,2026-09-28 04:31:45,False,,bajo,True
2026-09-28 04:48:00,2657,2026-09-27 23:14:56,1,2026-09-27 23:14:56,False,,bajo,False
2026-09-28 04:48:00,2658,2026-09-27 21:15:24,1,2026-09-27 21:15:24,False,,bajo,True
2026-09-28 04:48:00,2663,2026-09-27 21:59:35,1,2026-09-27 21:59:35,False,,bajo,True
2026-09-28 04:48:00,2679,2026-09-27 10:04:45,1,2026-09-27 10:04:45,False,,bajo,True
2026-09-28 04:48:00,2697,2026-09-28 00:12:13,1,2026-09-28 00:12:13,False,,bajo,True
2026-09-28 04:48:00,2709,2026-09-27 21:53:53,1,2026-09-27 21:53:53,False,,bajo,True
2026-09-28 04:48:00,2729,2026-09-27 11:28:53,1,2026-09-27 11:28:53,False,,bajo,True
2026-09-28 04:48:00,2740,2026-09-27 18:24:50,1,2026-09-27 18:24:50,False,,bajo,False
2026-09-28 04:48:00,2753,2026-09-27 21:29:28,1,2026-09-27 21:29:28,False,,bajo,False
2026-09-28 04:48:00,2763,2026-09-27 21:11:30,1,2026-09-27 21:11:30,False,,bajo,False
2026-09-28 04:48:00,2769,2026-09-28 04:07:01,1,2026-09-28 04:07:01,False,,bajo,True
2026-09-28 04:48:00,2782,2026-09-27 20:14:24,1,2026-09-27 20:14:24,False,,bajo,False
2026-09-28 04:48:00,2786,2026-09-28 04:26:24,1,2026-09-28 04:26:24,False,,bajo,True
2026-09-28 04:48:00,2789,2026-09-27 21:52:09,1,2026-09-27 21:52:09,False,,bajo,False
2026-09-28 04:48:00,2792,2026-09-25 19:07:06,1,2026-09-25 19:07:06,False,,bajo,True
2026-09-28 04:48:00,2794,2026-09-26 19:49:35,1,2026-09-26 19:49:35,False,,bajo,False
2026-09-28 04:48:00,2800,2026-09-26 20:59:41,1,2026-09-26 20:59:41,False,,bajo,False
2026-09-28 04:48:00,2825,2026-09-27 20:05:07,1,2026-09-27 20:05:07,False,,bajo,False
2026-09-28 04:48:00,2829,2026-09-27 17:33:22,1,2026-09-27 17:33:22,False,,bajo,False
2026-09-28 04:48:00,2853,2025-03-13 16:03:26,1,2025-03-13 16:03:26,False,,bajo,False
2026-09-28 04:48:00,2856,2026-09-27 19:17:57,1,2026-09-27 19:17:57,False,,bajo,True
2026-09-28 04:48:00,2866,2026-09-27 21:35:19,1,2026-09-27 21:35:19,False,,bajo,True
2026-09-28 04:48:00,2867,2026-09-27 16:45:03,1,2026-09-27 16:45:03,False,,bajo,True
2026-09-28 04:48:00,2877,2026-09-27 21:37:18,1,2026-09-27 21:37:18,False,,alto,True
2026-09-28 04:48:00,2905,2026-09-28 04:40:00,1,2026-09-28 04:40:00,False,,bajo,True
2026-09-28 04:48:00,2909,2026-09-27 21:40:00,1,2026-09-27 21:40:00,False,,bajo,False
2026-09-28 04:48:00,2910,2026-09-27 23:08:42,1,2026-09-27 23:08:42,False,,bajo,True
2026-09-28 04:48:00,2916,2026-09-27 22:21:51,1,2026-09-27 22:21:51,False,,bajo,True
2026-09-28 04:48:00,2941,2026-09-27 19:56:25,1,2026-09-27 19:56:25,False,,bajo,True
2026-09-28 04:48:00,2942,2026-09-27 10:34:21,1,2026-09-27 10:34:21,False,,medio,False
2026-09-28 04:48:00,2946,2026-09-27 10:34:29,1,2026-09-27 10:34:29,False,,bajo,True
2026-09-28 04:48:00,2950,2026-09-28 03:19:52,1,2026-09-28 03:19:52,False,,bajo,False
2026-09-28 04:48:00,2951,2026-09-27 22:58:50,1,2026-09-27 22:58:50,False,,bajo,False
2026-09-28 04:48:00,2954,2026-09-27 19:31:25,1,2026-09-27 19:31:25,False,,bajo,False
2026-09-28 04:48:00,2959,2026-09-27 17:48:52,1,2026-09-27 17:48:52,False,,bajo,False
2026-09-28 04:48:00,2989,2026-06-03 00:01:32,1,2026-06-03 00:01:32,False,,bajo,False
2026-09-28 04:48:00,2991,2026-06-03 00:11:39,1,2026-06-03 00:11:39,False,,bajo,False
2026-09-28 04:48:00,3005,2026-09-28 02:40:08,1,2026-09-28 02:40:08,False,,alto,True
2026-09-28 04:48:00,3012,2026-09-28 02:16:01,1,2026-09-28 02:16:01,False,,alto,False
2026-09-28 04:48:00,3023,2026-09-27 13:16:16,1,2026-09-27 13:16:16,False,,bajo,False
2026-09-28 04:48:00,3032,2026-09-27 07:08:29,1,2026-09-27 07:08:29,False,,bajo,True
2026-09-28 04:48:00,3043,2026-09-27 21:40:43,1,2026-09-27 21:40:43,False,,medio,True
2026-09-28 04:48:00,3050,2025-03-13 16:03:26,1,2025-03-13 16:03:26,False,,bajo,False
2026-09-28 04:48:00,3055,2026-09-28 02:51:45,1,2026-09-28 02:51:45,False,,bajo,True
2026-09-28 04:48:00,3063,2026-09-28 01:34:06,1,2026-09-28 01:34:06,False,,bajo,False
2026-09-28 04:48:00,3066,2026-09-28 02:11:55,1,2026-09-28 02:11:55,False,,medio,False
2026-09-28 04:48:00,3073,2026-09-27 20:01:49,1,2026-09-27 20:01:49,False,,medio,True
2026-09-28 04:48:00,3077,2026-09-27 11:27:32,1,2026-09-27 11:27:32,False,,bajo,False
2026-09-28 04:48:00,3081,2026-09-27 21:54:50,1,2026-09-27 21:54:50,False,,bajo,True
2026-09-28 04:48:00,3090,2026-09-27 21:29:49,1,2026-09-27 21:29:49,False,,bajo,True
2026-09-28 04:48:00,3095,2026-09-27 12:41:45,1,2026-09-27 12:41:45,False,,bajo,True
2026-09-28 04:48:00,3098,2026-09-27 21:51:07,1,2026-09-27 21:51:07,False,,medio,False
2026-09-28 04:48:00,3115,2026-09-27 20:16:15,1,2026-09-27 20:16:15,False,,medio,True
2026-09-28 04:48:00,3124,2026-09-28 03:39:23,1,2026-09-28 03:39:23,False,,bajo,False
2026-09-28 04:48:00,3133,2026-09-27 12:03:59,1,2026-09-27 12:03:59,False,,medio,True
2026-09-28 04:48:00,3134,2026-09-28 04:37:31,1,2026-09-28 04:37:31,False,,bajo,False
2026-09-28 04:48:00,3135,2026-09-28 04:31:36,1,2026-09-28 04:31:36,False,,medio,True
2026-09-28 04:48:00,3149,2026-09-28 04:44:57,1,2026-09-28 04:44:57,False,,bajo,False
2026-09-28 04:48:00,3158,2026-09-27 17:54:06,1,2026-09-27 17:54:06,False,,medio,True
2026-09-28 04:48:00,3171,2026-09-28 04:33:05,1,2026-09-28 04:33:05,False,,bajo,True
2026-09-28 04:48:00,3212,2026-09-27 20:59:35,1,2026-09-27 20:59:35,False,,bajo,True
2026-09-28 04:48:00,3213,2026-09-28 03:20:26,1,2026-09-28 03:20:26,False,,bajo,True
2026-09-28 04:48:00,3258,2026-09-28 04:43:33,1,2026-09-28 04:43:33,False,,bajo,True
2026-09-28 04:48:00,3267,2026-09-27 21:19:29,1,2026-09-27 21:19:29,False,,bajo,False
2026-09-28 04:48:00,3276,2026-09-27 20:45:48,1,2026-09-27 20:45:48,False,,bajo,False
2026-09-28 04:48:00,4023,2026-09-27 21:15:57,1,2026-09-27 21:15:57,False,,medio,True
2026-09-28 04:48:00,4026,2026-09-28 04:37:06,1,2026-09-28 04:37:06,False,,bajo,True
2026-09-28 04:48:00,4029,2026-09-27 20:58:38,1,2026-09-27 20:58:38,False,,bajo,False
2026-09-28 04:48:00,2228,2026-06-03 08:18:35,2,2026-06-03 08:18:35,False,,bajo,False
2026-09-28 04:48:00,2305,2026-06-03 06:05:23,2,2026-06-03 06:05:23,False,,bajo,False
2026-09-28 04:48:00,2455,2026-06-03 08:41:04,2,2026-06-03 08:41:04,False,,bajo,False
2026-09-28 04:48:00,2462,2026-08-13 15:52:51,2,2026-08-13 15:52:51,False,,bajo,False
2026-09-28 04:48:00,2489,2026-06-03 02:55:41,2,2026-06-03 02:55:41,False,,bajo,False
2026-09-28 04:48:00,2556,2026-06-03 08:33:18,2,2026-06-03 08:33:18,False,,bajo,False
2026-09-28 04:48:00,2633,2026-06-03 08:07:23,2,2026-06-03 08:07:23,False,,bajo,False
2026-09-28 04:48:00,2648,2026-06-03 00:17:04,2,2026-06-03 00:17:04,False,,bajo,False
2026-09-28 04:48:00,2657,2026-06-03 06:00:43,2,2026-06-03 06:00:43,False,,bajo,False
2026-09-28 04:48:00,2763,2026-06-03 08:29:55,2,2026-06-03 08:29:55,False,,bajo,False
2026-09-28 04:48:00,2905,2026-06-03 06:33:05,2,2026-06-03 06:33:05,False,,bajo,False
2026-09-28 04:48:00,2950,2026-08-25 15:00:09,2,2026-08-25 15:00:09,False,,bajo,False
2026-09-28 04:48:00,3055,2026-06-03 06:12:12,2,2026-06-03 06:12:12,False,,bajo,False
2026-09-28 04:48:00,3063,2026-06-03 08:39:31,2,2026-06-03 08:39:31,False,,bajo,False
2026-09-28 04:48:00,3134,2026-06-03 06:13:07,2,2026-06-03 06:13:07,False,,bajo,False
2026-09-28 04:48:00,3192,2026-06-03 06:29:23,2,2026-06-03 06:29:23,False,,bajo,False
2026-09-28 04:48:00,3194,2026-06-03 08:28:56,2,2026-06-03 08:28:56,False,,bajo,False
2026-09-28 04:48:00,3211,2026-06-03 07:21:15,2,2026-06-03 07:21:15,False,,bajo,False
2026-09-28 04:48:00,3213,2026-07-22 03:30:47,2,2026-07-22 03:30:47,False,,bajo,False
2026-09-28 04:48:00,3237,2026-06-03 08:08:14,2,2026-06-03 08:08:14,False,,bajo,False
2026-09-28 04:48:00,2348,2026-09-27 21:44:00,0,2026-09-27 21:44:00,False,,bajo,False
2026-09-28 04:48:00,2353,2026-09-27 15:02:56,0,2026-09-27 15:02:56,False,,bajo,True
2026-09-28 04:48:00,2355,2026-09-26 23:07:37,0,2026-09-26 23:07:37,False,,bajo,False
2026-09-28 04:48:00,2356,2026-09-26 16:43:54,0,2026-09-26 16:43:54,False,,medio,True
2026-09-28 04:48:00,2535,2026-09-27 20:41:14,0,2026-09-27 20:41:14,False,,bajo,True
2026-09-28 04:48:00,2549,2026-09-27 12:48:46,0,2026-09-27 12:48:46,False,,bajo,False
2026-09-28 04:48:00,2564,2026-09-26 16:13:34,0,2026-09-26 16:13:34,False,,bajo,True
2026-09-28 04:48:00,2577,2026-09-26 16:04:40,0,2026-09-26 16:04:40,False,,bajo,True
2026-09-28 04:48:00,2585,2026-09-26 21:13:12,0,2026-09-26 21:13:12,False,,medio,True
2026-09-28 04:48:00,2589,2026-09-27 09:48:02,0,2026-09-27 09:48:02,False,,bajo,False
2026-09-28 04:48:00,2595,2026-09-27 22:04:02,0,2026-09-27 22:04:02,False,,bajo,True
2026-09-28 04:48:00,2605,2026-09-26 14:00:21,0,2026-09-26 14:00:21,False,,bajo,True
2026-09-28 04:48:00,2624,2026-09-27 18:31:14,0,2026-09-27 18:31:14,False,,bajo,True
2026-09-28 04:48:00,2636,2026-09-26 17:51:59,0,2026-09-26 17:51:59,False,,bajo,True
2026-09-28 04:48:00,2637,2026-09-27 19:42:13,0,2026-09-27 19:42:13,False,,medio,True
2026-09-28 04:48:00,2638,2025-03-13 16:03:26,0,2025-03-13 16:03:26,False,,bajo,False
2026-09-28 04:48:00,2641,2026-09-27 11:06:48,0,2026-09-27 11:06:48,False,,bajo,True
2026-09-28 04:48:00,2644,2026-09-26 19:51:09,0,2026-09-26 19:51:09,False,,medio,True
2026-09-28 04:48:00,2650,2026-04-03 16:21:31,0,2026-04-03 16:21:31,False,,bajo,False
2026-09-28 04:48:00,2672,2026-08-18 03:18:38,0,2026-08-18 03:18:38,False,,bajo,False
2026-09-28 04:48:00,2674,2026-09-26 17:57:04,0,2026-09-26 17:57:04,False,,bajo,True
2026-09-28 04:48:00,2684,2026-09-26 16:59:28,0,2026-09-26 16:59:28,False,,bajo,True
2026-09-28 04:48:00,2692,2026-09-26 17:26:08,0,2026-09-26 17:26:08,False,,medio,True
2026-09-28 04:48:00,2720,2026-09-27 13:44:01,0,2026-09-27 13:44:01,False,,bajo,False
2026-09-28 04:48:00,2886,2026-09-27 20:47:28,0,2026-09-27 20:47:28,False,,bajo,True
2026-09-28 04:48:00,3000,2026-09-28 00:09:59,0,2026-09-28 00:09:59,False,,bajo,True
2026-09-28 04:48:00,3001,2026-09-27 16:40:32,0,2026-09-27 16:40:32,False,,bajo,True
2026-09-28 04:48:00,3007,2026-09-26 17:32:43,0,2026-09-26 17:32:43,False,,bajo,True
2026-09-28 04:48:00,3015,2026-09-27 15:52:39,0,2026-09-27 15:52:39,False,,bajo,True
2026-09-28 04:48:00,3034,2026-09-26 15:27:16,0,2026-09-26 15:27:16,False,,bajo,True
2026-09-28 04:48:00,3091,2026-09-27 11:41:28,0,2026-09-27 11:41:28,False,,bajo,True
2026-09-28 04:48:00,3125,2026-09-26 22:12:27,0,2026-09-26 22:12:27,False,,bajo,False
2026-09-28 04:48:00,3236,2026-09-27 08:22:07,0,2026-09-27 08:22:07,False,,bajo,True
2026-09-28 04:48:00,3275,2026-09-26 23:34:23,0,2026-09-26 23:34:23,False,,bajo,False
2026-09-28 04:48:00,2348,2026-09-27 21:41:34,1,2026-09-27 21:41:34,False,,bajo,True
2026-09-28 04:48:00,2353,2026-09-28 01:38:54,1,2026-09-28 01:38:54,False,,alto,True
2026-09-28 04:48:00,2355,2026-09-27 23:35:03,1,2026-09-27 23:35:03,False,,medio,True
2026-09-28 04:48:00,2356,2026-09-28 03:16:29,1,2026-09-28 03:16:29,False,,bajo,True
2026-09-28 04:48:00,2535,2026-09-27 23:33:24,1,2026-09-27 23:33:24,False,,bajo,True
2026-09-28 04:48:00,2549,2026-09-27 18:46:38,1,2026-09-27 18:46:38,False,,bajo,False
2026-09-28 04:48:00,2564,2026-09-28 04:32:56,1,2026-09-28 04:32:56,False,,alto,True
2026-09-28 04:48:00,2577,2026-09-27 17:36:56,1,2026-09-27 17:36:56,False,,bajo,True
2026-09-28 04:48:00,2585,2025-12-11 16:55:33,1,2025-12-11 16:55:33,False,,bajo,False
2026-09-28 04:48:00,2589,2026-09-27 20:19:31,1,2026-09-27 20:19:31,False,,bajo,False
2026-09-28 04:48:00,2595,2026-09-27 21:21:43,1,2026-09-27 21:21:43,False,,bajo,True
2026-09-28 04:48:00,2605,2026-09-28 03:39:46,1,2026-09-28 03:39:46,False,,bajo,False
2026-09-28 04:48:00,2624,2026-09-27 18:13:45,1,2026-09-27 18:13:45,False,,bajo,False
2026-09-28 04:48:00,2636,2026-09-27 12:14:53,1,2026-09-27 12:14:53,False,,bajo,True
2026-09-28 04:48:00,2637,2026-09-27 11:20:09,1,2026-09-27 11:20:09,False,,bajo,True
2026-09-28 04:48:00,2638,2025-03-13 16:03:26,1,2025-03-13 16:03:26,False,,bajo,False
2026-09-28 04:48:00,2641,2026-09-27 21:46:57,1,2026-09-27 21:46:57,False,,bajo,True
2026-09-28 04:48:00,2644,2026-09-28 00:11:05,1,2026-09-28 00:11:05,False,,medio,False
2026-09-28 04:48:00,2650,2025-12-17 11:02:46,1,2025-12-17 11:02:46,False,,bajo,False
2026-09-28 04:48:00,2672,2026-08-18 10:46:23,1,2026-08-18 10:46:23,False,,bajo,False
2026-09-28 04:48:00,2674,2026-09-27 22:19:35,1,2026-09-27 22:19:35,False,,bajo,True
2026-09-28 04:48:00,2684,2026-09-27 08:13:23,1,2026-09-27 08:13:23,False,,bajo,True
2026-09-28 04:48:00,2692,2026-09-28 04:21:06,1,2026-09-28 04:21:06,False,,bajo,True
2026-09-28 04:48:00,2720,2026-09-27 19:53:18,1,2026-09-27 19:53:18,False,,bajo,False
2026-09-28 04:48:00,2886,2026-09-27 23:42:28,1,2026-09-27 23:42:28,False,,bajo,True
2026-09-28 04:48:00,3000,2026-09-28 00:15:50,1,2026-09-28 00:15:50,False,,bajo,True
2026-09-28 04:48:00,3001,2026-01-05 08:26:33,1,2026-01-05 08:26:33,False,,bajo,False
2026-09-28 04:48:00,3007,2026-09-27 19:54:05,1,2026-09-27 19:54:05,False,,bajo,True
2026-09-28 04:48:00,3015,2026-09-26 19:28:39,1,2026-09-26 19:28:39,False,,bajo,False
2026-09-28 04:48:00,3034,2026-09-28 01:27:02,1,2026-09-28 01:27:02,False,,bajo,True
2026-09-28 04:48:00,3091,2026-09-27 20:57:11,1,2026-09-27 20:57:11,False,,bajo,False
2026-09-28 04:48:00,3125,2026-09-27 22:06:39,1,2026-09-27 22:06:39,False,,bajo,False
2026-09-28 04:48:00,3236,2026-09-27 20:51:05,1,2026-09-27 20:51:05,False,,bajo,True
2026-09-28 04:48:00,3275,2026-09-28 03:30:10,1,2026-09-28 03:30:10,False,,bajo,True
2026-09-28 04:48:00,2589,2025-03-13 16:03:26,2,2025-03-13 16:03:26,False,,bajo,False
2026-09-28 04:48:00,2333,2026-06-03 07:34:42,0,2026-06-03 07:34:42,False,,bajo,False
2026-09-28 04:48:00,2338,2026-09-27 16:40:42,0,2026-09-27 16:40:42,False,,bajo,False
2026-09-28 04:48:00,2345,2026-09-27 14:29:02,0,2026-09-27 14:29:02,False,,bajo,False
2026-09-28 04:48:00,2346,2026-09-27 23:36:18,0,2026-09-27 23:36:18,False,,medio,True
2026-09-28 04:48:00,2425,2026-09-26 14:37:38,0,2026-09-26 14:37:38,False,,bajo,False
2026-09-28 04:48:00,2444,2026-09-26 13:46:24,0,2026-09-26 13:46:24,False,,bajo,False
2026-09-28 04:48:00,2481,2026-09-27 16:27:38,0,2026-09-27 16:27:38,False,,bajo,False
2026-09-28 04:48:00,2502,2026-09-26 20:30:41,0,2026-09-26 20:30:41,False,,bajo,False
2026-09-28 04:48:00,2514,2026-09-27 16:23:31,0,2026-09-27 16:23:31,False,,bajo,False
2026-09-28 04:48:00,2515,2026-09-27 14:44:52,0,2026-09-27 14:44:52,False,,bajo,False
2026-09-28 04:48:00,2537,2026-09-24 20:21:49,0,2026-09-24 20:21:49,False,,medio,True
2026-09-28 04:48:00,2601,2026-09-27 17:25:06,0,2026-09-27 17:25:06,False,,medio,True
2026-09-28 04:48:00,2617,2026-09-26 22:08:45,0,2026-09-26 22:08:45,False,,medio,False
2026-09-28 04:48:00,2618,2026-09-26 12:16:59,0,2026-09-26 12:16:59,False,,bajo,False
2026-09-28 04:48:00,2645,2026-09-27 14:58:10,0,2026-09-27 14:58:10,False,,bajo,False
2026-09-28 04:48:00,2725,2026-09-26 12:43:21,0,2026-09-26 12:43:21,False,,bajo,False
2026-09-28 04:48:00,2727,2026-09-26 14:17:33,0,2026-09-26 14:17:33,False,,bajo,False
2026-09-28 04:48:00,2787,2026-09-27 08:04:59,0,2026-09-27 08:04:59,False,,bajo,False
2026-09-28 04:48:00,2883,2026-09-26 15:18:40,0,2026-09-26 15:18:40,False,,bajo,False
2026-09-28 04:48:00,2885,2026-09-21 21:43:27,0,2026-09-21 21:43:27,False,,bajo,False
2026-09-28 04:48:00,2888,2026-09-27 12:28:13,0,2026-09-27 12:28:13,False,,bajo,False
2026-09-28 04:48:00,2957,2026-09-25 13:53:45,0,2026-09-25 13:53:45,False,,bajo,False
2026-09-28 04:48:00,2960,2026-09-20 18:47:23,0,2026-09-20 18:47:23,False,,bajo,False
2026-09-28 04:48:00,3003,2026-09-27 16:03:37,0,2026-09-27 16:03:37,False,,bajo,False
2026-09-28 04:48:00,3004,2026-09-27 18:24:35,0,2026-09-27 18:24:35,False,,bajo,True
2026-09-28 04:48:00,3047,2026-09-27 22:24:46,0,2026-09-27 22:24:46,False,,bajo,True
2026-09-28 04:48:00,3062,2026-09-26 19:49:21,0,2026-09-26 19:49:21,False,,bajo,True
2026-09-28 04:48:00,3071,2026-09-25 13:44:42,0,2026-09-25 13:44:42,False,,bajo,False
2026-09-28 04:48:00,3136,2026-09-26 12:08:47,0,2026-09-26 12:08:47,False,,bajo,False
2026-09-28 04:48:00,3174,2026-09-27 20:35:37,0,2026-09-27 20:35:37,False,,bajo,False
2026-09-28 04:48:00,3175,2026-09-27 15:33:47,0,2026-09-27 15:33:47,False,,bajo,False
2026-09-28 04:48:00,3262,2026-09-20 13:00:59,0,2026-09-20 13:00:59,False,,bajo,False
2026-09-28 04:48:00,3277,2026-09-26 16:20:54,0,2026-09-26 16:20:54,False,,bajo,False
2026-09-28 04:48:00,2333,2026-06-03 07:34:43,1,2026-06-03 07:34:43,False,,bajo,False
2026-09-28 04:48:00,2338,2026-09-26 21:00:28,1,2026-09-26 21:00:28,False,,bajo,True
2026-09-28 04:48:00,2345,2026-09-26 17:04:57,1,2026-09-26 17:04:57,False,,bajo,False
2026-09-28 04:48:00,2346,2026-09-26 22:48:01,1,2026-09-26 22:48:01,False,,bajo,False
2026-09-28 04:48:00,2425,2026-09-26 11:57:44,1,2026-09-26 11:57:44,False,,bajo,False
2026-09-28 04:48:00,2444,2026-09-27 19:59:30,1,2026-09-27 19:59:30,False,,bajo,False
2026-09-28 04:48:00,2481,2026-09-26 17:36:57,1,2026-09-26 17:36:57,False,,bajo,False
2026-09-28 04:48:00,2502,2026-09-27 01:42:58,1,2026-09-27 01:42:58,False,,bajo,False
2026-09-28 04:48:00,2514,2026-09-26 17:19:04,1,2026-09-26 17:19:04,False,,bajo,False
2026-09-28 04:48:00,2515,2026-09-26 16:53:39,1,2026-09-26 16:53:39,False,,bajo,False
2026-09-28 04:48:00,2537,2026-09-26 21:16:06,1,2026-09-26 21:16:06,False,,bajo,True
2026-09-28 04:48:00,2601,2026-09-26 22:43:39,1,2026-09-26 22:43:39,False,,bajo,False
2026-09-28 04:48:00,2617,2026-09-27 19:12:50,1,2026-09-27 19:12:50,False,,medio,True
2026-09-28 04:48:00,2618,2026-09-27 08:28:31,1,2026-09-27 08:28:31,False,,medio,True
2026-09-28 04:48:00,2645,2026-09-26 19:22:38,1,2026-09-26 19:22:38,False,,bajo,True
2026-09-28 04:48:00,2725,2026-09-27 21:36:47,1,2026-09-27 21:36:47,False,,bajo,True
2026-09-28 04:48:00,2727,2026-09-27 14:49:54,1,2026-09-27 14:49:54,False,,bajo,False
2026-09-28 04:48:00,2787,2026-09-27 08:29:59,1,2026-09-27 08:29:59,False,,bajo,False
2026-09-28 04:48:00,2883,2026-09-27 19:24:43,1,2026-09-27 19:24:43,False,,bajo,False
2026-09-28 04:48:00,2885,2026-09-24 15:56:58,1,2026-09-24 15:56:58,False,,bajo,False
2026-09-28 04:48:00,2888,2026-09-27 21:39:07,1,2026-09-27 21:39:07,False,,bajo,True
2026-09-28 04:48:00,2957,2026-09-27 13:10:04,1,2026-09-27 13:10:04,False,,bajo,False
2026-09-28 04:48:00,2960,2026-09-27 16:19:04,1,2026-09-27 16:19:04,False,,bajo,True
2026-09-28 04:48:00,3003,2026-09-27 11:44:52,1,2026-09-27 11:44:52,False,,bajo,True
2026-09-28 04:48:00,3004,2026-06-03 08:58:20,1,2026-06-03 08:58:20,False,,bajo,False
2026-09-28 04:48:00,3047,2026-09-27 22:24:25,1,2026-09-27 22:24:25,False,,bajo,True
2026-09-28 04:48:00,3062,2026-09-27 21:35:48,1,2026-09-27 21:35:48,False,,bajo,True
2026-09-28 04:48:00,3071,2026-09-19 19:30:15,1,2026-09-19 19:30:15,False,,bajo,False
2026-09-28 04:48:00,3136,2026-09-26 22:27:26,1,2026-09-26 22:27:26,False,,bajo,True
2026-09-28 04:48:00,3174,2026-09-27 20:36:06,1,2026-09-27 20:36:06,False,,bajo,False
2026-09-28 04:48:00,3175,2026-06-03 07:27:38,1,2026-06-03 07:27:38,False,,bajo,False
2026-09-28 04:48:00,3262,2026-09-27 20:46:46,1,2026-09-27 20:46:46,False,,bajo,True
2026-09-28 04:48:00,3277,2026-09-26 21:42:38,1,2026-09-26 21:42:38,False,,bajo,False
2026-09-28 04:48:00,2537,2025-03-13 16:03:26,2,2025-03-13 16:03:26,False,,bajo,False
2026-09-28 04:48:00,2249,2026-09-27 08:19:51,0,2026-09-27 08:19:51,False,,bajo,False
2026-09-28 04:48:00,2251,2026-09-27 13:31:51,0,2026-09-27 13:31:51,False,,bajo,False
2026-09-28 04:48:00,2339,2026-09-26 21:00:04,0,2026-09-26 21:00:04,False,,bajo,False
2026-09-28 04:48:00,2341,2026-09-26 22:57:28,0,2026-09-26 22:57:28,False,,bajo,False
2026-09-28 04:48:00,2350,2026-09-26 21:57:11,0,2026-09-26 21:57:11,False,,bajo,False
2026-09-28 04:48:00,2364,2026-09-26 21:06:19,0,2026-09-26 21:06:19,False,,bajo,True
2026-09-28 04:48:00,2386,2026-09-27 06:17:29,0,2026-09-27 06:17:29,False,,medio,True
2026-09-28 04:48:00,2388,2026-09-26 19:48:09,0,2026-09-26 19:48:09,False,,bajo,False
2026-09-28 04:48:00,2390,2026-09-27 02:17:51,0,2026-09-27 02:17:51,False,,alto,True
2026-09-28 04:48:00,2472,2026-09-26 18:57:58,0,2026-09-26 18:57:58,False,,alto,False
2026-09-28 04:48:00,2500,2026-09-26 10:52:05,0,2026-09-26 10:52:05,False,,medio,True
2026-09-28 04:48:00,2528,2026-09-26 17:59:23,0,2026-09-26 17:59:23,False,,bajo,False
2026-09-28 04:48:00,2559,2026-09-26 15:21:09,0,2026-09-26 15:21:09,False,,bajo,True
2026-09-28 04:48:00,2603,2026-09-26 17:06:41,0,2026-09-26 17:06:41,False,,bajo,True
2026-09-28 04:48:00,2616,2026-09-26 10:01:59,0,2026-09-26 10:01:59,False,,bajo,True
2026-09-28 04:48:00,2627,2026-09-26 18:32:34,0,2026-09-26 18:32:34,False,,bajo,False
2026-09-28 04:48:00,2642,2026-09-27 12:05:34,0,2026-09-27 12:05:34,False,,bajo,False
2026-09-28 04:48:00,2646,2026-09-26 22:01:42,0,2026-09-26 22:01:42,False,,bajo,False
2026-09-28 04:48:00,2688,2026-09-26 18:51:37,0,2026-09-26 18:51:37,False,,bajo,False
2026-09-28 04:48:00,2804,2026-09-26 21:13:59,0,2026-09-26 21:13:59,False,,bajo,True
2026-09-28 04:48:00,2857,2026-09-26 14:35:02,0,2026-09-26 14:35:02,False,,bajo,True
2026-09-28 04:48:00,2868,2026-09-27 09:55:52,0,2026-09-27 09:55:52,False,,bajo,True
2026-09-28 04:48:00,2911,2026-09-27 23:49:31,0,2026-09-27 23:49:31,False,,bajo,True
2026-09-28 04:48:00,2974,2026-09-26 22:01:19,0,2026-09-26 22:01:19,False,,bajo,False
2026-09-28 04:48:00,2977,2026-09-27 23:19:34,0,2026-09-27 23:19:34,False,,bajo,False
2026-09-28 04:48:00,2979,2026-09-27 09:05:56,0,2026-09-27 09:05:56,False,,bajo,True
2026-09-28 04:48:00,2980,2026-09-25 16:48:01,0,2026-09-25 16:48:01,False,,bajo,True
2026-09-28 04:48:00,2981,2026-09-27 11:10:00,0,2026-09-27 11:10:00,False,,bajo,False
2026-09-28 04:48:00,2982,2026-09-27 07:29:55,0,2026-09-27 07:29:55,False,,bajo,False
2026-09-28 04:48:00,3046,2026-09-27 10:50:58,0,2026-09-27 10:50:58,False,,bajo,True
2026-09-28 04:48:00,3257,2026-09-27 22:06:45,0,2026-09-27 22:06:45,False,,bajo,True
2026-09-28 04:48:00,2249,2026-09-27 19:48:02,1,2026-09-27 19:48:02,False,,alto,False
2026-09-28 04:48:00,2251,2026-09-27 21:16:20,1,2026-09-27 21:16:20,False,,bajo,True
2026-09-28 04:48:00,2339,2026-09-28 04:42:23,1,2026-09-28 04:42:23,False,,bajo,True
2026-09-28 04:48:00,2350,2026-09-27 21:44:06,1,2026-09-27 21:44:06,False,,medio,True
2026-09-28 04:48:00,2364,2026-09-27 20:40:59,1,2026-09-27 20:40:59,False,,medio,True
2026-09-28 04:48:00,2472,2026-09-28 04:09:20,1,2026-09-28 04:09:20,False,,bajo,True
2026-09-28 04:48:00,2500,2026-09-27 21:14:23,1,2026-09-27 21:14:23,False,,medio,True
2026-09-28 04:48:00,2528,2026-09-27 22:04:26,1,2026-09-27 22:04:26,False,,bajo,True
2026-09-28 04:48:00,2559,2026-09-27 21:00:49,1,2026-09-27 21:00:49,False,,medio,True
2026-09-28 04:48:00,2603,2026-09-27 16:39:42,1,2026-09-27 16:39:42,False,,medio,True
2026-09-28 04:48:00,2616,2026-09-28 03:04:44,1,2026-09-28 03:04:44,False,,bajo,True
2026-09-28 04:48:00,2627,2026-09-27 20:00:31,1,2026-09-27 20:00:31,False,,bajo,True
2026-09-28 04:48:00,2642,2026-09-27 12:06:09,1,2026-09-27 12:06:09,False,,bajo,True
2026-09-28 04:48:00,2646,2026-09-27 06:19:36,1,2026-09-27 06:19:36,False,,bajo,True
2026-09-28 04:48:00,2688,2026-09-27 22:42:35,1,2026-09-27 22:42:35,False,,medio,True
2026-09-28 04:48:00,2804,2026-09-28 04:19:34,1,2026-09-28 04:19:34,False,,bajo,True
2026-09-28 04:48:00,2857,2026-09-27 21:59:14,1,2026-09-27 21:59:14,False,,bajo,False
2026-09-28 04:48:00,2868,2026-09-27 21:08:52,1,2026-09-27 21:08:52,False,,bajo,True
2026-09-28 04:48:00,2911,2026-09-28 03:22:09,1,2026-09-28 03:22:09,False,,medio,True
2026-09-28 04:48:00,2974,2026-09-28 03:45:04,1,2026-09-28 03:45:04,False,,medio,True
2026-09-28 04:48:00,2977,2026-09-28 03:38:45,1,2026-09-28 03:38:45,False,,bajo,True
2026-09-28 04:48:00,2979,2026-09-27 21:25:55,1,2026-09-27 21:25:55,False,,bajo,True
2026-09-28 04:48:00,2980,2026-09-27 20:32:34,1,2026-09-27 20:32:34,False,,bajo,True
2026-09-28 04:48:00,2981,2026-09-27 21:39:06,1,2026-09-27 21:39:06,False,,bajo,True
2026-09-28 04:48:00,2982,2026-09-27 20:41:01,1,2026-09-27 20:41:01,False,,bajo,False
2026-09-28 04:48:00,3257,2026-09-27 21:58:08,1,2026-09-27 21:58:08,False,,bajo,True
2026-09-28 04:48:00,2364,2026-06-03 08:18:32,2,2026-06-03 08:18:32,False,,bajo,False
2026-09-28 04:48:00,2390,2026-06-03 06:18:03,2,2026-06-03 06:18:03,False,,bajo,False
2026-09-28 04:48:00,2472,2026-06-03 06:36:25,2,2026-06-03 06:36:25,False,,bajo,False
2026-09-28 04:48:00,2627,2026-06-03 01:47:48,2,2026-06-03 01:47:48,False,,bajo,False
2026-09-28 04:48:00,1724,2026-09-28 04:42:15,0,2026-09-28 04:42:15,False,,bajo,True
2026-09-28 04:48:00,1744,2026-09-27 01:27:42,0,2026-09-27 01:27:42,False,,bajo,False
2026-09-28 04:48:00,1766,2026-09-27 18:50:29,0,2026-09-27 18:50:29,False,,bajo,True
2026-09-28 04:48:00,1784,2026-09-27 16:56:27,0,2026-09-27 16:56:27,False,,bajo,True
2026-09-28 04:48:00,1805,2026-09-28 04:46:23,0,2026-09-28 04:46:23,False,,bajo,True
2026-09-28 04:48:00,1806,2026-09-27 08:59:24,0,2026-09-27 08:59:24,False,,bajo,True
2026-09-28 04:48:00,1824,2026-09-28 04:44:23,0,2026-09-28 04:44:23,False,,bajo,True
2026-09-28 04:48:00,1844,2026-09-28 04:46:35,0,2026-09-28 04:46:35,False,,bajo,True
2026-09-28 04:48:00,1845,2026-09-27 19:08:21,0,2026-09-27 19:08:21,False,,bajo,False
2026-09-28 04:48:00,1846,2026-09-28 04:40:21,0,2026-09-28 04:40:21,False,,bajo,True
2026-09-28 04:48:00,1887,2026-09-27 01:12:38,0,2026-09-27 01:12:38,False,,bajo,False
2026-09-28 04:48:00,1924,2026-09-27 21:49:07,0,2026-09-27 21:49:07,False,,bajo,False
2026-09-28 04:48:00,1926,2026-09-27 22:29:43,0,2026-09-27 22:29:43,False,,bajo,False
2026-09-28 04:48:00,1927,2026-09-27 19:41:52,0,2026-09-27 19:41:52,False,,bajo,False
2026-09-28 04:48:00,1928,2026-09-27 12:23:26,0,2026-09-27 12:23:26,False,,bajo,False
2026-09-28 04:48:00,1944,2026-09-28 04:30:12,0,2026-09-28 04:30:12,False,,bajo,True
2026-09-28 04:48:00,1945,2026-09-28 04:12:53,0,2026-09-28 04:12:53,False,,bajo,True
2026-09-28 04:48:00,1964,2026-09-27 15:01:10,0,2026-09-27 15:01:10,False,,alto,True
2026-09-28 04:48:00,1965,2026-09-27 20:27:36,0,2026-09-27 20:27:36,False,,bajo,True
2026-09-28 04:48:00,1984,2026-09-27 11:26:59,0,2026-09-27 11:26:59,False,,bajo,False
2026-09-28 04:48:00,2190,2026-09-27 17:00:24,0,2026-09-27 17:00:24,False,,bajo,True
2026-09-28 04:48:00,2192,2026-09-27 09:56:20,0,2026-09-27 09:56:20,False,,bajo,False
2026-09-28 04:48:00,2193,2026-09-28 00:31:37,0,2026-09-28 00:31:37,False,,bajo,False
2026-09-28 04:48:00,2204,2026-09-28 00:15:45,0,2026-09-28 00:15:45,False,,bajo,True
2026-09-28 04:48:00,2205,2026-09-27 21:35:27,0,2026-09-27 21:35:27,False,,bajo,False
2026-09-28 04:48:00,2207,2026-09-28 04:44:49,0,2026-09-28 04:44:49,False,,medio,True
2026-09-28 04:48:00,2208,2026-09-27 15:54:41,0,2026-09-27 15:54:41,False,,bajo,False
2026-09-28 04:48:00,2224,2026-09-27 06:17:40,0,2026-09-27 06:17:40,False,,bajo,False
2026-09-28 04:48:00,2225,2026-09-27 11:29:53,0,2026-09-27 11:29:53,False,,bajo,False
2026-09-28 04:48:00,2227,2026-09-26 20:57:13,0,2026-09-26 20:57:13,False,,bajo,False
2026-09-28 04:48:00,2229,2026-09-28 04:39:51,0,2026-09-28 04:39:51,False,,bajo,True
2026-09-28 04:48:00,2230,2026-09-28 01:00:03,0,2026-09-28 01:00:03,False,,bajo,True
2026-09-28 04:48:00,2250,2026-09-28 02:49:26,0,2026-09-28 02:49:26,False,,bajo,True
2026-09-28 04:48:00,2264,2026-09-28 04:45:08,0,2026-09-28 04:45:08,False,,bajo,True
2026-09-28 04:48:00,2268,2026-09-27 16:03:00,0,2026-09-27 16:03:00,False,,bajo,True
2026-09-28 04:48:00,2284,2026-09-28 04:37:14,0,2026-09-28 04:37:14,False,,bajo,True
2026-09-28 04:48:00,2317,2026-09-28 04:41:35,0,2026-09-28 04:41:35,False,,bajo,True
2026-09-28 04:48:00,2326,2026-09-27 00:00:48,0,2026-09-27 00:00:48,False,,alto,False
2026-09-28 04:48:00,2327,2026-09-28 04:43:18,0,2026-09-28 04:43:18,False,,bajo,True
2026-09-28 04:48:00,2330,2026-09-27 01:12:12,0,2026-09-27 01:12:12,False,,bajo,False
2026-09-28 04:48:00,2335,2026-09-27 11:56:16,0,2026-09-27 11:56:16,False,,bajo,False
2026-09-28 04:48:00,2391,2026-09-26 21:40:05,0,2026-09-26 21:40:05,False,,bajo,False
2026-09-28 04:48:00,2404,2026-09-26 10:02:03,0,2026-09-26 10:02:03,False,,bajo,False
2026-09-28 04:48:00,2411,2026-09-26 23:42:07,0,2026-09-26 23:42:07,False,,bajo,False
2026-09-28 04:48:00,2415,2026-09-27 15:05:00,0,2026-09-27 15:05:00,False,,bajo,False
2026-09-28 04:48:00,2424,2025-03-13 16:03:26,0,2025-03-13 16:03:26,False,,bajo,False
2026-09-28 04:48:00,2446,2026-09-27 19:23:52,0,2026-09-27 19:23:52,False,,bajo,True
2026-09-28 04:48:00,2459,2026-09-27 18:59:43,0,2026-09-27 18:59:43,False,,bajo,False
2026-09-28 04:48:00,2464,2026-09-28 04:46:12,0,2026-09-28 04:46:12,False,,bajo,True
2026-09-28 04:48:00,2465,2026-09-27 02:29:15,0,2026-09-27 02:29:15,False,,bajo,False
2026-09-28 04:48:00,2466,2026-09-28 03:28:16,0,2026-09-28 03:28:16,False,,bajo,True
2026-09-28 04:48:00,2468,2026-09-27 15:03:42,0,2026-09-27 15:03:42,False,,bajo,True
2026-09-28 04:48:00,2471,2026-09-28 02:29:21,0,2026-09-28 02:29:21,False,,bajo,True
2026-09-28 04:48:00,2475,2026-09-28 03:38:37,0,2026-09-28 03:38:37,False,,bajo,False
2026-09-28 04:48:00,2476,2026-09-27 17:18:30,0,2026-09-27 17:18:30,False,,medio,True
2026-09-28 04:48:00,2482,2026-09-27 21:57:33,0,2026-09-27 21:57:33,False,,bajo,True
2026-09-28 04:48:00,2484,2026-09-27 21:58:09,0,2026-09-27 21:58:09,False,,bajo,True
2026-09-28 04:48:00,2485,2026-09-27 22:26:56,0,2026-09-27 22:26:56,False,,bajo,True
2026-09-28 04:48:00,2492,2026-09-28 01:35:19,0,2026-09-28 01:35:19,False,,bajo,True
2026-09-28 04:48:00,2516,2026-09-27 13:06:05,0,2026-09-27 13:06:05,False,,bajo,False
2026-09-28 04:48:00,2519,2026-09-27 21:39:02,0,2026-09-27 21:39:02,False,,bajo,True
2026-09-28 04:48:00,2565,2026-09-27 20:52:29,0,2026-09-27 20:52:29,False,,bajo,True
2026-09-28 04:48:00,2567,2026-09-26 17:50:35,0,2026-09-26 17:50:35,False,,bajo,False
2026-09-28 04:48:00,2575,2026-09-28 04:30:16,0,2026-09-28 04:30:16,False,,bajo,True
2026-09-28 04:48:00,2582,2026-09-27 08:59:06,0,2026-09-27 08:59:06,False,,bajo,False
2026-09-28 04:48:00,2590,2026-09-28 04:35:55,0,2026-09-28 04:35:55,False,,medio,True
2026-09-28 04:48:00,2592,2026-09-28 04:37:21,0,2026-09-28 04:37:21,False,,bajo,True
2026-09-28 04:48:00,2593,2026-09-27 10:08:52,0,2026-09-27 10:08:52,False,,bajo,False
2026-09-28 04:48:00,2654,2026-09-28 03:49:24,0,2026-09-28 03:49:24,False,,medio,True
2026-09-28 04:48:00,2665,2026-09-28 03:58:19,0,2026-09-28 03:58:19,False,,bajo,True
2026-09-28 04:48:00,2668,2026-09-27 11:51:31,0,2026-09-27 11:51:31,False,,bajo,True
2026-09-28 04:48:00,2678,2026-09-27 19:20:25,0,2026-09-27 19:20:25,False,,bajo,True
2026-09-28 04:48:00,2693,2026-09-27 15:38:38,0,2026-09-27 15:38:38,False,,bajo,True
2026-09-28 04:48:00,2701,2026-09-28 03:56:18,0,2026-09-28 03:56:18,False,,bajo,True
2026-09-28 04:48:00,2706,2026-09-27 04:12:09,0,2026-09-27 04:12:09,False,,bajo,False
2026-09-28 04:48:00,2718,2026-09-27 16:08:57,0,2026-09-27 16:08:57,False,,bajo,False
2026-09-28 04:48:00,2722,2026-09-27 06:53:27,0,2026-09-27 06:53:27,False,,bajo,True
2026-09-28 04:48:00,2724,2026-09-27 19:23:08,0,2026-09-27 19:23:08,False,,bajo,True
2026-09-28 04:48:00,2726,2025-03-13 16:03:26,0,2025-03-13 16:03:26,False,,bajo,False
2026-09-28 04:48:00,2730,2026-09-28 04:44:29,0,2026-09-28 04:44:29,False,,alto,True
2026-09-28 04:48:00,2743,2026-09-28 04:37:47,0,2026-09-28 04:37:47,False,,medio,True
2026-09-28 04:48:00,2744,2026-09-28 02:05:14,0,2026-09-28 02:05:14,False,,bajo,True
2026-09-28 04:48:00,2751,2026-09-26 14:26:32,0,2026-09-26 14:26:32,False,,bajo,False
2026-09-28 04:48:00,2754,2026-09-28 04:46:34,0,2026-09-28 04:46:34,False,,medio,True
2026-09-28 04:48:00,2760,2026-09-28 02:09:43,0,2026-09-28 02:09:43,False,,bajo,True
2026-09-28 04:48:00,2768,2026-09-28 03:10:33,0,2026-09-28 03:10:33,False,,bajo,True
2026-09-28 04:48:00,2770,2026-09-28 03:16:51,0,2026-09-28 03:16:51,False,,bajo,True
2026-09-28 04:48:00,2773,2026-09-28 02:02:23,0,2026-09-28 02:02:23,False,,bajo,True
2026-09-28 04:48:00,2777,2025-03-13 16:03:26,0,2025-03-13 16:03:26,False,,bajo,False
2026-09-28 04:48:00,2780,2026-09-28 04:40:03,0,2026-09-28 04:40:03,False,,medio,True
2026-09-28 04:48:00,2781,2026-09-26 13:35:11,0,2026-09-26 13:35:11,False,,bajo,False
2026-09-28 04:48:00,2790,2026-09-28 04:43:52,0,2026-09-28 04:43:52,False,,bajo,True
2026-09-28 04:48:00,2791,2026-09-27 17:44:20,0,2026-09-27 17:44:20,False,,bajo,True
2026-09-28 04:48:00,2796,2026-09-27 09:03:15,0,2026-09-27 09:03:15,False,,bajo,False
2026-09-28 04:48:00,2803,2026-09-28 04:45:44,0,2026-09-28 04:45:44,False,,bajo,True
2026-09-28 04:48:00,2807,2026-09-27 13:23:22,0,2026-09-27 13:23:22,False,,bajo,False
2026-09-28 04:48:00,2808,2026-09-28 04:45:01,0,2026-09-28 04:45:01,False,,bajo,True
2026-09-28 04:48:00,2810,2026-09-27 23:53:05,0,2026-09-27 23:53:05,False,,alto,True
2026-09-28 04:48:00,2830,2026-09-28 03:02:25,0,2026-09-28 03:02:25,False,,bajo,True
2026-09-28 04:48:00,2858,2026-09-27 20:11:24,0,2026-09-27 20:11:24,False,,bajo,False
2026-09-28 04:48:00,2904,2026-09-26 03:58:39,0,2026-09-26 03:58:39,False,,bajo,False
2026-09-28 04:48:00,2922,2026-09-28 04:47:15,0,2026-09-28 04:47:15,False,,bajo,True
2026-09-28 04:48:00,2926,2026-09-28 04:45:14,0,2026-09-28 04:45:14,False,,bajo,True
2026-09-28 04:48:00,2929,2026-09-27 21:56:08,0,2026-09-27 21:56:08,False,,medio,False
2026-09-28 04:48:00,2935,2026-09-28 04:44:43,0,2026-09-28 04:44:43,False,,bajo,True
2026-09-28 04:48:00,2937,2026-09-26 19:16:04,0,2026-09-26 19:16:04,False,,bajo,True
2026-09-28 04:48:00,2961,2026-02-27 08:12:26,0,2026-02-27 08:12:26,False,,bajo,False
2026-09-28 04:48:00,2971,2026-09-27 22:00:51,0,2026-09-27 22:00:51,False,,bajo,False
2026-09-28 04:48:00,2972,2026-09-28 04:46:53,0,2026-09-28 04:46:53,False,,bajo,True
2026-09-28 04:48:00,2973,2026-09-27 18:09:53,0,2026-09-27 18:09:53,False,,bajo,False
2026-09-28 04:48:00,2975,2026-09-27 19:03:19,0,2026-09-27 19:03:19,False,,bajo,False
2026-09-28 04:48:00,2978,2026-09-28 04:45:35,0,2026-09-28 04:45:35,False,,medio,True
2026-09-28 04:48:00,2983,2026-09-28 02:05:47,0,2026-09-28 02:05:47,False,,bajo,True
2026-09-28 04:48:00,2984,2026-09-27 02:23:08,0,2026-09-27 02:23:08,False,,bajo,False
2026-09-28 04:48:00,2985,2026-09-27 16:22:57,0,2026-09-27 16:22:57,False,,bajo,False
2026-09-28 04:48:00,2986,2026-09-26 20:40:00,0,2026-09-26 20:40:00,False,,bajo,False
2026-09-28 04:48:00,2987,2026-09-26 20:09:19,0,2026-09-26 20:09:19,False,,bajo,False
2026-09-28 04:48:00,2988,2026-09-28 04:28:33,0,2026-09-28 04:28:33,False,,medio,True
2026-09-28 04:48:00,2993,2026-09-28 01:20:28,0,2026-09-28 01:20:28,False,,bajo,True
2026-09-28 04:48:00,2994,2026-09-27 20:51:27,0,2026-09-27 20:51:27,False,,bajo,True
2026-09-28 04:48:00,2996,2026-09-27 21:04:09,0,2026-09-27 21:04:09,False,,bajo,True
2026-09-28 04:48:00,2998,2026-09-25 17:36:41,0,2026-09-25 17:36:41,False,,bajo,False
2026-09-28 04:48:00,3002,2026-09-27 22:02:25,0,2026-09-27 22:02:25,False,,bajo,True
2026-09-28 04:48:00,3009,2026-09-27 22:18:52,0,2026-09-27 22:18:52,False,,bajo,True
2026-09-28 04:48:00,3010,2026-09-27 21:04:58,0,2026-09-27 21:04:58,False,,bajo,True
2026-09-28 04:48:00,3011,2026-09-28 04:45:55,0,2026-09-28 04:45:55,False,,bajo,True
2026-09-28 04:48:00,3013,2026-09-27 21:56:04,0,2026-09-27 21:56:04,False,,bajo,False
2026-09-28 04:48:00,3020,2026-09-27 13:22:59,0,2026-09-27 13:22:59,False,,bajo,False
2026-09-28 04:48:00,3022,2026-09-27 21:50:44,0,2026-09-27 21:50:44,False,,bajo,True
2026-09-28 04:48:00,3024,2026-09-28 01:12:01,0,2026-09-28 01:12:01,False,,bajo,True
2026-09-28 04:48:00,3026,2026-09-26 06:56:17,0,2026-09-26 06:56:17,False,,medio,True
2026-09-28 04:48:00,3027,2026-09-27 21:44:27,0,2026-09-27 21:44:27,False,,bajo,False
2026-09-28 04:48:00,3029,2026-09-25 18:08:09,0,2026-09-25 18:08:09,False,,bajo,True
2026-09-28 04:48:00,3036,2025-03-13 16:18:25,0,2025-03-13 16:18:25,False,,bajo,False
2026-09-28 04:48:00,3039,2026-09-27 16:25:04,0,2026-09-27 16:25:04,False,,bajo,False
2026-09-28 04:48:00,3060,2026-09-27 21:19:59,0,2026-09-27 21:19:59,False,,bajo,True
2026-09-28 04:48:00,3064,2026-09-28 04:46:12,0,2026-09-28 04:46:12,False,,bajo,True
2026-09-28 04:48:00,3065,2026-09-28 04:37:10,0,2026-09-28 04:37:10,False,,bajo,True
2026-09-28 04:48:00,3074,2026-09-25 15:16:10,0,2026-09-25 15:16:10,False,,medio,True
2026-09-28 04:48:00,3076,2026-09-25 09:47:18,0,2026-09-25 09:47:18,False,,bajo,True
2026-09-28 04:48:00,3079,2026-09-28 04:39:34,0,2026-09-28 04:39:34,False,,bajo,True
2026-09-28 04:48:00,3084,2026-09-27 19:49:30,0,2026-09-27 19:49:30,False,,bajo,True
2026-09-28 04:48:00,3086,2026-09-27 12:34:57,0,2026-09-27 12:34:57,False,,alto,False
2026-09-28 04:48:00,3087,2026-09-26 12:02:07,0,2026-09-26 12:02:07,False,,bajo,False
2026-09-28 04:48:00,3099,2026-09-28 04:45:57,0,2026-09-28 04:45:57,False,,bajo,True
2026-09-28 04:48:00,3101,2026-09-27 00:29:08,0,2026-09-27 00:29:08,False,,bajo,False
2026-09-28 04:48:00,3117,2026-09-27 23:16:35,0,2026-09-27 23:16:35,False,,bajo,True
2026-09-28 04:48:00,3121,2026-09-27 22:16:34,0,2026-09-27 22:16:34,False,,bajo,True
2026-09-28 04:48:00,3132,2026-09-28 04:46:57,0,2026-09-28 04:46:57,False,,medio,True
2026-09-28 04:48:00,3138,2026-09-28 04:27:30,0,2026-09-28 04:27:30,False,,bajo,True
2026-09-28 04:48:00,3141,2026-09-27 22:05:03,0,2026-09-27 22:05:03,False,,bajo,True
2026-09-28 04:48:00,3144,2026-09-27 22:04:16,0,2026-09-27 22:04:16,False,,bajo,False
2026-09-28 04:48:00,3145,2026-09-27 21:56:45,0,2026-09-27 21:56:45,False,,medio,True
2026-09-28 04:48:00,3146,2026-09-27 22:26:06,0,2026-09-27 22:26:06,False,,bajo,False
2026-09-28 04:48:00,3151,2026-09-25 16:41:34,0,2026-09-25 16:41:34,False,,bajo,True
2026-09-28 04:48:00,3154,2026-09-27 10:40:31,0,2026-09-27 10:40:31,False,,bajo,False
2026-09-28 04:48:00,3155,2026-09-27 22:11:31,0,2026-09-27 22:11:31,False,,bajo,True
2026-09-28 04:48:00,3159,2026-09-28 04:44:23,0,2026-09-28 04:44:23,False,,bajo,True
2026-09-28 04:48:00,3160,2026-09-26 17:54:31,0,2026-09-26 17:54:31,False,,bajo,False
2026-09-28 04:48:00,3161,2026-09-27 16:42:48,0,2026-09-27 16:42:48,False,,bajo,False
2026-09-28 04:48:00,3162,2026-09-28 04:46:26,0,2026-09-28 04:46:26,False,,bajo,True
2026-09-28 04:48:00,3169,2026-09-27 20:32:52,0,2026-09-27 20:32:52,False,,bajo,False
2026-09-28 04:48:00,3172,2026-09-28 03:42:42,0,2026-09-28 03:42:42,False,,bajo,True
2026-09-28 04:48:00,3178,2026-09-27 21:56:37,0,2026-09-27 21:56:37,False,,bajo,True
2026-09-28 04:48:00,3184,2026-09-27 21:59:49,0,2026-09-27 21:59:49,False,,bajo,True
2026-09-28 04:48:00,3185,2026-09-27 21:04:43,0,2026-09-27 21:04:43,False,,bajo,True
2026-09-28 04:48:00,3186,2026-09-27 10:14:10,0,2026-09-27 10:14:10,False,,bajo,False
2026-09-28 04:48:00,3187,2026-08-23 09:50:03,0,2026-08-23 09:50:03,False,,bajo,False
2026-09-28 04:48:00,3191,2026-09-26 16:42:22,0,2026-09-26 16:42:22,False,,bajo,False
2026-09-28 04:48:00,3199,2026-09-28 04:39:02,0,2026-09-28 04:39:02,False,,bajo,True
2026-09-28 04:48:00,3202,2026-09-28 04:30:15,0,2026-09-28 04:30:15,False,,bajo,True
2026-09-28 04:48:00,3203,2026-09-27 23:58:42,0,2026-09-27 23:58:42,False,,bajo,False
2026-09-28 04:48:00,3204,2026-09-27 02:11:30,0,2026-09-27 02:11:30,False,,bajo,False
2026-09-28 04:48:00,3207,2026-09-28 04:38:38,0,2026-09-28 04:38:38,False,,bajo,True
2026-09-28 04:48:00,3208,2026-09-27 20:59:51,0,2026-09-27 20:59:51,False,,bajo,True
2026-09-28 04:48:00,3216,2026-09-27 22:16:34,0,2026-09-27 22:16:34,False,,medio,False
2026-09-28 04:48:00,3222,2026-09-28 04:45:13,0,2026-09-28 04:45:13,False,,bajo,True
2026-09-28 04:48:00,3224,2026-09-15 17:10:14,0,2026-09-15 17:10:14,False,,bajo,False
2026-09-28 04:48:00,3225,2026-09-19 11:41:03,0,2026-09-19 11:41:03,False,,bajo,False
2026-09-28 04:48:00,3227,2026-09-27 02:19:08,0,2026-09-27 02:19:08,False,,bajo,False
2026-09-28 04:48:00,3232,2026-09-25 15:39:11,0,2026-09-25 15:39:11,False,,bajo,False
2026-09-28 04:48:00,3239,2026-09-27 10:54:21,0,2026-09-27 10:54:21,False,,bajo,False
2026-09-28 04:48:00,3242,2026-09-28 04:43:10,0,2026-09-28 04:43:10,False,,bajo,True
2026-09-28 04:48:00,3243,2026-09-27 17:06:00,0,2026-09-27 17:06:00,False,,bajo,False
2026-09-28 04:48:00,3244,2026-09-27 10:55:24,0,2026-09-27 10:55:24,False,,bajo,True
2026-09-28 04:48:00,3253,2026-09-28 04:41:20,0,2026-09-28 04:41:20,False,,bajo,True
2026-09-28 04:48:00,3259,2026-09-27 19:45:41,0,2026-09-27 19:45:41,False,,bajo,True
2026-09-28 04:48:00,3264,2026-09-28 03:18:41,0,2026-09-28 03:18:41,False,,bajo,True
2026-09-28 04:48:00,3266,2026-09-27 19:41:50,0,2026-09-27 19:41:50,False,,bajo,False
2026-09-28 04:48:00,4018,2026-09-23 12:25:55,0,2026-09-23 12:25:55,False,,bajo,False
2026-09-28 04:48:00,4024,2026-09-27 22:23:41,0,2026-09-27 22:23:41,False,,bajo,False
2026-09-28 04:48:00,1724,2026-09-27 21:26:36,1,2026-09-27 21:26:36,False,,bajo,True
2026-09-28 04:48:00,1744,2026-09-28 03:25:27,1,2026-09-28 03:25:27,False,,bajo,False
2026-09-28 04:48:00,1766,2026-06-03 03:27:01,1,2026-06-03 03:27:01,False,,bajo,False
2026-09-28 04:48:00,1784,2026-06-03 03:29:57,1,2026-06-03 03:29:57,False,,bajo,False
2026-09-28 04:48:00,1805,2026-06-03 08:20:37,1,2026-06-03 08:20:37,False,,bajo,False
2026-09-28 04:48:00,1806,2026-09-27 20:56:06,1,2026-09-27 20:56:06,False,,medio,False
2026-09-28 04:48:00,1824,2026-06-03 08:35:59,1,2026-06-03 08:35:59,False,,bajo,False
2026-09-28 04:48:00,1844,2026-09-27 16:12:38,1,2026-09-27 16:12:38,False,,bajo,False
2026-09-28 04:48:00,1845,2026-06-03 08:35:31,1,2026-06-03 08:35:31,False,,bajo,False
2026-09-28 04:48:00,1846,2026-09-27 12:30:18,1,2026-09-27 12:30:18,False,,bajo,False
2026-09-28 04:48:00,1887,2026-09-27 22:09:42,1,2026-09-27 22:09:42,False,,bajo,True
2026-09-28 04:48:00,1924,2026-09-28 00:54:47,1,2026-09-28 00:54:47,False,,bajo,False
2026-09-28 04:48:00,1926,2026-09-28 01:56:39,1,2026-09-28 01:56:39,False,,medio,True
2026-09-28 04:48:00,1927,2026-09-27 23:56:45,1,2026-09-27 23:56:45,False,,bajo,True
2026-09-28 04:48:00,1928,2026-09-26 11:16:16,1,2026-09-26 11:16:16,False,,bajo,True
2026-09-28 04:48:00,1945,2026-09-28 00:21:55,1,2026-09-28 00:21:55,False,,bajo,True
2026-09-28 04:48:00,1964,2026-09-28 04:35:40,1,2026-09-28 04:35:40,False,,bajo,True
2026-09-28 04:48:00,1965,2026-09-27 12:59:33,1,2026-09-27 12:59:33,False,,bajo,False
2026-09-28 04:48:00,1984,2026-09-27 21:09:20,1,2026-09-27 21:09:20,False,,bajo,False
2026-09-28 04:48:00,2190,2026-09-28 02:00:14,1,2026-09-28 02:00:14,False,,bajo,False
2026-09-28 04:48:00,2192,2026-09-28 03:57:27,1,2026-09-28 03:57:27,False,,bajo,True
2026-09-28 04:48:00,2193,2026-09-28 03:05:52,1,2026-09-28 03:05:52,False,,bajo,True
2026-09-28 04:48:00,2204,2026-09-28 04:14:47,1,2026-09-28 04:14:47,False,,bajo,True
2026-09-28 04:48:00,2205,2026-09-27 23:48:45,1,2026-09-27 23:48:45,False,,bajo,True
2026-09-28 04:48:00,2207,2026-09-28 04:13:33,1,2026-09-28 04:13:33,False,,bajo,True
2026-09-28 04:48:00,2208,2026-09-28 00:53:32,1,2026-09-28 00:53:32,False,,bajo,True
2026-09-28 04:48:00,2224,2026-09-27 21:44:14,1,2026-09-27 21:44:14,False,,medio,True
2026-09-28 04:48:00,2225,2026-09-28 01:04:26,1,2026-09-28 01:04:26,False,,bajo,True
2026-09-28 04:48:00,2227,2026-09-28 01:00:46,1,2026-09-28 01:00:46,False,,bajo,False
2026-09-28 04:48:00,2230,2026-09-27 20:16:31,1,2026-09-27 20:16:31,False,,bajo,False
2026-09-28 04:48:00,2250,2026-09-28 04:26:24,1,2026-09-28 04:26:24,False,,bajo,False
2026-09-28 04:48:00,2264,2026-09-28 04:15:06,1,2026-09-28 04:15:06,False,,bajo,False
2026-09-28 04:48:00,2268,2026-09-28 04:32:47,1,2026-09-28 04:32:47,False,,bajo,True
2026-09-28 04:48:00,2284,2026-09-28 02:10:20,1,2026-09-28 02:10:20,False,,bajo,False
2026-09-28 04:48:00,2317,2026-09-27 22:45:33,1,2026-09-27 22:45:33,False,,bajo,True
2026-09-28 04:48:00,2326,2026-09-28 00:21:31,1,2026-09-28 00:21:31,False,,bajo,True
2026-09-28 04:48:00,2327,2026-09-28 04:38:41,1,2026-09-28 04:38:41,False,,bajo,False
2026-09-28 04:48:00,2330,2026-09-27 21:46:47,1,2026-09-27 21:46:47,False,,bajo,False
2026-09-28 04:48:00,2335,2026-09-28 03:52:40,1,2026-09-28 03:52:40,False,,bajo,True
2026-09-28 04:48:00,2391,2026-09-27 00:51:36,1,2026-09-27 00:51:36,False,,bajo,False
2026-09-28 04:48:00,2404,2026-09-26 16:26:25,1,2026-09-26 16:26:25,False,,bajo,True
2026-09-28 04:48:00,2415,2026-09-27 14:08:08,1,2026-09-27 14:08:08,False,,bajo,False
2026-09-28 04:48:00,2424,2025-03-13 16:03:26,1,2025-03-13 16:03:26,False,,bajo,False
2026-09-28 04:48:00,2446,2026-09-28 02:33:44,1,2026-09-28 02:33:44,False,,bajo,False
2026-09-28 04:48:00,2459,2026-09-27 20:04:55,1,2026-09-27 20:04:55,False,,bajo,False
2026-09-28 04:48:00,2464,2026-09-28 02:50:12,1,2026-09-28 02:50:12,False,,alto,False
2026-09-28 04:48:00,2465,2026-09-27 14:46:39,1,2026-09-27 14:46:39,False,,bajo,True
2026-09-28 04:48:00,2466,2026-09-28 01:30:15,1,2026-09-28 01:30:15,False,,bajo,False
2026-09-28 04:48:00,2468,2026-09-28 04:29:22,1,2026-09-28 04:29:22,False,,bajo,False
2026-09-28 04:48:00,2471,2026-09-27 11:03:03,1,2026-09-27 11:03:03,False,,bajo,True
2026-09-28 04:48:00,2475,2026-09-27 22:45:44,1,2026-09-27 22:45:44,False,,bajo,False
2026-09-28 04:48:00,2476,2026-09-27 20:57:05,1,2026-09-27 20:57:05,False,,bajo,False
2026-09-28 04:48:00,2482,2026-09-27 21:16:30,1,2026-09-27 21:16:30,False,,bajo,True
2026-09-28 04:48:00,2484,2026-09-27 21:35:36,1,2026-09-27 21:35:36,False,,bajo,False
2026-09-28 04:48:00,2485,2026-09-27 22:01:32,1,2026-09-27 22:01:32,False,,bajo,True
2026-09-28 04:48:00,2492,2026-09-27 21:25:35,1,2026-09-27 21:25:35,False,,bajo,True
2026-09-28 04:48:00,2516,2026-09-27 20:32:37,1,2026-09-27 20:32:37,False,,bajo,True
2026-09-28 04:48:00,2519,2026-09-27 20:45:15,1,2026-09-27 20:45:15,False,,medio,False
2026-09-28 04:48:00,2565,2026-09-27 18:30:01,1,2026-09-27 18:30:01,False,,bajo,False
2026-09-28 04:48:00,2567,2026-09-27 19:46:46,1,2026-09-27 19:46:46,False,,bajo,False
2026-09-28 04:48:00,2575,2026-09-27 22:19:17,1,2026-09-27 22:19:17,False,,bajo,True
2026-09-28 04:48:00,2582,2026-09-28 02:46:46,1,2026-09-28 02:46:46,False,,bajo,True
2026-09-28 04:48:00,2590,2026-09-27 19:03:56,1,2026-09-27 19:03:56,False,,bajo,True
2026-09-28 04:48:00,2592,2026-09-28 02:14:49,1,2026-09-28 02:14:49,False,,bajo,False
2026-09-28 04:48:00,2593,2026-09-28 01:39:31,1,2026-09-28 01:39:31,False,,bajo,True
2026-09-28 04:48:00,2654,2026-09-28 04:43:51,1,2026-09-28 04:43:51,False,,bajo,False
2026-09-28 04:48:00,2665,2026-09-27 09:04:30,1,2026-09-27 09:04:30,False,,bajo,False
2026-09-28 04:48:00,2668,2026-09-28 04:41:11,1,2026-09-28 04:41:11,False,,bajo,False
2026-09-28 04:48:00,2678,2026-09-27 22:22:23,1,2026-09-27 22:22:23,False,,bajo,True
2026-09-28 04:48:00,2693,2026-09-27 23:12:04,1,2026-09-27 23:12:04,False,,medio,True
2026-09-28 04:48:00,2701,2026-09-28 04:45:44,1,2026-09-28 04:45:44,False,,bajo,True
2026-09-28 04:48:00,2706,2026-09-28 02:37:01,1,2026-09-28 02:37:01,False,,bajo,False
2026-09-28 04:48:00,2718,2026-09-27 20:50:59,1,2026-09-27 20:50:59,False,,medio,False
2026-09-28 04:48:00,2722,2026-09-27 21:52:35,1,2026-09-27 21:52:35,False,,bajo,True
2026-09-28 04:48:00,2724,2026-09-27 19:31:17,1,2026-09-27 19:31:17,False,,bajo,False
2026-09-28 04:48:00,2726,2025-03-13 16:03:26,1,2025-03-13 16:03:26,False,,bajo,False
2026-09-28 04:48:00,2730,2026-06-03 08:24:07,1,2026-06-03 08:24:07,False,,bajo,False
2026-09-28 04:48:00,2743,2026-09-28 03:01:02,1,2026-09-28 03:01:02,False,,bajo,False
2026-09-28 04:48:00,2744,2026-09-28 04:36:09,1,2026-09-28 04:36:09,False,,bajo,True
2026-09-28 04:48:00,2751,2026-09-28 01:43:26,1,2026-09-28 01:43:26,False,,bajo,True
2026-09-28 04:48:00,2754,2026-06-03 08:25:11,1,2026-06-03 08:25:11,False,,bajo,False
2026-09-28 04:48:00,2768,2026-06-03 08:23:19,1,2026-06-03 08:23:19,False,,bajo,False
2026-09-28 04:48:00,2770,2025-03-13 16:03:26,1,2025-03-13 16:03:26,False,,bajo,False
2026-09-28 04:48:00,2773,2026-09-27 22:33:41,1,2026-09-27 22:33:41,False,,bajo,False
2026-09-28 04:48:00,2777,2025-03-13 16:03:26,1,2025-03-13 16:03:26,False,,bajo,False
2026-09-28 04:48:00,2780,2026-09-28 04:47:33,1,2026-09-28 04:47:33,False,,bajo,False
2026-09-28 04:48:00,2781,2026-09-27 17:05:18,1,2026-09-27 17:05:18,False,,bajo,False
2026-09-28 04:48:00,2790,2026-09-28 01:45:11,1,2026-09-28 01:45:11,False,,bajo,True
2026-09-28 04:48:00,2791,2026-09-27 22:26:27,1,2026-09-27 22:26:27,False,,bajo,True
2026-09-28 04:48:00,2796,2026-09-27 21:11:15,1,2026-09-27 21:11:15,False,,bajo,True
2026-09-28 04:48:00,2803,2026-09-27 16:45:58,1,2026-09-27 16:45:58,False,,bajo,True
2026-09-28 04:48:00,2807,2026-09-27 20:23:37,1,2026-09-27 20:23:37,False,,bajo,True
2026-09-28 04:48:00,2808,2026-09-28 03:33:58,1,2026-09-28 03:33:58,False,,bajo,True
2026-09-28 04:48:00,2810,2026-09-27 22:27:32,1,2026-09-27 22:27:32,False,,bajo,True
2026-09-28 04:48:00,2830,2026-09-27 22:21:26,1,2026-09-27 22:21:26,False,,bajo,False
2026-09-28 04:48:00,2858,2026-09-27 21:48:16,1,2026-09-27 21:48:16,False,,bajo,False
2026-09-28 04:48:00,2904,2026-09-26 19:46:04,1,2026-09-26 19:46:04,False,,bajo,False
2026-09-28 04:48:00,2922,2026-06-03 07:54:30,1,2026-06-03 07:54:30,False,,bajo,False
2026-09-28 04:48:00,2926,2026-09-28 04:10:01,1,2026-09-28 04:10:01,False,,bajo,True
2026-09-28 04:48:00,2929,2026-09-27 21:30:56,1,2026-09-27 21:30:56,False,,bajo,True
2026-09-28 04:48:00,2935,2026-09-28 03:40:18,1,2026-09-28 03:40:18,False,,bajo,True
2026-09-28 04:48:00,2937,2026-09-27 21:51:29,1,2026-09-27 21:51:29,False,,bajo,True
2026-09-28 04:48:00,2961,2026-02-27 08:12:26,1,2026-02-27 08:12:26,False,,bajo,False
2026-09-28 04:48:00,2971,2026-09-27 21:53:30,1,2026-09-27 21:53:30,False,,bajo,True
2026-09-28 04:48:00,2972,2026-09-28 02:57:01,1,2026-09-28 02:57:01,False,,bajo,False
2026-09-28 04:48:00,2973,2026-09-27 22:16:43,1,2026-09-27 22:16:43,False,,bajo,False
2026-09-28 04:48:00,2975,2026-09-27 20:50:56,1,2026-09-27 20:50:56,False,,bajo,True
2026-09-28 04:48:00,2978,2026-09-28 01:31:17,1,2026-09-28 01:31:17,False,,bajo,True
2026-09-28 04:48:00,2983,2026-09-28 03:38:44,1,2026-09-28 03:38:44,False,,bajo,True
2026-09-28 04:48:00,2984,2026-09-27 08:10:09,1,2026-09-27 08:10:09,False,,bajo,True
2026-09-28 04:48:00,2985,2026-09-26 09:51:31,1,2026-09-26 09:51:31,False,,bajo,False
2026-09-28 04:48:00,2986,2026-09-27 19:04:44,1,2026-09-27 19:04:44,False,,bajo,False
2026-09-28 04:48:00,2987,2026-09-27 18:37:21,1,2026-09-27 18:37:21,False,,bajo,True
2026-09-28 04:48:00,2988,2026-09-28 04:25:52,1,2026-09-28 04:25:52,False,,bajo,True
2026-09-28 04:48:00,2993,2026-09-27 22:32:04,1,2026-09-27 22:32:04,False,,bajo,False
2026-09-28 04:48:00,2994,2026-09-26 10:11:53,1,2026-09-26 10:11:53,False,,bajo,False
2026-09-28 04:48:00,2996,2026-09-27 17:43:36,1,2026-09-27 17:43:36,False,,bajo,False
2026-09-28 04:48:00,2998,2026-09-27 13:07:16,1,2026-09-27 13:07:16,False,,bajo,False
2026-09-28 04:48:00,3002,2026-09-27 19:04:12,1,2026-09-27 19:04:12,False,,bajo,False
2026-09-28 04:48:00,3009,2026-09-27 22:13:53,1,2026-09-27 22:13:53,False,,bajo,False
2026-09-28 04:48:00,3010,2026-09-27 19:31:21,1,2026-09-27 19:31:21,False,,bajo,True
2026-09-28 04:48:00,3011,2026-09-28 01:33:47,1,2026-09-28 01:33:47,False,,medio,False
2026-09-28 04:48:00,3013,2026-09-27 12:51:51,1,2026-09-27 12:51:51,False,,bajo,True
2026-09-28 04:48:00,3020,2026-09-27 20:30:44,1,2026-09-27 20:30:44,False,,medio,False
2026-09-28 04:48:00,3022,2026-09-27 21:06:17,1,2026-09-27 21:06:17,False,,bajo,True
2026-09-28 04:48:00,3024,2026-09-28 04:39:38,1,2026-09-28 04:39:38,False,,bajo,False
2026-09-28 04:48:00,3026,2026-09-25 09:33:59,1,2026-09-25 09:33:59,False,,bajo,True
2026-09-28 04:48:00,3027,2026-09-27 19:42:24,1,2026-09-27 19:42:24,False,,bajo,False
2026-09-28 04:48:00,3029,2026-09-28 04:13:29,1,2026-09-28 04:13:29,False,,bajo,True
2026-09-28 04:48:00,3036,2025-03-13 16:18:25,1,2025-03-13 16:18:25,False,,bajo,False
2026-09-28 04:48:00,3039,2026-09-27 18:09:40,1,2026-09-27 18:09:40,False,,bajo,False
2026-09-28 04:48:00,3060,2026-09-27 21:59:09,1,2026-09-27 21:59:09,False,,bajo,True
2026-09-28 04:48:00,3064,2026-09-28 02:24:31,1,2026-09-28 02:24:31,False,,bajo,True
2026-09-28 04:48:00,3065,2026-06-03 06:29:32,1,2026-06-03 06:29:32,False,,bajo,False
2026-09-28 04:48:00,3074,2026-09-27 17:51:49,1,2026-09-27 17:51:49,False,,bajo,True
2026-09-28 04:48:00,3076,2026-09-27 21:38:03,1,2026-09-27 21:38:03,False,,bajo,False
2026-09-28 04:48:00,3079,2026-09-28 03:52:42,1,2026-09-28 03:52:42,False,,bajo,False
2026-09-28 04:48:00,3084,2026-09-27 19:36:04,1,2026-09-27 19:36:04,False,,bajo,False
2026-09-28 04:48:00,3086,2026-09-27 23:12:20,1,2026-09-27 23:12:20,False,,bajo,False
2026-09-28 04:48:00,3087,2026-09-28 00:21:09,1,2026-09-28 00:21:09,False,,alto,False
2026-09-28 04:48:00,3099,2026-09-28 04:37:51,1,2026-09-28 04:37:51,False,,bajo,True
2026-09-28 04:48:00,3101,2026-09-27 17:53:13,1,2026-09-27 17:53:13,False,,bajo,False
2026-09-28 04:48:00,3117,2026-09-27 22:10:19,1,2026-09-27 22:10:19,False,,bajo,True
2026-09-28 04:48:00,3121,2026-09-27 22:10:54,1,2026-09-27 22:10:54,False,,bajo,True
2026-09-28 04:48:00,3132,2026-09-28 04:38:39,1,2026-09-28 04:38:39,False,,bajo,True
2026-09-28 04:48:00,3138,2026-09-28 03:22:07,1,2026-09-28 03:22:07,False,,alto,False
2026-09-28 04:48:00,3141,2026-09-26 16:14:52,1,2026-09-26 16:14:52,False,,bajo,False
2026-09-28 04:48:00,3144,2026-09-27 18:52:14,1,2026-09-27 18:52:14,False,,bajo,False
2026-09-28 04:48:00,3145,2026-09-27 08:46:27,1,2026-09-27 08:46:27,False,,bajo,False
2026-09-28 04:48:00,3146,2026-09-27 22:20:19,1,2026-09-27 22:20:19,False,,bajo,False
2026-09-28 04:48:00,3151,2026-09-26 12:02:16,1,2026-09-26 12:02:16,False,,bajo,True
2026-09-28 04:48:00,3154,2026-09-27 23:12:28,1,2026-09-27 23:12:28,False,,bajo,False
2026-09-28 04:48:00,3155,2026-09-27 21:45:59,1,2026-09-27 21:45:59,False,,medio,True
2026-09-28 04:48:00,3159,2026-09-28 03:18:23,1,2026-09-28 03:18:23,False,,bajo,True
2026-09-28 04:48:00,3160,2026-09-28 01:50:15,1,2026-09-28 01:50:15,False,,bajo,False
2026-09-28 04:48:00,3161,2026-09-27 18:34:53,1,2026-09-27 18:34:53,False,,bajo,False
2026-09-28 04:48:00,3162,2026-06-03 06:14:04,1,2026-06-03 06:14:04,False,,bajo,False
2026-09-28 04:48:00,3169,2026-09-27 20:33:00,1,2026-09-27 20:33:00,False,,bajo,True
2026-09-28 04:48:00,3172,2026-09-28 01:54:43,1,2026-09-28 01:54:43,False,,bajo,True
2026-09-28 04:48:00,3178,2026-09-27 21:22:10,1,2026-09-27 21:22:10,False,,bajo,False
2026-09-28 04:48:00,3184,2026-09-27 22:04:51,1,2026-09-27 22:04:51,False,,bajo,True
2026-09-28 04:48:00,3185,2026-09-27 22:05:40,1,2026-09-27 22:05:40,False,,bajo,True
2026-09-28 04:48:00,3187,2026-09-27 21:12:55,1,2026-09-27 21:12:55,False,,bajo,True
2026-09-28 04:48:00,3191,2026-09-27 19:23:20,1,2026-09-27 19:23:20,False,,bajo,True
2026-09-28 04:48:00,3199,2026-09-26 19:10:02,1,2026-09-26 19:10:02,False,,bajo,False
2026-09-28 04:48:00,3202,2026-09-28 03:32:15,1,2026-09-28 03:32:15,False,,bajo,True
2026-09-28 04:48:00,3203,2026-09-28 03:25:31,1,2026-09-28 03:25:31,False,,bajo,False
2026-09-28 04:48:00,3204,2026-09-28 02:57:39,1,2026-09-28 02:57:39,False,,bajo,True
2026-09-28 04:48:00,3207,2026-09-27 19:43:37,1,2026-09-27 19:43:37,False,,bajo,False
2026-09-28 04:48:00,3208,2026-09-27 21:50:08,1,2026-09-27 21:50:08,False,,bajo,False
2026-09-28 04:48:00,3216,2026-09-27 21:21:08,1,2026-09-27 21:21:08,False,,medio,True
2026-09-28 04:48:00,3222,2026-09-26 11:15:00,1,2026-09-26 11:15:00,False,,bajo,False
2026-09-28 04:48:00,3224,2026-09-16 10:24:41,1,2026-09-16 10:24:41,False,,bajo,False
2026-09-28 04:48:00,3225,2026-09-26 16:10:16,1,2026-09-26 16:10:16,False,,bajo,False
2026-09-28 04:48:00,3227,2026-09-28 02:56:14,1,2026-09-28 02:56:14,False,,bajo,False
2026-09-28 04:48:00,3232,2026-09-27 20:30:28,1,2026-09-27 20:30:28,False,,bajo,False
2026-09-28 04:48:00,3239,2026-09-27 23:29:58,1,2026-09-27 23:29:58,False,,bajo,False
2026-09-28 04:48:00,3242,2026-09-28 03:57:18,1,2026-09-28 03:57:18,False,,bajo,True
2026-09-28 04:48:00,3243,2026-09-27 21:31:50,1,2026-09-27 21:31:50,False,,bajo,False
2026-09-28 04:48:00,3244,2026-09-27 15:08:59,1,2026-09-27 15:08:59,False,,bajo,True
2026-09-28 04:48:00,3259,2026-09-27 21:44:36,1,2026-09-27 21:44:36,False,,bajo,False
2026-09-28 04:48:00,3264,2026-09-27 23:41:03,1,2026-09-27 23:41:03,False,,bajo,True
2026-09-28 04:48:00,3266,2026-09-27 20:44:39,1,2026-09-27 20:44:39,False,,bajo,True
2026-09-28 04:48:00,4018,2026-09-24 13:39:11,1,2026-09-24 13:39:11,False,,bajo,False
2026-09-28 04:48:00,4024,2026-09-28 04:33:44,1,2026-09-28 04:33:44,False,,bajo,True
2026-09-28 04:48:00,1724,2026-06-03 08:15:44,2,2026-06-03 08:15:44,False,,bajo,False
2026-09-28 04:48:00,1744,2026-06-03 06:32:42,2,2026-06-03 06:32:42,False,,bajo,False
2026-09-28 04:48:00,1766,2026-06-03 17:35:31,2,2026-06-03 17:35:31,False,,bajo,False
2026-09-28 04:48:00,1784,2026-06-03 17:31:00,2,2026-06-03 17:31:00,False,,bajo,False
2026-09-28 04:48:00,1805,2026-06-03 17:31:00,2,2026-06-03 17:31:00,False,,bajo,False
2026-09-28 04:48:00,1824,2026-06-03 17:31:00,2,2026-06-03 17:31:00,False,,bajo,False
2026-09-28 04:48:00,1844,2026-06-03 17:31:00,2,2026-06-03 17:31:00,False,,bajo,False
2026-09-28 04:48:00,1845,2026-06-03 17:31:27,2,2026-06-03 17:31:27,False,,bajo,False
2026-09-28 04:48:00,1887,2026-08-05 15:28:49,2,2026-08-05 15:28:49,False,,bajo,False
2026-09-28 04:48:00,1924,2026-06-03 17:31:00,2,2026-06-03 17:31:00,False,,bajo,False
2026-09-28 04:48:00,1926,2026-06-03 06:42:55,2,2026-06-03 06:42:55,False,,bajo,False
2026-09-28 04:48:00,1944,2026-06-03 17:31:00,2,2026-06-03 17:31:00,False,,bajo,False
2026-09-28 04:48:00,1945,2026-09-09 10:38:27,2,2026-09-09 10:38:27,False,,bajo,False
2026-09-28 04:48:00,2190,2025-03-13 16:03:26,2,2025-03-13 16:03:26,False,,bajo,False
2026-09-28 04:48:00,2193,2026-06-03 17:33:58,2,2026-06-03 17:33:58,False,,bajo,False
2026-09-28 04:48:00,2205,2026-06-02 08:49:39,2,2026-06-02 08:49:39,False,,bajo,False
2026-09-28 04:48:00,2208,2026-07-20 15:35:36,2,2026-07-20 15:35:36,False,,bajo,False
2026-09-28 04:48:00,2224,2026-06-03 08:23:23,2,2026-06-03 08:23:23,False,,bajo,False
2026-09-28 04:48:00,2229,2026-06-03 07:24:01,2,2026-06-03 07:24:01,False,,bajo,False
2026-09-28 04:48:00,2250,2026-06-03 08:23:15,2,2026-06-03 08:23:15,False,,bajo,False
2026-09-28 04:48:00,2335,2026-06-03 06:08:53,2,2026-06-03 06:08:53,False,,bajo,False
2026-09-28 04:48:00,2411,2026-06-03 08:44:37,2,2026-06-03 08:44:37,False,,bajo,False
2026-09-28 04:48:00,2465,2026-06-03 06:28:44,2,2026-06-03 06:28:44,False,,bajo,False
2026-09-28 04:48:00,2466,2025-03-13 16:03:26,2,2025-03-13 16:03:26,False,,bajo,False
2026-09-28 04:48:00,2468,2026-06-03 08:40:08,2,2026-06-03 08:40:08,False,,bajo,False
2026-09-28 04:48:00,2706,2026-06-03 05:15:51,2,2026-06-03 05:15:51,False,,bajo,False
2026-09-28 04:48:00,2724,2026-08-22 11:08:53,2,2026-08-22 11:08:53,False,,bajo,False
2026-09-28 04:48:00,2730,2026-06-03 08:24:08,2,2026-06-03 08:24:08,False,,bajo,False
2026-09-28 04:48:00,2743,2026-06-03 08:33:58,2,2026-06-03 08:33:58,False,,bajo,False
2026-09-28 04:48:00,2744,2026-06-03 08:26:24,2,2026-06-03 08:26:24,False,,bajo,False
2026-09-28 04:48:00,2768,2026-06-03 08:23:19,2,2026-06-03 08:23:19,False,,bajo,False
2026-09-28 04:48:00,2770,2026-06-03 08:28:44,2,2026-06-03 08:28:44,False,,bajo,False
2026-09-28 04:48:00,2773,2026-06-03 08:42:23,2,2026-06-03 08:42:23,False,,bajo,False
2026-09-28 04:48:00,2780,2026-06-03 08:31:16,2,2026-06-03 08:31:16,False,,bajo,False
2026-09-28 04:48:00,2781,2026-06-03 08:39:47,2,2026-06-03 08:39:47,False,,bajo,False
2026-09-28 04:48:00,2922,2026-06-03 07:54:30,2,2026-06-03 07:54:30,False,,bajo,False
2026-09-28 04:48:00,2983,2026-06-03 08:26:35,2,2026-06-03 08:26:35,False,,bajo,False
2026-09-28 04:48:00,2993,2026-05-28 08:20:47,2,2026-05-28 08:20:47,False,,bajo,False
2026-09-28 04:48:00,3002,2025-03-13 16:03:26,2,2025-03-13 16:03:26,False,,bajo,False
2026-09-28 04:48:00,3020,2026-06-03 08:31:34,2,2026-06-03 08:31:34,False,,bajo,False
2026-09-28 04:48:00,3065,2026-06-03 06:29:32,2,2026-06-03 06:29:32,False,,bajo,False
2026-09-28 04:48:00,3086,2026-06-03 08:38:54,2,2026-06-03 08:38:54,False,,bajo,False
2026-09-28 04:48:00,3087,2026-06-03 02:06:08,2,2026-06-03 02:06:08,False,,bajo,False
2026-09-28 04:48:00,3151,2026-06-03 07:25:54,2,2026-06-03 07:25:54,False,,bajo,False
2026-09-28 04:48:00,3160,2026-06-03 03:28:18,2,2026-06-03 03:28:18,False,,bajo,False
2026-09-28 04:48:00,3199,2026-06-03 08:41:17,2,2026-06-03 08:41:17,False,,bajo,False
2026-09-28 04:48:00,3203,2026-06-03 08:22:47,2,2026-06-03 08:22:47,False,,bajo,False
2026-09-28 04:48:00,3204,2026-06-03 07:54:17,2,2026-06-03 07:54:17,False,,bajo,False
2026-09-28 04:48:00,3207,2026-06-03 07:05:01,2,2026-06-03 07:05:01,False,,bajo,False
2026-09-28 04:48:00,3227,2025-03-13 16:03:26,2,2025-03-13 16:03:26,False,,bajo,False
2026-09-28 04:48:00,1846,2026-06-03 08:24:16,3,2026-06-03 08:24:16,False,,bajo,False
2026-09-28 04:48:00,2193,2026-06-03 03:28:55,3,2026-06-03 03:28:55,False,,bajo,False
2026-09-28 04:48:00,2208,2026-06-03 08:31:26,3,2026-06-03 08:31:26,False,,bajo,False
2026-09-28 04:48:00,2330,2026-06-03 07:45:12,3,2026-06-03 07:45:12,False,,bajo,False
2026-09-28 04:48:00,2415,2026-06-03 08:47:45,3,2026-06-03 08:47:45,False,,bajo,False
2026-09-28 04:48:00,2466,2026-06-03 08:38:32,3,2026-06-03 08:38:32,False,,bajo,False
2026-09-28 04:48:00,2582,2026-06-03 08:15:54,3,2026-06-03 08:15:54,False,,bajo,False
2026-09-28 04:48:00,2665,2026-06-03 07:10:20,3,2026-06-03 07:10:20,False,,bajo,False
2026-09-28 04:48:00,2718,2026-06-03 07:28:18,3,2026-06-03 07:28:18,False,,bajo,False
2026-09-28 04:48:00,2722,2026-06-03 06:10:37,3,2026-06-03 06:10:37,False,,bajo,False
2026-09-28 04:48:00,2751,2026-06-03 07:40:08,3,2026-06-03 07:40:08,False,,bajo,False
2026-09-28 04:48:00,2858,2026-06-03 00:31:15,3,2026-06-03 00:31:15,False,,bajo,False
2026-09-28 04:48:00,2993,2026-05-28 08:20:47,3,2026-05-28 08:20:47,False,,bajo,False
2026-09-28 04:48:00,2994,2026-06-03 07:45:41,3,2026-06-03 07:45:41,False,,bajo,False
2026-09-28 04:48:00,3010,2026-06-03 08:19:28,3,2026-06-03 08:19:28,False,,bajo,False
2026-09-28 04:48:00,3011,2026-06-03 08:45:02,3,2026-06-03 08:45:02,False,,bajo,False
2026-09-28 04:48:00,3024,2026-06-03 07:31:40,3,2026-06-03 07:31:40,False,,bajo,False
2026-09-28 04:48:00,3026,2026-06-03 08:11:53,3,2026-06-03 08:11:53,False,,bajo,False
2026-09-28 04:48:00,3027,2026-06-03 08:24:41,3,2026-06-03 08:24:41,False,,bajo,False
2026-09-28 04:48:00,3074,2026-06-03 06:59:32,3,2026-06-03 06:59:32,False,,bajo,False
2026-09-28 04:48:00,3079,2026-06-03 07:50:16,3,2026-06-03 07:50:16,False,,bajo,False
2026-09-28 04:48:00,3086,2026-06-03 08:38:54,3,2026-06-03 08:38:54,False,,bajo,False
2026-09-28 04:48:00,3087,2026-06-03 02:06:08,3,2026-06-03 02:06:08,False,,bajo,False
2026-09-28 04:48:00,3132,2026-06-03 08:15:52,3,2026-06-03 08:15:52,False,,bajo,False
2026-09-28 04:48:00,3160,2026-06-03 03:28:18,3,2026-06-03 03:28:18,False,,bajo,False
2026-09-28 04:48:00,3172,2026-06-03 08:52:22,3,2026-06-03 08:52:22,False,,bajo,False
2026-09-28 04:48:00,3203,2026-06-03 17:31:00,3,2026-06-03 17:31:00,False,,bajo,False
2026-09-28 04:48:00,3204,2026-06-03 07:54:17,3,2026-06-03 07:54:17,False,,bajo,False
2026-09-28 04:48:00,3207,2026-06-03 07:05:01,3,2026-06-03 07:05:01,False,,bajo,False
2026-09-28 04:48:00,3222,2026-06-03 08:54:14,3,2026-06-03 08:54:14,False,,bajo,False
2026-09-28 04:48:00,2362,2026-09-27 20:02:02,0,2026-09-27 20:02:02,False,,bajo,True
2026-09-28 04:48:00,2815,2026-09-27 09:27:13,0,2026-09-27 09:27:13,False,,bajo,True
2026-09-28 04:48:00,2817,2026-09-26 21:38:16,0,2026-09-26 21:38:16,False,,bajo,False
2026-09-28 04:48:00,2818,2026-09-26 17:26:30,0,2026-09-26 17:26:30,False,,bajo,False
2026-09-28 04:48:00,2820,2026-09-27 21:09:19,0,2026-09-27 21:09:19,False,,bajo,True
2026-09-28 04:48:00,2821,2026-09-27 10:47:25,0,2026-09-27 10:47:25,False,,bajo,False
2026-09-28 04:48:00,2822,2026-09-27 10:02:33,0,2026-09-27 10:02:33,False,,bajo,False
2026-09-28 04:48:00,2823,2026-09-27 15:17:35,0,2026-09-27 15:17:35,False,,bajo,False
2026-09-28 04:48:00,2824,2026-09-27 16:50:35,0,2026-09-27 16:50:35,False,,bajo,False
2026-09-28 04:48:00,2827,2026-09-26 15:28:23,0,2026-09-26 15:28:23,False,,medio,False
2026-09-28 04:48:00,2828,2026-08-27 14:39:54,0,2026-08-27 14:39:54,False,,bajo,False
2026-09-28 04:48:00,2833,2026-09-28 04:32:22,0,2026-09-28 04:32:22,False,,bajo,False
2026-09-28 04:48:00,2931,2026-09-27 13:52:36,0,2026-09-27 13:52:36,False,,bajo,False
2026-09-28 04:48:00,2932,2026-09-27 15:56:58,0,2026-09-27 15:56:58,False,,bajo,False
2026-09-28 04:48:00,2949,2026-09-27 22:12:44,0,2026-09-27 22:12:44,False,,bajo,True
2026-09-28 04:48:00,2952,2026-09-27 08:35:35,0,2026-09-27 08:35:35,False,,bajo,False
2026-09-28 04:48:00,2953,2026-09-25 08:58:27,0,2026-09-25 08:58:27,False,,bajo,True
2026-09-28 04:48:00,2969,2026-09-27 13:54:17,0,2026-09-27 13:54:17,False,,alto,True
2026-09-28 04:48:00,2995,2026-09-26 20:51:12,0,2026-09-26 20:51:12,False,,bajo,False
2026-09-28 04:48:00,3017,2026-09-27 20:47:28,0,2026-09-27 20:47:28,False,,bajo,False
2026-09-28 04:48:00,3021,2026-09-27 16:00:37,0,2026-09-27 16:00:37,False,,bajo,False
2026-09-28 04:48:00,3068,2026-09-27 19:12:57,0,2026-09-27 19:12:57,False,,bajo,True
2026-09-28 04:48:00,3080,2026-09-27 19:57:41,0,2026-09-27 19:57:41,False,,bajo,True
2026-09-28 04:48:00,3089,2026-09-27 18:23:52,0,2026-09-27 18:23:52,False,,bajo,False
2026-09-28 04:48:00,3111,2026-09-27 23:52:36,0,2026-09-27 23:52:36,False,,alto,False
2026-09-28 04:48:00,3112,2026-09-24 20:53:11,0,2026-09-24 20:53:11,False,,bajo,True
2026-09-28 04:48:00,3142,2026-09-26 11:43:46,0,2026-09-26 11:43:46,False,,bajo,False
2026-09-28 04:48:00,3181,2026-09-26 20:11:20,0,2026-09-26 20:11:20,False,,bajo,True
2026-09-28 04:48:00,3205,2026-09-26 15:33:41,0,2026-09-26 15:33:41,False,,bajo,False
2026-09-28 04:48:00,3233,2026-09-24 19:51:04,0,2026-09-24 19:51:04,False,,medio,True
2026-09-28 04:48:00,2362,2026-09-27 20:02:44,1,2026-09-27 20:02:44,False,,bajo,True
2026-09-28 04:48:00,2815,2026-09-26 17:47:08,1,2026-09-26 17:47:08,False,,bajo,False
2026-09-28 04:48:00,2817,2026-09-26 21:44:16,1,2026-09-26 21:44:16,False,,bajo,False
2026-09-28 04:48:00,2818,2026-09-26 16:22:36,1,2026-09-26 16:22:36,False,,bajo,False
2026-09-28 04:48:00,2820,2026-06-03 07:57:34,1,2026-06-03 07:57:34,False,,bajo,False
2026-09-28 04:48:00,2821,2026-09-27 21:42:26,1,2026-09-27 21:42:26,False,,bajo,False
2026-09-28 04:48:00,2822,2026-09-27 13:05:50,1,2026-09-27 13:05:50,False,,bajo,False
2026-09-28 04:48:00,2823,2026-09-27 21:27:51,1,2026-09-27 21:27:51,False,,medio,True
2026-09-28 04:48:00,2824,2026-09-27 22:01:22,1,2026-09-27 22:01:22,False,,medio,True
2026-09-28 04:48:00,2827,2026-09-26 13:28:38,1,2026-09-26 13:28:38,False,,bajo,False
2026-09-28 04:48:00,2828,2026-09-27 12:17:55,1,2026-09-27 12:17:55,False,,bajo,False
2026-09-28 04:48:00,2833,2026-09-27 18:02:34,1,2026-09-27 18:02:34,False,,medio,False
2026-09-28 04:48:00,2931,2026-09-27 10:49:06,1,2026-09-27 10:49:06,False,,bajo,False
2026-09-28 04:48:00,2932,2026-09-27 21:51:32,1,2026-09-27 21:51:32,False,,bajo,True
2026-09-28 04:48:00,2949,2026-09-27 21:30:04,1,2026-09-27 21:30:04,False,,bajo,True
2026-09-28 04:48:00,2952,2026-09-25 10:27:29,1,2026-09-25 10:27:29,False,,bajo,True
2026-09-28 04:48:00,2953,2026-09-27 18:51:23,1,2026-09-27 18:51:23,False,,bajo,False
2026-09-28 04:48:00,2969,2026-09-27 08:56:20,1,2026-09-27 08:56:20,False,,alto,True
2026-09-28 04:48:00,2995,2026-09-27 18:21:08,1,2026-09-27 18:21:08,False,,bajo,True
2026-09-28 04:48:00,3017,2026-09-27 15:27:30,1,2026-09-27 15:27:30,False,,bajo,False
2026-09-28 04:48:00,3021,2026-09-27 11:24:36,1,2026-09-27 11:24:36,False,,bajo,False
2026-09-28 04:48:00,3068,2026-09-27 19:13:28,1,2026-09-27 19:13:28,False,,bajo,False
2026-09-28 04:48:00,3080,2026-09-27 20:37:01,1,2026-09-27 20:37:01,False,,bajo,False
2026-09-28 04:48:00,3089,2026-09-27 21:55:42,1,2026-09-27 21:55:42,False,,bajo,True
2026-09-28 04:48:00,3111,2026-09-27 23:54:19,1,2026-09-27 23:54:19,False,,medio,False
2026-09-28 04:48:00,3112,2026-09-24 17:53:48,1,2026-09-24 17:53:48,False,,bajo,False
2026-09-28 04:48:00,3142,2026-09-27 18:02:13,1,2026-09-27 18:02:13,False,,bajo,False
2026-09-28 04:48:00,3181,2026-09-27 15:25:41,1,2026-09-27 15:25:41,False,,bajo,False
2026-09-28 04:48:00,3233,2026-09-27 19:07:37,1,2026-09-27 19:07:37,False,,bajo,False
2026-09-28 04:48:00,2736,2026-09-27 08:37:33,0,2026-09-27 08:37:33,False,,bajo,False
2026-09-28 04:48:00,2755,2026-09-27 08:56:57,0,2026-09-27 08:56:57,False,,bajo,False
2026-09-28 04:48:00,2908,2026-09-27 14:00:05,0,2026-09-27 14:00:05,False,,bajo,True
2026-09-28 04:48:00,3072,2025-03-13 16:03:26,0,2025-03-13 16:03:26,False,,bajo,False
2026-09-28 04:48:00,3100,2026-09-27 23:28:31,0,2026-09-27 23:28:31,False,,bajo,True
2026-09-28 04:48:00,3170,2026-09-25 15:51:09,0,2026-09-25 15:51:09,False,,bajo,False
2026-09-28 04:48:00,2736,2026-09-26 20:57:49,1,2026-09-26 20:57:49,False,,bajo,True
2026-09-28 04:48:00,2755,2026-09-26 11:29:54,1,2026-09-26 11:29:54,False,,bajo,False
2026-09-28 04:48:00,2908,2026-09-27 15:14:19,1,2026-09-27 15:14:19,False,,bajo,False
2026-09-28 04:48:00,3072,2025-03-13 16:03:26,1,2025-03-13 16:03:26,False,,bajo,False
2026-09-28 04:48:00,3100,2026-09-27 21:40:28,1,2026-09-27 21:40:28,False,,bajo,True
2026-09-28 04:48:00,3170,2026-09-26 08:09:07,1,2026-09-26 08:09:07,False,,bajo,False
2026-09-28 13:44:24,2456,2026-09-26 23:52:40,0,2026-09-26 23:52:40,False,,bajo,True
2026-09-28 13:44:24,2458,2026-09-27 06:48:10,0,2026-09-27 06:48:10,False,,alto,True
2026-09-28 13:44:24,2491,2026-09-28 13:42:26,0,2026-09-28 13:42:26,False,,bajo,False
2026-09-28 13:44:24,2494,2026-09-28 13:43:17,0,2026-09-28 13:43:17,False,,medio,True
2026-09-28 13:44:24,2501,2026-09-28 13:43:01,0,2026-09-28 13:43:01,False,,bajo,True
2026-09-28 13:44:24,2531,2026-09-28 13:41:11,0,2026-09-28 13:41:11,False,,bajo,False
2026-09-28 13:44:24,2545,2026-09-28 13:42:14,0,2026-09-28 13:42:14,False,,bajo,True
2026-09-28 13:44:24,2551,2026-09-28 13:35:13,0,2026-09-28 13:35:13,False,,medio,True
2026-09-28 13:44:24,2639,2026-09-26 11:47:55,0,2026-09-26 11:47:55,False,,bajo,False
2026-09-28 13:44:24,2670,2026-09-28 13:09:03,0,2026-09-28 13:09:03,False,,bajo,True
2026-09-28 13:44:24,2675,2026-09-28 13:43:32,0,2026-09-28 13:43:32,False,,medio,True
2026-09-28 13:44:24,2704,2026-09-27 05:05:34,0,2026-09-27 05:05:34,False,,bajo,False
2026-09-28 13:44:24,2705,2026-09-28 13:40:22,0,2026-09-28 13:40:22,False,,bajo,False
2026-09-28 13:44:24,2719,2025-06-26 16:00:33,0,2025-06-26 16:00:33,False,,bajo,False
2026-09-28 13:44:24,2728,2026-09-25 14:13:49,0,2026-09-25 14:13:49,False,,bajo,True
2026-09-28 13:44:24,2731,2026-09-24 14:37:13,0,2026-09-24 14:37:13,False,,bajo,False
2026-09-28 13:44:24,2869,2026-09-28 13:42:09,0,2026-09-28 13:42:09,False,,bajo,True
2026-09-28 13:44:24,2881,2026-09-28 13:42:58,0,2026-09-28 13:42:58,False,,bajo,True
2026-09-28 13:44:24,2903,2026-09-27 13:53:04,0,2026-09-27 13:53:04,False,,bajo,False
2026-09-28 13:44:24,2939,2026-09-28 13:38:04,0,2026-09-28 13:38:04,False,,bajo,True
2026-09-28 13:44:24,2940,2026-09-28 13:42:14,0,2026-09-28 13:42:14,False,,bajo,True
2026-09-28 13:44:24,3051,2026-09-25 12:02:53,0,2026-09-25 12:02:53,False,,bajo,True
2026-09-28 13:44:24,3078,2026-09-28 13:15:33,0,2026-09-28 13:15:33,False,,bajo,True
2026-09-28 13:44:24,3114,2026-09-27 21:12:22,0,2026-09-27 21:12:22,False,,bajo,False
2026-09-28 13:44:24,3118,2026-09-25 23:21:38,0,2026-09-25 23:21:38,False,,bajo,False
2026-09-28 13:44:24,3119,2026-09-23 20:25:07,0,2026-09-23 20:25:07,False,,bajo,False
2026-09-28 13:44:24,3164,2026-09-28 13:43:27,0,2026-09-28 13:43:27,False,,medio,True
2026-09-28 13:44:24,3249,2026-09-25 22:07:23,0,2026-09-25 22:07:23,False,,bajo,False
2026-09-28 13:44:24,2456,2026-09-28 13:12:21,1,2026-09-28 13:12:21,False,,bajo,True
2026-09-28 13:44:24,2458,2026-09-28 13:19:19,1,2026-09-28 13:19:19,False,,alto,True
2026-09-28 13:44:24,2491,2026-09-28 12:46:15,1,2026-09-28 12:46:15,False,,bajo,True
2026-09-28 13:44:24,2494,2026-09-28 13:41:32,1,2026-09-28 13:41:32,False,,medio,True
2026-09-28 13:44:24,2501,2026-09-28 13:31:17,1,2026-09-28 13:31:17,False,,bajo,True
2026-09-28 13:44:24,2531,2026-09-28 13:41:09,1,2026-09-28 13:41:09,False,,bajo,True
2026-09-28 13:44:24,2545,2026-09-27 20:52:40,1,2026-09-27 20:52:40,False,,bajo,True
2026-09-28 13:44:24,2551,2026-09-28 13:25:02,1,2026-09-28 13:25:02,False,,bajo,True
2026-09-28 13:44:24,2639,2026-09-28 13:26:21,1,2026-09-28 13:26:21,False,,bajo,False
2026-09-28 13:44:24,2670,2026-09-28 12:59:46,1,2026-09-28 12:59:46,False,,bajo,False
2026-09-28 13:44:24,2675,2026-09-28 13:17:49,1,2026-09-28 13:17:49,False,,bajo,True
2026-09-28 13:44:24,2704,2026-09-28 11:26:20,1,2026-09-28 11:26:20,False,,bajo,False
2026-09-28 13:44:24,2705,2026-09-28 13:41:56,1,2026-09-28 13:41:56,False,,bajo,True
2026-09-28 13:44:24,2728,2026-09-27 07:16:43,1,2026-09-27 07:16:43,False,,bajo,False
2026-09-28 13:44:24,2731,2026-09-27 19:54:31,1,2026-09-27 19:54:31,False,,bajo,True
2026-09-28 13:44:24,2869,2026-09-28 13:43:02,1,2026-09-28 13:43:02,False,,bajo,True
2026-09-28 13:44:24,2881,2026-09-28 13:22:33,1,2026-09-28 13:22:33,False,,bajo,True
2026-09-28 13:44:24,2903,2026-09-28 12:22:53,1,2026-09-28 12:22:53,False,,medio,False
2026-09-28 13:44:24,2939,2026-09-28 12:14:34,1,2026-09-28 12:14:34,False,,bajo,True
2026-09-28 13:44:24,2940,2026-09-28 12:05:38,1,2026-09-28 12:05:38,False,,bajo,False
2026-09-28 13:44:24,3051,2026-09-28 12:56:33,1,2026-09-28 12:56:33,False,,bajo,True
2026-09-28 13:44:24,3078,2026-09-28 12:45:34,1,2026-09-28 12:45:34,False,,bajo,True
2026-09-28 13:44:24,3114,2026-09-27 21:14:27,1,2026-09-27 21:14:27,False,,bajo,False
2026-09-28 13:44:24,3118,2026-09-26 10:59:24,1,2026-09-26 10:59:24,False,,bajo,False
2026-09-28 13:44:24,3119,2026-09-24 08:44:00,1,2026-09-24 08:44:00,False,,bajo,False
2026-09-28 13:44:24,3249,2026-09-28 13:38:18,1,2026-09-28 13:38:18,False,,medio,False
2026-09-28 13:44:24,2289,2026-09-27 23:44:18,0,2026-09-27 23:44:18,False,,bajo,False
2026-09-28 13:44:24,2292,2026-09-28 13:43:39,0,2026-09-28 13:43:39,False,,bajo,True
2026-09-28 13:44:24,2304,2026-06-03 08:24:38,0,2026-06-03 08:24:38,False,,bajo,False
2026-09-28 13:44:24,2329,2026-09-28 10:52:31,0,2026-09-28 10:52:31,False,,bajo,True
2026-09-28 13:44:24,2332,2026-09-28 13:42:15,0,2026-09-28 13:42:15,False,,bajo,True
2026-09-28 13:44:24,2359,2026-09-28 13:42:43,0,2026-09-28 13:42:43,False,,medio,True
2026-09-28 13:44:24,2360,2026-09-27 18:51:20,0,2026-09-27 18:51:20,False,,bajo,True
2026-09-28 13:44:24,2361,2025-03-13 16:03:26,0,2025-03-13 16:03:26,False,,bajo,False
2026-09-28 13:44:24,2384,2026-09-28 01:30:03,0,2026-09-28 01:30:03,False,,bajo,True
2026-09-28 13:44:24,2394,2026-09-28 13:42:12,0,2026-09-28 13:42:12,False,,alto,True
2026-09-28 13:44:24,2395,2026-09-28 13:40:10,0,2026-09-28 13:40:10,False,,medio,True
2026-09-28 13:44:24,2405,2026-09-28 13:43:29,0,2026-09-28 13:43:29,False,,bajo,True
2026-09-28 13:44:24,2447,2026-09-26 15:51:25,0,2026-09-26 15:51:25,False,,bajo,False
2026-09-28 13:44:24,2448,2026-09-27 10:51:40,0,2026-09-27 10:51:40,False,,bajo,True
2026-09-28 13:44:24,2449,2026-09-20 09:29:22,0,2026-09-20 09:29:22,False,,bajo,False
2026-09-28 13:44:24,2450,2026-09-26 14:45:39,0,2026-09-26 14:45:39,False,,bajo,False
2026-09-28 13:44:24,2453,2026-09-26 18:58:56,0,2026-09-26 18:58:56,False,,bajo,True
2026-09-28 13:44:24,2454,2026-09-28 13:42:09,0,2026-09-28 13:42:09,False,,medio,True
2026-09-28 13:44:24,2457,2026-09-28 13:15:24,0,2026-09-28 13:15:24,False,,alto,True
2026-09-28 13:44:24,2470,2026-09-28 10:26:02,0,2026-09-28 10:26:02,False,,bajo,True
2026-09-28 13:44:24,2478,2026-09-28 13:43:01,0,2026-09-28 13:43:01,False,,bajo,True
2026-09-28 13:44:24,2479,2026-09-28 13:43:02,0,2026-09-28 13:43:02,False,,bajo,True
2026-09-28 13:44:24,2487,2026-09-26 17:26:14,0,2026-09-26 17:26:14,False,,bajo,False
2026-09-28 13:44:24,2490,2025-03-13 16:03:27,0,2025-03-13 16:03:27,False,,bajo,False
2026-09-28 13:44:24,2493,2025-03-13 16:03:26,0,2025-03-13 16:03:26,False,,bajo,False
2026-09-28 13:44:24,2499,2026-09-28 13:36:34,0,2026-09-28 13:36:34,False,,medio,True
2026-09-28 13:44:24,2505,2026-09-27 14:58:04,0,2026-09-27 14:58:04,False,,bajo,True
2026-09-28 13:44:24,2507,2026-09-25 09:47:55,0,2026-09-25 09:47:55,False,,bajo,True
2026-09-28 13:44:24,2508,2026-09-28 08:17:54,0,2026-09-28 08:17:54,False,,bajo,True
2026-09-28 13:44:24,2517,2026-09-26 18:06:48,0,2026-09-26 18:06:48,False,,bajo,False
2026-09-28 13:44:24,2518,2026-09-28 13:36:17,0,2026-09-28 13:36:17,False,,bajo,True
2026-09-28 13:44:24,2520,2026-09-25 18:16:42,0,2026-09-25 18:16:42,False,,medio,True
2026-09-28 13:44:24,2525,2026-09-28 13:42:15,0,2026-09-28 13:42:15,False,,medio,True
2026-09-28 13:44:24,2526,2026-09-28 13:43:33,0,2026-09-28 13:43:33,False,,bajo,True
2026-09-28 13:44:24,2529,2026-09-27 09:20:33,0,2026-09-27 09:20:33,False,,bajo,True
2026-09-28 13:44:24,2530,2026-09-22 09:29:24,0,2026-09-22 09:29:24,False,,bajo,False
2026-09-28 13:44:24,2532,2026-09-27 22:38:01,0,2026-09-27 22:38:01,False,,bajo,True
2026-09-28 13:44:24,2534,2026-09-28 13:37:47,0,2026-09-28 13:37:47,False,,bajo,True
2026-09-28 13:44:24,2536,2026-09-28 13:40:00,0,2026-09-28 13:40:00,False,,medio,True
2026-09-28 13:44:24,2539,2025-03-13 16:03:27,0,2025-03-13 16:03:27,False,,bajo,False
2026-09-28 13:44:24,2542,2026-09-28 12:54:29,0,2026-09-28 12:54:29,False,,bajo,True
2026-09-28 13:44:24,2547,2026-09-28 13:43:09,0,2026-09-28 13:43:09,False,,alto,False
2026-09-28 13:44:24,2548,2026-09-28 13:40:59,0,2026-09-28 13:40:59,False,,alto,True
2026-09-28 13:44:24,2552,2026-09-28 10:58:11,0,2026-09-28 10:58:11,False,,bajo,True
2026-09-28 13:44:24,2557,2026-09-28 13:43:19,0,2026-09-28 13:43:19,False,,bajo,True
2026-09-28 13:44:24,2563,2026-09-27 09:27:48,0,2026-09-27 09:27:48,False,,bajo,True
2026-09-28 13:44:24,2571,2026-09-27 20:58:05,0,2026-09-27 20:58:05,False,,bajo,True
2026-09-28 13:44:24,2580,2026-09-27 12:08:12,0,2026-09-27 12:08:12,False,,bajo,False
2026-09-28 13:44:24,2609,2026-09-28 06:48:42,0,2026-09-28 06:48:42,False,,bajo,False
2026-09-28 13:44:24,2610,2026-09-28 10:29:09,0,2026-09-28 10:29:09,False,,bajo,False
2026-09-28 13:44:24,2620,2026-09-28 13:43:20,0,2026-09-28 13:43:20,False,,bajo,True
2026-09-28 13:44:24,2622,2026-09-28 13:36:32,0,2026-09-28 13:36:32,False,,bajo,True
2026-09-28 13:44:24,2630,2026-09-28 13:37:54,0,2026-09-28 13:37:54,False,,bajo,True
2026-09-28 13:44:24,2647,2026-09-28 13:40:07,0,2026-09-28 13:40:07,False,,bajo,True
2026-09-28 13:44:24,2662,2026-09-28 13:43:10,0,2026-09-28 13:43:10,False,,bajo,True
2026-09-28 13:44:24,2677,2026-09-27 16:25:51,0,2026-09-27 16:25:51,False,,bajo,False
2026-09-28 13:44:24,2683,2026-09-26 19:49:01,0,2026-09-26 19:49:01,False,,bajo,False
2026-09-28 13:44:24,2685,2026-09-27 20:47:59,0,2026-09-27 20:47:59,False,,bajo,False
2026-09-28 13:44:24,2689,2026-09-28 13:41:40,0,2026-09-28 13:41:40,False,,alto,True
2026-09-28 13:44:24,2690,2026-09-28 13:36:31,0,2026-09-28 13:36:31,False,,bajo,False
2026-09-28 13:44:24,2694,2025-03-13 16:03:26,0,2025-03-13 16:03:26,False,,bajo,False
2026-09-28 13:44:24,2696,2026-09-27 17:24:53,0,2026-09-27 17:24:53,False,,bajo,False
2026-09-28 13:44:24,2698,2026-09-28 10:20:31,0,2026-09-28 10:20:31,False,,bajo,True
2026-09-28 13:44:24,2703,2026-09-27 17:18:32,0,2026-09-27 17:18:32,False,,bajo,True
2026-09-28 13:44:24,2711,2026-09-26 08:13:30,0,2026-09-26 08:13:30,False,,bajo,False
2026-09-28 13:44:24,2715,2026-09-28 13:43:09,0,2026-09-28 13:43:09,False,,alto,False
2026-09-28 13:44:24,2716,2026-09-27 20:16:51,0,2026-09-27 20:16:51,False,,bajo,True
2026-09-28 13:44:24,2733,2025-03-13 16:03:27,0,2025-03-13 16:03:27,False,,bajo,False
2026-09-28 13:44:24,2742,2026-09-25 09:35:57,0,2026-09-25 09:35:57,False,,bajo,True
2026-09-28 13:44:24,2747,2026-09-28 13:40:24,0,2026-09-28 13:40:24,False,,medio,True
2026-09-28 13:44:24,2752,2025-03-13 16:03:27,0,2025-03-13 16:03:27,False,,bajo,False
2026-09-28 13:44:24,2764,2026-09-27 18:11:39,0,2026-09-27 18:11:39,False,,bajo,True
2026-09-28 13:44:24,2765,2026-09-28 13:41:50,0,2026-09-28 13:41:50,False,,bajo,False
2026-09-28 13:44:24,2772,2026-06-03 04:57:09,0,2026-06-03 04:57:09,False,,bajo,False
2026-09-28 13:44:24,2774,2026-09-28 13:43:26,0,2026-09-28 13:43:26,False,,bajo,True
2026-09-28 13:44:24,2776,2026-09-28 09:52:43,0,2026-09-28 09:52:43,False,,bajo,False
2026-09-28 13:44:24,2779,2026-09-27 20:33:48,0,2026-09-27 20:33:48,False,,bajo,True
2026-09-28 13:44:24,2783,2026-09-26 21:17:41,0,2026-09-26 21:17:41,False,,alto,True
2026-09-28 13:44:24,2784,2026-09-27 08:48:36,0,2026-09-27 08:48:36,False,,bajo,False
2026-09-28 13:44:24,2788,2026-09-26 11:38:23,0,2026-09-26 11:38:23,False,,bajo,False
2026-09-28 13:44:24,2793,2026-09-27 21:49:28,0,2026-09-27 21:49:28,False,,bajo,False
2026-09-28 13:44:24,2798,2026-09-28 13:35:53,0,2026-09-28 13:35:53,False,,alto,True
2026-09-28 13:44:24,2802,2026-06-03 00:08:20,0,2026-06-03 00:08:20,False,,bajo,False
2026-09-28 13:44:24,2805,2026-09-24 12:24:08,0,2026-09-24 12:24:08,False,,bajo,False
2026-09-28 13:44:24,2806,2026-09-28 12:06:31,0,2026-09-28 12:06:31,False,,bajo,True
2026-09-28 13:44:24,2809,2026-09-28 13:41:21,0,2026-09-28 13:41:21,False,,bajo,True
2026-09-28 13:44:24,2811,2026-09-26 20:18:36,0,2026-09-26 20:18:36,False,,bajo,False
2026-09-28 13:44:24,2861,2026-09-28 13:43:33,0,2026-09-28 13:43:33,False,,bajo,True
2026-09-28 13:44:24,2870,2026-09-26 17:11:28,0,2026-09-26 17:11:28,False,,bajo,False
2026-09-28 13:44:24,2873,2026-09-26 15:03:36,0,2026-09-26 15:03:36,False,,bajo,False
2026-09-28 13:44:24,2899,2026-09-28 12:16:26,0,2026-09-28 12:16:26,False,,bajo,True
2026-09-28 13:44:24,2900,2025-03-13 16:18:25,0,2025-03-13 16:18:25,False,,bajo,False
2026-09-28 13:44:24,2912,2026-09-28 07:53:40,0,2026-09-28 07:53:40,False,,alto,True
2026-09-28 13:44:24,2913,2026-09-28 11:22:24,0,2026-09-28 11:22:24,False,,bajo,True
2026-09-28 13:44:24,2928,2026-09-28 09:07:53,0,2026-09-28 09:07:53,False,,alto,False
2026-09-28 13:44:24,2934,2026-09-28 13:42:55,0,2026-09-28 13:42:55,False,,bajo,True
2026-09-28 13:44:24,2943,2026-09-28 12:41:55,0,2026-09-28 12:41:55,False,,bajo,False
2026-09-28 13:44:24,2945,2026-09-21 19:23:59,0,2026-09-21 19:23:59,False,,bajo,False
2026-09-28 13:44:24,2947,2026-09-28 13:42:11,0,2026-09-28 13:42:11,False,,bajo,True
2026-09-28 13:44:24,2956,2026-09-27 12:38:55,0,2026-09-27 12:38:55,False,,bajo,False
2026-09-28 13:44:24,2958,2026-09-28 08:32:43,0,2026-09-28 08:32:43,False,,bajo,False
2026-09-28 13:44:24,2968,2026-09-28 13:42:48,0,2026-09-28 13:42:48,False,,bajo,False
2026-09-28 13:44:24,3040,2026-09-27 15:54:39,0,2026-09-27 15:54:39,False,,bajo,True
2026-09-28 13:44:24,3052,2026-09-28 13:40:03,0,2026-09-28 13:40:03,False,,alto,True
2026-09-28 13:44:24,3053,2026-09-27 07:34:43,0,2026-09-27 07:34:43,False,,bajo,True
2026-09-28 13:44:24,3069,2026-09-27 23:24:51,0,2026-09-27 23:24:51,False,,bajo,False
2026-09-28 13:44:24,3083,2026-09-28 13:20:30,0,2026-09-28 13:20:30,False,,bajo,False
2026-09-28 13:44:24,3092,2026-09-28 12:48:32,0,2026-09-28 12:48:32,False,,bajo,True
2026-09-28 13:44:24,3123,2026-09-28 13:43:20,0,2026-09-28 13:43:20,False,,bajo,False
2026-09-28 13:44:24,3126,2026-09-28 13:41:27,0,2026-09-28 13:41:27,False,,alto,False
2026-09-28 13:44:24,3166,2026-09-25 22:27:14,0,2026-09-25 22:27:14,False,,bajo,True
2026-09-28 13:44:24,3182,2026-09-25 22:38:17,0,2026-09-25 22:38:17,False,,bajo,False
2026-09-28 13:44:24,3196,2026-09-28 13:42:23,0,2026-09-28 13:42:23,False,,bajo,True
2026-09-28 13:44:24,3200,2026-09-28 13:14:41,0,2026-09-28 13:14:41,False,,bajo,True
2026-09-28 13:44:24,3206,2026-09-26 14:56:35,0,2026-09-26 14:56:35,False,,bajo,False
2026-09-28 13:44:24,3218,2026-09-22 16:11:18,0,2026-09-22 16:11:18,False,,bajo,False
2026-09-28 13:44:24,3220,2026-09-27 12:43:14,0,2026-09-27 12:43:14,False,,bajo,False
2026-09-28 13:44:24,3221,2026-09-28 13:28:40,0,2026-09-28 13:28:40,False,,bajo,True
2026-09-28 13:44:24,3238,2026-09-26 11:02:10,0,2026-09-26 11:02:10,False,,bajo,False
2026-09-28 13:44:24,3241,2026-09-11 09:56:52,0,2026-09-11 09:56:52,False,,bajo,False
2026-09-28 13:44:24,3246,2026-09-28 09:41:51,0,2026-09-28 09:41:51,False,,bajo,True
2026-09-28 13:44:24,3252,2026-09-28 13:40:56,0,2026-09-28 13:40:56,False,,medio,True
2026-09-28 13:44:24,3261,2026-09-28 13:40:29,0,2026-09-28 13:40:29,False,,bajo,True
2026-09-28 13:44:24,4016,2026-09-28 13:42:28,0,2026-09-28 13:42:28,False,,bajo,True
2026-09-28 13:44:24,4027,2026-09-26 17:35:32,0,2026-09-26 17:35:32,False,,bajo,False
2026-09-28 13:44:24,2304,2026-09-28 13:31:50,1,2026-09-28 13:31:50,False,,bajo,True
2026-09-28 13:44:24,2332,2026-09-28 13:41:14,1,2026-09-28 13:41:14,False,,bajo,True
2026-09-28 13:44:24,2359,2026-09-28 13:12:41,1,2026-09-28 13:12:41,False,,bajo,True
2026-09-28 13:44:24,2361,2025-03-13 16:03:26,1,2025-03-13 16:03:26,False,,bajo,False
2026-09-28 13:44:24,2384,2026-09-28 12:29:30,1,2026-09-28 12:29:30,False,,bajo,False
2026-09-28 13:44:24,2394,2026-09-27 12:21:18,1,2026-09-27 12:21:18,False,,bajo,True
2026-09-28 13:44:24,2395,2026-09-28 12:15:25,1,2026-09-28 12:15:25,False,,bajo,True
2026-09-28 13:44:24,2405,2026-09-27 08:53:09,1,2026-09-27 08:53:09,False,,bajo,False
2026-09-28 13:44:24,2447,2026-09-28 13:42:47,1,2026-09-28 13:42:47,False,,bajo,False
2026-09-28 13:44:24,2448,2026-09-28 11:39:14,1,2026-09-28 11:39:14,False,,bajo,True
2026-09-28 13:44:24,2449,2026-09-15 15:10:48,1,2026-09-15 15:10:48,False,,bajo,False
2026-09-28 13:44:24,2450,2026-09-26 13:51:01,1,2026-09-26 13:51:01,False,,bajo,False
2026-09-28 13:44:24,2453,2026-09-26 14:32:11,1,2026-09-26 14:32:11,False,,bajo,False
2026-09-28 13:44:24,2454,2026-09-28 13:43:28,1,2026-09-28 13:43:28,False,,medio,True
2026-09-28 13:44:24,2457,2026-09-28 13:31:14,1,2026-09-28 13:31:14,False,,bajo,False
2026-09-28 13:44:24,2478,2026-09-28 13:33:40,1,2026-09-28 13:33:40,False,,bajo,False
2026-09-28 13:44:24,2487,2026-09-27 11:02:13,1,2026-09-27 11:02:13,False,,bajo,False
2026-09-28 13:44:24,2490,2025-03-13 16:03:27,1,2025-03-13 16:03:27,False,,bajo,False
2026-09-28 13:44:24,2493,2025-03-13 16:03:26,1,2025-03-13 16:03:26,False,,bajo,False
2026-09-28 13:44:24,2499,2026-06-03 06:29:57,1,2026-06-03 06:29:57,False,,bajo,False
2026-09-28 13:44:24,2505,2026-09-28 13:33:55,1,2026-09-28 13:33:55,False,,bajo,True
2026-09-28 13:44:24,2507,2026-09-24 16:12:18,1,2026-09-24 16:12:18,False,,bajo,False
2026-09-28 13:44:24,2508,2026-09-28 13:24:44,1,2026-09-28 13:24:44,False,,bajo,True
2026-09-28 13:44:24,2517,2026-09-27 11:58:02,1,2026-09-27 11:58:02,False,,medio,True
2026-09-28 13:44:24,2518,2026-09-28 13:36:16,1,2026-09-28 13:36:16,False,,bajo,True
2026-09-28 13:44:24,2520,2026-09-25 17:18:28,1,2026-09-25 17:18:28,False,,bajo,True
2026-09-28 13:44:24,2525,2026-09-28 13:37:13,1,2026-09-28 13:37:13,False,,bajo,True
2026-09-28 13:44:24,2526,2026-09-28 12:52:44,1,2026-09-28 12:52:44,False,,bajo,False
2026-09-28 13:44:24,2529,2026-09-28 13:41:43,1,2026-09-28 13:41:43,False,,bajo,True
2026-09-28 13:44:24,2530,2026-09-28 08:59:42,1,2026-09-28 08:59:42,False,,bajo,True
2026-09-28 13:44:24,2534,2026-09-28 13:14:59,1,2026-09-28 13:14:59,False,,bajo,True
2026-09-28 13:44:24,2536,2026-09-28 13:39:59,1,2026-09-28 13:39:59,False,,bajo,False
2026-09-28 13:44:24,2539,2025-03-13 16:03:27,1,2025-03-13 16:03:27,False,,bajo,False
2026-09-28 13:44:24,2547,2026-09-28 13:43:09,1,2026-09-28 13:43:09,False,,bajo,True
2026-09-28 13:44:24,2548,2026-09-28 13:40:59,1,2026-09-28 13:40:59,False,,medio,True
2026-09-28 13:44:24,2552,2026-09-28 12:18:57,1,2026-09-28 12:18:57,False,,bajo,True
2026-09-28 13:44:24,2557,2026-09-28 11:22:23,1,2026-09-28 11:22:23,False,,bajo,True
2026-09-28 13:44:24,2563,2026-09-28 12:44:22,1,2026-09-28 12:44:22,False,,bajo,True
2026-09-28 13:44:24,2571,2026-09-28 13:10:42,1,2026-09-28 13:10:42,False,,medio,True
2026-09-28 13:44:24,2580,2026-09-28 12:41:47,1,2026-09-28 12:41:47,False,,bajo,False
2026-09-28 13:44:24,2609,2026-09-17 22:26:21,1,2026-09-17 22:26:21,False,,bajo,False
2026-09-28 13:44:24,2610,2026-09-26 09:47:55,1,2026-09-26 09:47:55,False,,medio,True
2026-09-28 13:44:24,2620,2026-09-28 13:37:10,1,2026-09-28 13:37:10,False,,bajo,True
2026-09-28 13:44:24,2622,2026-09-28 13:36:33,1,2026-09-28 13:36:33,False,,bajo,True
2026-09-28 13:44:24,2630,2026-09-28 13:27:50,1,2026-09-28 13:27:50,False,,medio,False
2026-09-28 13:44:24,2647,2026-09-28 13:13:20,1,2026-09-28 13:13:20,False,,bajo,True
2026-09-28 13:44:24,2662,2026-09-28 13:13:54,1,2026-09-28 13:13:54,False,,bajo,False
2026-09-28 13:44:24,2677,2026-09-26 07:15:29,1,2026-09-26 07:15:29,False,,bajo,True
2026-09-28 13:44:24,2683,2026-09-26 12:59:54,1,2026-09-26 12:59:54,False,,bajo,True
2026-09-28 13:44:24,2685,2026-09-27 19:28:41,1,2026-09-27 19:28:41,False,,bajo,True
2026-09-28 13:44:24,2689,2026-09-28 13:33:00,1,2026-09-28 13:33:00,False,,medio,True
2026-09-28 13:44:24,2690,2026-09-26 19:26:34,1,2026-09-26 19:26:34,False,,bajo,True
2026-09-28 13:44:24,2694,2025-03-13 16:03:26,1,2025-03-13 16:03:26,False,,bajo,False
2026-09-28 13:44:24,2698,2026-09-28 12:47:56,1,2026-09-28 12:47:56,False,,bajo,True
2026-09-28 13:44:24,2703,2026-09-28 13:42:33,1,2026-09-28 13:42:33,False,,bajo,True
2026-09-28 13:44:24,2711,2026-09-27 21:49:35,1,2026-09-27 21:49:35,False,,bajo,True
2026-09-28 13:44:24,2715,2026-09-28 13:05:01,1,2026-09-28 13:05:01,False,,bajo,False
2026-09-28 13:44:24,2716,2026-09-28 13:22:38,1,2026-09-28 13:22:38,False,,bajo,True
2026-09-28 13:44:24,2742,2026-09-28 13:09:46,1,2026-09-28 13:09:46,False,,bajo,True
2026-09-28 13:44:24,2747,2026-09-28 13:40:24,1,2026-09-28 13:40:24,False,,bajo,True
2026-09-28 13:44:24,2764,2026-09-28 13:13:11,1,2026-09-28 13:13:11,False,,bajo,True
2026-09-28 13:44:24,2765,2026-09-28 09:59:15,1,2026-09-28 09:59:15,False,,bajo,False
2026-09-28 13:44:24,2772,2026-09-28 13:28:22,1,2026-09-28 13:28:22,False,,bajo,False
2026-09-28 13:44:24,2774,2026-09-28 13:43:38,1,2026-09-28 13:43:38,False,,bajo,False
2026-09-28 13:44:24,2776,2026-09-27 20:05:49,1,2026-09-27 20:05:49,False,,bajo,False
2026-09-28 13:44:24,2779,2026-09-28 06:52:55,1,2026-09-28 06:52:55,False,,bajo,False
2026-09-28 13:44:24,2783,2026-09-27 14:05:43,1,2026-09-27 14:05:43,False,,alto,True
2026-09-28 13:44:24,2784,2026-09-26 13:59:23,1,2026-09-26 13:59:23,False,,bajo,False
2026-09-28 13:44:24,2788,2026-09-24 15:43:26,1,2026-09-24 15:43:26,False,,bajo,False
2026-09-28 13:44:24,2793,2026-09-28 13:43:33,1,2026-09-28 13:43:33,False,,bajo,False
2026-09-28 13:44:24,2798,2026-09-28 13:15:47,1,2026-09-28 13:15:47,False,,alto,True
2026-09-28 13:44:24,2802,2026-09-28 12:52:59,1,2026-09-28 12:52:59,False,,bajo,False
2026-09-28 13:44:24,2805,2026-09-24 13:24:18,1,2026-09-24 13:24:18,False,,bajo,False
2026-09-28 13:44:24,2806,2026-09-28 11:36:32,1,2026-09-28 11:36:32,False,,bajo,False
2026-09-28 13:44:24,2811,2026-09-28 13:43:11,1,2026-09-28 13:43:11,False,,bajo,False
2026-09-28 13:44:24,2861,2026-06-03 08:53:58,1,2026-06-03 08:53:58,False,,bajo,False
2026-09-28 13:44:24,2870,2026-09-27 07:19:01,1,2026-09-27 07:19:01,False,,bajo,False
2026-09-28 13:44:24,2873,2026-09-28 13:00:07,1,2026-09-28 13:00:07,False,,bajo,False
2026-09-28 13:44:24,2899,2026-09-28 13:37:43,1,2026-09-28 13:37:43,False,,bajo,False
2026-09-28 13:44:24,2900,2025-03-13 16:18:25,1,2025-03-13 16:18:25,False,,bajo,False
2026-09-28 13:44:24,2912,2026-09-28 13:41:17,1,2026-09-28 13:41:17,False,,bajo,True
2026-09-28 13:44:24,2913,2026-09-28 11:05:33,1,2026-09-28 11:05:33,False,,bajo,False
2026-09-28 13:44:24,2928,2026-09-28 13:37:06,1,2026-09-28 13:37:06,False,,bajo,False
2026-09-28 13:44:24,2934,2026-09-28 13:22:01,1,2026-09-28 13:22:01,False,,bajo,True
2026-09-28 13:44:24,2943,2026-09-28 12:34:14,1,2026-09-28 12:34:14,False,,bajo,False
2026-09-28 13:44:24,2945,2026-09-27 18:08:23,1,2026-09-27 18:08:23,False,,bajo,False
2026-09-28 13:44:24,2956,2026-09-27 09:19:26,1,2026-09-27 09:19:26,False,,bajo,False
2026-09-28 13:44:24,2958,2026-09-28 08:56:34,1,2026-09-28 08:56:34,False,,bajo,False
2026-09-28 13:44:24,2968,2026-09-28 13:41:38,1,2026-09-28 13:41:38,False,,medio,False
2026-09-28 13:44:24,3040,2026-09-28 13:31:29,1,2026-09-28 13:31:29,False,,bajo,False
2026-09-28 13:44:24,3053,2026-09-28 13:18:41,1,2026-09-28 13:18:41,False,,bajo,True
2026-09-28 13:44:24,3069,2026-09-28 08:59:21,1,2026-09-28 08:59:21,False,,bajo,True
2026-09-28 13:44:24,3083,2026-09-28 11:44:45,1,2026-09-28 11:44:45,False,,bajo,True
2026-09-28 13:44:24,3092,2026-09-28 13:42:40,1,2026-09-28 13:42:40,False,,bajo,True
2026-09-28 13:44:24,3123,2026-09-28 11:58:25,1,2026-09-28 11:58:25,False,,bajo,True
2026-09-28 13:44:24,3126,2026-09-27 18:29:56,1,2026-09-27 18:29:56,False,,bajo,False
2026-09-28 13:44:24,3166,2026-06-03 07:30:20,1,2026-06-03 07:30:20,False,,bajo,False
2026-09-28 13:44:24,3182,2026-09-25 23:01:43,1,2026-09-25 23:01:43,False,,bajo,False
2026-09-28 13:44:24,3200,2026-09-28 12:06:40,1,2026-09-28 12:06:40,False,,bajo,True
2026-09-28 13:44:24,3206,2026-09-28 12:10:28,1,2026-09-28 12:10:28,False,,bajo,False
2026-09-28 13:44:24,3218,2026-09-26 17:38:49,1,2026-09-26 17:38:49,False,,bajo,False
2026-09-28 13:44:24,3220,2026-09-28 10:43:40,1,2026-09-28 10:43:40,False,,bajo,True
2026-09-28 13:44:24,3221,2026-09-28 11:51:23,1,2026-09-28 11:51:23,False,,bajo,True
2026-09-28 13:44:24,3241,2026-09-28 12:51:01,1,2026-09-28 12:51:01,False,,bajo,False
2026-09-28 13:44:24,3246,2026-09-28 13:41:16,1,2026-09-28 13:41:16,False,,bajo,True
2026-09-28 13:44:24,3252,2026-09-28 13:43:00,1,2026-09-28 13:43:00,False,,alto,False
2026-09-28 13:44:24,3261,2026-09-28 12:50:08,1,2026-09-28 12:50:08,False,,bajo,True
2026-09-28 13:44:24,3269,2026-09-27 02:41:26,1,2026-09-27 02:41:26,False,,bajo,True
2026-09-28 13:44:24,4016,2026-09-27 20:32:48,1,2026-09-27 20:32:48,False,,bajo,False
2026-09-28 13:44:24,4027,2026-09-27 09:22:36,1,2026-09-27 09:22:36,False,,bajo,False
2026-09-28 13:44:24,2292,2026-06-03 08:02:35,2,2026-06-03 08:02:35,False,,bajo,False
2026-09-28 13:44:24,2329,2026-06-03 08:44:35,2,2026-06-03 08:44:35,False,,bajo,False
2026-09-28 13:44:24,2454,2026-06-03 07:16:12,2,2026-06-03 07:16:12,False,,bajo,False
2026-09-28 13:44:24,2470,2026-06-03 08:25:54,2,2026-06-03 08:25:54,False,,bajo,False
2026-09-28 13:44:24,2479,2026-06-03 08:24:44,2,2026-06-03 08:24:44,False,,bajo,False
2026-09-28 13:44:24,2499,2026-06-03 06:29:57,2,2026-06-03 06:29:57,False,,bajo,False
2026-09-28 13:44:24,2507,2026-06-03 08:14:57,2,2026-06-03 08:14:57,False,,bajo,False
2026-09-28 13:44:24,2517,2026-06-03 07:30:55,2,2026-06-03 07:30:55,False,,bajo,False
2026-09-28 13:44:24,2532,2026-06-03 07:22:58,2,2026-06-03 07:22:58,False,,bajo,False
2026-09-28 13:44:24,2563,2026-06-03 08:43:14,2,2026-06-03 08:43:14,False,,bajo,False
2026-09-28 13:44:24,2620,2026-06-03 08:51:25,2,2026-06-03 08:51:25,False,,bajo,False
2026-09-28 13:44:24,2947,2026-06-03 07:46:53,2,2026-06-03 07:46:53,False,,bajo,False
2026-09-28 13:44:24,2968,2026-06-03 08:29:04,2,2026-06-03 08:29:04,False,,bajo,False
2026-09-28 13:44:24,3196,2026-06-03 06:38:18,2,2026-06-03 06:38:18,False,,bajo,False
2026-09-28 13:44:24,3206,2026-06-03 08:23:59,2,2026-06-03 08:23:59,False,,bajo,False
2026-09-28 13:44:24,2395,2026-06-03 08:40:16,3,2026-06-03 08:40:16,False,,bajo,False
2026-09-28 13:44:24,2405,2026-06-03 07:27:56,3,2026-06-03 07:27:56,False,,bajo,False
2026-09-28 13:44:24,2517,2026-06-03 07:30:55,3,2026-06-03 07:30:55,False,,bajo,False
2026-09-28 13:44:24,2529,2026-06-03 07:46:28,3,2026-06-03 07:46:28,False,,bajo,False
2026-09-28 13:44:24,2620,2026-06-03 08:51:25,3,2026-06-03 08:51:25,False,,bajo,False
2026-09-28 13:44:24,2630,2026-06-03 08:21:10,3,2026-06-03 08:21:10,False,,bajo,False
2026-09-28 13:44:24,2703,2026-06-03 07:20:39,3,2026-06-03 07:20:39,False,,bajo,False
2026-09-28 13:44:24,3053,2026-06-03 07:52:09,3,2026-06-03 07:52:09,False,,bajo,False
2026-09-28 13:44:24,3252,2026-06-03 06:40:45,3,2026-06-03 06:40:45,False,,bajo,False
2026-09-28 13:44:24,2228,2026-09-27 11:49:00,0,2026-09-27 11:49:00,False,,bajo,False
2026-09-28 13:44:24,2291,2026-09-27 13:00:17,0,2026-09-27 13:00:17,False,,bajo,True
2026-09-28 13:44:24,2295,2026-09-28 13:43:26,0,2026-09-28 13:43:26,False,,bajo,False
2026-09-28 13:44:24,2297,2026-09-27 14:27:11,0,2026-09-27 14:27:11,False,,bajo,False
2026-09-28 13:44:24,2305,2026-09-28 13:42:28,0,2026-09-28 13:42:28,False,,medio,False
2026-09-28 13:44:24,2306,2026-09-27 18:36:08,0,2026-09-27 18:36:08,False,,medio,True
2026-09-28 13:44:24,2307,2026-09-28 13:38:10,0,2026-09-28 13:38:10,False,,medio,False
2026-09-28 13:44:24,2308,2026-09-28 13:42:20,0,2026-09-28 13:42:20,False,,alto,False
2026-09-28 13:44:24,2408,2026-09-27 02:30:04,0,2026-09-27 02:30:04,False,,bajo,False
2026-09-28 13:44:24,2409,2025-05-07 18:03:24,0,2025-05-07 18:03:24,False,,bajo,False
2026-09-28 13:44:24,2416,2026-09-28 13:39:06,0,2026-09-28 13:39:06,False,,medio,False
2026-09-28 13:44:24,2417,2026-09-28 13:43:04,0,2026-09-28 13:43:04,False,,alto,False
2026-09-28 13:44:24,2455,2026-09-28 13:42:48,0,2026-09-28 13:42:48,False,,bajo,False
2026-09-28 13:44:24,2462,2026-09-28 13:41:24,0,2026-09-28 13:41:24,False,,bajo,False
2026-09-28 13:44:24,2486,2026-09-28 13:41:30,0,2026-09-28 13:41:30,False,,bajo,False
2026-09-28 13:44:24,2489,2026-09-28 13:41:34,0,2026-09-28 13:41:34,False,,bajo,False
2026-09-28 13:44:24,2522,2026-09-28 07:21:10,0,2026-09-28 07:21:10,False,,medio,True
2026-09-28 13:44:24,2523,2026-09-28 08:06:47,0,2026-09-28 08:06:47,False,,medio,True
2026-09-28 13:44:24,2543,2026-09-28 13:41:28,0,2026-09-28 13:41:28,False,,alto,False
2026-09-28 13:44:24,2555,2026-09-28 13:42:42,0,2026-09-28 13:42:42,False,,bajo,False
2026-09-28 13:44:24,2556,2026-09-26 21:51:53,0,2026-09-26 21:51:53,False,,medio,True
2026-09-28 13:44:24,2578,2026-09-28 13:42:04,0,2026-09-28 13:42:04,False,,bajo,True
2026-09-28 13:44:24,2584,2026-09-28 11:34:07,0,2026-09-28 11:34:07,False,,bajo,False
2026-09-28 13:44:24,2597,2026-09-28 13:43:20,0,2026-09-28 13:43:20,False,,medio,True
2026-09-28 13:44:24,2598,2026-09-28 13:34:12,0,2026-09-28 13:34:12,False,,bajo,False
2026-09-28 13:44:24,2600,2026-09-26 22:26:25,0,2026-09-26 22:26:25,False,,bajo,True
2026-09-28 13:44:24,2612,2026-09-28 13:43:05,0,2026-09-28 13:43:05,False,,bajo,False
2026-09-28 13:44:24,2615,2026-09-28 13:42:57,0,2026-09-28 13:42:57,False,,alto,True
2026-09-28 13:44:24,2633,2026-09-28 13:41:52,0,2026-09-28 13:41:52,False,,medio,False
2026-09-28 13:44:24,2640,2026-09-27 02:45:45,0,2026-09-27 02:45:45,False,,bajo,True
2026-09-28 13:44:24,2643,2026-09-28 13:36:08,0,2026-09-28 13:36:08,False,,medio,True
2026-09-28 13:44:24,2648,2026-09-28 13:43:23,0,2026-09-28 13:43:23,False,,medio,False
2026-09-28 13:44:24,2651,2025-03-13 16:03:26,0,2025-03-13 16:03:26,False,,bajo,False
2026-09-28 13:44:24,2652,2026-09-28 13:43:36,0,2026-09-28 13:43:36,False,,bajo,True
2026-09-28 13:44:24,2656,2026-09-28 13:43:10,0,2026-09-28 13:43:10,False,,alto,True
2026-09-28 13:44:24,2657,2026-09-28 13:43:25,0,2026-09-28 13:43:25,False,,medio,True
2026-09-28 13:44:24,2658,2025-03-13 16:03:26,0,2025-03-13 16:03:26,False,,bajo,False
2026-09-28 13:44:24,2663,2026-09-28 13:43:24,0,2026-09-28 13:43:24,False,,bajo,True
2026-09-28 13:44:24,2679,2026-09-28 13:43:19,0,2026-09-28 13:43:19,False,,bajo,False
2026-09-28 13:44:24,2697,2026-09-28 13:43:30,0,2026-09-28 13:43:30,False,,bajo,False
2026-09-28 13:44:24,2709,2026-09-26 20:00:19,0,2026-09-26 20:00:19,False,,bajo,False
2026-09-28 13:44:24,2729,2026-09-28 13:42:32,0,2026-09-28 13:42:32,False,,medio,True
2026-09-28 13:44:24,2740,2026-09-28 13:43:23,0,2026-09-28 13:43:23,False,,medio,True
2026-09-28 13:44:24,2753,2026-09-28 13:42:56,0,2026-09-28 13:42:56,False,,medio,False
2026-09-28 13:44:24,2763,2026-09-26 10:10:08,0,2026-09-26 10:10:08,False,,bajo,False
2026-09-28 13:44:24,2769,2026-09-28 13:43:34,0,2026-09-28 13:43:34,False,,medio,False
2026-09-28 13:44:24,2782,2026-09-28 12:24:06,0,2026-09-28 12:24:06,False,,bajo,False
2026-09-28 13:44:24,2786,2026-09-28 13:42:08,0,2026-09-28 13:42:08,False,,medio,False
2026-09-28 13:44:24,2789,2026-09-28 13:42:33,0,2026-09-28 13:42:33,False,,medio,False
2026-09-28 13:44:24,2792,2026-09-28 10:30:31,0,2026-09-28 10:30:31,False,,bajo,False
2026-09-28 13:44:24,2794,2026-09-28 13:43:23,0,2026-09-28 13:43:23,False,,medio,True
2026-09-28 13:44:24,2800,2026-09-28 13:41:55,0,2026-09-28 13:41:55,False,,medio,False
2026-09-28 13:44:24,2825,2026-09-25 12:17:01,0,2026-09-25 12:17:01,False,,bajo,True
2026-09-28 13:44:24,2829,2026-09-27 13:24:44,0,2026-09-27 13:24:44,False,,bajo,True
2026-09-28 13:44:24,2853,2026-09-28 08:23:05,0,2026-09-28 08:23:05,False,,bajo,True
2026-09-28 13:44:24,2856,2026-09-26 17:27:28,0,2026-09-26 17:27:28,False,,bajo,False
2026-09-28 13:44:24,2866,2026-09-27 12:16:22,0,2026-09-27 12:16:22,False,,bajo,False
2026-09-28 13:44:24,2867,2026-09-28 10:00:39,0,2026-09-28 10:00:39,False,,bajo,True
2026-09-28 13:44:24,2877,2026-09-28 13:43:33,0,2026-09-28 13:43:33,False,,alto,True
2026-09-28 13:44:24,2905,2026-09-28 13:43:09,0,2026-09-28 13:43:09,False,,bajo,True
2026-09-28 13:44:24,2909,2026-09-28 11:57:31,0,2026-09-28 11:57:31,False,,bajo,True
2026-09-28 13:44:24,2910,2026-09-28 13:30:13,0,2026-09-28 13:30:13,False,,alto,True
2026-09-28 13:44:24,2916,2026-09-26 01:02:14,0,2026-09-26 01:02:14,False,,bajo,False
2026-09-28 13:44:24,2941,2026-09-28 13:41:28,0,2026-09-28 13:41:28,False,,bajo,False
2026-09-28 13:44:24,2942,2026-09-26 15:11:01,0,2026-09-26 15:11:01,False,,bajo,False
2026-09-28 13:44:24,2946,2026-09-28 13:43:39,0,2026-09-28 13:43:39,False,,bajo,False
2026-09-28 13:44:24,2950,2026-09-27 09:26:01,0,2026-09-27 09:26:01,False,,bajo,False
2026-09-28 13:44:24,2951,2026-09-27 10:19:04,0,2026-09-27 10:19:04,False,,bajo,True
2026-09-28 13:44:24,2954,2026-09-27 18:22:26,0,2026-09-27 18:22:26,False,,bajo,False
2026-09-28 13:44:24,2959,2026-09-28 13:43:30,0,2026-09-28 13:43:30,False,,medio,False
2026-09-28 13:44:24,2989,2026-09-28 13:43:37,0,2026-09-28 13:43:37,False,,bajo,True
2026-09-28 13:44:24,2991,2026-09-28 13:43:30,0,2026-09-28 13:43:30,False,,bajo,True
2026-09-28 13:44:24,3005,2026-09-28 13:42:04,0,2026-09-28 13:42:04,False,,medio,True
2026-09-28 13:44:24,3012,2026-09-27 17:39:51,0,2026-09-27 17:39:51,False,,medio,True
2026-09-28 13:44:24,3023,2026-09-28 09:08:27,0,2026-09-28 09:08:27,False,,bajo,False
2026-09-28 13:44:24,3032,2026-09-27 09:33:51,0,2026-09-27 09:33:51,False,,medio,True
2026-09-28 13:44:24,3043,2026-09-26 07:45:43,0,2026-09-26 07:45:43,False,,bajo,False
2026-09-28 13:44:24,3044,2026-09-28 13:43:03,0,2026-09-28 13:43:03,False,,bajo,True
2026-09-28 13:44:24,3050,2026-09-28 08:04:28,0,2026-09-28 08:04:28,False,,bajo,True
2026-09-28 13:44:24,3055,2026-09-28 13:43:08,0,2026-09-28 13:43:08,False,,medio,True
2026-09-28 13:44:24,3063,2026-09-27 00:01:14,0,2026-09-27 00:01:14,False,,bajo,False
2026-09-28 13:44:24,3066,2026-09-28 13:38:18,0,2026-09-28 13:38:18,False,,medio,True
2026-09-28 13:44:24,3073,2026-09-28 09:28:39,0,2026-09-28 09:28:39,False,,bajo,True
2026-09-28 13:44:24,3077,2026-09-28 12:39:56,0,2026-09-28 12:39:56,False,,bajo,False
2026-09-28 13:44:24,3081,2026-09-27 11:01:20,0,2026-09-27 11:01:20,False,,bajo,True
2026-09-28 13:44:24,3090,2026-09-28 13:42:51,0,2026-09-28 13:42:51,False,,bajo,True
2026-09-28 13:44:24,3095,2026-09-28 13:41:55,0,2026-09-28 13:41:55,False,,alto,True
2026-09-28 13:44:24,3098,2026-09-28 13:35:51,0,2026-09-28 13:35:51,False,,bajo,False
2026-09-28 13:44:24,3102,2026-09-28 13:43:03,0,2026-09-28 13:43:03,False,,medio,False
2026-09-28 13:44:24,3115,2026-09-28 13:42:46,0,2026-09-28 13:42:46,False,,medio,True
2026-09-28 13:44:24,3116,2025-03-13 16:03:27,0,2025-03-13 16:03:27,False,,bajo,False
2026-09-28 13:44:24,3124,2026-09-28 13:42:15,0,2026-09-28 13:42:15,False,,bajo,False
2026-09-28 13:44:24,3133,2026-09-26 19:05:29,0,2026-09-26 19:05:29,False,,bajo,False
2026-09-28 13:44:24,3134,2026-09-28 13:41:41,0,2026-09-28 13:41:41,False,,bajo,False
2026-09-28 13:44:24,3135,2026-09-28 13:42:33,0,2026-09-28 13:42:33,False,,medio,True
2026-09-28 13:44:24,3140,2026-09-27 09:21:43,0,2026-09-27 09:21:43,False,,bajo,True
2026-09-28 13:44:24,3149,2026-09-26 18:02:20,0,2026-09-26 18:02:20,False,,bajo,False
2026-09-28 13:44:24,3158,2026-09-28 13:43:38,0,2026-09-28 13:43:38,False,,alto,False
2026-09-28 13:44:24,3168,2025-03-13 16:03:26,0,2025-03-13 16:03:26,False,,bajo,False
2026-09-28 13:44:24,3171,2026-09-27 13:48:15,0,2026-09-27 13:48:15,False,,bajo,True
2026-09-28 13:44:24,3192,2026-09-28 13:41:23,0,2026-09-28 13:41:23,False,,medio,True
2026-09-28 13:44:24,3211,2026-09-28 13:42:46,0,2026-09-28 13:42:46,False,,bajo,True
2026-09-28 13:44:24,3212,2026-09-28 09:47:05,0,2026-09-28 09:47:05,False,,bajo,True
2026-09-28 13:44:24,3213,2026-09-28 13:42:57,0,2026-09-28 13:42:57,False,,bajo,False
2026-09-28 13:44:24,3234,2026-09-27 19:29:09,0,2026-09-27 19:29:09,False,,bajo,True
2026-09-28 13:44:24,3237,2026-09-27 23:37:44,0,2026-09-27 23:37:44,False,,medio,True
2026-09-28 13:44:24,3251,2026-09-28 13:43:28,0,2026-09-28 13:43:28,False,,medio,False
2026-09-28 13:44:24,3258,2026-08-03 14:55:48,0,2026-08-03 14:55:48,False,,bajo,False
2026-09-28 13:44:24,3267,2026-09-26 12:32:21,0,2026-09-26 12:32:21,False,,bajo,False
2026-09-28 13:44:24,4023,2026-09-26 16:41:18,0,2026-09-26 16:41:18,False,,bajo,False
2026-09-28 13:44:24,4026,2026-09-28 12:13:39,0,2026-09-28 12:13:39,False,,bajo,False
2026-09-28 13:44:24,4029,2026-09-28 11:53:10,0,2026-09-28 11:53:10,False,,bajo,False
2026-09-28 13:44:24,2291,2026-09-28 13:05:02,1,2026-09-28 13:05:02,False,,bajo,True
2026-09-28 13:44:24,2297,2026-09-28 12:33:09,1,2026-09-28 12:33:09,False,,bajo,True
2026-09-28 13:44:24,2305,2026-09-28 13:21:12,1,2026-09-28 13:21:12,False,,alto,False
2026-09-28 13:44:24,2306,2026-09-28 13:34:46,1,2026-09-28 13:34:46,False,,alto,False
2026-09-28 13:44:24,2307,2026-09-28 13:20:09,1,2026-09-28 13:20:09,False,,bajo,True
2026-09-28 13:44:24,2308,2026-09-28 10:15:53,1,2026-09-28 10:15:53,False,,bajo,True
2026-09-28 13:44:24,2408,2026-09-28 13:31:22,1,2026-09-28 13:31:22,False,,alto,True
2026-09-28 13:44:24,2409,2025-08-30 10:05:33,1,2025-08-30 10:05:33,False,,bajo,False
2026-09-28 13:44:24,2416,2026-09-28 13:43:30,1,2026-09-28 13:43:30,False,,bajo,False
2026-09-28 13:44:24,2417,2026-09-28 13:34:52,1,2026-09-28 13:34:52,False,,bajo,True
2026-09-28 13:44:24,2455,2026-09-28 13:41:33,1,2026-09-28 13:41:33,False,,bajo,True
2026-09-28 13:44:24,2486,2026-09-28 13:16:43,1,2026-09-28 13:16:43,False,,medio,True
2026-09-28 13:44:24,2489,2025-08-27 05:35:03,1,2025-08-27 05:35:03,False,,bajo,False
2026-09-28 13:44:24,2523,2025-03-13 16:03:26,1,2025-03-13 16:03:26,False,,bajo,False
2026-09-28 13:44:24,2543,2026-09-28 13:29:15,1,2026-09-28 13:29:15,False,,alto,False
2026-09-28 13:44:24,2555,2026-09-28 13:42:19,1,2026-09-28 13:42:19,False,,bajo,False
2026-09-28 13:44:24,2578,2026-09-28 12:14:40,1,2026-09-28 12:14:40,False,,alto,True
2026-09-28 13:44:24,2584,2026-09-26 18:30:26,1,2026-09-26 18:30:26,False,,bajo,False
2026-09-28 13:44:24,2597,2026-09-28 13:31:52,1,2026-09-28 13:31:52,False,,medio,True
2026-09-28 13:44:24,2600,2026-09-28 13:37:38,1,2026-09-28 13:37:38,False,,alto,True
2026-09-28 13:44:24,2612,2026-09-28 12:52:42,1,2026-09-28 12:52:42,False,,bajo,True
2026-09-28 13:44:24,2640,2026-09-28 13:37:56,1,2026-09-28 13:37:56,False,,medio,True
2026-09-28 13:44:24,2643,2026-09-28 13:36:06,1,2026-09-28 13:36:06,False,,alto,True
2026-09-28 13:44:24,2648,2026-07-03 08:32:22,1,2026-07-03 08:32:22,False,,bajo,False
2026-09-28 13:44:24,2651,2026-09-28 13:37:19,1,2026-09-28 13:37:19,False,,bajo,True
2026-09-28 13:44:24,2656,2026-09-28 12:56:32,1,2026-09-28 12:56:32,False,,bajo,True
2026-09-28 13:44:24,2657,2026-09-28 13:43:37,1,2026-09-28 13:43:37,False,,bajo,False
2026-09-28 13:44:24,2658,2026-09-28 13:15:40,1,2026-09-28 13:15:40,False,,bajo,True
2026-09-28 13:44:24,2663,2026-09-28 13:24:25,1,2026-09-28 13:24:25,False,,bajo,True
2026-09-28 13:44:24,2679,2026-09-28 13:43:14,1,2026-09-28 13:43:14,False,,bajo,True
2026-09-28 13:44:24,2697,2026-09-28 13:30:13,1,2026-09-28 13:30:13,False,,bajo,True
2026-09-28 13:44:24,2709,2026-09-28 13:27:38,1,2026-09-28 13:27:38,False,,bajo,True
2026-09-28 13:44:24,2729,2026-09-28 13:40:55,1,2026-09-28 13:40:55,False,,medio,True
2026-09-28 13:44:24,2740,2026-09-28 13:12:33,1,2026-09-28 13:12:33,False,,medio,False
2026-09-28 13:44:24,2753,2026-09-28 13:31:51,1,2026-09-28 13:31:51,False,,bajo,False
2026-09-28 13:44:24,2763,2026-09-28 12:50:52,1,2026-09-28 12:50:52,False,,bajo,False
2026-09-28 13:44:24,2769,2026-09-28 13:42:48,1,2026-09-28 13:42:48,False,,bajo,True
2026-09-28 13:44:24,2782,2026-09-28 12:24:32,1,2026-09-28 12:24:32,False,,bajo,False
2026-09-28 13:44:24,2786,2026-09-28 13:06:49,1,2026-09-28 13:06:49,False,,bajo,True
2026-09-28 13:44:24,2789,2026-09-28 12:43:44,1,2026-09-28 12:43:44,False,,medio,False
2026-09-28 13:44:24,2792,2026-09-25 19:07:06,1,2026-09-25 19:07:06,False,,bajo,True
2026-09-28 13:44:24,2794,2026-09-28 13:19:05,1,2026-09-28 13:19:05,False,,medio,False
2026-09-28 13:44:24,2800,2026-09-28 13:29:55,1,2026-09-28 13:29:55,False,,medio,False
2026-09-28 13:44:24,2825,2026-09-28 13:22:20,1,2026-09-28 13:22:20,False,,bajo,False
2026-09-28 13:44:24,2829,2026-09-28 11:31:25,1,2026-09-28 11:31:25,False,,bajo,False
2026-09-28 13:44:24,2853,2025-03-13 16:03:26,1,2025-03-13 16:03:26,False,,bajo,False
2026-09-28 13:44:24,2856,2026-09-28 13:24:41,1,2026-09-28 13:24:41,False,,bajo,True
2026-09-28 13:44:24,2866,2026-09-28 12:54:58,1,2026-09-28 12:54:58,False,,bajo,True
2026-09-28 13:44:24,2867,2026-09-28 13:34:49,1,2026-09-28 13:34:49,False,,bajo,True
2026-09-28 13:44:24,2877,2026-09-28 13:43:08,1,2026-09-28 13:43:08,False,,medio,True
2026-09-28 13:44:24,2905,2026-09-28 13:30:37,1,2026-09-28 13:30:37,False,,bajo,True
2026-09-28 13:44:24,2909,2026-09-28 11:39:35,1,2026-09-28 11:39:35,False,,bajo,False
2026-09-28 13:44:24,2910,2026-09-28 13:31:53,1,2026-09-28 13:31:53,False,,medio,True
2026-09-28 13:44:24,2916,2026-09-28 08:39:52,1,2026-09-28 08:39:52,False,,bajo,True
2026-09-28 13:44:24,2941,2026-09-28 13:43:35,1,2026-09-28 13:43:35,False,,bajo,True
2026-09-28 13:44:24,2942,2026-09-28 13:11:30,1,2026-09-28 13:11:30,False,,bajo,False
2026-09-28 13:44:24,2946,2026-09-28 12:26:16,1,2026-09-28 12:26:16,False,,bajo,True
2026-09-28 13:44:24,2950,2026-09-28 13:26:44,1,2026-09-28 13:26:44,False,,bajo,False
2026-09-28 13:44:24,2951,2026-09-28 12:54:50,1,2026-09-28 12:54:50,False,,bajo,False
2026-09-28 13:44:24,2954,2026-09-27 19:31:25,1,2026-09-27 19:31:25,False,,bajo,False
2026-09-28 13:44:24,2959,2026-09-28 13:11:53,1,2026-09-28 13:11:53,False,,medio,False
2026-09-28 13:44:24,2989,2026-06-03 00:01:32,1,2026-06-03 00:01:32,False,,bajo,False
2026-09-28 13:44:24,2991,2026-06-03 00:11:39,1,2026-06-03 00:11:39,False,,bajo,False
2026-09-28 13:44:24,3005,2026-09-28 13:05:15,1,2026-09-28 13:05:15,False,,medio,True
2026-09-28 13:44:24,3012,2026-09-28 13:35:18,1,2026-09-28 13:35:18,False,,alto,False
2026-09-28 13:44:24,3023,2026-09-28 13:33:22,1,2026-09-28 13:33:22,False,,bajo,False
2026-09-28 13:44:24,3032,2026-09-28 13:37:22,1,2026-09-28 13:37:22,False,,alto,True
2026-09-28 13:44:24,3043,2026-09-28 13:07:48,1,2026-09-28 13:07:48,False,,medio,True
2026-09-28 13:44:24,3050,2025-03-13 16:03:26,1,2025-03-13 16:03:26,False,,bajo,False
2026-09-28 13:44:24,3055,2026-09-28 13:01:09,1,2026-09-28 13:01:09,False,,bajo,True
2026-09-28 13:44:24,3063,2026-09-28 13:27:05,1,2026-09-28 13:27:05,False,,bajo,False
2026-09-28 13:44:24,3066,2026-09-28 13:36:39,1,2026-09-28 13:36:39,False,,bajo,False
2026-09-28 13:44:24,3073,2026-09-28 13:40:41,1,2026-09-28 13:40:41,False,,bajo,True
2026-09-28 13:44:24,3077,2026-09-28 13:34:41,1,2026-09-28 13:34:41,False,,medio,False
2026-09-28 13:44:24,3081,2026-09-28 13:21:54,1,2026-09-28 13:21:54,False,,bajo,True
2026-09-28 13:44:24,3090,2026-09-28 13:27:36,1,2026-09-28 13:27:36,False,,bajo,True
2026-09-28 13:44:24,3095,2026-09-28 13:39:50,1,2026-09-28 13:39:50,False,,bajo,True
2026-09-28 13:44:24,3098,2026-09-28 13:40:51,1,2026-09-28 13:40:51,False,,medio,False
2026-09-28 13:44:24,3115,2026-09-28 13:36:15,1,2026-09-28 13:36:15,False,,alto,True
2026-09-28 13:44:24,3124,2026-09-28 13:02:01,1,2026-09-28 13:02:01,False,,bajo,False
2026-09-28 13:44:24,3133,2026-09-28 12:44:22,1,2026-09-28 12:44:22,False,,medio,True
2026-09-28 13:44:24,3134,2026-09-28 12:59:57,1,2026-09-28 12:59:57,False,,bajo,False
2026-09-28 13:44:24,3135,2026-09-28 12:35:01,1,2026-09-28 12:35:01,False,,medio,True
2026-09-28 13:44:24,3149,2026-09-28 13:02:55,1,2026-09-28 13:02:55,False,,bajo,False
2026-09-28 13:44:24,3158,2026-09-28 13:37:59,1,2026-09-28 13:37:59,False,,bajo,True
2026-09-28 13:44:24,3171,2026-09-28 12:31:20,1,2026-09-28 12:31:20,False,,bajo,True
2026-09-28 13:44:24,3212,2026-09-28 13:21:17,1,2026-09-28 13:21:17,False,,bajo,True
2026-09-28 13:44:24,3213,2026-09-28 13:28:29,1,2026-09-28 13:28:29,False,,bajo,True
2026-09-28 13:44:24,3258,2026-09-28 13:39:29,1,2026-09-28 13:39:29,False,,medio,True
2026-09-28 13:44:24,3267,2026-09-28 13:42:17,1,2026-09-28 13:42:17,False,,bajo,False
2026-09-28 13:44:24,3276,2026-09-28 12:49:24,1,2026-09-28 12:49:24,False,,bajo,False
2026-09-28 13:44:24,4023,2026-09-28 13:38:36,1,2026-09-28 13:38:36,False,,medio,True
2026-09-28 13:44:24,4026,2026-09-28 13:35:31,1,2026-09-28 13:35:31,False,,medio,True
2026-09-28 13:44:24,4029,2026-09-28 13:27:35,1,2026-09-28 13:27:35,False,,bajo,False
2026-09-28 13:44:24,2228,2026-06-03 08:18:35,2,2026-06-03 08:18:35,False,,bajo,False
2026-09-28 13:44:24,2305,2026-06-03 06:05:23,2,2026-06-03 06:05:23,False,,bajo,False
2026-09-28 13:44:24,2455,2026-06-03 08:41:04,2,2026-06-03 08:41:04,False,,bajo,False
2026-09-28 13:44:24,2462,2026-08-13 15:52:51,2,2026-08-13 15:52:51,False,,bajo,False
2026-09-28 13:44:24,2489,2026-06-03 02:55:41,2,2026-06-03 02:55:41,False,,bajo,False
2026-09-28 13:44:24,2556,2026-06-03 08:33:18,2,2026-06-03 08:33:18,False,,bajo,False
2026-09-28 13:44:24,2633,2026-06-03 08:07:23,2,2026-06-03 08:07:23,False,,bajo,False
2026-09-28 13:44:24,2648,2026-06-03 00:17:04,2,2026-06-03 00:17:04,False,,bajo,False
2026-09-28 13:44:24,2657,2026-06-03 06:00:43,2,2026-06-03 06:00:43,False,,bajo,False
2026-09-28 13:44:24,2763,2026-06-03 08:29:55,2,2026-06-03 08:29:55,False,,bajo,False
2026-09-28 13:44:24,2905,2026-06-03 06:33:05,2,2026-06-03 06:33:05,False,,bajo,False
2026-09-28 13:44:24,2950,2026-08-25 15:00:09,2,2026-08-25 15:00:09,False,,bajo,False
2026-09-28 13:44:24,3055,2026-06-03 06:12:12,2,2026-06-03 06:12:12,False,,bajo,False
2026-09-28 13:44:24,3063,2026-06-03 08:39:31,2,2026-06-03 08:39:31,False,,bajo,False
2026-09-28 13:44:24,3134,2026-06-03 06:13:07,2,2026-06-03 06:13:07,False,,bajo,False
2026-09-28 13:44:24,3192,2026-06-03 06:29:23,2,2026-06-03 06:29:23,False,,bajo,False
2026-09-28 13:44:24,3194,2026-06-03 08:28:56,2,2026-06-03 08:28:56,False,,bajo,False
2026-09-28 13:44:24,3211,2026-06-03 07:21:15,2,2026-06-03 07:21:15,False,,bajo,False
2026-09-28 13:44:24,3213,2026-07-22 03:30:47,2,2026-07-22 03:30:47,False,,bajo,False
2026-09-28 13:44:24,3237,2026-06-03 08:08:14,2,2026-06-03 08:08:14,False,,bajo,False
2026-09-28 13:44:24,2348,2026-09-28 10:22:17,0,2026-09-28 10:22:17,False,,bajo,False
2026-09-28 13:44:24,2353,2026-09-27 15:02:56,0,2026-09-27 15:02:56,False,,bajo,True
2026-09-28 13:44:24,2355,2026-09-26 23:07:37,0,2026-09-26 23:07:37,False,,bajo,False
2026-09-28 13:44:24,2356,2026-09-26 16:43:54,0,2026-09-26 16:43:54,False,,medio,True
2026-09-28 13:44:24,2535,2026-09-27 20:41:14,0,2026-09-27 20:41:14,False,,bajo,True
2026-09-28 13:44:24,2549,2026-09-27 12:48:46,0,2026-09-27 12:48:46,False,,bajo,False
2026-09-28 13:44:24,2564,2026-09-26 16:13:34,0,2026-09-26 16:13:34,False,,bajo,True
2026-09-28 13:44:24,2577,2026-09-26 16:04:40,0,2026-09-26 16:04:40,False,,bajo,True
2026-09-28 13:44:24,2585,2026-09-26 21:13:12,0,2026-09-26 21:13:12,False,,medio,True
2026-09-28 13:44:24,2589,2026-09-27 09:48:02,0,2026-09-27 09:48:02,False,,bajo,False
2026-09-28 13:44:24,2595,2026-09-28 11:01:08,0,2026-09-28 11:01:08,False,,bajo,True
2026-09-28 13:44:24,2605,2026-09-26 14:00:21,0,2026-09-26 14:00:21,False,,bajo,True
2026-09-28 13:44:24,2624,2026-09-28 13:33:52,0,2026-09-28 13:33:52,False,,bajo,True
2026-09-28 13:44:24,2636,2026-09-26 17:51:59,0,2026-09-26 17:51:59,False,,bajo,True
2026-09-28 13:44:24,2637,2026-09-27 19:42:13,0,2026-09-27 19:42:13,False,,medio,True
2026-09-28 13:44:24,2638,2025-03-13 16:03:26,0,2025-03-13 16:03:26,False,,bajo,False
2026-09-28 13:44:24,2641,2026-09-27 11:06:48,0,2026-09-27 11:06:48,False,,bajo,True
2026-09-28 13:44:24,2644,2026-09-26 19:51:09,0,2026-09-26 19:51:09,False,,medio,True
2026-09-28 13:44:24,2650,2026-04-03 16:21:31,0,2026-04-03 16:21:31,False,,bajo,False
2026-09-28 13:44:24,2672,2026-08-18 03:18:38,0,2026-08-18 03:18:38,False,,bajo,False
2026-09-28 13:44:24,2674,2026-09-26 17:57:04,0,2026-09-26 17:57:04,False,,bajo,True
2026-09-28 13:44:24,2684,2026-09-26 16:59:28,0,2026-09-26 16:59:28,False,,bajo,True
2026-09-28 13:44:24,2692,2026-09-26 17:26:08,0,2026-09-26 17:26:08,False,,medio,True
2026-09-28 13:44:24,2720,2026-09-27 13:44:01,0,2026-09-27 13:44:01,False,,bajo,False
2026-09-28 13:44:24,2886,2026-09-27 20:47:28,0,2026-09-27 20:47:28,False,,bajo,True
2026-09-28 13:44:24,3000,2026-09-28 13:43:41,0,2026-09-28 13:43:41,False,,bajo,True
2026-09-28 13:44:24,3001,2026-09-27 16:40:32,0,2026-09-27 16:40:32,False,,bajo,True
2026-09-28 13:44:24,3007,2026-09-26 17:32:43,0,2026-09-26 17:32:43,False,,bajo,True
2026-09-28 13:44:24,3015,2026-09-27 15:52:39,0,2026-09-27 15:52:39,False,,bajo,True
2026-09-28 13:44:24,3034,2026-09-26 15:27:16,0,2026-09-26 15:27:16,False,,bajo,True
2026-09-28 13:44:24,3091,2026-09-27 11:41:28,0,2026-09-27 11:41:28,False,,bajo,True
2026-09-28 13:44:24,3125,2026-09-26 22:12:27,0,2026-09-26 22:12:27,False,,bajo,False
2026-09-28 13:44:24,3236,2026-09-27 08:22:07,0,2026-09-27 08:22:07,False,,bajo,True
2026-09-28 13:44:24,3275,2026-09-26 23:34:23,0,2026-09-26 23:34:23,False,,bajo,False
2026-09-28 13:44:24,2348,2026-09-28 13:43:16,1,2026-09-28 13:43:16,False,,bajo,True
2026-09-28 13:44:24,2353,2026-09-28 13:40:38,1,2026-09-28 13:40:38,False,,medio,True
2026-09-28 13:44:24,2355,2026-09-28 13:39:59,1,2026-09-28 13:39:59,False,,medio,True
2026-09-28 13:44:24,2356,2026-09-28 12:52:01,1,2026-09-28 12:52:01,False,,bajo,True
2026-09-28 13:44:24,2535,2026-09-27 23:33:24,1,2026-09-27 23:33:24,False,,bajo,True
2026-09-28 13:44:24,2549,2026-09-28 12:26:28,1,2026-09-28 12:26:28,False,,bajo,False
2026-09-28 13:44:24,2564,2026-09-28 13:36:35,1,2026-09-28 13:36:35,False,,medio,True
2026-09-28 13:44:24,2577,2026-09-27 17:36:56,1,2026-09-27 17:36:56,False,,bajo,True
2026-09-28 13:44:24,2585,2025-12-11 16:55:33,1,2025-12-11 16:55:33,False,,bajo,False
2026-09-28 13:44:24,2589,2026-09-28 13:38:41,1,2026-09-28 13:38:41,False,,bajo,False
2026-09-28 13:44:24,2595,2026-09-28 13:41:23,1,2026-09-28 13:41:23,False,,bajo,True
2026-09-28 13:44:24,2605,2026-09-28 13:41:22,1,2026-09-28 13:41:22,False,,bajo,False
2026-09-28 13:44:24,2624,2026-09-28 13:37:35,1,2026-09-28 13:37:35,False,,bajo,False
2026-09-28 13:44:24,2636,2026-09-27 12:14:53,1,2026-09-27 12:14:53,False,,bajo,True
2026-09-28 13:44:24,2637,2026-09-28 13:30:14,1,2026-09-28 13:30:14,False,,medio,True
2026-09-28 13:44:24,2638,2025-03-13 16:03:26,1,2025-03-13 16:03:26,False,,bajo,False
2026-09-28 13:44:24,2641,2026-09-28 13:43:21,1,2026-09-28 13:43:21,False,,bajo,True
2026-09-28 13:44:24,2644,2026-09-28 13:36:13,1,2026-09-28 13:36:13,False,,bajo,False
2026-09-28 13:44:24,2650,2025-12-17 11:02:46,1,2025-12-17 11:02:46,False,,bajo,False
2026-09-28 13:44:24,2672,2026-08-18 10:46:23,1,2026-08-18 10:46:23,False,,bajo,False
2026-09-28 13:44:24,2674,2026-09-28 13:01:26,1,2026-09-28 13:01:26,False,,bajo,True
2026-09-28 13:44:24,2684,2026-09-27 08:13:23,1,2026-09-27 08:13:23,False,,bajo,True
2026-09-28 13:44:24,2692,2026-09-28 10:57:18,1,2026-09-28 10:57:18,False,,bajo,True
2026-09-28 13:44:24,2720,2026-09-28 13:32:30,1,2026-09-28 13:32:30,False,,bajo,False
2026-09-28 13:44:24,2886,2026-09-28 13:28:15,1,2026-09-28 13:28:15,False,,bajo,True
2026-09-28 13:44:24,3000,2026-09-28 13:37:07,1,2026-09-28 13:37:07,False,,bajo,True
2026-09-28 13:44:24,3001,2026-01-05 08:26:33,1,2026-01-05 08:26:33,False,,bajo,False
2026-09-28 13:44:24,3007,2026-09-28 13:26:40,1,2026-09-28 13:26:40,False,,bajo,True
2026-09-28 13:44:24,3015,2026-09-26 19:28:39,1,2026-09-26 19:28:39,False,,bajo,False
2026-09-28 13:44:24,3034,2026-09-28 13:39:00,1,2026-09-28 13:39:00,False,,bajo,True
2026-09-28 13:44:24,3091,2026-09-28 09:07:12,1,2026-09-28 09:07:12,False,,bajo,False
2026-09-28 13:44:24,3125,2026-09-28 12:51:13,1,2026-09-28 12:51:13,False,,bajo,False
2026-09-28 13:44:24,3236,2026-09-28 13:37:34,1,2026-09-28 13:37:34,False,,bajo,True
2026-09-28 13:44:24,3275,2026-09-28 11:34:15,1,2026-09-28 11:34:15,False,,bajo,True
2026-09-28 13:44:24,2589,2025-03-13 16:03:26,2,2025-03-13 16:03:26,False,,bajo,False
2026-09-28 13:44:24,2333,2026-06-03 07:34:42,0,2026-06-03 07:34:42,False,,bajo,False
2026-09-28 13:44:24,2338,2026-09-27 16:40:42,0,2026-09-27 16:40:42,False,,bajo,False
2026-09-28 13:44:24,2345,2026-09-28 13:43:21,0,2026-09-28 13:43:21,False,,bajo,False
2026-09-28 13:44:24,2346,2026-09-28 13:43:03,0,2026-09-28 13:43:03,False,,medio,True
2026-09-28 13:44:24,2425,2026-09-26 14:37:38,0,2026-09-26 14:37:38,False,,bajo,False
2026-09-28 13:44:24,2444,2026-09-26 13:46:24,0,2026-09-26 13:46:24,False,,bajo,False
2026-09-28 13:44:24,2481,2026-09-28 13:42:52,0,2026-09-28 13:42:52,False,,bajo,False
2026-09-28 13:44:24,2502,2026-09-26 20:30:41,0,2026-09-26 20:30:41,False,,bajo,False
2026-09-28 13:44:24,2514,2026-09-28 13:42:42,0,2026-09-28 13:42:42,False,,medio,False
2026-09-28 13:44:24,2515,2026-09-28 13:42:03,0,2026-09-28 13:42:03,False,,bajo,False
2026-09-28 13:44:24,2537,2026-09-24 20:21:49,0,2026-09-24 20:21:49,False,,medio,True
2026-09-28 13:44:24,2601,2026-09-28 09:58:08,0,2026-09-28 09:58:08,False,,medio,True
2026-09-28 13:44:24,2617,2026-09-26 22:08:45,0,2026-09-26 22:08:45,False,,medio,False
2026-09-28 13:44:24,2618,2026-09-26 12:16:59,0,2026-09-26 12:16:59,False,,bajo,False
2026-09-28 13:44:24,2645,2026-09-28 13:43:55,0,2026-09-28 13:43:55,False,,bajo,False
2026-09-28 13:44:24,2725,2026-09-26 12:43:21,0,2026-09-26 12:43:21,False,,bajo,False
2026-09-28 13:44:24,2727,2026-09-26 14:17:33,0,2026-09-26 14:17:33,False,,bajo,False
2026-09-28 13:44:24,2787,2026-09-27 08:04:59,0,2026-09-27 08:04:59,False,,bajo,False
2026-09-28 13:44:24,2883,2026-09-26 15:18:40,0,2026-09-26 15:18:40,False,,bajo,False
2026-09-28 13:44:24,2885,2026-09-21 21:43:27,0,2026-09-21 21:43:27,False,,bajo,False
2026-09-28 13:44:24,2888,2026-09-27 12:28:13,0,2026-09-27 12:28:13,False,,bajo,False
2026-09-28 13:44:24,2957,2026-09-25 13:53:45,0,2026-09-25 13:53:45,False,,bajo,False
2026-09-28 13:44:24,2960,2026-09-20 18:47:23,0,2026-09-20 18:47:23,False,,bajo,False
2026-09-28 13:44:24,3003,2026-09-28 13:43:34,0,2026-09-28 13:43:34,False,,bajo,False
2026-09-28 13:44:24,3004,2026-09-27 18:24:35,0,2026-09-27 18:24:35,False,,bajo,True
2026-09-28 13:44:24,3047,2026-09-27 22:24:46,0,2026-09-27 22:24:46,False,,bajo,True
2026-09-28 13:44:24,3062,2026-09-26 19:49:21,0,2026-09-26 19:49:21,False,,bajo,True
2026-09-28 13:44:24,3071,2026-09-25 13:44:42,0,2026-09-25 13:44:42,False,,bajo,False
2026-09-28 13:44:24,3136,2026-09-26 12:08:47,0,2026-09-26 12:08:47,False,,bajo,False
2026-09-28 13:44:24,3174,2026-09-28 09:30:46,0,2026-09-28 09:30:46,False,,bajo,False
2026-09-28 13:44:24,3175,2026-09-28 13:43:27,0,2026-09-28 13:43:27,False,,bajo,False
2026-09-28 13:44:24,3262,2026-09-20 13:00:59,0,2026-09-20 13:00:59,False,,bajo,False
2026-09-28 13:44:24,3277,2026-09-26 16:20:54,0,2026-09-26 16:20:54,False,,bajo,False
2026-09-28 13:44:24,2333,2026-06-03 07:34:43,1,2026-06-03 07:34:43,False,,bajo,False
2026-09-28 13:44:24,2338,2026-09-28 13:38:49,1,2026-09-28 13:38:49,False,,medio,True
2026-09-28 13:44:24,2345,2026-09-26 17:04:57,1,2026-09-26 17:04:57,False,,bajo,False
2026-09-28 13:44:24,2346,2026-09-26 22:48:01,1,2026-09-26 22:48:01,False,,bajo,False
2026-09-28 13:44:24,2425,2026-09-28 13:39:56,1,2026-09-28 13:39:56,False,,bajo,False
2026-09-28 13:44:24,2444,2026-09-28 13:32:54,1,2026-09-28 13:32:54,False,,bajo,False
2026-09-28 13:44:24,2481,2026-09-26 17:36:57,1,2026-09-26 17:36:57,False,,bajo,False
2026-09-28 13:44:24,2502,2026-09-27 01:42:58,1,2026-09-27 01:42:58,False,,bajo,False
2026-09-28 13:44:24,2514,2026-09-28 13:43:24,1,2026-09-28 13:43:24,False,,medio,False
2026-09-28 13:44:24,2515,2026-09-28 13:38:43,1,2026-09-28 13:38:43,False,,bajo,False
2026-09-28 13:44:24,2537,2026-09-26 21:16:06,1,2026-09-26 21:16:06,False,,bajo,True
2026-09-28 13:44:24,2601,2026-09-26 22:43:39,1,2026-09-26 22:43:39,False,,bajo,False
2026-09-28 13:44:24,2617,2026-09-28 13:38:54,1,2026-09-28 13:38:54,False,,medio,True
2026-09-28 13:44:24,2618,2026-09-28 13:34:44,1,2026-09-28 13:34:44,False,,alto,True
2026-09-28 13:44:24,2645,2026-09-26 19:22:38,1,2026-09-26 19:22:38,False,,bajo,True
2026-09-28 13:44:24,2725,2026-09-28 13:37:39,1,2026-09-28 13:37:39,False,,bajo,True
2026-09-28 13:44:24,2727,2026-09-28 13:12:08,1,2026-09-28 13:12:08,False,,bajo,False
2026-09-28 13:44:24,2787,2026-09-28 13:34:04,1,2026-09-28 13:34:04,False,,bajo,False
2026-09-28 13:44:24,2883,2026-09-28 13:38:18,1,2026-09-28 13:38:18,False,,bajo,False
2026-09-28 13:44:24,2885,2026-09-24 15:56:58,1,2026-09-24 15:56:58,False,,bajo,False
2026-09-28 13:44:24,2888,2026-09-28 13:01:49,1,2026-09-28 13:01:49,False,,bajo,True
2026-09-28 13:44:24,2957,2026-09-28 13:17:30,1,2026-09-28 13:17:30,False,,bajo,False
2026-09-28 13:44:24,2960,2026-09-27 16:19:04,1,2026-09-27 16:19:04,False,,bajo,True
2026-09-28 13:44:24,3003,2026-09-27 11:44:52,1,2026-09-27 11:44:52,False,,bajo,True
2026-09-28 13:44:24,3004,2026-06-03 08:58:20,1,2026-06-03 08:58:20,False,,bajo,False
2026-09-28 13:44:24,3047,2026-09-27 22:24:25,1,2026-09-27 22:24:25,False,,bajo,True
2026-09-28 13:44:24,3062,2026-09-28 13:31:44,1,2026-09-28 13:31:44,False,,bajo,True
2026-09-28 13:44:24,3071,2026-09-19 19:30:15,1,2026-09-19 19:30:15,False,,bajo,False
2026-09-28 13:44:24,3136,2026-09-28 13:17:58,1,2026-09-28 13:17:58,False,,bajo,True
2026-09-28 13:44:24,3174,2026-09-28 09:28:33,1,2026-09-28 09:28:33,False,,bajo,False
2026-09-28 13:44:24,3175,2026-06-03 07:27:38,1,2026-06-03 07:27:38,False,,bajo,False
2026-09-28 13:44:24,3262,2026-09-28 13:24:56,1,2026-09-28 13:24:56,False,,bajo,True
2026-09-28 13:44:24,3277,2026-09-26 21:42:38,1,2026-09-26 21:42:38,False,,bajo,False
2026-09-28 13:44:24,2537,2025-03-13 16:03:26,2,2025-03-13 16:03:26,False,,bajo,False
2026-09-28 13:44:24,2249,2026-09-28 13:43:36,0,2026-09-28 13:43:36,False,,bajo,False
2026-09-28 13:44:24,2251,2026-09-28 13:43:59,0,2026-09-28 13:43:59,False,,bajo,False
2026-09-28 13:44:24,2339,2026-09-28 13:43:06,0,2026-09-28 13:43:06,False,,bajo,False
2026-09-28 13:44:24,2341,2026-09-28 13:43:33,0,2026-09-28 13:43:33,False,,bajo,False
2026-09-28 13:44:24,2350,2026-09-28 13:43:10,0,2026-09-28 13:43:10,False,,bajo,False
2026-09-28 13:44:24,2364,2026-09-28 13:43:19,0,2026-09-28 13:43:19,False,,bajo,True
2026-09-28 13:44:24,2386,2026-09-28 13:43:21,0,2026-09-28 13:43:21,False,,bajo,True
2026-09-28 13:44:24,2388,2026-09-28 13:43:08,0,2026-09-28 13:43:08,False,,bajo,False
2026-09-28 13:44:24,2390,2026-09-28 13:42:33,0,2026-09-28 13:42:33,False,,alto,True
2026-09-28 13:44:24,2472,2026-09-28 13:43:40,0,2026-09-28 13:43:40,False,,alto,False
2026-09-28 13:44:24,2500,2026-09-26 10:52:05,0,2026-09-26 10:52:05,False,,medio,True
2026-09-28 13:44:24,2528,2026-09-26 17:59:23,0,2026-09-26 17:59:23,False,,bajo,False
2026-09-28 13:44:24,2559,2026-09-26 15:21:09,0,2026-09-26 15:21:09,False,,bajo,True
2026-09-28 13:44:24,2603,2026-09-26 17:06:41,0,2026-09-26 17:06:41,False,,bajo,True
2026-09-28 13:44:24,2616,2026-09-26 10:01:59,0,2026-09-26 10:01:59,False,,bajo,True
2026-09-28 13:44:24,2627,2026-09-28 13:43:36,0,2026-09-28 13:43:36,False,,bajo,False
2026-09-28 13:44:24,2642,2026-09-27 12:05:34,0,2026-09-27 12:05:34,False,,bajo,False
2026-09-28 13:44:24,2646,2026-09-26 22:01:42,0,2026-09-26 22:01:42,False,,bajo,False
2026-09-28 13:44:24,2688,2026-09-28 13:43:21,0,2026-09-28 13:43:21,False,,bajo,False
2026-09-28 13:44:24,2804,2026-09-28 13:43:18,0,2026-09-28 13:43:18,False,,medio,True
2026-09-28 13:44:24,2857,2026-09-28 13:43:00,0,2026-09-28 13:43:00,False,,medio,True
2026-09-28 13:44:24,2868,2026-09-28 10:35:58,0,2026-09-28 10:35:58,False,,bajo,True
2026-09-28 13:44:24,2911,2026-09-28 13:43:58,0,2026-09-28 13:43:58,False,,bajo,True
2026-09-28 13:44:24,2974,2026-09-28 11:24:30,0,2026-09-28 11:24:30,False,,bajo,False
2026-09-28 13:44:24,2977,2026-09-28 13:43:31,0,2026-09-28 13:43:31,False,,bajo,False
2026-09-28 13:44:24,2979,2026-09-28 13:43:13,0,2026-09-28 13:43:13,False,,bajo,True
2026-09-28 13:44:24,2980,2026-09-25 16:48:01,0,2026-09-25 16:48:01,False,,bajo,True
2026-09-28 13:44:24,2981,2026-09-27 11:10:00,0,2026-09-27 11:10:00,False,,bajo,False
2026-09-28 13:44:24,2982,2026-09-28 13:43:37,0,2026-09-28 13:43:37,False,,bajo,False
2026-09-28 13:44:24,3046,2026-09-27 10:50:58,0,2026-09-27 10:50:58,False,,bajo,True
2026-09-28 13:44:24,3257,2026-09-28 08:12:21,0,2026-09-28 08:12:21,False,,bajo,True
2026-09-28 13:44:24,2249,2026-09-28 13:43:47,1,2026-09-28 13:43:47,False,,alto,False
2026-09-28 13:44:24,2251,2026-09-28 13:42:27,1,2026-09-28 13:42:27,False,,bajo,True
2026-09-28 13:44:24,2339,2026-09-28 13:37:17,1,2026-09-28 13:37:17,False,,medio,True
2026-09-28 13:44:24,2350,2026-09-28 13:41:20,1,2026-09-28 13:41:20,False,,medio,True
2026-09-28 13:44:24,2364,2026-09-28 12:39:14,1,2026-09-28 12:39:14,False,,medio,True
2026-09-28 13:44:24,2472,2026-09-28 13:42:28,1,2026-09-28 13:42:28,False,,bajo,True
2026-09-28 13:44:24,2500,2026-09-28 13:25:30,1,2026-09-28 13:25:30,False,,medio,True
2026-09-28 13:44:24,2528,2026-09-28 13:41:21,1,2026-09-28 13:41:21,False,,medio,True
2026-09-28 13:44:24,2559,2026-09-28 13:32:08,1,2026-09-28 13:32:08,False,,medio,True
2026-09-28 13:44:24,2603,2026-09-28 13:21:59,1,2026-09-28 13:21:59,False,,medio,True
2026-09-28 13:44:24,2616,2026-09-28 13:39:18,1,2026-09-28 13:39:18,False,,bajo,True
2026-09-28 13:44:24,2627,2026-09-28 13:28:49,1,2026-09-28 13:28:49,False,,medio,True
2026-09-28 13:44:24,2642,2026-09-27 12:06:09,1,2026-09-27 12:06:09,False,,bajo,True
2026-09-28 13:44:24,2646,2026-09-28 13:34:57,1,2026-09-28 13:34:57,False,,bajo,True
2026-09-28 13:44:24,2688,2026-09-28 13:40:23,1,2026-09-28 13:40:23,False,,alto,True
2026-09-28 13:44:24,2804,2026-09-28 13:21:50,1,2026-09-28 13:21:50,False,,bajo,True
2026-09-28 13:44:24,2857,2026-09-28 13:31:18,1,2026-09-28 13:31:18,False,,bajo,False
2026-09-28 13:44:24,2868,2026-09-28 13:22:29,1,2026-09-28 13:22:29,False,,bajo,True
2026-09-28 13:44:24,2911,2026-09-28 13:16:19,1,2026-09-28 13:16:19,False,,medio,True
2026-09-28 13:44:24,2974,2026-09-28 13:15:22,1,2026-09-28 13:15:22,False,,medio,True
2026-09-28 13:44:24,2977,2026-09-28 13:18:22,1,2026-09-28 13:18:22,False,,medio,True
2026-09-28 13:44:24,2979,2026-09-28 13:26:41,1,2026-09-28 13:26:41,False,,bajo,True
2026-09-28 13:44:24,2980,2026-09-28 13:40:54,1,2026-09-28 13:40:54,False,,bajo,True
2026-09-28 13:44:24,2981,2026-09-28 13:37:40,1,2026-09-28 13:37:40,False,,bajo,True
2026-09-28 13:44:24,2982,2026-09-28 13:27:00,1,2026-09-28 13:27:00,False,,bajo,False
2026-09-28 13:44:24,3257,2026-09-28 11:48:31,1,2026-09-28 11:48:31,False,,bajo,True
2026-09-28 13:44:24,2364,2026-06-03 08:18:32,2,2026-06-03 08:18:32,False,,bajo,False
2026-09-28 13:44:24,2390,2026-06-03 06:18:03,2,2026-06-03 06:18:03,False,,bajo,False
2026-09-28 13:44:24,2472,2026-06-03 06:36:25,2,2026-06-03 06:36:25,False,,bajo,False
2026-09-28 13:44:24,2627,2026-06-03 01:47:48,2,2026-06-03 01:47:48,False,,bajo,False
2026-09-28 13:44:24,1724,2026-09-28 09:18:03,0,2026-09-28 09:18:03,False,,bajo,True
2026-09-28 13:44:24,1744,2026-09-27 01:27:42,0,2026-09-27 01:27:42,False,,bajo,False
2026-09-28 13:44:24,1766,2026-09-27 18:50:29,0,2026-09-27 18:50:29,False,,bajo,True
2026-09-28 13:44:24,1784,2026-09-27 16:56:27,0,2026-09-27 16:56:27,False,,bajo,True
2026-09-28 13:44:24,1805,2026-09-28 08:54:26,0,2026-09-28 08:54:26,False,,bajo,True
2026-09-28 13:44:24,1806,2026-09-27 08:59:24,0,2026-09-27 08:59:24,False,,bajo,True
2026-09-28 13:44:24,1824,2026-09-28 07:54:25,0,2026-09-28 07:54:25,False,,bajo,True
2026-09-28 13:44:24,1844,2026-09-28 08:08:41,0,2026-09-28 08:08:41,False,,bajo,True
2026-09-28 13:44:24,1845,2026-09-27 19:08:21,0,2026-09-27 19:08:21,False,,bajo,False
2026-09-28 13:44:24,1846,2026-09-28 12:03:15,0,2026-09-28 12:03:15,False,,bajo,True
2026-09-28 13:44:24,1887,2026-09-27 01:12:38,0,2026-09-27 01:12:38,False,,bajo,False
2026-09-28 13:44:24,1924,2026-09-27 21:49:07,0,2026-09-27 21:49:07,False,,bajo,False
2026-09-28 13:44:24,1926,2026-09-27 22:29:43,0,2026-09-27 22:29:43,False,,bajo,False
2026-09-28 13:44:24,1927,2026-09-28 11:57:28,0,2026-09-28 11:57:28,False,,bajo,False
2026-09-28 13:44:24,1928,2026-09-27 12:23:26,0,2026-09-27 12:23:26,False,,bajo,False
2026-09-28 13:44:24,1944,2026-09-28 13:42:18,0,2026-09-28 13:42:18,False,,bajo,True
2026-09-28 13:44:24,1945,2026-09-28 11:05:21,0,2026-09-28 11:05:21,False,,bajo,True
2026-09-28 13:44:24,1964,2026-09-28 10:56:30,0,2026-09-28 10:56:30,False,,alto,True
2026-09-28 13:44:24,1965,2026-09-27 20:27:36,0,2026-09-27 20:27:36,False,,bajo,True
2026-09-28 13:44:24,1984,2026-09-27 11:26:59,0,2026-09-27 11:26:59,False,,bajo,False
2026-09-28 13:44:24,2190,2026-09-28 13:24:22,0,2026-09-28 13:24:22,False,,bajo,True
2026-09-28 13:44:24,2192,2026-09-27 09:56:20,0,2026-09-27 09:56:20,False,,bajo,False
2026-09-28 13:44:24,2193,2026-09-28 00:31:37,0,2026-09-28 00:31:37,False,,bajo,False
2026-09-28 13:44:24,2204,2026-09-28 00:15:45,0,2026-09-28 00:15:45,False,,bajo,True
2026-09-28 13:44:24,2205,2026-09-27 21:35:27,0,2026-09-27 21:35:27,False,,bajo,False
2026-09-28 13:44:24,2207,2026-09-28 13:43:14,0,2026-09-28 13:43:14,False,,bajo,True
2026-09-28 13:44:24,2208,2026-09-27 15:54:41,0,2026-09-27 15:54:41,False,,bajo,False
2026-09-28 13:44:24,2224,2026-09-28 12:18:44,0,2026-09-28 12:18:44,False,,bajo,False
2026-09-28 13:44:24,2225,2026-09-27 11:29:53,0,2026-09-27 11:29:53,False,,bajo,False
2026-09-28 13:44:24,2227,2026-09-26 20:57:13,0,2026-09-26 20:57:13,False,,bajo,False
2026-09-28 13:44:24,2229,2026-09-28 13:42:55,0,2026-09-28 13:42:55,False,,bajo,True
2026-09-28 13:44:24,2230,2026-09-28 01:00:03,0,2026-09-28 01:00:03,False,,bajo,True
2026-09-28 13:44:24,2250,2026-09-28 02:49:26,0,2026-09-28 02:49:26,False,,bajo,True
2026-09-28 13:44:24,2264,2026-09-28 13:42:25,0,2026-09-28 13:42:25,False,,bajo,True
2026-09-28 13:44:24,2268,2026-09-27 16:03:00,0,2026-09-27 16:03:00,False,,bajo,True
2026-09-28 13:44:24,2284,2026-09-28 11:03:57,0,2026-09-28 11:03:57,False,,bajo,True
2026-09-28 13:44:24,2317,2026-09-28 13:40:44,0,2026-09-28 13:40:44,False,,bajo,True
2026-09-28 13:44:24,2326,2026-09-27 00:00:48,0,2026-09-27 00:00:48,False,,alto,False
2026-09-28 13:44:24,2327,2026-09-28 13:43:54,0,2026-09-28 13:43:54,False,,bajo,True
2026-09-28 13:44:24,2330,2026-09-27 01:12:12,0,2026-09-27 01:12:12,False,,bajo,False
2026-09-28 13:44:24,2335,2026-09-28 10:43:51,0,2026-09-28 10:43:51,False,,bajo,False
2026-09-28 13:44:24,2391,2026-09-26 21:40:05,0,2026-09-26 21:40:05,False,,bajo,False
2026-09-28 13:44:24,2404,2026-09-26 10:02:03,0,2026-09-26 10:02:03,False,,bajo,False
2026-09-28 13:44:24,2411,2026-09-26 23:42:07,0,2026-09-26 23:42:07,False,,bajo,False
2026-09-28 13:44:24,2415,2026-09-28 13:43:51,0,2026-09-28 13:43:51,False,,bajo,False
2026-09-28 13:44:24,2424,2025-03-13 16:03:26,0,2025-03-13 16:03:26,False,,bajo,False
2026-09-28 13:44:24,2446,2026-09-27 19:23:52,0,2026-09-27 19:23:52,False,,bajo,True
2026-09-28 13:44:24,2459,2026-09-28 12:57:42,0,2026-09-28 12:57:42,False,,bajo,False
2026-09-28 13:44:24,2464,2026-09-28 13:42:22,0,2026-09-28 13:42:22,False,,bajo,True
2026-09-28 13:44:24,2465,2026-09-27 02:29:15,0,2026-09-27 02:29:15,False,,bajo,False
2026-09-28 13:44:24,2466,2026-09-28 03:28:16,0,2026-09-28 03:28:16,False,,bajo,True
2026-09-28 13:44:24,2468,2026-09-27 15:03:42,0,2026-09-27 15:03:42,False,,bajo,True
2026-09-28 13:44:24,2471,2026-09-28 09:23:01,0,2026-09-28 09:23:01,False,,bajo,True
2026-09-28 13:44:24,2475,2026-09-28 03:38:37,0,2026-09-28 03:38:37,False,,bajo,False
2026-09-28 13:44:24,2476,2026-09-28 08:37:54,0,2026-09-28 08:37:54,False,,medio,True
2026-09-28 13:44:24,2482,2026-09-28 13:36:49,0,2026-09-28 13:36:49,False,,bajo,True
2026-09-28 13:44:24,2484,2026-09-28 13:43:38,0,2026-09-28 13:43:38,False,,medio,True
2026-09-28 13:44:24,2485,2026-09-28 13:43:48,0,2026-09-28 13:43:48,False,,bajo,True
2026-09-28 13:44:24,2492,2026-09-28 12:19:27,0,2026-09-28 12:19:27,False,,bajo,True
2026-09-28 13:44:24,2516,2026-09-27 13:06:05,0,2026-09-27 13:06:05,False,,bajo,False
2026-09-28 13:44:24,2519,2026-09-28 09:55:57,0,2026-09-28 09:55:57,False,,bajo,True
2026-09-28 13:44:24,2565,2026-09-27 20:52:29,0,2026-09-27 20:52:29,False,,bajo,True
2026-09-28 13:44:24,2567,2026-09-26 17:50:35,0,2026-09-26 17:50:35,False,,bajo,False
2026-09-28 13:44:24,2575,2026-09-28 11:02:23,0,2026-09-28 11:02:23,False,,bajo,True
2026-09-28 13:44:24,2582,2026-09-27 08:59:06,0,2026-09-27 08:59:06,False,,bajo,False
2026-09-28 13:44:24,2590,2026-09-28 11:52:02,0,2026-09-28 11:52:02,False,,bajo,True
2026-09-28 13:44:24,2592,2026-09-28 13:42:50,0,2026-09-28 13:42:50,False,,bajo,True
2026-09-28 13:44:24,2593,2026-09-27 10:08:52,0,2026-09-27 10:08:52,False,,bajo,False
2026-09-28 13:44:24,2654,2026-09-28 13:42:28,0,2026-09-28 13:42:28,False,,bajo,True
2026-09-28 13:44:24,2665,2026-09-28 06:50:37,0,2026-09-28 06:50:37,False,,bajo,True
2026-09-28 13:44:24,2668,2026-09-27 11:51:31,0,2026-09-27 11:51:31,False,,bajo,True
2026-09-28 13:44:24,2678,2026-09-27 19:20:25,0,2026-09-27 19:20:25,False,,bajo,True
2026-09-28 13:44:24,2693,2026-09-27 15:38:38,0,2026-09-27 15:38:38,False,,bajo,True
2026-09-28 13:44:24,2701,2026-09-28 13:31:06,0,2026-09-28 13:31:06,False,,bajo,True
2026-09-28 13:44:24,2706,2026-09-27 04:12:09,0,2026-09-27 04:12:09,False,,bajo,False
2026-09-28 13:44:24,2718,2026-09-27 16:08:57,0,2026-09-27 16:08:57,False,,bajo,False
2026-09-28 13:44:24,2722,2026-09-27 06:53:27,0,2026-09-27 06:53:27,False,,bajo,True
2026-09-28 13:44:24,2724,2026-09-27 19:23:08,0,2026-09-27 19:23:08,False,,bajo,True
2026-09-28 13:44:24,2726,2025-03-13 16:03:26,0,2025-03-13 16:03:26,False,,bajo,False
2026-09-28 13:44:24,2730,2026-09-28 13:41:56,0,2026-09-28 13:41:56,False,,alto,True
2026-09-28 13:44:24,2743,2026-09-28 13:42:54,0,2026-09-28 13:42:54,False,,bajo,True
2026-09-28 13:44:24,2744,2026-09-28 02:05:14,0,2026-09-28 02:05:14,False,,bajo,True
2026-09-28 13:44:24,2751,2026-09-26 14:26:32,0,2026-09-26 14:26:32,False,,bajo,False
2026-09-28 13:44:24,2754,2026-09-28 11:44:54,0,2026-09-28 11:44:54,False,,bajo,True
2026-09-28 13:44:24,2760,2026-09-28 12:12:44,0,2026-09-28 12:12:44,False,,bajo,True
2026-09-28 13:44:24,2768,2026-09-28 03:10:33,0,2026-09-28 03:10:33,False,,bajo,True
2026-09-28 13:44:24,2770,2026-09-28 10:10:27,0,2026-09-28 10:10:27,False,,bajo,True
2026-09-28 13:44:24,2773,2026-09-28 10:38:53,0,2026-09-28 10:38:53,False,,bajo,True
2026-09-28 13:44:24,2777,2025-03-13 16:03:26,0,2025-03-13 16:03:26,False,,bajo,False
2026-09-28 13:44:24,2780,2026-09-28 13:42:29,0,2026-09-28 13:42:29,False,,bajo,True
2026-09-28 13:44:24,2781,2026-09-26 13:35:11,0,2026-09-26 13:35:11,False,,bajo,False
2026-09-28 13:44:24,2790,2026-09-28 13:43:53,0,2026-09-28 13:43:53,False,,bajo,True
2026-09-28 13:44:24,2791,2026-09-27 17:44:20,0,2026-09-27 17:44:20,False,,bajo,True
2026-09-28 13:44:24,2796,2026-09-28 12:04:16,0,2026-09-28 12:04:16,False,,bajo,False
2026-09-28 13:44:24,2803,2026-09-28 13:43:53,0,2026-09-28 13:43:53,False,,bajo,True
2026-09-28 13:44:24,2807,2026-09-27 13:23:22,0,2026-09-27 13:23:22,False,,bajo,False
2026-09-28 13:44:24,2808,2026-09-28 12:10:48,0,2026-09-28 12:10:48,False,,bajo,True
2026-09-28 13:44:24,2810,2026-09-28 13:33:10,0,2026-09-28 13:33:10,False,,medio,True
2026-09-28 13:44:24,2830,2026-09-28 13:42:19,0,2026-09-28 13:42:19,False,,bajo,True
2026-09-28 13:44:24,2858,2026-09-27 20:11:24,0,2026-09-27 20:11:24,False,,bajo,False
2026-09-28 13:44:24,2904,2026-09-26 03:58:39,0,2026-09-26 03:58:39,False,,bajo,False
2026-09-28 13:44:24,2922,2026-09-28 13:42:58,0,2026-09-28 13:42:58,False,,bajo,True
2026-09-28 13:44:24,2926,2026-09-28 12:39:39,0,2026-09-28 12:39:39,False,,bajo,True
2026-09-28 13:44:24,2929,2026-09-28 13:43:46,0,2026-09-28 13:43:46,False,,bajo,False
2026-09-28 13:44:24,2935,2026-09-28 11:47:54,0,2026-09-28 11:47:54,False,,bajo,True
2026-09-28 13:44:24,2937,2026-09-28 13:23:04,0,2026-09-28 13:23:04,False,,bajo,True
2026-09-28 13:44:24,2961,2026-02-27 08:12:26,0,2026-02-27 08:12:26,False,,bajo,False
2026-09-28 13:44:24,2971,2026-09-28 13:42:38,0,2026-09-28 13:42:38,False,,bajo,False
2026-09-28 13:44:24,2972,2026-09-28 13:43:07,0,2026-09-28 13:43:07,False,,bajo,True
2026-09-28 13:44:24,2973,2026-09-28 13:10:48,0,2026-09-28 13:10:48,False,,bajo,False
2026-09-28 13:44:24,2975,2026-09-28 13:06:55,0,2026-09-28 13:06:55,False,,bajo,False
2026-09-28 13:44:24,2978,2026-09-28 13:43:26,0,2026-09-28 13:43:26,False,,medio,True
2026-09-28 13:44:24,2983,2026-09-28 07:57:19,0,2026-09-28 07:57:19,False,,bajo,True
2026-09-28 13:44:24,2984,2026-09-27 02:23:08,0,2026-09-27 02:23:08,False,,bajo,False
2026-09-28 13:44:24,2985,2026-09-27 16:22:57,0,2026-09-27 16:22:57,False,,bajo,False
2026-09-28 13:44:24,2986,2026-09-26 20:40:00,0,2026-09-26 20:40:00,False,,bajo,False
2026-09-28 13:44:24,2987,2026-09-26 20:09:19,0,2026-09-26 20:09:19,False,,bajo,False
2026-09-28 13:44:24,2988,2026-09-28 13:42:02,0,2026-09-28 13:42:02,False,,bajo,True
2026-09-28 13:44:24,2993,2026-09-28 13:39:18,0,2026-09-28 13:39:18,False,,bajo,True
2026-09-28 13:44:24,2994,2026-09-28 13:35:37,0,2026-09-28 13:35:37,False,,bajo,True
2026-09-28 13:44:24,2996,2026-09-28 10:22:57,0,2026-09-28 10:22:57,False,,bajo,True
2026-09-28 13:44:24,2998,2026-09-25 17:36:41,0,2026-09-25 17:36:41,False,,bajo,False
2026-09-28 13:44:24,3002,2026-09-28 13:38:09,0,2026-09-28 13:38:09,False,,bajo,True
2026-09-28 13:44:24,3009,2026-09-28 12:37:32,0,2026-09-28 12:37:32,False,,bajo,True
2026-09-28 13:44:24,3010,2026-09-28 13:43:58,0,2026-09-28 13:43:58,False,,bajo,True
2026-09-28 13:44:24,3011,2026-09-28 13:36:21,0,2026-09-28 13:36:21,False,,bajo,True
2026-09-28 13:44:24,3013,2026-09-27 21:56:04,0,2026-09-27 21:56:04,False,,bajo,False
2026-09-28 13:44:24,3020,2026-09-27 13:22:59,0,2026-09-27 13:22:59,False,,bajo,False
2026-09-28 13:44:24,3022,2026-09-28 13:42:25,0,2026-09-28 13:42:25,False,,bajo,True
2026-09-28 13:44:24,3024,2026-09-28 01:12:01,0,2026-09-28 01:12:01,False,,bajo,True
2026-09-28 13:44:24,3026,2026-09-26 06:56:17,0,2026-09-26 06:56:17,False,,medio,True
2026-09-28 13:44:24,3027,2026-09-27 21:44:27,0,2026-09-27 21:44:27,False,,bajo,False
2026-09-28 13:44:24,3029,2026-09-25 18:08:09,0,2026-09-25 18:08:09,False,,bajo,True
2026-09-28 13:44:24,3036,2025-03-13 16:18:25,0,2025-03-13 16:18:25,False,,bajo,False
2026-09-28 13:44:24,3039,2026-09-27 16:25:04,0,2026-09-27 16:25:04,False,,bajo,False
2026-09-28 13:44:24,3060,2026-09-28 13:43:39,0,2026-09-28 13:43:39,False,,bajo,True
2026-09-28 13:44:24,3064,2026-09-28 13:43:53,0,2026-09-28 13:43:53,False,,bajo,True
2026-09-28 13:44:24,3065,2026-09-28 08:09:19,0,2026-09-28 08:09:19,False,,bajo,True
2026-09-28 13:44:24,3074,2026-09-25 15:16:10,0,2026-09-25 15:16:10,False,,medio,True
2026-09-28 13:44:24,3076,2026-09-25 09:47:18,0,2026-09-25 09:47:18,False,,bajo,True
2026-09-28 13:44:24,3079,2026-09-28 13:43:54,0,2026-09-28 13:43:54,False,,bajo,True
2026-09-28 13:44:24,3084,2026-09-28 13:41:57,0,2026-09-28 13:41:57,False,,bajo,True
2026-09-28 13:44:24,3086,2026-09-28 07:10:11,0,2026-09-28 07:10:11,False,,alto,False
2026-09-28 13:44:24,3087,2026-09-26 12:02:07,0,2026-09-26 12:02:07,False,,bajo,False
2026-09-28 13:44:24,3099,2026-09-28 07:35:31,0,2026-09-28 07:35:31,False,,bajo,True
2026-09-28 13:44:24,3101,2026-09-27 00:29:08,0,2026-09-27 00:29:08,False,,bajo,False
2026-09-28 13:44:24,3117,2026-09-27 23:16:35,0,2026-09-27 23:16:35,False,,bajo,True
2026-09-28 13:44:24,3121,2026-09-28 13:42:32,0,2026-09-28 13:42:32,False,,bajo,True
2026-09-28 13:44:24,3132,2026-09-28 05:10:24,0,2026-09-28 05:10:24,False,,medio,True
2026-09-28 13:44:24,3138,2026-09-28 13:40:06,0,2026-09-28 13:40:06,False,,bajo,True
2026-09-28 13:44:24,3141,2026-09-28 07:12:32,0,2026-09-28 07:12:32,False,,bajo,True
2026-09-28 13:44:24,3144,2026-09-28 13:42:14,0,2026-09-28 13:42:14,False,,bajo,False
2026-09-28 13:44:24,3145,2026-09-28 13:43:35,0,2026-09-28 13:43:35,False,,bajo,True
2026-09-28 13:44:24,3146,2026-09-28 13:43:10,0,2026-09-28 13:43:10,False,,bajo,False
2026-09-28 13:44:24,3151,2026-09-25 16:41:34,0,2026-09-25 16:41:34,False,,bajo,True
2026-09-28 13:44:24,3154,2026-09-27 10:40:31,0,2026-09-27 10:40:31,False,,bajo,False
2026-09-28 13:44:24,3155,2026-09-28 13:43:05,0,2026-09-28 13:43:05,False,,bajo,True
2026-09-28 13:44:24,3159,2026-09-28 06:14:27,0,2026-09-28 06:14:27,False,,bajo,True
2026-09-28 13:44:24,3160,2026-09-26 17:54:31,0,2026-09-26 17:54:31,False,,bajo,False
2026-09-28 13:44:24,3161,2026-09-27 16:42:48,0,2026-09-27 16:42:48,False,,bajo,False
2026-09-28 13:44:24,3162,2026-09-28 13:43:29,0,2026-09-28 13:43:29,False,,bajo,True
2026-09-28 13:44:24,3169,2026-09-27 20:32:52,0,2026-09-27 20:32:52,False,,bajo,False
2026-09-28 13:44:24,3172,2026-09-28 13:43:57,0,2026-09-28 13:43:57,False,,bajo,True
2026-09-28 13:44:24,3178,2026-09-28 13:36:38,0,2026-09-28 13:36:38,False,,bajo,True
2026-09-28 13:44:24,3184,2026-09-28 13:40:20,0,2026-09-28 13:40:20,False,,bajo,True
2026-09-28 13:44:24,3185,2026-09-27 21:04:43,0,2026-09-27 21:04:43,False,,bajo,True
2026-09-28 13:44:24,3186,2026-09-27 10:14:10,0,2026-09-27 10:14:10,False,,bajo,False
2026-09-28 13:44:24,3187,2026-08-23 09:50:03,0,2026-08-23 09:50:03,False,,bajo,False
2026-09-28 13:44:24,3191,2026-09-28 13:05:29,0,2026-09-28 13:05:29,False,,bajo,False
2026-09-28 13:44:24,3199,2026-09-28 10:45:41,0,2026-09-28 10:45:41,False,,bajo,True
2026-09-28 13:44:24,3202,2026-09-28 13:40:19,0,2026-09-28 13:40:19,False,,bajo,True
2026-09-28 13:44:24,3203,2026-09-27 23:58:42,0,2026-09-27 23:58:42,False,,bajo,False
2026-09-28 13:44:24,3204,2026-09-27 02:11:30,0,2026-09-27 02:11:30,False,,bajo,False
2026-09-28 13:44:24,3207,2026-09-28 13:43:35,0,2026-09-28 13:43:35,False,,bajo,True
2026-09-28 13:44:24,3208,2026-09-28 13:35:22,0,2026-09-28 13:35:22,False,,bajo,True
2026-09-28 13:44:24,3216,2026-09-28 13:43:29,0,2026-09-28 13:43:29,False,,bajo,False
2026-09-28 13:44:24,3222,2026-09-28 05:04:17,0,2026-09-28 05:04:17,False,,bajo,True
2026-09-28 13:44:24,3224,2026-09-15 17:10:14,0,2026-09-15 17:10:14,False,,bajo,False
2026-09-28 13:44:24,3225,2026-09-19 11:41:03,0,2026-09-19 11:41:03,False,,bajo,False
2026-09-28 13:44:24,3227,2026-09-27 02:19:08,0,2026-09-27 02:19:08,False,,bajo,False
2026-09-28 13:44:24,3232,2026-09-28 13:43:01,0,2026-09-28 13:43:01,False,,bajo,False
2026-09-28 13:44:24,3239,2026-09-27 10:54:21,0,2026-09-27 10:54:21,False,,bajo,False
2026-09-28 13:44:24,3242,2026-09-28 13:42:25,0,2026-09-28 13:42:25,False,,bajo,True
2026-09-28 13:44:24,3243,2026-09-27 17:06:00,0,2026-09-27 17:06:00,False,,bajo,False
2026-09-28 13:44:24,3244,2026-09-28 08:44:45,0,2026-09-28 08:44:45,False,,bajo,True
2026-09-28 13:44:24,3253,2026-09-28 13:43:40,0,2026-09-28 13:43:40,False,,bajo,True
2026-09-28 13:44:24,3259,2026-09-28 13:40:47,0,2026-09-28 13:40:47,False,,bajo,True
2026-09-28 13:44:24,3264,2026-09-28 03:18:41,0,2026-09-28 03:18:41,False,,bajo,True
2026-09-28 13:44:24,3266,2026-09-27 19:41:50,0,2026-09-27 19:41:50,False,,bajo,False
2026-09-28 13:44:24,4018,2026-09-23 12:25:55,0,2026-09-23 12:25:55,False,,bajo,False
2026-09-28 13:44:24,4024,2026-09-28 12:06:47,0,2026-09-28 12:06:47,False,,bajo,False
2026-09-28 13:44:24,1724,2026-09-28 13:40:19,1,2026-09-28 13:40:19,False,,bajo,True
2026-09-28 13:44:24,1744,2026-09-28 13:39:09,1,2026-09-28 13:39:09,False,,bajo,False
2026-09-28 13:44:24,1766,2026-06-03 03:27:01,1,2026-06-03 03:27:01,False,,bajo,False
2026-09-28 13:44:24,1784,2026-06-03 03:29:57,1,2026-06-03 03:29:57,False,,bajo,False
2026-09-28 13:44:24,1805,2026-06-03 08:20:37,1,2026-06-03 08:20:37,False,,bajo,False
2026-09-28 13:44:24,1806,2026-09-28 13:41:08,1,2026-09-28 13:41:08,False,,medio,False
2026-09-28 13:44:24,1824,2026-06-03 08:35:59,1,2026-06-03 08:35:59,False,,bajo,False
2026-09-28 13:44:24,1844,2026-09-28 13:04:34,1,2026-09-28 13:04:34,False,,bajo,False
2026-09-28 13:44:24,1845,2026-06-03 08:35:31,1,2026-06-03 08:35:31,False,,bajo,False
2026-09-28 13:44:24,1846,2026-09-27 12:30:18,1,2026-09-27 12:30:18,False,,bajo,False
2026-09-28 13:44:24,1887,2026-09-28 13:28:39,1,2026-09-28 13:28:39,False,,bajo,True
2026-09-28 13:44:24,1924,2026-09-28 12:52:49,1,2026-09-28 12:52:49,False,,bajo,False
2026-09-28 13:44:24,1926,2026-09-28 13:41:29,1,2026-09-28 13:41:29,False,,medio,True
2026-09-28 13:44:24,1927,2026-09-27 23:56:45,1,2026-09-27 23:56:45,False,,bajo,True
2026-09-28 13:44:24,1928,2026-09-26 11:16:16,1,2026-09-26 11:16:16,False,,bajo,True
2026-09-28 13:44:24,1945,2026-09-28 13:43:20,1,2026-09-28 13:43:20,False,,bajo,True
2026-09-28 13:44:24,1964,2026-09-28 11:01:01,1,2026-09-28 11:01:01,False,,bajo,True
2026-09-28 13:44:24,1965,2026-09-27 12:59:33,1,2026-09-27 12:59:33,False,,bajo,False
2026-09-28 13:44:24,1984,2026-09-28 13:42:25,1,2026-09-28 13:42:25,False,,bajo,False
2026-09-28 13:44:24,2190,2026-09-28 12:32:17,1,2026-09-28 12:32:17,False,,bajo,False
2026-09-28 13:44:24,2192,2026-09-28 13:11:08,1,2026-09-28 13:11:08,False,,bajo,True
2026-09-28 13:44:24,2193,2026-09-28 13:43:55,1,2026-09-28 13:43:55,False,,bajo,True
2026-09-28 13:44:24,2204,2026-09-28 11:40:08,1,2026-09-28 11:40:08,False,,bajo,True
2026-09-28 13:44:24,2205,2026-09-28 13:32:48,1,2026-09-28 13:32:48,False,,bajo,True
2026-09-28 13:44:24,2207,2026-09-28 13:28:04,1,2026-09-28 13:28:04,False,,bajo,True
2026-09-28 13:44:24,2208,2026-09-28 13:41:27,1,2026-09-28 13:41:27,False,,bajo,True
2026-09-28 13:44:24,2224,2026-09-28 13:43:10,1,2026-09-28 13:43:10,False,,bajo,True
2026-09-28 13:44:24,2225,2026-09-28 13:21:46,1,2026-09-28 13:21:46,False,,bajo,True
2026-09-28 13:44:24,2227,2026-09-28 12:59:48,1,2026-09-28 12:59:48,False,,bajo,False
2026-09-28 13:44:24,2230,2026-09-27 20:16:31,1,2026-09-27 20:16:31,False,,bajo,False
2026-09-28 13:44:24,2250,2026-09-28 13:29:28,1,2026-09-28 13:29:28,False,,bajo,False
2026-09-28 13:44:24,2264,2026-09-28 12:01:07,1,2026-09-28 12:01:07,False,,bajo,False
2026-09-28 13:44:24,2268,2026-09-28 13:37:30,1,2026-09-28 13:37:30,False,,bajo,True
2026-09-28 13:44:24,2284,2026-09-28 13:32:42,1,2026-09-28 13:32:42,False,,bajo,False
2026-09-28 13:44:24,2317,2026-09-28 13:40:42,1,2026-09-28 13:40:42,False,,bajo,True
2026-09-28 13:44:24,2326,2026-09-28 13:41:46,1,2026-09-28 13:41:46,False,,bajo,True
2026-09-28 13:44:24,2327,2026-09-28 13:43:12,1,2026-09-28 13:43:12,False,,bajo,False
2026-09-28 13:44:24,2330,2026-09-28 13:29:35,1,2026-09-28 13:29:35,False,,bajo,False
2026-09-28 13:44:24,2335,2026-09-28 10:40:40,1,2026-09-28 10:40:40,False,,bajo,True
2026-09-28 13:44:24,2391,2026-09-27 00:51:36,1,2026-09-27 00:51:36,False,,bajo,False
2026-09-28 13:44:24,2404,2026-09-26 16:26:25,1,2026-09-26 16:26:25,False,,bajo,True
2026-09-28 13:44:24,2415,2026-09-28 13:41:42,1,2026-09-28 13:41:42,False,,bajo,False
2026-09-28 13:44:24,2424,2025-03-13 16:03:26,1,2025-03-13 16:03:26,False,,bajo,False
2026-09-28 13:44:24,2446,2026-09-28 13:37:18,1,2026-09-28 13:37:18,False,,bajo,False
2026-09-28 13:44:24,2459,2026-09-28 13:09:01,1,2026-09-28 13:09:01,False,,bajo,False
2026-09-28 13:44:24,2464,2026-09-28 13:28:17,1,2026-09-28 13:28:17,False,,alto,False
2026-09-28 13:44:24,2465,2026-09-28 12:39:45,1,2026-09-28 12:39:45,False,,bajo,True
2026-09-28 13:44:24,2466,2026-09-28 13:38:22,1,2026-09-28 13:38:22,False,,bajo,False
2026-09-28 13:44:24,2468,2026-09-28 13:41:23,1,2026-09-28 13:41:23,False,,bajo,False
2026-09-28 13:44:24,2471,2026-09-27 11:03:03,1,2026-09-27 11:03:03,False,,bajo,True
2026-09-28 13:44:24,2475,2026-09-28 11:31:20,1,2026-09-28 11:31:20,False,,bajo,False
2026-09-28 13:44:24,2476,2026-09-28 13:43:23,1,2026-09-28 13:43:23,False,,bajo,False
2026-09-28 13:44:24,2482,2026-09-28 13:01:22,1,2026-09-28 13:01:22,False,,bajo,True
2026-09-28 13:44:24,2484,2026-09-28 13:41:11,1,2026-09-28 13:41:11,False,,bajo,False
2026-09-28 13:44:24,2485,2026-09-28 13:40:07,1,2026-09-28 13:40:07,False,,bajo,True
2026-09-28 13:44:24,2492,2026-09-28 13:31:54,1,2026-09-28 13:31:54,False,,bajo,True
2026-09-28 13:44:24,2516,2026-09-28 13:42:22,1,2026-09-28 13:42:22,False,,bajo,True
2026-09-28 13:44:24,2519,2026-09-28 13:32:40,1,2026-09-28 13:32:40,False,,medio,False
2026-09-28 13:44:24,2565,2026-09-28 12:59:56,1,2026-09-28 12:59:56,False,,bajo,False
2026-09-28 13:44:24,2567,2026-09-28 11:07:52,1,2026-09-28 11:07:52,False,,bajo,False
2026-09-28 13:44:24,2575,2026-09-28 08:22:39,1,2026-09-28 08:22:39,False,,bajo,True
2026-09-28 13:44:24,2582,2026-09-28 13:43:24,1,2026-09-28 13:43:24,False,,bajo,True
2026-09-28 13:44:24,2590,2026-09-28 12:41:59,1,2026-09-28 12:41:59,False,,bajo,True
2026-09-28 13:44:24,2592,2026-09-28 13:05:31,1,2026-09-28 13:05:31,False,,bajo,False
2026-09-28 13:44:24,2593,2026-09-28 13:32:48,1,2026-09-28 13:32:48,False,,bajo,True
2026-09-28 13:44:24,2654,2026-09-28 13:43:31,1,2026-09-28 13:43:31,False,,bajo,False
2026-09-28 13:44:24,2665,2026-09-28 13:41:24,1,2026-09-28 13:41:24,False,,bajo,False
2026-09-28 13:44:24,2668,2026-09-28 13:43:03,1,2026-09-28 13:43:03,False,,bajo,False
2026-09-28 13:44:24,2678,2026-09-28 13:26:15,1,2026-09-28 13:26:15,False,,bajo,True
2026-09-28 13:44:24,2693,2026-09-28 13:42:19,1,2026-09-28 13:42:19,False,,bajo,True
2026-09-28 13:44:24,2701,2026-09-28 13:37:30,1,2026-09-28 13:37:30,False,,bajo,True
2026-09-28 13:44:24,2706,2026-09-28 13:31:46,1,2026-09-28 13:31:46,False,,bajo,False
2026-09-28 13:44:24,2718,2026-09-28 12:40:56,1,2026-09-28 12:40:56,False,,bajo,False
2026-09-28 13:44:24,2722,2026-09-28 12:12:58,1,2026-09-28 12:12:58,False,,bajo,True
2026-09-28 13:44:24,2724,2026-09-28 13:09:38,1,2026-09-28 13:09:38,False,,bajo,False
2026-09-28 13:44:24,2726,2025-03-13 16:03:26,1,2025-03-13 16:03:26,False,,bajo,False
2026-09-28 13:44:24,2730,2026-06-03 08:24:07,1,2026-06-03 08:24:07,False,,bajo,False
2026-09-28 13:44:24,2743,2026-09-28 13:09:40,1,2026-09-28 13:09:40,False,,bajo,False
2026-09-28 13:44:24,2744,2026-09-28 11:43:56,1,2026-09-28 11:43:56,False,,bajo,True
2026-09-28 13:44:24,2751,2026-09-28 08:50:20,1,2026-09-28 08:50:20,False,,bajo,True
2026-09-28 13:44:24,2754,2026-06-03 08:25:11,1,2026-06-03 08:25:11,False,,bajo,False
2026-09-28 13:44:24,2768,2026-06-03 08:23:19,1,2026-06-03 08:23:19,False,,bajo,False
2026-09-28 13:44:24,2770,2025-03-13 16:03:26,1,2025-03-13 16:03:26,False,,bajo,False
2026-09-28 13:44:24,2773,2026-09-28 08:40:19,1,2026-09-28 08:40:19,False,,bajo,False
2026-09-28 13:44:24,2777,2025-03-13 16:03:26,1,2025-03-13 16:03:26,False,,bajo,False
2026-09-28 13:44:24,2780,2026-09-28 13:41:26,1,2026-09-28 13:41:26,False,,bajo,False
2026-09-28 13:44:24,2781,2026-09-27 17:05:18,1,2026-09-27 17:05:18,False,,bajo,False
2026-09-28 13:44:24,2790,2026-09-28 08:16:05,1,2026-09-28 08:16:05,False,,bajo,True
2026-09-28 13:44:24,2791,2026-09-28 13:35:10,1,2026-09-28 13:35:10,False,,bajo,True
2026-09-28 13:44:24,2796,2026-09-28 13:27:36,1,2026-09-28 13:27:36,False,,bajo,True
2026-09-28 13:44:24,2803,2026-09-28 09:07:47,1,2026-09-28 09:07:47,False,,bajo,True
2026-09-28 13:44:24,2807,2026-09-28 11:48:26,1,2026-09-28 11:48:26,False,,bajo,True
2026-09-28 13:44:24,2808,2026-09-28 11:51:21,1,2026-09-28 11:51:21,False,,bajo,True
2026-09-28 13:44:24,2810,2026-09-28 13:28:58,1,2026-09-28 13:28:58,False,,bajo,True
2026-09-28 13:44:24,2830,2026-09-28 13:34:21,1,2026-09-28 13:34:21,False,,bajo,False
2026-09-28 13:44:24,2858,2026-09-28 11:35:22,1,2026-09-28 11:35:22,False,,bajo,False
2026-09-28 13:44:24,2904,2026-09-26 19:46:04,1,2026-09-26 19:46:04,False,,bajo,False
2026-09-28 13:44:24,2922,2026-06-03 07:54:30,1,2026-06-03 07:54:30,False,,bajo,False
2026-09-28 13:44:24,2926,2026-09-28 13:43:31,1,2026-09-28 13:43:31,False,,bajo,True
2026-09-28 13:44:24,2929,2026-09-28 13:43:24,1,2026-09-28 13:43:24,False,,bajo,True
2026-09-28 13:44:24,2935,2026-09-28 13:39:38,1,2026-09-28 13:39:38,False,,bajo,True
2026-09-28 13:44:24,2937,2026-09-28 12:02:12,1,2026-09-28 12:02:12,False,,bajo,True
2026-09-28 13:44:24,2961,2026-02-27 08:12:26,1,2026-02-27 08:12:26,False,,bajo,False
2026-09-28 13:44:24,2971,2026-09-28 13:23:36,1,2026-09-28 13:23:36,False,,bajo,True
2026-09-28 13:44:24,2972,2026-09-28 13:05:19,1,2026-09-28 13:05:19,False,,bajo,False
2026-09-28 13:44:24,2973,2026-09-28 12:18:16,1,2026-09-28 12:18:16,False,,bajo,False
2026-09-28 13:44:24,2975,2026-09-28 13:19:08,1,2026-09-28 13:19:08,False,,bajo,True
2026-09-28 13:44:24,2978,2026-09-28 13:38:16,1,2026-09-28 13:38:16,False,,bajo,True
2026-09-28 13:44:24,2983,2026-09-28 13:33:06,1,2026-09-28 13:33:06,False,,bajo,True
2026-09-28 13:44:24,2984,2026-09-27 08:10:09,1,2026-09-27 08:10:09,False,,bajo,True
2026-09-28 13:44:24,2985,2026-09-28 11:41:45,1,2026-09-28 11:41:45,False,,bajo,False
2026-09-28 13:44:24,2986,2026-09-28 12:58:12,1,2026-09-28 12:58:12,False,,bajo,False
2026-09-28 13:44:24,2987,2026-09-28 13:39:48,1,2026-09-28 13:39:48,False,,bajo,True
2026-09-28 13:44:24,2988,2026-09-28 13:09:04,1,2026-09-28 13:09:04,False,,bajo,True
2026-09-28 13:44:24,2993,2026-09-28 08:23:33,1,2026-09-28 08:23:33,False,,bajo,False
2026-09-28 13:44:24,2994,2026-09-26 10:11:53,1,2026-09-26 10:11:53,False,,bajo,False
2026-09-28 13:44:24,2996,2026-09-27 17:43:36,1,2026-09-27 17:43:36,False,,bajo,False
2026-09-28 13:44:24,2998,2026-09-28 13:38:25,1,2026-09-28 13:38:25,False,,bajo,False
2026-09-28 13:44:24,3002,2026-09-28 12:24:11,1,2026-09-28 12:24:11,False,,bajo,False
2026-09-28 13:44:24,3009,2026-09-28 12:33:51,1,2026-09-28 12:33:51,False,,bajo,False
2026-09-28 13:44:24,3010,2026-09-28 12:31:19,1,2026-09-28 12:31:19,False,,bajo,True
2026-09-28 13:44:24,3011,2026-09-28 13:42:57,1,2026-09-28 13:42:57,False,,medio,False
2026-09-28 13:44:24,3013,2026-09-27 12:51:51,1,2026-09-27 12:51:51,False,,bajo,True
2026-09-28 13:44:24,3020,2026-09-28 13:34:30,1,2026-09-28 13:34:30,False,,bajo,False
2026-09-28 13:44:24,3022,2026-09-28 13:38:26,1,2026-09-28 13:38:26,False,,bajo,True
2026-09-28 13:44:24,3024,2026-09-28 10:26:22,1,2026-09-28 10:26:22,False,,bajo,False
2026-09-28 13:44:24,3026,2026-09-25 09:33:59,1,2026-09-25 09:33:59,False,,bajo,True
2026-09-28 13:44:24,3027,2026-09-28 13:40:24,1,2026-09-28 13:40:24,False,,bajo,False
2026-09-28 13:44:24,3029,2026-09-28 11:19:06,1,2026-09-28 11:19:06,False,,bajo,True
2026-09-28 13:44:24,3036,2025-03-13 16:18:25,1,2025-03-13 16:18:25,False,,bajo,False
2026-09-28 13:44:24,3039,2026-09-28 13:37:05,1,2026-09-28 13:37:05,False,,bajo,False
2026-09-28 13:44:24,3060,2026-09-28 13:18:47,1,2026-09-28 13:18:47,False,,bajo,True
2026-09-28 13:44:24,3064,2026-09-28 13:27:28,1,2026-09-28 13:27:28,False,,bajo,True
2026-09-28 13:44:24,3065,2026-06-03 06:29:32,1,2026-06-03 06:29:32,False,,bajo,False
2026-09-28 13:44:24,3074,2026-09-28 13:39:11,1,2026-09-28 13:39:11,False,,bajo,True
2026-09-28 13:44:24,3076,2026-09-27 21:38:03,1,2026-09-27 21:38:03,False,,bajo,False
2026-09-28 13:44:24,3079,2026-09-28 13:35:29,1,2026-09-28 13:35:29,False,,bajo,False
2026-09-28 13:44:24,3084,2026-09-28 12:56:32,1,2026-09-28 12:56:32,False,,bajo,False
2026-09-28 13:44:24,3086,2026-09-28 13:35:20,1,2026-09-28 13:35:20,False,,bajo,False
2026-09-28 13:44:24,3087,2026-09-28 13:35:45,1,2026-09-28 13:35:45,False,,alto,False
2026-09-28 13:44:24,3099,2026-09-28 13:16:03,1,2026-09-28 13:16:03,False,,bajo,True
2026-09-28 13:44:24,3101,2026-09-27 17:53:13,1,2026-09-27 17:53:13,False,,bajo,False
2026-09-28 13:44:24,3117,2026-09-28 13:25:39,1,2026-09-28 13:25:39,False,,bajo,True
2026-09-28 13:44:24,3121,2026-09-28 10:45:59,1,2026-09-28 10:45:59,False,,bajo,True
2026-09-28 13:44:24,3132,2026-09-28 13:42:53,1,2026-09-28 13:42:53,False,,bajo,True
2026-09-28 13:44:24,3138,2026-09-28 13:07:44,1,2026-09-28 13:07:44,False,,alto,False
2026-09-28 13:44:24,3141,2026-09-26 16:14:52,1,2026-09-26 16:14:52,False,,bajo,False
2026-09-28 13:44:24,3144,2026-09-28 12:54:15,1,2026-09-28 12:54:15,False,,bajo,False
2026-09-28 13:44:24,3145,2026-09-27 08:46:27,1,2026-09-27 08:46:27,False,,bajo,False
2026-09-28 13:44:24,3146,2026-09-28 13:21:00,1,2026-09-28 13:21:00,False,,bajo,False
2026-09-28 13:44:24,3151,2026-09-26 12:02:16,1,2026-09-26 12:02:16,False,,bajo,True
2026-09-28 13:44:24,3154,2026-09-28 13:30:28,1,2026-09-28 13:30:28,False,,bajo,False
2026-09-28 13:44:24,3155,2026-09-28 13:14:06,1,2026-09-28 13:14:06,False,,medio,True
2026-09-28 13:44:24,3159,2026-09-28 13:42:27,1,2026-09-28 13:42:27,False,,bajo,True
2026-09-28 13:44:24,3160,2026-09-28 05:28:16,1,2026-09-28 05:28:16,False,,bajo,False
2026-09-28 13:44:24,3161,2026-09-28 13:07:47,1,2026-09-28 13:07:47,False,,bajo,False
2026-09-28 13:44:24,3162,2026-06-03 06:14:04,1,2026-06-03 06:14:04,False,,bajo,False
2026-09-28 13:44:24,3169,2026-09-28 13:38:11,1,2026-09-28 13:38:11,False,,bajo,True
2026-09-28 13:44:24,3172,2026-09-28 13:11:59,1,2026-09-28 13:11:59,False,,bajo,True
2026-09-28 13:44:24,3178,2026-09-28 13:41:44,1,2026-09-28 13:41:44,False,,bajo,False
2026-09-28 13:44:24,3184,2026-09-28 13:23:52,1,2026-09-28 13:23:52,False,,bajo,True
2026-09-28 13:44:24,3185,2026-09-28 13:42:23,1,2026-09-28 13:42:23,False,,bajo,True
2026-09-28 13:44:24,3187,2026-09-28 13:21:49,1,2026-09-28 13:21:49,False,,bajo,True
2026-09-28 13:44:24,3191,2026-09-28 12:56:33,1,2026-09-28 12:56:33,False,,bajo,True
2026-09-28 13:44:24,3199,2026-09-26 19:10:02,1,2026-09-26 19:10:02,False,,bajo,False
2026-09-28 13:44:24,3202,2026-09-28 13:42:18,1,2026-09-28 13:42:18,False,,bajo,True
2026-09-28 13:44:24,3203,2026-09-28 13:27:32,1,2026-09-28 13:27:32,False,,bajo,False
2026-09-28 13:44:24,3204,2026-09-28 13:41:44,1,2026-09-28 13:41:44,False,,medio,True
2026-09-28 13:44:24,3207,2026-09-28 13:33:30,1,2026-09-28 13:33:30,False,,bajo,False
2026-09-28 13:44:24,3208,2026-09-28 13:42:18,1,2026-09-28 13:42:18,False,,bajo,False
2026-09-28 13:44:24,3216,2026-09-28 13:25:01,1,2026-09-28 13:25:01,False,,medio,True
2026-09-28 13:44:24,3222,2026-09-26 11:15:00,1,2026-09-26 11:15:00,False,,bajo,False
2026-09-28 13:44:24,3224,2026-09-16 10:24:41,1,2026-09-16 10:24:41,False,,bajo,False
2026-09-28 13:44:24,3225,2026-09-28 13:17:13,1,2026-09-28 13:17:13,False,,bajo,False
2026-09-28 13:44:24,3227,2026-09-28 11:34:03,1,2026-09-28 11:34:03,False,,bajo,False
2026-09-28 13:44:24,3232,2026-09-28 12:48:22,1,2026-09-28 12:48:22,False,,bajo,False
2026-09-28 13:44:24,3239,2026-09-28 12:40:00,1,2026-09-28 12:40:00,False,,bajo,False
2026-09-28 13:44:24,3242,2026-09-28 13:03:12,1,2026-09-28 13:03:12,False,,bajo,True
2026-09-28 13:44:24,3243,2026-09-28 12:35:31,1,2026-09-28 12:35:31,False,,bajo,False
2026-09-28 13:44:24,3244,2026-09-27 15:08:59,1,2026-09-27 15:08:59,False,,bajo,True
2026-09-28 13:44:24,3259,2026-09-28 12:07:59,1,2026-09-28 12:07:59,False,,bajo,False
2026-09-28 13:44:24,3264,2026-09-28 13:32:38,1,2026-09-28 13:32:38,False,,bajo,True
2026-09-28 13:44:24,3266,2026-09-28 13:24:38,1,2026-09-28 13:24:38,False,,bajo,True
2026-09-28 13:44:24,4018,2026-09-24 13:39:11,1,2026-09-24 13:39:11,False,,bajo,False
2026-09-28 13:44:24,4024,2026-09-28 13:41:34,1,2026-09-28 13:41:34,False,,bajo,True
2026-09-28 13:44:24,1724,2026-06-03 08:15:44,2,2026-06-03 08:15:44,False,,bajo,False
2026-09-28 13:44:24,1744,2026-06-03 06:32:42,2,2026-06-03 06:32:42,False,,bajo,False
2026-09-28 13:44:24,1766,2026-06-03 17:35:31,2,2026-06-03 17:35:31,False,,bajo,False
2026-09-28 13:44:24,1784,2026-06-03 17:31:00,2,2026-06-03 17:31:00,False,,bajo,False
2026-09-28 13:44:24,1805,2026-06-03 17:31:00,2,2026-06-03 17:31:00,False,,bajo,False
2026-09-28 13:44:24,1824,2026-06-03 17:31:00,2,2026-06-03 17:31:00,False,,bajo,False
2026-09-28 13:44:24,1844,2026-06-03 17:31:00,2,2026-06-03 17:31:00,False,,bajo,False
2026-09-28 13:44:24,1845,2026-06-03 17:31:27,2,2026-06-03 17:31:27,False,,bajo,False
2026-09-28 13:44:24,1887,2026-08-05 15:28:49,2,2026-08-05 15:28:49,False,,bajo,False
2026-09-28 13:44:24,1924,2026-06-03 17:31:00,2,2026-06-03 17:31:00,False,,bajo,False
2026-09-28 13:44:24,1926,2026-06-03 06:42:55,2,2026-06-03 06:42:55,False,,bajo,False
2026-09-28 13:44:24,1944,2026-06-03 17:31:00,2,2026-06-03 17:31:00,False,,bajo,False
2026-09-28 13:44:24,1945,2026-09-09 10:38:27,2,2026-09-09 10:38:27,False,,bajo,False
2026-09-28 13:44:24,2190,2025-03-13 16:03:26,2,2025-03-13 16:03:26,False,,bajo,False
2026-09-28 13:44:24,2193,2026-06-03 17:33:58,2,2026-06-03 17:33:58,False,,bajo,False
2026-09-28 13:44:24,2205,2026-06-02 08:49:39,2,2026-06-02 08:49:39,False,,bajo,False
2026-09-28 13:44:24,2208,2026-07-20 15:35:36,2,2026-07-20 15:35:36,False,,bajo,False
2026-09-28 13:44:24,2224,2026-06-03 08:23:23,2,2026-06-03 08:23:23,False,,bajo,False
2026-09-28 13:44:24,2229,2026-06-03 07:24:01,2,2026-06-03 07:24:01,False,,bajo,False
2026-09-28 13:44:24,2250,2026-06-03 08:23:15,2,2026-06-03 08:23:15,False,,bajo,False
2026-09-28 13:44:24,2335,2026-06-03 06:08:53,2,2026-06-03 06:08:53,False,,bajo,False
2026-09-28 13:44:24,2411,2026-06-03 08:44:37,2,2026-06-03 08:44:37,False,,bajo,False
2026-09-28 13:44:24,2465,2026-06-03 06:28:44,2,2026-06-03 06:28:44,False,,bajo,False
2026-09-28 13:44:24,2466,2025-03-13 16:03:26,2,2025-03-13 16:03:26,False,,bajo,False
2026-09-28 13:44:24,2468,2026-06-03 08:40:08,2,2026-06-03 08:40:08,False,,bajo,False
2026-09-28 13:44:24,2706,2026-06-03 05:15:51,2,2026-06-03 05:15:51,False,,bajo,False
2026-09-28 13:44:24,2724,2026-08-22 11:08:53,2,2026-08-22 11:08:53,False,,bajo,False
2026-09-28 13:44:24,2730,2026-06-03 08:24:08,2,2026-06-03 08:24:08,False,,bajo,False
2026-09-28 13:44:24,2743,2026-06-03 08:33:58,2,2026-06-03 08:33:58,False,,bajo,False
2026-09-28 13:44:24,2744,2026-06-03 08:26:24,2,2026-06-03 08:26:24,False,,bajo,False
2026-09-28 13:44:24,2768,2026-06-03 08:23:19,2,2026-06-03 08:23:19,False,,bajo,False
2026-09-28 13:44:24,2770,2026-06-03 08:28:44,2,2026-06-03 08:28:44,False,,bajo,False
2026-09-28 13:44:24,2773,2026-06-03 08:42:23,2,2026-06-03 08:42:23,False,,bajo,False
2026-09-28 13:44:24,2780,2026-06-03 08:31:16,2,2026-06-03 08:31:16,False,,bajo,False
2026-09-28 13:44:24,2781,2026-06-03 08:39:47,2,2026-06-03 08:39:47,False,,bajo,False
2026-09-28 13:44:24,2922,2026-06-03 07:54:30,2,2026-06-03 07:54:30,False,,bajo,False
2026-09-28 13:44:24,2983,2026-06-03 08:26:35,2,2026-06-03 08:26:35,False,,bajo,False
2026-09-28 13:44:24,2993,2026-05-28 08:20:47,2,2026-05-28 08:20:47,False,,bajo,False
2026-09-28 13:44:24,3002,2025-03-13 16:03:26,2,2025-03-13 16:03:26,False,,bajo,False
2026-09-28 13:44:24,3020,2026-06-03 08:31:34,2,2026-06-03 08:31:34,False,,bajo,False
2026-09-28 13:44:24,3065,2026-06-03 06:29:32,2,2026-06-03 06:29:32,False,,bajo,False
2026-09-28 13:44:24,3086,2026-06-03 08:38:54,2,2026-06-03 08:38:54,False,,bajo,False
2026-09-28 13:44:24,3087,2026-06-03 02:06:08,2,2026-06-03 02:06:08,False,,bajo,False
2026-09-28 13:44:24,3151,2026-06-03 07:25:54,2,2026-06-03 07:25:54,False,,bajo,False
2026-09-28 13:44:24,3160,2026-06-03 03:28:18,2,2026-06-03 03:28:18,False,,bajo,False
2026-09-28 13:44:24,3199,2026-06-03 08:41:17,2,2026-06-03 08:41:17,False,,bajo,False
2026-09-28 13:44:24,3203,2026-06-03 08:22:47,2,2026-06-03 08:22:47,False,,bajo,False
2026-09-28 13:44:24,3204,2026-06-03 07:54:17,2,2026-06-03 07:54:17,False,,bajo,False
2026-09-28 13:44:24,3207,2026-06-03 07:05:01,2,2026-06-03 07:05:01,False,,bajo,False
2026-09-28 13:44:24,3227,2025-03-13 16:03:26,2,2025-03-13 16:03:26,False,,bajo,False
2026-09-28 13:44:24,1846,2026-06-03 08:24:16,3,2026-06-03 08:24:16,False,,bajo,False
2026-09-28 13:44:24,2193,2026-06-03 03:28:55,3,2026-06-03 03:28:55,False,,bajo,False
2026-09-28 13:44:24,2208,2026-06-03 08:31:26,3,2026-06-03 08:31:26,False,,bajo,False
2026-09-28 13:44:24,2330,2026-06-03 07:45:12,3,2026-06-03 07:45:12,False,,bajo,False
2026-09-28 13:44:24,2415,2026-06-03 08:47:45,3,2026-06-03 08:47:45,False,,bajo,False
2026-09-28 13:44:24,2466,2026-06-03 08:38:32,3,2026-06-03 08:38:32,False,,bajo,False
2026-09-28 13:44:24,2582,2026-06-03 08:15:54,3,2026-06-03 08:15:54,False,,bajo,False
2026-09-28 13:44:24,2665,2026-06-03 07:10:20,3,2026-06-03 07:10:20,False,,bajo,False
2026-09-28 13:44:24,2718,2026-06-03 07:28:18,3,2026-06-03 07:28:18,False,,bajo,False
2026-09-28 13:44:24,2722,2026-06-03 06:10:37,3,2026-06-03 06:10:37,False,,bajo,False
2026-09-28 13:44:24,2751,2026-06-03 07:40:08,3,2026-06-03 07:40:08,False,,bajo,False
2026-09-28 13:44:24,2858,2026-06-03 00:31:15,3,2026-06-03 00:31:15,False,,bajo,False
2026-09-28 13:44:24,2993,2026-05-28 08:20:47,3,2026-05-28 08:20:47,False,,bajo,False
2026-09-28 13:44:24,2994,2026-06-03 07:45:41,3,2026-06-03 07:45:41,False,,bajo,False
2026-09-28 13:44:24,3010,2026-06-03 08:19:28,3,2026-06-03 08:19:28,False,,bajo,False
2026-09-28 13:44:24,3011,2026-06-03 08:45:02,3,2026-06-03 08:45:02,False,,bajo,False
2026-09-28 13:44:24,3024,2026-06-03 07:31:40,3,2026-06-03 07:31:40,False,,bajo,False
2026-09-28 13:44:24,3026,2026-06-03 08:11:53,3,2026-06-03 08:11:53,False,,bajo,False
2026-09-28 13:44:24,3027,2026-06-03 08:24:41,3,2026-06-03 08:24:41,False,,bajo,False
2026-09-28 13:44:24,3074,2026-06-03 06:59:32,3,2026-06-03 06:59:32,False,,bajo,False
2026-09-28 13:44:24,3079,2026-06-03 07:50:16,3,2026-06-03 07:50:16,False,,bajo,False
2026-09-28 13:44:24,3086,2026-06-03 08:38:54,3,2026-06-03 08:38:54,False,,bajo,False
2026-09-28 13:44:24,3087,2026-06-03 02:06:08,3,2026-06-03 02:06:08,False,,bajo,False
2026-09-28 13:44:24,3132,2026-06-03 08:15:52,3,2026-06-03 08:15:52,False,,bajo,False
2026-09-28 13:44:24,3160,2026-06-03 03:28:18,3,2026-06-03 03:28:18,False,,bajo,False
2026-09-28 13:44:24,3172,2026-06-03 08:52:22,3,2026-06-03 08:52:22,False,,bajo,False
2026-09-28 13:44:24,3203,2026-06-03 17:31:00,3,2026-06-03 17:31:00,False,,bajo,False
2026-09-28 13:44:24,3204,2026-06-03 07:54:17,3,2026-06-03 07:54:17,False,,bajo,False
2026-09-28 13:44:24,3207,2026-06-03 07:05:01,3,2026-06-03 07:05:01,False,,bajo,False
2026-09-28 13:44:24,3222,2026-06-03 08:54:14,3,2026-06-03 08:54:14,False,,bajo,False
2026-09-28 13:44:24,2362,2026-09-28 13:43:25,0,2026-09-28 13:43:25,False,,bajo,True
2026-09-28 13:44:24,2815,2026-09-28 13:43:47,0,2026-09-28 13:43:47,False,,bajo,True
2026-09-28 13:44:24,2817,2026-09-28 13:43:47,0,2026-09-28 13:43:47,False,,bajo,False
2026-09-28 13:44:24,2818,2026-09-28 13:43:52,0,2026-09-28 13:43:52,False,,bajo,False
2026-09-28 13:44:24,2820,2026-09-28 13:41:54,0,2026-09-28 13:41:54,False,,bajo,True
2026-09-28 13:44:24,2821,2026-09-28 12:59:26,0,2026-09-28 12:59:26,False,,bajo,False
2026-09-28 13:44:24,2822,2026-09-28 12:24:28,0,2026-09-28 12:24:28,False,,bajo,False
2026-09-28 13:44:24,2823,2026-09-27 15:17:35,0,2026-09-27 15:17:35,False,,bajo,False
2026-09-28 13:44:24,2824,2026-09-27 16:50:35,0,2026-09-27 16:50:35,False,,bajo,False
2026-09-28 13:44:24,2827,2026-09-28 13:43:05,0,2026-09-28 13:43:05,False,,medio,False
2026-09-28 13:44:24,2828,2026-08-27 14:39:54,0,2026-08-27 14:39:54,False,,bajo,False
2026-09-28 13:44:24,2833,2026-09-28 04:32:22,0,2026-09-28 04:32:22,False,,bajo,False
2026-09-28 13:44:24,2931,2026-09-28 13:43:50,0,2026-09-28 13:43:50,False,,bajo,False
2026-09-28 13:44:24,2932,2026-09-28 13:43:39,0,2026-09-28 13:43:39,False,,bajo,False
2026-09-28 13:44:24,2949,2026-09-28 13:39:27,0,2026-09-28 13:39:27,False,,bajo,True
2026-09-28 13:44:24,2952,2026-09-27 08:35:35,0,2026-09-27 08:35:35,False,,bajo,False
2026-09-28 13:44:24,2953,2026-09-28 12:31:23,0,2026-09-28 12:31:23,False,,bajo,True
2026-09-28 13:44:24,2969,2026-09-28 13:43:21,0,2026-09-28 13:43:21,False,,alto,True
2026-09-28 13:44:24,2995,2026-09-26 20:51:12,0,2026-09-26 20:51:12,False,,bajo,False
2026-09-28 13:44:24,3017,2026-09-27 20:47:28,0,2026-09-27 20:47:28,False,,bajo,False
2026-09-28 13:44:24,3021,2026-09-27 16:00:37,0,2026-09-27 16:00:37,False,,bajo,False
2026-09-28 13:44:24,3068,2026-09-27 19:12:57,0,2026-09-27 19:12:57,False,,bajo,True
2026-09-28 13:44:24,3080,2026-09-27 19:57:41,0,2026-09-27 19:57:41,False,,bajo,True
2026-09-28 13:44:24,3089,2026-09-28 13:42:57,0,2026-09-28 13:42:57,False,,bajo,False
2026-09-28 13:44:24,3111,2026-09-28 13:43:38,0,2026-09-28 13:43:38,False,,alto,False
2026-09-28 13:44:24,3112,2026-09-24 20:53:11,0,2026-09-24 20:53:11,False,,bajo,True
2026-09-28 13:44:24,3142,2026-09-26 11:43:46,0,2026-09-26 11:43:46,False,,bajo,False
2026-09-28 13:44:24,3181,2026-09-28 07:03:04,0,2026-09-28 07:03:04,False,,bajo,True
2026-09-28 13:44:24,3205,2026-09-28 13:43:59,0,2026-09-28 13:43:59,False,,bajo,False
2026-09-28 13:44:24,3233,2026-09-24 19:51:04,0,2026-09-24 19:51:04,False,,medio,True
2026-09-28 13:44:24,2362,2026-09-28 13:40:46,1,2026-09-28 13:40:46,False,,bajo,True
2026-09-28 13:44:24,2815,2026-09-28 13:41:16,1,2026-09-28 13:41:16,False,,bajo,False
2026-09-28 13:44:24,2817,2026-09-28 12:34:41,1,2026-09-28 12:34:41,False,,bajo,False
2026-09-28 13:44:24,2818,2026-09-28 13:41:07,1,2026-09-28 13:41:07,False,,bajo,False
2026-09-28 13:44:24,2820,2026-06-03 07:57:34,1,2026-06-03 07:57:34,False,,bajo,False
2026-09-28 13:44:24,2821,2026-09-28 13:30:29,1,2026-09-28 13:30:29,False,,bajo,False
2026-09-28 13:44:24,2822,2026-09-28 13:42:39,1,2026-09-28 13:42:39,False,,bajo,False
2026-09-28 13:44:24,2823,2026-09-28 13:40:09,1,2026-09-28 13:40:09,False,,bajo,True
2026-09-28 13:44:24,2824,2026-09-28 12:46:35,1,2026-09-28 12:46:35,False,,medio,True
2026-09-28 13:44:24,2827,2026-09-28 12:22:53,1,2026-09-28 12:22:53,False,,bajo,False
2026-09-28 13:44:24,2828,2026-09-28 13:42:25,1,2026-09-28 13:42:25,False,,bajo,False
2026-09-28 13:44:24,2833,2026-09-28 11:16:06,1,2026-09-28 11:16:06,False,,medio,False
2026-09-28 13:44:24,2931,2026-09-28 13:43:38,1,2026-09-28 13:43:38,False,,bajo,False
2026-09-28 13:44:24,2932,2026-09-28 13:42:07,1,2026-09-28 13:42:07,False,,bajo,True
2026-09-28 13:44:24,2949,2026-09-28 13:20:42,1,2026-09-28 13:20:42,False,,bajo,True
2026-09-28 13:44:24,2952,2026-09-25 10:27:29,1,2026-09-25 10:27:29,False,,bajo,True
2026-09-28 13:44:24,2953,2026-09-28 10:53:37,1,2026-09-28 10:53:37,False,,bajo,False
2026-09-28 13:44:24,2969,2026-09-28 13:40:04,1,2026-09-28 13:40:04,False,,medio,True
2026-09-28 13:44:24,2995,2026-09-28 11:43:55,1,2026-09-28 11:43:55,False,,bajo,True
2026-09-28 13:44:24,3017,2026-09-27 15:27:30,1,2026-09-27 15:27:30,False,,bajo,False
2026-09-28 13:44:24,3021,2026-09-28 12:18:06,1,2026-09-28 12:18:06,False,,bajo,False
2026-09-28 13:44:24,3068,2026-09-28 13:31:12,1,2026-09-28 13:31:12,False,,bajo,False
2026-09-28 13:44:24,3080,2026-09-27 20:37:01,1,2026-09-27 20:37:01,False,,bajo,False
2026-09-28 13:44:24,3089,2026-09-28 13:13:12,1,2026-09-28 13:13:12,False,,bajo,True
2026-09-28 13:44:24,3111,2026-09-28 12:28:24,1,2026-09-28 12:28:24,False,,bajo,False
2026-09-28 13:44:24,3112,2026-09-28 13:20:54,1,2026-09-28 13:20:54,False,,bajo,False
2026-09-28 13:44:24,3142,2026-09-28 11:45:55,1,2026-09-28 11:45:55,False,,bajo,False
2026-09-28 13:44:24,3181,2026-09-28 13:38:28,1,2026-09-28 13:38:28,False,,bajo,False
2026-09-28 13:44:24,3233,2026-09-28 13:32:32,1,2026-09-28 13:32:32,False,,bajo,False
2026-09-28 13:44:24,2736,2026-09-28 11:53:54,0,2026-09-28 11:53:54,False,,bajo,False
2026-09-28 13:44:24,2755,2026-09-28 10:34:46,0,2026-09-28 10:34:46,False,,bajo,False
2026-09-28 13:44:24,2908,2026-09-28 13:42:25,0,2026-09-28 13:42:25,False,,bajo,True
2026-09-28 13:44:24,3072,2025-03-13 16:03:26,0,2025-03-13 16:03:26,False,,bajo,False
2026-09-28 13:44:24,3100,2026-09-28 13:41:52,0,2026-09-28 13:41:52,False,,bajo,True
2026-09-28 13:44:24,3170,2026-09-25 15:51:09,0,2026-09-25 15:51:09,False,,bajo,False
2026-09-28 13:44:24,2736,2026-09-26 20:57:49,1,2026-09-26 20:57:49,False,,bajo,True
2026-09-28 13:44:24,2755,2026-09-26 11:29:54,1,2026-09-26 11:29:54,False,,bajo,False
2026-09-28 13:44:24,2908,2026-09-28 13:15:21,1,2026-09-28 13:15:21,False,,bajo,False
2026-09-28 13:44:24,3072,2025-03-13 16:03:26,1,2025-03-13 16:03:26,False,,bajo,False
2026-09-28 13:44:24,3100,2026-09-28 13:09:37,1,2026-09-28 13:09:37,False,,bajo,True
2026-09-28 13:44:24,3170,2026-09-26 08:09:07,1,2026-09-26 08:09:07,False,,bajo,False
2026-09-28 19:22:58,2456,2026-09-28 19:21:56,0,2026-09-28 19:21:56,False,,bajo,True
2026-09-28 19:22:58,2458,2026-09-28 19:20:37,0,2026-09-28 19:20:37,False,,alto,True
2026-09-28 19:22:58,2491,2026-09-28 19:11:27,0,2026-09-28 19:11:27,False,,bajo,False
2026-09-28 19:22:58,2494,2026-09-28 19:20:53,0,2026-09-28 19:20:53,False,,bajo,True
2026-09-28 19:22:58,2501,2026-09-28 19:18:40,0,2026-09-28 19:18:40,False,,bajo,True
2026-09-28 19:22:58,2531,2026-09-28 19:03:00,0,2026-09-28 19:03:00,False,,bajo,False
2026-09-28 19:22:58,2545,2026-09-28 19:22:15,0,2026-09-28 19:22:15,False,,bajo,True
2026-09-28 19:22:58,2551,2026-09-28 18:45:03,0,2026-09-28 18:45:03,False,,medio,True
2026-09-28 19:22:58,2639,2026-09-26 11:47:55,0,2026-09-26 11:47:55,False,,bajo,False
2026-09-28 19:22:58,2670,2026-09-28 19:18:36,0,2026-09-28 19:18:36,False,,bajo,True
2026-09-28 19:22:58,2675,2026-09-28 19:07:14,0,2026-09-28 19:07:14,False,,alto,True
2026-09-28 19:22:58,2704,2026-09-27 05:05:34,0,2026-09-27 05:05:34,False,,bajo,False
2026-09-28 19:22:58,2705,2026-09-28 19:20:00,0,2026-09-28 19:20:00,False,,bajo,False
2026-09-28 19:22:58,2719,2025-06-26 16:00:33,0,2025-06-26 16:00:33,False,,bajo,False
2026-09-28 19:22:58,2728,2026-09-28 19:11:24,0,2026-09-28 19:11:24,False,,bajo,True
2026-09-28 19:22:58,2731,2026-09-28 19:21:04,0,2026-09-28 19:21:04,False,,bajo,False
2026-09-28 19:22:58,2869,2026-09-28 19:22:05,0,2026-09-28 19:22:05,False,,bajo,True
2026-09-28 19:22:58,2881,2026-09-28 17:48:58,0,2026-09-28 17:48:58,False,,bajo,True
2026-09-28 19:22:58,2903,2026-09-27 13:53:04,0,2026-09-27 13:53:04,False,,bajo,False
2026-09-28 19:22:58,2939,2026-09-28 19:20:04,0,2026-09-28 19:20:04,False,,bajo,True
2026-09-28 19:22:58,2940,2026-09-28 19:21:17,0,2026-09-28 19:21:17,False,,medio,True
2026-09-28 19:22:58,3051,2026-09-28 19:21:45,0,2026-09-28 19:21:45,False,,bajo,True
2026-09-28 19:22:58,3078,2026-09-28 19:22:12,0,2026-09-28 19:22:12,False,,bajo,True
2026-09-28 19:22:58,3114,2026-09-27 21:12:22,0,2026-09-27 21:12:22,False,,bajo,False
2026-09-28 19:22:58,3118,2026-09-28 17:08:02,0,2026-09-28 17:08:02,False,,bajo,False
2026-09-28 19:22:58,3119,2026-09-23 20:25:07,0,2026-09-23 20:25:07,False,,bajo,False
2026-09-28 19:22:58,3164,2026-09-28 19:20:35,0,2026-09-28 19:20:35,False,,alto,True
2026-09-28 19:22:58,3249,2026-09-25 22:07:23,0,2026-09-25 22:07:23,False,,bajo,False
2026-09-28 19:22:58,2456,2026-09-28 18:25:59,1,2026-09-28 18:25:59,False,,bajo,True
2026-09-28 19:22:58,2458,2026-09-28 19:16:00,1,2026-09-28 19:16:00,False,,alto,True
2026-09-28 19:22:58,2491,2026-09-28 19:12:19,1,2026-09-28 19:12:19,False,,alto,True
2026-09-28 19:22:58,2494,2026-09-28 18:41:46,1,2026-09-28 18:41:46,False,,medio,True
2026-09-28 19:22:58,2501,2026-09-28 19:16:59,1,2026-09-28 19:16:59,False,,bajo,True
2026-09-28 19:22:58,2531,2026-09-28 19:13:02,1,2026-09-28 19:13:02,False,,medio,True
2026-09-28 19:22:58,2545,2026-09-28 19:18:08,1,2026-09-28 19:18:08,False,,bajo,True
2026-09-28 19:22:58,2551,2026-09-28 19:05:05,1,2026-09-28 19:05:05,False,,medio,True
2026-09-28 19:22:58,2639,2026-09-28 18:55:26,1,2026-09-28 18:55:26,False,,bajo,False
2026-09-28 19:22:58,2670,2026-09-28 19:20:25,1,2026-09-28 19:20:25,False,,bajo,False
2026-09-28 19:22:58,2675,2026-09-28 19:15:09,1,2026-09-28 19:15:09,False,,bajo,True
2026-09-28 19:22:58,2704,2026-09-28 15:37:50,1,2026-09-28 15:37:50,False,,bajo,False
2026-09-28 19:22:58,2705,2026-09-28 19:11:46,1,2026-09-28 19:11:46,False,,bajo,True
2026-09-28 19:22:58,2728,2026-09-27 07:16:43,1,2026-09-27 07:16:43,False,,bajo,False
2026-09-28 19:22:58,2731,2026-09-27 19:54:31,1,2026-09-27 19:54:31,False,,bajo,True
2026-09-28 19:22:58,2869,2026-09-28 18:55:21,1,2026-09-28 18:55:21,False,,bajo,True
2026-09-28 19:22:58,2881,2026-09-28 19:06:36,1,2026-09-28 19:06:36,False,,bajo,True
2026-09-28 19:22:58,2903,2026-09-28 17:09:20,1,2026-09-28 17:09:20,False,,medio,False
2026-09-28 19:22:58,2939,2026-09-28 18:57:29,1,2026-09-28 18:57:29,False,,bajo,True
2026-09-28 19:22:58,2940,2026-09-28 19:17:59,1,2026-09-28 19:17:59,False,,medio,False
2026-09-28 19:22:58,3051,2026-09-28 15:34:17,1,2026-09-28 15:34:17,False,,bajo,True
2026-09-28 19:22:58,3078,2026-09-28 19:21:31,1,2026-09-28 19:21:31,False,,bajo,True
2026-09-28 19:22:58,3114,2026-09-27 21:14:27,1,2026-09-27 21:14:27,False,,bajo,False
2026-09-28 19:22:58,3118,2026-09-26 10:59:24,1,2026-09-26 10:59:24,False,,bajo,False
2026-09-28 19:22:58,3119,2026-09-24 08:44:00,1,2026-09-24 08:44:00,False,,bajo,False
2026-09-28 19:22:58,3249,2026-09-28 18:48:51,1,2026-09-28 18:48:51,False,,medio,False
2026-09-28 19:22:58,2289,2026-09-28 19:19:03,0,2026-09-28 19:19:03,False,,bajo,False
2026-09-28 19:22:58,2292,2026-09-28 19:22:17,0,2026-09-28 19:22:17,False,,bajo,True
2026-09-28 19:22:58,2304,2026-06-03 08:24:38,0,2026-06-03 08:24:38,False,,bajo,False
2026-09-28 19:22:58,2329,2026-09-28 19:20:39,0,2026-09-28 19:20:39,False,,bajo,True
2026-09-28 19:22:58,2332,2026-09-28 19:21:35,0,2026-09-28 19:21:35,False,,bajo,True
2026-09-28 19:22:58,2359,2026-09-28 19:19:48,0,2026-09-28 19:19:48,False,,bajo,True
2026-09-28 19:22:58,2360,2026-09-28 19:21:23,0,2026-09-28 19:21:23,False,,medio,True
2026-09-28 19:22:58,2361,2025-03-13 16:03:26,0,2025-03-13 16:03:26,False,,bajo,False
2026-09-28 19:22:58,2384,2026-09-28 19:20:43,0,2026-09-28 19:20:43,False,,alto,True
2026-09-28 19:22:58,2394,2026-09-28 19:20:05,0,2026-09-28 19:20:05,False,,alto,True
2026-09-28 19:22:58,2395,2026-09-28 19:18:25,0,2026-09-28 19:18:25,False,,medio,True
2026-09-28 19:22:58,2405,2026-09-28 19:21:57,0,2026-09-28 19:21:57,False,,bajo,True
2026-09-28 19:22:58,2447,2026-09-28 17:04:34,0,2026-09-28 17:04:34,False,,bajo,False
2026-09-28 19:22:58,2448,2026-09-27 10:51:40,0,2026-09-27 10:51:40,False,,bajo,True
2026-09-28 19:22:58,2449,2026-09-20 09:29:22,0,2026-09-20 09:29:22,False,,bajo,False
2026-09-28 19:22:58,2450,2026-09-26 14:45:39,0,2026-09-26 14:45:39,False,,bajo,False
2026-09-28 19:22:58,2453,2026-09-26 18:58:56,0,2026-09-26 18:58:56,False,,bajo,True
2026-09-28 19:22:58,2454,2026-09-28 19:21:33,0,2026-09-28 19:21:33,False,,bajo,True
2026-09-28 19:22:58,2457,2026-09-28 19:20:44,0,2026-09-28 19:20:44,False,,bajo,True
2026-09-28 19:22:58,2470,2026-09-28 19:22:04,0,2026-09-28 19:22:04,False,,bajo,True
2026-09-28 19:22:58,2478,2026-09-28 19:21:31,0,2026-09-28 19:21:31,False,,bajo,True
2026-09-28 19:22:58,2479,2026-09-28 19:21:08,0,2026-09-28 19:21:08,False,,bajo,True
2026-09-28 19:22:58,2487,2026-09-26 17:26:14,0,2026-09-26 17:26:14,False,,bajo,False
2026-09-28 19:22:58,2490,2025-03-13 16:03:27,0,2025-03-13 16:03:27,False,,bajo,False
2026-09-28 19:22:58,2493,2025-03-13 16:03:26,0,2025-03-13 16:03:26,False,,bajo,False
2026-09-28 19:22:58,2499,2026-09-28 19:16:37,0,2026-09-28 19:16:37,False,,bajo,True
2026-09-28 19:22:58,2505,2026-09-28 19:17:48,0,2026-09-28 19:17:48,False,,bajo,True
2026-09-28 19:22:58,2507,2026-09-25 09:47:55,0,2026-09-25 09:47:55,False,,bajo,True
2026-09-28 19:22:58,2508,2026-09-28 18:25:39,0,2026-09-28 18:25:39,False,,bajo,True
2026-09-28 19:22:58,2517,2026-09-26 18:06:48,0,2026-09-26 18:06:48,False,,bajo,False
2026-09-28 19:22:58,2518,2026-09-28 19:22:06,0,2026-09-28 19:22:06,False,,bajo,True
2026-09-28 19:22:58,2520,2026-09-28 19:20:00,0,2026-09-28 19:20:00,False,,bajo,True
2026-09-28 19:22:58,2525,2026-09-28 17:59:15,0,2026-09-28 17:59:15,False,,bajo,True
2026-09-28 19:22:58,2526,2026-09-28 19:21:34,0,2026-09-28 19:21:34,False,,bajo,True
2026-09-28 19:22:58,2529,2026-09-28 19:22:01,0,2026-09-28 19:22:01,False,,bajo,True
2026-09-28 19:22:58,2530,2026-09-28 19:13:35,0,2026-09-28 19:13:35,False,,bajo,False
2026-09-28 19:22:58,2532,2026-09-28 19:22:02,0,2026-09-28 19:22:02,False,,bajo,True
2026-09-28 19:22:58,2534,2026-09-28 19:21:27,0,2026-09-28 19:21:27,False,,bajo,True
2026-09-28 19:22:58,2536,2026-09-28 19:12:31,0,2026-09-28 19:12:31,False,,bajo,True
2026-09-28 19:22:58,2539,2025-03-13 16:03:27,0,2025-03-13 16:03:27,False,,bajo,False
2026-09-28 19:22:58,2542,2026-09-28 17:56:42,0,2026-09-28 17:56:42,False,,bajo,True
2026-09-28 19:22:58,2547,2026-09-28 17:23:08,0,2026-09-28 17:23:08,False,,alto,False
2026-09-28 19:22:58,2548,2026-09-28 19:13:17,0,2026-09-28 19:13:17,False,,medio,True
2026-09-28 19:22:58,2552,2026-09-28 19:22:18,0,2026-09-28 19:22:18,False,,bajo,True
2026-09-28 19:22:58,2557,2026-09-28 19:06:55,0,2026-09-28 19:06:55,False,,bajo,True
2026-09-28 19:22:58,2563,2026-09-27 09:27:48,0,2026-09-27 09:27:48,False,,bajo,True
2026-09-28 19:22:58,2571,2026-09-28 19:18:43,0,2026-09-28 19:18:43,False,,bajo,True
2026-09-28 19:22:58,2580,2026-09-27 12:08:12,0,2026-09-27 12:08:12,False,,bajo,False
2026-09-28 19:22:58,2609,2026-09-28 06:48:42,0,2026-09-28 06:48:42,False,,bajo,False
2026-09-28 19:22:58,2610,2026-09-28 19:21:30,0,2026-09-28 19:21:30,False,,bajo,False
2026-09-28 19:22:58,2620,2026-09-28 19:21:34,0,2026-09-28 19:21:34,False,,bajo,True
2026-09-28 19:22:58,2622,2026-09-28 19:16:38,0,2026-09-28 19:16:38,False,,bajo,True
2026-09-28 19:22:58,2630,2026-09-28 17:50:52,0,2026-09-28 17:50:52,False,,bajo,True
2026-09-28 19:22:58,2647,2026-09-28 19:21:04,0,2026-09-28 19:21:04,False,,bajo,True
2026-09-28 19:22:58,2662,2026-09-28 19:21:24,0,2026-09-28 19:21:24,False,,bajo,True
2026-09-28 19:22:58,2677,2026-09-27 16:25:51,0,2026-09-27 16:25:51,False,,bajo,False
2026-09-28 19:22:58,2683,2026-09-26 19:49:01,0,2026-09-26 19:49:01,False,,bajo,False
2026-09-28 19:22:58,2685,2026-09-27 20:47:59,0,2026-09-27 20:47:59,False,,bajo,False
2026-09-28 19:22:58,2689,2026-09-28 19:21:29,0,2026-09-28 19:21:29,False,,medio,True
2026-09-28 19:22:58,2690,2026-09-28 19:16:30,0,2026-09-28 19:16:30,False,,bajo,False
2026-09-28 19:22:58,2694,2025-03-13 16:03:26,0,2025-03-13 16:03:26,False,,bajo,False
2026-09-28 19:22:58,2696,2026-09-27 17:24:53,0,2026-09-27 17:24:53,False,,bajo,False
2026-09-28 19:22:58,2698,2026-09-28 19:12:17,0,2026-09-28 19:12:17,False,,medio,True
2026-09-28 19:22:58,2703,2026-09-28 19:20:52,0,2026-09-28 19:20:52,False,,bajo,True
2026-09-28 19:22:58,2711,2026-09-26 08:13:30,0,2026-09-26 08:13:30,False,,bajo,False
2026-09-28 19:22:58,2715,2026-09-28 15:09:45,0,2026-09-28 15:09:45,False,,medio,False
2026-09-28 19:22:58,2716,2026-09-27 20:16:51,0,2026-09-27 20:16:51,False,,bajo,True
2026-09-28 19:22:58,2733,2025-03-13 16:03:27,0,2025-03-13 16:03:27,False,,bajo,False
2026-09-28 19:22:58,2742,2026-09-28 19:21:08,0,2026-09-28 19:21:08,False,,bajo,True
2026-09-28 19:22:58,2747,2026-09-28 17:14:26,0,2026-09-28 17:14:26,False,,medio,True
2026-09-28 19:22:58,2752,2025-03-13 16:03:27,0,2025-03-13 16:03:27,False,,bajo,False
2026-09-28 19:22:58,2764,2026-09-28 18:31:15,0,2026-09-28 18:31:15,False,,bajo,True
2026-09-28 19:22:58,2765,2026-09-28 19:18:07,0,2026-09-28 19:18:07,False,,bajo,False
2026-09-28 19:22:58,2772,2026-06-03 04:57:09,0,2026-06-03 04:57:09,False,,bajo,False
2026-09-28 19:22:58,2774,2026-09-28 19:21:55,0,2026-09-28 19:21:55,False,,bajo,True
2026-09-28 19:22:58,2776,2026-09-28 09:52:43,0,2026-09-28 09:52:43,False,,bajo,False
2026-09-28 19:22:58,2779,2026-09-28 14:59:53,0,2026-09-28 14:59:53,False,,bajo,True
2026-09-28 19:22:58,2783,2026-09-28 19:21:05,0,2026-09-28 19:21:05,False,,alto,True
2026-09-28 19:22:58,2784,2026-09-27 08:48:36,0,2026-09-27 08:48:36,False,,bajo,False
2026-09-28 19:22:58,2788,2026-09-26 11:38:23,0,2026-09-26 11:38:23,False,,bajo,False
2026-09-28 19:22:58,2793,2026-09-27 21:49:28,0,2026-09-27 21:49:28,False,,bajo,False
2026-09-28 19:22:58,2798,2026-09-28 19:17:36,0,2026-09-28 19:17:36,False,,medio,True
2026-09-28 19:22:58,2802,2026-06-03 00:08:20,0,2026-06-03 00:08:20,False,,bajo,False
2026-09-28 19:22:58,2805,2026-09-24 12:24:08,0,2026-09-24 12:24:08,False,,bajo,False
2026-09-28 19:22:58,2806,2026-09-28 19:16:32,0,2026-09-28 19:16:32,False,,bajo,True
2026-09-28 19:22:58,2809,2026-09-28 19:21:51,0,2026-09-28 19:21:51,False,,bajo,True
2026-09-28 19:22:58,2811,2026-09-26 20:18:36,0,2026-09-26 20:18:36,False,,bajo,False
2026-09-28 19:22:58,2861,2026-09-28 19:22:13,0,2026-09-28 19:22:13,False,,bajo,True
2026-09-28 19:22:58,2870,2026-09-26 17:11:28,0,2026-09-26 17:11:28,False,,bajo,False
2026-09-28 19:22:58,2873,2026-09-26 15:03:36,0,2026-09-26 15:03:36,False,,bajo,False
2026-09-28 19:22:58,2899,2026-09-28 19:21:15,0,2026-09-28 19:21:15,False,,bajo,True
2026-09-28 19:22:58,2900,2025-03-13 16:18:25,0,2025-03-13 16:18:25,False,,bajo,False
2026-09-28 19:22:58,2912,2026-09-28 07:53:40,0,2026-09-28 07:53:40,False,,alto,True
2026-09-28 19:22:58,2913,2026-09-28 18:52:54,0,2026-09-28 18:52:54,False,,bajo,True
2026-09-28 19:22:58,2928,2026-09-28 09:07:53,0,2026-09-28 09:07:53,False,,alto,False
2026-09-28 19:22:58,2934,2026-09-28 19:21:26,0,2026-09-28 19:21:26,False,,bajo,True
2026-09-28 19:22:58,2943,2026-09-28 18:10:20,0,2026-09-28 18:10:20,False,,bajo,False
2026-09-28 19:22:58,2945,2026-09-21 19:23:59,0,2026-09-21 19:23:59,False,,bajo,False
2026-09-28 19:22:58,2947,2026-09-28 19:21:14,0,2026-09-28 19:21:14,False,,bajo,True
2026-09-28 19:22:58,2956,2026-09-27 12:38:55,0,2026-09-27 12:38:55,False,,bajo,False
2026-09-28 19:22:58,2958,2026-09-28 17:25:10,0,2026-09-28 17:25:10,False,,bajo,False
2026-09-28 19:22:58,2968,2026-09-28 19:21:26,0,2026-09-28 19:21:26,False,,bajo,False
2026-09-28 19:22:58,3040,2026-09-27 15:54:39,0,2026-09-27 15:54:39,False,,bajo,True
2026-09-28 19:22:58,3052,2026-09-28 19:21:50,0,2026-09-28 19:21:50,False,,medio,True
2026-09-28 19:22:58,3053,2026-09-28 19:20:34,0,2026-09-28 19:20:34,False,,bajo,True
2026-09-28 19:22:58,3069,2026-09-27 23:24:51,0,2026-09-27 23:24:51,False,,bajo,False
2026-09-28 19:22:58,3083,2026-09-28 16:59:25,0,2026-09-28 16:59:25,False,,bajo,False
2026-09-28 19:22:58,3092,2026-09-28 19:22:06,0,2026-09-28 19:22:06,False,,bajo,True
2026-09-28 19:22:58,3123,2026-09-28 19:19:31,0,2026-09-28 19:19:31,False,,bajo,False
2026-09-28 19:22:58,3126,2026-09-28 19:15:16,0,2026-09-28 19:15:16,False,,medio,False
2026-09-28 19:22:58,3166,2026-09-28 16:17:51,0,2026-09-28 16:17:51,False,,bajo,True
2026-09-28 19:22:58,3182,2026-09-25 22:38:17,0,2026-09-25 22:38:17,False,,bajo,False
2026-09-28 19:22:58,3196,2026-09-28 19:22:12,0,2026-09-28 19:22:12,False,,bajo,True
2026-09-28 19:22:58,3200,2026-09-28 19:20:42,0,2026-09-28 19:20:42,False,,bajo,True
2026-09-28 19:22:58,3206,2026-09-26 14:56:35,0,2026-09-26 14:56:35,False,,bajo,False
2026-09-28 19:22:58,3218,2026-09-22 16:11:18,0,2026-09-22 16:11:18,False,,bajo,False
2026-09-28 19:22:58,3220,2026-09-27 12:43:14,0,2026-09-27 12:43:14,False,,bajo,False
2026-09-28 19:22:58,3221,2026-09-28 19:21:04,0,2026-09-28 19:21:04,False,,bajo,True
2026-09-28 19:22:58,3238,2026-09-26 11:02:10,0,2026-09-26 11:02:10,False,,bajo,False
2026-09-28 19:22:58,3241,2026-09-11 09:56:52,0,2026-09-11 09:56:52,False,,bajo,False
2026-09-28 19:22:58,3246,2026-09-28 09:41:51,0,2026-09-28 09:41:51,False,,bajo,True
2026-09-28 19:22:58,3252,2026-09-28 14:25:00,0,2026-09-28 14:25:00,False,,medio,True
2026-09-28 19:22:58,3261,2026-09-28 19:12:56,0,2026-09-28 19:12:56,False,,bajo,True
2026-09-28 19:22:58,4016,2026-09-28 19:21:38,0,2026-09-28 19:21:38,False,,bajo,True
2026-09-28 19:22:58,4027,2026-09-26 17:35:32,0,2026-09-26 17:35:32,False,,bajo,False
2026-09-28 19:22:58,2304,2026-09-28 19:03:27,1,2026-09-28 19:03:27,False,,bajo,True
2026-09-28 19:22:58,2332,2026-09-28 19:14:50,1,2026-09-28 19:14:50,False,,bajo,True
2026-09-28 19:22:58,2359,2026-09-28 19:18:42,1,2026-09-28 19:18:42,False,,bajo,True
2026-09-28 19:22:58,2361,2025-03-13 16:03:26,1,2025-03-13 16:03:26,False,,bajo,False
2026-09-28 19:22:58,2384,2026-09-28 18:25:13,1,2026-09-28 18:25:13,False,,bajo,False
2026-09-28 19:22:58,2394,2026-09-28 19:15:33,1,2026-09-28 19:15:33,False,,alto,True
2026-09-28 19:22:58,2395,2026-09-28 19:18:25,1,2026-09-28 19:18:25,False,,bajo,True
2026-09-28 19:22:58,2405,2026-09-27 08:53:09,1,2026-09-27 08:53:09,False,,bajo,False
2026-09-28 19:22:58,2447,2026-09-28 17:43:12,1,2026-09-28 17:43:12,False,,bajo,False
2026-09-28 19:22:58,2448,2026-09-28 19:21:13,1,2026-09-28 19:21:13,False,,bajo,True
2026-09-28 19:22:58,2449,2026-09-15 15:10:48,1,2026-09-15 15:10:48,False,,bajo,False
2026-09-28 19:22:58,2450,2026-09-26 13:51:01,1,2026-09-26 13:51:01,False,,bajo,False
2026-09-28 19:22:58,2453,2026-09-28 16:37:42,1,2026-09-28 16:37:42,False,,bajo,False
2026-09-28 19:22:58,2454,2026-09-28 19:21:11,1,2026-09-28 19:21:11,False,,medio,True
2026-09-28 19:22:58,2457,2026-09-28 18:09:02,1,2026-09-28 18:09:02,False,,bajo,False
2026-09-28 19:22:58,2478,2026-09-28 19:19:27,1,2026-09-28 19:19:27,False,,bajo,False
2026-09-28 19:22:58,2487,2026-09-27 11:02:13,1,2026-09-27 11:02:13,False,,bajo,False
2026-09-28 19:22:58,2490,2025-03-13 16:03:27,1,2025-03-13 16:03:27,False,,bajo,False
2026-09-28 19:22:58,2493,2025-03-13 16:03:26,1,2025-03-13 16:03:26,False,,bajo,False
2026-09-28 19:22:58,2499,2026-06-03 06:29:57,1,2026-06-03 06:29:57,False,,bajo,False
2026-09-28 19:22:58,2505,2026-09-28 18:47:44,1,2026-09-28 18:47:44,False,,medio,True
2026-09-28 19:22:58,2507,2026-09-24 16:12:18,1,2026-09-24 16:12:18,False,,bajo,False
2026-09-28 19:22:58,2508,2026-09-28 19:13:22,1,2026-09-28 19:13:22,False,,bajo,True
2026-09-28 19:22:58,2517,2026-09-27 11:58:02,1,2026-09-27 11:58:02,False,,medio,True
2026-09-28 19:22:58,2518,2026-09-28 18:51:33,1,2026-09-28 18:51:33,False,,bajo,True
2026-09-28 19:22:58,2520,2026-09-28 18:12:09,1,2026-09-28 18:12:09,False,,bajo,True
2026-09-28 19:22:58,2525,2026-09-28 14:17:50,1,2026-09-28 14:17:50,False,,bajo,True
2026-09-28 19:22:58,2526,2026-09-28 17:42:01,1,2026-09-28 17:42:01,False,,bajo,False
2026-09-28 19:22:58,2529,2026-09-28 19:19:00,1,2026-09-28 19:19:00,False,,bajo,True
2026-09-28 19:22:58,2530,2026-09-28 19:21:25,1,2026-09-28 19:21:25,False,,bajo,True
2026-09-28 19:22:58,2534,2026-09-28 19:14:36,1,2026-09-28 19:14:36,False,,bajo,True
2026-09-28 19:22:58,2536,2026-09-28 19:12:27,1,2026-09-28 19:12:27,False,,medio,False
2026-09-28 19:22:58,2539,2025-03-13 16:03:27,1,2025-03-13 16:03:27,False,,bajo,False
2026-09-28 19:22:58,2547,2026-09-28 19:13:02,1,2026-09-28 19:13:02,False,,bajo,True
2026-09-28 19:22:58,2548,2026-09-28 18:53:07,1,2026-09-28 18:53:07,False,,alto,True
2026-09-28 19:22:58,2552,2026-09-28 16:12:01,1,2026-09-28 16:12:01,False,,bajo,True
2026-09-28 19:22:58,2557,2026-09-28 19:16:31,1,2026-09-28 19:16:31,False,,bajo,True
2026-09-28 19:22:58,2563,2026-09-28 18:04:03,1,2026-09-28 18:04:03,False,,bajo,True
2026-09-28 19:22:58,2571,2026-09-28 18:44:16,1,2026-09-28 18:44:16,False,,bajo,True
2026-09-28 19:22:58,2580,2026-09-28 19:17:40,1,2026-09-28 19:17:40,False,,bajo,False
2026-09-28 19:22:58,2609,2026-09-17 22:26:21,1,2026-09-17 22:26:21,False,,bajo,False
2026-09-28 19:22:58,2610,2026-09-26 09:47:55,1,2026-09-26 09:47:55,False,,medio,True
2026-09-28 19:22:58,2620,2026-09-28 19:20:32,1,2026-09-28 19:20:32,False,,bajo,True
2026-09-28 19:22:58,2622,2026-09-28 18:46:41,1,2026-09-28 18:46:41,False,,bajo,True
2026-09-28 19:22:58,2630,2026-09-28 17:31:00,1,2026-09-28 17:31:00,False,,medio,False
2026-09-28 19:22:58,2647,2026-09-28 19:06:01,1,2026-09-28 19:06:01,False,,bajo,True
2026-09-28 19:22:58,2662,2026-09-28 18:49:39,1,2026-09-28 18:49:39,False,,bajo,False
2026-09-28 19:22:58,2677,2026-09-26 07:15:29,1,2026-09-26 07:15:29,False,,bajo,True
2026-09-28 19:22:58,2683,2026-09-26 12:59:54,1,2026-09-26 12:59:54,False,,bajo,True
2026-09-28 19:22:58,2685,2026-09-27 19:28:41,1,2026-09-27 19:28:41,False,,bajo,True
2026-09-28 19:22:58,2689,2026-09-28 19:15:44,1,2026-09-28 19:15:44,False,,medio,True
2026-09-28 19:22:58,2690,2026-09-28 19:16:29,1,2026-09-28 19:16:29,False,,bajo,True
2026-09-28 19:22:58,2694,2025-03-13 16:03:26,1,2025-03-13 16:03:26,False,,bajo,False
2026-09-28 19:22:58,2698,2026-09-28 19:12:14,1,2026-09-28 19:12:14,False,,bajo,True
2026-09-28 19:22:58,2703,2026-09-28 19:15:58,1,2026-09-28 19:15:58,False,,bajo,True
2026-09-28 19:22:58,2711,2026-09-27 21:49:35,1,2026-09-27 21:49:35,False,,bajo,True
2026-09-28 19:22:58,2715,2026-09-28 15:38:28,1,2026-09-28 15:38:28,False,,bajo,False
2026-09-28 19:22:58,2716,2026-09-28 19:20:10,1,2026-09-28 19:20:10,False,,bajo,True
2026-09-28 19:22:58,2742,2026-09-28 19:17:17,1,2026-09-28 19:17:17,False,,bajo,True
2026-09-28 19:22:58,2747,2026-09-28 19:20:26,1,2026-09-28 19:20:26,False,,bajo,True
2026-09-28 19:22:58,2764,2026-09-28 19:19:06,1,2026-09-28 19:19:06,False,,bajo,True
2026-09-28 19:22:58,2765,2026-09-28 19:15:08,1,2026-09-28 19:15:08,False,,bajo,False
2026-09-28 19:22:58,2772,2026-09-28 19:19:54,1,2026-09-28 19:19:54,False,,bajo,False
2026-09-28 19:22:58,2774,2026-09-28 18:18:28,1,2026-09-28 18:18:28,False,,bajo,False
2026-09-28 19:22:58,2776,2026-09-27 20:05:49,1,2026-09-27 20:05:49,False,,bajo,False
2026-09-28 19:22:58,2779,2026-09-28 06:52:55,1,2026-09-28 06:52:55,False,,bajo,False
2026-09-28 19:22:58,2783,2026-09-28 19:18:48,1,2026-09-28 19:18:48,False,,alto,True
2026-09-28 19:22:58,2784,2026-09-26 13:59:23,1,2026-09-26 13:59:23,False,,bajo,False
2026-09-28 19:22:58,2788,2026-09-24 15:43:26,1,2026-09-24 15:43:26,False,,bajo,False
2026-09-28 19:22:58,2793,2026-09-28 19:11:52,1,2026-09-28 19:11:52,False,,bajo,False
2026-09-28 19:22:58,2798,2026-09-28 19:07:33,1,2026-09-28 19:07:33,False,,alto,True
2026-09-28 19:22:58,2802,2026-09-28 18:41:29,1,2026-09-28 18:41:29,False,,bajo,False
2026-09-28 19:22:58,2805,2026-09-24 13:24:18,1,2026-09-24 13:24:18,False,,bajo,False
2026-09-28 19:22:58,2806,2026-09-28 18:26:32,1,2026-09-28 18:26:32,False,,bajo,False
2026-09-28 19:22:58,2811,2026-09-28 19:21:15,1,2026-09-28 19:21:15,False,,bajo,False
2026-09-28 19:22:58,2861,2026-06-03 08:53:58,1,2026-06-03 08:53:58,False,,bajo,False
2026-09-28 19:22:58,2870,2026-09-27 07:19:01,1,2026-09-27 07:19:01,False,,bajo,False
2026-09-28 19:22:58,2873,2026-09-28 15:54:10,1,2026-09-28 15:54:10,False,,bajo,False
2026-09-28 19:22:58,2899,2026-09-28 19:13:29,1,2026-09-28 19:13:29,False,,bajo,False
2026-09-28 19:22:58,2900,2025-03-13 16:18:25,1,2025-03-13 16:18:25,False,,bajo,False
2026-09-28 19:22:58,2912,2026-09-28 18:57:48,1,2026-09-28 18:57:48,False,,bajo,True
2026-09-28 19:22:58,2913,2026-09-28 19:06:38,1,2026-09-28 19:06:38,False,,bajo,False
2026-09-28 19:22:58,2928,2026-09-28 18:07:39,1,2026-09-28 18:07:39,False,,bajo,False
2026-09-28 19:22:58,2934,2026-09-28 19:21:43,1,2026-09-28 19:21:43,False,,bajo,True
2026-09-28 19:22:58,2943,2026-09-28 16:36:09,1,2026-09-28 16:36:09,False,,bajo,False
2026-09-28 19:22:58,2945,2026-09-27 18:08:23,1,2026-09-27 18:08:23,False,,bajo,False
2026-09-28 19:22:58,2956,2026-09-27 09:19:26,1,2026-09-27 09:19:26,False,,bajo,False
2026-09-28 19:22:58,2958,2026-09-28 08:56:34,1,2026-09-28 08:56:34,False,,bajo,False
2026-09-28 19:22:58,2968,2026-09-28 18:26:32,1,2026-09-28 18:26:32,False,,medio,False
2026-09-28 19:22:58,3040,2026-09-28 17:10:03,1,2026-09-28 17:10:03,False,,bajo,False
2026-09-28 19:22:58,3053,2026-09-28 19:12:13,1,2026-09-28 19:12:13,False,,bajo,True
2026-09-28 19:22:58,3069,2026-09-28 19:10:24,1,2026-09-28 19:10:24,False,,bajo,True
2026-09-28 19:22:58,3083,2026-09-28 18:08:36,1,2026-09-28 18:08:36,False,,bajo,True
2026-09-28 19:22:58,3092,2026-09-28 19:12:01,1,2026-09-28 19:12:01,False,,bajo,True
2026-09-28 19:22:58,3123,2026-09-28 19:21:52,1,2026-09-28 19:21:52,False,,bajo,True
2026-09-28 19:22:58,3126,2026-09-27 18:29:56,1,2026-09-27 18:29:56,False,,bajo,False
2026-09-28 19:22:58,3166,2026-06-03 07:30:20,1,2026-06-03 07:30:20,False,,bajo,False
2026-09-28 19:22:58,3182,2026-09-25 23:01:43,1,2026-09-25 23:01:43,False,,bajo,False
2026-09-28 19:22:58,3200,2026-09-28 19:10:49,1,2026-09-28 19:10:49,False,,bajo,True
2026-09-28 19:22:58,3206,2026-09-28 19:04:03,1,2026-09-28 19:04:03,False,,bajo,False
2026-09-28 19:22:58,3218,2026-09-28 14:44:24,1,2026-09-28 14:44:24,False,,bajo,False
2026-09-28 19:22:58,3220,2026-09-28 10:43:40,1,2026-09-28 10:43:40,False,,bajo,True
2026-09-28 19:22:58,3221,2026-09-28 19:17:12,1,2026-09-28 19:17:12,False,,bajo,True
2026-09-28 19:22:58,3241,2026-09-28 16:02:49,1,2026-09-28 16:02:49,False,,bajo,False
2026-09-28 19:22:58,3246,2026-09-28 19:02:19,1,2026-09-28 19:02:19,False,,bajo,True
2026-09-28 19:22:58,3252,2026-09-28 18:36:12,1,2026-09-28 18:36:12,False,,alto,False
2026-09-28 19:22:58,3261,2026-09-28 19:12:54,1,2026-09-28 19:12:54,False,,bajo,True
2026-09-28 19:22:58,3269,2026-09-27 02:41:26,1,2026-09-27 02:41:26,False,,bajo,True
2026-09-28 19:22:58,4016,2026-09-27 20:32:48,1,2026-09-27 20:32:48,False,,bajo,False
2026-09-28 19:22:58,4027,2026-09-27 09:22:36,1,2026-09-27 09:22:36,False,,bajo,False
2026-09-28 19:22:58,2292,2026-06-03 08:02:35,2,2026-06-03 08:02:35,False,,bajo,False
2026-09-28 19:22:58,2329,2026-06-03 08:44:35,2,2026-06-03 08:44:35,False,,bajo,False
2026-09-28 19:22:58,2454,2026-06-03 07:16:12,2,2026-06-03 07:16:12,False,,bajo,False
2026-09-28 19:22:58,2470,2026-06-03 08:25:54,2,2026-06-03 08:25:54,False,,bajo,False
2026-09-28 19:22:58,2479,2026-06-03 08:24:44,2,2026-06-03 08:24:44,False,,bajo,False
2026-09-28 19:22:58,2499,2026-06-03 06:29:57,2,2026-06-03 06:29:57,False,,bajo,False
2026-09-28 19:22:58,2507,2026-06-03 08:14:57,2,2026-06-03 08:14:57,False,,bajo,False
2026-09-28 19:22:58,2517,2026-06-03 07:30:55,2,2026-06-03 07:30:55,False,,bajo,False
2026-09-28 19:22:58,2532,2026-06-03 07:22:58,2,2026-06-03 07:22:58,False,,bajo,False
2026-09-28 19:22:58,2563,2026-06-03 08:43:14,2,2026-06-03 08:43:14,False,,bajo,False
2026-09-28 19:22:58,2620,2026-06-03 08:51:25,2,2026-06-03 08:51:25,False,,bajo,False
2026-09-28 19:22:58,2947,2026-06-03 07:46:53,2,2026-06-03 07:46:53,False,,bajo,False
2026-09-28 19:22:58,2968,2026-06-03 08:29:04,2,2026-06-03 08:29:04,False,,bajo,False
2026-09-28 19:22:58,3196,2026-06-03 06:38:18,2,2026-06-03 06:38:18,False,,bajo,False
2026-09-28 19:22:58,3206,2026-06-03 08:23:59,2,2026-06-03 08:23:59,False,,bajo,False
2026-09-28 19:22:58,2395,2026-06-03 08:40:16,3,2026-06-03 08:40:16,False,,bajo,False
2026-09-28 19:22:58,2405,2026-06-03 07:27:56,3,2026-06-03 07:27:56,False,,bajo,False
2026-09-28 19:22:58,2517,2026-06-03 07:30:55,3,2026-06-03 07:30:55,False,,bajo,False
2026-09-28 19:22:58,2529,2026-06-03 07:46:28,3,2026-06-03 07:46:28,False,,bajo,False
2026-09-28 19:22:58,2620,2026-06-03 08:51:25,3,2026-06-03 08:51:25,False,,bajo,False
2026-09-28 19:22:58,2630,2026-06-03 08:21:10,3,2026-06-03 08:21:10,False,,bajo,False
2026-09-28 19:22:58,2703,2026-06-03 07:20:39,3,2026-06-03 07:20:39,False,,bajo,False
2026-09-28 19:22:58,3053,2026-06-03 07:52:09,3,2026-06-03 07:52:09,False,,bajo,False
2026-09-28 19:22:58,3252,2026-06-03 06:40:45,3,2026-06-03 06:40:45,False,,bajo,False
2026-09-28 19:22:58,2228,2026-09-28 19:22:11,0,2026-09-28 19:22:11,False,,bajo,False
2026-09-28 19:22:58,2291,2026-09-28 19:20:16,0,2026-09-28 19:20:16,False,,medio,True
2026-09-28 19:22:58,2295,2026-09-28 17:34:39,0,2026-09-28 17:34:39,False,,bajo,False
2026-09-28 19:22:58,2297,2026-09-28 19:22:11,0,2026-09-28 19:22:11,False,,bajo,False
2026-09-28 19:22:58,2305,2026-09-28 18:18:01,0,2026-09-28 18:18:01,False,,bajo,False
2026-09-28 19:22:58,2306,2026-09-28 19:20:52,0,2026-09-28 19:20:52,False,,medio,True
2026-09-28 19:22:58,2307,2026-09-28 17:47:06,0,2026-09-28 17:47:06,False,,alto,False
2026-09-28 19:22:58,2308,2026-09-28 14:32:22,0,2026-09-28 14:32:22,False,,alto,False
2026-09-28 19:22:58,2408,2026-09-28 19:19:45,0,2026-09-28 19:19:45,False,,bajo,False
2026-09-28 19:22:58,2409,2025-05-07 18:03:24,0,2025-05-07 18:03:24,False,,bajo,False
2026-09-28 19:22:58,2416,2026-09-28 19:21:15,0,2026-09-28 19:21:15,False,,bajo,False
2026-09-28 19:22:58,2417,2026-09-28 16:40:45,0,2026-09-28 16:40:45,False,,alto,False
2026-09-28 19:22:58,2455,2026-09-28 19:21:54,0,2026-09-28 19:21:54,False,,medio,False
2026-09-28 19:22:58,2462,2026-09-28 19:08:09,0,2026-09-28 19:08:09,False,,bajo,False
2026-09-28 19:22:58,2486,2026-09-28 18:36:29,0,2026-09-28 18:36:29,False,,bajo,False
2026-09-28 19:22:58,2489,2026-09-28 15:25:52,0,2026-09-28 15:25:52,False,,bajo,False
2026-09-28 19:22:58,2522,2026-09-28 19:19:20,0,2026-09-28 19:19:20,False,,medio,True
2026-09-28 19:22:58,2523,2026-09-28 19:21:03,0,2026-09-28 19:21:03,False,,medio,True
2026-09-28 19:22:58,2543,2026-09-28 13:57:20,0,2026-09-28 13:57:20,False,,alto,False
2026-09-28 19:22:58,2555,2026-09-28 18:40:20,0,2026-09-28 18:40:20,False,,bajo,False
2026-09-28 19:22:58,2556,2026-09-28 19:21:22,0,2026-09-28 19:21:22,False,,medio,True
2026-09-28 19:22:58,2578,2026-09-28 19:20:31,0,2026-09-28 19:20:31,False,,medio,True
2026-09-28 19:22:58,2584,2026-09-28 17:56:10,0,2026-09-28 17:56:10,False,,bajo,False
2026-09-28 19:22:58,2597,2026-09-28 16:11:40,0,2026-09-28 16:11:40,False,,bajo,True
2026-09-28 19:22:58,2598,2026-09-28 14:38:36,0,2026-09-28 14:38:36,False,,bajo,False
2026-09-28 19:22:58,2600,2026-09-28 19:22:03,0,2026-09-28 19:22:03,False,,medio,True
2026-09-28 19:22:58,2612,2026-09-28 18:34:04,0,2026-09-28 18:34:04,False,,bajo,False
2026-09-28 19:22:58,2615,2026-09-28 17:02:27,0,2026-09-28 17:02:27,False,,alto,True
2026-09-28 19:22:58,2633,2026-09-28 19:22:15,0,2026-09-28 19:22:15,False,,bajo,False
2026-09-28 19:22:58,2640,2026-09-28 19:21:06,0,2026-09-28 19:21:06,False,,medio,True
2026-09-28 19:22:58,2643,2026-09-28 19:17:47,0,2026-09-28 19:17:47,False,,bajo,True
2026-09-28 19:22:58,2648,2026-09-28 16:57:49,0,2026-09-28 16:57:49,False,,bajo,False
2026-09-28 19:22:58,2651,2025-03-13 16:03:26,0,2025-03-13 16:03:26,False,,bajo,False
2026-09-28 19:22:58,2652,2026-09-28 19:22:08,0,2026-09-28 19:22:08,False,,bajo,True
2026-09-28 19:22:58,2656,2026-09-28 19:15:00,0,2026-09-28 19:15:00,False,,alto,True
2026-09-28 19:22:58,2657,2026-09-28 19:22:10,0,2026-09-28 19:22:10,False,,medio,True
2026-09-28 19:22:58,2658,2025-03-13 16:03:26,0,2025-03-13 16:03:26,False,,bajo,False
2026-09-28 19:22:58,2663,2026-09-28 16:08:05,0,2026-09-28 16:08:05,False,,bajo,True
2026-09-28 19:22:58,2679,2026-09-28 18:46:54,0,2026-09-28 18:46:54,False,,bajo,False
2026-09-28 19:22:58,2697,2026-09-28 16:28:42,0,2026-09-28 16:28:42,False,,bajo,False
2026-09-28 19:22:58,2709,2026-09-28 19:15:22,0,2026-09-28 19:15:22,False,,bajo,False
2026-09-28 19:22:58,2729,2026-09-28 16:17:06,0,2026-09-28 16:17:06,False,,medio,True
2026-09-28 19:22:58,2740,2026-09-28 15:25:24,0,2026-09-28 15:25:24,False,,medio,True
2026-09-28 19:22:58,2753,2026-09-28 18:02:18,0,2026-09-28 18:02:18,False,,bajo,False
2026-09-28 19:22:58,2763,2026-09-28 19:20:02,0,2026-09-28 19:20:02,False,,medio,False
2026-09-28 19:22:58,2769,2026-09-28 19:21:05,0,2026-09-28 19:21:05,False,,bajo,False
2026-09-28 19:22:58,2782,2026-09-28 19:21:08,0,2026-09-28 19:21:08,False,,bajo,False
2026-09-28 19:22:58,2786,2026-09-28 19:20:36,0,2026-09-28 19:20:36,False,,bajo,False
2026-09-28 19:22:58,2789,2026-09-28 17:15:18,0,2026-09-28 17:15:18,False,,bajo,False
2026-09-28 19:22:58,2792,2026-09-28 18:00:05,0,2026-09-28 18:00:05,False,,medio,False
2026-09-28 19:22:58,2794,2026-09-28 19:21:22,0,2026-09-28 19:21:22,False,,medio,True
2026-09-28 19:22:58,2800,2026-09-28 19:15:21,0,2026-09-28 19:15:21,False,,bajo,False
2026-09-28 19:22:58,2825,2026-09-25 12:17:01,0,2026-09-25 12:17:01,False,,bajo,True
2026-09-28 19:22:58,2829,2026-09-27 13:24:44,0,2026-09-27 13:24:44,False,,bajo,True
2026-09-28 19:22:58,2853,2026-09-28 19:21:02,0,2026-09-28 19:21:02,False,,bajo,True
2026-09-28 19:22:58,2856,2026-09-26 17:27:28,0,2026-09-26 17:27:28,False,,bajo,False
2026-09-28 19:22:58,2866,2026-09-28 19:21:22,0,2026-09-28 19:21:22,False,,medio,False
2026-09-28 19:22:58,2867,2026-09-28 10:00:39,0,2026-09-28 10:00:39,False,,bajo,True
2026-09-28 19:22:58,2877,2026-09-28 19:21:49,0,2026-09-28 19:21:49,False,,medio,True
2026-09-28 19:22:58,2905,2026-09-28 19:21:48,0,2026-09-28 19:21:48,False,,bajo,True
2026-09-28 19:22:58,2909,2026-09-28 19:00:02,0,2026-09-28 19:00:02,False,,bajo,True
2026-09-28 19:22:58,2910,2026-09-28 19:16:40,0,2026-09-28 19:16:40,False,,medio,True
2026-09-28 19:22:58,2916,2026-09-28 19:19:37,0,2026-09-28 19:19:37,False,,bajo,False
2026-09-28 19:22:58,2941,2026-09-28 19:21:17,0,2026-09-28 19:21:17,False,,medio,False
2026-09-28 19:22:58,2942,2026-09-28 19:15:18,0,2026-09-28 19:15:18,False,,medio,False
2026-09-28 19:22:58,2946,2026-09-28 18:20:28,0,2026-09-28 18:20:28,False,,bajo,False
2026-09-28 19:22:58,2950,2026-09-28 19:20:51,0,2026-09-28 19:20:51,False,,medio,False
2026-09-28 19:22:58,2951,2026-09-27 10:19:04,0,2026-09-27 10:19:04,False,,bajo,True
2026-09-28 19:22:58,2954,2026-09-28 19:22:17,0,2026-09-28 19:22:17,False,,bajo,False
2026-09-28 19:22:58,2959,2026-09-28 18:05:18,0,2026-09-28 18:05:18,False,,bajo,False
2026-09-28 19:22:58,2989,2026-09-28 19:22:07,0,2026-09-28 19:22:07,False,,bajo,True
2026-09-28 19:22:58,2991,2026-09-28 19:20:17,0,2026-09-28 19:20:17,False,,bajo,True
2026-09-28 19:22:58,3005,2026-09-28 17:27:28,0,2026-09-28 17:27:28,False,,medio,True
2026-09-28 19:22:58,3012,2026-09-28 19:19:32,0,2026-09-28 19:19:32,False,,medio,True
2026-09-28 19:22:58,3023,2026-09-28 18:04:35,0,2026-09-28 18:04:35,False,,bajo,False
2026-09-28 19:22:58,3032,2026-09-28 19:22:09,0,2026-09-28 19:22:09,False,,alto,True
2026-09-28 19:22:58,3043,2026-09-28 19:22:05,0,2026-09-28 19:22:05,False,,bajo,False
2026-09-28 19:22:58,3044,2026-09-28 19:21:24,0,2026-09-28 19:21:24,False,,medio,True
2026-09-28 19:22:58,3050,2026-09-28 19:22:14,0,2026-09-28 19:22:14,False,,medio,True
2026-09-28 19:22:58,3055,2026-09-28 19:20:14,0,2026-09-28 19:20:14,False,,bajo,True
2026-09-28 19:22:58,3063,2026-09-28 19:21:38,0,2026-09-28 19:21:38,False,,bajo,False
2026-09-28 19:22:58,3066,2026-09-28 19:22:13,0,2026-09-28 19:22:13,False,,bajo,True
2026-09-28 19:22:58,3073,2026-09-28 17:58:16,0,2026-09-28 17:58:16,False,,bajo,True
2026-09-28 19:22:58,3077,2026-09-28 12:39:56,0,2026-09-28 12:39:56,False,,bajo,False
2026-09-28 19:22:58,3081,2026-09-28 19:12:49,0,2026-09-28 19:12:49,False,,bajo,True
2026-09-28 19:22:58,3090,2026-09-28 19:21:48,0,2026-09-28 19:21:48,False,,bajo,True
2026-09-28 19:22:58,3095,2026-09-28 19:17:37,0,2026-09-28 19:17:37,False,,alto,True
2026-09-28 19:22:58,3098,2026-09-28 19:21:53,0,2026-09-28 19:21:53,False,,bajo,False
2026-09-28 19:22:58,3102,2026-09-28 17:10:23,0,2026-09-28 17:10:23,False,,bajo,False
2026-09-28 19:22:58,3115,2026-09-28 19:03:56,0,2026-09-28 19:03:56,False,,bajo,True
2026-09-28 19:22:58,3116,2025-03-13 16:03:27,0,2025-03-13 16:03:27,False,,bajo,False
2026-09-28 19:22:58,3124,2026-09-28 19:21:12,0,2026-09-28 19:21:12,False,,bajo,False
2026-09-28 19:22:58,3133,2026-09-26 19:05:29,0,2026-09-26 19:05:29,False,,bajo,False
2026-09-28 19:22:58,3134,2026-09-28 17:47:06,0,2026-09-28 17:47:06,False,,bajo,False
2026-09-28 19:22:58,3135,2026-09-28 19:19:26,0,2026-09-28 19:19:26,False,,alto,True
2026-09-28 19:22:58,3140,2026-09-28 19:22:01,0,2026-09-28 19:22:01,False,,bajo,True
2026-09-28 19:22:58,3149,2026-09-28 18:02:42,0,2026-09-28 18:02:42,False,,medio,False
2026-09-28 19:22:58,3158,2026-09-28 15:25:24,0,2026-09-28 15:25:24,False,,medio,False
2026-09-28 19:22:58,3168,2025-03-13 16:03:26,0,2025-03-13 16:03:26,False,,bajo,False
2026-09-28 19:22:58,3171,2026-09-28 17:58:04,0,2026-09-28 17:58:04,False,,bajo,True
2026-09-28 19:22:58,3192,2026-09-28 19:13:06,0,2026-09-28 19:13:06,False,,medio,True
2026-09-28 19:22:58,3211,2026-09-28 16:52:39,0,2026-09-28 16:52:39,False,,bajo,True
2026-09-28 19:22:58,3212,2026-09-28 19:21:13,0,2026-09-28 19:21:13,False,,alto,True
2026-09-28 19:22:58,3213,2026-09-28 18:35:17,0,2026-09-28 18:35:17,False,,bajo,False
2026-09-28 19:22:58,3234,2026-09-28 19:18:51,0,2026-09-28 19:18:51,False,,bajo,True
2026-09-28 19:22:58,3237,2026-09-28 19:21:07,0,2026-09-28 19:21:07,False,,medio,True
2026-09-28 19:22:58,3251,2026-09-28 19:09:23,0,2026-09-28 19:09:23,False,,alto,False
2026-09-28 19:22:58,3258,2026-08-03 14:55:48,0,2026-08-03 14:55:48,False,,bajo,False
2026-09-28 19:22:58,3267,2026-09-28 19:21:40,0,2026-09-28 19:21:40,False,,bajo,False
2026-09-28 19:22:58,4023,2026-09-28 18:10:25,0,2026-09-28 18:10:25,False,,medio,False
2026-09-28 19:22:58,4026,2026-09-28 12:13:39,0,2026-09-28 12:13:39,False,,bajo,False
2026-09-28 19:22:58,4029,2026-09-28 11:53:10,0,2026-09-28 11:53:10,False,,bajo,False
2026-09-28 19:22:58,2291,2026-09-28 18:54:54,1,2026-09-28 18:54:54,False,,bajo,True
2026-09-28 19:22:58,2297,2026-09-28 19:16:51,1,2026-09-28 19:16:51,False,,bajo,True
2026-09-28 19:22:58,2305,2026-09-28 19:06:27,1,2026-09-28 19:06:27,False,,alto,False
2026-09-28 19:22:58,2306,2026-09-28 19:15:33,1,2026-09-28 19:15:33,False,,alto,False
2026-09-28 19:22:58,2307,2026-09-28 19:20:28,1,2026-09-28 19:20:28,False,,bajo,True
2026-09-28 19:22:58,2308,2026-09-28 19:12:37,1,2026-09-28 19:12:37,False,,bajo,True
2026-09-28 19:22:58,2408,2026-09-28 17:18:53,1,2026-09-28 17:18:53,False,,medio,True
2026-09-28 19:22:58,2409,2025-08-30 10:05:33,1,2025-08-30 10:05:33,False,,bajo,False
2026-09-28 19:22:58,2416,2026-09-28 19:16:03,1,2026-09-28 19:16:03,False,,bajo,False
2026-09-28 19:22:58,2417,2026-09-28 19:06:13,1,2026-09-28 19:06:13,False,,medio,True
2026-09-28 19:22:58,2455,2026-09-28 19:22:06,1,2026-09-28 19:22:06,False,,medio,True
2026-09-28 19:22:58,2486,2026-09-28 16:51:41,1,2026-09-28 16:51:41,False,,medio,True
2026-09-28 19:22:58,2489,2025-08-27 05:35:03,1,2025-08-27 05:35:03,False,,bajo,False
2026-09-28 19:22:58,2523,2025-03-13 16:03:26,1,2025-03-13 16:03:26,False,,bajo,False
2026-09-28 19:22:58,2543,2026-09-28 19:09:09,1,2026-09-28 19:09:09,False,,medio,False
2026-09-28 19:22:58,2555,2026-09-28 19:05:16,1,2026-09-28 19:05:16,False,,bajo,False
2026-09-28 19:22:58,2578,2026-09-28 19:18:51,1,2026-09-28 19:18:51,False,,alto,True
2026-09-28 19:22:58,2584,2026-09-28 18:49:12,1,2026-09-28 18:49:12,False,,bajo,False
2026-09-28 19:22:58,2597,2026-09-28 18:27:03,1,2026-09-28 18:27:03,False,,medio,True
2026-09-28 19:22:58,2600,2026-09-28 18:30:05,1,2026-09-28 18:30:05,False,,bajo,True
2026-09-28 19:22:58,2612,2026-09-28 19:16:07,1,2026-09-28 19:16:07,False,,medio,True
2026-09-28 19:22:58,2640,2026-09-28 19:18:41,1,2026-09-28 19:18:41,False,,bajo,True
2026-09-28 19:22:58,2643,2026-09-28 19:17:47,1,2026-09-28 19:17:47,False,,medio,True
2026-09-28 19:22:58,2648,2026-07-03 08:32:22,1,2026-07-03 08:32:22,False,,bajo,False
2026-09-28 19:22:58,2651,2026-09-28 19:17:07,1,2026-09-28 19:17:07,False,,bajo,True
2026-09-28 19:22:58,2656,2026-09-28 19:19:22,1,2026-09-28 19:19:22,False,,bajo,True
2026-09-28 19:22:58,2657,2026-09-28 18:51:25,1,2026-09-28 18:51:25,False,,bajo,False
2026-09-28 19:22:58,2658,2026-09-28 19:21:09,1,2026-09-28 19:21:09,False,,bajo,True
2026-09-28 19:22:58,2663,2026-09-28 18:55:21,1,2026-09-28 18:55:21,False,,bajo,True
2026-09-28 19:22:58,2679,2026-09-28 19:17:23,1,2026-09-28 19:17:23,False,,bajo,True
2026-09-28 19:22:58,2697,2026-09-28 19:22:16,1,2026-09-28 19:22:16,False,,bajo,True
2026-09-28 19:22:58,2709,2026-09-28 19:22:16,1,2026-09-28 19:22:16,False,,medio,True
2026-09-28 19:22:58,2729,2026-09-28 19:01:23,1,2026-09-28 19:01:23,False,,medio,True
2026-09-28 19:22:58,2740,2026-09-28 18:20:29,1,2026-09-28 18:20:29,False,,bajo,False
2026-09-28 19:22:58,2753,2026-09-28 19:20:47,1,2026-09-28 19:20:47,False,,bajo,False
2026-09-28 19:22:58,2763,2026-09-28 19:21:56,1,2026-09-28 19:21:56,False,,medio,False
2026-09-28 19:22:58,2769,2026-09-28 19:15:35,1,2026-09-28 19:15:35,False,,bajo,True
2026-09-28 19:22:58,2782,2026-09-28 19:12:12,1,2026-09-28 19:12:12,False,,bajo,False
2026-09-28 19:22:58,2786,2026-09-28 19:14:28,1,2026-09-28 19:14:28,False,,bajo,True
2026-09-28 19:22:58,2789,2026-09-28 18:57:17,1,2026-09-28 18:57:17,False,,bajo,False
2026-09-28 19:22:58,2792,2026-09-28 19:21:40,1,2026-09-28 19:21:40,False,,medio,True
2026-09-28 19:22:58,2794,2026-09-28 19:18:42,1,2026-09-28 19:18:42,False,,bajo,False
2026-09-28 19:22:58,2800,2026-09-28 19:15:34,1,2026-09-28 19:15:34,False,,bajo,False
2026-09-28 19:22:58,2825,2026-09-28 18:41:13,1,2026-09-28 18:41:13,False,,bajo,False
2026-09-28 19:22:58,2829,2026-09-28 19:11:17,1,2026-09-28 19:11:17,False,,bajo,False
2026-09-28 19:22:58,2853,2025-03-13 16:03:26,1,2025-03-13 16:03:26,False,,bajo,False
2026-09-28 19:22:58,2856,2026-09-28 19:01:59,1,2026-09-28 19:01:59,False,,bajo,True
2026-09-28 19:22:58,2866,2026-09-28 18:55:08,1,2026-09-28 18:55:08,False,,medio,True
2026-09-28 19:22:58,2867,2026-09-28 17:11:27,1,2026-09-28 17:11:27,False,,bajo,True
2026-09-28 19:22:58,2877,2026-09-28 18:43:10,1,2026-09-28 18:43:10,False,,alto,True
2026-09-28 19:22:58,2905,2026-09-28 18:19:58,1,2026-09-28 18:19:58,False,,bajo,True
2026-09-28 19:22:58,2909,2026-09-28 19:22:11,1,2026-09-28 19:22:11,False,,bajo,False
2026-09-28 19:22:58,2910,2026-09-28 18:34:13,1,2026-09-28 18:34:13,False,,medio,True
2026-09-28 19:22:58,2916,2026-09-28 19:01:28,1,2026-09-28 19:01:28,False,,bajo,True
2026-09-28 19:22:58,2941,2026-09-28 19:13:08,1,2026-09-28 19:13:08,False,,medio,True
2026-09-28 19:22:58,2942,2026-09-28 19:15:16,1,2026-09-28 19:15:16,False,,bajo,False
2026-09-28 19:22:58,2946,2026-09-28 18:24:28,1,2026-09-28 18:24:28,False,,medio,True
2026-09-28 19:22:58,2950,2026-09-28 18:58:48,1,2026-09-28 18:58:48,False,,medio,False
2026-09-28 19:22:58,2951,2026-09-28 17:37:42,1,2026-09-28 17:37:42,False,,bajo,False
2026-09-28 19:22:58,2954,2026-09-28 14:21:27,1,2026-09-28 14:21:27,False,,bajo,False
2026-09-28 19:22:58,2959,2026-09-28 18:54:29,1,2026-09-28 18:54:29,False,,medio,False
2026-09-28 19:22:58,2989,2026-06-03 00:01:32,1,2026-06-03 00:01:32,False,,bajo,False
2026-09-28 19:22:58,2991,2026-06-03 00:11:39,1,2026-06-03 00:11:39,False,,bajo,False
2026-09-28 19:22:58,3005,2026-09-28 16:44:19,1,2026-09-28 16:44:19,False,,medio,True
2026-09-28 19:22:58,3012,2026-09-28 19:20:23,1,2026-09-28 19:20:23,False,,alto,False
2026-09-28 19:22:58,3023,2026-09-28 18:40:52,1,2026-09-28 18:40:52,False,,bajo,False
2026-09-28 19:22:58,3032,2026-09-28 19:21:10,1,2026-09-28 19:21:10,False,,medio,True
2026-09-28 19:22:58,3043,2026-09-28 18:48:47,1,2026-09-28 18:48:47,False,,medio,True
2026-09-28 19:22:58,3050,2025-03-13 16:03:26,1,2025-03-13 16:03:26,False,,bajo,False
2026-09-28 19:22:58,3055,2026-09-28 19:20:20,1,2026-09-28 19:20:20,False,,medio,True
2026-09-28 19:22:58,3063,2026-09-28 19:02:32,1,2026-09-28 19:02:32,False,,bajo,False
2026-09-28 19:22:58,3066,2026-09-28 18:38:45,1,2026-09-28 18:38:45,False,,bajo,False
2026-09-28 19:22:58,3073,2026-09-28 18:58:55,1,2026-09-28 18:58:55,False,,medio,True
2026-09-28 19:22:58,3077,2026-09-28 19:19:05,1,2026-09-28 19:19:05,False,,medio,False
2026-09-28 19:22:58,3081,2026-09-28 19:19:34,1,2026-09-28 19:19:34,False,,bajo,True
2026-09-28 19:22:58,3090,2026-09-28 18:41:05,1,2026-09-28 18:41:05,False,,bajo,True
2026-09-28 19:22:58,3095,2026-09-28 19:16:50,1,2026-09-28 19:16:50,False,,alto,True
2026-09-28 19:22:58,3098,2026-09-28 18:29:04,1,2026-09-28 18:29:04,False,,medio,False
2026-09-28 19:22:58,3115,2026-09-28 19:21:58,1,2026-09-28 19:21:58,False,,medio,True
2026-09-28 19:22:58,3124,2026-09-28 19:13:33,1,2026-09-28 19:13:33,False,,bajo,False
2026-09-28 19:22:58,3133,2026-09-28 17:50:32,1,2026-09-28 17:50:32,False,,medio,True
2026-09-28 19:22:58,3134,2026-09-28 19:01:13,1,2026-09-28 19:01:13,False,,bajo,False
2026-09-28 19:22:58,3135,2026-09-28 19:18:55,1,2026-09-28 19:18:55,False,,medio,True
2026-09-28 19:22:58,3149,2026-09-28 18:17:25,1,2026-09-28 18:17:25,False,,bajo,False
2026-09-28 19:22:58,3158,2026-09-28 17:48:55,1,2026-09-28 17:48:55,False,,medio,True
2026-09-28 19:22:58,3171,2026-09-28 18:41:58,1,2026-09-28 18:41:58,False,,bajo,True
2026-09-28 19:22:58,3212,2026-09-28 19:00:38,1,2026-09-28 19:00:38,False,,medio,True
2026-09-28 19:22:58,3213,2026-09-28 18:41:17,1,2026-09-28 18:41:17,False,,bajo,True
2026-09-28 19:22:58,3258,2026-09-28 19:09:31,1,2026-09-28 19:09:31,False,,medio,True
2026-09-28 19:22:58,3267,2026-09-28 18:33:17,1,2026-09-28 18:33:17,False,,bajo,False
2026-09-28 19:22:58,3276,2026-09-28 19:15:43,1,2026-09-28 19:15:43,False,,bajo,False
2026-09-28 19:22:58,4023,2026-09-28 19:19:35,1,2026-09-28 19:19:35,False,,alto,True
2026-09-28 19:22:58,4026,2026-09-28 19:20:48,1,2026-09-28 19:20:48,False,,medio,True
2026-09-28 19:22:58,4029,2026-09-28 19:20:08,1,2026-09-28 19:20:08,False,,bajo,False
2026-09-28 19:22:58,2228,2026-06-03 08:18:35,2,2026-06-03 08:18:35,False,,bajo,False
2026-09-28 19:22:58,2305,2026-06-03 06:05:23,2,2026-06-03 06:05:23,False,,bajo,False
2026-09-28 19:22:58,2455,2026-06-03 08:41:04,2,2026-06-03 08:41:04,False,,bajo,False
2026-09-28 19:22:58,2462,2026-08-13 15:52:51,2,2026-08-13 15:52:51,False,,bajo,False
2026-09-28 19:22:58,2489,2026-06-03 02:55:41,2,2026-06-03 02:55:41,False,,bajo,False
2026-09-28 19:22:58,2556,2026-06-03 08:33:18,2,2026-06-03 08:33:18,False,,bajo,False
2026-09-28 19:22:58,2633,2026-06-03 08:07:23,2,2026-06-03 08:07:23,False,,bajo,False
2026-09-28 19:22:58,2648,2026-06-03 00:17:04,2,2026-06-03 00:17:04,False,,bajo,False
2026-09-28 19:22:58,2657,2026-06-03 06:00:43,2,2026-06-03 06:00:43,False,,bajo,False
2026-09-28 19:22:58,2763,2026-06-03 08:29:55,2,2026-06-03 08:29:55,False,,bajo,False
2026-09-28 19:22:58,2905,2026-06-03 06:33:05,2,2026-06-03 06:33:05,False,,bajo,False
2026-09-28 19:22:58,2950,2026-08-25 15:00:09,2,2026-08-25 15:00:09,False,,bajo,False
2026-09-28 19:22:58,3055,2026-06-03 06:12:12,2,2026-06-03 06:12:12,False,,bajo,False
2026-09-28 19:22:58,3063,2026-06-03 08:39:31,2,2026-06-03 08:39:31,False,,bajo,False
2026-09-28 19:22:58,3134,2026-06-03 06:13:07,2,2026-06-03 06:13:07,False,,bajo,False
2026-09-28 19:22:58,3192,2026-06-03 06:29:23,2,2026-06-03 06:29:23,False,,bajo,False
2026-09-28 19:22:58,3194,2026-06-03 08:28:56,2,2026-06-03 08:28:56,False,,bajo,False
2026-09-28 19:22:58,3211,2026-06-03 07:21:15,2,2026-06-03 07:21:15,False,,bajo,False
2026-09-28 19:22:58,3213,2026-07-22 03:30:47,2,2026-07-22 03:30:47,False,,bajo,False
2026-09-28 19:22:58,3237,2026-06-03 08:08:14,2,2026-06-03 08:08:14,False,,bajo,False
2026-09-28 19:22:58,2348,2026-09-28 10:22:17,0,2026-09-28 10:22:17,False,,bajo,False
2026-09-28 19:22:58,2353,2026-09-27 15:02:56,0,2026-09-27 15:02:56,False,,bajo,True
2026-09-28 19:22:58,2355,2026-09-26 23:07:37,0,2026-09-26 23:07:37,False,,bajo,False
2026-09-28 19:22:58,2356,2026-09-26 16:43:54,0,2026-09-26 16:43:54,False,,medio,True
2026-09-28 19:22:58,2535,2026-09-27 20:41:14,0,2026-09-27 20:41:14,False,,bajo,True
2026-09-28 19:22:58,2549,2026-09-27 12:48:46,0,2026-09-27 12:48:46,False,,bajo,False
2026-09-28 19:22:58,2564,2026-09-26 16:13:34,0,2026-09-26 16:13:34,False,,bajo,True
2026-09-28 19:22:58,2577,2026-09-26 16:04:40,0,2026-09-26 16:04:40,False,,bajo,True
2026-09-28 19:22:58,2585,2026-09-26 21:13:12,0,2026-09-26 21:13:12,False,,medio,True
2026-09-28 19:22:58,2589,2026-09-27 09:48:02,0,2026-09-27 09:48:02,False,,bajo,False
2026-09-28 19:22:58,2595,2026-09-28 11:01:08,0,2026-09-28 11:01:08,False,,bajo,True
2026-09-28 19:22:58,2605,2026-09-26 14:00:21,0,2026-09-26 14:00:21,False,,bajo,True
2026-09-28 19:22:58,2624,2026-09-28 18:39:40,0,2026-09-28 18:39:40,False,,bajo,True
2026-09-28 19:22:58,2636,2026-09-26 17:51:59,0,2026-09-26 17:51:59,False,,bajo,True
2026-09-28 19:22:58,2637,2026-09-27 19:42:13,0,2026-09-27 19:42:13,False,,medio,True
2026-09-28 19:22:58,2638,2025-03-13 16:03:26,0,2025-03-13 16:03:26,False,,bajo,False
2026-09-28 19:22:58,2641,2026-09-27 11:06:48,0,2026-09-27 11:06:48,False,,bajo,True
2026-09-28 19:22:58,2644,2026-09-26 19:51:09,0,2026-09-26 19:51:09,False,,medio,True
2026-09-28 19:22:58,2650,2026-04-03 16:21:31,0,2026-04-03 16:21:31,False,,bajo,False
2026-09-28 19:22:58,2672,2026-08-18 03:18:38,0,2026-08-18 03:18:38,False,,bajo,False
2026-09-28 19:22:58,2674,2026-09-26 17:57:04,0,2026-09-26 17:57:04,False,,bajo,True
2026-09-28 19:22:58,2684,2026-09-26 16:59:28,0,2026-09-26 16:59:28,False,,bajo,True
2026-09-28 19:22:58,2692,2026-09-26 17:26:08,0,2026-09-26 17:26:08,False,,medio,True
2026-09-28 19:22:58,2720,2026-09-27 13:44:01,0,2026-09-27 13:44:01,False,,bajo,False
2026-09-28 19:22:58,2886,2026-09-28 19:21:09,0,2026-09-28 19:21:09,False,,bajo,True
2026-09-28 19:22:58,3000,2026-09-28 19:21:51,0,2026-09-28 19:21:51,False,,bajo,True
2026-09-28 19:22:58,3001,2026-09-28 19:22:01,0,2026-09-28 19:22:01,False,,bajo,True
2026-09-28 19:22:58,3007,2026-09-26 17:32:43,0,2026-09-26 17:32:43,False,,bajo,True
2026-09-28 19:22:58,3015,2026-09-27 15:52:39,0,2026-09-27 15:52:39,False,,bajo,True
2026-09-28 19:22:58,3034,2026-09-26 15:27:16,0,2026-09-26 15:27:16,False,,bajo,True
2026-09-28 19:22:58,3091,2026-09-27 11:41:28,0,2026-09-27 11:41:28,False,,bajo,True
2026-09-28 19:22:58,3125,2026-09-26 22:12:27,0,2026-09-26 22:12:27,False,,bajo,False
2026-09-28 19:22:58,3236,2026-09-27 08:22:07,0,2026-09-27 08:22:07,False,,bajo,True
2026-09-28 19:22:58,3275,2026-09-26 23:34:23,0,2026-09-26 23:34:23,False,,bajo,False
2026-09-28 19:22:58,2348,2026-09-28 19:01:03,1,2026-09-28 19:01:03,False,,bajo,True
2026-09-28 19:22:58,2353,2026-09-28 19:14:09,1,2026-09-28 19:14:09,False,,alto,True
2026-09-28 19:22:58,2355,2026-09-28 18:41:02,1,2026-09-28 18:41:02,False,,medio,True
2026-09-28 19:22:58,2356,2026-09-28 19:20:35,1,2026-09-28 19:20:35,False,,bajo,True
2026-09-28 19:22:58,2535,2026-09-28 19:13:19,1,2026-09-28 19:13:19,False,,bajo,True
2026-09-28 19:22:58,2549,2026-09-28 17:39:44,1,2026-09-28 17:39:44,False,,bajo,False
2026-09-28 19:22:58,2564,2026-09-28 19:17:24,1,2026-09-28 19:17:24,False,,alto,True
2026-09-28 19:22:58,2577,2026-09-28 17:43:11,1,2026-09-28 17:43:11,False,,bajo,True
2026-09-28 19:22:58,2585,2025-12-11 16:55:33,1,2025-12-11 16:55:33,False,,bajo,False
2026-09-28 19:22:58,2589,2026-09-28 19:08:28,1,2026-09-28 19:08:28,False,,bajo,False
2026-09-28 19:22:58,2595,2026-09-28 18:46:10,1,2026-09-28 18:46:10,False,,bajo,True
2026-09-28 19:22:58,2605,2026-09-28 19:17:10,1,2026-09-28 19:17:10,False,,bajo,False
2026-09-28 19:22:58,2624,2026-09-28 18:00:14,1,2026-09-28 18:00:14,False,,bajo,False
2026-09-28 19:22:58,2636,2026-09-28 18:54:46,1,2026-09-28 18:54:46,False,,alto,True
2026-09-28 19:22:58,2637,2026-09-28 19:06:12,1,2026-09-28 19:06:12,False,,bajo,True
2026-09-28 19:22:58,2638,2025-03-13 16:03:26,1,2025-03-13 16:03:26,False,,bajo,False
2026-09-28 19:22:58,2641,2026-09-28 14:46:42,1,2026-09-28 14:46:42,False,,bajo,True
2026-09-28 19:22:58,2644,2026-09-28 19:13:54,1,2026-09-28 19:13:54,False,,bajo,False
2026-09-28 19:22:58,2650,2025-12-17 11:02:46,1,2025-12-17 11:02:46,False,,bajo,False
2026-09-28 19:22:58,2672,2026-08-18 10:46:23,1,2026-08-18 10:46:23,False,,bajo,False
2026-09-28 19:22:58,2674,2026-09-28 19:17:46,1,2026-09-28 19:17:46,False,,bajo,True
2026-09-28 19:22:58,2684,2026-09-28 19:15:59,1,2026-09-28 19:15:59,False,,bajo,True
2026-09-28 19:22:58,2692,2026-09-28 19:04:31,1,2026-09-28 19:04:31,False,,bajo,True
2026-09-28 19:22:58,2720,2026-09-28 16:42:58,1,2026-09-28 16:42:58,False,,bajo,False
2026-09-28 19:22:58,2886,2026-09-28 19:06:25,1,2026-09-28 19:06:25,False,,bajo,True
2026-09-28 19:22:58,3000,2026-09-28 19:14:03,1,2026-09-28 19:14:03,False,,bajo,True
2026-09-28 19:22:58,3001,2026-01-05 08:26:33,1,2026-01-05 08:26:33,False,,bajo,False
2026-09-28 19:22:58,3007,2026-09-28 17:29:22,1,2026-09-28 17:29:22,False,,bajo,True
2026-09-28 19:22:58,3015,2026-09-26 19:28:39,1,2026-09-26 19:28:39,False,,bajo,False
2026-09-28 19:22:58,3034,2026-09-28 18:14:48,1,2026-09-28 18:14:48,False,,bajo,True
2026-09-28 19:22:58,3091,2026-09-28 09:07:12,1,2026-09-28 09:07:12,False,,bajo,False
2026-09-28 19:22:58,3125,2026-09-28 19:12:11,1,2026-09-28 19:12:11,False,,bajo,False
2026-09-28 19:22:58,3236,2026-09-28 18:18:28,1,2026-09-28 18:18:28,False,,bajo,True
2026-09-28 19:22:58,3275,2026-09-28 19:16:21,1,2026-09-28 19:16:21,False,,bajo,True
2026-09-28 19:22:58,2589,2025-03-13 16:03:26,2,2025-03-13 16:03:26,False,,bajo,False
2026-09-28 19:22:58,2333,2026-06-03 07:34:42,0,2026-06-03 07:34:42,False,,bajo,False
2026-09-28 19:22:58,2338,2026-09-28 19:19:37,0,2026-09-28 19:19:37,False,,bajo,False
2026-09-28 19:22:58,2345,2026-09-28 18:03:00,0,2026-09-28 18:03:00,False,,bajo,False
2026-09-28 19:22:58,2346,2026-09-28 18:31:18,0,2026-09-28 18:31:18,False,,medio,True
2026-09-28 19:22:58,2425,2026-09-26 14:37:38,0,2026-09-26 14:37:38,False,,bajo,False
2026-09-28 19:22:58,2444,2026-09-26 13:46:24,0,2026-09-26 13:46:24,False,,bajo,False
2026-09-28 19:22:58,2481,2026-09-28 18:03:08,0,2026-09-28 18:03:08,False,,bajo,False
2026-09-28 19:22:58,2502,2026-09-28 19:21:18,0,2026-09-28 19:21:18,False,,bajo,False
2026-09-28 19:22:58,2514,2026-09-28 15:57:40,0,2026-09-28 15:57:40,False,,bajo,False
2026-09-28 19:22:58,2515,2026-09-28 16:17:48,0,2026-09-28 16:17:48,False,,bajo,False
2026-09-28 19:22:58,2537,2026-09-28 19:21:16,0,2026-09-28 19:21:16,False,,medio,True
2026-09-28 19:22:58,2601,2026-09-28 19:18:37,0,2026-09-28 19:18:37,False,,medio,True
2026-09-28 19:22:58,2617,2026-09-26 22:08:45,0,2026-09-26 22:08:45,False,,medio,False
2026-09-28 19:22:58,2618,2026-09-26 12:16:59,0,2026-09-26 12:16:59,False,,bajo,False
2026-09-28 19:22:58,2645,2026-09-28 18:25:09,0,2026-09-28 18:25:09,False,,bajo,False
2026-09-28 19:22:58,2725,2026-09-26 12:43:21,0,2026-09-26 12:43:21,False,,bajo,False
2026-09-28 19:22:58,2727,2026-09-26 14:17:33,0,2026-09-26 14:17:33,False,,bajo,False
2026-09-28 19:22:58,2787,2026-09-27 08:04:59,0,2026-09-27 08:04:59,False,,bajo,False
2026-09-28 19:22:58,2883,2026-09-28 19:11:06,0,2026-09-28 19:11:06,False,,bajo,False
2026-09-28 19:22:58,2885,2026-09-21 21:43:27,0,2026-09-21 21:43:27,False,,bajo,False
2026-09-28 19:22:58,2888,2026-09-28 19:09:45,0,2026-09-28 19:09:45,False,,bajo,False
2026-09-28 19:22:58,2957,2026-09-25 13:53:45,0,2026-09-25 13:53:45,False,,bajo,False
2026-09-28 19:22:58,2960,2026-09-20 18:47:23,0,2026-09-20 18:47:23,False,,bajo,False
2026-09-28 19:22:58,3003,2026-09-28 19:14:24,0,2026-09-28 19:14:24,False,,bajo,False
2026-09-28 19:22:58,3004,2026-09-28 19:21:34,0,2026-09-28 19:21:34,False,,bajo,True
2026-09-28 19:22:58,3047,2026-09-27 22:24:46,0,2026-09-27 22:24:46,False,,bajo,True
2026-09-28 19:22:58,3062,2026-09-26 19:49:21,0,2026-09-26 19:49:21,False,,bajo,True
2026-09-28 19:22:58,3071,2026-09-25 13:44:42,0,2026-09-25 13:44:42,False,,bajo,False
2026-09-28 19:22:58,3136,2026-09-26 12:08:47,0,2026-09-26 12:08:47,False,,bajo,False
2026-09-28 19:22:58,3174,2026-09-28 18:03:19,0,2026-09-28 18:03:19,False,,bajo,False
2026-09-28 19:22:58,3175,2026-09-28 18:45:34,0,2026-09-28 18:45:34,False,,bajo,False
2026-09-28 19:22:58,3262,2026-09-20 13:00:59,0,2026-09-20 13:00:59,False,,bajo,False
2026-09-28 19:22:58,3277,2026-09-28 19:20:05,0,2026-09-28 19:20:05,False,,bajo,False
2026-09-28 19:22:58,2333,2026-06-03 07:34:43,1,2026-06-03 07:34:43,False,,bajo,False
2026-09-28 19:22:58,2338,2026-09-28 19:10:43,1,2026-09-28 19:10:43,False,,bajo,True
2026-09-28 19:22:58,2345,2026-09-28 18:12:39,1,2026-09-28 18:12:39,False,,bajo,False
2026-09-28 19:22:58,2346,2026-09-28 19:21:25,1,2026-09-28 19:21:25,False,,bajo,False
2026-09-28 19:22:58,2425,2026-09-28 19:20:48,1,2026-09-28 19:20:48,False,,bajo,False
2026-09-28 19:22:58,2444,2026-09-28 18:16:12,1,2026-09-28 18:16:12,False,,bajo,False
2026-09-28 19:22:58,2481,2026-09-28 19:01:11,1,2026-09-28 19:01:11,False,,bajo,False
2026-09-28 19:22:58,2502,2026-09-28 19:21:18,1,2026-09-28 19:21:18,False,,medio,False
2026-09-28 19:22:58,2514,2026-09-28 17:45:22,1,2026-09-28 17:45:22,False,,bajo,False
2026-09-28 19:22:58,2515,2026-09-28 16:41:19,1,2026-09-28 16:41:19,False,,bajo,False
2026-09-28 19:22:58,2537,2026-09-28 19:22:11,1,2026-09-28 19:22:11,False,,medio,True
2026-09-28 19:22:58,2601,2026-09-28 19:12:18,1,2026-09-28 19:12:18,False,,bajo,False
2026-09-28 19:22:58,2617,2026-09-28 19:18:05,1,2026-09-28 19:18:05,False,,alto,True
2026-09-28 19:22:58,2618,2026-09-28 15:59:08,1,2026-09-28 15:59:08,False,,medio,True
2026-09-28 19:22:58,2645,2026-09-28 19:17:30,1,2026-09-28 19:17:30,False,,bajo,True
2026-09-28 19:22:58,2725,2026-09-28 18:48:58,1,2026-09-28 18:48:58,False,,bajo,True
2026-09-28 19:22:58,2727,2026-09-28 16:43:00,1,2026-09-28 16:43:00,False,,bajo,False
2026-09-28 19:22:58,2787,2026-09-28 16:32:04,1,2026-09-28 16:32:04,False,,bajo,False
2026-09-28 19:22:58,2883,2026-09-28 19:16:13,1,2026-09-28 19:16:13,False,,bajo,False
2026-09-28 19:22:58,2885,2026-09-28 19:21:09,1,2026-09-28 19:21:09,False,,bajo,False
2026-09-28 19:22:58,2888,2026-09-28 19:21:40,1,2026-09-28 19:21:40,False,,bajo,True
2026-09-28 19:22:58,2957,2026-09-28 19:19:32,1,2026-09-28 19:19:32,False,,bajo,False
2026-09-28 19:22:58,2960,2026-09-28 18:48:26,1,2026-09-28 18:48:26,False,,bajo,True
2026-09-28 19:22:58,3003,2026-09-28 19:22:35,1,2026-09-28 19:22:35,False,,bajo,True
2026-09-28 19:22:58,3004,2026-06-03 08:58:20,1,2026-06-03 08:58:20,False,,bajo,False
2026-09-28 19:22:58,3047,2026-09-27 22:24:25,1,2026-09-27 22:24:25,False,,bajo,True
2026-09-28 19:22:58,3062,2026-09-28 18:53:54,1,2026-09-28 18:53:54,False,,bajo,True
2026-09-28 19:22:58,3071,2026-09-19 19:30:15,1,2026-09-19 19:30:15,False,,bajo,False
2026-09-28 19:22:58,3136,2026-09-28 19:09:39,1,2026-09-28 19:09:39,False,,bajo,True
2026-09-28 19:22:58,3174,2026-09-28 09:28:33,1,2026-09-28 09:28:33,False,,bajo,False
2026-09-28 19:22:58,3175,2026-06-03 07:27:38,1,2026-06-03 07:27:38,False,,bajo,False
2026-09-28 19:22:58,3262,2026-09-28 19:16:42,1,2026-09-28 19:16:42,False,,bajo,True
2026-09-28 19:22:58,3277,2026-09-28 19:17:36,1,2026-09-28 19:17:36,False,,bajo,False
2026-09-28 19:22:58,2537,2025-03-13 16:03:26,2,2025-03-13 16:03:26,False,,bajo,False
2026-09-28 19:22:58,2249,2026-09-28 17:06:31,0,2026-09-28 17:06:31,False,,bajo,False
2026-09-28 19:22:58,2251,2026-09-28 17:40:25,0,2026-09-28 17:40:25,False,,bajo,False
2026-09-28 19:22:58,2339,2026-09-28 15:56:34,0,2026-09-28 15:56:34,False,,bajo,False
2026-09-28 19:22:58,2341,2026-09-28 15:55:58,0,2026-09-28 15:55:58,False,,bajo,False
2026-09-28 19:22:58,2350,2026-09-28 15:16:30,0,2026-09-28 15:16:30,False,,bajo,False
2026-09-28 19:22:58,2364,2026-09-28 19:21:47,0,2026-09-28 19:21:47,False,,bajo,True
2026-09-28 19:22:58,2386,2026-09-28 18:29:01,0,2026-09-28 18:29:01,False,,medio,True
2026-09-28 19:22:58,2388,2026-09-28 15:47:38,0,2026-09-28 15:47:38,False,,bajo,False
2026-09-28 19:22:58,2390,2026-09-28 18:10:10,0,2026-09-28 18:10:10,False,,alto,True
2026-09-28 19:22:58,2472,2026-09-28 18:11:22,0,2026-09-28 18:11:22,False,,alto,False
2026-09-28 19:22:58,2500,2026-09-26 10:52:05,0,2026-09-26 10:52:05,False,,medio,True
2026-09-28 19:22:58,2528,2026-09-26 17:59:23,0,2026-09-26 17:59:23,False,,bajo,False
2026-09-28 19:22:58,2559,2026-09-26 15:21:09,0,2026-09-26 15:21:09,False,,bajo,True
2026-09-28 19:22:58,2603,2026-09-26 17:06:41,0,2026-09-26 17:06:41,False,,bajo,True
2026-09-28 19:22:58,2616,2026-09-26 10:01:59,0,2026-09-26 10:01:59,False,,bajo,True
2026-09-28 19:22:58,2627,2026-09-28 16:32:10,0,2026-09-28 16:32:10,False,,bajo,False
2026-09-28 19:22:58,2642,2026-09-28 16:59:06,0,2026-09-28 16:59:06,False,,medio,False
2026-09-28 19:22:58,2646,2026-09-26 22:01:42,0,2026-09-26 22:01:42,False,,bajo,False
2026-09-28 19:22:58,2688,2026-09-28 13:48:28,0,2026-09-28 13:48:28,False,,bajo,False
2026-09-28 19:22:58,2804,2026-09-28 18:48:24,0,2026-09-28 18:48:24,False,,bajo,True
2026-09-28 19:22:58,2857,2026-09-28 19:18:07,0,2026-09-28 19:18:07,False,,bajo,True
2026-09-28 19:22:58,2868,2026-09-28 10:35:58,0,2026-09-28 10:35:58,False,,bajo,True
2026-09-28 19:22:58,2911,2026-09-28 19:18:27,0,2026-09-28 19:18:27,False,,bajo,True
2026-09-28 19:22:58,2974,2026-09-28 19:00:56,0,2026-09-28 19:00:56,False,,bajo,False
2026-09-28 19:22:58,2977,2026-09-28 16:24:48,0,2026-09-28 16:24:48,False,,bajo,False
2026-09-28 19:22:58,2979,2026-09-28 16:31:04,0,2026-09-28 16:31:04,False,,bajo,True
2026-09-28 19:22:58,2980,2026-09-25 16:48:01,0,2026-09-25 16:48:01,False,,bajo,True
2026-09-28 19:22:58,2981,2026-09-28 19:21:53,0,2026-09-28 19:21:53,False,,bajo,False
2026-09-28 19:22:58,2982,2026-09-28 15:40:08,0,2026-09-28 15:40:08,False,,bajo,False
2026-09-28 19:22:58,3046,2026-09-28 19:22:20,0,2026-09-28 19:22:20,False,,medio,True
2026-09-28 19:22:58,3257,2026-09-28 08:12:21,0,2026-09-28 08:12:21,False,,bajo,True
2026-09-28 19:22:58,2249,2026-09-28 19:10:31,1,2026-09-28 19:10:31,False,,alto,False
2026-09-28 19:22:58,2251,2026-09-28 19:13:58,1,2026-09-28 19:13:58,False,,bajo,True
2026-09-28 19:22:58,2339,2026-09-28 19:21:30,1,2026-09-28 19:21:30,False,,bajo,True
2026-09-28 19:22:58,2350,2026-09-28 19:08:03,1,2026-09-28 19:08:03,False,,bajo,True
2026-09-28 19:22:58,2364,2026-09-28 19:08:04,1,2026-09-28 19:08:04,False,,medio,True
2026-09-28 19:22:58,2472,2026-09-28 19:13:14,1,2026-09-28 19:13:14,False,,bajo,True
2026-09-28 19:22:58,2500,2026-09-28 18:59:46,1,2026-09-28 18:59:46,False,,medio,True
2026-09-28 19:22:58,2528,2026-09-28 18:56:03,1,2026-09-28 18:56:03,False,,bajo,True
2026-09-28 19:22:58,2559,2026-09-28 19:21:18,1,2026-09-28 19:21:18,False,,bajo,True
2026-09-28 19:22:58,2603,2026-09-28 19:18:21,1,2026-09-28 19:18:21,False,,medio,True
2026-09-28 19:22:58,2616,2026-09-28 19:22:37,1,2026-09-28 19:22:37,False,,bajo,True
2026-09-28 19:22:58,2627,2026-09-28 18:56:59,1,2026-09-28 18:56:59,False,,medio,True
2026-09-28 19:22:58,2642,2026-09-28 16:59:06,1,2026-09-28 16:59:06,False,,medio,True
2026-09-28 19:22:58,2646,2026-09-28 19:02:09,1,2026-09-28 19:02:09,False,,bajo,True
2026-09-28 19:22:58,2688,2026-09-28 19:08:34,1,2026-09-28 19:08:34,False,,alto,True
2026-09-28 19:22:58,2804,2026-09-28 19:11:37,1,2026-09-28 19:11:37,False,,bajo,True
2026-09-28 19:22:58,2857,2026-09-28 18:24:23,1,2026-09-28 18:24:23,False,,bajo,False
2026-09-28 19:22:58,2868,2026-09-28 18:07:29,1,2026-09-28 18:07:29,False,,bajo,True
2026-09-28 19:22:58,2911,2026-09-28 19:20:31,1,2026-09-28 19:20:31,False,,medio,True
2026-09-28 19:22:58,2974,2026-09-28 19:18:40,1,2026-09-28 19:18:40,False,,medio,True
2026-09-28 19:22:58,2977,2026-09-28 19:20:39,1,2026-09-28 19:20:39,False,,medio,True
2026-09-28 19:22:58,2979,2026-09-28 19:14:34,1,2026-09-28 19:14:34,False,,bajo,True
2026-09-28 19:22:58,2980,2026-09-28 19:22:12,1,2026-09-28 19:22:12,False,,bajo,True
2026-09-28 19:22:58,2981,2026-09-28 19:09:15,1,2026-09-28 19:09:15,False,,bajo,True
2026-09-28 19:22:58,2982,2026-09-28 18:50:28,1,2026-09-28 18:50:28,False,,bajo,False
2026-09-28 19:22:58,3257,2026-09-28 19:08:18,1,2026-09-28 19:08:18,False,,bajo,True
2026-09-28 19:22:58,2364,2026-06-03 08:18:32,2,2026-06-03 08:18:32,False,,bajo,False
2026-09-28 19:22:58,2390,2026-06-03 06:18:03,2,2026-06-03 06:18:03,False,,bajo,False
2026-09-28 19:22:58,2472,2026-06-03 06:36:25,2,2026-06-03 06:36:25,False,,bajo,False
2026-09-28 19:22:58,2627,2026-06-03 01:47:48,2,2026-06-03 01:47:48,False,,bajo,False
2026-09-28 19:22:58,1724,2026-09-28 17:28:13,0,2026-09-28 17:28:13,False,,bajo,True
2026-09-28 19:22:58,1744,2026-09-28 17:19:28,0,2026-09-28 17:19:28,False,,bajo,False
2026-09-28 19:22:58,1766,2026-09-27 18:50:29,0,2026-09-27 18:50:29,False,,bajo,True
2026-09-28 19:22:58,1784,2026-09-27 16:56:27,0,2026-09-27 16:56:27,False,,bajo,True
2026-09-28 19:22:58,1805,2026-09-28 08:54:26,0,2026-09-28 08:54:26,False,,bajo,True
2026-09-28 19:22:58,1806,2026-09-27 08:59:24,0,2026-09-27 08:59:24,False,,bajo,True
2026-09-28 19:22:58,1824,2026-09-28 07:54:25,0,2026-09-28 07:54:25,False,,bajo,True
2026-09-28 19:22:58,1844,2026-09-28 08:08:41,0,2026-09-28 08:08:41,False,,bajo,True
2026-09-28 19:22:58,1845,2026-09-27 19:08:21,0,2026-09-27 19:08:21,False,,bajo,False
2026-09-28 19:22:58,1846,2026-09-28 12:03:15,0,2026-09-28 12:03:15,False,,bajo,True
2026-09-28 19:22:58,1887,2026-09-28 17:09:14,0,2026-09-28 17:09:14,False,,bajo,False
2026-09-28 19:22:58,1924,2026-09-27 21:49:07,0,2026-09-27 21:49:07,False,,bajo,False
2026-09-28 19:22:58,1926,2026-09-27 22:29:43,0,2026-09-27 22:29:43,False,,bajo,False
2026-09-28 19:22:58,1927,2026-09-28 16:15:02,0,2026-09-28 16:15:02,False,,bajo,False
2026-09-28 19:22:58,1928,2026-09-27 12:23:26,0,2026-09-27 12:23:26,False,,bajo,False
2026-09-28 19:22:58,1944,2026-09-28 14:16:17,0,2026-09-28 14:16:17,False,,bajo,True
2026-09-28 19:22:58,1945,2026-09-28 15:51:33,0,2026-09-28 15:51:33,False,,bajo,True
2026-09-28 19:22:58,1964,2026-09-28 18:51:12,0,2026-09-28 18:51:12,False,,alto,True
2026-09-28 19:22:58,1965,2026-09-27 20:27:36,0,2026-09-27 20:27:36,False,,bajo,True
2026-09-28 19:22:58,1984,2026-09-28 16:22:22,0,2026-09-28 16:22:22,False,,bajo,False
2026-09-28 19:22:58,2190,2026-09-28 17:38:19,0,2026-09-28 17:38:19,False,,bajo,True
2026-09-28 19:22:58,2192,2026-09-27 09:56:20,0,2026-09-27 09:56:20,False,,bajo,False
2026-09-28 19:22:58,2193,2026-09-28 00:31:37,0,2026-09-28 00:31:37,False,,bajo,False
2026-09-28 19:22:58,2204,2026-09-28 00:15:45,0,2026-09-28 00:15:45,False,,bajo,True
2026-09-28 19:22:58,2205,2026-09-28 18:11:41,0,2026-09-28 18:11:41,False,,bajo,False
2026-09-28 19:22:58,2207,2026-09-28 17:59:19,0,2026-09-28 17:59:19,False,,bajo,True
2026-09-28 19:22:58,2208,2026-09-28 19:08:19,0,2026-09-28 19:08:19,False,,bajo,False
2026-09-28 19:22:58,2224,2026-09-28 12:18:44,0,2026-09-28 12:18:44,False,,bajo,False
2026-09-28 19:22:58,2225,2026-09-27 11:29:53,0,2026-09-27 11:29:53,False,,bajo,False
2026-09-28 19:22:58,2227,2026-09-26 20:57:13,0,2026-09-26 20:57:13,False,,bajo,False
2026-09-28 19:22:58,2229,2026-09-28 19:18:39,0,2026-09-28 19:18:39,False,,bajo,True
2026-09-28 19:22:58,2230,2026-09-28 01:00:03,0,2026-09-28 01:00:03,False,,bajo,True
2026-09-28 19:22:58,2250,2026-09-28 02:49:26,0,2026-09-28 02:49:26,False,,bajo,True
2026-09-28 19:22:58,2264,2026-09-28 19:16:27,0,2026-09-28 19:16:27,False,,bajo,True
2026-09-28 19:22:58,2268,2026-09-28 18:44:04,0,2026-09-28 18:44:04,False,,bajo,True
2026-09-28 19:22:58,2284,2026-09-28 11:03:57,0,2026-09-28 11:03:57,False,,bajo,True
2026-09-28 19:22:58,2317,2026-09-28 14:11:18,0,2026-09-28 14:11:18,False,,bajo,True
2026-09-28 19:22:58,2326,2026-09-27 00:00:48,0,2026-09-27 00:00:48,False,,alto,False
2026-09-28 19:22:58,2327,2026-09-28 19:21:19,0,2026-09-28 19:21:19,False,,bajo,True
2026-09-28 19:22:58,2330,2026-09-27 01:12:12,0,2026-09-27 01:12:12,False,,bajo,False
2026-09-28 19:22:58,2335,2026-09-28 10:43:51,0,2026-09-28 10:43:51,False,,bajo,False
2026-09-28 19:22:58,2391,2026-09-26 21:40:05,0,2026-09-26 21:40:05,False,,bajo,False
2026-09-28 19:22:58,2404,2026-09-26 10:02:03,0,2026-09-26 10:02:03,False,,bajo,False
2026-09-28 19:22:58,2411,2026-09-28 14:45:50,0,2026-09-28 14:45:50,False,,bajo,False
2026-09-28 19:22:58,2415,2026-09-28 19:05:07,0,2026-09-28 19:05:07,False,,bajo,False
2026-09-28 19:22:58,2424,2025-03-13 16:03:26,0,2025-03-13 16:03:26,False,,bajo,False
2026-09-28 19:22:58,2446,2026-09-27 19:23:52,0,2026-09-27 19:23:52,False,,bajo,True
2026-09-28 19:22:58,2459,2026-09-28 12:57:42,0,2026-09-28 12:57:42,False,,bajo,False
2026-09-28 19:22:58,2464,2026-09-28 13:52:19,0,2026-09-28 13:52:19,False,,bajo,True
2026-09-28 19:22:58,2465,2026-09-27 02:29:15,0,2026-09-27 02:29:15,False,,bajo,False
2026-09-28 19:22:58,2466,2026-09-28 03:28:16,0,2026-09-28 03:28:16,False,,bajo,True
2026-09-28 19:22:58,2468,2026-09-27 15:03:42,0,2026-09-27 15:03:42,False,,bajo,True
2026-09-28 19:22:58,2471,2026-09-28 09:23:01,0,2026-09-28 09:23:01,False,,bajo,True
2026-09-28 19:22:58,2475,2026-09-28 03:38:37,0,2026-09-28 03:38:37,False,,bajo,False
2026-09-28 19:22:58,2476,2026-09-28 08:37:54,0,2026-09-28 08:37:54,False,,medio,True
2026-09-28 19:22:58,2482,2026-09-28 19:20:13,0,2026-09-28 19:20:13,False,,bajo,True
2026-09-28 19:22:58,2484,2026-09-28 19:21:40,0,2026-09-28 19:21:40,False,,bajo,True
2026-09-28 19:22:58,2485,2026-09-28 15:25:33,0,2026-09-28 15:25:33,False,,bajo,True
2026-09-28 19:22:58,2492,2026-09-28 12:19:27,0,2026-09-28 12:19:27,False,,bajo,True
2026-09-28 19:22:58,2516,2026-09-27 13:06:05,0,2026-09-27 13:06:05,False,,bajo,False
2026-09-28 19:22:58,2519,2026-09-28 09:55:57,0,2026-09-28 09:55:57,False,,bajo,True
2026-09-28 19:22:58,2565,2026-09-27 20:52:29,0,2026-09-27 20:52:29,False,,bajo,True
2026-09-28 19:22:58,2567,2026-09-26 17:50:35,0,2026-09-26 17:50:35,False,,bajo,False
2026-09-28 19:22:58,2575,2026-09-28 11:02:23,0,2026-09-28 11:02:23,False,,bajo,True
2026-09-28 19:22:58,2582,2026-09-28 16:00:06,0,2026-09-28 16:00:06,False,,bajo,False
2026-09-28 19:22:58,2590,2026-09-28 11:52:02,0,2026-09-28 11:52:02,False,,bajo,True
2026-09-28 19:22:58,2592,2026-09-28 19:22:18,0,2026-09-28 19:22:18,False,,bajo,True
2026-09-28 19:22:58,2593,2026-09-27 10:08:52,0,2026-09-27 10:08:52,False,,bajo,False
2026-09-28 19:22:58,2654,2026-09-28 19:22:04,0,2026-09-28 19:22:04,False,,bajo,True
2026-09-28 19:22:58,2665,2026-09-28 06:50:37,0,2026-09-28 06:50:37,False,,bajo,True
2026-09-28 19:22:58,2668,2026-09-27 11:51:31,0,2026-09-27 11:51:31,False,,bajo,True
2026-09-28 19:22:58,2678,2026-09-27 19:20:25,0,2026-09-27 19:20:25,False,,bajo,True
2026-09-28 19:22:58,2693,2026-09-27 15:38:38,0,2026-09-27 15:38:38,False,,bajo,True
2026-09-28 19:22:58,2701,2026-09-28 19:18:39,0,2026-09-28 19:18:39,False,,bajo,True
2026-09-28 19:22:58,2706,2026-09-27 04:12:09,0,2026-09-27 04:12:09,False,,bajo,False
2026-09-28 19:22:58,2718,2026-09-27 16:08:57,0,2026-09-27 16:08:57,False,,bajo,False
2026-09-28 19:22:58,2722,2026-09-28 19:07:01,0,2026-09-28 19:07:01,False,,bajo,True
2026-09-28 19:22:58,2724,2026-09-27 19:23:08,0,2026-09-27 19:23:08,False,,bajo,True
2026-09-28 19:22:58,2726,2025-03-13 16:03:26,0,2025-03-13 16:03:26,False,,bajo,False
2026-09-28 19:22:58,2730,2026-09-28 17:13:14,0,2026-09-28 17:13:14,False,,alto,True
2026-09-28 19:22:58,2743,2026-09-28 18:55:41,0,2026-09-28 18:55:41,False,,bajo,True
2026-09-28 19:22:58,2744,2026-09-28 02:05:14,0,2026-09-28 02:05:14,False,,bajo,True
2026-09-28 19:22:58,2751,2026-09-26 14:26:32,0,2026-09-26 14:26:32,False,,bajo,False
2026-09-28 19:22:58,2754,2026-09-28 11:44:54,0,2026-09-28 11:44:54,False,,bajo,True
2026-09-28 19:22:58,2760,2026-09-28 12:12:44,0,2026-09-28 12:12:44,False,,bajo,True
2026-09-28 19:22:58,2768,2026-09-28 17:42:40,0,2026-09-28 17:42:40,False,,bajo,True
2026-09-28 19:22:58,2770,2026-09-28 10:10:27,0,2026-09-28 10:10:27,False,,bajo,True
2026-09-28 19:22:58,2773,2026-09-28 10:38:53,0,2026-09-28 10:38:53,False,,bajo,True
2026-09-28 19:22:58,2777,2025-03-13 16:03:26,0,2025-03-13 16:03:26,False,,bajo,False
2026-09-28 19:22:58,2780,2026-09-28 19:02:14,0,2026-09-28 19:02:14,False,,bajo,True
2026-09-28 19:22:58,2781,2026-09-26 13:35:11,0,2026-09-26 13:35:11,False,,bajo,False
2026-09-28 19:22:58,2790,2026-09-28 15:48:29,0,2026-09-28 15:48:29,False,,bajo,True
2026-09-28 19:22:58,2791,2026-09-27 17:44:20,0,2026-09-27 17:44:20,False,,bajo,True
2026-09-28 19:22:58,2796,2026-09-28 19:22:22,0,2026-09-28 19:22:22,False,,bajo,False
2026-09-28 19:22:58,2803,2026-09-28 19:20:55,0,2026-09-28 19:20:55,False,,bajo,True
2026-09-28 19:22:58,2807,2026-09-27 13:23:22,0,2026-09-27 13:23:22,False,,bajo,False
2026-09-28 19:22:58,2808,2026-09-28 17:38:44,0,2026-09-28 17:38:44,False,,bajo,True
2026-09-28 19:22:58,2810,2026-09-28 18:38:04,0,2026-09-28 18:38:04,False,,medio,True
2026-09-28 19:22:58,2830,2026-09-28 19:16:41,0,2026-09-28 19:16:41,False,,bajo,True
2026-09-28 19:22:58,2858,2026-09-27 20:11:24,0,2026-09-27 20:11:24,False,,bajo,False
2026-09-28 19:22:58,2904,2026-09-26 03:58:39,0,2026-09-26 03:58:39,False,,bajo,False
2026-09-28 19:22:58,2922,2026-09-28 19:20:11,0,2026-09-28 19:20:11,False,,bajo,True
2026-09-28 19:22:58,2926,2026-09-28 19:22:25,0,2026-09-28 19:22:25,False,,bajo,True
2026-09-28 19:22:58,2929,2026-09-28 15:26:33,0,2026-09-28 15:26:33,False,,bajo,False
2026-09-28 19:22:58,2935,2026-09-28 11:47:54,0,2026-09-28 11:47:54,False,,bajo,True
2026-09-28 19:22:58,2937,2026-09-28 16:03:51,0,2026-09-28 16:03:51,False,,bajo,True
2026-09-28 19:22:58,2961,2026-02-27 08:12:26,0,2026-02-27 08:12:26,False,,bajo,False
2026-09-28 19:22:58,2971,2026-09-28 17:33:46,0,2026-09-28 17:33:46,False,,bajo,False
2026-09-28 19:22:58,2972,2026-09-28 19:22:13,0,2026-09-28 19:22:13,False,,bajo,True
2026-09-28 19:22:58,2973,2026-09-28 13:10:48,0,2026-09-28 13:10:48,False,,bajo,False
2026-09-28 19:22:58,2975,2026-09-28 19:02:56,0,2026-09-28 19:02:56,False,,bajo,False
2026-09-28 19:22:58,2978,2026-09-28 19:17:14,0,2026-09-28 19:17:14,False,,bajo,True
2026-09-28 19:22:58,2983,2026-09-28 07:57:19,0,2026-09-28 07:57:19,False,,bajo,True
2026-09-28 19:22:58,2984,2026-09-27 02:23:08,0,2026-09-27 02:23:08,False,,bajo,False
2026-09-28 19:22:58,2985,2026-09-27 16:22:57,0,2026-09-27 16:22:57,False,,bajo,False
2026-09-28 19:22:58,2986,2026-09-26 20:40:00,0,2026-09-26 20:40:00,False,,bajo,False
2026-09-28 19:22:58,2987,2026-09-26 20:09:19,0,2026-09-26 20:09:19,False,,bajo,False
2026-09-28 19:22:58,2988,2026-09-28 19:12:08,0,2026-09-28 19:12:08,False,,bajo,True
2026-09-28 19:22:58,2993,2026-09-28 18:11:10,0,2026-09-28 18:11:10,False,,bajo,True
2026-09-28 19:22:58,2994,2026-09-28 19:21:07,0,2026-09-28 19:21:07,False,,bajo,True
2026-09-28 19:22:58,2996,2026-09-28 10:22:57,0,2026-09-28 10:22:57,False,,bajo,True
2026-09-28 19:22:58,2998,2026-09-25 17:36:41,0,2026-09-25 17:36:41,False,,bajo,False
2026-09-28 19:22:58,3002,2026-09-28 19:16:11,0,2026-09-28 19:16:11,False,,bajo,True
2026-09-28 19:22:58,3009,2026-09-28 16:01:39,0,2026-09-28 16:01:39,False,,bajo,True
2026-09-28 19:22:58,3010,2026-09-28 17:31:24,0,2026-09-28 17:31:24,False,,bajo,True
2026-09-28 19:22:58,3011,2026-09-28 19:21:30,0,2026-09-28 19:21:30,False,,bajo,True
2026-09-28 19:22:58,3013,2026-09-27 21:56:04,0,2026-09-27 21:56:04,False,,bajo,False
2026-09-28 19:22:58,3020,2026-09-27 13:22:59,0,2026-09-27 13:22:59,False,,bajo,False
2026-09-28 19:22:58,3022,2026-09-28 19:19:04,0,2026-09-28 19:19:04,False,,bajo,True
2026-09-28 19:22:58,3024,2026-09-28 01:12:01,0,2026-09-28 01:12:01,False,,bajo,True
2026-09-28 19:22:58,3026,2026-09-26 06:56:17,0,2026-09-26 06:56:17,False,,medio,True
2026-09-28 19:22:58,3027,2026-09-27 21:44:27,0,2026-09-27 21:44:27,False,,bajo,False
2026-09-28 19:22:58,3029,2026-09-25 18:08:09,0,2026-09-25 18:08:09,False,,bajo,True
2026-09-28 19:22:58,3036,2025-03-13 16:18:25,0,2025-03-13 16:18:25,False,,bajo,False
2026-09-28 19:22:58,3039,2026-09-27 16:25:04,0,2026-09-27 16:25:04,False,,bajo,False
2026-09-28 19:22:58,3060,2026-09-28 19:21:36,0,2026-09-28 19:21:36,False,,bajo,True
2026-09-28 19:22:58,3064,2026-09-28 16:43:42,0,2026-09-28 16:43:42,False,,bajo,True
2026-09-28 19:22:58,3065,2026-09-28 08:09:19,0,2026-09-28 08:09:19,False,,bajo,True
2026-09-28 19:22:58,3074,2026-09-25 15:16:10,0,2026-09-25 15:16:10,False,,medio,True
2026-09-28 19:22:58,3076,2026-09-25 09:47:18,0,2026-09-25 09:47:18,False,,bajo,True
2026-09-28 19:22:58,3079,2026-09-28 15:18:46,0,2026-09-28 15:18:46,False,,bajo,True
2026-09-28 19:22:58,3084,2026-09-28 19:20:43,0,2026-09-28 19:20:43,False,,bajo,True
2026-09-28 19:22:58,3086,2026-09-28 14:10:08,0,2026-09-28 14:10:08,False,,alto,False
2026-09-28 19:22:58,3087,2026-09-26 12:02:07,0,2026-09-26 12:02:07,False,,bajo,False
2026-09-28 19:22:58,3099,2026-09-28 07:35:31,0,2026-09-28 07:35:31,False,,bajo,True
2026-09-28 19:22:58,3101,2026-09-27 00:29:08,0,2026-09-27 00:29:08,False,,bajo,False
2026-09-28 19:22:58,3117,2026-09-27 23:16:35,0,2026-09-27 23:16:35,False,,bajo,True
2026-09-28 19:22:58,3121,2026-09-28 19:20:21,0,2026-09-28 19:20:21,False,,bajo,True
2026-09-28 19:22:58,3132,2026-09-28 05:10:24,0,2026-09-28 05:10:24,False,,medio,True
2026-09-28 19:22:58,3138,2026-09-28 18:59:54,0,2026-09-28 18:59:54,False,,bajo,True
2026-09-28 19:22:58,3141,2026-09-28 07:12:32,0,2026-09-28 07:12:32,False,,bajo,True
2026-09-28 19:22:58,3144,2026-09-28 17:06:14,0,2026-09-28 17:06:14,False,,bajo,False
2026-09-28 19:22:58,3145,2026-09-28 15:13:00,0,2026-09-28 15:13:00,False,,bajo,True
2026-09-28 19:22:58,3146,2026-09-28 19:20:03,0,2026-09-28 19:20:03,False,,bajo,False
2026-09-28 19:22:58,3151,2026-09-25 16:41:34,0,2026-09-25 16:41:34,False,,bajo,True
2026-09-28 19:22:58,3154,2026-09-27 10:40:31,0,2026-09-27 10:40:31,False,,bajo,False
2026-09-28 19:22:58,3155,2026-09-28 19:21:04,0,2026-09-28 19:21:04,False,,bajo,True
2026-09-28 19:22:58,3159,2026-09-28 06:14:27,0,2026-09-28 06:14:27,False,,bajo,True
2026-09-28 19:22:58,3160,2026-09-26 17:54:31,0,2026-09-26 17:54:31,False,,bajo,False
2026-09-28 19:22:58,3161,2026-09-27 16:42:48,0,2026-09-27 16:42:48,False,,bajo,False
2026-09-28 19:22:58,3162,2026-09-28 19:22:07,0,2026-09-28 19:22:07,False,,bajo,True
2026-09-28 19:22:58,3169,2026-09-27 20:32:52,0,2026-09-27 20:32:52,False,,bajo,False
2026-09-28 19:22:58,3172,2026-09-28 19:22:35,0,2026-09-28 19:22:35,False,,bajo,True
2026-09-28 19:22:58,3178,2026-09-28 19:22:21,0,2026-09-28 19:22:21,False,,bajo,True
2026-09-28 19:22:58,3184,2026-09-28 19:21:52,0,2026-09-28 19:21:52,False,,bajo,True
2026-09-28 19:22:58,3185,2026-09-27 21:04:43,0,2026-09-27 21:04:43,False,,bajo,True
2026-09-28 19:22:58,3186,2026-09-27 10:14:10,0,2026-09-27 10:14:10,False,,bajo,False
2026-09-28 19:22:58,3187,2026-08-23 09:50:03,0,2026-08-23 09:50:03,False,,bajo,False
2026-09-28 19:22:58,3191,2026-09-28 13:05:29,0,2026-09-28 13:05:29,False,,bajo,False
2026-09-28 19:22:58,3199,2026-09-28 10:45:41,0,2026-09-28 10:45:41,False,,bajo,True
2026-09-28 19:22:58,3202,2026-09-28 19:22:20,0,2026-09-28 19:22:20,False,,bajo,True
2026-09-28 19:22:58,3203,2026-09-27 23:58:42,0,2026-09-27 23:58:42,False,,bajo,False
2026-09-28 19:22:58,3204,2026-09-27 02:11:30,0,2026-09-27 02:11:30,False,,bajo,False
2026-09-28 19:22:58,3207,2026-09-28 19:16:35,0,2026-09-28 19:16:35,False,,bajo,True
2026-09-28 19:22:58,3208,2026-09-28 19:22:08,0,2026-09-28 19:22:08,False,,bajo,True
2026-09-28 19:22:58,3216,2026-09-28 16:19:39,0,2026-09-28 16:19:39,False,,bajo,False
2026-09-28 19:22:58,3222,2026-09-28 05:04:17,0,2026-09-28 05:04:17,False,,bajo,True
2026-09-28 19:22:58,3224,2026-09-15 17:10:14,0,2026-09-15 17:10:14,False,,bajo,False
2026-09-28 19:22:58,3225,2026-09-19 11:41:03,0,2026-09-19 11:41:03,False,,bajo,False
2026-09-28 19:22:58,3227,2026-09-27 02:19:08,0,2026-09-27 02:19:08,False,,bajo,False
2026-09-28 19:22:58,3232,2026-09-28 19:22:22,0,2026-09-28 19:22:22,False,,bajo,False
2026-09-28 19:22:58,3239,2026-09-27 10:54:21,0,2026-09-27 10:54:21,False,,bajo,False
2026-09-28 19:22:58,3242,2026-09-28 19:21:53,0,2026-09-28 19:21:53,False,,bajo,True
2026-09-28 19:22:58,3243,2026-09-27 17:06:00,0,2026-09-27 17:06:00,False,,bajo,False
2026-09-28 19:22:58,3244,2026-09-28 19:04:06,0,2026-09-28 19:04:06,False,,bajo,True
2026-09-28 19:22:58,3253,2026-09-28 19:20:23,0,2026-09-28 19:20:23,False,,bajo,True
2026-09-28 19:22:58,3259,2026-09-28 19:21:52,0,2026-09-28 19:21:52,False,,bajo,True
2026-09-28 19:22:58,3264,2026-09-28 18:51:45,0,2026-09-28 18:51:45,False,,bajo,True
2026-09-28 19:22:58,3266,2026-09-27 19:41:50,0,2026-09-27 19:41:50,False,,bajo,False
2026-09-28 19:22:58,4018,2026-09-23 12:25:55,0,2026-09-23 12:25:55,False,,bajo,False
2026-09-28 19:22:58,4024,2026-09-28 12:06:47,0,2026-09-28 12:06:47,False,,bajo,False
2026-09-28 19:22:58,1724,2026-09-28 18:00:55,1,2026-09-28 18:00:55,False,,bajo,True
2026-09-28 19:22:58,1744,2026-09-28 18:59:57,1,2026-09-28 18:59:57,False,,bajo,False
2026-09-28 19:22:58,1766,2026-06-03 03:27:01,1,2026-06-03 03:27:01,False,,bajo,False
2026-09-28 19:22:58,1784,2026-06-03 03:29:57,1,2026-06-03 03:29:57,False,,bajo,False
2026-09-28 19:22:58,1805,2026-06-03 08:20:37,1,2026-06-03 08:20:37,False,,bajo,False
2026-09-28 19:22:58,1806,2026-09-28 18:39:45,1,2026-09-28 18:39:45,False,,medio,False
2026-09-28 19:22:58,1824,2026-06-03 08:35:59,1,2026-06-03 08:35:59,False,,bajo,False
2026-09-28 19:22:58,1844,2026-09-28 19:16:35,1,2026-09-28 19:16:35,False,,bajo,False
2026-09-28 19:22:58,1845,2026-06-03 08:35:31,1,2026-06-03 08:35:31,False,,bajo,False
2026-09-28 19:22:58,1846,2026-09-28 19:19:53,1,2026-09-28 19:19:53,False,,bajo,False
2026-09-28 19:22:58,1887,2026-09-28 18:40:14,1,2026-09-28 18:40:14,False,,bajo,True
2026-09-28 19:22:58,1924,2026-09-28 19:08:52,1,2026-09-28 19:08:52,False,,bajo,False
2026-09-28 19:22:58,1926,2026-09-28 19:08:14,1,2026-09-28 19:08:14,False,,medio,True
2026-09-28 19:22:58,1927,2026-09-27 23:56:45,1,2026-09-27 23:56:45,False,,bajo,True
2026-09-28 19:22:58,1928,2026-09-26 11:16:16,1,2026-09-26 11:16:16,False,,bajo,True
2026-09-28 19:22:58,1945,2026-09-28 19:20:13,1,2026-09-28 19:20:13,False,,bajo,True
2026-09-28 19:22:58,1964,2026-09-28 19:08:05,1,2026-09-28 19:08:05,False,,alto,True
2026-09-28 19:22:58,1965,2026-09-27 12:59:33,1,2026-09-27 12:59:33,False,,bajo,False
2026-09-28 19:22:58,1984,2026-09-28 18:24:39,1,2026-09-28 18:24:39,False,,bajo,False
2026-09-28 19:22:58,2190,2026-09-28 19:10:19,1,2026-09-28 19:10:19,False,,bajo,False
2026-09-28 19:22:58,2192,2026-09-28 17:39:47,1,2026-09-28 17:39:47,False,,bajo,True
2026-09-28 19:22:58,2193,2026-09-28 19:22:00,1,2026-09-28 19:22:00,False,,bajo,True
2026-09-28 19:22:58,2204,2026-09-28 19:16:50,1,2026-09-28 19:16:50,False,,medio,True
2026-09-28 19:22:58,2205,2026-09-28 19:15:38,1,2026-09-28 19:15:38,False,,bajo,True
2026-09-28 19:22:58,2207,2026-09-28 14:57:54,1,2026-09-28 14:57:54,False,,bajo,True
2026-09-28 19:22:58,2208,2026-09-28 19:20:12,1,2026-09-28 19:20:12,False,,bajo,True
2026-09-28 19:22:58,2224,2026-09-28 19:21:11,1,2026-09-28 19:21:11,False,,bajo,True
2026-09-28 19:22:58,2225,2026-09-28 19:20:20,1,2026-09-28 19:20:20,False,,bajo,True
2026-09-28 19:22:58,2227,2026-09-28 18:53:07,1,2026-09-28 18:53:07,False,,bajo,False
2026-09-28 19:22:58,2230,2026-09-28 19:22:39,1,2026-09-28 19:22:39,False,,medio,False
2026-09-28 19:22:58,2250,2026-09-28 18:29:27,1,2026-09-28 18:29:27,False,,bajo,False
2026-09-28 19:22:58,2264,2026-09-28 17:10:00,1,2026-09-28 17:10:00,False,,bajo,False
2026-09-28 19:22:58,2268,2026-09-28 19:15:36,1,2026-09-28 19:15:36,False,,medio,True
2026-09-28 19:22:58,2284,2026-09-28 17:57:26,1,2026-09-28 17:57:26,False,,bajo,False
2026-09-28 19:22:58,2317,2026-09-28 18:55:59,1,2026-09-28 18:55:59,False,,bajo,True
2026-09-28 19:22:58,2326,2026-09-28 19:04:25,1,2026-09-28 19:04:25,False,,bajo,True
2026-09-28 19:22:58,2327,2026-09-28 18:57:53,1,2026-09-28 18:57:53,False,,bajo,False
2026-09-28 19:22:58,2330,2026-09-28 19:15:48,1,2026-09-28 19:15:48,False,,bajo,False
2026-09-28 19:22:58,2335,2026-09-28 19:19:23,1,2026-09-28 19:19:23,False,,medio,True
2026-09-28 19:22:58,2391,2026-09-28 18:56:06,1,2026-09-28 18:56:06,False,,bajo,False
2026-09-28 19:22:58,2404,2026-09-26 16:26:25,1,2026-09-26 16:26:25,False,,bajo,True
2026-09-28 19:22:58,2415,2026-09-28 18:49:03,1,2026-09-28 18:49:03,False,,bajo,False
2026-09-28 19:22:58,2424,2025-03-13 16:03:26,1,2025-03-13 16:03:26,False,,bajo,False
2026-09-28 19:22:58,2446,2026-09-28 19:20:37,1,2026-09-28 19:20:37,False,,bajo,False
2026-09-28 19:22:58,2459,2026-09-28 19:21:08,1,2026-09-28 19:21:08,False,,bajo,False
2026-09-28 19:22:58,2464,2026-09-28 19:18:17,1,2026-09-28 19:18:17,False,,alto,False
2026-09-28 19:22:58,2465,2026-09-28 18:39:11,1,2026-09-28 18:39:11,False,,bajo,True
2026-09-28 19:22:58,2466,2026-09-28 18:58:22,1,2026-09-28 18:58:22,False,,bajo,False
2026-09-28 19:22:58,2468,2026-09-28 19:09:44,1,2026-09-28 19:09:44,False,,bajo,False
2026-09-28 19:22:58,2471,2026-09-28 19:16:04,1,2026-09-28 19:16:04,False,,alto,True
2026-09-28 19:22:58,2475,2026-09-28 19:19:59,1,2026-09-28 19:19:59,False,,bajo,False
2026-09-28 19:22:58,2476,2026-09-28 19:04:26,1,2026-09-28 19:04:26,False,,medio,False
2026-09-28 19:22:58,2482,2026-09-28 18:46:36,1,2026-09-28 18:46:36,False,,bajo,True
2026-09-28 19:22:58,2484,2026-09-28 19:05:03,1,2026-09-28 19:05:03,False,,bajo,False
2026-09-28 19:22:58,2485,2026-09-28 18:24:27,1,2026-09-28 18:24:27,False,,bajo,True
2026-09-28 19:22:58,2492,2026-09-28 19:18:36,1,2026-09-28 19:18:36,False,,bajo,True
2026-09-28 19:22:58,2516,2026-09-28 19:02:12,1,2026-09-28 19:02:12,False,,bajo,True
2026-09-28 19:22:58,2519,2026-09-28 18:53:31,1,2026-09-28 18:53:31,False,,medio,False
2026-09-28 19:22:58,2565,2026-09-28 16:58:22,1,2026-09-28 16:58:22,False,,bajo,False
2026-09-28 19:22:58,2567,2026-09-28 18:43:12,1,2026-09-28 18:43:12,False,,bajo,False
2026-09-28 19:22:58,2575,2026-09-28 19:17:12,1,2026-09-28 19:17:12,False,,bajo,True
2026-09-28 19:22:58,2582,2026-09-28 19:18:16,1,2026-09-28 19:18:16,False,,bajo,True
2026-09-28 19:22:58,2590,2026-09-28 19:22:00,1,2026-09-28 19:22:00,False,,bajo,True
2026-09-28 19:22:58,2592,2026-09-28 19:19:25,1,2026-09-28 19:19:25,False,,bajo,False
2026-09-28 19:22:58,2593,2026-09-28 18:52:39,1,2026-09-28 18:52:39,False,,bajo,True
2026-09-28 19:22:58,2654,2026-09-28 19:00:55,1,2026-09-28 19:00:55,False,,bajo,False
2026-09-28 19:22:58,2665,2026-09-28 18:44:26,1,2026-09-28 18:44:26,False,,bajo,False
2026-09-28 19:22:58,2668,2026-09-28 18:16:50,1,2026-09-28 18:16:50,False,,bajo,False
2026-09-28 19:22:58,2678,2026-09-28 14:52:15,1,2026-09-28 14:52:15,False,,bajo,True
2026-09-28 19:22:58,2693,2026-09-28 19:17:34,1,2026-09-28 19:17:34,False,,bajo,True
2026-09-28 19:22:58,2701,2026-09-28 18:43:33,1,2026-09-28 18:43:33,False,,bajo,True
2026-09-28 19:22:58,2706,2026-09-28 19:22:13,1,2026-09-28 19:22:13,False,,bajo,False
2026-09-28 19:22:58,2718,2026-09-28 18:26:13,1,2026-09-28 18:26:13,False,,bajo,False
2026-09-28 19:22:58,2722,2026-09-28 19:09:00,1,2026-09-28 19:09:00,False,,medio,True
2026-09-28 19:22:58,2724,2026-09-28 19:18:16,1,2026-09-28 19:18:16,False,,bajo,False
2026-09-28 19:22:58,2726,2025-03-13 16:03:26,1,2025-03-13 16:03:26,False,,bajo,False
2026-09-28 19:22:58,2730,2026-06-03 08:24:07,1,2026-06-03 08:24:07,False,,bajo,False
2026-09-28 19:22:58,2743,2026-09-28 18:02:08,1,2026-09-28 18:02:08,False,,bajo,False
2026-09-28 19:22:58,2744,2026-09-28 11:43:56,1,2026-09-28 11:43:56,False,,bajo,True
2026-09-28 19:22:58,2751,2026-09-28 08:50:20,1,2026-09-28 08:50:20,False,,bajo,True
2026-09-28 19:22:58,2754,2026-06-03 08:25:11,1,2026-06-03 08:25:11,False,,bajo,False
2026-09-28 19:22:58,2768,2026-06-03 08:23:19,1,2026-06-03 08:23:19,False,,bajo,False
2026-09-28 19:22:58,2770,2025-03-13 16:03:26,1,2025-03-13 16:03:26,False,,bajo,False
2026-09-28 19:22:58,2773,2026-09-28 08:40:19,1,2026-09-28 08:40:19,False,,bajo,False
2026-09-28 19:22:58,2777,2025-03-13 16:03:26,1,2025-03-13 16:03:26,False,,bajo,False
2026-09-28 19:22:58,2780,2026-09-28 15:05:04,1,2026-09-28 15:05:04,False,,bajo,False
2026-09-28 19:22:58,2781,2026-09-27 17:05:18,1,2026-09-27 17:05:18,False,,bajo,False
2026-09-28 19:22:58,2790,2026-09-28 08:16:05,1,2026-09-28 08:16:05,False,,bajo,True
2026-09-28 19:22:58,2791,2026-09-28 15:30:28,1,2026-09-28 15:30:28,False,,bajo,True
2026-09-28 19:22:58,2796,2026-09-28 18:49:55,1,2026-09-28 18:49:55,False,,bajo,True
2026-09-28 19:22:58,2803,2026-09-28 19:20:32,1,2026-09-28 19:20:32,False,,bajo,True
2026-09-28 19:22:58,2807,2026-09-28 11:48:26,1,2026-09-28 11:48:26,False,,bajo,True
2026-09-28 19:22:58,2808,2026-09-28 19:18:01,1,2026-09-28 19:18:01,False,,bajo,True
2026-09-28 19:22:58,2810,2026-09-28 19:11:19,1,2026-09-28 19:11:19,False,,bajo,True
2026-09-28 19:22:58,2830,2026-09-28 17:36:33,1,2026-09-28 17:36:33,False,,bajo,False
2026-09-28 19:22:58,2858,2026-09-28 11:35:22,1,2026-09-28 11:35:22,False,,bajo,False
2026-09-28 19:22:58,2904,2026-09-26 19:46:04,1,2026-09-26 19:46:04,False,,bajo,False
2026-09-28 19:22:58,2922,2026-06-03 07:54:30,1,2026-06-03 07:54:30,False,,bajo,False
2026-09-28 19:22:58,2926,2026-09-28 19:21:34,1,2026-09-28 19:21:34,False,,bajo,True
2026-09-28 19:22:58,2929,2026-09-28 19:05:03,1,2026-09-28 19:05:03,False,,bajo,True
2026-09-28 19:22:58,2935,2026-09-28 19:20:10,1,2026-09-28 19:20:10,False,,medio,True
2026-09-28 19:22:58,2937,2026-09-28 15:45:20,1,2026-09-28 15:45:20,False,,bajo,True
2026-09-28 19:22:58,2961,2026-02-27 08:12:26,1,2026-02-27 08:12:26,False,,bajo,False
2026-09-28 19:22:58,2971,2026-09-28 18:58:30,1,2026-09-28 18:58:30,False,,bajo,True
2026-09-28 19:22:58,2972,2026-09-28 14:35:05,1,2026-09-28 14:35:05,False,,bajo,False
2026-09-28 19:22:58,2973,2026-09-28 19:18:13,1,2026-09-28 19:18:13,False,,bajo,False
2026-09-28 19:22:58,2975,2026-09-28 19:16:28,1,2026-09-28 19:16:28,False,,bajo,True
2026-09-28 19:22:58,2978,2026-09-28 19:17:14,1,2026-09-28 19:17:14,False,,bajo,True
2026-09-28 19:22:58,2983,2026-09-28 18:32:27,1,2026-09-28 18:32:27,False,,bajo,True
2026-09-28 19:22:58,2984,2026-09-27 08:10:09,1,2026-09-27 08:10:09,False,,bajo,True
2026-09-28 19:22:58,2985,2026-09-28 11:41:45,1,2026-09-28 11:41:45,False,,bajo,False
2026-09-28 19:22:58,2986,2026-09-28 18:55:07,1,2026-09-28 18:55:07,False,,bajo,False
2026-09-28 19:22:58,2987,2026-09-28 19:11:56,1,2026-09-28 19:11:56,False,,bajo,True
2026-09-28 19:22:58,2988,2026-09-28 19:15:24,1,2026-09-28 19:15:24,False,,bajo,True
2026-09-28 19:22:58,2993,2026-09-28 19:19:18,1,2026-09-28 19:19:18,False,,bajo,False
2026-09-28 19:22:58,2994,2026-09-26 10:11:53,1,2026-09-26 10:11:53,False,,bajo,False
2026-09-28 19:22:58,2996,2026-09-27 17:43:36,1,2026-09-27 17:43:36,False,,bajo,False
2026-09-28 19:22:58,2998,2026-09-28 18:02:37,1,2026-09-28 18:02:37,False,,bajo,False
2026-09-28 19:22:58,3002,2026-09-28 18:48:09,1,2026-09-28 18:48:09,False,,bajo,False
2026-09-28 19:22:58,3009,2026-09-28 19:17:56,1,2026-09-28 19:17:56,False,,bajo,False
2026-09-28 19:22:58,3010,2026-09-28 19:20:04,1,2026-09-28 19:20:04,False,,bajo,True
2026-09-28 19:22:58,3011,2026-09-28 18:32:40,1,2026-09-28 18:32:40,False,,bajo,False
2026-09-28 19:22:58,3013,2026-09-27 12:51:51,1,2026-09-27 12:51:51,False,,bajo,True
2026-09-28 19:22:58,3020,2026-09-28 17:57:52,1,2026-09-28 17:57:52,False,,bajo,False
2026-09-28 19:22:58,3022,2026-09-28 18:19:48,1,2026-09-28 18:19:48,False,,bajo,True
2026-09-28 19:22:58,3024,2026-09-28 10:26:22,1,2026-09-28 10:26:22,False,,bajo,False
2026-09-28 19:22:58,3026,2026-09-25 09:33:59,1,2026-09-25 09:33:59,False,,bajo,True
2026-09-28 19:22:58,3027,2026-09-28 19:22:26,1,2026-09-28 19:22:26,False,,bajo,False
2026-09-28 19:22:58,3029,2026-09-28 11:19:06,1,2026-09-28 11:19:06,False,,bajo,True
2026-09-28 19:22:58,3036,2025-03-13 16:18:25,1,2025-03-13 16:18:25,False,,bajo,False
2026-09-28 19:22:58,3039,2026-09-28 14:54:21,1,2026-09-28 14:54:21,False,,bajo,False
2026-09-28 19:22:58,3060,2026-09-28 19:10:57,1,2026-09-28 19:10:57,False,,bajo,True
2026-09-28 19:22:58,3064,2026-09-28 19:16:42,1,2026-09-28 19:16:42,False,,bajo,True
2026-09-28 19:22:58,3065,2026-06-03 06:29:32,1,2026-06-03 06:29:32,False,,bajo,False
2026-09-28 19:22:58,3074,2026-09-28 19:16:48,1,2026-09-28 19:16:48,False,,bajo,True
2026-09-28 19:22:58,3076,2026-09-27 21:38:03,1,2026-09-27 21:38:03,False,,bajo,False
2026-09-28 19:22:58,3079,2026-09-28 19:07:17,1,2026-09-28 19:07:17,False,,bajo,False
2026-09-28 19:22:58,3084,2026-09-28 19:04:13,1,2026-09-28 19:04:13,False,,bajo,False
2026-09-28 19:22:58,3086,2026-09-28 18:56:17,1,2026-09-28 18:56:17,False,,bajo,False
2026-09-28 19:22:58,3087,2026-09-28 19:20:42,1,2026-09-28 19:20:42,False,,medio,False
2026-09-28 19:22:58,3099,2026-09-28 19:15:53,1,2026-09-28 19:15:53,False,,medio,True
2026-09-28 19:22:58,3101,2026-09-27 17:53:13,1,2026-09-27 17:53:13,False,,bajo,False
2026-09-28 19:22:58,3117,2026-09-28 19:18:57,1,2026-09-28 19:18:57,False,,bajo,True
2026-09-28 19:22:58,3121,2026-09-28 19:18:13,1,2026-09-28 19:18:13,False,,bajo,True
2026-09-28 19:22:58,3132,2026-09-28 19:17:13,1,2026-09-28 19:17:13,False,,bajo,True
2026-09-28 19:22:58,3138,2026-09-28 18:45:31,1,2026-09-28 18:45:31,False,,alto,False
2026-09-28 19:22:58,3141,2026-09-26 16:14:52,1,2026-09-26 16:14:52,False,,bajo,False
2026-09-28 19:22:58,3144,2026-09-28 19:10:14,1,2026-09-28 19:10:14,False,,bajo,False
2026-09-28 19:22:58,3145,2026-09-27 08:46:27,1,2026-09-27 08:46:27,False,,bajo,False
2026-09-28 19:22:58,3146,2026-09-28 18:57:20,1,2026-09-28 18:57:20,False,,bajo,False
2026-09-28 19:22:58,3151,2026-09-26 12:02:16,1,2026-09-26 12:02:16,False,,bajo,True
2026-09-28 19:22:58,3154,2026-09-28 19:00:38,1,2026-09-28 19:00:38,False,,bajo,False
2026-09-28 19:22:58,3155,2026-09-28 19:09:51,1,2026-09-28 19:09:51,False,,medio,True
2026-09-28 19:22:58,3159,2026-09-28 19:10:29,1,2026-09-28 19:10:29,False,,bajo,True
2026-09-28 19:22:58,3160,2026-09-28 05:28:16,1,2026-09-28 05:28:16,False,,bajo,False
2026-09-28 19:22:58,3161,2026-09-28 17:02:25,1,2026-09-28 17:02:25,False,,bajo,False
2026-09-28 19:22:58,3162,2026-06-03 06:14:04,1,2026-06-03 06:14:04,False,,bajo,False
2026-09-28 19:22:58,3169,2026-09-28 19:04:24,1,2026-09-28 19:04:24,False,,bajo,True
2026-09-28 19:22:58,3172,2026-09-28 17:37:21,1,2026-09-28 17:37:21,False,,bajo,True
2026-09-28 19:22:58,3178,2026-09-28 18:54:05,1,2026-09-28 18:54:05,False,,bajo,False
2026-09-28 19:22:58,3184,2026-09-28 15:48:39,1,2026-09-28 15:48:39,False,,bajo,True
2026-09-28 19:22:58,3185,2026-09-28 19:19:28,1,2026-09-28 19:19:28,False,,bajo,True
2026-09-28 19:22:58,3187,2026-09-28 19:14:20,1,2026-09-28 19:14:20,False,,bajo,True
2026-09-28 19:22:58,3191,2026-09-28 19:20:57,1,2026-09-28 19:20:57,False,,bajo,True
2026-09-28 19:22:58,3199,2026-09-28 19:18:47,1,2026-09-28 19:18:47,False,,bajo,False
2026-09-28 19:22:58,3202,2026-09-28 17:00:19,1,2026-09-28 17:00:19,False,,bajo,True
2026-09-28 19:22:58,3203,2026-09-28 19:21:33,1,2026-09-28 19:21:33,False,,bajo,False
2026-09-28 19:22:58,3204,2026-09-28 18:53:46,1,2026-09-28 18:53:46,False,,medio,True
2026-09-28 19:22:58,3207,2026-09-28 18:56:24,1,2026-09-28 18:56:24,False,,bajo,False
2026-09-28 19:22:58,3208,2026-09-28 18:56:44,1,2026-09-28 18:56:44,False,,bajo,False
2026-09-28 19:22:58,3216,2026-09-28 19:04:57,1,2026-09-28 19:04:57,False,,bajo,True
2026-09-28 19:22:58,3222,2026-09-26 11:15:00,1,2026-09-26 11:15:00,False,,bajo,False
2026-09-28 19:22:58,3224,2026-09-16 10:24:41,1,2026-09-16 10:24:41,False,,bajo,False
2026-09-28 19:22:58,3225,2026-09-28 16:16:36,1,2026-09-28 16:16:36,False,,bajo,False
2026-09-28 19:22:58,3227,2026-09-28 18:35:21,1,2026-09-28 18:35:21,False,,bajo,False
2026-09-28 19:22:58,3232,2026-09-28 18:59:54,1,2026-09-28 18:59:54,False,,bajo,False
2026-09-28 19:22:58,3239,2026-09-28 12:40:00,1,2026-09-28 12:40:00,False,,bajo,False
2026-09-28 19:22:58,3242,2026-09-28 18:22:38,1,2026-09-28 18:22:38,False,,bajo,True
2026-09-28 19:22:58,3243,2026-09-28 14:56:16,1,2026-09-28 14:56:16,False,,bajo,False
2026-09-28 19:22:58,3244,2026-09-27 15:08:59,1,2026-09-27 15:08:59,False,,bajo,True
2026-09-28 19:22:58,3259,2026-09-28 19:16:33,1,2026-09-28 19:16:33,False,,bajo,False
2026-09-28 19:22:58,3264,2026-09-28 16:49:25,1,2026-09-28 16:49:25,False,,bajo,True
2026-09-28 19:22:58,3266,2026-09-28 18:31:54,1,2026-09-28 18:31:54,False,,bajo,True
2026-09-28 19:22:58,4018,2026-09-24 13:39:11,1,2026-09-24 13:39:11,False,,bajo,False
2026-09-28 19:22:58,4024,2026-09-28 16:48:17,1,2026-09-28 16:48:17,False,,bajo,True
2026-09-28 19:22:58,1724,2026-06-03 08:15:44,2,2026-06-03 08:15:44,False,,bajo,False
2026-09-28 19:22:58,1744,2026-06-03 06:32:42,2,2026-06-03 06:32:42,False,,bajo,False
2026-09-28 19:22:58,1766,2026-06-03 17:35:31,2,2026-06-03 17:35:31,False,,bajo,False
2026-09-28 19:22:58,1784,2026-06-03 17:31:00,2,2026-06-03 17:31:00,False,,bajo,False
2026-09-28 19:22:58,1805,2026-06-03 17:31:00,2,2026-06-03 17:31:00,False,,bajo,False
2026-09-28 19:22:58,1824,2026-06-03 17:31:00,2,2026-06-03 17:31:00,False,,bajo,False
2026-09-28 19:22:58,1844,2026-06-03 17:31:00,2,2026-06-03 17:31:00,False,,bajo,False
2026-09-28 19:22:58,1845,2026-06-03 17:31:27,2,2026-06-03 17:31:27,False,,bajo,False
2026-09-28 19:22:58,1887,2026-08-05 15:28:49,2,2026-08-05 15:28:49,False,,bajo,False
2026-09-28 19:22:58,1924,2026-06-03 17:31:00,2,2026-06-03 17:31:00,False,,bajo,False
2026-09-28 19:22:58,1926,2026-06-03 06:42:55,2,2026-06-03 06:42:55,False,,bajo,False
2026-09-28 19:22:58,1944,2026-06-03 17:31:00,2,2026-06-03 17:31:00,False,,bajo,False
2026-09-28 19:22:58,1945,2026-09-09 10:38:27,2,2026-09-09 10:38:27,False,,bajo,False
2026-09-28 19:22:58,2190,2025-03-13 16:03:26,2,2025-03-13 16:03:26,False,,bajo,False
2026-09-28 19:22:58,2193,2026-06-03 17:33:58,2,2026-06-03 17:33:58,False,,bajo,False
2026-09-28 19:22:58,2205,2026-06-02 08:49:39,2,2026-06-02 08:49:39,False,,bajo,False
2026-09-28 19:22:58,2208,2026-07-20 15:35:36,2,2026-07-20 15:35:36,False,,bajo,False
2026-09-28 19:22:58,2224,2026-06-03 08:23:23,2,2026-06-03 08:23:23,False,,bajo,False
2026-09-28 19:22:58,2229,2026-06-03 07:24:01,2,2026-06-03 07:24:01,False,,bajo,False
2026-09-28 19:22:58,2250,2026-06-03 08:23:15,2,2026-06-03 08:23:15,False,,bajo,False
2026-09-28 19:22:58,2335,2026-06-03 06:08:53,2,2026-06-03 06:08:53,False,,bajo,False
2026-09-28 19:22:58,2411,2026-06-03 08:44:37,2,2026-06-03 08:44:37,False,,bajo,False
2026-09-28 19:22:58,2465,2026-06-03 06:28:44,2,2026-06-03 06:28:44,False,,bajo,False
2026-09-28 19:22:58,2466,2025-03-13 16:03:26,2,2025-03-13 16:03:26,False,,bajo,False
2026-09-28 19:22:58,2468,2026-06-03 08:40:08,2,2026-06-03 08:40:08,False,,bajo,False
2026-09-28 19:22:58,2706,2026-06-03 05:15:51,2,2026-06-03 05:15:51,False,,bajo,False
2026-09-28 19:22:58,2724,2026-08-22 11:08:53,2,2026-08-22 11:08:53,False,,bajo,False
2026-09-28 19:22:58,2730,2026-06-03 08:24:08,2,2026-06-03 08:24:08,False,,bajo,False
2026-09-28 19:22:58,2743,2026-06-03 08:33:58,2,2026-06-03 08:33:58,False,,bajo,False
2026-09-28 19:22:58,2744,2026-06-03 08:26:24,2,2026-06-03 08:26:24,False,,bajo,False
2026-09-28 19:22:58,2768,2026-06-03 08:23:19,2,2026-06-03 08:23:19,False,,bajo,False
2026-09-28 19:22:58,2770,2026-06-03 08:28:44,2,2026-06-03 08:28:44,False,,bajo,False
2026-09-28 19:22:58,2773,2026-06-03 08:42:23,2,2026-06-03 08:42:23,False,,bajo,False
2026-09-28 19:22:58,2780,2026-06-03 08:31:16,2,2026-06-03 08:31:16,False,,bajo,False
2026-09-28 19:22:58,2781,2026-06-03 08:39:47,2,2026-06-03 08:39:47,False,,bajo,False
2026-09-28 19:22:58,2922,2026-06-03 07:54:30,2,2026-06-03 07:54:30,False,,bajo,False
2026-09-28 19:22:58,2983,2026-06-03 08:26:35,2,2026-06-03 08:26:35,False,,bajo,False
2026-09-28 19:22:58,2993,2026-05-28 08:20:47,2,2026-05-28 08:20:47,False,,bajo,False
2026-09-28 19:22:58,3002,2025-03-13 16:03:26,2,2025-03-13 16:03:26,False,,bajo,False
2026-09-28 19:22:58,3020,2026-06-03 08:31:34,2,2026-06-03 08:31:34,False,,bajo,False
2026-09-28 19:22:58,3065,2026-06-03 06:29:32,2,2026-06-03 06:29:32,False,,bajo,False
2026-09-28 19:22:58,3086,2026-06-03 08:38:54,2,2026-06-03 08:38:54,False,,bajo,False
2026-09-28 19:22:58,3087,2026-06-03 02:06:08,2,2026-06-03 02:06:08,False,,bajo,False
2026-09-28 19:22:58,3151,2026-06-03 07:25:54,2,2026-06-03 07:25:54,False,,bajo,False
2026-09-28 19:22:58,3160,2026-06-03 03:28:18,2,2026-06-03 03:28:18,False,,bajo,False
2026-09-28 19:22:58,3199,2026-06-03 08:41:17,2,2026-06-03 08:41:17,False,,bajo,False
2026-09-28 19:22:58,3203,2026-06-03 08:22:47,2,2026-06-03 08:22:47,False,,bajo,False
2026-09-28 19:22:58,3204,2026-06-03 07:54:17,2,2026-06-03 07:54:17,False,,bajo,False
2026-09-28 19:22:58,3207,2026-06-03 07:05:01,2,2026-06-03 07:05:01,False,,bajo,False
2026-09-28 19:22:58,3227,2025-03-13 16:03:26,2,2025-03-13 16:03:26,False,,bajo,False
2026-09-28 19:22:58,1846,2026-06-03 08:24:16,3,2026-06-03 08:24:16,False,,bajo,False
2026-09-28 19:22:58,2193,2026-06-03 03:28:55,3,2026-06-03 03:28:55,False,,bajo,False
2026-09-28 19:22:58,2208,2026-06-03 08:31:26,3,2026-06-03 08:31:26,False,,bajo,False
2026-09-28 19:22:58,2330,2026-06-03 07:45:12,3,2026-06-03 07:45:12,False,,bajo,False
2026-09-28 19:22:58,2415,2026-06-03 08:47:45,3,2026-06-03 08:47:45,False,,bajo,False
2026-09-28 19:22:58,2466,2026-06-03 08:38:32,3,2026-06-03 08:38:32,False,,bajo,False
2026-09-28 19:22:58,2582,2026-06-03 08:15:54,3,2026-06-03 08:15:54,False,,bajo,False
2026-09-28 19:22:58,2665,2026-06-03 07:10:20,3,2026-06-03 07:10:20,False,,bajo,False
2026-09-28 19:22:58,2718,2026-06-03 07:28:18,3,2026-06-03 07:28:18,False,,bajo,False
2026-09-28 19:22:58,2722,2026-06-03 06:10:37,3,2026-06-03 06:10:37,False,,bajo,False
2026-09-28 19:22:58,2751,2026-06-03 07:40:08,3,2026-06-03 07:40:08,False,,bajo,False
2026-09-28 19:22:58,2858,2026-06-03 00:31:15,3,2026-06-03 00:31:15,False,,bajo,False
2026-09-28 19:22:58,2993,2026-05-28 08:20:47,3,2026-05-28 08:20:47,False,,bajo,False
2026-09-28 19:22:58,2994,2026-06-03 07:45:41,3,2026-06-03 07:45:41,False,,bajo,False
2026-09-28 19:22:58,3010,2026-06-03 08:19:28,3,2026-06-03 08:19:28,False,,bajo,False
2026-09-28 19:22:58,3011,2026-06-03 08:45:02,3,2026-06-03 08:45:02,False,,bajo,False
2026-09-28 19:22:58,3024,2026-06-03 07:31:40,3,2026-06-03 07:31:40,False,,bajo,False
2026-09-28 19:22:58,3026,2026-06-03 08:11:53,3,2026-06-03 08:11:53,False,,bajo,False
2026-09-28 19:22:58,3027,2026-06-03 08:24:41,3,2026-06-03 08:24:41,False,,bajo,False
2026-09-28 19:22:58,3074,2026-06-03 06:59:32,3,2026-06-03 06:59:32,False,,bajo,False
2026-09-28 19:22:58,3079,2026-06-03 07:50:16,3,2026-06-03 07:50:16,False,,bajo,False
2026-09-28 19:22:58,3086,2026-06-03 08:38:54,3,2026-06-03 08:38:54,False,,bajo,False
2026-09-28 19:22:58,3087,2026-06-03 02:06:08,3,2026-06-03 02:06:08,False,,bajo,False
2026-09-28 19:22:58,3132,2026-06-03 08:15:52,3,2026-06-03 08:15:52,False,,bajo,False
2026-09-28 19:22:58,3160,2026-06-03 03:28:18,3,2026-06-03 03:28:18,False,,bajo,False
2026-09-28 19:22:58,3172,2026-06-03 08:52:22,3,2026-06-03 08:52:22,False,,bajo,False
2026-09-28 19:22:58,3203,2026-06-03 17:31:00,3,2026-06-03 17:31:00,False,,bajo,False
2026-09-28 19:22:58,3204,2026-06-03 07:54:17,3,2026-06-03 07:54:17,False,,bajo,False
2026-09-28 19:22:58,3207,2026-06-03 07:05:01,3,2026-06-03 07:05:01,False,,bajo,False
2026-09-28 19:22:58,3222,2026-06-03 08:54:14,3,2026-06-03 08:54:14,False,,bajo,False
2026-09-28 19:22:58,2362,2026-09-28 19:21:19,0,2026-09-28 19:21:19,False,,bajo,True
2026-09-28 19:22:58,2815,2026-09-28 16:09:19,0,2026-09-28 16:09:19,False,,bajo,True
2026-09-28 19:22:58,2817,2026-09-28 16:34:22,0,2026-09-28 16:34:22,False,,bajo,False
2026-09-28 19:22:58,2818,2026-09-28 15:47:09,0,2026-09-28 15:47:09,False,,bajo,False
2026-09-28 19:22:58,2820,2026-09-28 17:34:53,0,2026-09-28 17:34:53,False,,bajo,True
2026-09-28 19:22:58,2821,2026-09-28 12:59:26,0,2026-09-28 12:59:26,False,,bajo,False
2026-09-28 19:22:58,2822,2026-09-28 12:24:28,0,2026-09-28 12:24:28,False,,bajo,False
2026-09-28 19:22:58,2823,2026-09-27 15:17:35,0,2026-09-27 15:17:35,False,,bajo,False
2026-09-28 19:22:58,2824,2026-09-27 16:50:35,0,2026-09-27 16:50:35,False,,bajo,False
2026-09-28 19:22:58,2827,2026-09-28 14:50:07,0,2026-09-28 14:50:07,False,,medio,False
2026-09-28 19:22:58,2828,2026-08-27 14:39:54,0,2026-08-27 14:39:54,False,,bajo,False
2026-09-28 19:22:58,2833,2026-09-28 04:32:22,0,2026-09-28 04:32:22,False,,bajo,False
2026-09-28 19:22:58,2931,2026-09-28 18:01:46,0,2026-09-28 18:01:46,False,,bajo,False
2026-09-28 19:22:58,2932,2026-09-28 19:22:14,0,2026-09-28 19:22:14,False,,bajo,False
2026-09-28 19:22:58,2949,2026-09-28 18:18:00,0,2026-09-28 18:18:00,False,,bajo,True
2026-09-28 19:22:58,2952,2026-09-27 08:35:35,0,2026-09-27 08:35:35,False,,bajo,False
2026-09-28 19:22:58,2953,2026-09-28 19:22:29,0,2026-09-28 19:22:29,False,,bajo,True
2026-09-28 19:22:58,2969,2026-09-28 19:22:03,0,2026-09-28 19:22:03,False,,alto,True
2026-09-28 19:22:58,2995,2026-09-26 20:51:12,0,2026-09-26 20:51:12,False,,bajo,False
2026-09-28 19:22:58,3017,2026-09-27 20:47:28,0,2026-09-27 20:47:28,False,,bajo,False
2026-09-28 19:22:58,3021,2026-09-27 16:00:37,0,2026-09-27 16:00:37,False,,bajo,False
2026-09-28 19:22:58,3068,2026-09-27 19:12:57,0,2026-09-27 19:12:57,False,,bajo,True
2026-09-28 19:22:58,3080,2026-09-27 19:57:41,0,2026-09-27 19:57:41,False,,bajo,True
2026-09-28 19:22:58,3089,2026-09-28 19:20:10,0,2026-09-28 19:20:10,False,,bajo,False
2026-09-28 19:22:58,3111,2026-09-28 19:22:15,0,2026-09-28 19:22:15,False,,medio,False
2026-09-28 19:22:58,3112,2026-09-24 20:53:11,0,2026-09-24 20:53:11,False,,bajo,True
2026-09-28 19:22:58,3142,2026-09-26 11:43:46,0,2026-09-26 11:43:46,False,,bajo,False
2026-09-28 19:22:58,3181,2026-09-28 07:03:04,0,2026-09-28 07:03:04,False,,bajo,True
2026-09-28 19:22:58,3205,2026-09-28 14:54:49,0,2026-09-28 14:54:49,False,,bajo,False
2026-09-28 19:22:58,3233,2026-09-24 19:51:04,0,2026-09-24 19:51:04,False,,medio,True
2026-09-28 19:22:58,2362,2026-09-28 16:31:41,1,2026-09-28 16:31:41,False,,bajo,True
2026-09-28 19:22:58,2815,2026-09-28 19:08:41,1,2026-09-28 19:08:41,False,,bajo,False
2026-09-28 19:22:58,2817,2026-09-28 16:38:22,1,2026-09-28 16:38:22,False,,bajo,False
2026-09-28 19:22:58,2818,2026-09-28 16:03:27,1,2026-09-28 16:03:27,False,,bajo,False
2026-09-28 19:22:58,2820,2026-06-03 07:57:34,1,2026-06-03 07:57:34,False,,bajo,False
2026-09-28 19:22:58,2821,2026-09-28 19:21:58,1,2026-09-28 19:21:58,False,,bajo,False
2026-09-28 19:22:58,2822,2026-09-28 18:27:24,1,2026-09-28 18:27:24,False,,bajo,False
2026-09-28 19:22:58,2823,2026-09-28 19:07:50,1,2026-09-28 19:07:50,False,,alto,True
2026-09-28 19:22:58,2824,2026-09-28 19:09:47,1,2026-09-28 19:09:47,False,,medio,True
2026-09-28 19:22:58,2827,2026-09-28 12:22:53,1,2026-09-28 12:22:53,False,,bajo,False
2026-09-28 19:22:58,2828,2026-09-28 18:05:01,1,2026-09-28 18:05:01,False,,bajo,False
2026-09-28 19:22:58,2833,2026-09-28 18:58:43,1,2026-09-28 18:58:43,False,,medio,False
2026-09-28 19:22:58,2931,2026-09-28 18:04:25,1,2026-09-28 18:04:25,False,,bajo,False
2026-09-28 19:22:58,2932,2026-09-28 19:06:33,1,2026-09-28 19:06:33,False,,bajo,True
2026-09-28 19:22:58,2949,2026-09-28 18:07:03,1,2026-09-28 18:07:03,False,,bajo,True
2026-09-28 19:22:58,2952,2026-09-25 10:27:29,1,2026-09-25 10:27:29,False,,bajo,True
2026-09-28 19:22:58,2953,2026-09-28 19:15:42,1,2026-09-28 19:15:42,False,,bajo,False
2026-09-28 19:22:58,2969,2026-09-28 17:56:06,1,2026-09-28 17:56:06,False,,alto,True
2026-09-28 19:22:58,2995,2026-09-28 18:38:37,1,2026-09-28 18:38:37,False,,bajo,True
2026-09-28 19:22:58,3017,2026-09-27 15:27:30,1,2026-09-27 15:27:30,False,,bajo,False
2026-09-28 19:22:58,3021,2026-09-28 12:18:06,1,2026-09-28 12:18:06,False,,bajo,False
2026-09-28 19:22:58,3068,2026-09-28 16:34:01,1,2026-09-28 16:34:01,False,,bajo,False
2026-09-28 19:22:58,3080,2026-09-27 20:37:01,1,2026-09-27 20:37:01,False,,bajo,False
2026-09-28 19:22:58,3089,2026-09-28 17:10:01,1,2026-09-28 17:10:01,False,,bajo,True
2026-09-28 19:22:58,3111,2026-09-28 17:57:07,1,2026-09-28 17:57:07,False,,bajo,False
2026-09-28 19:22:58,3112,2026-09-28 13:20:54,1,2026-09-28 13:20:54,False,,bajo,False
2026-09-28 19:22:58,3142,2026-09-28 17:45:18,1,2026-09-28 17:45:18,False,,bajo,False
2026-09-28 19:22:58,3181,2026-09-28 18:40:47,1,2026-09-28 18:40:47,False,,bajo,False
2026-09-28 19:22:58,3233,2026-09-28 13:32:32,1,2026-09-28 13:32:32,False,,bajo,False
2026-09-28 19:22:58,2736,2026-09-28 11:53:54,0,2026-09-28 11:53:54,False,,bajo,False
2026-09-28 19:22:58,2755,2026-09-28 10:34:46,0,2026-09-28 10:34:46,False,,bajo,False
2026-09-28 19:22:58,2908,2026-09-28 18:47:16,0,2026-09-28 18:47:16,False,,bajo,True
2026-09-28 19:22:58,3072,2025-03-13 16:03:26,0,2025-03-13 16:03:26,False,,bajo,False
2026-09-28 19:22:58,3100,2026-09-28 19:06:28,0,2026-09-28 19:06:28,False,,bajo,True
2026-09-28 19:22:58,3170,2026-09-25 15:51:09,0,2026-09-25 15:51:09,False,,bajo,False
2026-09-28 19:22:58,2736,2026-09-26 20:57:49,1,2026-09-26 20:57:49,False,,bajo,True
2026-09-28 19:22:58,2755,2026-09-26 11:29:54,1,2026-09-26 11:29:54,False,,bajo,False
2026-09-28 19:22:58,2908,2026-09-28 19:10:49,1,2026-09-28 19:10:49,False,,bajo,False
2026-09-28 19:22:58,3072,2025-03-13 16:03:26,1,2025-03-13 16:03:26,False,,bajo,False
2026-09-28 19:22:58,3100,2026-09-28 16:42:55,1,2026-09-28 16:42:55,False,,bajo,True
2026-09-28 19:22:58,3170,2026-09-26 08:09:07,1,2026-09-26 08:09:07,False,,bajo,False
