fecha_actualizacion,id_eess,fecha_actualizacion_sistema,id_producto_abs,fecha_ultima_venta,despacho_en_curso,fecha_hora_despacho,saldo_estado,con_venta
2026-08-20 12:32:58,2456,2026-08-20 12:30:57,0,2026-08-20 12:30:57,False,,medio,False
2026-08-20 12:32:58,2458,2025-09-19 19:07:39,0,2025-09-19 19:07:39,False,,bajo,False
2026-08-20 12:32:58,2491,2026-08-20 00:35:52,0,2026-08-20 00:35:52,False,,bajo,False
2026-08-20 12:32:58,2494,2026-08-20 07:58:26,0,2026-08-20 07:58:26,False,,alto,False
2026-08-20 12:32:58,2501,2026-08-20 09:56:17,0,2026-08-20 09:56:17,False,,bajo,False
2026-08-20 12:32:58,2531,2026-08-20 12:28:55,0,2026-08-20 12:28:55,True,2026-08-20 09:29:46,alto,False
2026-08-20 12:32:58,2545,2026-08-20 12:32:39,0,2026-08-20 12:32:39,False,,bajo,False
2026-08-20 12:32:58,2551,2026-08-20 12:25:13,0,2026-08-20 12:25:13,False,,alto,True
2026-08-20 12:32:58,2639,2026-08-19 17:07:15,0,2026-08-19 17:07:15,False,,bajo,False
2026-08-20 12:32:58,2670,2026-08-20 12:30:11,0,2026-08-20 12:30:11,False,,medio,True
2026-08-20 12:32:58,2675,2026-08-20 12:31:43,0,2026-08-20 12:31:43,True,2026-08-20 11:30:17,bajo,True
2026-08-20 12:32:58,2704,2026-08-18 16:09:13,0,2026-08-18 16:09:13,False,,bajo,False
2026-08-20 12:32:58,2705,2026-08-20 12:32:36,0,2026-08-20 12:32:36,False,,bajo,False
2026-08-20 12:32:58,2719,2025-06-26 16:00:33,0,2025-06-26 16:00:33,False,,bajo,False
2026-08-20 12:32:58,2728,2026-08-20 12:25:04,0,2026-08-20 12:25:04,False,,bajo,False
2026-08-20 12:32:58,2731,2026-08-20 12:29:49,0,2026-08-20 12:29:49,False,,bajo,False
2026-08-20 12:32:58,2869,2026-08-20 12:32:13,0,2026-08-20 12:32:13,False,,bajo,False
2026-08-20 12:32:58,2881,2026-08-20 11:58:04,0,2026-08-20 11:58:04,True,2026-08-20 10:04:19,bajo,False
2026-08-20 12:32:58,2903,2026-08-20 11:42:58,0,2026-08-20 11:42:58,False,,medio,True
2026-08-20 12:32:58,2939,2026-08-20 10:43:22,0,2026-08-20 10:43:22,False,,bajo,True
2026-08-20 12:32:58,2940,2026-08-20 11:21:06,0,2026-08-20 11:21:06,False,,bajo,True
2026-08-20 12:32:58,3051,2026-08-20 12:29:55,0,2026-08-20 12:29:55,False,,bajo,False
2026-08-20 12:32:58,3078,2026-08-20 12:31:10,0,2026-08-20 12:31:10,False,,medio,True
2026-08-20 12:32:58,3114,2026-08-20 12:32:20,0,2026-08-20 12:32:20,False,,bajo,False
2026-08-20 12:32:58,3118,2026-08-20 12:31:41,0,2026-08-20 12:31:41,False,,bajo,False
2026-08-20 12:32:58,3119,2026-08-19 21:53:15,0,2026-08-19 21:53:15,False,,bajo,False
2026-08-20 12:32:58,3164,2026-08-20 12:32:14,0,2026-08-20 12:32:14,True,2026-08-20 11:30:17,bajo,True
2026-08-20 12:32:58,3249,2026-08-20 12:29:50,0,2026-08-20 12:29:50,False,,bajo,True
2026-08-20 12:32:58,2456,2026-08-20 12:19:32,1,2026-08-20 12:19:32,False,,medio,False
2026-08-20 12:32:58,2458,2025-09-15 17:52:06,1,2025-09-15 17:52:06,False,,bajo,False
2026-08-20 12:32:58,2491,2026-08-20 12:30:53,1,2026-08-20 12:30:53,False,,bajo,False
2026-08-20 12:32:58,2494,2026-08-20 12:32:20,1,2026-08-20 12:32:20,True,2026-08-20 09:59:35,alto,False
2026-08-20 12:32:58,2501,2026-08-20 12:30:39,1,2026-08-20 12:30:39,False,,bajo,False
2026-08-20 12:32:58,2531,2026-08-20 12:28:54,1,2026-08-20 12:28:54,True,2026-08-20 11:32:18,alto,False
2026-08-20 12:32:58,2545,2026-08-20 09:45:58,1,2026-08-20 09:45:58,False,,bajo,True
2026-08-20 12:32:58,2551,2026-08-20 12:25:12,1,2026-08-20 12:25:12,False,,alto,False
2026-08-20 12:32:58,2639,2026-08-20 09:23:57,1,2026-08-20 09:23:57,False,,bajo,False
2026-08-20 12:32:58,2670,2026-08-20 12:27:53,1,2026-08-20 12:27:53,True,2026-08-20 09:53:58,bajo,False
2026-08-20 12:32:58,2675,2026-08-20 11:26:23,1,2026-08-19 19:13:15,True,2026-08-20 11:26:23,bajo,False
2026-08-20 12:32:58,2704,2026-08-17 08:45:28,1,2026-08-17 08:45:28,False,,medio,False
2026-08-20 12:32:58,2705,2026-08-20 12:26:19,1,2026-08-20 12:26:19,False,,bajo,False
2026-08-20 12:32:58,2728,2026-08-20 05:57:11,1,2026-08-20 05:57:11,False,,bajo,False
2026-08-20 12:32:58,2731,2026-08-20 12:27:26,1,2026-08-20 12:27:26,False,,bajo,False
2026-08-20 12:32:58,2869,2026-08-20 01:39:26,1,2026-08-20 01:39:26,False,,bajo,False
2026-08-20 12:32:58,2881,2026-08-20 10:04:19,1,2026-08-20 08:52:35,True,2026-08-20 10:04:19,bajo,False
2026-08-20 12:32:58,2903,2026-08-20 11:56:10,1,2026-08-20 11:56:10,False,,medio,False
2026-08-20 12:32:58,2939,2026-08-20 10:47:35,1,2026-08-20 10:47:35,False,,bajo,False
2026-08-20 12:32:58,2940,2026-08-18 11:06:12,1,2026-08-18 11:06:12,False,,bajo,True
2026-08-20 12:32:58,3051,2026-08-20 12:01:38,1,2026-08-20 12:01:38,False,,bajo,False
2026-08-20 12:32:58,3078,2026-08-20 12:25:08,1,2026-08-20 12:25:08,False,,medio,False
2026-08-20 12:32:58,3114,2026-08-20 12:32:20,1,2026-08-20 12:32:20,False,,bajo,False
2026-08-20 12:32:58,3118,2026-08-20 12:16:31,1,2026-08-20 12:16:31,False,,bajo,False
2026-08-20 12:32:58,3119,2026-08-19 06:33:25,1,2026-08-19 06:33:25,False,,bajo,False
2026-08-20 12:32:58,3249,2026-08-20 12:28:07,1,2026-08-20 12:28:07,False,,bajo,True
2026-08-20 12:32:58,2289,2026-08-20 12:23:17,0,2026-08-20 12:23:17,False,,bajo,True
2026-08-20 12:32:58,2292,2026-08-20 12:31:58,0,2026-08-20 12:31:58,False,,bajo,True
2026-08-20 12:32:58,2304,2026-06-03 08:24:38,0,2026-06-03 08:24:38,False,,bajo,False
2026-08-20 12:32:58,2329,2026-08-20 12:31:50,0,2026-08-20 12:31:50,False,,bajo,True
2026-08-20 12:32:58,2332,2026-08-20 11:35:20,0,2026-08-20 11:35:20,False,,bajo,False
2026-08-20 12:32:58,2359,2026-08-20 11:28:13,0,2026-08-20 11:28:13,False,,bajo,False
2026-08-20 12:32:58,2360,2026-08-20 12:31:12,0,2026-08-20 12:31:12,False,,bajo,False
2026-08-20 12:32:58,2361,2025-03-13 16:03:26,0,2025-03-13 16:03:26,False,,bajo,False
2026-08-20 12:32:58,2384,2026-08-20 10:14:33,0,2026-08-20 10:14:33,False,,alto,False
2026-08-20 12:32:58,2394,2026-08-20 08:46:13,0,2026-08-20 08:46:13,False,,alto,False
2026-08-20 12:32:58,2395,2026-08-20 12:32:03,0,2026-08-20 12:32:03,False,,bajo,True
2026-08-20 12:32:58,2405,2026-08-20 12:31:24,0,2026-08-20 12:31:24,False,,bajo,True
2026-08-20 12:32:58,2447,2026-08-15 13:01:27,0,2026-08-15 13:01:27,False,,bajo,False
2026-08-20 12:32:58,2448,2026-08-20 12:32:41,0,2026-08-20 12:32:41,False,,bajo,False
2026-08-20 12:32:58,2449,2026-08-17 12:07:23,0,2026-08-17 12:07:23,False,,bajo,True
2026-08-20 12:32:58,2450,2026-06-03 08:23:49,0,2026-06-03 08:23:49,False,,bajo,False
2026-08-20 12:32:58,2453,2026-08-15 16:55:26,0,2026-08-15 16:55:26,False,,bajo,False
2026-08-20 12:32:58,2454,2026-08-20 12:15:53,0,2026-08-20 12:15:53,False,,bajo,True
2026-08-20 12:32:58,2457,2026-08-20 12:32:32,0,2026-08-20 12:32:32,False,,bajo,False
2026-08-20 12:32:58,2470,2026-08-20 09:53:36,0,2026-08-20 09:53:36,False,,bajo,True
2026-08-20 12:32:58,2478,2026-08-18 11:56:57,0,2026-08-18 11:56:57,False,,bajo,True
2026-08-20 12:32:58,2479,2026-08-20 12:32:14,0,2026-08-20 12:32:14,False,,bajo,True
2026-08-20 12:32:58,2487,2026-08-20 12:32:07,0,2026-08-20 12:32:07,False,,bajo,False
2026-08-20 12:32:58,2490,2025-03-13 16:03:27,0,2025-03-13 16:03:27,False,,bajo,False
2026-08-20 12:32:58,2493,2025-03-13 16:03:26,0,2025-03-13 16:03:26,False,,bajo,False
2026-08-20 12:32:58,2499,2026-08-20 11:36:32,0,2026-08-20 11:36:32,False,,bajo,True
2026-08-20 12:32:58,2505,2026-08-20 12:30:26,0,2026-08-20 12:30:26,False,,bajo,False
2026-08-20 12:32:58,2507,2026-08-16 00:26:11,0,2026-08-16 00:26:11,False,,bajo,False
2026-08-20 12:32:58,2508,2026-08-20 12:29:41,0,2026-08-20 12:29:41,False,,bajo,False
2026-08-20 12:32:58,2517,2026-08-20 12:31:59,0,2026-08-20 12:31:59,False,,bajo,False
2026-08-20 12:32:58,2518,2026-08-20 01:49:29,0,2026-08-20 01:49:29,False,,bajo,True
2026-08-20 12:32:58,2520,2026-08-20 12:32:09,0,2026-08-20 12:32:09,False,,bajo,True
2026-08-20 12:32:58,2525,2026-08-20 12:32:40,0,2026-08-20 12:32:40,False,,alto,False
2026-08-20 12:32:58,2526,2026-08-20 12:30:08,0,2026-08-20 12:30:08,False,,bajo,True
2026-08-20 12:32:58,2529,2026-08-20 10:59:35,0,2026-08-20 10:59:35,False,,bajo,False
2026-08-20 12:32:58,2530,2026-06-02 08:37:08,0,2026-06-02 08:37:08,False,,bajo,False
2026-08-20 12:32:58,2532,2026-08-20 12:32:31,0,2026-08-20 12:32:31,False,,bajo,True
2026-08-20 12:32:58,2534,2026-08-20 12:30:06,0,2026-08-20 12:30:06,False,,bajo,True
2026-08-20 12:32:58,2536,2026-08-20 07:24:30,0,2026-08-20 07:24:30,False,,bajo,True
2026-08-20 12:32:58,2539,2025-03-13 16:03:27,0,2025-03-13 16:03:27,False,,bajo,False
2026-08-20 12:32:58,2542,2026-08-20 12:31:35,0,2026-08-20 12:31:35,False,,bajo,False
2026-08-20 12:32:58,2547,2026-08-20 07:23:03,0,2026-08-20 07:23:03,False,,bajo,False
2026-08-20 12:32:58,2548,2026-08-20 09:23:43,0,2026-08-20 09:23:43,False,,bajo,True
2026-08-20 12:32:58,2552,2026-08-19 22:57:27,0,2026-08-19 22:57:27,False,,bajo,False
2026-08-20 12:32:58,2557,2026-08-20 12:15:09,0,2026-08-20 12:15:09,False,,bajo,True
2026-08-20 12:32:58,2563,2026-08-18 07:32:10,0,2026-08-18 07:32:10,False,,bajo,False
2026-08-20 12:32:58,2571,2026-08-20 12:32:01,0,2026-08-20 12:32:01,False,,bajo,False
2026-08-20 12:32:58,2580,2026-08-18 15:26:16,0,2026-08-18 15:26:16,False,,bajo,False
2026-08-20 12:32:58,2609,2026-08-16 12:52:50,0,2026-08-16 12:52:50,False,,bajo,True
2026-08-20 12:32:58,2610,2026-08-20 12:32:33,0,2026-08-20 12:32:33,False,,bajo,False
2026-08-20 12:32:58,2620,2026-08-20 11:26:59,0,2026-08-20 11:26:59,False,,bajo,True
2026-08-20 12:32:58,2622,2026-08-20 10:16:37,0,2026-08-20 10:16:37,False,,bajo,False
2026-08-20 12:32:58,2630,2026-08-20 12:27:12,0,2026-08-20 12:27:12,False,,bajo,False
2026-08-20 12:32:58,2647,2026-08-20 09:51:56,0,2026-08-20 09:51:56,False,,bajo,True
2026-08-20 12:32:58,2662,2026-08-20 10:49:34,0,2026-08-20 10:49:34,False,,bajo,False
2026-08-20 12:32:58,2677,2026-08-16 11:00:09,0,2026-08-16 11:00:09,False,,bajo,False
2026-08-20 12:32:58,2683,2026-08-15 14:47:45,0,2026-08-15 14:47:45,False,,bajo,False
2026-08-20 12:32:58,2685,2026-08-15 16:04:53,0,2026-08-15 16:04:53,False,,bajo,False
2026-08-20 12:32:58,2689,2026-08-20 12:31:03,0,2026-08-20 12:31:03,False,,bajo,False
2026-08-20 12:32:58,2690,2026-08-20 10:56:28,0,2026-08-20 10:56:28,False,,bajo,False
2026-08-20 12:32:58,2694,2025-03-13 16:03:26,0,2025-03-13 16:03:26,False,,bajo,False
2026-08-20 12:32:58,2696,2026-08-20 12:32:41,0,2026-08-20 12:32:41,False,,bajo,False
2026-08-20 12:32:58,2698,2026-08-19 19:13:22,0,2026-08-19 19:13:22,False,,alto,True
2026-08-20 12:32:58,2703,2026-08-20 12:29:17,0,2026-08-20 12:29:17,False,,bajo,True
2026-08-20 12:32:58,2711,2026-08-15 17:51:04,0,2026-08-15 17:51:04,False,,bajo,False
2026-08-20 12:32:58,2715,2026-06-03 06:51:07,0,2026-06-03 06:51:07,False,,bajo,False
2026-08-20 12:32:58,2716,2026-08-20 10:17:51,0,2026-08-20 10:17:51,False,,bajo,False
2026-08-20 12:32:58,2733,2025-03-13 16:03:27,0,2025-03-13 16:03:27,False,,bajo,False
2026-08-20 12:32:58,2742,2026-08-15 18:32:52,0,2026-08-15 18:32:52,False,,bajo,False
2026-08-20 12:32:58,2747,2026-08-20 02:40:22,0,2026-08-20 02:40:22,False,,bajo,False
2026-08-20 12:32:58,2752,2025-03-13 16:03:27,0,2025-03-13 16:03:27,False,,bajo,False
2026-08-20 12:32:58,2764,2026-08-20 12:31:52,0,2026-08-20 12:31:52,False,,bajo,False
2026-08-20 12:32:58,2765,2026-08-16 11:48:52,0,2026-08-16 11:48:52,False,,bajo,True
2026-08-20 12:32:58,2772,2026-06-03 04:57:09,0,2026-06-03 04:57:09,False,,bajo,False
2026-08-20 12:32:58,2774,2026-08-20 12:32:29,0,2026-08-20 12:32:29,False,,bajo,True
2026-08-20 12:32:58,2776,2026-08-19 10:04:24,0,2026-08-19 10:04:24,False,,bajo,True
2026-08-20 12:32:58,2779,2026-08-20 09:29:10,0,2026-08-20 09:29:10,False,,bajo,True
2026-08-20 12:32:58,2783,2026-08-19 18:21:55,0,2026-08-19 18:21:55,False,,bajo,False
2026-08-20 12:32:58,2784,2026-08-20 08:41:10,0,2026-08-20 08:41:10,False,,bajo,False
2026-08-20 12:32:58,2788,2026-08-15 17:12:21,0,2026-08-15 17:12:21,False,,bajo,False
2026-08-20 12:32:58,2793,2026-08-18 18:18:00,0,2026-08-18 18:18:00,False,,bajo,True
2026-08-20 12:32:58,2798,2026-08-19 18:24:29,0,2026-08-19 18:24:29,False,,bajo,False
2026-08-20 12:32:58,2802,2026-06-03 00:08:20,0,2026-06-03 00:08:20,False,,bajo,False
2026-08-20 12:32:58,2805,2026-08-20 12:30:50,0,2026-08-20 12:30:50,False,,bajo,True
2026-08-20 12:32:58,2806,2026-08-17 12:46:30,0,2026-08-17 12:46:30,False,,bajo,True
2026-08-20 12:32:58,2809,2026-08-20 12:32:05,0,2026-08-20 12:32:05,False,,bajo,True
2026-08-20 12:32:58,2811,2026-08-17 08:08:51,0,2026-08-17 08:08:51,False,,bajo,False
2026-08-20 12:32:58,2861,2026-08-20 12:32:34,0,2026-08-20 12:32:34,True,2026-08-20 09:50:25,bajo,True
2026-08-20 12:32:58,2870,2026-08-16 17:07:17,0,2026-08-16 17:07:17,False,,bajo,False
2026-08-20 12:32:58,2873,2026-08-12 03:46:50,0,2026-08-12 03:46:50,False,,bajo,False
2026-08-20 12:32:58,2899,2026-08-20 08:54:57,0,2026-08-20 08:54:57,False,,bajo,True
2026-08-20 12:32:58,2900,2025-03-13 16:18:25,0,2025-03-13 16:18:25,False,,bajo,False
2026-08-20 12:32:58,2912,2026-08-20 12:30:13,0,2026-08-20 12:30:13,False,,bajo,True
2026-08-20 12:32:58,2913,2026-08-20 12:30:48,0,2026-08-20 12:30:48,False,,bajo,False
2026-08-20 12:32:58,2928,2026-08-15 16:57:39,0,2026-08-15 16:57:39,False,,alto,True
2026-08-20 12:32:58,2934,2026-08-20 08:27:32,0,2026-08-20 08:27:32,False,,bajo,False
2026-08-20 12:32:58,2943,2026-08-19 09:32:09,0,2026-08-19 09:32:09,False,,bajo,True
2026-08-20 12:32:58,2945,2026-08-19 10:38:26,0,2026-08-19 10:38:26,False,,bajo,False
2026-08-20 12:32:58,2947,2026-08-20 12:29:09,0,2026-08-20 12:29:09,False,,bajo,True
2026-08-20 12:32:58,2956,2026-08-15 17:35:51,0,2026-08-15 17:35:51,False,,bajo,False
2026-08-20 12:32:58,2958,2026-08-20 10:56:40,0,2026-08-20 10:56:40,False,,alto,True
2026-08-20 12:32:58,2968,2026-08-20 12:32:14,0,2026-08-20 12:32:14,True,2026-08-20 08:20:32,bajo,True
2026-08-20 12:32:58,3040,2026-08-15 16:01:17,0,2026-08-15 16:01:17,False,,bajo,True
2026-08-20 12:32:58,3052,2026-08-20 12:30:59,0,2026-08-20 12:30:59,False,,bajo,False
2026-08-20 12:32:58,3053,2026-08-19 22:52:07,0,2026-08-19 22:52:07,False,,bajo,True
2026-08-20 12:32:58,3069,2026-08-16 00:43:35,0,2026-08-16 00:43:35,False,,bajo,True
2026-08-20 12:32:58,3083,2026-08-20 09:00:06,0,2026-08-20 09:00:06,False,,bajo,False
2026-08-20 12:32:58,3092,2026-08-20 08:08:00,0,2026-08-20 08:08:00,False,,bajo,False
2026-08-20 12:32:58,3123,2026-08-20 12:31:23,0,2026-08-20 12:31:23,False,,bajo,False
2026-08-20 12:32:58,3126,2026-08-20 12:16:07,0,2026-08-20 12:16:07,False,,bajo,False
2026-08-20 12:32:58,3166,2026-08-20 12:31:16,0,2026-08-20 12:31:16,False,,bajo,True
2026-08-20 12:32:58,3182,2026-08-20 12:30:38,0,2026-08-20 12:30:38,False,,bajo,False
2026-08-20 12:32:58,3196,2026-08-20 11:25:05,0,2026-08-20 11:25:05,False,,bajo,True
2026-08-20 12:32:58,3200,2026-08-20 12:32:35,0,2026-08-20 12:32:35,False,,bajo,False
2026-08-20 12:32:58,3206,2026-08-20 12:31:52,0,2026-08-20 12:31:52,False,,bajo,False
2026-08-20 12:32:58,3218,2026-08-20 12:31:54,0,2026-08-20 12:31:54,False,,bajo,False
2026-08-20 12:32:58,3220,2026-08-17 19:58:13,0,2026-08-17 19:58:13,False,,bajo,False
2026-08-20 12:32:58,3221,2026-08-16 08:45:33,0,2026-08-16 08:45:33,False,,alto,True
2026-08-20 12:32:58,3238,2026-08-17 16:51:20,0,2026-08-17 16:51:20,False,,bajo,True
2026-08-20 12:32:58,3241,2026-08-19 14:27:39,0,2026-08-19 14:27:39,False,,bajo,True
2026-08-20 12:32:58,3246,2026-08-19 22:38:52,0,2026-08-19 22:38:52,False,,bajo,True
2026-08-20 12:32:58,3252,2026-08-20 12:30:45,0,2026-08-20 12:30:45,False,,bajo,False
2026-08-20 12:32:58,3261,2026-08-20 10:27:12,0,2026-08-20 10:27:12,False,,bajo,False
2026-08-20 12:32:58,4016,2026-08-07 21:33:04,0,2026-08-07 21:33:04,False,,bajo,True
2026-08-20 12:32:58,4027,2026-08-16 11:33:36,0,2026-08-16 11:33:36,False,,bajo,False
2026-08-20 12:32:58,2304,2026-08-20 12:30:34,1,2026-08-20 12:30:34,True,2026-08-20 10:35:51,bajo,False
2026-08-20 12:32:58,2332,2026-08-20 12:32:05,1,2026-08-20 12:32:05,True,2026-08-20 08:55:40,bajo,False
2026-08-20 12:32:58,2359,2026-08-20 12:27:43,1,2026-08-20 12:27:43,True,2026-08-20 10:15:35,bajo,False
2026-08-20 12:32:58,2361,2025-03-13 16:03:26,1,2025-03-13 16:03:26,False,,bajo,False
2026-08-20 12:32:58,2384,2026-08-19 19:09:48,1,2026-08-19 19:09:48,False,,bajo,False
2026-08-20 12:32:58,2394,2026-08-20 12:30:14,1,2026-08-20 12:30:14,True,2026-08-20 09:36:39,alto,False
2026-08-20 12:32:58,2395,2026-08-20 12:20:44,1,2026-08-20 12:20:44,True,2026-08-20 07:35:37,bajo,True
2026-08-20 12:32:58,2405,2026-08-14 18:55:45,1,2026-08-14 18:55:45,False,,bajo,False
2026-08-20 12:32:58,2447,2026-08-19 22:05:56,1,2026-08-19 22:05:56,False,,bajo,True
2026-08-20 12:32:58,2448,2026-08-19 17:22:47,1,2026-08-19 17:22:47,False,,bajo,False
2026-08-20 12:32:58,2449,2026-08-20 12:01:20,1,2026-08-20 12:01:20,False,,bajo,False
2026-08-20 12:32:58,2450,2026-08-20 09:52:44,1,2026-08-14 16:05:10,True,2026-08-20 09:52:44,bajo,False
2026-08-20 12:32:58,2453,2026-08-20 10:51:57,1,2026-08-20 10:51:57,False,,bajo,False
2026-08-20 12:32:58,2454,2026-08-20 12:31:07,1,2026-08-20 12:31:07,True,2026-08-20 10:29:43,bajo,False
2026-08-20 12:32:58,2457,2026-08-20 11:03:32,1,2026-08-19 20:53:11,True,2026-08-20 11:03:32,bajo,False
2026-08-20 12:32:58,2478,2026-08-18 11:53:58,1,2026-08-18 11:53:58,False,,bajo,True
2026-08-20 12:32:58,2487,2026-08-17 18:25:17,1,2026-08-17 18:25:17,False,,bajo,False
2026-08-20 12:32:58,2490,2025-03-13 16:03:27,1,2025-03-13 16:03:27,False,,bajo,False
2026-08-20 12:32:58,2493,2025-03-13 16:03:26,1,2025-03-13 16:03:26,False,,bajo,False
2026-08-20 12:32:58,2499,2026-06-03 06:29:57,1,2026-06-03 06:29:57,False,,bajo,False
2026-08-20 12:32:58,2505,2026-08-20 08:36:13,1,2026-08-20 08:36:13,False,,bajo,False
2026-08-20 12:32:58,2507,2026-08-19 19:15:34,1,2026-08-19 19:15:34,False,,bajo,False
2026-08-20 12:32:58,2508,2026-08-20 12:28:38,1,2026-08-20 12:28:38,False,,bajo,False
2026-08-20 12:32:58,2517,2026-08-20 03:44:00,1,2026-08-20 03:44:00,False,,bajo,False
2026-08-20 12:32:58,2518,2026-08-20 12:24:55,1,2026-08-20 12:24:55,False,,bajo,False
2026-08-20 12:32:58,2520,2026-08-19 20:27:52,1,2026-08-19 20:27:52,False,,bajo,True
2026-08-20 12:32:58,2525,2026-08-20 12:31:13,1,2026-08-20 12:31:13,True,2026-08-20 07:37:54,bajo,False
2026-08-20 12:32:58,2526,2026-08-20 11:38:15,1,2026-08-18 12:17:16,True,2026-08-20 11:38:15,bajo,False
2026-08-20 12:32:58,2529,2026-08-20 12:20:58,1,2026-08-20 12:20:58,True,2026-08-20 07:32:12,bajo,False
2026-08-20 12:32:58,2530,2026-08-20 11:00:00,1,2026-08-19 21:59:23,True,2026-08-20 11:00:00,bajo,False
2026-08-20 12:32:58,2534,2026-08-20 12:29:01,1,2026-08-20 12:29:01,False,,bajo,False
2026-08-20 12:32:58,2536,2026-08-20 12:26:40,1,2026-08-20 12:26:40,True,2026-08-20 07:46:35,bajo,False
2026-08-20 12:32:58,2539,2025-03-13 16:03:27,1,2025-03-13 16:03:27,False,,bajo,False
2026-08-20 12:32:58,2547,2026-08-20 12:30:54,1,2026-08-20 12:30:54,True,2026-08-20 08:27:11,bajo,False
2026-08-20 12:32:58,2548,2026-08-20 03:10:45,1,2026-08-20 03:10:45,False,,bajo,False
2026-08-20 12:32:58,2552,2026-08-19 21:43:42,1,2026-08-19 21:43:42,False,,bajo,False
2026-08-20 12:32:58,2557,2026-08-20 10:59:26,1,2026-08-20 10:59:26,False,,bajo,False
2026-08-20 12:32:58,2563,2026-08-16 10:07:36,1,2026-08-16 10:07:36,False,,bajo,False
2026-08-20 12:32:58,2571,2026-08-19 19:11:14,1,2026-08-19 19:11:14,False,,alto,False
2026-08-20 12:32:58,2580,2026-08-20 12:30:39,1,2026-08-20 12:30:39,False,,bajo,False
2026-08-20 12:32:58,2609,2026-08-20 12:17:09,1,2026-08-20 12:17:09,False,,bajo,True
2026-08-20 12:32:58,2610,2026-08-20 03:17:32,1,2026-08-20 03:17:32,False,,bajo,False
2026-08-20 12:32:58,2620,2026-08-20 12:31:57,1,2026-08-20 12:31:57,True,2026-08-20 11:00:32,bajo,False
2026-08-20 12:32:58,2622,2026-08-20 12:26:59,1,2026-08-20 12:26:59,True,2026-08-20 09:51:46,bajo,False
2026-08-20 12:32:58,2630,2026-08-20 10:24:26,1,2026-08-19 05:55:33,True,2026-08-20 10:24:26,bajo,False
2026-08-20 12:32:58,2647,2026-08-19 11:31:32,1,2026-08-19 11:31:32,False,,bajo,True
2026-08-20 12:32:58,2662,2026-08-19 16:39:40,1,2026-08-19 16:39:40,False,,bajo,False
2026-08-20 12:32:58,2677,2026-08-16 15:10:39,1,2026-08-16 15:10:39,False,,bajo,True
2026-08-20 12:32:58,2683,2026-08-20 12:24:39,1,2026-08-20 12:24:39,False,,bajo,True
2026-08-20 12:32:58,2685,2026-08-16 17:31:52,1,2026-08-16 17:31:52,False,,bajo,True
2026-08-20 12:32:58,2689,2026-08-20 12:27:15,1,2026-08-20 12:27:15,True,2026-08-20 08:40:01,bajo,False
2026-08-20 12:32:58,2690,2026-08-20 12:26:28,1,2026-08-20 12:26:28,True,2026-08-20 08:22:37,bajo,False
2026-08-20 12:32:58,2694,2025-03-13 16:03:26,1,2025-03-13 16:03:26,False,,bajo,False
2026-08-20 12:32:58,2698,2026-08-20 12:22:47,1,2026-08-20 12:22:47,True,2026-08-20 10:03:50,bajo,False
2026-08-20 12:32:58,2703,2026-08-20 11:49:28,1,2026-08-20 11:49:28,True,2026-08-20 11:17:03,bajo,False
2026-08-20 12:32:58,2711,2026-08-20 12:32:17,1,2026-08-20 12:32:17,False,,medio,False
2026-08-20 12:32:58,2715,2026-08-20 11:20:10,1,2026-08-20 11:20:10,False,,bajo,False
2026-08-20 12:32:58,2716,2026-08-19 10:37:26,1,2026-08-19 10:37:26,False,,bajo,False
2026-08-20 12:32:58,2742,2026-08-18 13:25:03,1,2026-08-18 13:25:03,False,,bajo,False
2026-08-20 12:32:58,2747,2026-08-20 12:26:27,1,2026-08-20 12:26:27,True,2026-08-20 08:38:27,medio,False
2026-08-20 12:32:58,2764,2026-08-20 11:52:37,1,2026-08-20 11:52:37,False,,bajo,True
2026-08-20 12:32:58,2765,2026-08-15 16:46:29,1,2026-08-15 16:46:29,False,,bajo,False
2026-08-20 12:32:58,2772,2026-08-20 12:27:21,1,2026-08-20 12:27:21,True,2026-08-20 08:31:07,medio,False
2026-08-20 12:32:58,2774,2026-08-20 12:31:59,1,2026-08-20 12:31:59,False,,bajo,True
2026-08-20 12:32:58,2776,2026-08-20 09:07:05,1,2026-08-20 09:07:05,False,,bajo,False
2026-08-20 12:32:58,2779,2026-08-20 10:17:12,1,2026-08-20 10:17:12,False,,bajo,False
2026-08-20 12:32:58,2783,2026-08-20 09:05:41,1,2026-08-19 20:42:39,True,2026-08-20 09:05:41,bajo,False
2026-08-20 12:32:58,2784,2026-08-20 06:47:51,1,2026-08-20 06:47:51,False,,bajo,False
2026-08-20 12:32:58,2788,2026-08-19 18:57:06,1,2026-08-19 18:57:06,False,,bajo,False
2026-08-20 12:32:58,2793,2026-08-19 21:27:27,1,2026-08-19 21:27:27,False,,bajo,False
2026-08-20 12:32:58,2798,2026-08-20 11:12:54,1,2026-08-20 03:39:00,True,2026-08-20 11:12:54,bajo,False
2026-08-20 12:32:58,2802,2026-08-20 12:25:25,1,2026-08-20 12:25:25,False,,alto,False
2026-08-20 12:32:58,2805,2026-08-19 18:59:40,1,2026-08-19 18:59:40,False,,bajo,False
2026-08-20 12:32:58,2806,2026-08-20 12:16:31,1,2026-08-20 12:16:31,False,,bajo,False
2026-08-20 12:32:58,2811,2026-08-15 17:09:33,1,2026-08-15 17:09:33,False,,bajo,False
2026-08-20 12:32:58,2861,2026-06-03 08:53:58,1,2026-06-03 08:53:58,False,,bajo,False
2026-08-20 12:32:58,2870,2026-08-20 12:30:16,1,2026-08-20 12:30:16,False,,bajo,False
2026-08-20 12:32:58,2873,2026-08-13 15:10:12,1,2026-08-13 15:10:12,False,,bajo,False
2026-08-20 12:32:58,2899,2026-08-18 19:36:07,1,2026-08-18 19:36:07,False,,bajo,False
2026-08-20 12:32:58,2900,2025-03-13 16:18:25,1,2025-03-13 16:18:25,False,,bajo,False
2026-08-20 12:32:58,2912,2026-08-19 22:36:26,1,2026-08-19 22:36:26,False,,bajo,False
2026-08-20 12:32:58,2913,2026-08-20 11:31:28,1,2026-08-19 18:24:49,True,2026-08-20 11:31:28,bajo,False
2026-08-20 12:32:58,2928,2026-08-20 12:16:36,1,2026-08-20 12:16:36,False,,alto,False
2026-08-20 12:32:58,2934,2026-08-20 12:26:44,1,2026-08-20 12:26:44,True,2026-08-20 10:37:07,bajo,False
2026-08-20 12:32:58,2943,2026-08-20 12:04:25,1,2026-08-20 12:04:25,False,,bajo,True
2026-08-20 12:32:58,2945,2026-08-20 12:30:30,1,2026-08-20 12:30:30,False,,bajo,False
2026-08-20 12:32:58,2956,2026-08-15 10:42:58,1,2026-08-15 10:42:58,False,,bajo,True
2026-08-20 12:32:58,2958,2026-08-20 12:28:18,1,2026-08-20 12:28:18,False,,alto,False
2026-08-20 12:32:58,2968,2026-08-20 12:30:18,1,2026-08-20 12:30:18,False,,bajo,True
2026-08-20 12:32:58,3040,2026-08-20 12:17:30,1,2026-08-20 12:17:30,False,,bajo,False
2026-08-20 12:32:58,3053,2026-08-20 11:19:07,1,2026-08-20 09:37:51,True,2026-08-20 11:19:07,bajo,False
2026-08-20 12:32:58,3069,2026-08-20 11:30:28,1,2026-08-20 11:30:28,False,,bajo,True
2026-08-20 12:32:58,3083,2026-08-16 16:24:14,1,2026-08-16 16:24:14,False,,bajo,True
2026-08-20 12:32:58,3092,2026-08-20 12:31:23,1,2026-08-20 12:31:23,True,2026-08-20 08:23:39,bajo,False
2026-08-20 12:32:58,3123,2026-08-20 12:30:57,1,2026-08-20 12:30:57,True,2026-08-20 08:56:50,bajo,False
2026-08-20 12:32:58,3126,2026-08-20 08:00:59,1,2026-08-20 08:00:59,False,,bajo,False
2026-08-20 12:32:58,3166,2026-06-03 07:30:20,1,2026-06-03 07:30:20,False,,bajo,False
2026-08-20 12:32:58,3182,2026-08-20 12:22:12,1,2026-08-20 12:22:12,True,2026-08-20 07:56:42,bajo,False
2026-08-20 12:32:58,3200,2026-08-20 12:32:34,1,2026-08-20 12:32:34,True,2026-08-20 09:03:21,bajo,False
2026-08-20 12:32:58,3206,2026-08-20 11:41:08,1,2026-08-20 11:41:08,False,,bajo,False
2026-08-20 12:32:58,3218,2026-08-20 12:31:23,1,2026-08-20 12:31:23,False,,bajo,True
2026-08-20 12:32:58,3220,2026-08-18 07:56:44,1,2026-08-18 07:56:44,False,,bajo,False
2026-08-20 12:32:58,3221,2026-08-20 12:23:16,1,2026-08-20 12:23:16,False,,medio,False
2026-08-20 12:32:58,3241,2026-08-20 12:15:31,1,2026-08-20 12:15:31,False,,bajo,False
2026-08-20 12:32:58,3246,2026-08-20 12:27:20,1,2026-08-20 12:27:20,True,2026-08-20 09:34:24,bajo,False
2026-08-20 12:32:58,3252,2026-08-20 12:27:46,1,2026-08-20 12:27:46,False,,bajo,False
2026-08-20 12:32:58,3261,2026-08-20 12:29:00,1,2026-08-20 12:29:00,True,2026-08-20 08:01:38,bajo,False
2026-08-20 12:32:58,3269,2026-08-20 11:56:00,1,2026-08-20 11:56:00,False,,medio,False
2026-08-20 12:32:58,4016,2026-08-20 12:08:05,1,2026-08-20 12:08:05,False,,bajo,True
2026-08-20 12:32:58,4027,2026-08-18 15:58:36,1,2026-08-18 15:58:36,False,,medio,False
2026-08-20 12:32:58,2292,2026-06-03 08:02:35,2,2026-06-03 08:02:35,False,,bajo,False
2026-08-20 12:32:58,2329,2026-06-03 08:44:35,2,2026-06-03 08:44:35,False,,bajo,False
2026-08-20 12:32:58,2454,2026-06-03 07:16:12,2,2026-06-03 07:16:12,False,,bajo,False
2026-08-20 12:32:58,2470,2026-06-03 08:25:54,2,2026-06-03 08:25:54,False,,bajo,False
2026-08-20 12:32:58,2479,2026-06-03 08:24:44,2,2026-06-03 08:24:44,False,,bajo,False
2026-08-20 12:32:58,2499,2026-06-03 06:29:57,2,2026-06-03 06:29:57,False,,bajo,False
2026-08-20 12:32:58,2507,2026-06-03 08:14:57,2,2026-06-03 08:14:57,False,,bajo,False
2026-08-20 12:32:58,2517,2026-06-03 07:30:55,2,2026-06-03 07:30:55,False,,bajo,False
2026-08-20 12:32:58,2532,2026-06-03 07:22:58,2,2026-06-03 07:22:58,False,,bajo,False
2026-08-20 12:32:58,2563,2026-06-03 08:43:14,2,2026-06-03 08:43:14,False,,bajo,False
2026-08-20 12:32:58,2620,2026-06-03 08:51:25,2,2026-06-03 08:51:25,False,,bajo,False
2026-08-20 12:32:58,2947,2026-06-03 07:46:53,2,2026-06-03 07:46:53,False,,bajo,False
2026-08-20 12:32:58,2968,2026-06-03 08:29:04,2,2026-06-03 08:29:04,False,,bajo,False
2026-08-20 12:32:58,3196,2026-06-03 06:38:18,2,2026-06-03 06:38:18,False,,bajo,False
2026-08-20 12:32:58,3206,2026-06-03 08:23:59,2,2026-06-03 08:23:59,False,,bajo,False
2026-08-20 12:32:58,2395,2026-06-03 08:40:16,3,2026-06-03 08:40:16,False,,bajo,False
2026-08-20 12:32:58,2405,2026-06-03 07:27:56,3,2026-06-03 07:27:56,False,,bajo,False
2026-08-20 12:32:58,2517,2026-06-03 07:30:55,3,2026-06-03 07:30:55,False,,bajo,False
2026-08-20 12:32:58,2529,2026-06-03 07:46:28,3,2026-06-03 07:46:28,False,,bajo,False
2026-08-20 12:32:58,2620,2026-06-03 08:51:25,3,2026-06-03 08:51:25,False,,bajo,False
2026-08-20 12:32:58,2630,2026-06-03 08:21:10,3,2026-06-03 08:21:10,False,,bajo,False
2026-08-20 12:32:58,2703,2026-06-03 07:20:39,3,2026-06-03 07:20:39,False,,bajo,False
2026-08-20 12:32:58,3053,2026-06-03 07:52:09,3,2026-06-03 07:52:09,False,,bajo,False
2026-08-20 12:32:58,3252,2026-06-03 06:40:45,3,2026-06-03 06:40:45,False,,bajo,False
2026-08-20 12:32:58,2228,2026-08-20 12:29:51,0,2026-08-20 12:29:51,True,2026-08-20 07:57:34,alto,False
2026-08-20 12:32:58,2291,2026-08-20 12:07:36,0,2026-08-20 12:07:36,False,,bajo,False
2026-08-20 12:32:58,2295,2026-08-20 12:29:13,0,2026-08-20 12:29:13,False,,bajo,True
2026-08-20 12:32:58,2297,2026-08-20 12:31:26,0,2026-08-20 12:31:26,False,,bajo,False
2026-08-20 12:32:58,2305,2026-08-20 11:51:49,0,2026-08-20 11:51:49,False,,bajo,False
2026-08-20 12:32:58,2306,2026-08-20 12:29:46,0,2026-08-20 12:29:46,False,,alto,True
2026-08-20 12:32:58,2307,2026-08-19 19:15:12,0,2026-08-19 19:15:12,False,,bajo,False
2026-08-20 12:32:58,2308,2026-08-19 17:42:42,0,2026-08-19 17:42:42,False,,bajo,False
2026-08-20 12:32:58,2408,2026-08-20 12:28:43,0,2026-08-20 12:28:43,True,2026-08-20 09:26:47,alto,False
2026-08-20 12:32:58,2409,2025-05-07 18:03:24,0,2025-05-07 18:03:24,False,,bajo,False
2026-08-20 12:32:58,2416,2026-08-20 12:30:47,0,2026-08-20 12:30:47,True,2026-08-20 08:02:30,bajo,False
2026-08-20 12:32:58,2417,2026-08-20 12:32:26,0,2026-08-20 12:32:26,True,2026-08-20 07:35:14,medio,True
2026-08-20 12:32:58,2455,2026-08-20 12:31:13,0,2026-08-20 12:31:13,True,2026-08-20 07:50:13,bajo,False
2026-08-20 12:32:58,2462,2026-08-20 11:05:00,0,2026-08-19 22:25:53,True,2026-08-20 11:05:00,bajo,False
2026-08-20 12:32:58,2486,2026-08-20 12:30:28,0,2026-08-20 12:30:28,False,,bajo,True
2026-08-20 12:32:58,2489,2026-08-20 12:30:47,0,2026-08-20 12:30:47,True,2026-08-20 07:25:41,medio,True
2026-08-20 12:32:58,2522,2026-08-20 12:30:15,0,2026-08-20 12:30:15,True,2026-08-20 10:41:22,medio,False
2026-08-20 12:32:58,2523,2026-08-20 12:32:17,0,2026-08-20 12:32:17,True,2026-08-20 10:41:22,bajo,True
2026-08-20 12:32:58,2543,2026-08-20 12:32:03,0,2026-08-20 12:32:03,False,,alto,False
2026-08-20 12:32:58,2555,2026-08-20 12:32:25,0,2026-08-20 12:32:25,False,,bajo,False
2026-08-20 12:32:58,2556,2026-08-20 12:32:03,0,2026-08-20 12:32:03,True,2026-08-20 07:43:25,medio,True
2026-08-20 12:32:58,2578,2026-08-20 12:32:23,0,2026-08-20 12:32:23,False,,alto,False
2026-08-20 12:32:58,2584,2026-08-20 09:15:20,0,2026-08-20 09:15:20,False,,medio,True
2026-08-20 12:32:58,2597,2026-08-20 12:30:37,0,2026-08-20 12:30:37,True,2026-08-20 11:05:00,alto,False
2026-08-20 12:32:58,2598,2026-08-20 12:31:49,0,2026-08-20 12:31:49,False,,bajo,True
2026-08-20 12:32:58,2600,2026-08-20 12:32:29,0,2026-08-20 12:32:29,False,,medio,True
2026-08-20 12:32:58,2612,2026-08-20 12:31:35,0,2026-08-20 12:31:35,False,,bajo,False
2026-08-20 12:32:58,2615,2026-08-20 12:31:04,0,2026-08-20 12:31:04,False,,medio,True
2026-08-20 12:32:58,2633,2026-08-20 11:10:37,0,2026-08-20 11:10:37,True,2026-08-20 08:09:07,alto,True
2026-08-20 12:32:58,2640,2026-08-19 22:47:20,0,2026-08-19 22:47:20,False,,medio,False
2026-08-20 12:32:58,2643,2026-08-20 12:28:48,0,2026-08-20 12:28:48,False,,bajo,False
2026-08-20 12:32:58,2648,2026-08-20 12:32:27,0,2026-08-20 12:32:27,True,2026-08-20 09:52:01,medio,True
2026-08-20 12:32:58,2651,2025-03-13 16:03:26,0,2025-03-13 16:03:26,False,,bajo,False
2026-08-20 12:32:58,2652,2026-08-20 12:28:52,0,2026-08-20 12:28:52,True,2026-08-20 08:02:30,bajo,False
2026-08-20 12:32:58,2656,2026-08-19 21:59:27,0,2026-08-19 21:59:27,False,,bajo,False
2026-08-20 12:32:58,2657,2026-08-20 12:32:12,0,2026-08-20 12:32:12,False,,alto,False
2026-08-20 12:32:58,2658,2025-03-13 16:03:26,0,2025-03-13 16:03:26,False,,bajo,False
2026-08-20 12:32:58,2663,2026-08-20 12:31:05,0,2026-08-20 12:31:05,True,2026-08-20 07:21:57,bajo,False
2026-08-20 12:32:58,2679,2026-08-20 12:27:38,0,2026-08-20 12:27:38,False,,bajo,False
2026-08-20 12:32:58,2697,2026-08-20 12:30:28,0,2026-08-20 12:30:28,False,,bajo,False
2026-08-20 12:32:58,2709,2026-08-19 19:29:05,0,2026-08-19 19:29:05,False,,bajo,False
2026-08-20 12:32:58,2729,2026-08-20 12:30:12,0,2026-08-20 12:30:12,False,,bajo,False
2026-08-20 12:32:58,2740,2026-08-20 08:53:34,0,2026-08-20 08:53:34,False,,bajo,False
2026-08-20 12:32:58,2753,2026-08-20 12:32:41,0,2026-08-20 12:32:41,False,,bajo,False
2026-08-20 12:32:58,2763,2026-08-20 12:25:50,0,2026-08-20 12:25:50,False,,alto,False
2026-08-20 12:32:58,2769,2026-08-20 12:17:55,0,2026-08-20 12:17:55,False,,bajo,False
2026-08-20 12:32:58,2782,2026-08-20 11:59:43,0,2026-08-20 11:59:43,False,,bajo,False
2026-08-20 12:32:58,2786,2026-08-20 12:32:27,0,2026-08-20 12:32:27,True,2026-08-20 09:07:07,medio,True
2026-08-20 12:32:58,2789,2026-08-17 19:59:50,0,2026-08-17 19:59:50,False,,bajo,False
2026-08-20 12:32:58,2792,2026-08-18 07:38:02,0,2026-08-18 07:38:02,False,,bajo,True
2026-08-20 12:32:58,2794,2026-08-20 12:31:53,0,2026-08-20 12:31:53,True,2026-08-20 11:32:50,alto,False
2026-08-20 12:32:58,2800,2026-08-20 12:30:49,0,2026-08-20 12:30:49,False,,bajo,False
2026-08-20 12:32:58,2825,2026-08-20 12:31:52,0,2026-08-20 12:31:52,False,,medio,False
2026-08-20 12:32:58,2829,2026-08-20 09:14:28,0,2026-08-20 09:14:28,False,,medio,True
2026-08-20 12:32:58,2853,2026-08-20 11:31:56,0,2026-08-20 11:31:56,True,2026-08-20 11:18:44,bajo,False
2026-08-20 12:32:58,2856,2026-08-19 15:49:39,0,2026-08-19 15:49:39,False,,bajo,False
2026-08-20 12:32:58,2866,2026-08-18 16:15:59,0,2026-08-18 16:15:59,False,,bajo,False
2026-08-20 12:32:58,2867,2026-08-19 09:54:01,0,2026-08-19 09:54:01,False,,bajo,False
2026-08-20 12:32:58,2877,2026-08-20 12:32:07,0,2026-08-20 12:32:07,False,,medio,False
2026-08-20 12:32:58,2905,2026-08-20 12:30:51,0,2026-08-20 12:30:51,False,,medio,True
2026-08-20 12:32:58,2909,2026-08-20 10:37:35,0,2026-08-20 10:37:35,False,,bajo,True
2026-08-20 12:32:58,2910,2026-08-20 12:32:10,0,2026-08-20 12:32:10,False,,bajo,False
2026-08-20 12:32:58,2916,2026-08-20 09:53:22,0,2026-08-20 09:53:22,False,,alto,False
2026-08-20 12:32:58,2941,2026-08-20 10:54:26,0,2026-08-20 10:54:26,False,,bajo,False
2026-08-20 12:32:58,2942,2026-08-20 12:30:28,0,2026-08-20 12:30:28,False,,bajo,True
2026-08-20 12:32:58,2946,2026-08-20 12:28:51,0,2026-08-20 12:28:51,False,,alto,True
2026-08-20 12:32:58,2950,2026-08-20 12:31:50,0,2026-08-20 12:31:50,False,,bajo,False
2026-08-20 12:32:58,2951,2026-08-18 04:06:26,0,2026-08-18 04:06:26,False,,bajo,False
2026-08-20 12:32:58,2954,2026-08-20 12:32:25,0,2026-08-20 12:32:25,False,,bajo,False
2026-08-20 12:32:58,2959,2026-08-19 16:48:11,0,2026-08-19 16:48:11,False,,bajo,False
2026-08-20 12:32:58,2989,2026-08-20 12:31:37,0,2026-08-20 12:31:37,False,,alto,True
2026-08-20 12:32:58,2991,2026-08-20 12:32:24,0,2026-08-20 12:32:24,False,,bajo,True
2026-08-20 12:32:58,3005,2026-08-20 12:30:48,0,2026-08-20 12:30:48,True,2026-08-20 09:52:01,medio,True
2026-08-20 12:32:58,3012,2026-08-20 12:32:26,0,2026-08-20 12:32:26,True,2026-08-20 09:14:39,bajo,False
2026-08-20 12:32:58,3023,2026-08-20 09:37:41,0,2026-08-20 09:37:41,False,,bajo,True
2026-08-20 12:32:58,3032,2026-08-19 21:09:46,0,2026-08-19 21:09:46,False,,bajo,False
2026-08-20 12:32:58,3043,2026-08-18 06:20:59,0,2026-08-18 06:20:59,False,,bajo,False
2026-08-20 12:32:58,3044,2026-08-20 12:30:11,0,2026-08-20 12:30:11,True,2026-08-20 07:25:48,alto,True
2026-08-20 12:32:58,3050,2026-08-20 12:32:18,0,2026-08-20 12:32:18,True,2026-08-20 11:32:50,alto,False
2026-08-20 12:32:58,3055,2026-08-20 06:30:20,0,2026-08-20 06:30:20,False,,medio,False
2026-08-20 12:32:58,3063,2026-08-20 12:29:15,0,2026-08-20 12:29:15,False,,bajo,False
2026-08-20 12:32:58,3066,2026-08-20 12:32:17,0,2026-08-20 12:32:17,True,2026-08-20 10:39:35,alto,False
2026-08-20 12:32:58,3073,2026-08-20 08:57:34,0,2026-08-20 08:57:34,False,,alto,True
2026-08-20 12:32:58,3077,2026-08-19 12:35:10,0,2026-08-19 12:35:10,False,,alto,False
2026-08-20 12:32:58,3081,2026-08-20 12:30:46,0,2026-08-20 12:30:46,True,2026-08-20 10:39:35,bajo,False
2026-08-20 12:32:58,3090,2026-08-20 09:20:20,0,2026-08-19 14:43:27,True,2026-08-20 09:20:20,bajo,False
2026-08-20 12:32:58,3095,2026-08-20 12:30:56,0,2026-08-20 12:30:56,True,2026-08-20 07:29:57,medio,True
2026-08-20 12:32:58,3098,2026-08-20 10:20:53,0,2026-08-20 10:20:53,True,2026-08-20 09:32:15,bajo,False
2026-08-20 12:32:58,3102,2026-08-20 12:32:08,0,2026-08-20 12:32:08,True,2026-08-20 08:20:20,medio,False
2026-08-20 12:32:58,3115,2026-08-20 12:31:44,0,2026-08-20 12:31:44,False,,bajo,False
2026-08-20 12:32:58,3116,2025-03-13 16:03:27,0,2025-03-13 16:03:27,False,,bajo,False
2026-08-20 12:32:58,3124,2026-08-20 12:31:53,0,2026-08-20 12:31:53,True,2026-08-20 08:20:20,alto,False
2026-08-20 12:32:58,3133,2026-08-19 15:54:59,0,2026-08-19 15:54:59,False,,bajo,True
2026-08-20 12:32:58,3134,2026-08-20 12:31:36,0,2026-08-20 12:31:36,False,,medio,True
2026-08-20 12:32:58,3135,2026-08-20 12:32:03,0,2026-08-20 12:32:03,True,2026-08-20 07:29:57,bajo,False
2026-08-20 12:32:58,3140,2026-08-20 12:31:15,0,2026-08-20 12:31:15,False,,bajo,True
2026-08-20 12:32:58,3149,2026-08-19 17:59:06,0,2026-08-19 17:59:06,False,,medio,False
2026-08-20 12:32:58,3158,2026-08-20 10:44:31,0,2026-08-20 10:44:31,False,,bajo,False
2026-08-20 12:32:58,3168,2025-03-13 16:03:26,0,2025-03-13 16:03:26,False,,bajo,False
2026-08-20 12:32:58,3171,2026-08-20 12:26:18,0,2026-08-20 12:26:18,False,,bajo,True
2026-08-20 12:32:58,3192,2026-08-20 12:30:01,0,2026-08-20 12:30:01,True,2026-08-20 09:46:36,bajo,True
2026-08-20 12:32:58,3211,2026-08-20 12:31:27,0,2026-08-20 12:31:27,True,2026-08-20 07:21:57,bajo,False
2026-08-20 12:32:58,3212,2026-08-20 11:14:06,0,2026-08-20 11:14:06,False,,bajo,False
2026-08-20 12:32:58,3213,2026-08-20 12:21:36,0,2026-08-20 12:21:36,False,,bajo,True
2026-08-20 12:32:58,3234,2026-08-20 11:18:44,0,2026-08-20 11:16:51,True,2026-08-20 11:18:44,bajo,False
2026-08-20 12:32:58,3237,2026-08-20 12:19:37,0,2026-08-20 12:19:37,True,2026-08-20 09:32:15,bajo,False
2026-08-20 12:32:58,3251,2026-08-20 09:22:56,0,2026-08-20 09:22:56,False,,bajo,False
2026-08-20 12:32:58,3258,2026-08-03 14:55:48,0,2026-08-03 14:55:48,False,,alto,False
2026-08-20 12:32:58,3267,2026-08-20 08:35:08,0,2026-08-20 08:35:08,False,,bajo,False
2026-08-20 12:32:58,4023,2026-08-18 07:41:57,0,2026-08-18 07:41:57,False,,alto,False
2026-08-20 12:32:58,4026,2026-08-20 10:34:44,0,2026-08-20 10:34:44,False,,bajo,False
2026-08-20 12:32:58,4029,2026-08-20 12:30:51,0,2026-08-20 12:30:51,True,2026-08-20 07:35:14,bajo,True
2026-08-20 12:32:58,2291,2026-08-20 10:05:36,1,2026-08-20 10:05:36,False,,bajo,True
2026-08-20 12:32:58,2297,2026-08-20 09:20:56,1,2026-08-20 09:20:56,False,,bajo,False
2026-08-20 12:32:58,2305,2026-08-19 11:46:28,1,2026-08-19 11:46:28,False,,bajo,False
2026-08-20 12:32:58,2306,2026-08-19 11:55:28,1,2026-08-19 11:55:28,False,,bajo,False
2026-08-20 12:32:58,2307,2026-08-19 16:56:39,1,2026-08-19 16:56:39,False,,alto,False
2026-08-20 12:32:58,2308,2026-08-19 09:44:12,1,2026-08-19 09:44:12,False,,alto,False
2026-08-20 12:32:58,2408,2026-08-20 12:30:27,1,2026-08-20 12:30:27,True,2026-08-20 10:12:24,medio,False
2026-08-20 12:32:58,2409,2025-08-30 10:05:33,1,2025-08-30 10:05:33,False,,bajo,False
2026-08-20 12:32:58,2416,2026-08-19 06:48:09,1,2026-08-19 06:48:09,False,,bajo,False
2026-08-20 12:32:58,2417,2026-08-19 10:38:40,1,2026-08-19 10:38:40,False,,medio,False
2026-08-20 12:32:58,2455,2026-08-20 12:31:33,1,2026-08-20 12:31:33,True,2026-08-20 09:00:33,bajo,False
2026-08-20 12:32:58,2486,2026-08-19 12:34:40,1,2026-08-19 12:34:40,False,,bajo,False
2026-08-20 12:32:58,2489,2025-08-27 05:35:03,1,2025-08-27 05:35:03,False,,bajo,False
2026-08-20 12:32:58,2523,2025-03-13 16:03:26,1,2025-03-13 16:03:26,False,,bajo,False
2026-08-20 12:32:58,2543,2026-08-19 10:36:55,1,2026-08-19 10:36:55,False,,alto,False
2026-08-20 12:32:58,2555,2026-08-18 21:30:25,1,2026-08-18 21:30:25,False,,bajo,False
2026-08-20 12:32:58,2578,2026-08-19 04:04:13,1,2026-08-19 04:04:13,False,,alto,False
2026-08-20 12:32:58,2584,2026-08-20 12:30:37,1,2026-08-20 12:30:37,False,,bajo,False
2026-08-20 12:32:58,2597,2026-08-19 11:50:37,1,2026-08-19 11:50:37,False,,medio,False
2026-08-20 12:32:58,2600,2026-08-19 13:06:12,1,2026-08-19 13:06:12,False,,bajo,False
2026-08-20 12:32:58,2612,2026-08-19 16:14:18,1,2026-08-19 16:14:18,False,,bajo,False
2026-08-20 12:32:58,2640,2026-08-19 05:40:00,1,2026-08-19 05:40:00,False,,alto,False
2026-08-20 12:32:58,2643,2026-08-19 15:00:05,1,2026-08-19 15:00:05,False,,medio,False
2026-08-20 12:32:58,2648,2026-07-03 08:32:22,1,2026-07-03 08:32:22,False,,bajo,False
2026-08-20 12:32:58,2651,2026-08-19 15:16:25,1,2026-08-19 15:16:25,False,,bajo,False
2026-08-20 12:32:58,2656,2026-08-19 17:07:15,1,2026-08-19 17:07:15,False,,bajo,False
2026-08-20 12:32:58,2657,2026-08-18 22:12:49,1,2026-08-18 22:12:49,False,,medio,False
2026-08-20 12:32:58,2658,2026-08-19 10:49:51,1,2026-08-19 10:49:51,False,,bajo,False
2026-08-20 12:32:58,2663,2026-08-19 22:02:24,1,2026-08-19 22:02:24,False,,bajo,False
2026-08-20 12:32:58,2679,2026-08-20 12:27:38,1,2026-08-20 12:27:38,True,2026-08-20 10:17:32,bajo,False
2026-08-20 12:32:58,2697,2026-08-19 11:21:55,1,2026-08-19 11:21:55,False,,alto,False
2026-08-20 12:32:58,2709,2026-08-19 11:35:31,1,2026-08-19 11:35:31,False,,bajo,False
2026-08-20 12:32:58,2729,2026-08-19 11:59:56,1,2026-08-19 11:59:56,False,,medio,False
2026-08-20 12:32:58,2740,2026-08-20 12:21:16,1,2026-08-20 12:21:16,False,,bajo,False
2026-08-20 12:32:58,2753,2026-08-20 12:08:45,1,2026-08-20 12:08:45,False,,alto,False
2026-08-20 12:32:58,2763,2026-08-19 17:35:02,1,2026-08-19 17:35:02,False,,bajo,False
2026-08-20 12:32:58,2769,2026-08-19 01:30:25,1,2026-08-19 01:30:25,False,,alto,False
2026-08-20 12:32:58,2782,2026-08-20 12:31:53,1,2026-08-20 12:31:53,True,2026-08-20 10:27:07,alto,False
2026-08-20 12:32:58,2786,2026-08-20 12:31:33,1,2026-08-20 12:31:33,True,2026-08-20 09:07:07,bajo,False
2026-08-20 12:32:58,2789,2026-08-17 14:21:04,1,2026-08-17 14:21:04,False,,bajo,False
2026-08-20 12:32:58,2792,2026-08-19 06:15:48,1,2026-08-19 06:15:48,False,,bajo,True
2026-08-20 12:32:58,2794,2026-08-19 14:05:14,1,2026-08-19 14:05:14,False,,bajo,False
2026-08-20 12:32:58,2800,2026-08-19 12:10:12,1,2026-08-19 12:10:12,False,,bajo,False
2026-08-20 12:32:58,2825,2026-08-19 19:07:33,1,2026-08-19 19:07:33,False,,bajo,False
2026-08-20 12:32:58,2829,2026-08-19 10:39:26,1,2026-08-19 10:39:26,False,,alto,False
2026-08-20 12:32:58,2853,2025-03-13 16:03:26,1,2025-03-13 16:03:26,False,,bajo,False
2026-08-20 12:32:58,2856,2026-08-19 10:09:11,1,2026-08-19 10:09:11,False,,bajo,False
2026-08-20 12:32:58,2866,2026-08-18 09:37:53,1,2026-08-18 09:37:53,False,,bajo,False
2026-08-20 12:32:58,2867,2026-08-18 21:32:45,1,2026-08-18 21:32:45,False,,bajo,False
2026-08-20 12:32:58,2877,2026-08-19 18:33:54,1,2026-08-19 18:33:54,False,,alto,False
2026-08-20 12:32:58,2905,2026-08-20 12:25:09,1,2026-08-20 12:25:09,True,2026-08-20 10:43:45,bajo,False
2026-08-20 12:32:58,2909,2026-08-19 07:16:29,1,2026-08-19 07:16:29,False,,bajo,True
2026-08-20 12:32:58,2910,2026-08-20 11:02:50,1,2026-08-20 11:02:50,False,,bajo,False
2026-08-20 12:32:58,2916,2026-08-19 12:42:59,1,2026-08-19 12:42:59,False,,medio,False
2026-08-20 12:32:58,2941,2026-08-17 23:28:38,1,2026-08-17 23:28:38,False,,bajo,False
2026-08-20 12:32:58,2942,2026-08-19 12:01:27,1,2026-08-19 12:01:27,False,,bajo,False
2026-08-20 12:32:58,2946,2026-08-20 12:26:32,1,2026-08-20 12:26:32,False,,medio,False
2026-08-20 12:32:58,2950,2026-08-19 07:47:08,1,2026-08-19 07:47:08,False,,medio,False
2026-08-20 12:32:58,2951,2026-08-18 03:58:53,1,2026-08-18 03:58:53,False,,bajo,False
2026-08-20 12:32:58,2954,2026-08-19 05:25:41,1,2026-08-19 05:25:41,False,,bajo,False
2026-08-20 12:32:58,2959,2026-08-19 11:36:27,1,2026-08-19 11:36:27,False,,bajo,False
2026-08-20 12:32:58,2989,2026-06-03 00:01:32,1,2026-06-03 00:01:32,False,,bajo,False
2026-08-20 12:32:58,2991,2026-06-03 00:11:39,1,2026-06-03 00:11:39,False,,bajo,False
2026-08-20 12:32:58,3005,2026-08-19 12:02:26,1,2026-08-19 12:02:26,False,,bajo,False
2026-08-20 12:32:58,3012,2026-08-19 18:07:42,1,2026-08-19 18:07:42,False,,bajo,False
2026-08-20 12:32:58,3023,2026-08-19 14:12:15,1,2026-08-19 14:12:15,False,,bajo,False
2026-08-20 12:32:58,3032,2026-08-18 21:15:02,1,2026-08-18 21:15:02,False,,alto,False
2026-08-20 12:32:58,3043,2026-08-17 23:52:55,1,2026-08-17 23:52:55,False,,bajo,False
2026-08-20 12:32:58,3050,2025-03-13 16:03:26,1,2025-03-13 16:03:26,False,,bajo,False
2026-08-20 12:32:58,3055,2026-08-19 13:51:51,1,2026-08-19 13:51:51,False,,alto,False
2026-08-20 12:32:58,3063,2026-08-18 23:25:42,1,2026-08-18 23:25:42,False,,bajo,False
2026-08-20 12:32:58,3066,2026-08-18 23:43:40,1,2026-08-18 23:43:40,False,,bajo,False
2026-08-20 12:32:58,3073,2026-08-19 14:55:06,1,2026-08-19 14:55:06,False,,medio,False
2026-08-20 12:32:58,3077,2026-08-18 11:18:03,1,2026-08-18 11:18:03,False,,bajo,False
2026-08-20 12:32:58,3081,2026-08-19 10:54:19,1,2026-08-19 10:54:19,False,,alto,False
2026-08-20 12:32:58,3090,2026-08-20 09:20:20,1,2026-08-19 08:37:22,True,2026-08-20 09:20:20,bajo,False
2026-08-20 12:32:58,3095,2026-08-19 02:22:46,1,2026-08-19 02:22:46,False,,medio,False
2026-08-20 12:32:58,3098,2026-08-20 12:19:12,1,2026-08-20 12:19:12,True,2026-08-20 09:32:15,bajo,False
2026-08-20 12:32:58,3115,2026-08-19 19:18:33,1,2026-08-19 19:18:33,False,,bajo,False
2026-08-20 12:32:58,3124,2026-08-19 10:23:11,1,2026-08-19 10:23:11,False,,bajo,False
2026-08-20 12:32:58,3133,2026-08-19 07:38:30,1,2026-08-19 07:38:30,False,,bajo,False
2026-08-20 12:32:58,3134,2026-08-18 13:00:16,1,2026-08-18 13:00:16,False,,bajo,False
2026-08-20 12:32:58,3135,2026-08-18 23:12:13,1,2026-08-18 23:12:13,False,,bajo,False
2026-08-20 12:32:58,3149,2026-08-19 14:01:23,1,2026-08-19 14:01:23,False,,alto,False
2026-08-20 12:32:58,3158,2026-08-19 18:38:09,1,2026-08-19 18:38:09,False,,bajo,False
2026-08-20 12:32:58,3171,2026-08-19 10:51:51,1,2026-08-19 10:51:51,False,,bajo,False
2026-08-20 12:32:58,3212,2026-08-18 22:38:09,1,2026-08-18 22:38:09,False,,medio,False
2026-08-20 12:32:58,3213,2026-08-20 09:41:10,1,2026-08-20 09:41:10,False,,bajo,False
2026-08-20 12:32:58,3258,2026-08-19 13:18:12,1,2026-08-19 13:18:12,False,,bajo,False
2026-08-20 12:32:58,3267,2026-08-19 10:16:38,1,2026-08-19 10:16:38,False,,medio,False
2026-08-20 12:32:58,3276,2026-08-19 14:14:27,1,2026-08-19 14:14:27,False,,bajo,False
2026-08-20 12:32:58,4023,2026-08-20 12:31:44,1,2026-08-20 12:31:44,False,,medio,False
2026-08-20 12:32:58,4026,2026-08-20 10:51:00,1,2026-08-20 10:51:00,False,,bajo,True
2026-08-20 12:32:58,4029,2026-08-19 10:16:24,1,2026-08-19 10:16:24,False,,bajo,False
2026-08-20 12:32:58,2228,2026-06-03 08:18:35,2,2026-06-03 08:18:35,False,,bajo,False
2026-08-20 12:32:58,2305,2026-06-03 06:05:23,2,2026-06-03 06:05:23,False,,bajo,False
2026-08-20 12:32:58,2455,2026-06-03 08:41:04,2,2026-06-03 08:41:04,False,,bajo,False
2026-08-20 12:32:58,2462,2026-08-13 15:52:51,2,2026-08-13 15:52:51,False,,bajo,False
2026-08-20 12:32:58,2489,2026-06-03 02:55:41,2,2026-06-03 02:55:41,False,,bajo,False
2026-08-20 12:32:58,2556,2026-06-03 08:33:18,2,2026-06-03 08:33:18,False,,bajo,False
2026-08-20 12:32:58,2633,2026-06-03 08:07:23,2,2026-06-03 08:07:23,False,,bajo,False
2026-08-20 12:32:58,2648,2026-06-03 00:17:04,2,2026-06-03 00:17:04,False,,bajo,False
2026-08-20 12:32:58,2657,2026-06-03 06:00:43,2,2026-06-03 06:00:43,False,,bajo,False
2026-08-20 12:32:58,2763,2026-06-03 08:29:55,2,2026-06-03 08:29:55,False,,bajo,False
2026-08-20 12:32:58,2905,2026-06-03 06:33:05,2,2026-06-03 06:33:05,False,,bajo,False
2026-08-20 12:32:58,2950,2026-06-03 08:28:13,2,2026-06-03 08:28:13,False,,bajo,False
2026-08-20 12:32:58,3055,2026-06-03 06:12:12,2,2026-06-03 06:12:12,False,,bajo,False
2026-08-20 12:32:58,3063,2026-06-03 08:39:31,2,2026-06-03 08:39:31,False,,bajo,False
2026-08-20 12:32:58,3134,2026-06-03 06:13:07,2,2026-06-03 06:13:07,False,,bajo,False
2026-08-20 12:32:58,3192,2026-06-03 06:29:23,2,2026-06-03 06:29:23,False,,bajo,False
2026-08-20 12:32:58,3194,2026-06-03 08:28:56,2,2026-06-03 08:28:56,False,,bajo,False
2026-08-20 12:32:58,3211,2026-06-03 07:21:15,2,2026-06-03 07:21:15,False,,bajo,False
2026-08-20 12:32:58,3213,2026-07-22 03:30:47,2,2026-07-22 03:30:47,False,,bajo,False
2026-08-20 12:32:58,3237,2026-06-03 08:08:14,2,2026-06-03 08:08:14,False,,bajo,False
2026-08-20 12:32:58,2348,2026-08-20 12:30:41,0,2026-08-20 12:30:41,False,,bajo,True
2026-08-20 12:32:58,2353,2026-08-20 12:32:12,0,2026-08-20 12:32:12,True,2026-08-20 10:19:23,alto,False
2026-08-20 12:32:58,2355,2026-08-20 09:12:16,0,2026-08-20 09:12:16,False,,bajo,False
2026-08-20 12:32:58,2356,2026-08-20 12:31:31,0,2026-08-20 12:31:31,True,2026-08-20 11:10:22,bajo,False
2026-08-20 12:32:58,2535,2026-08-20 12:29:58,0,2026-08-20 12:29:58,True,2026-08-20 11:00:33,bajo,False
2026-08-20 12:32:58,2549,2026-08-19 18:56:37,0,2026-08-19 18:56:37,False,,bajo,False
2026-08-20 12:32:58,2564,2026-08-20 12:31:50,0,2026-08-20 12:31:50,True,2026-08-20 10:45:30,bajo,False
2026-08-20 12:32:58,2577,2026-08-20 11:49:55,0,2026-08-20 11:49:55,False,,bajo,True
2026-08-20 12:32:58,2585,2026-08-20 12:31:35,0,2026-08-20 12:31:35,False,,bajo,False
2026-08-20 12:32:58,2589,2026-08-19 08:14:30,0,2026-08-19 08:14:30,False,,bajo,False
2026-08-20 12:32:58,2595,2026-08-20 12:29:49,0,2026-08-20 12:29:49,False,,bajo,False
2026-08-20 12:32:58,2605,2026-08-20 12:32:18,0,2026-08-20 12:32:18,True,2026-08-20 10:45:13,alto,False
2026-08-20 12:32:58,2624,2026-08-20 12:12:21,0,2026-08-20 12:12:21,False,,bajo,True
2026-08-20 12:32:58,2636,2026-08-20 12:12:22,0,2026-08-20 12:12:22,True,2026-08-20 11:27:53,bajo,False
2026-08-20 12:32:58,2637,2026-08-20 12:32:09,0,2026-08-20 12:32:09,True,2026-08-20 10:20:44,bajo,False
2026-08-20 12:32:58,2638,2025-03-13 16:03:26,0,2025-03-13 16:03:26,False,,bajo,False
2026-08-20 12:32:58,2641,2026-08-20 12:29:37,0,2026-08-20 12:29:37,False,,bajo,False
2026-08-20 12:32:58,2644,2026-08-20 12:31:01,0,2026-08-20 12:31:01,False,,bajo,False
2026-08-20 12:32:58,2650,2026-04-03 16:21:31,0,2026-04-03 16:21:31,False,,bajo,False
2026-08-20 12:32:58,2672,2026-08-18 03:18:38,0,2026-08-18 03:18:38,False,,bajo,False
2026-08-20 12:32:58,2674,2026-08-19 22:14:09,0,2026-08-19 22:14:09,False,,bajo,False
2026-08-20 12:32:58,2684,2026-08-20 11:35:54,0,2026-08-19 22:47:30,True,2026-08-20 11:35:54,bajo,False
2026-08-20 12:32:58,2692,2026-08-20 12:31:25,0,2026-08-20 12:31:25,True,2026-08-20 10:04:21,bajo,False
2026-08-20 12:32:58,2720,2026-08-20 12:18:01,0,2026-08-20 12:18:01,False,,bajo,False
2026-08-20 12:32:58,2886,2026-08-20 12:28:58,0,2026-08-20 12:28:58,False,,bajo,True
2026-08-20 12:32:58,3000,2026-08-20 12:32:13,0,2026-08-20 12:32:13,False,,bajo,True
2026-08-20 12:32:58,3001,2026-08-20 12:30:50,0,2026-08-20 12:30:50,False,,bajo,True
2026-08-20 12:32:58,3007,2026-08-20 12:21:59,0,2026-08-20 12:21:59,True,2026-08-20 11:14:13,bajo,True
2026-08-20 12:32:58,3015,2026-08-20 01:27:59,0,2026-08-20 01:27:59,False,,bajo,False
2026-08-20 12:32:58,3034,2026-08-19 19:45:36,0,2026-08-19 19:45:36,False,,bajo,False
2026-08-20 12:32:58,3091,2026-08-20 12:30:52,0,2026-08-20 12:30:52,False,,bajo,False
2026-08-20 12:32:58,3125,2026-08-13 17:29:04,0,2026-08-13 17:29:04,False,,bajo,True
2026-08-20 12:32:58,3236,2026-08-20 12:30:34,0,2026-08-20 12:30:34,False,,bajo,False
2026-08-20 12:32:58,3275,2026-08-20 11:30:14,0,2026-08-20 11:30:14,False,,bajo,False
2026-08-20 12:32:58,2348,2026-08-20 12:19:26,1,2026-08-20 12:19:26,False,,bajo,False
2026-08-20 12:32:58,2353,2026-08-19 21:51:31,1,2026-08-19 21:51:31,False,,alto,True
2026-08-20 12:32:58,2355,2026-08-19 14:29:29,1,2026-08-19 14:29:29,False,,medio,True
2026-08-20 12:32:58,2356,2026-08-20 00:04:36,1,2026-08-20 00:04:36,False,,bajo,True
2026-08-20 12:32:58,2535,2026-08-20 09:37:52,1,2026-08-20 09:37:52,False,,bajo,True
2026-08-20 12:32:58,2549,2026-08-20 12:28:24,1,2026-08-20 12:28:24,False,,bajo,False
2026-08-20 12:32:58,2564,2026-08-20 04:10:55,1,2026-08-20 04:10:55,False,,bajo,False
2026-08-20 12:32:58,2577,2026-08-20 12:14:19,1,2026-08-20 12:14:19,False,,bajo,False
2026-08-20 12:32:58,2585,2025-12-11 16:55:33,1,2025-12-11 16:55:33,False,,bajo,False
2026-08-20 12:32:58,2589,2026-08-18 23:08:57,1,2026-08-18 23:08:57,False,,bajo,False
2026-08-20 12:32:58,2595,2026-08-20 12:19:47,1,2026-08-20 12:19:47,False,,alto,False
2026-08-20 12:32:58,2605,2026-08-19 21:19:18,1,2026-08-19 21:19:18,False,,bajo,False
2026-08-20 12:32:58,2624,2026-08-20 12:27:42,1,2026-08-20 12:27:42,False,,alto,False
2026-08-20 12:32:58,2636,2026-08-20 09:22:57,1,2026-08-20 09:22:57,False,,bajo,False
2026-08-20 12:32:58,2637,2026-08-19 22:12:10,1,2026-08-19 22:12:10,False,,bajo,True
2026-08-20 12:32:58,2638,2025-03-13 16:03:26,1,2025-03-13 16:03:26,False,,bajo,False
2026-08-20 12:32:58,2641,2026-08-19 22:48:44,1,2026-08-19 22:48:44,False,,bajo,False
2026-08-20 12:32:58,2644,2026-08-20 12:06:51,1,2026-08-20 12:06:51,False,,bajo,True
2026-08-20 12:32:58,2650,2025-12-17 11:02:46,1,2025-12-17 11:02:46,False,,bajo,False
2026-08-20 12:32:58,2672,2026-08-18 10:46:23,1,2026-08-18 10:46:23,False,,bajo,False
2026-08-20 12:32:58,2674,2026-08-20 06:25:46,1,2026-08-20 06:25:46,False,,bajo,False
2026-08-20 12:32:58,2684,2026-08-20 08:26:17,1,2026-08-20 08:26:17,False,,bajo,True
2026-08-20 12:32:58,2692,2026-08-19 21:45:00,1,2026-08-19 21:45:00,False,,alto,True
2026-08-20 12:32:58,2720,2026-08-20 12:06:14,1,2026-08-20 12:06:14,False,,bajo,False
2026-08-20 12:32:58,2886,2026-08-20 12:30:04,1,2026-08-20 12:30:04,False,,bajo,True
2026-08-20 12:32:58,3000,2026-08-20 06:32:04,1,2026-08-20 06:32:04,False,,bajo,True
2026-08-20 12:32:58,3001,2026-01-05 08:26:33,1,2026-01-05 08:26:33,False,,bajo,False
2026-08-20 12:32:58,3007,2026-08-20 00:26:52,1,2026-08-20 00:26:52,False,,bajo,False
2026-08-20 12:32:58,3015,2026-08-19 23:47:53,1,2026-08-19 23:47:53,False,,bajo,False
2026-08-20 12:32:58,3034,2026-08-20 06:36:03,1,2026-08-20 06:36:03,False,,bajo,False
2026-08-20 12:32:58,3091,2026-08-19 20:32:07,1,2026-08-19 20:32:07,False,,bajo,False
2026-08-20 12:32:58,3125,2026-08-20 09:59:15,1,2026-08-20 09:59:15,False,,bajo,False
2026-08-20 12:32:58,3236,2026-08-20 10:40:58,1,2026-08-20 10:40:58,False,,bajo,False
2026-08-20 12:32:58,3275,2026-08-20 03:48:12,1,2026-08-20 03:48:12,False,,bajo,False
2026-08-20 12:32:58,2589,2025-03-13 16:03:26,2,2025-03-13 16:03:26,False,,bajo,False
2026-08-20 12:32:58,2333,2026-06-03 07:34:42,0,2026-06-03 07:34:42,False,,bajo,False
2026-08-20 12:32:58,2338,2026-08-20 12:31:49,0,2026-08-20 12:31:49,False,,bajo,False
2026-08-20 12:32:58,2345,2026-08-20 12:31:35,0,2026-08-20 12:31:35,True,2026-08-20 11:10:09,bajo,False
2026-08-20 12:32:58,2346,2026-08-20 12:32:06,0,2026-08-20 12:32:06,True,2026-08-20 10:43:36,bajo,False
2026-08-20 12:32:58,2425,2026-08-20 12:30:33,0,2026-08-20 12:30:33,False,,bajo,False
2026-08-20 12:32:58,2444,2026-08-20 12:32:07,0,2026-08-20 12:32:07,False,,bajo,False
2026-08-20 12:32:58,2481,2026-08-20 12:32:09,0,2026-08-20 12:32:09,True,2026-08-20 09:03:57,bajo,False
2026-08-20 12:32:58,2502,2026-08-20 12:22:48,0,2026-08-20 12:22:48,False,,alto,False
2026-08-20 12:32:58,2514,2026-08-20 12:31:10,0,2026-08-20 12:31:10,True,2026-08-20 09:58:43,alto,False
2026-08-20 12:32:58,2515,2026-08-20 12:32:07,0,2026-08-20 12:32:07,True,2026-08-20 08:28:11,bajo,False
2026-08-20 12:32:58,2537,2026-08-19 21:24:42,0,2026-08-19 21:24:42,False,,bajo,False
2026-08-20 12:32:58,2601,2026-08-20 12:04:26,0,2026-08-20 12:04:26,True,2026-08-20 11:26:52,alto,False
2026-08-20 12:32:58,2617,2026-08-20 12:30:53,0,2026-08-20 12:30:53,False,,bajo,False
2026-08-20 12:32:58,2618,2026-08-19 16:31:38,0,2026-08-19 16:31:38,False,,alto,False
2026-08-20 12:32:58,2645,2026-08-20 12:32:39,0,2026-08-20 12:32:39,True,2026-08-20 09:26:45,bajo,False
2026-08-20 12:32:58,2725,2026-08-20 12:31:47,0,2026-08-20 12:31:47,False,,bajo,False
2026-08-20 12:32:58,2727,2026-08-20 12:09:11,0,2026-08-20 12:09:11,False,,bajo,False
2026-08-20 12:32:58,2787,2026-08-19 19:14:40,0,2026-08-19 19:14:40,False,,bajo,True
2026-08-20 12:32:58,2883,2026-08-20 12:31:55,0,2026-08-20 12:31:55,False,,bajo,False
2026-08-20 12:32:58,2885,2026-08-19 23:11:29,0,2026-08-19 23:11:29,False,,bajo,True
2026-08-20 12:32:58,2888,2026-08-20 09:43:22,0,2026-08-20 09:43:22,False,,bajo,False
2026-08-20 12:32:58,2957,2026-08-19 21:20:27,0,2026-08-19 21:20:27,False,,medio,False
2026-08-20 12:32:58,2960,2026-08-18 07:52:12,0,2026-08-18 07:52:12,False,,bajo,False
2026-08-20 12:32:58,3003,2026-08-20 12:31:34,0,2026-08-20 12:31:34,True,2026-08-20 08:03:55,bajo,False
2026-08-20 12:32:58,3004,2026-08-20 12:27:44,0,2026-08-20 12:27:44,False,,bajo,False
2026-08-20 12:32:58,3047,2026-08-20 12:31:24,0,2026-08-20 12:31:24,False,,bajo,False
2026-08-20 12:32:58,3062,2026-08-19 17:59:17,0,2026-08-19 17:59:17,False,,bajo,False
2026-08-20 12:32:58,3071,2026-08-20 07:51:57,0,2026-08-20 07:51:57,False,,bajo,False
2026-08-20 12:32:58,3136,2026-08-20 12:31:59,0,2026-08-20 12:31:59,True,2026-08-20 10:27:18,bajo,False
2026-08-20 12:32:58,3174,2026-08-20 12:30:38,0,2026-08-20 12:30:38,False,,bajo,False
2026-08-20 12:32:58,3175,2026-08-20 12:32:15,0,2026-08-20 12:32:15,True,2026-08-20 10:17:54,bajo,True
2026-08-20 12:32:58,3262,2026-08-20 08:23:29,0,2026-08-20 08:23:29,False,,bajo,True
2026-08-20 12:32:58,3277,2026-08-20 12:31:19,0,2026-08-20 12:31:19,False,,medio,False
2026-08-20 12:32:58,2333,2026-06-03 07:34:43,1,2026-06-03 07:34:43,False,,bajo,False
2026-08-20 12:32:58,2338,2026-08-20 12:31:48,1,2026-08-20 12:31:48,True,2026-08-20 09:34:19,alto,False
2026-08-20 12:32:58,2345,2026-08-20 12:30:31,1,2026-08-20 12:30:31,True,2026-08-20 08:26:07,bajo,False
2026-08-20 12:32:58,2346,2026-08-20 12:32:05,1,2026-08-20 12:32:05,True,2026-08-20 07:59:41,bajo,True
2026-08-20 12:32:58,2425,2026-08-20 12:31:15,1,2026-08-20 12:31:15,False,,bajo,False
2026-08-20 12:32:58,2444,2026-08-20 12:11:24,1,2026-08-20 12:11:24,False,,bajo,False
2026-08-20 12:32:58,2481,2026-08-20 12:32:31,1,2026-08-20 12:32:31,True,2026-08-20 09:03:57,bajo,False
2026-08-20 12:32:58,2502,2026-08-20 03:28:56,1,2026-08-20 03:28:56,False,,bajo,False
2026-08-20 12:32:58,2514,2026-08-19 19:28:03,1,2026-08-19 19:28:03,False,,bajo,False
2026-08-20 12:32:58,2515,2026-08-20 12:31:29,1,2026-08-20 12:31:29,True,2026-08-20 09:34:51,bajo,True
2026-08-20 12:32:58,2537,2026-08-20 11:13:14,1,2026-08-20 11:13:14,False,,bajo,False
2026-08-20 12:32:58,2601,2026-08-20 12:27:37,1,2026-08-20 12:27:37,True,2026-08-20 11:26:52,alto,False
2026-08-20 12:32:58,2617,2026-08-20 11:29:26,1,2026-08-20 11:29:26,False,,bajo,False
2026-08-20 12:32:58,2618,2026-08-19 14:21:54,1,2026-08-19 14:21:54,False,,medio,False
2026-08-20 12:32:58,2645,2026-08-20 12:32:05,1,2026-08-20 12:32:05,True,2026-08-20 11:19:38,bajo,False
2026-08-20 12:32:58,2725,2026-08-20 12:29:34,1,2026-08-20 12:29:34,False,,bajo,False
2026-08-20 12:32:58,2727,2026-08-20 12:30:46,1,2026-08-20 12:30:46,False,,bajo,True
2026-08-20 12:32:58,2787,2026-08-19 17:53:31,1,2026-08-19 17:53:31,False,,bajo,False
2026-08-20 12:32:58,2883,2026-08-20 12:28:53,1,2026-08-20 12:28:53,False,,bajo,False
2026-08-20 12:32:58,2885,2026-08-20 08:27:17,1,2026-08-20 08:27:17,False,,bajo,True
2026-08-20 12:32:58,2888,2026-08-19 20:33:07,1,2026-08-19 20:33:07,False,,bajo,False
2026-08-20 12:32:58,2957,2026-08-20 11:30:31,1,2026-08-20 11:30:31,False,,alto,False
2026-08-20 12:32:58,2960,2026-08-20 11:37:07,1,2026-08-20 11:37:07,False,,bajo,False
2026-08-20 12:32:58,3003,2026-08-20 12:29:46,1,2026-08-20 12:29:46,False,,bajo,True
2026-08-20 12:32:58,3004,2026-06-03 08:58:20,1,2026-06-03 08:58:20,False,,bajo,False
2026-08-20 12:32:58,3047,2026-08-20 12:26:41,1,2026-08-20 12:26:41,False,,bajo,False
2026-08-20 12:32:58,3062,2026-08-20 12:25:53,1,2026-08-20 12:25:53,True,2026-08-20 10:56:29,bajo,False
2026-08-20 12:32:58,3071,2026-08-19 22:24:22,1,2026-08-19 22:24:22,False,,bajo,False
2026-08-20 12:32:58,3136,2026-08-20 12:27:11,1,2026-08-20 12:27:11,True,2026-08-20 10:27:18,bajo,False
2026-08-20 12:32:58,3174,2026-08-20 11:57:40,1,2026-08-20 11:57:40,False,,bajo,False
2026-08-20 12:32:58,3175,2026-06-03 07:27:38,1,2026-06-03 07:27:38,False,,bajo,False
2026-08-20 12:32:58,3262,2026-08-20 09:40:21,1,2026-08-20 09:40:21,False,,bajo,True
2026-08-20 12:32:58,3277,2026-08-20 12:28:40,1,2026-08-20 12:28:40,False,,bajo,False
2026-08-20 12:32:58,2537,2025-03-13 16:03:26,2,2025-03-13 16:03:26,False,,bajo,False
2026-08-20 12:32:58,2249,2026-08-20 12:25:52,0,2026-08-20 12:25:52,False,,medio,True
2026-08-20 12:32:58,2251,2026-08-20 12:30:47,0,2026-08-20 12:30:47,False,,alto,True
2026-08-20 12:32:58,2339,2026-08-20 12:31:38,0,2026-08-20 12:31:38,True,2026-08-20 10:07:28,bajo,True
2026-08-20 12:32:58,2341,2026-08-20 12:31:16,0,2026-08-20 12:31:16,True,2026-08-20 07:34:13,bajo,True
2026-08-20 12:32:58,2350,2026-08-20 12:30:41,0,2026-08-20 12:30:41,False,,bajo,True
2026-08-20 12:32:58,2364,2026-08-20 12:30:59,0,2026-08-20 12:30:59,True,2026-08-20 10:32:47,bajo,True
2026-08-20 12:32:58,2386,2026-08-20 12:31:09,0,2026-08-20 12:31:09,True,2026-08-20 09:01:49,bajo,True
2026-08-20 12:32:58,2388,2026-08-20 12:31:18,0,2026-08-20 12:31:18,True,2026-08-20 10:14:49,bajo,True
2026-08-20 12:32:58,2390,2026-08-20 12:31:37,0,2026-08-20 12:31:37,True,2026-08-20 08:27:54,alto,True
2026-08-20 12:32:58,2472,2026-08-20 12:31:05,0,2026-08-20 12:31:05,True,2026-08-20 10:32:47,bajo,True
2026-08-20 12:32:58,2500,2026-08-20 12:31:14,0,2026-08-20 12:31:14,True,2026-08-20 11:07:58,medio,True
2026-08-20 12:32:58,2528,2026-08-20 12:31:29,0,2026-08-20 12:31:29,False,,medio,True
2026-08-20 12:32:58,2559,2026-08-20 12:31:26,0,2026-08-20 12:31:26,True,2026-08-20 11:07:58,medio,True
2026-08-20 12:32:58,2603,2026-08-20 12:31:55,0,2026-08-20 12:31:55,False,,alto,True
2026-08-20 12:32:58,2616,2026-08-20 10:21:46,0,2026-08-20 10:21:46,False,,bajo,True
2026-08-20 12:32:58,2627,2026-08-20 12:31:54,0,2026-08-20 12:31:54,True,2026-08-20 10:01:52,medio,False
2026-08-20 12:32:58,2642,2026-08-20 12:26:35,0,2026-08-20 12:26:35,True,2026-08-20 08:41:33,bajo,True
2026-08-20 12:32:58,2646,2026-08-20 12:31:42,0,2026-08-20 12:31:42,False,,bajo,False
2026-08-20 12:32:58,2688,2026-08-20 12:31:51,0,2026-08-20 12:31:51,True,2026-08-20 09:02:02,alto,True
2026-08-20 12:32:58,2804,2026-08-20 12:31:45,0,2026-08-20 12:31:45,True,2026-08-20 07:32:02,alto,False
2026-08-20 12:32:58,2857,2026-08-20 11:48:25,0,2026-08-20 11:48:25,False,,medio,True
2026-08-20 12:32:58,2868,2026-08-20 12:30:53,0,2026-08-20 12:30:53,False,,bajo,False
2026-08-20 12:32:58,2911,2026-08-20 12:29:20,0,2026-08-20 12:29:20,False,,bajo,True
2026-08-20 12:32:58,2974,2026-08-20 12:31:42,0,2026-08-20 12:31:42,True,2026-08-20 08:50:20,bajo,True
2026-08-20 12:32:58,2977,2026-08-20 12:31:36,0,2026-08-20 12:31:36,True,2026-08-20 07:36:15,medio,True
2026-08-20 12:32:58,2979,2026-08-20 12:31:34,0,2026-08-20 12:31:34,False,,medio,True
2026-08-20 12:32:58,2980,2026-08-20 12:30:37,0,2026-08-20 12:30:37,False,,bajo,True
2026-08-20 12:32:58,2981,2026-08-20 12:31:09,0,2026-08-20 12:31:09,False,,bajo,True
2026-08-20 12:32:58,2982,2026-08-20 12:31:30,0,2026-08-20 12:31:30,False,,bajo,True
2026-08-20 12:32:58,3046,2026-08-19 13:17:40,0,2026-08-19 13:17:40,False,,bajo,False
2026-08-20 12:32:58,3257,2026-08-20 12:28:35,0,2026-08-20 12:28:35,False,,bajo,True
2026-08-20 12:32:58,2249,2026-08-20 11:35:00,1,2026-08-20 11:35:00,False,,medio,True
2026-08-20 12:32:58,2251,2026-08-20 12:30:09,1,2026-08-20 12:30:09,False,,bajo,True
2026-08-20 12:32:58,2339,2026-08-20 12:21:19,1,2026-08-20 12:21:19,True,2026-08-20 08:28:27,medio,True
2026-08-20 12:32:58,2350,2026-08-20 12:31:13,1,2026-08-20 12:31:13,False,,bajo,True
2026-08-20 12:32:58,2364,2026-08-20 11:41:30,1,2026-08-19 16:47:03,True,2026-08-20 11:41:30,alto,True
2026-08-20 12:32:58,2472,2026-08-20 11:49:48,1,2026-08-20 11:49:48,True,2026-08-20 07:29:42,alto,True
2026-08-20 12:32:58,2500,2026-08-20 12:30:17,1,2026-08-20 12:30:17,True,2026-08-20 09:09:24,alto,True
2026-08-20 12:32:58,2528,2026-08-20 12:30:08,1,2026-08-20 12:30:08,False,,medio,True
2026-08-20 12:32:58,2559,2026-08-20 12:32:55,1,2026-08-20 12:32:55,True,2026-08-20 11:07:37,bajo,False
2026-08-20 12:32:58,2603,2026-08-20 11:33:58,1,2026-08-20 11:33:58,False,,bajo,True
2026-08-20 12:32:58,2616,2026-08-20 10:21:19,1,2026-08-19 07:34:59,True,2026-08-20 10:21:19,bajo,False
2026-08-20 12:32:58,2627,2026-08-20 12:30:53,1,2026-08-20 12:30:53,True,2026-08-20 07:33:00,medio,True
2026-08-20 12:32:58,2642,2026-08-20 12:26:33,1,2026-08-20 12:26:33,True,2026-08-20 08:41:33,bajo,True
2026-08-20 12:32:58,2646,2026-08-20 12:27:01,1,2026-08-20 12:27:01,False,,bajo,False
2026-08-20 12:32:58,2688,2026-08-20 10:32:10,1,2026-08-20 10:32:10,True,2026-08-20 07:28:55,medio,True
2026-08-20 12:32:58,2804,2026-08-20 11:15:42,1,2026-08-20 11:15:42,True,2026-08-20 07:32:02,medio,True
2026-08-20 12:32:58,2857,2026-08-20 10:27:48,1,2026-08-20 10:27:48,False,,medio,True
2026-08-20 12:32:58,2868,2026-08-20 12:18:52,1,2026-08-20 12:18:52,False,,bajo,False
2026-08-20 12:32:58,2911,2026-08-20 09:52:19,1,2026-08-20 09:52:19,True,2026-08-20 08:50:20,alto,False
2026-08-20 12:32:58,2974,2026-08-20 12:29:08,1,2026-08-20 12:29:08,True,2026-08-20 07:27:03,bajo,True
2026-08-20 12:32:58,2977,2026-08-20 12:27:31,1,2026-08-20 12:27:31,True,2026-08-20 07:36:15,bajo,True
2026-08-20 12:32:58,2979,2026-08-20 12:31:22,1,2026-08-20 12:31:22,False,,alto,True
2026-08-20 12:32:58,2980,2026-08-20 12:31:22,1,2026-08-20 12:31:22,False,,bajo,False
2026-08-20 12:32:58,2981,2026-08-20 12:26:24,1,2026-08-20 12:26:24,False,,bajo,True
2026-08-20 12:32:58,2982,2026-08-20 11:29:56,1,2026-08-20 11:29:56,False,,bajo,True
2026-08-20 12:32:58,3257,2026-08-20 12:29:58,1,2026-08-20 12:29:58,False,,bajo,True
2026-08-20 12:32:58,2364,2026-06-03 08:18:32,2,2026-06-03 08:18:32,False,,bajo,False
2026-08-20 12:32:58,2390,2026-06-03 06:18:03,2,2026-06-03 06:18:03,False,,bajo,False
2026-08-20 12:32:58,2472,2026-06-03 06:36:25,2,2026-06-03 06:36:25,False,,bajo,False
2026-08-20 12:32:58,2627,2026-06-03 01:47:48,2,2026-06-03 01:47:48,False,,bajo,False
2026-08-20 12:32:58,1724,2026-08-20 12:32:32,0,2026-08-20 12:32:32,True,2026-08-20 11:29:36,bajo,False
2026-08-20 12:32:58,1744,2026-08-20 12:31:45,0,2026-08-20 12:31:45,True,2026-08-20 07:23:37,bajo,True
2026-08-20 12:32:58,1766,2026-08-20 00:02:20,0,2026-08-20 00:02:20,False,,bajo,False
2026-08-20 12:32:58,1784,2026-08-20 07:56:27,0,2026-08-20 07:56:27,False,,bajo,True
2026-08-20 12:32:58,1805,2026-08-20 12:32:26,0,2026-08-20 12:32:26,False,,bajo,True
2026-08-20 12:32:58,1806,2026-08-20 12:29:06,0,2026-08-20 12:29:06,False,,bajo,True
2026-08-20 12:32:58,1824,2026-08-20 12:32:29,0,2026-08-20 12:32:29,False,,bajo,False
2026-08-20 12:32:58,1844,2026-08-20 12:32:35,0,2026-08-20 12:32:35,False,,bajo,True
2026-08-20 12:32:58,1845,2026-08-20 11:06:21,0,2026-08-20 11:06:21,False,,bajo,True
2026-08-20 12:32:58,1846,2026-08-20 12:31:40,0,2026-08-20 12:31:40,True,2026-08-20 09:50:18,bajo,True
2026-08-20 12:32:58,1887,2026-08-20 12:32:05,0,2026-08-20 12:32:05,True,2026-08-20 10:09:26,bajo,True
2026-08-20 12:32:58,1924,2026-08-20 12:30:52,0,2026-08-20 12:30:52,False,,bajo,False
2026-08-20 12:32:58,1926,2026-08-20 12:31:50,0,2026-08-20 12:31:50,True,2026-08-20 09:41:43,bajo,True
2026-08-20 12:32:58,1927,2026-08-20 12:10:29,0,2026-08-20 12:10:29,False,,bajo,False
2026-08-20 12:32:58,1928,2026-08-20 11:46:21,0,2026-08-20 11:46:21,False,,bajo,True
2026-08-20 12:32:58,1944,2026-08-20 12:32:13,0,2026-08-20 12:32:13,False,,bajo,True
2026-08-20 12:32:58,1945,2026-08-20 11:17:50,0,2026-08-20 11:17:50,False,,bajo,True
2026-08-20 12:32:58,1964,2026-08-20 10:29:04,0,2026-08-20 10:29:04,False,,alto,True
2026-08-20 12:32:58,1965,2026-08-20 12:31:48,0,2026-08-20 12:31:48,False,,bajo,True
2026-08-20 12:32:58,1984,2026-08-20 12:31:39,0,2026-08-20 12:31:39,False,,bajo,True
2026-08-20 12:32:58,2190,2026-08-20 12:32:26,0,2026-08-20 12:32:26,False,,bajo,True
2026-08-20 12:32:58,2192,2026-08-20 08:24:45,0,2026-08-20 08:24:45,False,,bajo,True
2026-08-20 12:32:58,2193,2026-08-18 15:42:39,0,2026-08-18 15:42:39,False,,bajo,False
2026-08-20 12:32:58,2204,2026-08-20 09:05:40,0,2026-08-20 09:05:40,False,,bajo,True
2026-08-20 12:32:58,2205,2026-08-20 12:32:42,0,2026-08-20 12:32:42,True,2026-08-20 10:45:48,bajo,False
2026-08-20 12:32:58,2207,2026-08-20 12:32:01,0,2026-08-20 12:32:01,False,,alto,True
2026-08-20 12:32:58,2208,2026-08-20 12:29:17,0,2026-08-20 12:29:17,True,2026-08-20 11:22:02,bajo,True
2026-08-20 12:32:58,2224,2026-08-20 10:45:55,0,2026-08-20 10:45:55,False,,bajo,True
2026-08-20 12:32:58,2225,2026-08-20 12:32:30,0,2026-08-20 12:32:30,False,,bajo,True
2026-08-20 12:32:58,2227,2026-08-20 02:12:37,0,2026-08-20 02:12:37,False,,bajo,True
2026-08-20 12:32:58,2229,2026-08-20 12:31:25,0,2026-08-20 12:31:25,False,,bajo,True
2026-08-20 12:32:58,2230,2026-08-20 12:31:52,0,2026-08-20 12:31:52,False,,medio,True
2026-08-20 12:32:58,2250,2026-08-20 12:31:20,0,2026-08-20 12:31:20,True,2026-08-20 10:52:01,bajo,True
2026-08-20 12:32:58,2264,2026-08-20 12:30:31,0,2026-08-20 12:30:31,True,2026-08-20 09:47:00,bajo,True
2026-08-20 12:32:58,2268,2026-08-20 12:32:32,0,2026-08-20 12:32:32,False,,bajo,True
2026-08-20 12:32:58,2284,2026-08-20 05:57:09,0,2026-08-20 05:57:09,False,,bajo,True
2026-08-20 12:32:58,2317,2026-08-20 12:26:41,0,2026-08-20 12:26:41,False,,medio,True
2026-08-20 12:32:58,2326,2026-08-20 12:30:54,0,2026-08-20 12:30:54,True,2026-08-20 10:36:17,bajo,True
2026-08-20 12:32:58,2327,2026-08-20 12:32:37,0,2026-08-20 12:32:37,False,,bajo,True
2026-08-20 12:32:58,2330,2026-08-20 12:32:26,0,2026-08-20 12:32:26,False,,bajo,False
2026-08-20 12:32:58,2335,2026-08-20 12:32:38,0,2026-08-20 12:32:38,False,,bajo,True
2026-08-20 12:32:58,2391,2026-08-20 10:33:12,0,2026-08-20 05:46:44,True,2026-08-20 10:33:12,bajo,False
2026-08-20 12:32:58,2404,2026-08-20 03:12:11,0,2026-08-20 03:12:11,False,,bajo,True
2026-08-20 12:32:58,2411,2026-08-20 12:32:24,0,2026-08-20 12:32:24,True,2026-08-20 10:18:48,bajo,False
2026-08-20 12:32:58,2415,2026-08-20 12:32:12,0,2026-08-20 12:32:12,False,,bajo,True
2026-08-20 12:32:58,2424,2025-03-13 16:03:26,0,2025-03-13 16:03:26,False,,bajo,False
2026-08-20 12:32:58,2446,2026-08-20 12:25:29,0,2026-08-20 12:25:29,True,2026-08-20 11:01:40,bajo,True
2026-08-20 12:32:58,2459,2026-08-20 11:27:09,0,2026-08-20 11:27:09,False,,bajo,True
2026-08-20 12:32:58,2464,2026-08-20 08:42:17,0,2026-08-20 08:42:17,False,,bajo,True
2026-08-20 12:32:58,2465,2026-08-20 12:27:48,0,2026-08-20 12:27:48,True,2026-08-20 11:19:09,bajo,False
2026-08-20 12:32:58,2466,2026-08-20 09:57:33,0,2026-08-20 09:14:21,True,2026-08-20 09:57:33,bajo,False
2026-08-20 12:32:58,2468,2026-08-20 12:31:55,0,2026-08-20 12:31:55,True,2026-08-20 11:04:13,bajo,True
2026-08-20 12:32:58,2471,2026-08-20 12:31:33,0,2026-08-20 12:31:33,False,,bajo,True
2026-08-20 12:32:58,2475,2026-08-20 12:32:40,0,2026-08-20 12:32:40,False,,bajo,True
2026-08-20 12:32:58,2476,2026-08-20 12:31:48,0,2026-08-20 12:31:48,False,,bajo,True
2026-08-20 12:32:58,2482,2026-08-20 12:19:11,0,2026-08-20 12:19:11,True,2026-08-20 09:48:48,bajo,True
2026-08-20 12:32:58,2484,2026-08-20 12:29:53,0,2026-08-20 12:29:53,True,2026-08-20 11:06:34,bajo,True
2026-08-20 12:32:58,2485,2026-08-20 12:31:06,0,2026-08-20 12:31:06,True,2026-08-20 10:27:25,bajo,True
2026-08-20 12:32:58,2492,2026-08-20 12:31:22,0,2026-08-20 12:31:22,False,,bajo,True
2026-08-20 12:32:58,2516,2026-08-20 09:04:16,0,2026-08-18 13:16:44,True,2026-08-20 09:04:16,bajo,False
2026-08-20 12:32:58,2519,2026-08-20 12:30:44,0,2026-08-20 12:30:44,False,,bajo,True
2026-08-20 12:32:58,2565,2026-08-18 12:18:50,0,2026-08-18 12:18:50,False,,bajo,False
2026-08-20 12:32:58,2567,2026-08-20 12:29:41,0,2026-08-20 12:29:41,False,,bajo,True
2026-08-20 12:32:58,2575,2026-08-20 12:31:19,0,2026-08-20 12:31:19,False,,bajo,True
2026-08-20 12:32:58,2582,2026-08-20 07:45:18,0,2026-08-20 07:45:18,False,,bajo,False
2026-08-20 12:32:58,2590,2026-08-20 12:30:19,0,2026-08-20 12:30:19,False,,alto,False
2026-08-20 12:32:58,2592,2026-08-20 11:35:46,0,2026-08-20 11:35:46,False,,bajo,True
2026-08-20 12:32:58,2593,2026-08-19 23:34:25,0,2026-08-19 23:34:25,False,,bajo,True
2026-08-20 12:32:58,2654,2026-08-20 11:09:44,0,2026-08-20 11:09:44,False,,bajo,True
2026-08-20 12:32:58,2665,2026-08-20 12:31:51,0,2026-08-20 12:31:51,False,,bajo,True
2026-08-20 12:32:58,2668,2026-08-20 12:28:17,0,2026-08-20 12:28:17,False,,bajo,False
2026-08-20 12:32:58,2678,2026-08-19 19:40:23,0,2026-08-19 19:40:23,False,,bajo,True
2026-08-20 12:32:58,2693,2026-08-20 08:21:39,0,2026-08-20 08:21:39,False,,bajo,True
2026-08-20 12:32:58,2701,2026-08-19 14:05:05,0,2026-08-19 14:05:05,False,,bajo,True
2026-08-20 12:32:58,2706,2026-08-20 12:32:15,0,2026-08-20 12:32:15,True,2026-08-20 08:21:50,alto,False
2026-08-20 12:32:58,2718,2026-08-20 12:28:49,0,2026-08-20 12:28:49,False,,bajo,False
2026-08-20 12:32:58,2722,2026-08-20 12:32:12,0,2026-08-20 12:32:12,False,,medio,False
2026-08-20 12:32:58,2724,2026-08-20 12:29:41,0,2026-08-20 12:29:41,True,2026-08-20 10:40:38,medio,False
2026-08-20 12:32:58,2726,2025-03-13 16:03:26,0,2025-03-13 16:03:26,False,,bajo,False
2026-08-20 12:32:58,2730,2026-08-20 12:30:35,0,2026-08-20 12:30:35,False,,medio,True
2026-08-20 12:32:58,2743,2026-08-20 12:30:49,0,2026-08-20 12:30:49,False,,bajo,True
2026-08-20 12:32:58,2744,2026-08-20 12:31:47,0,2026-08-20 12:31:47,False,,bajo,True
2026-08-20 12:32:58,2751,2026-08-19 06:18:03,0,2026-08-19 06:18:03,False,,bajo,False
2026-08-20 12:32:58,2754,2026-08-20 12:29:35,0,2026-08-20 12:29:35,False,,bajo,True
2026-08-20 12:32:58,2760,2026-08-20 12:31:01,0,2026-08-20 12:31:01,False,,alto,True
2026-08-20 12:32:58,2768,2026-08-20 12:32:28,0,2026-08-20 12:32:28,True,2026-08-20 09:54:59,bajo,True
2026-08-20 12:32:58,2770,2026-08-20 12:32:21,0,2026-08-20 12:32:21,False,,alto,True
2026-08-20 12:32:58,2773,2026-08-20 12:32:06,0,2026-08-20 12:32:06,True,2026-08-20 10:43:26,alto,True
2026-08-20 12:32:58,2777,2025-03-13 16:03:26,0,2025-03-13 16:03:26,False,,bajo,False
2026-08-20 12:32:58,2780,2026-08-18 22:17:17,0,2026-08-18 22:17:17,False,,bajo,False
2026-08-20 12:32:58,2781,2026-08-19 13:55:58,0,2026-08-19 13:55:58,False,,bajo,False
2026-08-20 12:32:58,2790,2026-08-20 12:31:57,0,2026-08-20 12:31:57,False,,bajo,True
2026-08-20 12:32:58,2791,2026-08-15 17:43:40,0,2026-08-15 17:43:40,False,,bajo,True
2026-08-20 12:32:58,2796,2026-08-20 12:22:44,0,2026-08-20 12:22:44,False,,bajo,False
2026-08-20 12:32:58,2803,2026-08-20 12:31:41,0,2026-08-20 12:31:41,True,2026-08-20 10:25:27,bajo,True
2026-08-20 12:32:58,2807,2026-08-20 12:32:02,0,2026-08-20 12:32:02,False,,bajo,False
2026-08-20 12:32:58,2808,2026-08-20 12:28:58,0,2026-08-20 12:28:58,False,,bajo,True
2026-08-20 12:32:58,2810,2026-08-20 12:30:41,0,2026-08-20 12:30:41,False,,bajo,True
2026-08-20 12:32:58,2830,2025-03-13 16:03:26,0,2025-03-13 16:03:26,False,,bajo,False
2026-08-20 12:32:58,2858,2026-08-20 12:14:42,0,2026-08-20 12:14:42,False,,bajo,True
2026-08-20 12:32:58,2904,2026-08-19 05:16:18,0,2026-08-19 05:16:18,False,,bajo,False
2026-08-20 12:32:58,2922,2026-08-20 12:32:41,0,2026-08-20 12:32:41,False,,bajo,True
2026-08-20 12:32:58,2926,2026-08-20 12:32:28,0,2026-08-20 12:32:28,False,,bajo,True
2026-08-20 12:32:58,2929,2026-08-20 12:30:08,0,2026-08-20 12:30:08,False,,alto,True
2026-08-20 12:32:58,2935,2026-08-20 12:31:50,0,2026-08-20 12:31:50,False,,bajo,True
2026-08-20 12:32:58,2937,2026-08-20 12:26:01,0,2026-08-20 12:26:01,False,,bajo,True
2026-08-20 12:32:58,2961,2026-02-27 08:12:26,0,2026-02-27 08:12:26,False,,bajo,False
2026-08-20 12:32:58,2971,2026-08-20 12:31:57,0,2026-08-20 12:31:57,False,,bajo,True
2026-08-20 12:32:58,2972,2026-08-19 17:26:46,0,2026-08-19 17:26:46,False,,bajo,True
2026-08-20 12:32:58,2973,2026-08-20 12:32:06,0,2026-08-20 12:32:06,False,,bajo,False
2026-08-20 12:32:58,2975,2026-08-20 12:31:39,0,2026-08-20 12:31:39,False,,bajo,True
2026-08-20 12:32:58,2978,2026-08-20 12:32:14,0,2026-08-20 12:32:14,False,,bajo,True
2026-08-20 12:32:58,2983,2026-08-20 11:18:29,0,2026-08-20 11:18:29,False,,bajo,True
2026-08-20 12:32:58,2984,2026-08-20 00:17:32,0,2026-08-20 00:17:32,False,,bajo,False
2026-08-20 12:32:58,2985,2026-08-20 12:31:55,0,2026-08-20 12:31:55,False,,bajo,False
2026-08-20 12:32:58,2986,2026-08-20 12:32:18,0,2026-08-20 12:32:18,False,,bajo,False
2026-08-20 12:32:58,2987,2026-08-20 12:31:42,0,2026-08-20 12:31:42,False,,bajo,True
2026-08-20 12:32:58,2988,2026-08-20 09:23:33,0,2026-08-19 09:04:24,True,2026-08-20 09:23:33,bajo,True
2026-08-20 12:32:58,2993,2026-08-20 12:31:19,0,2026-08-20 12:31:19,False,,bajo,True
2026-08-20 12:32:58,2994,2026-08-20 12:32:39,0,2026-08-20 12:32:39,False,,bajo,True
2026-08-20 12:32:58,2996,2026-08-20 12:30:32,0,2026-08-20 12:30:32,False,,bajo,True
2026-08-20 12:32:58,2998,2026-08-20 12:32:09,0,2026-08-20 12:32:09,False,,bajo,True
2026-08-20 12:32:58,3002,2026-08-20 12:30:14,0,2026-08-20 12:30:14,True,2026-08-20 08:48:28,bajo,True
2026-08-20 12:32:58,3009,2026-08-20 12:32:39,0,2026-08-20 12:32:39,False,,bajo,True
2026-08-20 12:32:58,3010,2026-08-19 13:19:10,0,2026-08-19 13:19:10,False,,bajo,True
2026-08-20 12:32:58,3011,2026-08-20 12:28:59,0,2026-08-20 12:28:59,False,,bajo,True
2026-08-20 12:32:58,3013,2026-08-20 12:31:21,0,2026-08-20 12:31:21,False,,bajo,True
2026-08-20 12:32:58,3020,2026-08-20 11:56:13,0,2026-08-20 11:56:13,False,,bajo,False
2026-08-20 12:32:58,3022,2026-08-17 12:46:48,0,2026-08-17 12:46:48,False,,bajo,True
2026-08-20 12:32:58,3024,2026-08-20 10:57:54,0,2026-08-20 10:57:54,False,,bajo,True
2026-08-20 12:32:58,3026,2026-08-20 12:32:27,0,2026-08-20 12:32:27,False,,bajo,False
2026-08-20 12:32:58,3027,2026-08-20 12:32:29,0,2026-08-20 12:32:29,False,,bajo,True
2026-08-20 12:32:58,3029,2026-08-20 12:32:08,0,2026-08-20 12:32:08,True,2026-08-20 09:00:19,bajo,True
2026-08-20 12:32:58,3036,2025-03-13 16:18:25,0,2025-03-13 16:18:25,False,,bajo,False
2026-08-20 12:32:58,3039,2026-08-20 12:31:29,0,2026-08-20 12:31:29,False,,bajo,False
2026-08-20 12:32:58,3060,2026-08-20 12:32:14,0,2026-08-20 12:32:14,False,,bajo,True
2026-08-20 12:32:58,3064,2026-08-20 12:31:23,0,2026-08-20 12:31:23,False,,bajo,True
2026-08-20 12:32:58,3065,2026-08-20 12:30:53,0,2026-08-20 12:30:53,False,,medio,True
2026-08-20 12:32:58,3074,2026-08-16 12:57:02,0,2026-08-16 12:57:02,False,,bajo,True
2026-08-20 12:32:58,3076,2026-08-20 12:31:22,0,2026-08-20 12:31:22,False,,bajo,False
2026-08-20 12:32:58,3079,2026-08-20 12:30:29,0,2026-08-20 12:30:29,False,,bajo,True
2026-08-20 12:32:58,3084,2026-08-20 09:03:21,0,2026-08-20 09:03:21,False,,bajo,False
2026-08-20 12:32:58,3086,2026-08-20 12:32:32,0,2026-08-20 12:32:32,True,2026-08-20 10:18:48,alto,False
2026-08-20 12:32:58,3087,2026-08-19 02:05:20,0,2026-08-19 02:05:20,False,,bajo,False
2026-08-20 12:32:58,3099,2026-08-20 12:31:22,0,2026-08-20 12:31:22,False,,bajo,True
2026-08-20 12:32:58,3101,2026-08-19 23:54:03,0,2026-08-19 23:54:03,False,,bajo,False
2026-08-20 12:32:58,3117,2026-08-20 09:14:52,0,2026-08-20 09:14:52,False,,bajo,True
2026-08-20 12:32:58,3121,2026-08-20 10:13:39,0,2026-08-20 03:30:44,True,2026-08-20 10:13:39,bajo,True
2026-08-20 12:32:58,3132,2026-08-19 15:03:37,0,2026-08-19 15:03:37,False,,bajo,True
2026-08-20 12:32:58,3138,2026-08-20 12:32:02,0,2026-08-20 12:32:02,False,,bajo,True
2026-08-20 12:32:58,3141,2026-08-20 12:32:15,0,2026-08-20 12:32:15,False,,bajo,False
2026-08-20 12:32:58,3144,2026-08-20 10:46:15,0,2026-08-20 10:46:15,False,,bajo,True
2026-08-20 12:32:58,3145,2026-08-19 20:00:25,0,2026-08-19 20:00:25,False,,bajo,True
2026-08-20 12:32:58,3146,2026-08-19 22:20:41,0,2026-08-19 22:20:41,False,,bajo,True
2026-08-20 12:32:58,3151,2026-08-20 09:07:40,0,2026-08-19 19:07:35,True,2026-08-20 09:07:40,alto,False
2026-08-20 12:32:58,3154,2026-08-20 07:58:27,0,2026-08-20 07:58:27,False,,bajo,False
2026-08-20 12:32:58,3155,2026-08-20 12:29:46,0,2026-08-20 12:29:46,True,2026-08-20 09:05:47,bajo,True
2026-08-20 12:32:58,3159,2026-08-20 12:31:53,0,2026-08-20 12:31:53,False,,bajo,True
2026-08-20 12:32:58,3160,2026-08-18 15:00:20,0,2026-08-18 15:00:20,False,,bajo,False
2026-08-20 12:32:58,3161,2026-08-20 12:32:12,0,2026-08-20 12:32:12,False,,bajo,False
2026-08-20 12:32:58,3162,2026-08-20 12:32:06,0,2026-08-20 12:32:06,False,,bajo,True
2026-08-20 12:32:58,3169,2026-08-20 12:32:33,0,2026-08-20 12:32:33,False,,bajo,False
2026-08-20 12:32:58,3172,2026-08-20 10:17:21,0,2026-08-20 10:17:21,False,,bajo,True
2026-08-20 12:32:58,3178,2026-08-20 12:13:24,0,2026-08-20 12:13:24,False,,bajo,True
2026-08-20 12:32:58,3184,2026-08-20 10:45:58,0,2026-08-20 10:45:58,False,,bajo,False
2026-08-20 12:32:58,3185,2026-08-20 12:05:24,0,2026-08-20 12:05:24,False,,bajo,True
2026-08-20 12:32:58,3186,2026-08-20 12:32:10,0,2026-08-20 12:32:10,True,2026-08-20 09:30:36,alto,False
2026-08-20 12:32:58,3187,2026-08-20 12:31:35,0,2026-08-20 12:31:35,False,,bajo,True
2026-08-20 12:32:58,3191,2026-08-20 12:32:27,0,2026-08-20 12:32:27,False,,medio,True
2026-08-20 12:32:58,3199,2026-08-20 12:32:21,0,2026-08-20 12:32:21,False,,bajo,True
2026-08-20 12:32:58,3202,2026-08-20 12:30:21,0,2026-08-20 12:30:21,False,,bajo,True
2026-08-20 12:32:58,3203,2026-08-20 10:24:59,0,2026-08-20 10:24:59,False,,bajo,False
2026-08-20 12:32:58,3204,2026-08-20 12:31:03,0,2026-08-20 12:31:03,False,,bajo,True
2026-08-20 12:32:58,3207,2026-08-20 12:22:44,0,2026-08-20 12:22:44,False,,bajo,True
2026-08-20 12:32:58,3208,2026-08-20 10:29:30,0,2026-08-20 10:29:30,False,,bajo,False
2026-08-20 12:32:58,3216,2026-08-20 12:30:49,0,2026-08-20 12:30:49,False,,alto,False
2026-08-20 12:32:58,3222,2026-08-19 15:46:00,0,2026-08-19 15:46:00,False,,bajo,False
2026-08-20 12:32:58,3224,2026-08-17 11:30:26,0,2026-08-17 11:30:26,False,,bajo,True
2026-08-20 12:32:58,3225,2026-08-20 12:32:05,0,2026-08-20 12:32:05,False,,medio,False
2026-08-20 12:32:58,3227,2026-08-19 12:14:51,0,2026-08-19 12:14:51,False,,bajo,True
2026-08-20 12:32:58,3232,2026-08-20 12:31:10,0,2026-08-20 12:31:10,False,,bajo,True
2026-08-20 12:32:58,3239,2026-08-20 12:03:07,0,2026-08-20 12:03:07,False,,bajo,False
2026-08-20 12:32:58,3242,2026-08-20 12:04:03,0,2026-08-20 12:04:03,False,,bajo,True
2026-08-20 12:32:58,3243,2026-08-18 21:25:20,0,2026-08-18 21:25:20,False,,bajo,True
2026-08-20 12:32:58,3244,2026-08-20 11:12:37,0,2026-08-20 11:12:37,False,,bajo,True
2026-08-20 12:32:58,3253,2026-08-19 19:26:13,0,2026-08-19 19:26:13,False,,bajo,True
2026-08-20 12:32:58,3259,2026-08-20 12:31:24,0,2026-08-20 12:31:24,False,,medio,True
2026-08-20 12:32:58,3264,2026-08-20 12:29:53,0,2026-08-20 12:29:53,False,,bajo,True
2026-08-20 12:32:58,3266,2026-08-20 12:30:46,0,2026-08-20 12:30:46,False,,bajo,True
2026-08-20 12:32:58,4018,2026-08-20 12:31:58,0,2026-08-20 12:31:58,False,,bajo,False
2026-08-20 12:32:58,4024,2026-08-19 13:13:35,0,2026-08-19 13:13:35,False,,bajo,False
2026-08-20 12:32:58,1724,2026-08-19 16:52:41,1,2026-08-19 16:52:41,False,,bajo,False
2026-08-20 12:32:58,1744,2026-08-19 19:59:25,1,2026-08-19 19:59:25,False,,bajo,False
2026-08-20 12:32:58,1766,2026-06-03 03:27:01,1,2026-06-03 03:27:01,False,,bajo,False
2026-08-20 12:32:58,1784,2026-06-03 03:29:57,1,2026-06-03 03:29:57,False,,bajo,False
2026-08-20 12:32:58,1805,2026-06-03 08:20:37,1,2026-06-03 08:20:37,False,,bajo,False
2026-08-20 12:32:58,1806,2026-08-19 23:25:06,1,2026-08-19 23:25:06,False,,bajo,False
2026-08-20 12:32:58,1824,2026-06-03 08:35:59,1,2026-06-03 08:35:59,False,,bajo,False
2026-08-20 12:32:58,1844,2026-08-20 11:30:32,1,2026-08-20 11:30:32,False,,bajo,False
2026-08-20 12:32:58,1845,2026-06-03 08:35:31,1,2026-06-03 08:35:31,False,,bajo,False
2026-08-20 12:32:58,1846,2026-08-20 11:26:34,1,2026-08-19 20:23:27,True,2026-08-20 11:26:34,bajo,False
2026-08-20 12:32:58,1887,2026-08-20 01:23:10,1,2026-08-20 01:23:10,False,,bajo,True
2026-08-20 12:32:58,1924,2026-08-20 11:26:50,1,2026-08-20 11:26:50,False,,bajo,False
2026-08-20 12:32:58,1926,2026-08-19 18:16:10,1,2026-08-19 18:16:10,False,,bajo,False
2026-08-20 12:32:58,1927,2026-08-20 10:37:06,1,2026-08-20 10:37:06,False,,bajo,False
2026-08-20 12:32:58,1928,2026-08-20 12:31:27,1,2026-08-20 12:31:27,True,2026-08-20 08:02:27,bajo,False
2026-08-20 12:32:58,1945,2026-08-19 14:26:40,1,2026-08-19 14:26:40,False,,bajo,False
2026-08-20 12:32:58,1964,2026-08-20 11:17:58,1,2026-08-20 11:17:58,False,,alto,False
2026-08-20 12:32:58,1965,2026-08-19 16:06:15,1,2026-08-19 16:06:15,False,,bajo,False
2026-08-20 12:32:58,1984,2026-08-19 15:01:19,1,2026-08-19 15:01:19,False,,bajo,False
2026-08-20 12:32:58,2190,2026-08-20 12:06:20,1,2026-08-20 12:06:20,False,,bajo,False
2026-08-20 12:32:58,2192,2026-08-20 12:18:02,1,2026-08-20 12:18:02,False,,bajo,False
2026-08-20 12:32:58,2193,2026-08-19 02:16:43,1,2026-08-19 02:16:43,False,,bajo,False
2026-08-20 12:32:58,2204,2026-08-19 13:21:57,1,2026-08-19 13:21:57,False,,bajo,False
2026-08-20 12:32:58,2205,2026-08-20 05:18:03,1,2026-08-20 05:18:03,False,,bajo,False
2026-08-20 12:32:58,2207,2026-08-19 23:06:23,1,2026-08-19 23:06:23,False,,bajo,False
2026-08-20 12:32:58,2208,2026-08-20 12:23:17,1,2026-08-20 12:23:17,True,2026-08-20 11:12:17,bajo,False
2026-08-20 12:32:58,2224,2026-08-19 18:38:19,1,2026-08-19 18:38:19,False,,bajo,False
2026-08-20 12:32:58,2225,2026-08-19 18:52:34,1,2026-08-19 18:52:34,False,,bajo,False
2026-08-20 12:32:58,2227,2026-08-19 15:41:25,1,2026-08-19 15:41:25,False,,bajo,False
2026-08-20 12:32:58,2230,2026-08-19 23:49:51,1,2026-08-19 23:49:51,False,,bajo,False
2026-08-20 12:32:58,2250,2026-08-20 06:31:05,1,2026-08-20 06:31:05,False,,bajo,True
2026-08-20 12:32:58,2264,2026-08-19 21:48:26,1,2026-08-19 21:48:26,False,,bajo,True
2026-08-20 12:32:58,2268,2026-08-20 04:24:46,1,2026-08-20 04:24:46,False,,bajo,False
2026-08-20 12:32:58,2284,2026-08-20 09:42:34,1,2026-08-20 09:42:34,False,,bajo,True
2026-08-20 12:32:58,2317,2026-08-20 04:28:26,1,2026-08-20 04:28:26,False,,bajo,False
2026-08-20 12:32:58,2326,2026-08-19 20:30:05,1,2026-08-19 20:30:05,False,,bajo,False
2026-08-20 12:32:58,2327,2026-08-20 12:12:44,1,2026-08-20 12:12:44,False,,bajo,False
2026-08-20 12:32:58,2330,2026-08-19 17:13:19,1,2026-08-19 17:13:19,False,,medio,False
2026-08-20 12:32:58,2335,2026-08-19 12:17:54,1,2026-08-19 12:17:54,False,,bajo,False
2026-08-20 12:32:58,2391,2026-08-20 10:33:12,1,2026-08-19 21:26:36,True,2026-08-20 10:33:12,bajo,False
2026-08-20 12:32:58,2404,2026-08-19 23:13:24,1,2026-08-19 23:13:24,False,,bajo,False
2026-08-20 12:32:58,2415,2026-08-20 08:35:24,1,2026-08-20 08:35:24,False,,bajo,False
2026-08-20 12:32:58,2424,2025-03-13 16:03:26,1,2025-03-13 16:03:26,False,,bajo,False
2026-08-20 12:32:58,2446,2026-08-20 02:00:01,1,2026-08-20 02:00:01,False,,bajo,False
2026-08-20 12:32:58,2459,2026-08-19 14:32:43,1,2026-08-19 14:32:43,False,,bajo,False
2026-08-20 12:32:58,2464,2026-08-19 18:16:21,1,2026-08-19 18:16:21,False,,bajo,False
2026-08-20 12:32:58,2465,2026-08-20 10:58:41,1,2026-08-20 10:58:41,False,,bajo,False
2026-08-20 12:32:58,2466,2026-08-19 11:48:11,1,2026-08-19 11:48:11,False,,bajo,False
2026-08-20 12:32:58,2468,2026-08-20 06:23:46,1,2026-08-20 06:23:46,False,,bajo,True
2026-08-20 12:32:58,2471,2026-08-20 07:32:41,1,2026-08-20 07:32:41,False,,bajo,False
2026-08-20 12:32:58,2475,2026-08-18 15:29:44,1,2026-08-18 15:29:44,False,,medio,False
2026-08-20 12:32:58,2476,2026-08-19 18:31:05,1,2026-08-19 18:31:05,False,,bajo,False
2026-08-20 12:32:58,2482,2026-08-20 11:52:37,1,2026-08-20 11:52:37,True,2026-08-20 09:48:48,medio,True
2026-08-20 12:32:58,2484,2026-08-20 11:06:34,1,2026-08-19 17:29:39,True,2026-08-20 11:06:34,bajo,False
2026-08-20 12:32:58,2485,2026-08-20 01:45:47,1,2026-08-20 01:45:47,False,,bajo,True
2026-08-20 12:32:58,2492,2026-08-19 14:38:49,1,2026-08-19 14:38:49,False,,bajo,False
2026-08-20 12:32:58,2516,2026-08-20 09:11:12,1,2026-08-20 09:11:12,False,,bajo,False
2026-08-20 12:32:58,2519,2026-08-19 16:19:27,1,2026-08-19 16:19:27,False,,bajo,False
2026-08-20 12:32:58,2565,2026-08-19 10:48:08,1,2026-08-19 10:48:08,False,,bajo,False
2026-08-20 12:32:58,2567,2026-08-20 00:03:45,1,2026-08-20 00:03:45,False,,bajo,False
2026-08-20 12:32:58,2575,2026-08-20 08:32:43,1,2026-08-20 08:32:43,False,,bajo,False
2026-08-20 12:32:58,2582,2026-08-20 03:33:15,1,2026-08-20 03:33:15,False,,bajo,False
2026-08-20 12:32:58,2590,2026-08-19 18:24:26,1,2026-08-19 18:24:26,False,,bajo,False
2026-08-20 12:32:58,2592,2026-08-20 07:09:52,1,2026-08-20 07:09:52,False,,bajo,True
2026-08-20 12:32:58,2593,2026-08-20 11:36:26,1,2026-08-19 15:20:45,True,2026-08-20 11:36:26,bajo,False
2026-08-20 12:32:58,2654,2026-08-19 11:56:28,1,2026-08-19 11:56:28,False,,bajo,True
2026-08-20 12:32:58,2665,2026-08-20 12:31:50,1,2026-08-20 12:31:50,False,,bajo,False
2026-08-20 12:32:58,2668,2026-08-20 12:28:15,1,2026-08-20 12:28:15,True,2026-08-20 07:42:33,alto,False
2026-08-20 12:32:58,2678,2026-08-18 21:00:25,1,2026-08-18 21:00:25,False,,bajo,False
2026-08-20 12:32:58,2693,2026-08-18 22:53:52,1,2026-08-18 22:53:52,False,,bajo,False
2026-08-20 12:32:58,2701,2026-08-20 09:32:42,1,2026-08-20 09:32:42,False,,bajo,False
2026-08-20 12:32:58,2706,2026-08-19 16:43:59,1,2026-08-19 16:43:59,False,,bajo,False
2026-08-20 12:32:58,2718,2026-08-20 11:48:59,1,2026-08-20 11:48:59,False,,bajo,False
2026-08-20 12:32:58,2722,2026-08-20 06:38:40,1,2026-08-20 06:38:40,False,,medio,False
2026-08-20 12:32:58,2724,2026-08-19 03:27:31,1,2026-08-19 03:27:31,False,,bajo,False
2026-08-20 12:32:58,2726,2025-03-13 16:03:26,1,2025-03-13 16:03:26,False,,bajo,False
2026-08-20 12:32:58,2730,2026-06-03 08:24:07,1,2026-06-03 08:24:07,False,,bajo,False
2026-08-20 12:32:58,2743,2026-08-20 03:36:24,1,2026-08-20 03:36:24,False,,bajo,True
2026-08-20 12:32:58,2744,2026-08-20 01:42:16,1,2026-08-20 01:42:16,False,,bajo,False
2026-08-20 12:32:58,2751,2026-08-20 07:10:00,1,2026-08-20 07:10:00,False,,bajo,False
2026-08-20 12:32:58,2754,2026-06-03 08:25:11,1,2026-06-03 08:25:11,False,,bajo,False
2026-08-20 12:32:58,2768,2026-06-03 08:23:19,1,2026-06-03 08:23:19,False,,bajo,False
2026-08-20 12:32:58,2770,2025-03-13 16:03:26,1,2025-03-13 16:03:26,False,,bajo,False
2026-08-20 12:32:58,2773,2026-08-19 23:24:14,1,2026-08-19 23:24:14,False,,alto,True
2026-08-20 12:32:58,2777,2025-03-13 16:03:26,1,2025-03-13 16:03:26,False,,bajo,False
2026-08-20 12:32:58,2780,2026-08-19 14:10:31,1,2026-08-19 14:10:31,False,,bajo,False
2026-08-20 12:32:58,2781,2026-08-20 08:10:58,1,2026-08-20 08:10:58,False,,bajo,False
2026-08-20 12:32:58,2790,2026-08-20 10:07:53,1,2026-08-20 10:07:53,False,,bajo,False
2026-08-20 12:32:58,2791,2026-08-15 17:39:44,1,2026-08-15 17:39:44,False,,bajo,False
2026-08-20 12:32:58,2796,2026-08-20 11:29:14,1,2026-08-20 11:29:14,False,,bajo,False
2026-08-20 12:32:58,2803,2026-08-19 21:27:52,1,2026-08-19 21:27:52,False,,bajo,False
2026-08-20 12:32:58,2807,2026-08-19 15:20:05,1,2026-08-19 15:20:05,False,,bajo,False
2026-08-20 12:32:58,2808,2026-08-19 20:56:31,1,2026-08-19 20:56:31,False,,bajo,False
2026-08-20 12:32:58,2810,2026-08-20 12:27:11,1,2026-08-20 12:27:11,False,,bajo,True
2026-08-20 12:32:58,2830,2025-03-13 16:03:26,1,2025-03-13 16:03:26,False,,bajo,False
2026-08-20 12:32:58,2858,2026-08-20 12:32:24,1,2026-08-20 12:32:24,False,,alto,False
2026-08-20 12:32:58,2904,2026-08-19 16:29:05,1,2026-08-19 16:29:05,False,,bajo,False
2026-08-20 12:32:58,2922,2026-06-03 07:54:30,1,2026-06-03 07:54:30,False,,bajo,False
2026-08-20 12:32:58,2926,2026-08-20 12:29:36,1,2026-08-20 12:29:36,False,,bajo,False
2026-08-20 12:32:58,2929,2026-08-20 12:22:08,1,2026-08-20 12:22:08,False,,bajo,False
2026-08-20 12:32:58,2935,2026-08-20 08:51:24,1,2026-08-20 08:51:24,False,,bajo,False
2026-08-20 12:32:58,2937,2026-08-20 09:52:52,1,2026-08-20 09:52:52,False,,bajo,False
2026-08-20 12:32:58,2961,2026-02-27 08:12:26,1,2026-02-27 08:12:26,False,,bajo,False
2026-08-20 12:32:58,2971,2026-08-20 12:30:27,1,2026-08-20 12:30:27,False,,bajo,False
2026-08-20 12:32:58,2972,2026-08-20 00:43:08,1,2026-08-20 00:43:08,False,,bajo,False
2026-08-20 12:32:58,2973,2026-08-19 16:48:38,1,2026-08-19 16:48:38,False,,bajo,False
2026-08-20 12:32:58,2975,2026-08-15 13:07:19,1,2026-08-15 13:07:19,False,,bajo,False
2026-08-20 12:32:58,2978,2026-08-19 19:30:17,1,2026-08-19 19:30:17,False,,bajo,True
2026-08-20 12:32:58,2983,2026-08-19 09:31:14,1,2026-08-19 09:31:14,False,,bajo,False
2026-08-20 12:32:58,2984,2026-08-20 01:30:24,1,2026-08-20 01:30:24,False,,bajo,False
2026-08-20 12:32:58,2985,2026-08-20 11:36:58,1,2026-08-20 11:36:58,False,,bajo,False
2026-08-20 12:32:58,2986,2026-08-19 12:43:40,1,2026-08-19 12:43:40,False,,bajo,False
2026-08-20 12:32:58,2987,2026-08-19 13:00:00,1,2026-08-19 13:00:00,False,,bajo,False
2026-08-20 12:32:58,2988,2026-08-20 09:26:06,1,2026-08-20 09:26:06,False,,bajo,False
2026-08-20 12:32:58,2993,2026-08-20 01:00:48,1,2026-08-20 01:00:48,False,,bajo,False
2026-08-20 12:32:58,2994,2026-08-19 10:03:55,1,2026-08-19 10:03:55,False,,bajo,False
2026-08-20 12:32:58,2996,2026-08-20 11:13:41,1,2026-08-20 11:13:41,False,,bajo,False
2026-08-20 12:32:58,2998,2026-08-20 11:30:42,1,2026-08-20 11:30:42,False,,bajo,True
2026-08-20 12:32:58,3002,2026-08-20 12:26:12,1,2026-08-20 12:26:12,True,2026-08-20 08:48:28,bajo,False
2026-08-20 12:32:58,3009,2026-08-20 12:30:40,1,2026-08-20 12:30:40,False,,bajo,False
2026-08-20 12:32:58,3010,2026-08-19 12:55:59,1,2026-08-19 12:55:59,False,,bajo,False
2026-08-20 12:32:58,3011,2026-08-20 00:54:34,1,2026-08-20 00:54:34,False,,bajo,False
2026-08-20 12:32:58,3013,2026-08-20 02:32:48,1,2026-08-20 02:32:48,False,,bajo,False
2026-08-20 12:32:58,3020,2026-08-20 12:22:16,1,2026-08-20 12:22:16,False,,bajo,False
2026-08-20 12:32:58,3022,2026-08-19 18:03:30,1,2026-08-19 18:03:30,False,,medio,False
2026-08-20 12:32:58,3024,2026-08-19 05:56:15,1,2026-08-19 05:56:15,False,,bajo,False
2026-08-20 12:32:58,3026,2026-08-19 20:28:00,1,2026-08-19 20:28:00,False,,bajo,False
2026-08-20 12:32:58,3027,2026-08-20 11:51:32,1,2026-08-20 11:51:32,False,,bajo,False
2026-08-20 12:32:58,3029,2026-08-19 08:28:09,1,2026-08-19 08:28:09,False,,bajo,False
2026-08-20 12:32:58,3036,2025-03-13 16:18:25,1,2025-03-13 16:18:25,False,,bajo,False
2026-08-20 12:32:58,3039,2026-08-20 12:30:32,1,2026-08-20 12:30:32,False,,alto,False
2026-08-20 12:32:58,3060,2026-08-20 11:51:51,1,2026-08-20 11:51:51,False,,bajo,False
2026-08-20 12:32:58,3064,2026-08-19 00:39:08,1,2026-08-19 00:39:08,False,,bajo,True
2026-08-20 12:32:58,3065,2026-06-03 06:29:32,1,2026-06-03 06:29:32,False,,bajo,False
2026-08-20 12:32:58,3074,2026-08-13 15:32:25,1,2026-08-13 15:32:25,False,,bajo,False
2026-08-20 12:32:58,3076,2026-08-19 20:35:26,1,2026-08-19 20:35:26,False,,bajo,False
2026-08-20 12:32:58,3079,2026-08-19 16:57:03,1,2026-08-19 16:57:03,False,,bajo,False
2026-08-20 12:32:58,3084,2026-08-20 12:30:12,1,2026-08-20 12:30:12,False,,bajo,False
2026-08-20 12:32:58,3086,2026-08-19 22:46:40,1,2026-08-19 22:46:40,False,,bajo,False
2026-08-20 12:32:58,3087,2026-08-20 10:49:54,1,2026-08-20 10:49:54,False,,bajo,False
2026-08-20 12:32:58,3099,2026-08-20 06:52:07,1,2026-08-20 06:52:07,False,,bajo,False
2026-08-20 12:32:58,3101,2026-08-20 00:58:05,1,2026-08-20 00:58:05,False,,bajo,False
2026-08-20 12:32:58,3117,2026-08-20 09:21:40,1,2026-08-20 09:21:40,False,,bajo,False
2026-08-20 12:32:58,3121,2026-08-20 12:29:22,1,2026-08-20 12:29:22,True,2026-08-20 10:13:39,bajo,False
2026-08-20 12:32:58,3132,2026-08-20 12:30:13,1,2026-08-20 12:30:13,False,,bajo,False
2026-08-20 12:32:58,3138,2026-08-20 09:40:44,1,2026-08-20 09:40:44,False,,bajo,False
2026-08-20 12:32:58,3141,2026-08-20 12:31:21,1,2026-08-20 12:31:21,False,,bajo,False
2026-08-20 12:32:58,3144,2026-08-19 17:22:19,1,2026-08-19 17:22:19,False,,bajo,False
2026-08-20 12:32:58,3145,2026-08-19 13:38:42,1,2026-08-19 13:38:42,False,,bajo,False
2026-08-20 12:32:58,3146,2026-08-20 12:24:42,1,2026-08-20 12:24:42,False,,bajo,False
2026-08-20 12:32:58,3151,2026-08-20 10:54:07,1,2026-08-20 10:54:07,False,,bajo,False
2026-08-20 12:32:58,3154,2026-08-20 05:26:27,1,2026-08-20 05:26:27,False,,bajo,False
2026-08-20 12:32:58,3155,2026-08-20 12:31:40,1,2026-08-20 12:31:40,True,2026-08-20 11:11:54,bajo,False
2026-08-20 12:32:58,3159,2026-08-20 07:19:52,1,2026-08-20 07:19:52,False,,bajo,False
2026-08-20 12:32:58,3160,2026-08-19 03:00:16,1,2026-08-19 03:00:16,False,,bajo,False
2026-08-20 12:32:58,3161,2026-08-20 12:28:23,1,2026-08-20 12:28:23,False,,bajo,False
2026-08-20 12:32:58,3162,2026-06-03 06:14:04,1,2026-06-03 06:14:04,False,,bajo,False
2026-08-20 12:32:58,3169,2026-08-20 12:30:56,1,2026-08-20 12:30:56,False,,bajo,False
2026-08-20 12:32:58,3172,2026-08-20 12:30:39,1,2026-08-20 12:30:39,False,,bajo,False
2026-08-20 12:32:58,3178,2026-08-20 12:30:35,1,2026-08-20 12:30:35,False,,bajo,True
2026-08-20 12:32:58,3184,2026-08-19 17:49:15,1,2026-08-19 17:49:15,False,,bajo,False
2026-08-20 12:32:58,3185,2026-08-20 12:30:34,1,2026-08-20 12:30:34,False,,bajo,False
2026-08-20 12:32:58,3187,2026-08-20 12:30:20,1,2026-08-20 12:30:20,False,,bajo,False
2026-08-20 12:32:58,3191,2026-08-20 12:28:47,1,2026-08-20 12:28:47,False,,medio,True
2026-08-20 12:32:58,3199,2026-08-20 01:27:54,1,2026-08-20 01:27:54,False,,bajo,True
2026-08-20 12:32:58,3202,2026-08-19 00:18:16,1,2026-08-19 00:18:16,False,,bajo,False
2026-08-20 12:32:58,3203,2026-08-20 06:14:58,1,2026-08-20 06:14:58,False,,bajo,False
2026-08-20 12:32:58,3204,2026-08-19 17:53:02,1,2026-08-19 17:53:02,False,,bajo,False
2026-08-20 12:32:58,3207,2026-08-20 12:22:42,1,2026-08-20 12:22:42,False,,bajo,False
2026-08-20 12:32:58,3208,2026-08-20 11:03:11,1,2026-08-20 11:03:11,False,,bajo,True
2026-08-20 12:32:58,3216,2026-08-19 18:41:19,1,2026-08-19 18:41:19,False,,medio,True
2026-08-20 12:32:58,3222,2026-08-20 12:32:00,1,2026-08-20 12:32:00,False,,bajo,False
2026-08-20 12:32:58,3224,2026-08-17 16:15:24,1,2026-08-17 16:15:24,False,,bajo,True
2026-08-20 12:32:58,3225,2026-08-20 10:27:59,1,2026-08-20 10:27:59,False,,bajo,False
2026-08-20 12:32:58,3227,2026-08-20 09:34:24,1,2026-08-20 09:34:24,False,,bajo,False
2026-08-20 12:32:58,3232,2026-08-20 12:32:30,1,2026-08-20 12:32:30,False,,bajo,True
2026-08-20 12:32:58,3239,2026-08-20 11:57:54,1,2026-08-20 11:57:54,False,,bajo,False
2026-08-20 12:32:58,3242,2026-08-20 11:44:55,1,2026-08-20 11:44:55,False,,bajo,False
2026-08-20 12:32:58,3243,2026-08-19 19:55:28,1,2026-08-19 19:55:28,False,,bajo,False
2026-08-20 12:32:58,3244,2026-08-20 11:22:12,1,2026-08-20 11:22:12,False,,bajo,False
2026-08-20 12:32:58,3259,2026-08-20 12:30:15,1,2026-08-20 12:30:15,True,2026-08-20 11:32:43,medio,False
2026-08-20 12:32:58,3264,2026-08-19 15:01:04,1,2026-08-19 15:01:04,False,,bajo,False
2026-08-20 12:32:58,3266,2026-08-20 10:45:32,1,2026-08-20 10:45:32,False,,bajo,False
2026-08-20 12:32:58,4018,2026-08-20 12:31:11,1,2026-08-20 12:31:11,False,,bajo,False
2026-08-20 12:32:58,4024,2026-08-18 18:46:57,1,2026-08-18 18:46:57,False,,bajo,False
2026-08-20 12:32:58,1724,2026-06-03 08:15:44,2,2026-06-03 08:15:44,False,,bajo,False
2026-08-20 12:32:58,1744,2026-06-03 06:32:42,2,2026-06-03 06:32:42,False,,bajo,False
2026-08-20 12:32:58,1766,2026-06-03 17:35:31,2,2026-06-03 17:35:31,False,,bajo,False
2026-08-20 12:32:58,1784,2026-06-03 17:31:00,2,2026-06-03 17:31:00,False,,bajo,False
2026-08-20 12:32:58,1805,2026-06-03 17:31:00,2,2026-06-03 17:31:00,False,,bajo,False
2026-08-20 12:32:58,1824,2026-06-03 17:31:00,2,2026-06-03 17:31:00,False,,bajo,False
2026-08-20 12:32:58,1844,2026-06-03 17:31:00,2,2026-06-03 17:31:00,False,,bajo,False
2026-08-20 12:32:58,1845,2026-06-03 17:31:27,2,2026-06-03 17:31:27,False,,bajo,False
2026-08-20 12:32:58,1887,2026-08-05 15:28:49,2,2026-08-05 15:28:49,False,,bajo,False
2026-08-20 12:32:58,1924,2026-06-03 17:31:00,2,2026-06-03 17:31:00,False,,bajo,False
2026-08-20 12:32:58,1926,2026-06-03 06:42:55,2,2026-06-03 06:42:55,False,,bajo,False
2026-08-20 12:32:58,1944,2026-06-03 17:31:00,2,2026-06-03 17:31:00,False,,bajo,False
2026-08-20 12:32:58,1945,2026-08-19 12:11:35,2,2026-08-19 12:11:35,False,,bajo,False
2026-08-20 12:32:58,2190,2025-03-13 16:03:26,2,2025-03-13 16:03:26,False,,bajo,False
2026-08-20 12:32:58,2193,2026-06-03 17:33:58,2,2026-06-03 17:33:58,False,,bajo,False
2026-08-20 12:32:58,2205,2026-06-02 08:49:39,2,2026-06-02 08:49:39,False,,bajo,False
2026-08-20 12:32:58,2208,2026-07-20 15:35:36,2,2026-07-20 15:35:36,False,,bajo,False
2026-08-20 12:32:58,2224,2026-06-03 08:23:23,2,2026-06-03 08:23:23,False,,bajo,False
2026-08-20 12:32:58,2229,2026-06-03 07:24:01,2,2026-06-03 07:24:01,False,,bajo,False
2026-08-20 12:32:58,2250,2026-06-03 08:23:15,2,2026-06-03 08:23:15,False,,bajo,False
2026-08-20 12:32:58,2335,2026-06-03 06:08:53,2,2026-06-03 06:08:53,False,,bajo,False
2026-08-20 12:32:58,2411,2026-06-03 08:44:37,2,2026-06-03 08:44:37,False,,bajo,False
2026-08-20 12:32:58,2465,2026-06-03 06:28:44,2,2026-06-03 06:28:44,False,,bajo,False
2026-08-20 12:32:58,2466,2025-03-13 16:03:26,2,2025-03-13 16:03:26,False,,bajo,False
2026-08-20 12:32:58,2468,2026-06-03 08:40:08,2,2026-06-03 08:40:08,False,,bajo,False
2026-08-20 12:32:58,2706,2026-06-03 05:15:51,2,2026-06-03 05:15:51,False,,bajo,False
2026-08-20 12:32:58,2724,2026-06-03 08:22:13,2,2026-06-03 08:22:13,False,,bajo,False
2026-08-20 12:32:58,2730,2026-06-03 08:24:08,2,2026-06-03 08:24:08,False,,bajo,False
2026-08-20 12:32:58,2743,2026-06-03 08:33:58,2,2026-06-03 08:33:58,False,,bajo,False
2026-08-20 12:32:58,2744,2026-06-03 08:26:24,2,2026-06-03 08:26:24,False,,bajo,False
2026-08-20 12:32:58,2768,2026-06-03 08:23:19,2,2026-06-03 08:23:19,False,,bajo,False
2026-08-20 12:32:58,2770,2026-06-03 08:28:44,2,2026-06-03 08:28:44,False,,bajo,False
2026-08-20 12:32:58,2773,2026-06-03 08:42:23,2,2026-06-03 08:42:23,False,,bajo,False
2026-08-20 12:32:58,2780,2026-06-03 08:31:16,2,2026-06-03 08:31:16,False,,bajo,False
2026-08-20 12:32:58,2781,2026-06-03 08:39:47,2,2026-06-03 08:39:47,False,,bajo,False
2026-08-20 12:32:58,2922,2026-06-03 07:54:30,2,2026-06-03 07:54:30,False,,bajo,False
2026-08-20 12:32:58,2983,2026-06-03 08:26:35,2,2026-06-03 08:26:35,False,,bajo,False
2026-08-20 12:32:58,2993,2026-05-28 08:20:47,2,2026-05-28 08:20:47,False,,bajo,False
2026-08-20 12:32:58,3002,2025-03-13 16:03:26,2,2025-03-13 16:03:26,False,,bajo,False
2026-08-20 12:32:58,3020,2026-06-03 08:31:34,2,2026-06-03 08:31:34,False,,bajo,False
2026-08-20 12:32:58,3065,2026-06-03 06:29:32,2,2026-06-03 06:29:32,False,,bajo,False
2026-08-20 12:32:58,3086,2026-06-03 08:38:54,2,2026-06-03 08:38:54,False,,bajo,False
2026-08-20 12:32:58,3087,2026-06-03 02:06:08,2,2026-06-03 02:06:08,False,,bajo,False
2026-08-20 12:32:58,3151,2026-06-03 07:25:54,2,2026-06-03 07:25:54,False,,bajo,False
2026-08-20 12:32:58,3160,2026-06-03 03:28:18,2,2026-06-03 03:28:18,False,,bajo,False
2026-08-20 12:32:58,3199,2026-06-03 08:41:17,2,2026-06-03 08:41:17,False,,bajo,False
2026-08-20 12:32:58,3203,2026-06-03 08:22:47,2,2026-06-03 08:22:47,False,,bajo,False
2026-08-20 12:32:58,3204,2026-06-03 07:54:17,2,2026-06-03 07:54:17,False,,bajo,False
2026-08-20 12:32:58,3207,2026-06-03 07:05:01,2,2026-06-03 07:05:01,False,,bajo,False
2026-08-20 12:32:58,3227,2025-03-13 16:03:26,2,2025-03-13 16:03:26,False,,bajo,False
2026-08-20 12:32:58,1846,2026-06-03 08:24:16,3,2026-06-03 08:24:16,False,,bajo,False
2026-08-20 12:32:58,2193,2026-06-03 03:28:55,3,2026-06-03 03:28:55,False,,bajo,False
2026-08-20 12:32:58,2208,2026-06-03 08:31:26,3,2026-06-03 08:31:26,False,,bajo,False
2026-08-20 12:32:58,2330,2026-06-03 07:45:12,3,2026-06-03 07:45:12,False,,bajo,False
2026-08-20 12:32:58,2415,2026-06-03 08:47:45,3,2026-06-03 08:47:45,False,,bajo,False
2026-08-20 12:32:58,2466,2026-06-03 08:38:32,3,2026-06-03 08:38:32,False,,bajo,False
2026-08-20 12:32:58,2582,2026-06-03 08:15:54,3,2026-06-03 08:15:54,False,,bajo,False
2026-08-20 12:32:58,2665,2026-06-03 07:10:20,3,2026-06-03 07:10:20,False,,bajo,False
2026-08-20 12:32:58,2718,2026-06-03 07:28:18,3,2026-06-03 07:28:18,False,,bajo,False
2026-08-20 12:32:58,2722,2026-06-03 06:10:37,3,2026-06-03 06:10:37,False,,bajo,False
2026-08-20 12:32:58,2751,2026-06-03 07:40:08,3,2026-06-03 07:40:08,False,,bajo,False
2026-08-20 12:32:58,2858,2026-06-03 00:31:15,3,2026-06-03 00:31:15,False,,bajo,False
2026-08-20 12:32:58,2993,2026-05-28 08:20:47,3,2026-05-28 08:20:47,False,,bajo,False
2026-08-20 12:32:58,2994,2026-06-03 07:45:41,3,2026-06-03 07:45:41,False,,bajo,False
2026-08-20 12:32:58,3010,2026-06-03 08:19:28,3,2026-06-03 08:19:28,False,,bajo,False
2026-08-20 12:32:58,3011,2026-06-03 08:45:02,3,2026-06-03 08:45:02,False,,bajo,False
2026-08-20 12:32:58,3024,2026-06-03 07:31:40,3,2026-06-03 07:31:40,False,,bajo,False
2026-08-20 12:32:58,3026,2026-06-03 08:11:53,3,2026-06-03 08:11:53,False,,bajo,False
2026-08-20 12:32:58,3027,2026-06-03 08:24:41,3,2026-06-03 08:24:41,False,,bajo,False
2026-08-20 12:32:58,3074,2026-06-03 06:59:32,3,2026-06-03 06:59:32,False,,bajo,False
2026-08-20 12:32:58,3079,2026-06-03 07:50:16,3,2026-06-03 07:50:16,False,,bajo,False
2026-08-20 12:32:58,3086,2026-06-03 08:38:54,3,2026-06-03 08:38:54,False,,bajo,False
2026-08-20 12:32:58,3087,2026-06-03 02:06:08,3,2026-06-03 02:06:08,False,,bajo,False
2026-08-20 12:32:58,3132,2026-06-03 08:15:52,3,2026-06-03 08:15:52,False,,bajo,False
2026-08-20 12:32:58,3160,2026-06-03 03:28:18,3,2026-06-03 03:28:18,False,,bajo,False
2026-08-20 12:32:58,3172,2026-06-03 08:52:22,3,2026-06-03 08:52:22,False,,bajo,False
2026-08-20 12:32:58,3203,2026-06-03 17:31:00,3,2026-06-03 17:31:00,False,,bajo,False
2026-08-20 12:32:58,3204,2026-06-03 07:54:17,3,2026-06-03 07:54:17,False,,bajo,False
2026-08-20 12:32:58,3207,2026-06-03 07:05:01,3,2026-06-03 07:05:01,False,,bajo,False
2026-08-20 12:32:58,3222,2026-06-03 08:54:14,3,2026-06-03 08:54:14,False,,bajo,False
2026-08-20 12:32:58,2362,2026-08-20 12:32:25,0,2026-08-20 12:32:25,True,2026-08-20 10:15:56,bajo,True
2026-08-20 12:32:58,2815,2026-08-20 12:31:42,0,2026-08-20 12:31:42,True,2026-08-20 11:41:19,bajo,False
2026-08-20 12:32:58,2817,2026-08-20 12:32:57,0,2026-08-20 12:32:57,True,2026-08-20 10:13:29,bajo,True
2026-08-20 12:32:58,2818,2026-08-20 12:32:40,0,2026-08-20 12:32:40,True,2026-08-20 08:24:29,bajo,False
2026-08-20 12:32:58,2820,2026-08-20 12:32:51,0,2026-08-20 12:32:51,False,,bajo,True
2026-08-20 12:32:58,2821,2026-08-20 12:31:59,0,2026-08-20 12:31:59,False,,medio,True
2026-08-20 12:32:58,2822,2026-08-20 12:32:12,0,2026-08-20 12:32:12,False,,medio,True
2026-08-20 12:32:58,2823,2026-08-16 18:34:14,0,2026-08-16 18:34:14,False,,bajo,True
2026-08-20 12:32:58,2824,2026-08-18 16:20:31,0,2026-08-18 16:20:31,False,,bajo,True
2026-08-20 12:32:58,2827,2026-08-20 12:32:15,0,2026-08-20 12:32:15,True,2026-08-20 08:23:01,bajo,True
2026-08-20 12:32:58,2828,2026-08-17 16:37:58,0,2026-08-17 16:37:58,False,,bajo,False
2026-08-20 12:32:58,2833,2026-08-17 10:48:39,0,2026-08-17 10:48:39,False,,alto,False
2026-08-20 12:32:58,2931,2026-08-20 12:32:33,0,2026-08-20 12:32:33,True,2026-08-20 09:57:45,alto,False
2026-08-20 12:32:58,2932,2026-08-20 12:31:49,0,2026-08-20 12:31:49,True,2026-08-20 09:59:38,bajo,False
2026-08-20 12:32:58,2949,2026-08-11 21:56:00,0,2026-08-11 21:56:00,False,,bajo,False
2026-08-20 12:32:58,2952,2026-08-11 12:06:01,0,2026-08-11 12:06:01,False,,bajo,False
2026-08-20 12:32:58,2953,2026-08-18 10:21:05,0,2026-08-18 10:21:05,False,,bajo,False
2026-08-20 12:32:58,2969,2026-08-20 12:32:05,0,2026-08-20 12:32:05,True,2026-08-20 09:57:04,bajo,True
2026-08-20 12:32:58,2995,2026-08-20 11:57:22,0,2026-08-20 11:57:22,False,,bajo,False
2026-08-20 12:32:58,3017,2026-08-19 17:29:41,0,2026-08-19 17:29:41,False,,bajo,False
2026-08-20 12:32:58,3021,2026-08-19 15:21:49,0,2026-08-19 15:21:49,False,,bajo,False
2026-08-20 12:32:58,3068,2026-08-17 07:23:54,0,2026-08-17 07:23:54,False,,bajo,False
2026-08-20 12:32:58,3080,2026-08-20 12:29:49,0,2026-08-20 12:29:49,False,,bajo,True
2026-08-20 12:32:58,3089,2026-08-08 14:32:47,0,2026-08-08 14:32:47,False,,bajo,False
2026-08-20 12:32:58,3111,2026-08-20 12:30:08,0,2026-08-20 12:30:08,True,2026-08-20 09:58:28,bajo,True
2026-08-20 12:32:58,3112,2026-08-19 15:33:26,0,2026-08-19 15:33:26,False,,bajo,False
2026-08-20 12:32:58,3142,2026-08-19 11:44:21,0,2026-08-19 11:44:21,False,,bajo,False
2026-08-20 12:32:58,3181,2026-08-19 22:03:35,0,2026-08-19 22:03:35,False,,bajo,True
2026-08-20 12:32:58,3205,2026-08-19 19:02:30,0,2026-08-19 19:02:30,False,,bajo,False
2026-08-20 12:32:58,3233,2026-08-19 18:10:40,0,2026-08-19 18:10:40,False,,bajo,False
2026-08-20 12:32:58,2362,2026-08-20 12:20:24,1,2026-08-20 12:20:24,True,2026-08-20 10:15:56,bajo,True
2026-08-20 12:32:58,2815,2026-08-20 11:26:36,1,2026-08-20 11:26:36,False,,bajo,False
2026-08-20 12:32:58,2817,2026-08-20 12:28:18,1,2026-08-20 12:28:18,False,,bajo,False
2026-08-20 12:32:58,2818,2026-08-20 12:31:05,1,2026-08-20 12:31:05,True,2026-08-20 08:24:29,bajo,False
2026-08-20 12:32:58,2820,2026-06-03 07:57:34,1,2026-06-03 07:57:34,False,,bajo,False
2026-08-20 12:32:58,2821,2026-08-20 12:27:50,1,2026-08-20 12:27:50,False,,alto,True
2026-08-20 12:32:58,2822,2026-08-20 12:27:06,1,2026-08-20 12:27:06,False,,alto,False
2026-08-20 12:32:58,2823,2026-08-20 10:41:25,1,2026-08-20 10:41:25,False,,bajo,True
2026-08-20 12:32:58,2824,2026-08-20 08:56:46,1,2026-08-20 08:56:46,False,,bajo,False
2026-08-20 12:32:58,2827,2026-08-20 12:26:06,1,2026-08-20 12:26:06,True,2026-08-20 10:14:32,bajo,False
2026-08-20 12:32:58,2828,2026-08-19 18:34:11,1,2026-08-19 18:34:11,False,,bajo,False
2026-08-20 12:32:58,2833,2026-08-18 15:38:44,1,2026-08-18 15:38:44,False,,alto,False
2026-08-20 12:32:58,2931,2026-08-20 12:30:34,1,2026-08-20 12:30:34,True,2026-08-20 09:57:45,alto,True
2026-08-20 12:32:58,2932,2026-08-20 12:30:48,1,2026-08-20 12:30:48,True,2026-08-20 09:59:38,bajo,True
2026-08-20 12:32:58,2949,2026-08-11 21:56:00,1,2026-08-11 21:56:00,False,,bajo,False
2026-08-20 12:32:58,2952,2026-08-14 13:35:47,1,2026-08-14 13:35:47,False,,bajo,False
2026-08-20 12:32:58,2953,2026-08-15 14:55:42,1,2026-08-15 14:55:42,False,,bajo,False
2026-08-20 12:32:58,2969,2026-08-20 12:28:13,1,2026-08-20 12:28:13,True,2026-08-20 09:57:04,medio,False
2026-08-20 12:32:58,2995,2026-08-20 11:38:21,1,2026-08-20 11:38:21,False,,bajo,False
2026-08-20 12:32:58,3017,2026-08-19 11:06:58,1,2026-08-19 11:06:58,False,,bajo,False
2026-08-20 12:32:58,3021,2026-08-13 12:23:04,1,2026-08-13 12:23:04,False,,bajo,False
2026-08-20 12:32:58,3068,2026-08-20 12:06:36,1,2026-08-20 12:06:36,False,,bajo,False
2026-08-20 12:32:58,3080,2026-08-17 23:22:10,1,2026-08-17 23:22:10,False,,bajo,False
2026-08-20 12:32:58,3089,2026-08-17 10:36:41,1,2026-08-17 10:36:41,False,,bajo,False
2026-08-20 12:32:58,3111,2026-08-20 12:28:54,1,2026-08-20 12:28:54,True,2026-08-20 09:58:28,bajo,False
2026-08-20 12:32:58,3112,2026-08-12 11:25:09,1,2026-08-12 11:25:09,False,,bajo,False
2026-08-20 12:32:58,3142,2026-08-17 12:14:37,1,2026-08-17 12:14:37,False,,bajo,False
2026-08-20 12:32:58,3181,2026-08-19 21:54:10,1,2026-08-19 21:54:10,False,,bajo,False
2026-08-20 12:32:58,3233,2026-08-20 05:37:31,1,2026-08-20 05:37:31,False,,bajo,True
2026-08-20 12:32:58,2736,2026-08-20 12:32:56,0,2026-08-20 12:32:56,False,,bajo,True
2026-08-20 12:32:58,2755,2026-08-20 12:32:38,0,2026-08-20 12:32:38,False,,bajo,True
2026-08-20 12:32:58,2908,2026-08-20 12:32:11,0,2026-08-20 12:32:11,False,,bajo,True
2026-08-20 12:32:58,3072,2025-03-13 16:03:26,0,2025-03-13 16:03:26,False,,bajo,False
2026-08-20 12:32:58,3100,2026-08-20 08:00:01,0,2026-08-20 08:00:01,False,,bajo,True
2026-08-20 12:32:58,3170,2026-08-19 22:04:09,0,2026-08-19 22:04:09,False,,bajo,False
2026-08-20 12:32:58,2736,2026-08-20 12:31:08,1,2026-08-20 12:31:08,False,,bajo,False
2026-08-20 12:32:58,2755,2026-08-20 12:29:49,1,2026-08-20 12:29:49,False,,bajo,True
2026-08-20 12:32:58,2908,2026-08-20 12:32:11,1,2026-08-20 12:32:11,False,,bajo,False
2026-08-20 12:32:58,3072,2025-03-13 16:03:26,1,2025-03-13 16:03:26,False,,bajo,False
2026-08-20 12:32:58,3100,2026-08-19 21:01:23,1,2026-08-19 21:01:23,False,,bajo,False
2026-08-20 12:32:58,3170,2026-08-19 14:30:45,1,2026-08-19 14:30:45,False,,bajo,False
