fecha_actualizacion,id_eess,fecha_actualizacion_sistema,id_producto_abs,fecha_ultima_venta,despacho_en_curso,fecha_hora_despacho,saldo_estado,con_venta
2026-08-24 01:06:55,2456,2026-08-22 20:11:44,0,2026-08-22 20:11:44,False,,bajo,False
2026-08-24 01:06:55,2458,2025-09-19 19:07:39,0,2025-09-19 19:07:39,False,,bajo,False
2026-08-24 01:06:55,2491,2026-08-22 20:44:45,0,2026-08-22 20:44:45,False,,bajo,False
2026-08-24 01:06:55,2494,2026-08-23 09:32:18,0,2026-08-23 09:32:18,False,,alto,False
2026-08-24 01:06:55,2501,2026-08-23 16:50:31,0,2026-08-23 16:50:31,False,,bajo,False
2026-08-24 01:06:55,2531,2026-08-23 16:50:02,0,2026-08-23 16:50:02,False,,alto,False
2026-08-24 01:06:55,2545,2026-08-23 20:49:20,0,2026-08-23 20:49:20,False,,bajo,False
2026-08-24 01:06:55,2551,2026-08-23 09:05:11,0,2026-08-23 09:05:11,False,,alto,True
2026-08-24 01:06:55,2639,2026-08-23 12:50:19,0,2026-08-23 12:50:19,False,,bajo,False
2026-08-24 01:06:55,2670,2026-08-24 00:50:18,0,2026-08-24 00:50:18,False,,medio,True
2026-08-24 01:06:55,2675,2026-08-23 08:31:19,0,2026-08-23 08:31:19,False,,bajo,True
2026-08-24 01:06:55,2704,2026-08-22 22:53:31,0,2026-08-22 22:53:31,False,,bajo,False
2026-08-24 01:06:55,2705,2026-08-23 13:48:46,0,2026-08-23 13:48:46,False,,bajo,False
2026-08-24 01:06:55,2719,2025-06-26 16:00:33,0,2025-06-26 16:00:33,False,,bajo,False
2026-08-24 01:06:55,2728,2026-08-24 00:06:13,0,2026-08-24 00:06:13,False,,bajo,False
2026-08-24 01:06:55,2731,2026-08-23 10:03:42,0,2026-08-23 10:03:42,False,,bajo,False
2026-08-24 01:06:55,2869,2026-08-23 10:23:22,0,2026-08-23 10:23:22,False,,bajo,False
2026-08-24 01:06:55,2881,2026-08-23 17:23:42,0,2026-08-23 17:23:42,False,,bajo,False
2026-08-24 01:06:55,2903,2026-08-22 18:38:01,0,2026-08-22 18:38:01,False,,bajo,True
2026-08-24 01:06:55,2939,2026-08-24 00:02:57,0,2026-08-24 00:02:57,False,,bajo,True
2026-08-24 01:06:55,2940,2026-08-23 21:46:28,0,2026-08-23 21:46:28,False,,bajo,True
2026-08-24 01:06:55,3051,2026-08-22 19:19:05,0,2026-08-22 19:19:05,False,,bajo,False
2026-08-24 01:06:55,3078,2026-08-23 23:29:32,0,2026-08-23 23:29:32,False,,bajo,True
2026-08-24 01:06:55,3114,2026-08-23 20:20:22,0,2026-08-23 20:20:22,False,,bajo,False
2026-08-24 01:06:55,3118,2026-08-22 14:08:13,0,2026-08-22 14:08:13,False,,bajo,False
2026-08-24 01:06:55,3119,2026-08-23 17:34:58,0,2026-08-23 17:34:58,False,,bajo,False
2026-08-24 01:06:55,3164,2026-08-23 10:54:29,0,2026-08-23 10:54:29,False,,bajo,True
2026-08-24 01:06:55,3249,2026-08-21 11:26:37,0,2026-08-21 11:26:37,False,,bajo,True
2026-08-24 01:06:55,2456,2026-08-22 23:00:54,1,2026-08-22 23:00:54,False,,alto,False
2026-08-24 01:06:55,2458,2025-09-15 17:52:06,1,2025-09-15 17:52:06,False,,bajo,False
2026-08-24 01:06:55,2491,2026-08-22 11:27:25,1,2026-08-22 11:27:25,False,,bajo,False
2026-08-24 01:06:55,2494,2026-08-22 13:19:47,1,2026-08-22 13:19:47,False,,alto,False
2026-08-24 01:06:55,2501,2026-08-22 20:05:19,1,2026-08-22 20:05:19,False,,bajo,False
2026-08-24 01:06:55,2531,2026-08-22 20:21:36,1,2026-08-22 20:21:36,False,,alto,False
2026-08-24 01:06:55,2545,2026-08-23 21:13:23,1,2026-08-23 21:13:23,False,,bajo,True
2026-08-24 01:06:55,2551,2026-08-22 22:15:03,1,2026-08-22 22:15:03,False,,medio,False
2026-08-24 01:06:55,2639,2026-08-23 12:46:36,1,2026-08-23 12:46:36,False,,bajo,False
2026-08-24 01:06:55,2670,2026-08-24 00:30:15,1,2026-08-24 00:30:15,False,,bajo,False
2026-08-24 01:06:55,2675,2026-08-22 09:54:49,1,2026-08-22 09:54:49,False,,bajo,False
2026-08-24 01:06:55,2704,2026-08-23 23:34:06,1,2026-08-23 23:34:06,False,,bajo,False
2026-08-24 01:06:55,2705,2026-08-22 20:08:43,1,2026-08-22 20:08:43,False,,bajo,False
2026-08-24 01:06:55,2728,2026-08-24 00:53:47,1,2026-08-24 00:53:47,False,,bajo,False
2026-08-24 01:06:55,2731,2026-08-22 13:48:05,1,2026-08-22 13:48:05,False,,bajo,False
2026-08-24 01:06:55,2869,2026-08-22 18:27:09,1,2026-08-22 18:27:09,False,,bajo,False
2026-08-24 01:06:55,2881,2026-08-22 17:21:54,1,2026-08-22 17:21:54,False,,bajo,False
2026-08-24 01:06:55,2903,2026-08-23 21:36:27,1,2026-08-23 21:36:27,False,,bajo,False
2026-08-24 01:06:55,2939,2026-08-22 13:02:28,1,2026-08-22 13:02:28,False,,bajo,False
2026-08-24 01:06:55,2940,2026-08-22 08:35:27,1,2026-08-22 08:35:27,False,,bajo,True
2026-08-24 01:06:55,3051,2026-08-22 21:26:16,1,2026-08-22 21:26:16,False,,bajo,False
2026-08-24 01:06:55,3078,2026-08-22 17:07:27,1,2026-08-22 17:07:27,False,,bajo,False
2026-08-24 01:06:55,3114,2026-08-23 18:20:21,1,2026-08-23 18:20:21,False,,bajo,False
2026-08-24 01:06:55,3118,2026-08-22 21:16:36,1,2026-08-22 21:16:36,False,,bajo,False
2026-08-24 01:06:55,3119,2026-08-23 01:30:15,1,2026-08-23 01:30:15,False,,bajo,False
2026-08-24 01:06:55,3249,2026-08-22 21:58:29,1,2026-08-22 21:58:29,False,,bajo,True
2026-08-24 01:06:55,2289,2026-08-23 09:57:53,0,2026-08-23 09:57:53,False,,bajo,True
2026-08-24 01:06:55,2292,2026-08-23 17:23:04,0,2026-08-23 17:23:04,False,,bajo,True
2026-08-24 01:06:55,2304,2026-06-03 08:24:38,0,2026-06-03 08:24:38,False,,bajo,False
2026-08-24 01:06:55,2329,2026-08-23 18:48:30,0,2026-08-23 18:48:30,False,,bajo,True
2026-08-24 01:06:55,2332,2026-08-23 12:57:38,0,2026-08-23 12:57:38,False,,bajo,False
2026-08-24 01:06:55,2359,2026-08-23 18:04:23,0,2026-08-23 18:04:23,False,,bajo,False
2026-08-24 01:06:55,2360,2026-08-23 13:40:51,0,2026-08-23 13:40:51,False,,bajo,False
2026-08-24 01:06:55,2361,2025-03-13 16:03:26,0,2025-03-13 16:03:26,False,,bajo,False
2026-08-24 01:06:55,2384,2026-08-23 09:00:58,0,2026-08-23 09:00:58,False,,alto,False
2026-08-24 01:06:55,2394,2026-08-23 22:07:19,0,2026-08-23 22:07:19,False,,alto,False
2026-08-24 01:06:55,2395,2026-08-23 15:24:05,0,2026-08-23 15:24:05,False,,bajo,True
2026-08-24 01:06:55,2405,2026-08-23 08:11:49,0,2026-08-23 08:11:49,False,,bajo,True
2026-08-24 01:06:55,2447,2026-08-21 18:19:35,0,2026-08-21 18:19:35,False,,bajo,False
2026-08-24 01:06:55,2448,2026-08-23 13:36:15,0,2026-08-23 13:36:15,False,,bajo,False
2026-08-24 01:06:55,2449,2026-08-23 18:25:13,0,2026-08-23 18:25:13,False,,bajo,True
2026-08-24 01:06:55,2450,2026-06-03 08:23:49,0,2026-06-03 08:23:49,False,,bajo,False
2026-08-24 01:06:55,2453,2026-08-22 11:33:50,0,2026-08-22 11:33:50,False,,bajo,False
2026-08-24 01:06:55,2454,2026-08-23 07:33:37,0,2026-08-23 07:33:37,False,,bajo,True
2026-08-24 01:06:55,2457,2026-08-23 13:24:23,0,2026-08-23 13:24:23,False,,bajo,False
2026-08-24 01:06:55,2470,2026-08-23 17:27:04,0,2026-08-23 17:27:04,False,,bajo,True
2026-08-24 01:06:55,2478,2026-08-18 11:56:57,0,2026-08-18 11:56:57,False,,bajo,True
2026-08-24 01:06:55,2479,2026-08-23 19:33:58,0,2026-08-23 19:33:58,False,,bajo,True
2026-08-24 01:06:55,2487,2026-08-20 18:13:29,0,2026-08-20 18:13:29,False,,bajo,False
2026-08-24 01:06:55,2490,2025-03-13 16:03:27,0,2025-03-13 16:03:27,False,,bajo,False
2026-08-24 01:06:55,2493,2025-03-13 16:03:26,0,2025-03-13 16:03:26,False,,bajo,False
2026-08-24 01:06:55,2499,2026-08-23 13:26:40,0,2026-08-23 13:26:40,False,,bajo,True
2026-08-24 01:06:55,2505,2026-08-23 15:12:29,0,2026-08-23 15:12:29,False,,bajo,False
2026-08-24 01:06:55,2507,2026-08-22 15:08:36,0,2026-08-22 15:08:36,False,,bajo,False
2026-08-24 01:06:55,2508,2026-08-23 19:24:55,0,2026-08-23 19:24:55,False,,bajo,False
2026-08-24 01:06:55,2517,2026-08-20 12:51:51,0,2026-08-20 12:51:51,False,,bajo,False
2026-08-24 01:06:55,2518,2026-08-23 09:30:20,0,2026-08-23 09:30:20,False,,bajo,True
2026-08-24 01:06:55,2520,2026-08-23 13:23:12,0,2026-08-23 13:23:12,False,,bajo,True
2026-08-24 01:06:55,2525,2026-08-23 22:55:49,0,2026-08-23 22:55:49,False,,alto,False
2026-08-24 01:06:55,2526,2026-08-23 19:47:48,0,2026-08-23 19:47:48,False,,bajo,True
2026-08-24 01:06:55,2529,2026-08-23 11:42:19,0,2026-08-23 11:42:19,False,,bajo,False
2026-08-24 01:06:55,2530,2026-06-02 08:37:08,0,2026-06-02 08:37:08,False,,bajo,False
2026-08-24 01:06:55,2532,2026-08-23 10:03:54,0,2026-08-23 10:03:54,False,,bajo,True
2026-08-24 01:06:55,2534,2026-08-23 18:39:36,0,2026-08-23 18:39:36,False,,bajo,True
2026-08-24 01:06:55,2536,2026-08-23 08:35:47,0,2026-08-23 08:35:47,False,,bajo,True
2026-08-24 01:06:55,2539,2025-03-13 16:03:27,0,2025-03-13 16:03:27,False,,bajo,False
2026-08-24 01:06:55,2542,2026-08-24 01:06:17,0,2026-08-24 01:06:17,False,,bajo,False
2026-08-24 01:06:55,2547,2026-08-22 22:08:57,0,2026-08-22 22:08:57,False,,bajo,False
2026-08-24 01:06:55,2548,2026-08-23 11:58:36,0,2026-08-23 11:58:36,False,,bajo,True
2026-08-24 01:06:55,2552,2026-08-23 19:16:59,0,2026-08-23 19:16:59,False,,bajo,False
2026-08-24 01:06:55,2557,2026-08-23 23:29:43,0,2026-08-23 23:29:43,False,,bajo,True
2026-08-24 01:06:55,2563,2026-08-18 07:32:10,0,2026-08-18 07:32:10,False,,bajo,False
2026-08-24 01:06:55,2571,2026-08-21 13:31:47,0,2026-08-21 13:31:47,False,,bajo,False
2026-08-24 01:06:55,2580,2026-08-23 23:58:57,0,2026-08-23 23:58:57,False,,bajo,False
2026-08-24 01:06:55,2609,2026-08-23 18:15:05,0,2026-08-23 18:15:05,False,,bajo,True
2026-08-24 01:06:55,2610,2026-08-23 16:08:31,0,2026-08-23 16:08:31,False,,bajo,False
2026-08-24 01:06:55,2620,2026-08-23 06:58:46,0,2026-08-23 06:58:46,False,,bajo,True
2026-08-24 01:06:55,2622,2026-08-23 13:36:36,0,2026-08-23 13:36:36,False,,bajo,False
2026-08-24 01:06:55,2630,2026-08-23 20:18:07,0,2026-08-23 20:18:07,False,,bajo,False
2026-08-24 01:06:55,2647,2026-08-23 08:25:52,0,2026-08-23 08:25:52,False,,bajo,True
2026-08-24 01:06:55,2662,2026-08-23 11:00:03,0,2026-08-23 11:00:03,False,,bajo,False
2026-08-24 01:06:55,2677,2026-08-21 13:31:20,0,2026-08-21 13:31:20,False,,bajo,False
2026-08-24 01:06:55,2683,2026-08-23 21:41:46,0,2026-08-23 21:41:46,False,,bajo,False
2026-08-24 01:06:55,2685,2026-08-21 17:19:26,0,2026-08-21 17:19:26,False,,bajo,False
2026-08-24 01:06:55,2689,2026-08-23 09:12:43,0,2026-08-23 09:12:43,False,,bajo,False
2026-08-24 01:06:55,2690,2026-08-22 21:46:28,0,2026-08-22 21:46:28,False,,bajo,False
2026-08-24 01:06:55,2694,2025-03-13 16:03:26,0,2025-03-13 16:03:26,False,,bajo,False
2026-08-24 01:06:55,2696,2026-08-23 23:32:16,0,2026-08-23 23:32:16,False,,bajo,False
2026-08-24 01:06:55,2698,2026-08-23 11:31:34,0,2026-08-23 11:31:34,False,,alto,True
2026-08-24 01:06:55,2703,2026-08-23 16:08:40,0,2026-08-23 16:08:40,False,,bajo,True
2026-08-24 01:06:55,2711,2026-08-23 22:33:44,0,2026-08-23 22:33:44,False,,alto,False
2026-08-24 01:06:55,2715,2026-06-03 06:51:07,0,2026-06-03 06:51:07,False,,bajo,False
2026-08-24 01:06:55,2716,2026-08-23 20:56:55,0,2026-08-23 20:56:55,False,,bajo,False
2026-08-24 01:06:55,2733,2025-03-13 16:03:27,0,2025-03-13 16:03:27,False,,bajo,False
2026-08-24 01:06:55,2742,2026-08-21 19:23:12,0,2026-08-21 19:23:12,False,,bajo,False
2026-08-24 01:06:55,2747,2026-08-22 21:26:26,0,2026-08-22 21:26:26,False,,bajo,False
2026-08-24 01:06:55,2752,2025-03-13 16:03:27,0,2025-03-13 16:03:27,False,,bajo,False
2026-08-24 01:06:55,2764,2026-08-23 10:36:38,0,2026-08-23 10:36:38,False,,bajo,False
2026-08-24 01:06:55,2765,2026-08-23 11:42:07,0,2026-08-23 11:42:07,False,,bajo,True
2026-08-24 01:06:55,2772,2026-06-03 04:57:09,0,2026-06-03 04:57:09,False,,bajo,False
2026-08-24 01:06:55,2774,2026-08-24 01:05:27,0,2026-08-24 01:05:27,False,,bajo,True
2026-08-24 01:06:55,2776,2026-08-23 22:52:12,0,2026-08-23 22:52:12,False,,bajo,True
2026-08-24 01:06:55,2779,2026-08-23 23:38:26,0,2026-08-23 23:38:26,False,,bajo,True
2026-08-24 01:06:55,2783,2026-08-23 08:57:37,0,2026-08-23 08:57:37,False,,bajo,False
2026-08-24 01:06:55,2784,2026-08-23 10:28:06,0,2026-08-23 10:28:06,False,,bajo,False
2026-08-24 01:06:55,2788,2026-08-23 18:31:12,0,2026-08-23 18:31:12,False,,bajo,False
2026-08-24 01:06:55,2793,2026-08-23 12:14:55,0,2026-08-23 12:14:55,False,,bajo,True
2026-08-24 01:06:55,2798,2026-08-23 08:01:30,0,2026-08-23 08:01:30,False,,bajo,False
2026-08-24 01:06:55,2802,2026-06-03 00:08:20,0,2026-06-03 00:08:20,False,,bajo,False
2026-08-24 01:06:55,2805,2026-08-22 17:44:14,0,2026-08-22 17:44:14,False,,bajo,True
2026-08-24 01:06:55,2806,2026-08-23 20:36:33,0,2026-08-23 20:36:33,False,,bajo,True
2026-08-24 01:06:55,2809,2026-08-24 01:04:17,0,2026-08-24 01:04:17,False,,bajo,True
2026-08-24 01:06:55,2811,2026-08-23 19:59:59,0,2026-08-23 19:59:59,False,,bajo,False
2026-08-24 01:06:55,2861,2026-08-24 01:03:37,0,2026-08-24 01:03:37,False,,bajo,True
2026-08-24 01:06:55,2870,2026-08-23 11:48:37,0,2026-08-23 11:48:37,False,,bajo,False
2026-08-24 01:06:55,2873,2026-08-23 21:31:45,0,2026-08-23 21:31:45,False,,bajo,False
2026-08-24 01:06:55,2899,2026-08-23 22:11:38,0,2026-08-23 22:11:38,False,,bajo,True
2026-08-24 01:06:55,2900,2025-03-13 16:18:25,0,2025-03-13 16:18:25,False,,bajo,False
2026-08-24 01:06:55,2912,2026-08-23 17:09:18,0,2026-08-23 17:09:18,False,,bajo,True
2026-08-24 01:06:55,2913,2026-08-23 21:23:33,0,2026-08-23 21:23:33,False,,bajo,False
2026-08-24 01:06:55,2928,2026-08-22 08:09:57,0,2026-08-22 08:09:57,False,,alto,True
2026-08-24 01:06:55,2934,2026-08-23 11:08:18,0,2026-08-23 11:08:18,False,,bajo,False
2026-08-24 01:06:55,2943,2026-08-22 18:10:17,0,2026-08-22 18:10:17,False,,bajo,True
2026-08-24 01:06:55,2945,2026-08-20 18:03:51,0,2026-08-20 18:03:51,False,,bajo,False
2026-08-24 01:06:55,2947,2026-08-24 00:08:22,0,2026-08-24 00:08:22,False,,bajo,True
2026-08-24 01:06:55,2956,2026-08-21 19:06:44,0,2026-08-21 19:06:44,False,,bajo,False
2026-08-24 01:06:55,2958,2026-08-22 21:52:13,0,2026-08-22 21:52:13,False,,alto,True
2026-08-24 01:06:55,2968,2026-08-23 23:34:56,0,2026-08-23 23:34:56,False,,bajo,True
2026-08-24 01:06:55,3040,2026-08-23 10:56:05,0,2026-08-23 10:56:05,False,,bajo,True
2026-08-24 01:06:55,3052,2026-08-23 08:57:30,0,2026-08-23 08:57:30,False,,bajo,False
2026-08-24 01:06:55,3053,2026-08-23 22:02:28,0,2026-08-23 22:02:28,False,,bajo,True
2026-08-24 01:06:55,3069,2026-08-22 23:52:49,0,2026-08-22 23:52:49,False,,bajo,True
2026-08-24 01:06:55,3083,2026-08-22 22:49:43,0,2026-08-22 22:49:43,False,,bajo,False
2026-08-24 01:06:55,3092,2026-08-23 07:41:00,0,2026-08-23 07:41:00,False,,bajo,False
2026-08-24 01:06:55,3123,2026-08-23 13:04:55,0,2026-08-23 13:04:55,False,,bajo,False
2026-08-24 01:06:55,3126,2026-08-23 17:35:37,0,2026-08-23 17:35:37,False,,bajo,False
2026-08-24 01:06:55,3166,2026-08-23 16:23:08,0,2026-08-23 16:23:08,False,,bajo,True
2026-08-24 01:06:55,3182,2026-08-23 20:58:07,0,2026-08-23 20:58:07,False,,bajo,False
2026-08-24 01:06:55,3196,2026-08-22 21:10:25,0,2026-08-22 21:10:25,False,,bajo,True
2026-08-24 01:06:55,3200,2026-08-23 19:26:38,0,2026-08-23 19:26:38,False,,bajo,False
2026-08-24 01:06:55,3206,2026-08-21 00:51:49,0,2026-08-21 00:51:49,False,,bajo,False
2026-08-24 01:06:55,3218,2026-08-23 21:46:39,0,2026-08-23 21:46:39,False,,bajo,False
2026-08-24 01:06:55,3220,2026-08-23 14:25:59,0,2026-08-23 14:25:59,False,,bajo,False
2026-08-24 01:06:55,3221,2026-08-23 08:13:58,0,2026-08-23 08:13:58,False,,alto,True
2026-08-24 01:06:55,3238,2026-08-17 16:51:20,0,2026-08-17 16:51:20,False,,bajo,True
2026-08-24 01:06:55,3241,2026-08-23 20:03:52,0,2026-08-23 20:03:52,False,,bajo,True
2026-08-24 01:06:55,3246,2026-08-23 11:02:55,0,2026-08-23 11:02:55,False,,bajo,True
2026-08-24 01:06:55,3252,2026-08-23 22:37:50,0,2026-08-23 22:37:50,False,,bajo,False
2026-08-24 01:06:55,3261,2026-08-23 09:11:44,0,2026-08-23 09:11:44,False,,bajo,False
2026-08-24 01:06:55,4016,2026-08-23 08:47:04,0,2026-08-23 08:47:04,False,,bajo,True
2026-08-24 01:06:55,4027,2026-08-20 19:55:53,0,2026-08-20 19:55:53,False,,bajo,False
2026-08-24 01:06:55,2304,2026-08-22 23:10:44,1,2026-08-22 23:10:44,False,,bajo,False
2026-08-24 01:06:55,2332,2026-08-22 14:16:06,1,2026-08-22 14:16:06,False,,bajo,False
2026-08-24 01:06:55,2359,2026-08-22 17:18:40,1,2026-08-22 17:18:40,False,,bajo,False
2026-08-24 01:06:55,2361,2025-03-13 16:03:26,1,2025-03-13 16:03:26,False,,bajo,False
2026-08-24 01:06:55,2384,2026-08-21 17:41:10,1,2026-08-21 17:41:10,False,,bajo,False
2026-08-24 01:06:55,2394,2026-08-22 17:12:37,1,2026-08-22 17:12:37,False,,alto,False
2026-08-24 01:06:55,2395,2026-08-23 18:01:14,1,2026-08-23 18:01:14,False,,bajo,True
2026-08-24 01:06:55,2405,2026-08-22 20:42:50,1,2026-08-22 20:42:50,False,,bajo,False
2026-08-24 01:06:55,2447,2026-08-21 23:45:47,1,2026-08-21 23:45:47,False,,bajo,True
2026-08-24 01:06:55,2448,2026-08-22 16:33:44,1,2026-08-22 16:33:44,False,,bajo,False
2026-08-24 01:06:55,2449,2026-08-23 15:49:54,1,2026-08-23 15:49:54,False,,medio,False
2026-08-24 01:06:55,2450,2026-08-21 14:14:40,1,2026-08-21 14:14:40,False,,bajo,False
2026-08-24 01:06:55,2453,2026-08-22 14:18:02,1,2026-08-22 14:18:02,False,,bajo,False
2026-08-24 01:06:55,2454,2026-08-22 22:34:54,1,2026-08-22 22:34:54,False,,bajo,False
2026-08-24 01:06:55,2457,2026-08-22 19:47:11,1,2026-08-22 19:47:11,False,,bajo,False
2026-08-24 01:06:55,2478,2026-08-18 11:53:58,1,2026-08-18 11:53:58,False,,bajo,True
2026-08-24 01:06:55,2487,2026-08-22 11:25:44,1,2026-08-22 11:25:44,False,,bajo,False
2026-08-24 01:06:55,2490,2025-03-13 16:03:27,1,2025-03-13 16:03:27,False,,bajo,False
2026-08-24 01:06:55,2493,2025-03-13 16:03:26,1,2025-03-13 16:03:26,False,,bajo,False
2026-08-24 01:06:55,2499,2026-06-03 06:29:57,1,2026-06-03 06:29:57,False,,bajo,False
2026-08-24 01:06:55,2505,2026-08-21 18:02:17,1,2026-08-21 18:02:17,False,,bajo,False
2026-08-24 01:06:55,2507,2026-08-19 19:15:34,1,2026-08-19 19:15:34,False,,bajo,False
2026-08-24 01:06:55,2508,2026-08-22 12:11:16,1,2026-08-22 12:11:16,False,,bajo,False
2026-08-24 01:06:55,2517,2026-08-21 19:32:57,1,2026-08-21 19:32:57,False,,bajo,False
2026-08-24 01:06:55,2518,2026-08-21 22:02:12,1,2026-08-21 22:02:12,False,,bajo,False
2026-08-24 01:06:55,2520,2026-08-22 18:58:43,1,2026-08-22 18:58:43,False,,bajo,True
2026-08-24 01:06:55,2525,2026-08-23 22:55:48,1,2026-08-23 22:55:48,False,,bajo,False
2026-08-24 01:06:55,2526,2026-08-22 17:36:36,1,2026-08-22 17:36:36,False,,bajo,False
2026-08-24 01:06:55,2529,2026-08-23 11:44:56,1,2026-08-23 11:44:56,False,,bajo,False
2026-08-24 01:06:55,2530,2026-08-22 19:22:19,1,2026-08-22 19:22:19,False,,bajo,False
2026-08-24 01:06:55,2534,2026-08-23 19:53:44,1,2026-08-23 19:53:44,False,,bajo,False
2026-08-24 01:06:55,2536,2026-08-21 14:58:05,1,2026-08-21 14:58:05,False,,bajo,False
2026-08-24 01:06:55,2539,2025-03-13 16:03:27,1,2025-03-13 16:03:27,False,,bajo,False
2026-08-24 01:06:55,2547,2026-08-22 18:10:31,1,2026-08-22 18:10:31,False,,bajo,False
2026-08-24 01:06:55,2548,2026-08-22 15:18:36,1,2026-08-22 15:18:36,False,,bajo,False
2026-08-24 01:06:55,2552,2026-08-22 20:23:06,1,2026-08-22 20:23:06,False,,bajo,False
2026-08-24 01:06:55,2557,2026-08-23 21:07:55,1,2026-08-23 21:07:55,False,,bajo,False
2026-08-24 01:06:55,2563,2026-08-16 10:07:36,1,2026-08-16 10:07:36,False,,bajo,False
2026-08-24 01:06:55,2571,2026-08-23 16:34:45,1,2026-08-23 16:34:45,False,,alto,False
2026-08-24 01:06:55,2580,2026-08-23 23:59:18,1,2026-08-23 23:59:18,False,,bajo,False
2026-08-24 01:06:55,2609,2026-08-21 09:50:53,1,2026-08-21 09:50:53,False,,bajo,True
2026-08-24 01:06:55,2610,2026-08-20 03:17:32,1,2026-08-20 03:17:32,False,,bajo,False
2026-08-24 01:06:55,2620,2026-08-23 08:40:36,1,2026-08-23 08:40:36,False,,bajo,False
2026-08-24 01:06:55,2622,2026-08-22 20:06:30,1,2026-08-22 20:06:30,False,,bajo,False
2026-08-24 01:06:55,2630,2026-08-23 21:28:29,1,2026-08-23 21:28:29,False,,bajo,False
2026-08-24 01:06:55,2647,2026-08-22 11:06:40,1,2026-08-22 11:06:40,False,,bajo,True
2026-08-24 01:06:55,2662,2026-08-21 19:10:59,1,2026-08-21 19:10:59,False,,bajo,False
2026-08-24 01:06:55,2677,2026-08-21 23:44:26,1,2026-08-21 23:44:26,False,,bajo,True
2026-08-24 01:06:55,2683,2026-08-23 08:51:21,1,2026-08-23 08:51:21,False,,bajo,True
2026-08-24 01:06:55,2685,2026-08-22 08:55:52,1,2026-08-22 08:55:52,False,,bajo,True
2026-08-24 01:06:55,2689,2026-08-22 13:58:32,1,2026-08-22 13:58:32,False,,bajo,False
2026-08-24 01:06:55,2690,2026-08-22 18:56:19,1,2026-08-22 18:56:19,False,,bajo,False
2026-08-24 01:06:55,2694,2025-03-13 16:03:26,1,2025-03-13 16:03:26,False,,bajo,False
2026-08-24 01:06:55,2698,2026-08-22 21:54:07,1,2026-08-22 21:54:07,False,,bajo,False
2026-08-24 01:06:55,2703,2026-08-23 10:04:14,1,2026-08-23 10:04:14,False,,bajo,False
2026-08-24 01:06:55,2711,2026-08-23 08:16:43,1,2026-08-23 08:16:43,False,,bajo,False
2026-08-24 01:06:55,2715,2026-08-21 08:50:29,1,2026-08-21 08:50:29,False,,bajo,False
2026-08-24 01:06:55,2716,2026-08-21 23:03:34,1,2026-08-21 23:03:34,False,,bajo,False
2026-08-24 01:06:55,2742,2026-08-21 06:27:03,1,2026-08-21 06:27:03,False,,bajo,False
2026-08-24 01:06:55,2747,2026-08-22 16:28:24,1,2026-08-22 16:28:24,False,,bajo,False
2026-08-24 01:06:55,2764,2026-08-23 19:27:45,1,2026-08-23 19:27:45,False,,bajo,True
2026-08-24 01:06:55,2765,2026-08-22 15:44:52,1,2026-08-22 15:44:52,False,,bajo,False
2026-08-24 01:06:55,2772,2026-08-22 20:08:25,1,2026-08-22 20:08:25,False,,medio,False
2026-08-24 01:06:55,2774,2026-08-23 12:03:15,1,2026-08-23 12:03:15,False,,bajo,True
2026-08-24 01:06:55,2776,2026-08-22 16:41:25,1,2026-08-22 16:41:25,False,,bajo,False
2026-08-24 01:06:55,2779,2026-08-23 18:30:37,1,2026-08-23 18:30:37,False,,bajo,False
2026-08-24 01:06:55,2783,2026-08-22 19:45:42,1,2026-08-22 19:45:42,False,,bajo,False
2026-08-24 01:06:55,2784,2026-08-23 03:19:59,1,2026-08-23 03:19:59,False,,bajo,False
2026-08-24 01:06:55,2788,2026-08-19 18:57:06,1,2026-08-19 18:57:06,False,,bajo,False
2026-08-24 01:06:55,2793,2026-08-22 15:36:13,1,2026-08-22 15:36:13,False,,bajo,False
2026-08-24 01:06:55,2798,2026-08-23 08:00:56,1,2026-08-23 08:00:56,False,,bajo,False
2026-08-24 01:06:55,2802,2026-08-23 18:48:40,1,2026-08-23 18:48:40,False,,medio,False
2026-08-24 01:06:55,2805,2026-08-23 15:42:51,1,2026-08-23 15:42:51,False,,bajo,False
2026-08-24 01:06:55,2806,2026-08-23 20:36:35,1,2026-08-23 20:36:35,False,,bajo,False
2026-08-24 01:06:55,2811,2026-08-23 09:07:31,1,2026-08-23 09:07:31,False,,bajo,False
2026-08-24 01:06:55,2861,2026-06-03 08:53:58,1,2026-06-03 08:53:58,False,,bajo,False
2026-08-24 01:06:55,2870,2026-08-20 15:24:38,1,2026-08-20 15:24:38,False,,bajo,False
2026-08-24 01:06:55,2873,2026-08-23 07:10:30,1,2026-08-23 07:10:30,False,,bajo,False
2026-08-24 01:06:55,2899,2026-08-22 08:36:43,1,2026-08-22 08:36:43,False,,bajo,False
2026-08-24 01:06:55,2900,2025-03-13 16:18:25,1,2025-03-13 16:18:25,False,,bajo,False
2026-08-24 01:06:55,2912,2026-08-23 09:54:21,1,2026-08-23 09:54:21,False,,bajo,False
2026-08-24 01:06:55,2913,2026-08-22 14:22:59,1,2026-08-22 14:22:59,False,,bajo,False
2026-08-24 01:06:55,2928,2026-08-23 17:42:16,1,2026-08-23 17:42:16,False,,alto,False
2026-08-24 01:06:55,2934,2026-08-22 20:07:01,1,2026-08-22 20:07:01,False,,bajo,False
2026-08-24 01:06:55,2943,2026-08-22 16:35:43,1,2026-08-22 16:35:43,False,,bajo,True
2026-08-24 01:06:55,2945,2026-08-23 16:18:30,1,2026-08-23 16:18:30,False,,bajo,False
2026-08-24 01:06:55,2956,2026-08-22 19:58:01,1,2026-08-22 19:58:01,False,,bajo,True
2026-08-24 01:06:55,2958,2026-08-23 11:16:40,1,2026-08-23 11:16:40,False,,medio,False
2026-08-24 01:06:55,2968,2026-08-23 23:00:37,1,2026-08-23 23:00:37,False,,bajo,True
2026-08-24 01:06:55,3040,2026-08-23 08:50:14,1,2026-08-23 08:50:14,False,,bajo,False
2026-08-24 01:06:55,3053,2026-08-23 22:02:39,1,2026-08-23 22:02:39,False,,bajo,False
2026-08-24 01:06:55,3069,2026-08-23 20:21:33,1,2026-08-23 20:21:33,False,,bajo,True
2026-08-24 01:06:55,3083,2026-08-23 18:22:50,1,2026-08-23 18:22:50,False,,bajo,True
2026-08-24 01:06:55,3092,2026-08-22 19:40:58,1,2026-08-22 19:40:58,False,,bajo,False
2026-08-24 01:06:55,3123,2026-08-23 04:38:19,1,2026-08-23 04:38:19,False,,bajo,False
2026-08-24 01:06:55,3126,2026-08-23 21:23:49,1,2026-08-23 21:23:49,False,,bajo,False
2026-08-24 01:06:55,3166,2026-06-03 07:30:20,1,2026-06-03 07:30:20,False,,bajo,False
2026-08-24 01:06:55,3182,2026-08-23 20:03:01,1,2026-08-23 20:03:01,False,,bajo,False
2026-08-24 01:06:55,3200,2026-08-22 19:56:36,1,2026-08-22 19:56:36,False,,bajo,False
2026-08-24 01:06:55,3206,2026-08-23 18:51:23,1,2026-08-23 18:51:23,False,,bajo,False
2026-08-24 01:06:55,3218,2026-08-23 17:43:30,1,2026-08-23 17:43:30,False,,bajo,True
2026-08-24 01:06:55,3220,2026-08-22 10:27:45,1,2026-08-22 10:27:45,False,,bajo,False
2026-08-24 01:06:55,3221,2026-08-23 21:49:28,1,2026-08-23 21:49:28,False,,bajo,False
2026-08-24 01:06:55,3241,2026-08-23 14:50:55,1,2026-08-23 14:50:55,False,,bajo,False
2026-08-24 01:06:55,3246,2026-08-22 14:16:54,1,2026-08-22 14:16:54,False,,bajo,False
2026-08-24 01:06:55,3252,2026-08-23 22:37:50,1,2026-08-23 22:37:50,False,,bajo,False
2026-08-24 01:06:55,3261,2026-08-22 12:52:54,1,2026-08-22 12:52:54,False,,bajo,False
2026-08-24 01:06:55,3269,2026-08-23 22:25:28,1,2026-08-23 22:25:28,False,,bajo,False
2026-08-24 01:06:55,4016,2026-08-22 14:43:04,1,2026-08-22 14:43:04,False,,bajo,True
2026-08-24 01:06:55,4027,2026-08-22 19:11:50,1,2026-08-22 19:11:50,False,,bajo,False
2026-08-24 01:06:55,2292,2026-06-03 08:02:35,2,2026-06-03 08:02:35,False,,bajo,False
2026-08-24 01:06:55,2329,2026-06-03 08:44:35,2,2026-06-03 08:44:35,False,,bajo,False
2026-08-24 01:06:55,2454,2026-06-03 07:16:12,2,2026-06-03 07:16:12,False,,bajo,False
2026-08-24 01:06:55,2470,2026-06-03 08:25:54,2,2026-06-03 08:25:54,False,,bajo,False
2026-08-24 01:06:55,2479,2026-06-03 08:24:44,2,2026-06-03 08:24:44,False,,bajo,False
2026-08-24 01:06:55,2499,2026-06-03 06:29:57,2,2026-06-03 06:29:57,False,,bajo,False
2026-08-24 01:06:55,2507,2026-06-03 08:14:57,2,2026-06-03 08:14:57,False,,bajo,False
2026-08-24 01:06:55,2517,2026-06-03 07:30:55,2,2026-06-03 07:30:55,False,,bajo,False
2026-08-24 01:06:55,2532,2026-06-03 07:22:58,2,2026-06-03 07:22:58,False,,bajo,False
2026-08-24 01:06:55,2563,2026-06-03 08:43:14,2,2026-06-03 08:43:14,False,,bajo,False
2026-08-24 01:06:55,2620,2026-06-03 08:51:25,2,2026-06-03 08:51:25,False,,bajo,False
2026-08-24 01:06:55,2947,2026-06-03 07:46:53,2,2026-06-03 07:46:53,False,,bajo,False
2026-08-24 01:06:55,2968,2026-06-03 08:29:04,2,2026-06-03 08:29:04,False,,bajo,False
2026-08-24 01:06:55,3196,2026-06-03 06:38:18,2,2026-06-03 06:38:18,False,,bajo,False
2026-08-24 01:06:55,3206,2026-06-03 08:23:59,2,2026-06-03 08:23:59,False,,bajo,False
2026-08-24 01:06:55,2395,2026-06-03 08:40:16,3,2026-06-03 08:40:16,False,,bajo,False
2026-08-24 01:06:55,2405,2026-06-03 07:27:56,3,2026-06-03 07:27:56,False,,bajo,False
2026-08-24 01:06:55,2517,2026-06-03 07:30:55,3,2026-06-03 07:30:55,False,,bajo,False
2026-08-24 01:06:55,2529,2026-06-03 07:46:28,3,2026-06-03 07:46:28,False,,bajo,False
2026-08-24 01:06:55,2620,2026-06-03 08:51:25,3,2026-06-03 08:51:25,False,,bajo,False
2026-08-24 01:06:55,2630,2026-06-03 08:21:10,3,2026-06-03 08:21:10,False,,bajo,False
2026-08-24 01:06:55,2703,2026-06-03 07:20:39,3,2026-06-03 07:20:39,False,,bajo,False
2026-08-24 01:06:55,3053,2026-06-03 07:52:09,3,2026-06-03 07:52:09,False,,bajo,False
2026-08-24 01:06:55,3252,2026-06-03 06:40:45,3,2026-06-03 06:40:45,False,,bajo,False
2026-08-24 01:06:55,2228,2026-08-23 14:44:07,0,2026-08-23 14:44:07,False,,alto,False
2026-08-24 01:06:55,2291,2026-08-23 13:58:32,0,2026-08-23 13:58:32,False,,bajo,False
2026-08-24 01:06:55,2295,2026-08-23 14:27:11,0,2026-08-23 14:27:11,False,,bajo,True
2026-08-24 01:06:55,2297,2026-08-22 19:30:35,0,2026-08-22 19:30:35,False,,bajo,False
2026-08-24 01:06:55,2305,2026-08-23 13:01:23,0,2026-08-23 13:01:23,False,,alto,False
2026-08-24 01:06:55,2306,2026-08-23 04:26:35,0,2026-08-23 04:26:35,False,,alto,True
2026-08-24 01:06:55,2307,2026-08-23 08:43:57,0,2026-08-23 08:43:57,False,,bajo,False
2026-08-24 01:06:55,2308,2026-08-23 11:01:42,0,2026-08-23 11:01:42,False,,bajo,False
2026-08-24 01:06:55,2408,2026-08-23 11:09:45,0,2026-08-23 11:09:45,False,,medio,False
2026-08-24 01:06:55,2409,2025-05-07 18:03:24,0,2025-05-07 18:03:24,False,,bajo,False
2026-08-24 01:06:55,2416,2026-08-23 15:25:06,0,2026-08-23 15:25:06,False,,bajo,False
2026-08-24 01:06:55,2417,2026-08-23 01:33:56,0,2026-08-23 01:33:56,False,,medio,True
2026-08-24 01:06:55,2455,2026-08-23 11:30:22,0,2026-08-23 11:30:22,False,,bajo,False
2026-08-24 01:06:55,2462,2026-08-23 14:09:41,0,2026-08-23 14:09:41,False,,bajo,False
2026-08-24 01:06:55,2486,2026-08-23 12:01:26,0,2026-08-23 12:01:26,False,,bajo,True
2026-08-24 01:06:55,2489,2026-08-22 22:38:53,0,2026-08-22 22:38:53,False,,bajo,True
2026-08-24 01:06:55,2522,2026-08-23 14:31:32,0,2026-08-23 14:31:32,False,,bajo,False
2026-08-24 01:06:55,2523,2026-08-23 15:28:52,0,2026-08-23 15:28:52,False,,bajo,True
2026-08-24 01:06:55,2543,2026-08-22 17:26:15,0,2026-08-22 17:26:15,False,,alto,False
2026-08-24 01:06:55,2555,2026-08-22 21:55:53,0,2026-08-22 21:55:53,False,,bajo,False
2026-08-24 01:06:55,2556,2026-08-23 14:08:49,0,2026-08-23 14:08:49,False,,bajo,True
2026-08-24 01:06:55,2578,2026-08-22 15:01:29,0,2026-08-22 15:01:29,False,,alto,False
2026-08-24 01:06:55,2584,2026-08-23 00:41:40,0,2026-08-23 00:41:40,False,,medio,True
2026-08-24 01:06:55,2597,2026-08-22 21:14:19,0,2026-08-22 21:14:19,False,,medio,False
2026-08-24 01:06:55,2598,2026-08-22 19:42:51,0,2026-08-22 19:42:51,False,,bajo,True
2026-08-24 01:06:55,2600,2026-08-23 12:16:53,0,2026-08-23 12:16:53,False,,bajo,True
2026-08-24 01:06:55,2612,2026-08-23 14:29:24,0,2026-08-23 14:29:24,False,,bajo,False
2026-08-24 01:06:55,2615,2026-08-23 11:12:56,0,2026-08-23 11:12:56,False,,medio,True
2026-08-24 01:06:55,2633,2026-08-22 18:43:12,0,2026-08-22 18:43:12,False,,alto,True
2026-08-24 01:06:55,2640,2026-08-23 08:25:49,0,2026-08-23 08:25:49,False,,medio,False
2026-08-24 01:06:55,2643,2026-08-23 19:47:50,0,2026-08-23 19:47:50,False,,bajo,False
2026-08-24 01:06:55,2648,2026-08-23 10:48:55,0,2026-08-23 10:48:55,False,,bajo,True
2026-08-24 01:06:55,2651,2025-03-13 16:03:26,0,2025-03-13 16:03:26,False,,bajo,False
2026-08-24 01:06:55,2652,2026-08-23 13:57:48,0,2026-08-23 13:57:48,False,,bajo,False
2026-08-24 01:06:55,2656,2026-08-22 23:30:05,0,2026-08-22 23:30:05,False,,bajo,False
2026-08-24 01:06:55,2657,2026-08-22 21:47:32,0,2026-08-22 21:47:32,False,,medio,False
2026-08-24 01:06:55,2658,2025-03-13 16:03:26,0,2025-03-13 16:03:26,False,,bajo,False
2026-08-24 01:06:55,2663,2026-08-22 18:40:52,0,2026-08-22 18:40:52,False,,bajo,False
2026-08-24 01:06:55,2679,2026-08-23 19:48:36,0,2026-08-23 19:48:36,False,,bajo,False
2026-08-24 01:06:55,2697,2026-08-23 07:22:32,0,2026-08-23 07:22:32,False,,bajo,False
2026-08-24 01:06:55,2709,2026-08-23 09:12:01,0,2026-08-23 09:12:01,False,,bajo,False
2026-08-24 01:06:55,2729,2026-08-23 06:37:35,0,2026-08-23 06:37:35,False,,bajo,False
2026-08-24 01:06:55,2740,2026-08-22 17:06:01,0,2026-08-22 17:06:01,False,,bajo,False
2026-08-24 01:06:55,2753,2026-08-22 14:34:41,0,2026-08-22 14:34:41,False,,bajo,False
2026-08-24 01:06:55,2763,2026-08-22 14:53:28,0,2026-08-22 14:53:28,False,,medio,False
2026-08-24 01:06:55,2769,2026-08-22 16:36:29,0,2026-08-22 16:36:29,False,,bajo,False
2026-08-24 01:06:55,2782,2026-08-23 22:01:11,0,2026-08-23 22:01:11,False,,bajo,False
2026-08-24 01:06:55,2786,2026-08-23 07:13:44,0,2026-08-23 07:13:44,False,,bajo,True
2026-08-24 01:06:55,2789,2026-08-21 20:17:48,0,2026-08-21 20:17:48,False,,bajo,False
2026-08-24 01:06:55,2792,2026-08-22 14:00:06,0,2026-08-22 14:00:06,False,,bajo,True
2026-08-24 01:06:55,2794,2026-08-23 17:06:42,0,2026-08-23 17:06:42,False,,bajo,False
2026-08-24 01:06:55,2800,2026-08-22 21:17:38,0,2026-08-22 21:17:38,False,,bajo,False
2026-08-24 01:06:55,2825,2026-08-22 17:36:05,0,2026-08-22 17:36:05,False,,bajo,False
2026-08-24 01:06:55,2829,2026-08-20 09:14:28,0,2026-08-20 09:14:28,False,,medio,True
2026-08-24 01:06:55,2853,2026-08-23 10:20:07,0,2026-08-23 10:20:07,False,,bajo,False
2026-08-24 01:06:55,2856,2026-08-22 19:27:33,0,2026-08-22 19:27:33,False,,bajo,False
2026-08-24 01:06:55,2866,2026-08-23 11:44:43,0,2026-08-23 11:44:43,False,,bajo,False
2026-08-24 01:06:55,2867,2026-08-23 15:06:09,0,2026-08-23 15:06:09,False,,bajo,False
2026-08-24 01:06:55,2877,2026-08-23 20:50:46,0,2026-08-23 20:50:46,False,,bajo,False
2026-08-24 01:06:55,2905,2026-08-23 23:54:46,0,2026-08-23 23:54:46,False,,medio,True
2026-08-24 01:06:55,2909,2026-08-23 21:46:03,0,2026-08-23 21:46:03,False,,bajo,True
2026-08-24 01:06:55,2910,2026-08-23 22:15:34,0,2026-08-23 22:15:34,False,,bajo,False
2026-08-24 01:06:55,2916,2026-08-22 18:53:24,0,2026-08-22 18:53:24,False,,alto,False
2026-08-24 01:06:55,2941,2026-08-22 00:48:15,0,2026-08-22 00:48:15,False,,bajo,False
2026-08-24 01:06:55,2942,2026-08-23 09:06:23,0,2026-08-23 09:06:23,False,,bajo,True
2026-08-24 01:06:55,2946,2026-08-23 17:56:51,0,2026-08-23 17:56:51,False,,alto,True
2026-08-24 01:06:55,2950,2026-08-23 12:48:30,0,2026-08-23 12:48:30,False,,bajo,False
2026-08-24 01:06:55,2951,2026-08-23 18:30:10,0,2026-08-23 18:30:10,False,,bajo,False
2026-08-24 01:06:55,2954,2026-08-23 18:51:32,0,2026-08-23 18:51:32,False,,bajo,False
2026-08-24 01:06:55,2959,2026-08-22 09:19:51,0,2026-08-22 09:19:51,False,,bajo,False
2026-08-24 01:06:55,2989,2026-08-24 01:06:15,0,2026-08-24 01:06:15,False,,alto,True
2026-08-24 01:06:55,2991,2026-08-24 01:06:10,0,2026-08-24 01:06:10,False,,bajo,True
2026-08-24 01:06:55,3005,2026-08-23 08:00:08,0,2026-08-23 08:00:08,False,,bajo,True
2026-08-24 01:06:55,3012,2026-08-22 17:42:11,0,2026-08-22 17:42:11,False,,bajo,False
2026-08-24 01:06:55,3023,2026-08-22 16:40:20,0,2026-08-22 16:40:20,False,,bajo,True
2026-08-24 01:06:55,3032,2026-08-23 10:15:34,0,2026-08-23 10:15:34,False,,bajo,False
2026-08-24 01:06:55,3043,2026-08-23 07:31:31,0,2026-08-23 07:31:31,False,,bajo,False
2026-08-24 01:06:55,3044,2026-08-23 10:26:34,0,2026-08-23 10:26:34,False,,alto,True
2026-08-24 01:06:55,3050,2026-08-24 01:04:49,0,2026-08-24 01:04:49,False,,alto,False
2026-08-24 01:06:55,3055,2026-08-23 13:13:12,0,2026-08-23 13:13:12,False,,medio,False
2026-08-24 01:06:55,3063,2026-08-23 13:40:58,0,2026-08-23 13:40:58,False,,bajo,False
2026-08-24 01:06:55,3066,2026-08-23 09:12:51,0,2026-08-23 09:12:51,False,,medio,False
2026-08-24 01:06:55,3073,2026-08-23 21:57:17,0,2026-08-23 21:57:17,False,,alto,True
2026-08-24 01:06:55,3077,2026-08-23 07:54:09,0,2026-08-23 07:54:09,False,,alto,False
2026-08-24 01:06:55,3081,2026-08-23 11:16:37,0,2026-08-23 11:16:37,False,,bajo,False
2026-08-24 01:06:55,3090,2026-08-23 08:04:49,0,2026-08-23 08:04:49,False,,bajo,False
2026-08-24 01:06:55,3095,2026-08-23 07:25:48,0,2026-08-23 07:25:48,False,,bajo,True
2026-08-24 01:06:55,3098,2026-08-23 17:14:23,0,2026-08-23 17:14:23,False,,bajo,False
2026-08-24 01:06:55,3102,2026-08-22 22:00:43,0,2026-08-22 22:00:43,False,,bajo,False
2026-08-24 01:06:55,3115,2026-08-22 19:36:45,0,2026-08-22 19:36:45,False,,bajo,False
2026-08-24 01:06:55,3116,2025-03-13 16:03:27,0,2025-03-13 16:03:27,False,,bajo,False
2026-08-24 01:06:55,3124,2026-08-23 07:34:56,0,2026-08-23 07:34:56,False,,alto,False
2026-08-24 01:06:55,3133,2026-08-23 12:15:28,0,2026-08-23 12:15:28,False,,bajo,True
2026-08-24 01:06:55,3134,2026-08-23 06:18:58,0,2026-08-23 06:18:58,False,,medio,True
2026-08-24 01:06:55,3135,2026-08-23 10:32:46,0,2026-08-23 10:32:46,False,,medio,False
2026-08-24 01:06:55,3140,2026-08-22 19:58:46,0,2026-08-22 19:58:46,False,,bajo,True
2026-08-24 01:06:55,3149,2026-08-22 18:48:19,0,2026-08-22 18:48:19,False,,alto,False
2026-08-24 01:06:55,3158,2026-08-23 14:08:44,0,2026-08-23 14:08:44,False,,bajo,False
2026-08-24 01:06:55,3168,2025-03-13 16:03:26,0,2025-03-13 16:03:26,False,,bajo,False
2026-08-24 01:06:55,3171,2026-08-23 13:18:46,0,2026-08-23 13:18:46,False,,bajo,True
2026-08-24 01:06:55,3192,2026-08-23 01:40:02,0,2026-08-23 01:40:02,False,,bajo,True
2026-08-24 01:06:55,3211,2026-08-23 12:40:07,0,2026-08-23 12:40:07,False,,bajo,False
2026-08-24 01:06:55,3212,2026-08-23 11:53:15,0,2026-08-23 11:53:15,False,,bajo,False
2026-08-24 01:06:55,3213,2026-08-23 11:51:02,0,2026-08-23 11:51:02,False,,bajo,True
2026-08-24 01:06:55,3234,2026-08-24 00:14:17,0,2026-08-24 00:14:17,False,,bajo,False
2026-08-24 01:06:55,3237,2026-08-23 16:01:24,0,2026-08-23 16:01:24,False,,bajo,False
2026-08-24 01:06:55,3251,2026-08-23 08:17:50,0,2026-08-23 08:17:50,False,,bajo,False
2026-08-24 01:06:55,3258,2026-08-03 14:55:48,0,2026-08-03 14:55:48,False,,alto,False
2026-08-24 01:06:55,3267,2026-08-23 08:54:53,0,2026-08-23 08:54:53,False,,bajo,False
2026-08-24 01:06:55,4023,2026-08-22 16:54:35,0,2026-08-22 16:54:35,False,,alto,False
2026-08-24 01:06:55,4026,2026-08-22 11:55:21,0,2026-08-22 11:55:21,False,,bajo,False
2026-08-24 01:06:55,4029,2026-08-22 20:06:18,0,2026-08-22 20:06:18,False,,bajo,True
2026-08-24 01:06:55,2291,2026-08-22 20:21:29,1,2026-08-22 20:21:29,False,,bajo,True
2026-08-24 01:06:55,2297,2026-08-22 15:46:15,1,2026-08-22 15:46:15,False,,bajo,False
2026-08-24 01:06:55,2305,2026-08-22 14:28:01,1,2026-08-22 14:28:01,False,,bajo,False
2026-08-24 01:06:55,2306,2026-08-22 22:15:44,1,2026-08-22 22:15:44,False,,bajo,False
2026-08-24 01:06:55,2307,2026-08-22 11:13:53,1,2026-08-22 11:13:53,False,,alto,False
2026-08-24 01:06:55,2308,2026-08-22 13:34:45,1,2026-08-22 13:34:45,False,,alto,False
2026-08-24 01:06:55,2408,2026-08-22 15:57:19,1,2026-08-22 15:57:19,False,,bajo,False
2026-08-24 01:06:55,2409,2025-08-30 10:05:33,1,2025-08-30 10:05:33,False,,bajo,False
2026-08-24 01:06:55,2416,2026-08-22 14:17:48,1,2026-08-22 14:17:48,False,,bajo,False
2026-08-24 01:06:55,2417,2026-08-22 12:58:35,1,2026-08-22 12:58:35,False,,alto,False
2026-08-24 01:06:55,2455,2026-08-22 15:39:45,1,2026-08-22 15:39:45,False,,bajo,False
2026-08-24 01:06:55,2486,2026-08-22 13:13:42,1,2026-08-22 13:13:42,False,,bajo,False
2026-08-24 01:06:55,2489,2025-08-27 05:35:03,1,2025-08-27 05:35:03,False,,bajo,False
2026-08-24 01:06:55,2523,2025-03-13 16:03:26,1,2025-03-13 16:03:26,False,,bajo,False
2026-08-24 01:06:55,2543,2026-08-22 15:57:18,1,2026-08-22 15:57:18,False,,alto,False
2026-08-24 01:06:55,2555,2026-08-22 13:59:39,1,2026-08-22 13:59:39,False,,bajo,False
2026-08-24 01:06:55,2578,2026-08-22 16:08:35,1,2026-08-22 16:08:35,False,,alto,False
2026-08-24 01:06:55,2584,2026-08-23 17:14:28,1,2026-08-23 17:14:28,False,,bajo,False
2026-08-24 01:06:55,2597,2026-08-22 16:17:38,1,2026-08-22 16:17:38,False,,medio,False
2026-08-24 01:06:55,2600,2026-08-22 19:12:05,1,2026-08-22 19:12:05,False,,bajo,False
2026-08-24 01:06:55,2612,2026-08-22 16:09:15,1,2026-08-22 16:09:15,False,,bajo,False
2026-08-24 01:06:55,2640,2026-08-23 00:27:31,1,2026-08-23 00:27:31,False,,alto,False
2026-08-24 01:06:55,2643,2026-08-22 20:47:29,1,2026-08-22 20:47:29,False,,medio,False
2026-08-24 01:06:55,2648,2026-07-03 08:32:22,1,2026-07-03 08:32:22,False,,bajo,False
2026-08-24 01:06:55,2651,2026-08-22 20:57:52,1,2026-08-22 20:57:52,False,,bajo,False
2026-08-24 01:06:55,2656,2026-08-22 20:28:43,1,2026-08-22 20:28:43,False,,bajo,False
2026-08-24 01:06:55,2657,2026-08-22 12:15:47,1,2026-08-22 12:15:47,False,,bajo,False
2026-08-24 01:06:55,2658,2026-08-22 14:33:45,1,2026-08-22 14:33:45,False,,bajo,False
2026-08-24 01:06:55,2663,2026-08-22 15:09:42,1,2026-08-22 15:09:42,False,,bajo,False
2026-08-24 01:06:55,2679,2026-08-22 18:54:44,1,2026-08-22 18:54:44,False,,medio,False
2026-08-24 01:06:55,2697,2026-08-22 13:42:47,1,2026-08-22 13:42:47,False,,alto,False
2026-08-24 01:06:55,2709,2026-08-22 13:48:32,1,2026-08-22 13:48:32,False,,bajo,False
2026-08-24 01:06:55,2729,2026-08-22 12:56:17,1,2026-08-22 12:56:17,False,,medio,False
2026-08-24 01:06:55,2740,2026-08-22 16:09:27,1,2026-08-22 16:09:27,False,,bajo,False
2026-08-24 01:06:55,2753,2026-08-22 11:05:23,1,2026-08-22 11:05:23,False,,bajo,False
2026-08-24 01:06:55,2763,2026-08-21 20:15:10,1,2026-08-21 20:15:10,False,,bajo,False
2026-08-24 01:06:55,2769,2026-08-22 17:15:44,1,2026-08-22 17:15:44,False,,alto,False
2026-08-24 01:06:55,2782,2026-08-22 19:43:22,1,2026-08-22 19:43:22,False,,alto,False
2026-08-24 01:06:55,2786,2026-08-22 13:45:59,1,2026-08-22 13:45:59,False,,bajo,False
2026-08-24 01:06:55,2789,2026-08-21 14:30:24,1,2026-08-21 14:30:24,False,,bajo,False
2026-08-24 01:06:55,2792,2026-08-22 18:00:31,1,2026-08-22 18:00:31,False,,bajo,True
2026-08-24 01:06:55,2794,2026-08-22 16:09:13,1,2026-08-22 16:09:13,False,,bajo,False
2026-08-24 01:06:55,2800,2026-08-22 15:16:56,1,2026-08-22 15:16:56,False,,bajo,False
2026-08-24 01:06:55,2825,2026-08-21 22:08:35,1,2026-08-21 22:08:35,False,,bajo,False
2026-08-24 01:06:55,2829,2026-08-19 10:39:26,1,2026-08-19 10:39:26,False,,alto,False
2026-08-24 01:06:55,2853,2025-03-13 16:03:26,1,2025-03-13 16:03:26,False,,bajo,False
2026-08-24 01:06:55,2856,2026-08-22 18:12:35,1,2026-08-22 18:12:35,False,,bajo,False
2026-08-24 01:06:55,2866,2026-08-22 20:46:29,1,2026-08-22 20:46:29,False,,bajo,False
2026-08-24 01:06:55,2867,2026-08-22 14:29:27,1,2026-08-22 14:29:27,False,,bajo,False
2026-08-24 01:06:55,2877,2026-08-23 16:53:49,1,2026-08-23 16:53:49,False,,alto,False
2026-08-24 01:06:55,2905,2026-08-23 23:55:46,1,2026-08-23 23:55:46,False,,bajo,False
2026-08-24 01:06:55,2909,2026-08-22 22:04:20,1,2026-08-22 22:04:20,False,,bajo,True
2026-08-24 01:06:55,2910,2026-08-23 02:48:33,1,2026-08-23 02:48:33,False,,bajo,False
2026-08-24 01:06:55,2916,2026-08-23 01:12:16,1,2026-08-23 01:12:16,False,,medio,False
2026-08-24 01:06:55,2941,2026-08-21 21:53:18,1,2026-08-21 21:53:18,False,,bajo,False
2026-08-24 01:06:55,2942,2026-08-21 19:52:43,1,2026-08-21 19:52:43,False,,bajo,False
2026-08-24 01:06:55,2946,2026-08-22 15:54:19,1,2026-08-22 15:54:19,False,,alto,False
2026-08-24 01:06:55,2950,2026-08-22 22:22:08,1,2026-08-22 22:22:08,False,,medio,False
2026-08-24 01:06:55,2951,2026-08-23 04:19:25,1,2026-08-23 04:19:25,False,,bajo,False
2026-08-24 01:06:55,2954,2026-08-23 10:23:23,1,2026-08-23 10:23:23,False,,bajo,False
2026-08-24 01:06:55,2959,2026-08-21 14:46:48,1,2026-08-21 14:46:48,False,,bajo,False
2026-08-24 01:06:55,2989,2026-06-03 00:01:32,1,2026-06-03 00:01:32,False,,bajo,False
2026-08-24 01:06:55,2991,2026-06-03 00:11:39,1,2026-06-03 00:11:39,False,,bajo,False
2026-08-24 01:06:55,3005,2026-08-22 12:28:26,1,2026-08-22 12:28:26,False,,bajo,False
2026-08-24 01:06:55,3012,2026-08-22 12:09:31,1,2026-08-22 12:09:31,False,,bajo,False
2026-08-24 01:06:55,3023,2026-08-22 09:37:34,1,2026-08-22 09:37:34,False,,bajo,False
2026-08-24 01:06:55,3032,2026-08-22 22:19:53,1,2026-08-22 22:19:53,False,,alto,False
2026-08-24 01:06:55,3043,2026-08-22 17:13:49,1,2026-08-22 17:13:49,False,,bajo,False
2026-08-24 01:06:55,3050,2025-03-13 16:03:26,1,2025-03-13 16:03:26,False,,bajo,False
2026-08-24 01:06:55,3055,2026-08-22 18:06:13,1,2026-08-22 18:06:13,False,,alto,False
2026-08-24 01:06:55,3063,2026-08-22 22:01:51,1,2026-08-22 22:01:51,False,,bajo,False
2026-08-24 01:06:55,3066,2026-08-22 15:49:10,1,2026-08-22 15:49:10,False,,bajo,False
2026-08-24 01:06:55,3073,2026-08-22 22:13:17,1,2026-08-22 22:13:17,False,,medio,False
2026-08-24 01:06:55,3077,2026-08-22 12:22:05,1,2026-08-22 12:22:05,False,,bajo,False
2026-08-24 01:06:55,3081,2026-08-22 17:11:44,1,2026-08-22 17:11:44,False,,alto,False
2026-08-24 01:06:55,3090,2026-08-22 19:33:30,1,2026-08-22 19:33:30,False,,bajo,False
2026-08-24 01:06:55,3095,2026-08-22 20:37:17,1,2026-08-22 20:37:17,False,,alto,False
2026-08-24 01:06:55,3098,2026-08-22 16:24:30,1,2026-08-22 16:24:30,False,,bajo,False
2026-08-24 01:06:55,3115,2026-08-23 06:31:11,1,2026-08-23 06:31:11,False,,bajo,False
2026-08-24 01:06:55,3124,2026-08-22 11:43:39,1,2026-08-22 11:43:39,False,,bajo,False
2026-08-24 01:06:55,3133,2026-08-23 07:05:46,1,2026-08-23 07:05:46,False,,bajo,False
2026-08-24 01:06:55,3134,2026-08-22 11:31:57,1,2026-08-22 11:31:57,False,,bajo,False
2026-08-24 01:06:55,3135,2026-08-22 12:55:19,1,2026-08-22 12:55:19,False,,bajo,False
2026-08-24 01:06:55,3149,2026-08-22 14:29:02,1,2026-08-22 14:29:02,False,,alto,False
2026-08-24 01:06:55,3158,2026-08-23 09:09:20,1,2026-08-23 09:09:20,False,,bajo,False
2026-08-24 01:06:55,3171,2026-08-22 10:22:10,1,2026-08-22 10:22:10,False,,bajo,False
2026-08-24 01:06:55,3212,2026-08-22 23:02:48,1,2026-08-22 23:02:48,False,,medio,False
2026-08-24 01:06:55,3213,2026-08-22 13:13:21,1,2026-08-22 13:13:21,False,,bajo,False
2026-08-24 01:06:55,3258,2026-08-22 13:44:01,1,2026-08-22 13:44:01,False,,bajo,False
2026-08-24 01:06:55,3267,2026-08-22 18:16:17,1,2026-08-22 18:16:17,False,,bajo,False
2026-08-24 01:06:55,3276,2026-08-22 13:16:46,1,2026-08-22 13:16:46,False,,bajo,False
2026-08-24 01:06:55,4023,2026-08-22 16:56:35,1,2026-08-22 16:56:35,False,,medio,False
2026-08-24 01:06:55,4026,2026-08-22 14:50:24,1,2026-08-22 14:50:24,False,,medio,True
2026-08-24 01:06:55,4029,2026-08-22 15:30:20,1,2026-08-22 15:30:20,False,,bajo,False
2026-08-24 01:06:55,2228,2026-06-03 08:18:35,2,2026-06-03 08:18:35,False,,bajo,False
2026-08-24 01:06:55,2305,2026-06-03 06:05:23,2,2026-06-03 06:05:23,False,,bajo,False
2026-08-24 01:06:55,2455,2026-06-03 08:41:04,2,2026-06-03 08:41:04,False,,bajo,False
2026-08-24 01:06:55,2462,2026-08-13 15:52:51,2,2026-08-13 15:52:51,False,,bajo,False
2026-08-24 01:06:55,2489,2026-06-03 02:55:41,2,2026-06-03 02:55:41,False,,bajo,False
2026-08-24 01:06:55,2556,2026-06-03 08:33:18,2,2026-06-03 08:33:18,False,,bajo,False
2026-08-24 01:06:55,2633,2026-06-03 08:07:23,2,2026-06-03 08:07:23,False,,bajo,False
2026-08-24 01:06:55,2648,2026-06-03 00:17:04,2,2026-06-03 00:17:04,False,,bajo,False
2026-08-24 01:06:55,2657,2026-06-03 06:00:43,2,2026-06-03 06:00:43,False,,bajo,False
2026-08-24 01:06:55,2763,2026-06-03 08:29:55,2,2026-06-03 08:29:55,False,,bajo,False
2026-08-24 01:06:55,2905,2026-06-03 06:33:05,2,2026-06-03 06:33:05,False,,bajo,False
2026-08-24 01:06:55,2950,2026-06-03 08:28:13,2,2026-06-03 08:28:13,False,,bajo,False
2026-08-24 01:06:55,3055,2026-06-03 06:12:12,2,2026-06-03 06:12:12,False,,bajo,False
2026-08-24 01:06:55,3063,2026-06-03 08:39:31,2,2026-06-03 08:39:31,False,,bajo,False
2026-08-24 01:06:55,3134,2026-06-03 06:13:07,2,2026-06-03 06:13:07,False,,bajo,False
2026-08-24 01:06:55,3192,2026-06-03 06:29:23,2,2026-06-03 06:29:23,False,,bajo,False
2026-08-24 01:06:55,3194,2026-06-03 08:28:56,2,2026-06-03 08:28:56,False,,bajo,False
2026-08-24 01:06:55,3211,2026-06-03 07:21:15,2,2026-06-03 07:21:15,False,,bajo,False
2026-08-24 01:06:55,3213,2026-07-22 03:30:47,2,2026-07-22 03:30:47,False,,bajo,False
2026-08-24 01:06:55,3237,2026-06-03 08:08:14,2,2026-06-03 08:08:14,False,,bajo,False
2026-08-24 01:06:55,2348,2026-08-23 12:04:54,0,2026-08-23 12:04:54,False,,bajo,True
2026-08-24 01:06:55,2353,2026-08-22 19:30:14,0,2026-08-22 19:30:14,False,,medio,False
2026-08-24 01:06:55,2355,2026-08-22 17:53:41,0,2026-08-22 17:53:41,False,,alto,False
2026-08-24 01:06:55,2356,2026-08-22 17:17:45,0,2026-08-22 17:17:45,False,,bajo,False
2026-08-24 01:06:55,2535,2026-08-22 16:31:41,0,2026-08-22 16:31:41,False,,bajo,False
2026-08-24 01:06:55,2549,2026-08-23 15:05:25,0,2026-08-23 15:05:25,False,,bajo,False
2026-08-24 01:06:55,2564,2026-08-22 16:48:56,0,2026-08-22 16:48:56,False,,bajo,False
2026-08-24 01:06:55,2577,2026-08-23 18:08:45,0,2026-08-23 18:08:45,False,,bajo,True
2026-08-24 01:06:55,2585,2026-08-22 20:20:44,0,2026-08-22 20:20:44,False,,bajo,False
2026-08-24 01:06:55,2589,2026-08-23 13:29:32,0,2026-08-23 13:29:32,False,,bajo,False
2026-08-24 01:06:55,2595,2026-08-23 19:53:10,0,2026-08-23 19:53:10,False,,bajo,False
2026-08-24 01:06:55,2605,2026-08-22 23:20:52,0,2026-08-22 23:20:52,False,,alto,False
2026-08-24 01:06:55,2624,2026-08-23 18:12:06,0,2026-08-23 18:12:06,False,,medio,True
2026-08-24 01:06:55,2636,2026-08-22 13:47:37,0,2026-08-22 13:47:37,False,,bajo,False
2026-08-24 01:06:55,2637,2026-08-23 07:14:07,0,2026-08-23 07:14:07,False,,bajo,False
2026-08-24 01:06:55,2638,2025-03-13 16:03:26,0,2025-03-13 16:03:26,False,,bajo,False
2026-08-24 01:06:55,2641,2026-08-23 14:13:47,0,2026-08-23 14:13:47,False,,bajo,False
2026-08-24 01:06:55,2644,2026-08-22 20:19:13,0,2026-08-22 20:19:13,False,,bajo,False
2026-08-24 01:06:55,2650,2026-04-03 16:21:31,0,2026-04-03 16:21:31,False,,bajo,False
2026-08-24 01:06:55,2672,2026-08-18 03:18:38,0,2026-08-18 03:18:38,False,,bajo,False
2026-08-24 01:06:55,2674,2026-08-22 18:47:15,0,2026-08-22 18:47:15,False,,bajo,False
2026-08-24 01:06:55,2684,2026-08-22 15:35:14,0,2026-08-22 15:35:14,False,,bajo,False
2026-08-24 01:06:55,2692,2026-08-23 04:16:42,0,2026-08-23 04:16:42,False,,bajo,False
2026-08-24 01:06:55,2720,2026-08-23 16:18:59,0,2026-08-23 16:18:59,False,,bajo,False
2026-08-24 01:06:55,2886,2026-08-23 23:36:17,0,2026-08-23 23:36:17,False,,bajo,True
2026-08-24 01:06:55,3000,2026-08-23 21:41:40,0,2026-08-23 21:41:40,False,,bajo,True
2026-08-24 01:06:55,3001,2026-08-24 01:06:26,0,2026-08-24 01:06:26,True,2026-08-23 19:57:01,bajo,True
2026-08-24 01:06:55,3007,2026-08-22 19:16:48,0,2026-08-22 19:16:48,False,,bajo,True
2026-08-24 01:06:55,3015,2026-08-22 09:04:05,0,2026-08-22 09:04:05,False,,bajo,False
2026-08-24 01:06:55,3034,2026-08-22 17:11:03,0,2026-08-22 17:11:03,False,,bajo,False
2026-08-24 01:06:55,3091,2026-08-23 19:20:38,0,2026-08-23 19:20:38,False,,bajo,False
2026-08-24 01:06:55,3125,2026-08-23 20:58:42,0,2026-08-23 20:58:42,False,,bajo,True
2026-08-24 01:06:55,3236,2026-08-23 10:46:19,0,2026-08-23 10:46:19,False,,bajo,False
2026-08-24 01:06:55,3275,2026-08-20 14:16:15,0,2026-08-20 14:16:15,False,,bajo,False
2026-08-24 01:06:55,2348,2026-08-23 07:48:41,1,2026-08-23 07:48:41,False,,bajo,False
2026-08-24 01:06:55,2353,2026-08-22 21:59:33,1,2026-08-22 21:59:33,False,,alto,True
2026-08-24 01:06:55,2355,2026-08-23 07:23:49,1,2026-08-23 07:23:49,False,,medio,True
2026-08-24 01:06:55,2356,2026-08-23 03:10:14,1,2026-08-23 03:10:14,False,,bajo,True
2026-08-24 01:06:55,2535,2026-08-22 23:36:05,1,2026-08-22 23:36:05,False,,bajo,True
2026-08-24 01:06:55,2549,2026-08-23 11:13:15,1,2026-08-23 11:13:15,False,,bajo,False
2026-08-24 01:06:55,2564,2026-08-23 04:51:18,1,2026-08-23 04:51:18,False,,bajo,False
2026-08-24 01:06:55,2577,2026-08-22 14:13:49,1,2026-08-22 14:13:49,False,,bajo,False
2026-08-24 01:06:55,2585,2025-12-11 16:55:33,1,2025-12-11 16:55:33,False,,bajo,False
2026-08-24 01:06:55,2589,2026-08-23 10:40:02,1,2026-08-23 10:40:02,False,,bajo,False
2026-08-24 01:06:55,2595,2026-08-23 08:59:23,1,2026-08-23 08:59:23,False,,medio,False
2026-08-24 01:06:55,2605,2026-08-23 01:16:54,1,2026-08-23 01:16:54,False,,bajo,False
2026-08-24 01:06:55,2624,2026-08-23 18:13:19,1,2026-08-23 18:13:19,False,,medio,False
2026-08-24 01:06:55,2636,2026-08-23 07:23:33,1,2026-08-23 07:23:33,False,,bajo,False
2026-08-24 01:06:55,2637,2026-08-22 22:32:12,1,2026-08-22 22:32:12,False,,bajo,True
2026-08-24 01:06:55,2638,2025-03-13 16:03:26,1,2025-03-13 16:03:26,False,,bajo,False
2026-08-24 01:06:55,2641,2026-08-22 22:01:06,1,2026-08-22 22:01:06,False,,bajo,False
2026-08-24 01:06:55,2644,2026-08-23 10:49:21,1,2026-08-23 10:49:21,False,,bajo,True
2026-08-24 01:06:55,2650,2025-12-17 11:02:46,1,2025-12-17 11:02:46,False,,bajo,False
2026-08-24 01:06:55,2672,2026-08-18 10:46:23,1,2026-08-18 10:46:23,False,,bajo,False
2026-08-24 01:06:55,2674,2026-08-23 20:42:01,1,2026-08-23 20:42:01,False,,bajo,False
2026-08-24 01:06:55,2684,2026-08-23 08:32:39,1,2026-08-23 08:32:39,False,,bajo,True
2026-08-24 01:06:55,2692,2026-08-22 23:32:31,1,2026-08-22 23:32:31,False,,alto,True
2026-08-24 01:06:55,2720,2026-08-23 13:20:21,1,2026-08-23 13:20:21,False,,bajo,False
2026-08-24 01:06:55,2886,2026-08-22 23:21:47,1,2026-08-22 23:21:47,False,,bajo,True
2026-08-24 01:06:55,3000,2026-08-22 19:28:15,1,2026-08-22 19:28:15,False,,bajo,True
2026-08-24 01:06:55,3001,2026-01-05 08:26:33,1,2026-01-05 08:26:33,False,,bajo,False
2026-08-24 01:06:55,3007,2026-08-23 09:07:52,1,2026-08-23 09:07:52,False,,bajo,False
2026-08-24 01:06:55,3015,2026-08-22 23:32:14,1,2026-08-22 23:32:14,False,,bajo,False
2026-08-24 01:06:55,3034,2026-08-23 23:43:09,1,2026-08-23 23:43:09,False,,bajo,False
2026-08-24 01:06:55,3091,2026-08-23 13:50:37,1,2026-08-23 13:50:37,False,,bajo,False
2026-08-24 01:06:55,3125,2026-08-22 22:34:30,1,2026-08-22 22:34:30,False,,bajo,False
2026-08-24 01:06:55,3236,2026-08-23 12:55:04,1,2026-08-23 12:55:04,False,,bajo,False
2026-08-24 01:06:55,3275,2026-08-23 06:22:14,1,2026-08-23 06:22:14,False,,bajo,False
2026-08-24 01:06:55,2589,2025-03-13 16:03:26,2,2025-03-13 16:03:26,False,,bajo,False
2026-08-24 01:06:55,2333,2026-06-03 07:34:42,0,2026-06-03 07:34:42,False,,bajo,False
2026-08-24 01:06:55,2338,2026-08-22 21:21:43,0,2026-08-22 21:21:43,False,,medio,False
2026-08-24 01:06:55,2345,2026-08-23 02:57:14,0,2026-08-23 02:57:14,False,,bajo,False
2026-08-24 01:06:55,2346,2026-08-23 05:23:17,0,2026-08-23 05:23:17,False,,bajo,False
2026-08-24 01:06:55,2425,2026-08-22 11:36:45,0,2026-08-22 11:36:45,False,,bajo,False
2026-08-24 01:06:55,2444,2026-08-22 11:31:19,0,2026-08-22 11:31:19,False,,bajo,False
2026-08-24 01:06:55,2481,2026-08-22 21:51:17,0,2026-08-22 21:51:17,False,,bajo,False
2026-08-24 01:06:55,2502,2026-08-22 20:17:00,0,2026-08-22 20:17:00,False,,alto,False
2026-08-24 01:06:55,2514,2026-08-23 00:45:12,0,2026-08-23 00:45:12,False,,medio,False
2026-08-24 01:06:55,2515,2026-08-22 21:44:54,0,2026-08-22 21:44:54,False,,bajo,False
2026-08-24 01:06:55,2537,2026-08-23 06:37:47,0,2026-08-23 06:37:47,False,,bajo,False
2026-08-24 01:06:55,2601,2026-08-23 05:30:47,0,2026-08-23 05:30:47,False,,alto,False
2026-08-24 01:06:55,2617,2026-08-22 11:02:22,0,2026-08-22 11:02:22,False,,bajo,False
2026-08-24 01:06:55,2618,2026-08-22 14:44:05,0,2026-08-22 14:44:05,False,,alto,False
2026-08-24 01:06:55,2645,2026-08-23 14:32:05,0,2026-08-23 14:32:05,False,,bajo,False
2026-08-24 01:06:55,2725,2026-08-22 18:55:53,0,2026-08-22 18:55:53,False,,bajo,False
2026-08-24 01:06:55,2727,2026-08-22 11:20:46,0,2026-08-22 11:20:46,False,,bajo,False
2026-08-24 01:06:55,2787,2026-08-23 13:33:10,0,2026-08-23 13:33:10,False,,bajo,True
2026-08-24 01:06:55,2883,2026-08-22 19:01:32,0,2026-08-22 19:01:32,False,,bajo,False
2026-08-24 01:06:55,2885,2026-08-23 23:05:02,0,2026-08-23 23:05:02,False,,bajo,True
2026-08-24 01:06:55,2888,2026-08-23 13:07:33,0,2026-08-23 13:07:33,False,,bajo,False
2026-08-24 01:06:55,2957,2026-08-21 09:04:38,0,2026-08-21 09:04:38,False,,medio,False
2026-08-24 01:06:55,2960,2026-08-22 11:00:52,0,2026-08-22 11:00:52,False,,bajo,False
2026-08-24 01:06:55,3003,2026-08-24 01:04:28,0,2026-08-24 01:04:28,False,,bajo,False
2026-08-24 01:06:55,3004,2026-08-23 15:49:56,0,2026-08-23 15:49:56,False,,bajo,False
2026-08-24 01:06:55,3047,2026-08-23 23:00:02,0,2026-08-23 23:00:02,False,,bajo,False
2026-08-24 01:06:55,3062,2026-08-22 20:17:35,0,2026-08-22 20:17:35,False,,bajo,False
2026-08-24 01:06:55,3071,2026-08-22 22:16:04,0,2026-08-22 22:16:04,False,,bajo,False
2026-08-24 01:06:55,3136,2026-08-22 16:32:21,0,2026-08-22 16:32:21,False,,bajo,False
2026-08-24 01:06:55,3174,2026-08-24 00:55:43,0,2026-08-24 00:55:43,False,,bajo,False
2026-08-24 01:06:55,3175,2026-08-23 13:08:29,0,2026-08-23 13:08:29,False,,bajo,True
2026-08-24 01:06:55,3262,2026-08-23 00:42:29,0,2026-08-23 00:42:29,False,,bajo,True
2026-08-24 01:06:55,3277,2026-08-22 18:22:39,0,2026-08-22 18:22:39,False,,bajo,False
2026-08-24 01:06:55,2333,2026-06-03 07:34:43,1,2026-06-03 07:34:43,False,,bajo,False
2026-08-24 01:06:55,2338,2026-08-22 16:11:26,1,2026-08-22 16:11:26,False,,medio,False
2026-08-24 01:06:55,2345,2026-08-22 14:55:20,1,2026-08-22 14:55:20,False,,bajo,False
2026-08-24 01:06:55,2346,2026-08-22 18:44:00,1,2026-08-22 18:44:00,False,,bajo,True
2026-08-24 01:06:55,2425,2026-08-22 12:35:15,1,2026-08-22 12:35:15,False,,bajo,False
2026-08-24 01:06:55,2444,2026-08-22 13:42:31,1,2026-08-22 13:42:31,False,,bajo,False
2026-08-24 01:06:55,2481,2026-08-22 16:42:28,1,2026-08-22 16:42:28,False,,bajo,False
2026-08-24 01:06:55,2502,2026-08-22 16:25:18,1,2026-08-22 16:25:18,False,,alto,False
2026-08-24 01:06:55,2514,2026-08-22 17:37:41,1,2026-08-22 17:37:41,False,,bajo,False
2026-08-24 01:06:55,2515,2026-08-22 16:36:27,1,2026-08-22 16:36:27,False,,medio,True
2026-08-24 01:06:55,2537,2026-08-23 07:00:50,1,2026-08-23 07:00:50,False,,bajo,False
2026-08-24 01:06:55,2601,2026-08-22 22:04:14,1,2026-08-22 22:04:14,False,,alto,False
2026-08-24 01:06:55,2617,2026-08-23 07:02:55,1,2026-08-23 07:02:55,False,,bajo,False
2026-08-24 01:06:55,2618,2026-08-22 14:23:25,1,2026-08-22 14:23:25,False,,medio,False
2026-08-24 01:06:55,2645,2026-08-22 20:56:34,1,2026-08-22 20:56:34,False,,bajo,False
2026-08-24 01:06:55,2725,2026-08-22 16:56:10,1,2026-08-22 16:56:10,False,,bajo,False
2026-08-24 01:06:55,2727,2026-08-22 11:36:23,1,2026-08-22 11:36:23,False,,bajo,True
2026-08-24 01:06:55,2787,2026-08-22 17:05:25,1,2026-08-22 17:05:25,False,,bajo,False
2026-08-24 01:06:55,2883,2026-08-22 17:02:05,1,2026-08-22 17:02:05,False,,bajo,False
2026-08-24 01:06:55,2885,2026-08-23 23:08:16,1,2026-08-23 23:08:16,False,,bajo,True
2026-08-24 01:06:55,2888,2026-08-23 11:49:46,1,2026-08-23 11:49:46,False,,bajo,False
2026-08-24 01:06:55,2957,2026-08-21 11:06:36,1,2026-08-21 11:06:36,False,,alto,False
2026-08-24 01:06:55,2960,2026-08-21 21:04:14,1,2026-08-21 21:04:14,False,,bajo,False
2026-08-24 01:06:55,3003,2026-08-24 01:05:30,1,2026-08-24 01:05:30,False,,bajo,True
2026-08-24 01:06:55,3004,2026-06-03 08:58:20,1,2026-06-03 08:58:20,False,,bajo,False
2026-08-24 01:06:55,3047,2026-08-23 22:39:08,1,2026-08-23 22:39:08,False,,bajo,False
2026-08-24 01:06:55,3062,2026-08-23 08:49:00,1,2026-08-23 08:49:00,False,,bajo,False
2026-08-24 01:06:55,3071,2026-08-22 22:15:47,1,2026-08-22 22:15:47,False,,bajo,False
2026-08-24 01:06:55,3136,2026-08-22 14:41:00,1,2026-08-22 14:41:00,False,,bajo,False
2026-08-24 01:06:55,3174,2026-08-23 23:33:02,1,2026-08-23 23:33:02,False,,bajo,False
2026-08-24 01:06:55,3175,2026-06-03 07:27:38,1,2026-06-03 07:27:38,False,,bajo,False
2026-08-24 01:06:55,3262,2026-08-21 14:40:55,1,2026-08-21 14:40:55,False,,bajo,True
2026-08-24 01:06:55,3277,2026-08-22 20:25:55,1,2026-08-22 20:25:55,False,,bajo,False
2026-08-24 01:06:55,2537,2025-03-13 16:03:26,2,2025-03-13 16:03:26,False,,bajo,False
2026-08-24 01:06:55,2249,2026-08-23 21:46:05,0,2026-08-23 21:46:05,False,,bajo,True
2026-08-24 01:06:55,2251,2026-08-23 21:43:04,0,2026-08-23 21:43:04,False,,alto,True
2026-08-24 01:06:55,2339,2026-08-22 22:01:25,0,2026-08-22 22:01:25,False,,bajo,True
2026-08-24 01:06:55,2341,2026-08-24 00:55:32,0,2026-08-24 00:55:32,False,,bajo,True
2026-08-24 01:06:55,2350,2026-08-23 21:54:26,0,2026-08-23 21:54:26,False,,bajo,True
2026-08-24 01:06:55,2364,2026-08-24 01:06:18,0,2026-08-24 01:06:18,False,,bajo,True
2026-08-24 01:06:55,2386,2026-08-23 11:22:41,0,2026-08-23 11:22:41,False,,bajo,True
2026-08-24 01:06:55,2388,2026-08-24 00:08:53,0,2026-08-24 00:08:53,False,,bajo,True
2026-08-24 01:06:55,2390,2026-08-23 18:50:58,0,2026-08-23 18:50:58,False,,alto,True
2026-08-24 01:06:55,2472,2026-08-23 09:37:36,0,2026-08-23 09:37:36,False,,bajo,True
2026-08-24 01:06:55,2500,2026-08-23 21:57:48,0,2026-08-23 21:57:48,False,,bajo,True
2026-08-24 01:06:55,2528,2026-08-22 16:44:07,0,2026-08-22 16:44:07,False,,medio,True
2026-08-24 01:06:55,2559,2026-08-23 21:46:02,0,2026-08-23 21:46:02,False,,medio,True
2026-08-24 01:06:55,2603,2026-08-23 22:00:07,0,2026-08-23 22:00:07,False,,bajo,True
2026-08-24 01:06:55,2616,2026-08-24 00:52:40,0,2026-08-24 00:52:40,False,,bajo,True
2026-08-24 01:06:55,2627,2026-08-22 20:16:22,0,2026-08-22 20:16:22,False,,bajo,False
2026-08-24 01:06:55,2642,2026-08-23 11:16:32,0,2026-08-23 11:16:32,False,,bajo,True
2026-08-24 01:06:55,2646,2026-08-22 18:36:40,0,2026-08-22 18:36:40,False,,bajo,False
2026-08-24 01:06:55,2688,2026-08-23 23:49:16,0,2026-08-23 23:49:16,False,,medio,True
2026-08-24 01:06:55,2804,2026-08-24 01:01:43,0,2026-08-24 01:01:43,False,,medio,False
2026-08-24 01:06:55,2857,2026-08-23 13:07:32,0,2026-08-23 13:07:32,False,,medio,True
2026-08-24 01:06:55,2868,2026-08-23 11:51:30,0,2026-08-23 11:51:30,False,,bajo,False
2026-08-24 01:06:55,2911,2026-08-24 00:57:18,0,2026-08-24 00:57:18,False,,bajo,True
2026-08-24 01:06:55,2974,2026-08-23 14:50:52,0,2026-08-23 14:50:52,False,,bajo,True
2026-08-24 01:06:55,2977,2026-08-23 22:08:50,0,2026-08-23 22:08:50,False,,alto,True
2026-08-24 01:06:55,2979,2026-08-23 23:49:09,0,2026-08-23 23:49:09,False,,bajo,True
2026-08-24 01:06:55,2980,2026-08-23 23:28:40,0,2026-08-23 23:28:40,False,,bajo,True
2026-08-24 01:06:55,2981,2026-08-23 23:34:53,0,2026-08-23 23:34:53,False,,bajo,True
2026-08-24 01:06:55,2982,2026-08-23 21:58:12,0,2026-08-23 21:58:12,False,,bajo,True
2026-08-24 01:06:55,3046,2026-08-24 00:53:27,0,2026-08-24 00:53:27,False,,bajo,False
2026-08-24 01:06:55,3257,2026-08-23 22:03:01,0,2026-08-23 22:03:01,False,,bajo,True
2026-08-24 01:06:55,2249,2026-08-22 16:07:23,1,2026-08-22 16:07:23,False,,medio,True
2026-08-24 01:06:55,2251,2026-08-22 18:09:52,1,2026-08-22 18:09:52,False,,bajo,True
2026-08-24 01:06:55,2339,2026-08-22 13:03:02,1,2026-08-22 13:03:02,False,,bajo,True
2026-08-24 01:06:55,2350,2026-08-22 17:08:41,1,2026-08-22 17:08:41,False,,bajo,True
2026-08-24 01:06:55,2364,2026-08-22 17:03:22,1,2026-08-22 17:03:22,False,,alto,True
2026-08-24 01:06:55,2472,2026-08-22 14:07:59,1,2026-08-22 14:07:59,False,,alto,True
2026-08-24 01:06:55,2500,2026-08-23 10:20:01,1,2026-08-23 10:20:01,False,,alto,True
2026-08-24 01:06:55,2528,2026-08-23 21:55:24,1,2026-08-23 21:55:24,False,,medio,True
2026-08-24 01:06:55,2559,2026-08-23 13:03:35,1,2026-08-23 13:03:35,False,,bajo,False
2026-08-24 01:06:55,2603,2026-08-23 11:24:12,1,2026-08-23 11:24:12,False,,bajo,True
2026-08-24 01:06:55,2616,2026-08-24 00:29:49,1,2026-08-24 00:29:49,False,,bajo,False
2026-08-24 01:06:55,2627,2026-08-22 15:24:08,1,2026-08-22 15:24:08,False,,medio,True
2026-08-24 01:06:55,2642,2026-08-22 16:16:29,1,2026-08-22 16:16:29,False,,bajo,True
2026-08-24 01:06:55,2646,2026-08-22 15:51:15,1,2026-08-22 15:51:15,False,,alto,False
2026-08-24 01:06:55,2688,2026-08-23 09:50:50,1,2026-08-23 09:50:50,False,,medio,True
2026-08-24 01:06:55,2804,2026-08-22 13:04:33,1,2026-08-22 13:04:33,False,,bajo,True
2026-08-24 01:06:55,2857,2026-08-23 09:43:39,1,2026-08-23 09:43:39,False,,medio,True
2026-08-24 01:06:55,2868,2026-08-23 20:31:10,1,2026-08-23 20:31:10,False,,bajo,False
2026-08-24 01:06:55,2911,2026-08-24 00:58:48,1,2026-08-24 00:58:48,False,,medio,False
2026-08-24 01:06:55,2974,2026-08-23 14:34:24,1,2026-08-23 14:34:24,False,,bajo,True
2026-08-24 01:06:55,2977,2026-08-23 18:17:00,1,2026-08-23 18:17:00,False,,alto,True
2026-08-24 01:06:55,2979,2026-08-23 15:01:49,1,2026-08-23 15:01:49,False,,alto,True
2026-08-24 01:06:55,2980,2026-08-23 21:17:16,1,2026-08-23 21:17:16,False,,bajo,False
2026-08-24 01:06:55,2981,2026-08-23 23:49:26,1,2026-08-23 23:49:26,False,,bajo,True
2026-08-24 01:06:55,2982,2026-08-22 19:53:19,1,2026-08-22 19:53:19,False,,bajo,True
2026-08-24 01:06:55,3257,2026-08-23 14:23:40,1,2026-08-23 14:23:40,False,,bajo,True
2026-08-24 01:06:55,2364,2026-06-03 08:18:32,2,2026-06-03 08:18:32,False,,bajo,False
2026-08-24 01:06:55,2390,2026-06-03 06:18:03,2,2026-06-03 06:18:03,False,,bajo,False
2026-08-24 01:06:55,2472,2026-06-03 06:36:25,2,2026-06-03 06:36:25,False,,bajo,False
2026-08-24 01:06:55,2627,2026-06-03 01:47:48,2,2026-06-03 01:47:48,False,,bajo,False
2026-08-24 01:06:55,1724,2026-08-22 20:24:22,0,2026-08-22 20:24:22,False,,bajo,False
2026-08-24 01:06:55,1744,2026-08-23 18:25:22,0,2026-08-23 18:25:22,False,,bajo,True
2026-08-24 01:06:55,1766,2026-08-24 01:06:22,0,2026-08-24 01:06:22,False,,bajo,False
2026-08-24 01:06:55,1784,2026-08-24 00:56:28,0,2026-08-24 00:56:28,False,,bajo,True
2026-08-24 01:06:55,1805,2026-08-24 00:58:25,0,2026-08-24 00:58:25,False,,bajo,True
2026-08-24 01:06:55,1806,2026-08-23 14:49:48,0,2026-08-23 14:49:48,False,,bajo,True
2026-08-24 01:06:55,1824,2026-08-23 23:32:24,0,2026-08-23 23:32:24,False,,bajo,False
2026-08-24 01:06:55,1844,2026-08-23 18:36:37,0,2026-08-23 18:36:37,False,,bajo,True
2026-08-24 01:06:55,1845,2026-08-24 01:04:12,0,2026-08-24 01:04:12,False,,bajo,True
2026-08-24 01:06:55,1846,2026-08-24 01:00:05,0,2026-08-24 01:00:05,False,,bajo,True
2026-08-24 01:06:55,1887,2026-08-23 08:58:17,0,2026-08-23 08:58:17,False,,bajo,True
2026-08-24 01:06:55,1924,2026-08-24 01:04:53,0,2026-08-24 01:04:53,False,,bajo,False
2026-08-24 01:06:55,1926,2026-08-22 19:43:45,0,2026-08-22 19:43:45,False,,bajo,True
2026-08-24 01:06:55,1927,2026-08-23 17:40:07,0,2026-08-23 17:40:07,False,,bajo,False
2026-08-24 01:06:55,1928,2026-08-23 19:11:02,0,2026-08-23 19:11:02,False,,bajo,True
2026-08-24 01:06:55,1944,2026-08-24 01:06:13,0,2026-08-24 01:06:13,False,,bajo,True
2026-08-24 01:06:55,1945,2026-08-24 00:58:16,0,2026-08-24 00:58:16,False,,bajo,True
2026-08-24 01:06:55,1964,2026-08-23 22:45:56,0,2026-08-23 22:45:56,False,,alto,True
2026-08-24 01:06:55,1965,2026-08-23 15:19:24,0,2026-08-23 15:19:24,False,,bajo,True
2026-08-24 01:06:55,1984,2026-08-24 00:25:43,0,2026-08-24 00:25:43,False,,bajo,True
2026-08-24 01:06:55,2190,2026-08-23 12:50:21,0,2026-08-23 12:50:21,False,,bajo,True
2026-08-24 01:06:55,2192,2026-08-23 08:08:34,0,2026-08-23 08:08:34,False,,bajo,True
2026-08-24 01:06:55,2193,2026-08-22 01:59:10,0,2026-08-22 01:59:10,False,,bajo,False
2026-08-24 01:06:55,2204,2026-08-23 14:01:38,0,2026-08-23 14:01:38,False,,bajo,True
2026-08-24 01:06:55,2205,2026-08-22 17:23:05,0,2026-08-22 17:23:05,False,,bajo,False
2026-08-24 01:06:55,2207,2026-08-23 19:13:13,0,2026-08-23 19:13:13,False,,alto,True
2026-08-24 01:06:55,2208,2026-08-23 15:04:21,0,2026-08-23 15:04:21,False,,bajo,True
2026-08-24 01:06:55,2224,2026-08-24 01:01:38,0,2026-08-24 01:01:38,False,,bajo,True
2026-08-24 01:06:55,2225,2026-08-24 01:04:46,0,2026-08-24 01:04:46,False,,bajo,True
2026-08-24 01:06:55,2227,2026-08-23 18:09:06,0,2026-08-23 18:09:06,False,,bajo,True
2026-08-24 01:06:55,2229,2026-08-24 01:05:50,0,2026-08-24 01:05:50,False,,bajo,True
2026-08-24 01:06:55,2230,2026-08-24 01:01:32,0,2026-08-24 01:01:32,False,,medio,True
2026-08-24 01:06:55,2250,2026-08-24 01:05:00,0,2026-08-24 01:05:00,False,,bajo,True
2026-08-24 01:06:55,2264,2026-08-24 01:05:59,0,2026-08-24 01:05:59,False,,bajo,True
2026-08-24 01:06:55,2268,2026-08-22 17:15:04,0,2026-08-22 17:15:04,False,,bajo,True
2026-08-24 01:06:55,2284,2026-08-23 22:55:28,0,2026-08-23 22:55:28,False,,bajo,True
2026-08-24 01:06:55,2317,2026-08-24 00:58:43,0,2026-08-24 00:58:43,False,,bajo,True
2026-08-24 01:06:55,2326,2026-08-23 04:21:39,0,2026-08-23 04:21:39,False,,bajo,True
2026-08-24 01:06:55,2327,2026-08-24 01:04:21,0,2026-08-24 01:04:21,False,,bajo,True
2026-08-24 01:06:55,2330,2026-08-23 14:58:34,0,2026-08-23 14:58:34,False,,bajo,False
2026-08-24 01:06:55,2335,2026-08-23 19:34:28,0,2026-08-23 19:34:28,False,,bajo,True
2026-08-24 01:06:55,2391,2026-08-22 23:36:43,0,2026-08-22 23:36:43,False,,bajo,False
2026-08-24 01:06:55,2404,2026-08-23 03:57:02,0,2026-08-23 03:57:02,False,,bajo,True
2026-08-24 01:06:55,2411,2026-08-23 00:13:38,0,2026-08-23 00:13:38,False,,bajo,False
2026-08-24 01:06:55,2415,2026-08-23 11:37:06,0,2026-08-23 11:37:06,False,,bajo,True
2026-08-24 01:06:55,2424,2025-03-13 16:03:26,0,2025-03-13 16:03:26,False,,bajo,False
2026-08-24 01:06:55,2446,2026-08-24 00:59:47,0,2026-08-24 00:59:47,False,,bajo,True
2026-08-24 01:06:55,2459,2026-08-23 19:02:18,0,2026-08-23 19:02:18,False,,bajo,True
2026-08-24 01:06:55,2464,2026-08-23 12:42:20,0,2026-08-23 12:42:20,False,,bajo,True
2026-08-24 01:06:55,2465,2026-08-23 21:13:26,0,2026-08-23 21:13:26,False,,bajo,False
2026-08-24 01:06:55,2466,2026-08-22 16:28:26,0,2026-08-22 16:28:26,False,,bajo,False
2026-08-24 01:06:55,2468,2026-08-24 01:01:51,0,2026-08-24 01:01:51,False,,bajo,True
2026-08-24 01:06:55,2471,2026-08-24 01:05:13,0,2026-08-24 01:05:13,False,,bajo,True
2026-08-24 01:06:55,2475,2026-08-23 03:53:17,0,2026-08-23 03:53:17,False,,bajo,True
2026-08-24 01:06:55,2476,2026-08-24 01:05:27,0,2026-08-24 01:05:27,False,,bajo,True
2026-08-24 01:06:55,2482,2026-08-23 21:56:28,0,2026-08-23 21:56:28,False,,bajo,True
2026-08-24 01:06:55,2484,2026-08-23 21:47:09,0,2026-08-23 21:47:09,False,,bajo,True
2026-08-24 01:06:55,2485,2026-08-24 01:05:33,0,2026-08-24 01:05:33,False,,bajo,True
2026-08-24 01:06:55,2492,2026-08-23 19:17:43,0,2026-08-23 19:17:43,False,,bajo,True
2026-08-24 01:06:55,2516,2026-08-22 20:10:52,0,2026-08-22 20:10:52,False,,bajo,False
2026-08-24 01:06:55,2519,2026-08-23 07:03:28,0,2026-08-23 07:03:28,False,,bajo,True
2026-08-24 01:06:55,2565,2026-08-23 20:19:08,0,2026-08-23 20:19:08,False,,bajo,False
2026-08-24 01:06:55,2567,2026-08-23 16:17:18,0,2026-08-23 16:17:18,False,,bajo,True
2026-08-24 01:06:55,2575,2026-08-24 00:45:08,0,2026-08-24 00:45:08,False,,bajo,True
2026-08-24 01:06:55,2582,2026-08-23 05:53:12,0,2026-08-23 05:53:12,False,,bajo,False
2026-08-24 01:06:55,2590,2026-08-23 10:18:27,0,2026-08-23 10:18:27,False,,bajo,False
2026-08-24 01:06:55,2592,2026-08-23 04:03:20,0,2026-08-23 04:03:20,False,,bajo,True
2026-08-24 01:06:55,2593,2026-08-23 12:12:33,0,2026-08-23 12:12:33,False,,bajo,True
2026-08-24 01:06:55,2654,2026-08-23 21:38:16,0,2026-08-23 21:38:16,False,,bajo,True
2026-08-24 01:06:55,2665,2026-08-23 18:36:04,0,2026-08-23 18:36:04,False,,bajo,True
2026-08-24 01:06:55,2668,2026-08-22 10:01:22,0,2026-08-22 10:01:22,False,,bajo,False
2026-08-24 01:06:55,2678,2026-08-23 23:58:22,0,2026-08-23 23:58:22,False,,bajo,True
2026-08-24 01:06:55,2693,2026-08-24 01:03:47,0,2026-08-24 01:03:47,False,,bajo,True
2026-08-24 01:06:55,2701,2026-08-23 18:23:52,0,2026-08-23 18:23:52,False,,bajo,True
2026-08-24 01:06:55,2706,2026-08-23 11:27:44,0,2026-08-23 11:27:44,False,,alto,False
2026-08-24 01:06:55,2718,2026-08-23 15:59:27,0,2026-08-23 15:59:27,False,,bajo,False
2026-08-24 01:06:55,2722,2026-08-23 21:56:38,0,2026-08-23 21:56:38,False,,medio,False
2026-08-24 01:06:55,2724,2026-08-23 20:55:07,0,2026-08-23 20:55:07,False,,bajo,False
2026-08-24 01:06:55,2726,2025-03-13 16:03:26,0,2025-03-13 16:03:26,False,,bajo,False
2026-08-24 01:06:55,2730,2026-08-24 01:05:19,0,2026-08-24 01:05:19,False,,medio,True
2026-08-24 01:06:55,2743,2026-08-24 01:04:35,0,2026-08-24 01:04:35,False,,medio,True
2026-08-24 01:06:55,2744,2026-08-24 01:06:24,0,2026-08-24 01:06:24,False,,bajo,True
2026-08-24 01:06:55,2751,2026-08-23 07:36:37,0,2026-08-23 07:36:37,False,,bajo,False
2026-08-24 01:06:55,2754,2026-08-24 01:06:17,0,2026-08-24 01:06:17,False,,bajo,True
2026-08-24 01:06:55,2760,2026-08-24 01:02:35,0,2026-08-24 01:02:35,False,,alto,True
2026-08-24 01:06:55,2768,2026-08-24 01:02:42,0,2026-08-24 01:02:42,False,,bajo,True
2026-08-24 01:06:55,2770,2026-08-23 23:56:15,0,2026-08-23 23:56:15,False,,alto,True
2026-08-24 01:06:55,2773,2026-08-23 22:06:16,0,2026-08-23 22:06:16,False,,bajo,True
2026-08-24 01:06:55,2777,2025-03-13 16:03:26,0,2025-03-13 16:03:26,False,,bajo,False
2026-08-24 01:06:55,2780,2026-08-22 23:46:53,0,2026-08-22 23:46:53,False,,bajo,False
2026-08-24 01:06:55,2781,2026-08-23 13:36:08,0,2026-08-23 13:36:08,False,,bajo,False
2026-08-24 01:06:55,2790,2026-08-22 22:02:26,0,2026-08-22 22:02:26,False,,bajo,True
2026-08-24 01:06:55,2791,2026-08-15 17:43:40,0,2026-08-15 17:43:40,False,,bajo,True
2026-08-24 01:06:55,2796,2026-08-23 20:18:29,0,2026-08-23 20:18:29,False,,bajo,False
2026-08-24 01:06:55,2803,2026-08-24 01:05:50,0,2026-08-24 01:05:50,False,,bajo,True
2026-08-24 01:06:55,2807,2026-08-22 13:39:53,0,2026-08-22 13:39:53,False,,bajo,False
2026-08-24 01:06:55,2808,2026-08-24 01:05:27,0,2026-08-24 01:05:27,False,,bajo,True
2026-08-24 01:06:55,2810,2026-08-23 17:27:57,0,2026-08-23 17:27:57,False,,bajo,True
2026-08-24 01:06:55,2830,2025-03-13 16:03:26,0,2025-03-13 16:03:26,False,,bajo,False
2026-08-24 01:06:55,2858,2026-08-23 20:06:18,0,2026-08-23 20:06:18,False,,bajo,True
2026-08-24 01:06:55,2904,2026-08-23 06:35:46,0,2026-08-23 06:35:46,False,,bajo,False
2026-08-24 01:06:55,2922,2026-08-24 01:01:47,0,2026-08-24 01:01:47,False,,bajo,True
2026-08-24 01:06:55,2926,2026-08-24 00:54:09,0,2026-08-24 00:54:09,False,,bajo,True
2026-08-24 01:06:55,2929,2026-08-23 21:57:20,0,2026-08-23 21:57:20,False,,alto,True
2026-08-24 01:06:55,2935,2026-08-24 00:58:13,0,2026-08-24 00:58:13,False,,bajo,True
2026-08-24 01:06:55,2937,2026-08-23 21:54:03,0,2026-08-23 21:54:03,False,,bajo,True
2026-08-24 01:06:55,2961,2026-02-27 08:12:26,0,2026-02-27 08:12:26,False,,bajo,False
2026-08-24 01:06:55,2971,2026-08-22 16:39:00,0,2026-08-22 16:39:00,False,,bajo,True
2026-08-24 01:06:55,2972,2026-08-24 00:07:13,0,2026-08-24 00:07:13,False,,bajo,True
2026-08-24 01:06:55,2973,2026-08-23 17:57:32,0,2026-08-23 17:57:32,False,,bajo,False
2026-08-24 01:06:55,2975,2026-08-23 19:08:51,0,2026-08-23 19:08:51,False,,bajo,True
2026-08-24 01:06:55,2978,2026-08-23 19:31:30,0,2026-08-23 19:31:30,False,,bajo,True
2026-08-24 01:06:55,2983,2026-08-24 01:05:16,0,2026-08-24 01:05:16,False,,bajo,True
2026-08-24 01:06:55,2984,2026-08-22 11:43:42,0,2026-08-22 11:43:42,False,,bajo,False
2026-08-24 01:06:55,2985,2026-08-23 10:07:27,0,2026-08-23 10:07:27,False,,bajo,False
2026-08-24 01:06:55,2986,2026-08-23 09:40:00,0,2026-08-23 09:40:00,False,,bajo,False
2026-08-24 01:06:55,2987,2026-08-22 15:40:00,0,2026-08-22 15:40:00,False,,bajo,True
2026-08-24 01:06:55,2988,2026-08-23 18:13:03,0,2026-08-23 18:13:03,False,,bajo,True
2026-08-24 01:06:55,2993,2026-08-24 01:02:16,0,2026-08-24 01:02:16,False,,bajo,True
2026-08-24 01:06:55,2994,2026-08-22 19:52:55,0,2026-08-22 19:52:55,False,,bajo,True
2026-08-24 01:06:55,2996,2026-08-23 20:58:41,0,2026-08-23 20:58:41,False,,bajo,True
2026-08-24 01:06:55,2998,2026-08-22 20:29:45,0,2026-08-22 20:29:45,False,,bajo,True
2026-08-24 01:06:55,3002,2026-08-23 21:54:16,0,2026-08-23 21:54:16,False,,bajo,True
2026-08-24 01:06:55,3009,2026-08-23 16:16:18,0,2026-08-23 16:16:18,False,,bajo,True
2026-08-24 01:06:55,3010,2026-08-23 21:47:00,0,2026-08-23 21:47:00,False,,bajo,True
2026-08-24 01:06:55,3011,2026-08-23 17:10:08,0,2026-08-23 17:10:08,False,,bajo,True
2026-08-24 01:06:55,3013,2026-08-24 01:03:33,0,2026-08-24 01:03:33,False,,bajo,True
2026-08-24 01:06:55,3020,2026-08-23 13:56:47,0,2026-08-23 13:56:47,False,,bajo,False
2026-08-24 01:06:55,3022,2026-08-22 18:07:45,0,2026-08-22 18:07:45,False,,bajo,True
2026-08-24 01:06:55,3024,2026-08-24 01:00:44,0,2026-08-24 01:00:44,False,,bajo,True
2026-08-24 01:06:55,3026,2026-08-22 16:07:30,0,2026-08-22 16:07:30,False,,bajo,False
2026-08-24 01:06:55,3027,2026-08-23 18:54:22,0,2026-08-23 18:54:22,False,,bajo,True
2026-08-24 01:06:55,3029,2026-08-23 10:13:33,0,2026-08-23 10:13:33,False,,bajo,True
2026-08-24 01:06:55,3036,2025-03-13 16:18:25,0,2025-03-13 16:18:25,False,,bajo,False
2026-08-24 01:06:55,3039,2026-08-23 15:58:33,0,2026-08-23 15:58:33,False,,bajo,False
2026-08-24 01:06:55,3060,2026-08-23 21:19:11,0,2026-08-23 21:19:11,False,,bajo,True
2026-08-24 01:06:55,3064,2026-08-24 01:01:28,0,2026-08-24 01:01:28,False,,bajo,True
2026-08-24 01:06:55,3065,2026-08-24 00:01:55,0,2026-08-24 00:01:55,False,,bajo,True
2026-08-24 01:06:55,3074,2026-08-24 01:03:33,0,2026-08-24 01:03:33,False,,bajo,True
2026-08-24 01:06:55,3076,2026-08-23 12:59:26,0,2026-08-23 12:59:26,False,,bajo,False
2026-08-24 01:06:55,3079,2026-08-24 01:05:09,0,2026-08-24 01:05:09,False,,bajo,True
2026-08-24 01:06:55,3084,2026-08-23 18:55:16,0,2026-08-23 18:55:16,False,,bajo,False
2026-08-24 01:06:55,3086,2026-08-23 15:25:09,0,2026-08-23 15:25:09,False,,alto,False
2026-08-24 01:06:55,3087,2026-08-23 01:36:18,0,2026-08-23 01:36:18,False,,alto,False
2026-08-24 01:06:55,3099,2026-08-23 19:13:25,0,2026-08-23 19:13:25,False,,bajo,True
2026-08-24 01:06:55,3101,2026-08-24 00:19:58,0,2026-08-24 00:19:58,False,,bajo,False
2026-08-24 01:06:55,3117,2026-08-23 21:06:49,0,2026-08-23 21:06:49,False,,bajo,True
2026-08-24 01:06:55,3121,2026-08-23 22:04:36,0,2026-08-23 22:04:36,False,,bajo,True
2026-08-24 01:06:55,3132,2026-08-23 01:31:37,0,2026-08-23 01:31:37,False,,bajo,True
2026-08-24 01:06:55,3138,2026-08-23 12:16:22,0,2026-08-23 12:16:22,False,,bajo,True
2026-08-24 01:06:55,3141,2026-08-23 22:01:41,0,2026-08-23 22:01:41,False,,bajo,False
2026-08-24 01:06:55,3144,2026-08-23 20:58:22,0,2026-08-23 20:58:22,False,,bajo,True
2026-08-24 01:06:55,3145,2026-08-23 22:04:59,0,2026-08-23 22:04:59,False,,bajo,True
2026-08-24 01:06:55,3146,2026-08-23 22:27:53,0,2026-08-23 22:27:53,False,,bajo,True
2026-08-24 01:06:55,3151,2026-08-23 18:02:28,0,2026-08-23 18:02:28,False,,alto,False
2026-08-24 01:06:55,3154,2026-08-23 07:28:29,0,2026-08-23 07:28:29,False,,bajo,False
2026-08-24 01:06:55,3155,2026-08-23 21:59:30,0,2026-08-23 21:59:30,False,,bajo,True
2026-08-24 01:06:55,3159,2026-08-23 17:32:27,0,2026-08-23 17:32:27,False,,bajo,True
2026-08-24 01:06:55,3160,2026-08-22 10:42:27,0,2026-08-22 10:42:27,False,,bajo,False
2026-08-24 01:06:55,3161,2026-08-23 10:53:39,0,2026-08-23 10:53:39,False,,bajo,False
2026-08-24 01:06:55,3162,2026-08-24 01:05:24,0,2026-08-24 01:05:24,False,,bajo,True
2026-08-24 01:06:55,3169,2026-08-23 20:59:32,0,2026-08-23 20:59:32,False,,bajo,False
2026-08-24 01:06:55,3172,2026-08-24 01:05:49,0,2026-08-24 01:05:49,False,,bajo,True
2026-08-24 01:06:55,3178,2026-08-23 18:50:06,0,2026-08-23 18:50:06,False,,bajo,True
2026-08-24 01:06:55,3184,2026-08-23 22:03:07,0,2026-08-23 22:03:07,False,,bajo,False
2026-08-24 01:06:55,3185,2026-08-23 21:44:27,0,2026-08-23 21:44:27,False,,bajo,True
2026-08-24 01:06:55,3186,2026-08-22 20:58:13,0,2026-08-22 20:58:13,False,,bajo,False
2026-08-24 01:06:55,3187,2026-08-23 09:50:03,0,2026-08-23 09:50:03,False,,bajo,True
2026-08-24 01:06:55,3191,2026-08-23 21:56:16,0,2026-08-23 21:56:16,False,,medio,True
2026-08-24 01:06:55,3199,2026-08-24 01:03:23,0,2026-08-24 01:03:23,False,,bajo,True
2026-08-24 01:06:55,3202,2026-08-24 00:46:15,0,2026-08-24 00:46:15,False,,bajo,True
2026-08-24 01:06:55,3203,2026-08-23 11:58:10,0,2026-08-23 11:58:10,False,,bajo,False
2026-08-24 01:06:55,3204,2026-08-23 13:33:32,0,2026-08-23 13:33:32,False,,bajo,True
2026-08-24 01:06:55,3207,2026-08-24 00:58:47,0,2026-08-24 00:58:47,False,,bajo,True
2026-08-24 01:06:55,3208,2026-08-23 20:45:08,0,2026-08-23 20:45:08,False,,bajo,False
2026-08-24 01:06:55,3216,2026-08-23 12:02:59,0,2026-08-23 12:02:59,False,,bajo,False
2026-08-24 01:06:55,3222,2026-08-24 01:06:09,0,2026-08-24 01:06:09,False,,bajo,False
2026-08-24 01:06:55,3224,2026-08-17 11:30:26,0,2026-08-17 11:30:26,False,,bajo,True
2026-08-24 01:06:55,3225,2026-08-23 11:03:56,0,2026-08-23 11:03:56,False,,bajo,False
2026-08-24 01:06:55,3227,2026-08-23 12:41:22,0,2026-08-23 12:41:22,False,,bajo,True
2026-08-24 01:06:55,3232,2026-08-23 20:28:48,0,2026-08-23 20:28:48,False,,bajo,True
2026-08-24 01:06:55,3239,2026-08-22 19:59:19,0,2026-08-22 19:59:19,False,,bajo,False
2026-08-24 01:06:55,3242,2026-08-23 10:12:20,0,2026-08-23 10:12:20,False,,bajo,True
2026-08-24 01:06:55,3243,2026-08-22 18:20:11,0,2026-08-22 18:20:11,False,,bajo,True
2026-08-24 01:06:55,3244,2026-08-23 22:48:51,0,2026-08-23 22:48:51,False,,bajo,True
2026-08-24 01:06:55,3253,2026-08-24 00:40:07,0,2026-08-24 00:40:07,False,,bajo,True
2026-08-24 01:06:55,3259,2026-08-23 21:58:47,0,2026-08-23 21:58:47,False,,medio,True
2026-08-24 01:06:55,3264,2026-08-24 00:34:48,0,2026-08-24 00:34:48,False,,bajo,True
2026-08-24 01:06:55,3266,2026-08-23 21:45:25,0,2026-08-23 21:45:25,False,,bajo,True
2026-08-24 01:06:55,4018,2026-08-23 14:23:49,0,2026-08-23 14:23:49,False,,bajo,False
2026-08-24 01:06:55,4024,2026-08-23 20:19:22,0,2026-08-23 20:19:22,False,,bajo,False
2026-08-24 01:06:55,1724,2026-08-22 15:23:41,1,2026-08-22 15:23:41,False,,bajo,False
2026-08-24 01:06:55,1744,2026-08-22 18:09:16,1,2026-08-22 18:09:16,False,,bajo,False
2026-08-24 01:06:55,1766,2026-06-03 03:27:01,1,2026-06-03 03:27:01,False,,bajo,False
2026-08-24 01:06:55,1784,2026-06-03 03:29:57,1,2026-06-03 03:29:57,False,,bajo,False
2026-08-24 01:06:55,1805,2026-06-03 08:20:37,1,2026-06-03 08:20:37,False,,bajo,False
2026-08-24 01:06:55,1806,2026-08-22 23:34:58,1,2026-08-22 23:34:58,False,,bajo,False
2026-08-24 01:06:55,1824,2026-06-03 08:35:59,1,2026-06-03 08:35:59,False,,bajo,False
2026-08-24 01:06:55,1844,2026-08-23 09:20:32,1,2026-08-23 09:20:32,False,,bajo,False
2026-08-24 01:06:55,1845,2026-06-03 08:35:31,1,2026-06-03 08:35:31,False,,bajo,False
2026-08-24 01:06:55,1846,2026-08-23 04:07:41,1,2026-08-23 04:07:41,False,,bajo,False
2026-08-24 01:06:55,1887,2026-08-23 06:48:44,1,2026-08-23 06:48:44,False,,bajo,True
2026-08-24 01:06:55,1924,2026-08-22 23:33:14,1,2026-08-22 23:33:14,False,,bajo,False
2026-08-24 01:06:55,1926,2026-08-23 00:23:30,1,2026-08-23 00:23:30,False,,bajo,False
2026-08-24 01:06:55,1927,2026-08-23 21:17:20,1,2026-08-23 21:17:20,False,,bajo,False
2026-08-24 01:06:55,1928,2026-08-23 22:07:33,1,2026-08-23 22:07:33,False,,bajo,False
2026-08-24 01:06:55,1945,2026-08-22 17:00:58,1,2026-08-22 17:00:58,False,,bajo,False
2026-08-24 01:06:55,1964,2026-08-23 19:26:11,1,2026-08-23 19:26:11,False,,alto,False
2026-08-24 01:06:55,1965,2026-08-22 18:03:27,1,2026-08-22 18:03:27,False,,bajo,False
2026-08-24 01:06:55,1984,2026-08-22 09:26:01,1,2026-08-22 09:26:01,False,,bajo,False
2026-08-24 01:06:55,2190,2026-08-23 18:12:23,1,2026-08-23 18:12:23,False,,bajo,False
2026-08-24 01:06:55,2192,2026-08-22 23:03:10,1,2026-08-22 23:03:10,False,,bajo,False
2026-08-24 01:06:55,2193,2026-08-22 03:01:38,1,2026-08-22 03:01:38,False,,bajo,False
2026-08-24 01:06:55,2204,2026-08-22 14:16:07,1,2026-08-22 14:16:07,False,,bajo,False
2026-08-24 01:06:55,2205,2026-08-23 11:15:46,1,2026-08-23 11:15:46,False,,bajo,False
2026-08-24 01:06:55,2207,2026-08-22 16:51:04,1,2026-08-22 16:51:04,False,,bajo,False
2026-08-24 01:06:55,2208,2026-08-23 20:49:26,1,2026-08-23 20:49:26,False,,bajo,False
2026-08-24 01:06:55,2224,2026-08-22 14:26:32,1,2026-08-22 14:26:32,False,,bajo,False
2026-08-24 01:06:55,2225,2026-08-24 00:31:22,1,2026-08-24 00:31:22,False,,bajo,False
2026-08-24 01:06:55,2227,2026-08-23 00:18:53,1,2026-08-23 00:18:53,False,,bajo,False
2026-08-24 01:06:55,2230,2026-08-23 01:30:53,1,2026-08-23 01:30:53,False,,bajo,False
2026-08-24 01:06:55,2250,2026-08-23 04:35:54,1,2026-08-23 04:35:54,False,,bajo,True
2026-08-24 01:06:55,2264,2026-08-23 01:08:13,1,2026-08-23 01:08:13,False,,bajo,True
2026-08-24 01:06:55,2268,2026-08-23 05:37:15,1,2026-08-23 05:37:15,False,,bajo,False
2026-08-24 01:06:55,2284,2026-08-22 20:45:28,1,2026-08-22 20:45:28,False,,bajo,True
2026-08-24 01:06:55,2317,2026-08-23 07:01:48,1,2026-08-23 07:01:48,False,,bajo,False
2026-08-24 01:06:55,2326,2026-08-22 21:12:50,1,2026-08-22 21:12:50,False,,bajo,False
2026-08-24 01:06:55,2327,2026-08-22 15:58:27,1,2026-08-22 15:58:27,False,,bajo,False
2026-08-24 01:06:55,2330,2026-08-22 23:39:33,1,2026-08-22 23:39:33,False,,bajo,False
2026-08-24 01:06:55,2335,2026-08-22 13:44:56,1,2026-08-22 13:44:56,False,,bajo,False
2026-08-24 01:06:55,2391,2026-08-22 01:59:47,1,2026-08-22 01:59:47,False,,bajo,False
2026-08-24 01:06:55,2404,2026-08-23 04:49:35,1,2026-08-23 04:49:35,False,,bajo,False
2026-08-24 01:06:55,2415,2026-08-23 12:24:30,1,2026-08-23 12:24:30,False,,bajo,False
2026-08-24 01:06:55,2424,2025-03-13 16:03:26,1,2025-03-13 16:03:26,False,,bajo,False
2026-08-24 01:06:55,2446,2026-08-23 02:39:25,1,2026-08-23 02:39:25,False,,bajo,False
2026-08-24 01:06:55,2459,2026-08-23 13:10:41,1,2026-08-23 13:10:41,False,,bajo,False
2026-08-24 01:06:55,2464,2026-08-22 18:42:23,1,2026-08-22 18:42:23,False,,bajo,False
2026-08-24 01:06:55,2465,2026-08-22 21:01:37,1,2026-08-22 21:01:37,False,,bajo,False
2026-08-24 01:06:55,2466,2026-08-22 23:10:25,1,2026-08-22 23:10:25,False,,bajo,False
2026-08-24 01:06:55,2468,2026-08-23 03:13:46,1,2026-08-23 03:13:46,False,,bajo,True
2026-08-24 01:06:55,2471,2026-08-23 09:07:28,1,2026-08-23 09:07:28,False,,bajo,False
2026-08-24 01:06:55,2475,2026-08-23 00:08:21,1,2026-08-23 00:08:21,False,,bajo,False
2026-08-24 01:06:55,2476,2026-08-23 08:42:20,1,2026-08-23 08:42:20,False,,bajo,False
2026-08-24 01:06:55,2482,2026-08-23 20:39:33,1,2026-08-23 20:39:33,False,,medio,True
2026-08-24 01:06:55,2484,2026-08-21 16:58:24,1,2026-08-21 16:58:24,False,,bajo,False
2026-08-24 01:06:55,2485,2026-08-24 00:31:49,1,2026-08-24 00:31:49,False,,bajo,True
2026-08-24 01:06:55,2492,2026-08-22 16:58:30,1,2026-08-22 16:58:30,False,,bajo,False
2026-08-24 01:06:55,2516,2026-08-23 21:18:41,1,2026-08-23 21:18:41,False,,bajo,False
2026-08-24 01:06:55,2519,2026-08-21 10:54:32,1,2026-08-21 10:54:32,False,,bajo,False
2026-08-24 01:06:55,2565,2026-08-22 21:50:13,1,2026-08-22 21:50:13,False,,bajo,False
2026-08-24 01:06:55,2567,2026-08-22 10:16:43,1,2026-08-22 10:16:43,False,,bajo,False
2026-08-24 01:06:55,2575,2026-08-23 09:59:10,1,2026-08-23 09:59:10,False,,bajo,False
2026-08-24 01:06:55,2582,2026-08-22 21:11:40,1,2026-08-22 21:11:40,False,,bajo,False
2026-08-24 01:06:55,2590,2026-08-23 21:30:36,1,2026-08-23 21:30:36,False,,bajo,False
2026-08-24 01:06:55,2592,2026-08-23 10:24:04,1,2026-08-23 10:24:04,False,,bajo,True
2026-08-24 01:06:55,2593,2026-08-22 21:45:51,1,2026-08-22 21:45:51,False,,bajo,False
2026-08-24 01:06:55,2654,2026-08-23 21:49:30,1,2026-08-23 21:49:30,False,,bajo,True
2026-08-24 01:06:55,2665,2026-08-22 04:23:28,1,2026-08-22 04:23:28,False,,bajo,False
2026-08-24 01:06:55,2668,2026-08-22 23:12:24,1,2026-08-22 23:12:24,False,,bajo,False
2026-08-24 01:06:55,2678,2026-08-22 21:20:28,1,2026-08-22 21:20:28,False,,bajo,False
2026-08-24 01:06:55,2693,2026-08-22 22:44:46,1,2026-08-22 22:44:46,False,,bajo,False
2026-08-24 01:06:55,2701,2026-08-23 13:47:05,1,2026-08-23 13:47:05,False,,bajo,False
2026-08-24 01:06:55,2706,2026-08-22 19:31:09,1,2026-08-22 19:31:09,False,,bajo,False
2026-08-24 01:06:55,2718,2026-08-23 13:18:45,1,2026-08-23 13:18:45,False,,bajo,False
2026-08-24 01:06:55,2722,2026-08-22 20:50:58,1,2026-08-22 20:50:58,False,,medio,False
2026-08-24 01:06:55,2724,2026-08-23 02:33:48,1,2026-08-23 02:33:48,False,,medio,False
2026-08-24 01:06:55,2726,2025-03-13 16:03:26,1,2025-03-13 16:03:26,False,,bajo,False
2026-08-24 01:06:55,2730,2026-06-03 08:24:07,1,2026-06-03 08:24:07,False,,bajo,False
2026-08-24 01:06:55,2743,2026-08-24 01:04:29,1,2026-08-24 01:04:29,False,,bajo,True
2026-08-24 01:06:55,2744,2026-08-23 10:11:32,1,2026-08-23 10:11:32,False,,bajo,False
2026-08-24 01:06:55,2751,2026-08-22 04:09:05,1,2026-08-22 04:09:05,False,,bajo,False
2026-08-24 01:06:55,2754,2026-06-03 08:25:11,1,2026-06-03 08:25:11,False,,bajo,False
2026-08-24 01:06:55,2768,2026-06-03 08:23:19,1,2026-06-03 08:23:19,False,,bajo,False
2026-08-24 01:06:55,2770,2025-03-13 16:03:26,1,2025-03-13 16:03:26,False,,bajo,False
2026-08-24 01:06:55,2773,2026-08-23 10:25:30,1,2026-08-23 10:25:30,False,,alto,True
2026-08-24 01:06:55,2777,2025-03-13 16:03:26,1,2025-03-13 16:03:26,False,,bajo,False
2026-08-24 01:06:55,2780,2026-08-23 11:32:31,1,2026-08-23 11:32:31,False,,bajo,False
2026-08-24 01:06:55,2781,2026-08-22 10:13:26,1,2026-08-22 10:13:26,False,,bajo,False
2026-08-24 01:06:55,2790,2026-08-22 03:27:38,1,2026-08-22 03:27:38,False,,bajo,False
2026-08-24 01:06:55,2791,2026-08-15 17:39:44,1,2026-08-15 17:39:44,False,,bajo,False
2026-08-24 01:06:55,2796,2026-08-23 20:51:48,1,2026-08-23 20:51:48,False,,bajo,False
2026-08-24 01:06:55,2803,2026-08-23 10:49:58,1,2026-08-23 10:49:58,False,,bajo,False
2026-08-24 01:06:55,2807,2026-08-23 12:26:02,1,2026-08-23 12:26:02,False,,bajo,False
2026-08-24 01:06:55,2808,2026-08-22 20:23:12,1,2026-08-22 20:23:12,False,,bajo,False
2026-08-24 01:06:55,2810,2026-08-23 10:41:12,1,2026-08-23 10:41:12,False,,bajo,True
2026-08-24 01:06:55,2830,2025-03-13 16:03:26,1,2025-03-13 16:03:26,False,,bajo,False
2026-08-24 01:06:55,2858,2026-08-23 20:58:40,1,2026-08-23 20:58:40,False,,alto,False
2026-08-24 01:06:55,2904,2026-08-21 14:30:02,1,2026-08-21 14:30:02,False,,bajo,False
2026-08-24 01:06:55,2922,2026-06-03 07:54:30,1,2026-06-03 07:54:30,False,,bajo,False
2026-08-24 01:06:55,2926,2026-08-24 00:52:53,1,2026-08-24 00:52:53,False,,bajo,False
2026-08-24 01:06:55,2929,2026-08-23 14:26:50,1,2026-08-23 14:26:50,False,,bajo,False
2026-08-24 01:06:55,2935,2026-08-23 10:05:12,1,2026-08-23 10:05:12,False,,bajo,False
2026-08-24 01:06:55,2937,2026-08-23 12:20:49,1,2026-08-23 12:20:49,False,,bajo,False
2026-08-24 01:06:55,2961,2026-02-27 08:12:26,1,2026-02-27 08:12:26,False,,bajo,False
2026-08-24 01:06:55,2971,2026-08-22 23:12:31,1,2026-08-22 23:12:31,False,,bajo,False
2026-08-24 01:06:55,2972,2026-08-21 23:29:55,1,2026-08-21 23:29:55,False,,bajo,False
2026-08-24 01:06:55,2973,2026-08-23 16:31:41,1,2026-08-23 16:31:41,False,,bajo,False
2026-08-24 01:06:55,2975,2026-08-22 18:56:32,1,2026-08-22 18:56:32,False,,bajo,False
2026-08-24 01:06:55,2978,2026-08-23 21:44:54,1,2026-08-23 21:44:54,False,,bajo,True
2026-08-24 01:06:55,2983,2026-08-23 23:30:00,1,2026-08-23 23:30:00,False,,bajo,False
2026-08-24 01:06:55,2984,2026-08-22 02:04:20,1,2026-08-22 02:04:20,False,,bajo,False
2026-08-24 01:06:55,2985,2026-08-22 12:39:22,1,2026-08-22 12:39:22,False,,bajo,False
2026-08-24 01:06:55,2986,2026-08-22 11:55:38,1,2026-08-22 11:55:38,False,,bajo,False
2026-08-24 01:06:55,2987,2026-08-22 08:51:50,1,2026-08-22 08:51:50,False,,bajo,False
2026-08-24 01:06:55,2988,2026-08-23 22:02:09,1,2026-08-23 22:02:09,False,,bajo,False
2026-08-24 01:06:55,2993,2026-08-23 04:55:39,1,2026-08-23 04:55:39,False,,bajo,False
2026-08-24 01:06:55,2994,2026-08-22 19:57:16,1,2026-08-22 19:57:16,False,,bajo,False
2026-08-24 01:06:55,2996,2026-08-23 20:36:13,1,2026-08-23 20:36:13,False,,bajo,False
2026-08-24 01:06:55,2998,2026-08-23 09:04:03,1,2026-08-23 09:04:03,False,,bajo,True
2026-08-24 01:06:55,3002,2026-08-22 10:52:16,1,2026-08-22 10:52:16,False,,bajo,False
2026-08-24 01:06:55,3009,2026-08-23 11:49:13,1,2026-08-23 11:49:13,False,,bajo,False
2026-08-24 01:06:55,3010,2026-08-22 17:32:55,1,2026-08-22 17:32:55,False,,bajo,False
2026-08-24 01:06:55,3011,2026-08-23 00:50:23,1,2026-08-23 00:50:23,False,,bajo,False
2026-08-24 01:06:55,3013,2026-08-23 18:18:39,1,2026-08-23 18:18:39,False,,bajo,False
2026-08-24 01:06:55,3020,2026-08-23 18:43:27,1,2026-08-23 18:43:27,False,,bajo,False
2026-08-24 01:06:55,3022,2026-08-23 22:44:16,1,2026-08-23 22:44:16,False,,medio,False
2026-08-24 01:06:55,3024,2026-08-23 03:59:39,1,2026-08-23 03:59:39,False,,bajo,False
2026-08-24 01:06:55,3026,2026-08-23 11:58:32,1,2026-08-23 11:58:32,False,,bajo,False
2026-08-24 01:06:55,3027,2026-08-22 23:43:41,1,2026-08-22 23:43:41,False,,bajo,False
2026-08-24 01:06:55,3029,2026-08-23 00:14:27,1,2026-08-23 00:14:27,False,,bajo,False
2026-08-24 01:06:55,3036,2025-03-13 16:18:25,1,2025-03-13 16:18:25,False,,bajo,False
2026-08-24 01:06:55,3039,2026-08-23 11:38:01,1,2026-08-23 11:38:01,False,,medio,False
2026-08-24 01:06:55,3060,2026-08-23 06:24:02,1,2026-08-23 06:24:02,False,,bajo,False
2026-08-24 01:06:55,3064,2026-08-23 08:07:22,1,2026-08-23 08:07:22,False,,bajo,True
2026-08-24 01:06:55,3065,2026-06-03 06:29:32,1,2026-06-03 06:29:32,False,,bajo,False
2026-08-24 01:06:55,3074,2026-08-24 01:02:27,1,2026-08-24 01:02:27,False,,bajo,False
2026-08-24 01:06:55,3076,2026-08-23 12:49:35,1,2026-08-23 12:49:35,False,,bajo,False
2026-08-24 01:06:55,3079,2026-08-22 21:08:15,1,2026-08-22 21:08:15,False,,bajo,False
2026-08-24 01:06:55,3084,2026-08-23 18:49:47,1,2026-08-23 18:49:47,False,,bajo,False
2026-08-24 01:06:55,3086,2026-08-23 14:31:37,1,2026-08-23 14:31:37,False,,bajo,False
2026-08-24 01:06:55,3087,2026-08-22 08:28:24,1,2026-08-22 08:28:24,False,,bajo,False
2026-08-24 01:06:55,3099,2026-08-23 08:41:32,1,2026-08-23 08:41:32,False,,bajo,False
2026-08-24 01:06:55,3101,2026-08-22 03:11:56,1,2026-08-22 03:11:56,False,,bajo,False
2026-08-24 01:06:55,3117,2026-08-23 13:48:14,1,2026-08-23 13:48:14,False,,bajo,False
2026-08-24 01:06:55,3121,2026-08-23 12:56:08,1,2026-08-23 12:56:08,False,,bajo,False
2026-08-24 01:06:55,3132,2026-08-23 02:33:47,1,2026-08-23 02:33:47,False,,bajo,False
2026-08-24 01:06:55,3138,2026-08-23 11:57:36,1,2026-08-23 11:57:36,False,,bajo,False
2026-08-24 01:06:55,3141,2026-08-22 13:53:54,1,2026-08-22 13:53:54,False,,bajo,False
2026-08-24 01:06:55,3144,2026-08-23 22:06:18,1,2026-08-23 22:06:18,False,,bajo,False
2026-08-24 01:06:55,3145,2026-08-23 11:27:11,1,2026-08-23 11:27:11,False,,bajo,False
2026-08-24 01:06:55,3146,2026-08-23 22:56:59,1,2026-08-23 22:56:59,False,,bajo,False
2026-08-24 01:06:55,3151,2026-08-23 17:30:40,1,2026-08-23 17:30:40,False,,bajo,False
2026-08-24 01:06:55,3154,2026-08-23 02:32:27,1,2026-08-23 02:32:27,False,,bajo,False
2026-08-24 01:06:55,3155,2026-08-23 14:50:14,1,2026-08-23 14:50:14,False,,bajo,False
2026-08-24 01:06:55,3159,2026-08-22 20:52:37,1,2026-08-22 20:52:37,False,,bajo,False
2026-08-24 01:06:55,3160,2026-08-22 21:22:25,1,2026-08-22 21:22:25,False,,bajo,False
2026-08-24 01:06:55,3161,2026-08-23 11:05:44,1,2026-08-23 11:05:44,False,,bajo,False
2026-08-24 01:06:55,3162,2026-06-03 06:14:04,1,2026-06-03 06:14:04,False,,bajo,False
2026-08-24 01:06:55,3169,2026-08-23 17:56:10,1,2026-08-23 17:56:10,False,,bajo,False
2026-08-24 01:06:55,3172,2026-08-22 12:25:39,1,2026-08-22 12:25:39,False,,bajo,False
2026-08-24 01:06:55,3178,2026-08-23 19:45:00,1,2026-08-23 19:45:00,False,,bajo,True
2026-08-24 01:06:55,3184,2026-08-23 11:46:57,1,2026-08-23 11:46:57,False,,bajo,False
2026-08-24 01:06:55,3185,2026-08-23 21:44:36,1,2026-08-23 21:44:36,False,,alto,False
2026-08-24 01:06:55,3187,2026-08-23 19:29:13,1,2026-08-23 19:29:13,False,,bajo,False
2026-08-24 01:06:55,3191,2026-08-23 22:07:56,1,2026-08-23 22:07:56,False,,bajo,True
2026-08-24 01:06:55,3199,2026-08-23 11:17:29,1,2026-08-23 11:17:29,False,,bajo,True
2026-08-24 01:06:55,3202,2026-08-23 00:34:16,1,2026-08-23 00:34:16,False,,bajo,False
2026-08-24 01:06:55,3203,2026-08-23 00:52:05,1,2026-08-23 00:52:05,False,,bajo,False
2026-08-24 01:06:55,3204,2026-08-22 19:33:25,1,2026-08-22 19:33:25,False,,bajo,False
2026-08-24 01:06:55,3207,2026-08-23 23:27:48,1,2026-08-23 23:27:48,False,,bajo,False
2026-08-24 01:06:55,3208,2026-08-22 15:51:23,1,2026-08-22 15:51:23,False,,bajo,True
2026-08-24 01:06:55,3216,2026-08-23 13:36:40,1,2026-08-23 13:36:40,False,,alto,True
2026-08-24 01:06:55,3222,2026-08-22 15:23:56,1,2026-08-22 15:23:56,False,,bajo,False
2026-08-24 01:06:55,3224,2026-08-17 16:15:24,1,2026-08-17 16:15:24,False,,bajo,True
2026-08-24 01:06:55,3225,2026-08-23 11:47:41,1,2026-08-23 11:47:41,False,,bajo,False
2026-08-24 01:06:55,3227,2026-08-22 18:36:20,1,2026-08-22 18:36:20,False,,bajo,False
2026-08-24 01:06:55,3232,2026-08-23 12:06:34,1,2026-08-23 12:06:34,False,,bajo,True
2026-08-24 01:06:55,3239,2026-08-23 03:29:24,1,2026-08-23 03:29:24,False,,bajo,False
2026-08-24 01:06:55,3242,2026-08-22 05:42:00,1,2026-08-22 05:42:00,False,,bajo,False
2026-08-24 01:06:55,3243,2026-08-23 14:31:30,1,2026-08-23 14:31:30,False,,bajo,False
2026-08-24 01:06:55,3244,2026-08-23 23:09:55,1,2026-08-23 23:09:55,False,,bajo,False
2026-08-24 01:06:55,3259,2026-08-23 17:46:27,1,2026-08-23 17:46:27,False,,medio,False
2026-08-24 01:06:55,3264,2026-08-22 20:07:24,1,2026-08-22 20:07:24,False,,bajo,False
2026-08-24 01:06:55,3266,2026-08-23 12:33:08,1,2026-08-23 12:33:08,False,,bajo,False
2026-08-24 01:06:55,4018,2026-08-23 13:54:47,1,2026-08-23 13:54:47,False,,bajo,False
2026-08-24 01:06:55,4024,2026-08-22 20:58:44,1,2026-08-22 20:58:44,False,,bajo,False
2026-08-24 01:06:55,1724,2026-06-03 08:15:44,2,2026-06-03 08:15:44,False,,bajo,False
2026-08-24 01:06:55,1744,2026-06-03 06:32:42,2,2026-06-03 06:32:42,False,,bajo,False
2026-08-24 01:06:55,1766,2026-06-03 17:35:31,2,2026-06-03 17:35:31,False,,bajo,False
2026-08-24 01:06:55,1784,2026-06-03 17:31:00,2,2026-06-03 17:31:00,False,,bajo,False
2026-08-24 01:06:55,1805,2026-06-03 17:31:00,2,2026-06-03 17:31:00,False,,bajo,False
2026-08-24 01:06:55,1824,2026-06-03 17:31:00,2,2026-06-03 17:31:00,False,,bajo,False
2026-08-24 01:06:55,1844,2026-06-03 17:31:00,2,2026-06-03 17:31:00,False,,bajo,False
2026-08-24 01:06:55,1845,2026-06-03 17:31:27,2,2026-06-03 17:31:27,False,,bajo,False
2026-08-24 01:06:55,1887,2026-08-05 15:28:49,2,2026-08-05 15:28:49,False,,bajo,False
2026-08-24 01:06:55,1924,2026-06-03 17:31:00,2,2026-06-03 17:31:00,False,,bajo,False
2026-08-24 01:06:55,1926,2026-06-03 06:42:55,2,2026-06-03 06:42:55,False,,bajo,False
2026-08-24 01:06:55,1944,2026-06-03 17:31:00,2,2026-06-03 17:31:00,False,,bajo,False
2026-08-24 01:06:55,1945,2026-08-19 12:11:35,2,2026-08-19 12:11:35,False,,bajo,False
2026-08-24 01:06:55,2190,2025-03-13 16:03:26,2,2025-03-13 16:03:26,False,,bajo,False
2026-08-24 01:06:55,2193,2026-06-03 17:33:58,2,2026-06-03 17:33:58,False,,bajo,False
2026-08-24 01:06:55,2205,2026-06-02 08:49:39,2,2026-06-02 08:49:39,False,,bajo,False
2026-08-24 01:06:55,2208,2026-07-20 15:35:36,2,2026-07-20 15:35:36,False,,bajo,False
2026-08-24 01:06:55,2224,2026-06-03 08:23:23,2,2026-06-03 08:23:23,False,,bajo,False
2026-08-24 01:06:55,2229,2026-06-03 07:24:01,2,2026-06-03 07:24:01,False,,bajo,False
2026-08-24 01:06:55,2250,2026-06-03 08:23:15,2,2026-06-03 08:23:15,False,,bajo,False
2026-08-24 01:06:55,2335,2026-06-03 06:08:53,2,2026-06-03 06:08:53,False,,bajo,False
2026-08-24 01:06:55,2411,2026-06-03 08:44:37,2,2026-06-03 08:44:37,False,,bajo,False
2026-08-24 01:06:55,2465,2026-06-03 06:28:44,2,2026-06-03 06:28:44,False,,bajo,False
2026-08-24 01:06:55,2466,2025-03-13 16:03:26,2,2025-03-13 16:03:26,False,,bajo,False
2026-08-24 01:06:55,2468,2026-06-03 08:40:08,2,2026-06-03 08:40:08,False,,bajo,False
2026-08-24 01:06:55,2706,2026-06-03 05:15:51,2,2026-06-03 05:15:51,False,,bajo,False
2026-08-24 01:06:55,2724,2026-08-22 11:08:53,2,2026-08-22 11:08:53,False,,bajo,False
2026-08-24 01:06:55,2730,2026-06-03 08:24:08,2,2026-06-03 08:24:08,False,,bajo,False
2026-08-24 01:06:55,2743,2026-06-03 08:33:58,2,2026-06-03 08:33:58,False,,bajo,False
2026-08-24 01:06:55,2744,2026-06-03 08:26:24,2,2026-06-03 08:26:24,False,,bajo,False
2026-08-24 01:06:55,2768,2026-06-03 08:23:19,2,2026-06-03 08:23:19,False,,bajo,False
2026-08-24 01:06:55,2770,2026-06-03 08:28:44,2,2026-06-03 08:28:44,False,,bajo,False
2026-08-24 01:06:55,2773,2026-06-03 08:42:23,2,2026-06-03 08:42:23,False,,bajo,False
2026-08-24 01:06:55,2780,2026-06-03 08:31:16,2,2026-06-03 08:31:16,False,,bajo,False
2026-08-24 01:06:55,2781,2026-06-03 08:39:47,2,2026-06-03 08:39:47,False,,bajo,False
2026-08-24 01:06:55,2922,2026-06-03 07:54:30,2,2026-06-03 07:54:30,False,,bajo,False
2026-08-24 01:06:55,2983,2026-06-03 08:26:35,2,2026-06-03 08:26:35,False,,bajo,False
2026-08-24 01:06:55,2993,2026-05-28 08:20:47,2,2026-05-28 08:20:47,False,,bajo,False
2026-08-24 01:06:55,3002,2025-03-13 16:03:26,2,2025-03-13 16:03:26,False,,bajo,False
2026-08-24 01:06:55,3020,2026-06-03 08:31:34,2,2026-06-03 08:31:34,False,,bajo,False
2026-08-24 01:06:55,3065,2026-06-03 06:29:32,2,2026-06-03 06:29:32,False,,bajo,False
2026-08-24 01:06:55,3086,2026-06-03 08:38:54,2,2026-06-03 08:38:54,False,,bajo,False
2026-08-24 01:06:55,3087,2026-06-03 02:06:08,2,2026-06-03 02:06:08,False,,bajo,False
2026-08-24 01:06:55,3151,2026-06-03 07:25:54,2,2026-06-03 07:25:54,False,,bajo,False
2026-08-24 01:06:55,3160,2026-06-03 03:28:18,2,2026-06-03 03:28:18,False,,bajo,False
2026-08-24 01:06:55,3199,2026-06-03 08:41:17,2,2026-06-03 08:41:17,False,,bajo,False
2026-08-24 01:06:55,3203,2026-06-03 08:22:47,2,2026-06-03 08:22:47,False,,bajo,False
2026-08-24 01:06:55,3204,2026-06-03 07:54:17,2,2026-06-03 07:54:17,False,,bajo,False
2026-08-24 01:06:55,3207,2026-06-03 07:05:01,2,2026-06-03 07:05:01,False,,bajo,False
2026-08-24 01:06:55,3227,2025-03-13 16:03:26,2,2025-03-13 16:03:26,False,,bajo,False
2026-08-24 01:06:55,1846,2026-06-03 08:24:16,3,2026-06-03 08:24:16,False,,bajo,False
2026-08-24 01:06:55,2193,2026-06-03 03:28:55,3,2026-06-03 03:28:55,False,,bajo,False
2026-08-24 01:06:55,2208,2026-06-03 08:31:26,3,2026-06-03 08:31:26,False,,bajo,False
2026-08-24 01:06:55,2330,2026-06-03 07:45:12,3,2026-06-03 07:45:12,False,,bajo,False
2026-08-24 01:06:55,2415,2026-06-03 08:47:45,3,2026-06-03 08:47:45,False,,bajo,False
2026-08-24 01:06:55,2466,2026-06-03 08:38:32,3,2026-06-03 08:38:32,False,,bajo,False
2026-08-24 01:06:55,2582,2026-06-03 08:15:54,3,2026-06-03 08:15:54,False,,bajo,False
2026-08-24 01:06:55,2665,2026-06-03 07:10:20,3,2026-06-03 07:10:20,False,,bajo,False
2026-08-24 01:06:55,2718,2026-06-03 07:28:18,3,2026-06-03 07:28:18,False,,bajo,False
2026-08-24 01:06:55,2722,2026-06-03 06:10:37,3,2026-06-03 06:10:37,False,,bajo,False
2026-08-24 01:06:55,2751,2026-06-03 07:40:08,3,2026-06-03 07:40:08,False,,bajo,False
2026-08-24 01:06:55,2858,2026-06-03 00:31:15,3,2026-06-03 00:31:15,False,,bajo,False
2026-08-24 01:06:55,2993,2026-05-28 08:20:47,3,2026-05-28 08:20:47,False,,bajo,False
2026-08-24 01:06:55,2994,2026-06-03 07:45:41,3,2026-06-03 07:45:41,False,,bajo,False
2026-08-24 01:06:55,3010,2026-06-03 08:19:28,3,2026-06-03 08:19:28,False,,bajo,False
2026-08-24 01:06:55,3011,2026-06-03 08:45:02,3,2026-06-03 08:45:02,False,,bajo,False
2026-08-24 01:06:55,3024,2026-06-03 07:31:40,3,2026-06-03 07:31:40,False,,bajo,False
2026-08-24 01:06:55,3026,2026-06-03 08:11:53,3,2026-06-03 08:11:53,False,,bajo,False
2026-08-24 01:06:55,3027,2026-06-03 08:24:41,3,2026-06-03 08:24:41,False,,bajo,False
2026-08-24 01:06:55,3074,2026-06-03 06:59:32,3,2026-06-03 06:59:32,False,,bajo,False
2026-08-24 01:06:55,3079,2026-06-03 07:50:16,3,2026-06-03 07:50:16,False,,bajo,False
2026-08-24 01:06:55,3086,2026-06-03 08:38:54,3,2026-06-03 08:38:54,False,,bajo,False
2026-08-24 01:06:55,3087,2026-06-03 02:06:08,3,2026-06-03 02:06:08,False,,bajo,False
2026-08-24 01:06:55,3132,2026-06-03 08:15:52,3,2026-06-03 08:15:52,False,,bajo,False
2026-08-24 01:06:55,3160,2026-06-03 03:28:18,3,2026-06-03 03:28:18,False,,bajo,False
2026-08-24 01:06:55,3172,2026-06-03 08:52:22,3,2026-06-03 08:52:22,False,,bajo,False
2026-08-24 01:06:55,3203,2026-06-03 17:31:00,3,2026-06-03 17:31:00,False,,bajo,False
2026-08-24 01:06:55,3204,2026-06-03 07:54:17,3,2026-06-03 07:54:17,False,,bajo,False
2026-08-24 01:06:55,3207,2026-06-03 07:05:01,3,2026-06-03 07:05:01,False,,bajo,False
2026-08-24 01:06:55,3222,2026-06-03 08:54:14,3,2026-06-03 08:54:14,False,,bajo,False
2026-08-24 01:06:55,2362,2026-08-23 20:20:25,0,2026-08-23 20:20:25,False,,bajo,True
2026-08-24 01:06:55,2815,2026-08-23 08:22:35,0,2026-08-23 08:22:35,False,,bajo,False
2026-08-24 01:06:55,2817,2026-08-22 16:49:08,0,2026-08-22 16:49:08,False,,bajo,True
2026-08-24 01:06:55,2818,2026-08-23 13:51:57,0,2026-08-23 13:51:57,False,,bajo,False
2026-08-24 01:06:55,2820,2026-08-23 22:10:01,0,2026-08-23 22:10:01,False,,bajo,True
2026-08-24 01:06:55,2821,2026-08-23 19:37:32,0,2026-08-23 19:37:32,False,,medio,True
2026-08-24 01:06:55,2822,2026-08-23 13:08:08,0,2026-08-23 13:08:08,False,,alto,True
2026-08-24 01:06:55,2823,2026-08-23 22:00:09,0,2026-08-23 22:00:09,False,,bajo,True
2026-08-24 01:06:55,2824,2026-08-21 22:11:14,0,2026-08-21 22:11:14,False,,bajo,True
2026-08-24 01:06:55,2827,2026-08-22 18:35:54,0,2026-08-22 18:35:54,False,,bajo,True
2026-08-24 01:06:55,2828,2026-08-17 16:37:58,0,2026-08-17 16:37:58,False,,bajo,False
2026-08-24 01:06:55,2833,2026-08-23 22:00:08,0,2026-08-23 22:00:08,False,,alto,False
2026-08-24 01:06:55,2931,2026-08-23 14:27:39,0,2026-08-23 14:27:39,False,,alto,False
2026-08-24 01:06:55,2932,2026-08-23 12:44:27,0,2026-08-23 12:44:27,False,,bajo,False
2026-08-24 01:06:55,2949,2026-08-23 22:06:59,0,2026-08-23 22:06:59,False,,bajo,False
2026-08-24 01:06:55,2952,2026-08-20 20:17:51,0,2026-08-20 20:17:51,False,,bajo,False
2026-08-24 01:06:55,2953,2026-08-23 23:31:21,0,2026-08-23 23:31:21,False,,bajo,False
2026-08-24 01:06:55,2969,2026-08-23 14:43:54,0,2026-08-23 14:43:54,False,,bajo,True
2026-08-24 01:06:55,2995,2026-08-23 10:35:16,0,2026-08-23 10:35:16,False,,bajo,False
2026-08-24 01:06:55,3017,2026-08-20 19:00:46,0,2026-08-20 19:00:46,False,,bajo,False
2026-08-24 01:06:55,3021,2026-08-22 12:54:28,0,2026-08-22 12:54:28,False,,bajo,False
2026-08-24 01:06:55,3068,2026-08-23 22:08:00,0,2026-08-23 22:08:00,False,,bajo,False
2026-08-24 01:06:55,3080,2026-08-23 23:37:18,0,2026-08-23 23:37:18,False,,bajo,True
2026-08-24 01:06:55,3089,2026-08-23 14:29:54,0,2026-08-23 14:29:54,False,,bajo,False
2026-08-24 01:06:55,3111,2026-08-23 23:18:07,0,2026-08-23 23:18:07,False,,bajo,True
2026-08-24 01:06:55,3112,2026-08-23 16:52:55,0,2026-08-23 16:52:55,False,,bajo,False
2026-08-24 01:06:55,3142,2026-08-22 18:16:02,0,2026-08-22 18:16:02,False,,bajo,False
2026-08-24 01:06:55,3181,2026-08-22 22:04:24,0,2026-08-22 22:04:24,False,,bajo,True
2026-08-24 01:06:55,3205,2026-08-22 17:20:57,0,2026-08-22 17:20:57,False,,bajo,False
2026-08-24 01:06:55,3233,2026-08-22 09:26:11,0,2026-08-22 09:26:11,False,,bajo,False
2026-08-24 01:06:55,2362,2026-08-23 13:52:01,1,2026-08-23 13:52:01,False,,bajo,True
2026-08-24 01:06:55,2815,2026-08-23 06:39:22,1,2026-08-23 06:39:22,False,,bajo,False
2026-08-24 01:06:55,2817,2026-08-22 15:56:04,1,2026-08-22 15:56:04,False,,bajo,False
2026-08-24 01:06:55,2818,2026-08-23 20:09:57,1,2026-08-23 20:09:57,False,,bajo,False
2026-08-24 01:06:55,2820,2026-06-03 07:57:34,1,2026-06-03 07:57:34,False,,bajo,False
2026-08-24 01:06:55,2821,2026-08-23 20:26:00,1,2026-08-23 20:26:00,False,,medio,True
2026-08-24 01:06:55,2822,2026-08-23 22:00:16,1,2026-08-23 22:00:16,False,,medio,False
2026-08-24 01:06:55,2823,2026-08-23 21:17:35,1,2026-08-23 21:17:35,False,,bajo,True
2026-08-24 01:06:55,2824,2026-08-22 20:36:43,1,2026-08-22 20:36:43,False,,bajo,False
2026-08-24 01:06:55,2827,2026-08-22 11:41:25,1,2026-08-22 11:41:25,False,,bajo,False
2026-08-24 01:06:55,2828,2026-08-22 14:28:26,1,2026-08-22 14:28:26,False,,bajo,False
2026-08-24 01:06:55,2833,2026-08-23 10:38:05,1,2026-08-23 10:38:05,False,,alto,False
2026-08-24 01:06:55,2931,2026-08-23 15:15:26,1,2026-08-23 15:15:26,False,,alto,True
2026-08-24 01:06:55,2932,2026-08-23 14:57:58,1,2026-08-23 14:57:58,False,,bajo,True
2026-08-24 01:06:55,2949,2026-08-23 08:33:58,1,2026-08-23 08:33:58,False,,bajo,False
2026-08-24 01:06:55,2952,2026-08-21 14:27:45,1,2026-08-21 14:27:45,False,,bajo,False
2026-08-24 01:06:55,2953,2026-08-23 23:25:21,1,2026-08-23 23:25:21,False,,bajo,False
2026-08-24 01:06:55,2969,2026-08-23 12:12:57,1,2026-08-23 12:12:57,False,,medio,False
2026-08-24 01:06:55,2995,2026-08-22 20:45:54,1,2026-08-22 20:45:54,False,,bajo,False
2026-08-24 01:06:55,3017,2026-08-21 10:57:06,1,2026-08-21 10:57:06,False,,bajo,False
2026-08-24 01:06:55,3021,2026-08-13 12:23:04,1,2026-08-13 12:23:04,False,,bajo,False
2026-08-24 01:06:55,3068,2026-08-22 21:22:03,1,2026-08-22 21:22:03,False,,bajo,False
2026-08-24 01:06:55,3080,2026-08-23 22:59:59,1,2026-08-23 22:59:59,False,,bajo,False
2026-08-24 01:06:55,3089,2026-08-23 21:47:08,1,2026-08-23 21:47:08,False,,bajo,False
2026-08-24 01:06:55,3111,2026-08-23 23:18:27,1,2026-08-23 23:18:27,False,,bajo,False
2026-08-24 01:06:55,3112,2026-08-23 18:45:08,1,2026-08-23 18:45:08,False,,bajo,False
2026-08-24 01:06:55,3142,2026-08-23 15:56:04,1,2026-08-23 15:56:04,False,,bajo,False
2026-08-24 01:06:55,3181,2026-08-23 20:09:50,1,2026-08-23 20:09:50,False,,bajo,False
2026-08-24 01:06:55,3233,2026-08-23 20:42:01,1,2026-08-23 20:42:01,False,,bajo,True
2026-08-24 01:06:55,2736,2026-08-23 14:05:39,0,2026-08-23 14:05:39,False,,bajo,True
2026-08-24 01:06:55,2755,2026-08-23 13:11:58,0,2026-08-23 13:11:58,False,,bajo,True
2026-08-24 01:06:55,2908,2026-08-23 21:57:07,0,2026-08-23 21:57:07,False,,bajo,True
2026-08-24 01:06:55,3072,2025-03-13 16:03:26,0,2025-03-13 16:03:26,False,,bajo,False
2026-08-24 01:06:55,3100,2026-08-23 22:25:03,0,2026-08-23 22:25:03,False,,bajo,True
2026-08-24 01:06:55,3170,2026-08-23 09:51:02,0,2026-08-23 09:51:02,False,,bajo,False
2026-08-24 01:06:55,2736,2026-08-23 14:28:10,1,2026-08-23 14:28:10,False,,bajo,False
2026-08-24 01:06:55,2755,2026-08-23 11:13:51,1,2026-08-23 11:13:51,False,,bajo,True
2026-08-24 01:06:55,2908,2026-08-23 18:37:13,1,2026-08-23 18:37:13,False,,bajo,False
2026-08-24 01:06:55,3072,2025-03-13 16:03:26,1,2025-03-13 16:03:26,False,,bajo,False
2026-08-24 01:06:55,3100,2026-08-23 19:24:49,1,2026-08-23 19:24:49,False,,bajo,False
2026-08-24 01:06:55,3170,2026-08-22 12:25:47,1,2026-08-22 12:25:47,False,,bajo,False
