fecha_actualizacion,id_eess,fecha_actualizacion_sistema,id_producto_abs,fecha_ultima_venta,despacho_en_curso,fecha_hora_despacho,saldo_estado,con_venta
2026-08-31 01:48:02,2456,2026-08-30 20:21:02,0,2026-08-30 20:21:02,False,,bajo,False
2026-08-31 01:48:02,2458,2026-08-29 22:02:22,0,2026-08-29 22:02:22,False,,bajo,False
2026-08-31 01:48:02,2491,2026-08-29 17:07:20,0,2026-08-29 17:07:20,False,,bajo,False
2026-08-31 01:48:02,2494,2026-08-30 03:01:40,0,2026-08-30 03:01:40,False,,alto,False
2026-08-31 01:48:02,2501,2026-08-29 19:05:18,0,2026-08-29 19:05:18,False,,bajo,False
2026-08-31 01:48:02,2531,2026-08-29 19:20:27,0,2026-08-29 19:20:27,False,,alto,False
2026-08-31 01:48:02,2545,2026-08-30 07:01:35,0,2026-08-30 07:01:35,False,,bajo,False
2026-08-31 01:48:02,2551,2026-08-30 16:05:01,0,2026-08-30 16:05:01,False,,bajo,True
2026-08-31 01:48:02,2639,2026-08-30 15:29:14,0,2026-08-30 15:29:14,False,,bajo,False
2026-08-31 01:48:02,2670,2026-08-30 21:33:57,0,2026-08-30 21:33:57,False,,medio,True
2026-08-31 01:48:02,2675,2026-08-29 23:35:51,0,2026-08-29 23:35:51,False,,bajo,True
2026-08-31 01:48:02,2704,2026-08-31 00:40:23,0,2026-08-31 00:40:23,False,,bajo,False
2026-08-31 01:48:02,2705,2026-08-30 11:54:32,0,2026-08-30 11:54:32,False,,bajo,False
2026-08-31 01:48:02,2719,2025-06-26 16:00:33,0,2025-06-26 16:00:33,False,,bajo,False
2026-08-31 01:48:02,2728,2026-08-31 01:33:06,0,2026-08-31 01:33:06,False,,bajo,False
2026-08-31 01:48:02,2731,2026-08-29 17:59:21,0,2026-08-29 17:59:21,False,,bajo,False
2026-08-31 01:48:02,2869,2026-08-30 18:52:45,0,2026-08-30 18:52:45,False,,bajo,False
2026-08-31 01:48:02,2881,2026-08-30 07:45:54,0,2026-08-30 07:45:54,False,,bajo,False
2026-08-31 01:48:02,2903,2026-08-29 18:00:18,0,2026-08-29 18:00:18,False,,bajo,True
2026-08-31 01:48:02,2939,2026-08-31 01:36:43,0,2026-08-31 01:36:43,False,,bajo,True
2026-08-31 01:48:02,2940,2026-08-30 21:58:28,0,2026-08-30 21:58:28,False,,bajo,True
2026-08-31 01:48:02,3051,2026-08-29 06:24:39,0,2026-08-29 06:24:39,False,,bajo,False
2026-08-31 01:48:02,3078,2026-08-30 23:40:00,0,2026-08-30 23:40:00,False,,bajo,True
2026-08-31 01:48:02,3114,2026-08-30 15:54:19,0,2026-08-30 15:54:19,False,,bajo,False
2026-08-31 01:48:02,3118,2026-08-31 01:13:46,0,2026-08-31 01:13:46,False,,bajo,False
2026-08-31 01:48:02,3119,2026-08-28 11:01:19,0,2026-08-28 11:01:19,False,,bajo,False
2026-08-31 01:48:02,3164,2026-08-30 01:39:20,0,2026-08-30 01:39:20,False,,bajo,True
2026-08-31 01:48:02,3249,2026-08-27 18:59:08,0,2026-08-27 18:59:08,False,,bajo,True
2026-08-31 01:48:02,2456,2026-08-30 20:20:35,1,2026-08-30 20:20:35,False,,alto,False
2026-08-31 01:48:02,2458,2026-08-30 22:00:10,1,2026-08-30 22:00:10,False,,bajo,False
2026-08-31 01:48:02,2491,2026-08-29 14:54:15,1,2026-08-29 14:54:15,False,,bajo,False
2026-08-31 01:48:02,2494,2026-08-30 01:33:37,1,2026-08-30 01:33:37,False,,alto,False
2026-08-31 01:48:02,2501,2026-08-30 09:00:44,1,2026-08-30 09:00:44,False,,bajo,False
2026-08-31 01:48:02,2531,2026-08-29 13:17:57,1,2026-08-29 13:17:57,False,,alto,False
2026-08-31 01:48:02,2545,2026-08-30 21:05:11,1,2026-08-30 21:05:11,False,,bajo,True
2026-08-31 01:48:02,2551,2026-08-31 01:45:01,1,2026-08-31 01:45:01,False,,bajo,False
2026-08-31 01:48:02,2639,2026-08-30 15:39:01,1,2026-08-30 15:39:01,False,,bajo,False
2026-08-31 01:48:02,2670,2026-08-30 21:32:29,1,2026-08-30 21:32:29,False,,bajo,False
2026-08-31 01:48:02,2675,2026-08-30 15:37:41,1,2026-08-30 15:37:41,False,,bajo,False
2026-08-31 01:48:02,2704,2026-08-30 15:53:34,1,2026-08-30 15:53:34,False,,bajo,False
2026-08-31 01:48:02,2705,2026-08-30 07:58:24,1,2026-08-30 07:58:24,False,,bajo,False
2026-08-31 01:48:02,2728,2026-08-31 01:18:50,1,2026-08-31 01:18:50,False,,bajo,False
2026-08-31 01:48:02,2731,2026-08-30 23:28:17,1,2026-08-30 23:28:17,False,,bajo,False
2026-08-31 01:48:02,2869,2026-08-30 07:02:13,1,2026-08-30 07:02:13,False,,bajo,False
2026-08-31 01:48:02,2881,2026-08-30 16:10:19,1,2026-08-30 16:10:19,False,,bajo,False
2026-08-31 01:48:02,2903,2026-08-30 21:26:55,1,2026-08-30 21:26:55,False,,bajo,False
2026-08-31 01:48:02,2939,2026-08-29 21:03:46,1,2026-08-29 21:03:46,False,,bajo,False
2026-08-31 01:48:02,2940,2026-08-30 21:13:39,1,2026-08-30 21:13:39,False,,bajo,True
2026-08-31 01:48:02,3051,2026-08-29 19:35:33,1,2026-08-29 19:35:33,False,,bajo,False
2026-08-31 01:48:02,3078,2026-08-31 01:11:15,1,2026-08-31 01:11:15,False,,bajo,False
2026-08-31 01:48:02,3114,2026-08-30 15:56:21,1,2026-08-30 15:56:21,False,,bajo,False
2026-08-31 01:48:02,3118,2026-08-31 01:37:09,1,2026-08-31 01:37:09,False,,bajo,False
2026-08-31 01:48:02,3119,2026-08-31 01:33:34,1,2026-08-31 01:33:34,False,,bajo,False
2026-08-31 01:48:02,3249,2026-08-30 16:06:59,1,2026-08-30 16:06:59,False,,bajo,True
2026-08-31 01:48:02,2289,2026-08-30 14:41:28,0,2026-08-30 14:41:28,False,,bajo,True
2026-08-31 01:48:02,2292,2026-08-31 01:46:21,0,2026-08-31 01:46:21,False,,bajo,True
2026-08-31 01:48:02,2304,2026-06-03 08:24:38,0,2026-06-03 08:24:38,False,,bajo,False
2026-08-31 01:48:02,2329,2026-08-31 01:46:47,0,2026-08-31 01:46:47,False,,bajo,True
2026-08-31 01:48:02,2332,2026-08-31 00:58:48,0,2026-08-31 00:58:48,False,,bajo,False
2026-08-31 01:48:02,2359,2026-08-31 01:25:16,0,2026-08-31 01:25:16,False,,bajo,False
2026-08-31 01:48:02,2360,2026-08-30 12:14:32,0,2026-08-30 12:14:32,False,,bajo,False
2026-08-31 01:48:02,2361,2025-03-13 16:03:26,0,2025-03-13 16:03:26,False,,bajo,False
2026-08-31 01:48:02,2384,2026-08-30 15:28:05,0,2026-08-30 15:28:05,False,,alto,False
2026-08-31 01:48:02,2394,2026-08-30 20:14:19,0,2026-08-30 20:14:19,False,,alto,False
2026-08-31 01:48:02,2395,2026-08-30 12:36:08,0,2026-08-30 12:36:08,False,,bajo,True
2026-08-31 01:48:02,2405,2026-08-30 22:53:36,0,2026-08-30 22:53:36,False,,bajo,True
2026-08-31 01:48:02,2447,2026-08-29 14:53:43,0,2026-08-29 14:53:43,False,,bajo,False
2026-08-31 01:48:02,2448,2026-08-30 12:28:09,0,2026-08-30 12:28:09,False,,bajo,False
2026-08-31 01:48:02,2449,2026-08-30 16:25:23,0,2026-08-30 16:25:23,False,,bajo,True
2026-08-31 01:48:02,2450,2026-06-03 08:23:49,0,2026-06-03 08:23:49,False,,bajo,False
2026-08-31 01:48:02,2453,2026-08-30 09:20:12,0,2026-08-30 09:20:12,False,,bajo,False
2026-08-31 01:48:02,2454,2026-08-29 19:45:29,0,2026-08-29 19:45:29,False,,bajo,True
2026-08-31 01:48:02,2457,2026-08-30 13:44:19,0,2026-08-30 13:44:19,False,,bajo,False
2026-08-31 01:48:02,2470,2026-08-31 00:31:33,0,2026-08-31 00:31:33,False,,bajo,True
2026-08-31 01:48:02,2478,2026-08-30 16:00:20,0,2026-08-30 16:00:20,False,,bajo,True
2026-08-31 01:48:02,2479,2026-08-30 23:53:37,0,2026-08-30 23:53:37,False,,bajo,True
2026-08-31 01:48:02,2487,2026-08-27 15:30:20,0,2026-08-27 15:30:20,False,,bajo,False
2026-08-31 01:48:02,2490,2025-03-13 16:03:27,0,2025-03-13 16:03:27,False,,bajo,False
2026-08-31 01:48:02,2493,2025-03-13 16:03:26,0,2025-03-13 16:03:26,False,,bajo,False
2026-08-31 01:48:02,2499,2026-08-31 01:46:30,0,2026-08-31 01:46:30,False,,bajo,True
2026-08-31 01:48:02,2505,2026-08-29 22:43:52,0,2026-08-29 22:43:52,False,,bajo,False
2026-08-31 01:48:02,2507,2026-08-27 20:35:14,0,2026-08-27 20:35:14,False,,bajo,False
2026-08-31 01:48:02,2508,2026-08-30 22:00:23,0,2026-08-30 22:00:23,False,,bajo,False
2026-08-31 01:48:02,2517,2026-08-29 20:00:50,0,2026-08-29 20:00:50,False,,bajo,False
2026-08-31 01:48:02,2518,2026-08-30 23:48:21,0,2026-08-30 23:48:21,False,,bajo,True
2026-08-31 01:48:02,2520,2026-08-28 11:04:18,0,2026-08-28 11:04:18,False,,bajo,True
2026-08-31 01:48:02,2525,2026-08-30 23:30:40,0,2026-08-30 23:30:40,False,,alto,False
2026-08-31 01:48:02,2526,2026-08-31 01:46:07,0,2026-08-31 01:46:07,False,,bajo,True
2026-08-31 01:48:02,2529,2026-08-30 12:08:50,0,2026-08-30 12:08:50,False,,bajo,False
2026-08-31 01:48:02,2530,2026-06-02 08:37:08,0,2026-06-02 08:37:08,False,,bajo,False
2026-08-31 01:48:02,2532,2026-08-30 20:07:41,0,2026-08-30 20:07:41,False,,bajo,True
2026-08-31 01:48:02,2534,2026-08-31 00:00:24,0,2026-08-31 00:00:24,False,,bajo,True
2026-08-31 01:48:02,2536,2026-08-30 16:28:19,0,2026-08-30 16:28:19,False,,bajo,True
2026-08-31 01:48:02,2539,2025-03-13 16:03:27,0,2025-03-13 16:03:27,False,,bajo,False
2026-08-31 01:48:02,2542,2026-08-31 01:39:54,0,2026-08-31 01:39:54,False,,bajo,False
2026-08-31 01:48:02,2547,2026-08-29 20:36:28,0,2026-08-29 20:36:28,False,,bajo,False
2026-08-31 01:48:02,2548,2026-08-30 11:06:29,0,2026-08-30 11:06:29,False,,bajo,True
2026-08-31 01:48:02,2552,2026-08-30 18:39:29,0,2026-08-30 18:39:29,False,,bajo,False
2026-08-31 01:48:02,2557,2026-08-30 21:41:23,0,2026-08-30 21:41:23,False,,bajo,True
2026-08-31 01:48:02,2563,2026-08-18 07:32:10,0,2026-08-18 07:32:10,False,,bajo,False
2026-08-31 01:48:02,2571,2026-08-30 08:33:20,0,2026-08-30 08:33:20,False,,bajo,False
2026-08-31 01:48:02,2580,2026-08-29 18:03:08,0,2026-08-29 18:03:08,False,,bajo,False
2026-08-31 01:48:02,2609,2026-08-30 22:11:03,0,2026-08-30 22:11:03,False,,bajo,True
2026-08-31 01:48:02,2610,2026-08-30 15:05:27,0,2026-08-30 15:05:27,False,,bajo,False
2026-08-31 01:48:02,2620,2026-08-30 21:09:17,0,2026-08-30 21:09:17,False,,bajo,True
2026-08-31 01:48:02,2622,2026-08-30 10:56:31,0,2026-08-30 10:56:31,False,,bajo,False
2026-08-31 01:48:02,2630,2026-08-31 01:46:14,0,2026-08-31 01:46:14,False,,bajo,False
2026-08-31 01:48:02,2647,2026-08-30 20:26:55,0,2026-08-30 20:26:55,False,,bajo,True
2026-08-31 01:48:02,2662,2026-08-30 02:06:44,0,2026-08-30 02:06:44,False,,bajo,False
2026-08-31 01:48:02,2677,2026-08-30 20:09:19,0,2026-08-30 20:09:19,False,,bajo,False
2026-08-31 01:48:02,2683,2026-08-30 22:12:42,0,2026-08-30 22:12:42,False,,bajo,False
2026-08-31 01:48:02,2685,2026-08-30 08:07:02,0,2026-08-30 08:07:02,False,,bajo,False
2026-08-31 01:48:02,2689,2026-08-30 17:44:12,0,2026-08-30 17:44:12,False,,bajo,False
2026-08-31 01:48:02,2690,2026-08-30 08:46:29,0,2026-08-30 08:46:29,False,,bajo,False
2026-08-31 01:48:02,2694,2025-03-13 16:03:26,0,2025-03-13 16:03:26,False,,bajo,False
2026-08-31 01:48:02,2696,2026-08-30 19:07:13,0,2026-08-30 19:07:13,False,,bajo,False
2026-08-31 01:48:02,2698,2026-08-30 17:26:09,0,2026-08-30 17:26:09,False,,alto,True
2026-08-31 01:48:02,2703,2026-08-30 21:46:55,0,2026-08-30 21:46:55,False,,bajo,True
2026-08-31 01:48:02,2711,2026-08-30 09:53:24,0,2026-08-30 09:53:24,False,,alto,False
2026-08-31 01:48:02,2715,2026-06-03 06:51:07,0,2026-06-03 06:51:07,False,,bajo,False
2026-08-31 01:48:02,2716,2026-08-30 17:47:48,0,2026-08-30 17:47:48,False,,bajo,False
2026-08-31 01:48:02,2733,2025-03-13 16:03:27,0,2025-03-13 16:03:27,False,,bajo,False
2026-08-31 01:48:02,2742,2026-08-27 12:13:19,0,2026-08-27 12:13:19,False,,bajo,False
2026-08-31 01:48:02,2747,2026-08-30 07:08:20,0,2026-08-30 07:08:20,False,,bajo,False
2026-08-31 01:48:02,2752,2025-03-13 16:03:27,0,2025-03-13 16:03:27,False,,bajo,False
2026-08-31 01:48:02,2764,2026-08-30 20:12:46,0,2026-08-30 20:12:46,False,,bajo,False
2026-08-31 01:48:02,2765,2026-08-30 09:33:29,0,2026-08-30 09:33:29,False,,bajo,True
2026-08-31 01:48:02,2772,2026-06-03 04:57:09,0,2026-06-03 04:57:09,False,,bajo,False
2026-08-31 01:48:02,2774,2026-08-31 01:16:04,0,2026-08-31 01:16:04,False,,bajo,True
2026-08-31 01:48:02,2776,2026-08-30 22:56:24,0,2026-08-30 22:56:24,False,,bajo,True
2026-08-31 01:48:02,2779,2026-08-30 19:49:29,0,2026-08-30 19:49:29,False,,bajo,True
2026-08-31 01:48:02,2783,2026-08-30 10:16:43,0,2026-08-30 10:16:43,False,,bajo,False
2026-08-31 01:48:02,2784,2026-08-30 18:15:53,0,2026-08-30 18:15:53,False,,bajo,False
2026-08-31 01:48:02,2788,2026-08-29 09:42:59,0,2026-08-29 09:42:59,False,,bajo,False
2026-08-31 01:48:02,2793,2026-08-30 20:18:42,0,2026-08-30 20:18:42,False,,bajo,True
2026-08-31 01:48:02,2798,2026-08-30 18:01:55,0,2026-08-30 18:01:55,False,,bajo,False
2026-08-31 01:48:02,2802,2026-06-03 00:08:20,0,2026-06-03 00:08:20,False,,bajo,False
2026-08-31 01:48:02,2805,2026-08-30 22:53:17,0,2026-08-30 22:53:17,False,,bajo,True
2026-08-31 01:48:02,2806,2026-08-24 22:36:34,0,2026-08-24 22:36:34,False,,bajo,True
2026-08-31 01:48:02,2809,2026-08-31 01:46:54,0,2026-08-31 01:46:54,False,,bajo,True
2026-08-31 01:48:02,2811,2026-08-30 22:29:36,0,2026-08-30 22:29:36,False,,bajo,False
2026-08-31 01:48:02,2861,2026-08-31 01:45:00,0,2026-08-31 01:45:00,False,,bajo,True
2026-08-31 01:48:02,2870,2026-08-30 17:30:49,0,2026-08-30 17:30:49,False,,bajo,False
2026-08-31 01:48:02,2873,2026-08-30 09:39:06,0,2026-08-30 09:39:06,False,,bajo,False
2026-08-31 01:48:02,2899,2026-08-30 22:53:10,0,2026-08-30 22:53:10,False,,bajo,True
2026-08-31 01:48:02,2900,2025-03-13 16:18:25,0,2025-03-13 16:18:25,False,,bajo,False
2026-08-31 01:48:02,2912,2026-08-29 21:09:54,0,2026-08-29 21:09:54,False,,bajo,True
2026-08-31 01:48:02,2913,2026-08-30 22:55:25,0,2026-08-30 22:55:25,False,,bajo,False
2026-08-31 01:48:02,2928,2026-08-30 20:03:43,0,2026-08-30 20:03:43,False,,alto,True
2026-08-31 01:48:02,2934,2026-08-30 21:24:12,0,2026-08-30 21:24:12,False,,bajo,False
2026-08-31 01:48:02,2943,2026-08-29 17:14:09,0,2026-08-29 17:14:09,False,,bajo,True
2026-08-31 01:48:02,2945,2026-08-20 18:03:51,0,2026-08-20 18:03:51,False,,bajo,False
2026-08-31 01:48:02,2947,2026-08-31 01:46:57,0,2026-08-31 01:46:57,False,,bajo,True
2026-08-31 01:48:02,2956,2026-08-30 19:08:54,0,2026-08-30 19:08:54,False,,bajo,False
2026-08-31 01:48:02,2958,2026-08-30 21:59:18,0,2026-08-30 21:59:18,False,,alto,True
2026-08-31 01:48:02,2968,2026-08-31 01:41:22,0,2026-08-31 01:41:22,False,,bajo,True
2026-08-31 01:48:02,3040,2026-08-30 09:17:48,0,2026-08-30 09:17:48,False,,bajo,True
2026-08-31 01:48:02,3052,2026-08-30 09:56:29,0,2026-08-30 09:56:29,False,,bajo,False
2026-08-31 01:48:02,3053,2026-08-29 23:06:53,0,2026-08-29 23:06:53,False,,bajo,True
2026-08-31 01:48:02,3069,2026-08-29 03:40:36,0,2026-08-29 03:40:36,False,,bajo,True
2026-08-31 01:48:02,3083,2026-08-30 21:41:35,0,2026-08-30 21:41:35,False,,bajo,False
2026-08-31 01:48:02,3092,2026-08-30 10:49:00,0,2026-08-30 10:49:00,False,,bajo,False
2026-08-31 01:48:02,3123,2026-08-30 17:25:29,0,2026-08-30 17:25:29,False,,bajo,False
2026-08-31 01:48:02,3126,2026-08-30 16:57:26,0,2026-08-30 16:57:26,False,,bajo,False
2026-08-31 01:48:02,3166,2026-08-30 21:13:08,0,2026-08-30 21:13:08,False,,bajo,True
2026-08-31 01:48:02,3182,2026-08-30 22:09:29,0,2026-08-30 22:09:29,False,,bajo,False
2026-08-31 01:48:02,3196,2026-08-30 11:38:58,0,2026-08-30 11:38:58,False,,bajo,True
2026-08-31 01:48:02,3200,2026-08-30 21:28:45,0,2026-08-30 21:28:45,False,,bajo,False
2026-08-31 01:48:02,3206,2026-08-29 17:18:45,0,2026-08-29 17:18:45,False,,bajo,False
2026-08-31 01:48:02,3218,2026-08-30 21:39:59,0,2026-08-30 21:39:59,False,,bajo,False
2026-08-31 01:48:02,3220,2026-08-30 13:53:50,0,2026-08-30 13:53:50,False,,bajo,False
2026-08-31 01:48:02,3221,2026-08-30 19:06:54,0,2026-08-30 19:06:54,False,,alto,True
2026-08-31 01:48:02,3238,2026-08-28 10:30:28,0,2026-08-28 10:30:28,False,,bajo,True
2026-08-31 01:48:02,3241,2026-08-25 13:46:13,0,2026-08-25 13:46:13,False,,bajo,True
2026-08-31 01:48:02,3246,2026-08-29 20:45:00,0,2026-08-29 20:45:00,False,,bajo,True
2026-08-31 01:48:02,3252,2026-08-30 22:08:39,0,2026-08-30 22:08:39,False,,bajo,False
2026-08-31 01:48:02,3261,2026-08-30 12:41:12,0,2026-08-30 12:41:12,False,,bajo,False
2026-08-31 01:48:02,4016,2026-08-30 22:06:49,0,2026-08-30 22:06:49,False,,bajo,True
2026-08-31 01:48:02,4027,2026-08-30 17:51:28,0,2026-08-30 17:51:28,False,,bajo,False
2026-08-31 01:48:02,2304,2026-08-29 21:27:26,1,2026-08-29 21:27:26,False,,bajo,False
2026-08-31 01:48:02,2332,2026-08-29 14:04:03,1,2026-08-29 14:04:03,False,,bajo,False
2026-08-31 01:48:02,2359,2026-08-29 17:30:31,1,2026-08-29 17:30:31,False,,bajo,False
2026-08-31 01:48:02,2361,2025-03-13 16:03:26,1,2025-03-13 16:03:26,False,,bajo,False
2026-08-31 01:48:02,2384,2026-08-28 22:39:06,1,2026-08-28 22:39:06,False,,bajo,False
2026-08-31 01:48:02,2394,2026-08-29 14:09:39,1,2026-08-29 14:09:39,False,,alto,False
2026-08-31 01:48:02,2395,2026-08-30 07:35:39,1,2026-08-30 07:35:39,False,,bajo,True
2026-08-31 01:48:02,2405,2026-08-29 20:33:41,1,2026-08-29 20:33:41,False,,bajo,False
2026-08-31 01:48:02,2447,2026-08-28 23:40:43,1,2026-08-28 23:40:43,False,,bajo,True
2026-08-31 01:48:02,2448,2026-08-29 19:35:38,1,2026-08-29 19:35:38,False,,bajo,False
2026-08-31 01:48:02,2449,2026-08-30 18:06:27,1,2026-08-30 18:06:27,False,,medio,False
2026-08-31 01:48:02,2450,2026-08-28 17:52:17,1,2026-08-28 17:52:17,False,,bajo,False
2026-08-31 01:48:02,2453,2026-08-29 20:42:17,1,2026-08-29 20:42:17,False,,bajo,False
2026-08-31 01:48:02,2454,2026-08-30 05:21:25,1,2026-08-30 05:21:25,False,,bajo,False
2026-08-31 01:48:02,2457,2026-08-29 19:54:33,1,2026-08-29 19:54:33,False,,bajo,False
2026-08-31 01:48:02,2478,2026-08-29 19:46:43,1,2026-08-29 19:46:43,False,,bajo,True
2026-08-31 01:48:02,2487,2026-08-29 20:11:51,1,2026-08-29 20:11:51,False,,bajo,False
2026-08-31 01:48:02,2490,2025-03-13 16:03:27,1,2025-03-13 16:03:27,False,,bajo,False
2026-08-31 01:48:02,2493,2025-03-13 16:03:26,1,2025-03-13 16:03:26,False,,bajo,False
2026-08-31 01:48:02,2499,2026-06-03 06:29:57,1,2026-06-03 06:29:57,False,,bajo,False
2026-08-31 01:48:02,2505,2026-08-28 17:21:30,1,2026-08-28 17:21:30,False,,bajo,False
2026-08-31 01:48:02,2507,2026-08-27 11:24:20,1,2026-08-27 11:24:20,False,,bajo,False
2026-08-31 01:48:02,2508,2026-08-29 12:42:52,1,2026-08-29 12:42:52,False,,bajo,False
2026-08-31 01:48:02,2517,2026-08-29 10:07:37,1,2026-08-29 10:07:37,False,,bajo,False
2026-08-31 01:48:02,2518,2026-08-29 20:40:54,1,2026-08-29 20:40:54,False,,bajo,False
2026-08-31 01:48:02,2520,2026-08-27 07:22:49,1,2026-08-27 07:22:49,False,,bajo,True
2026-08-31 01:48:02,2525,2026-08-29 15:16:15,1,2026-08-29 15:16:15,False,,bajo,False
2026-08-31 01:48:02,2526,2026-08-28 21:07:23,1,2026-08-28 21:07:23,False,,bajo,False
2026-08-31 01:48:02,2529,2026-08-30 11:40:13,1,2026-08-30 11:40:13,False,,bajo,False
2026-08-31 01:48:02,2530,2026-08-29 17:57:04,1,2026-08-29 17:57:04,False,,bajo,False
2026-08-31 01:48:02,2534,2026-08-31 00:00:23,1,2026-08-31 00:00:23,False,,bajo,False
2026-08-31 01:48:02,2536,2026-08-28 21:19:57,1,2026-08-28 21:19:57,False,,bajo,False
2026-08-31 01:48:02,2539,2025-03-13 16:03:27,1,2025-03-13 16:03:27,False,,bajo,False
2026-08-31 01:48:02,2547,2026-08-29 20:16:14,1,2026-08-29 20:16:14,False,,bajo,False
2026-08-31 01:48:02,2548,2026-08-29 15:18:10,1,2026-08-29 15:18:10,False,,bajo,False
2026-08-31 01:48:02,2552,2026-08-29 21:16:20,1,2026-08-29 21:16:20,False,,bajo,False
2026-08-31 01:48:02,2557,2026-08-30 21:35:52,1,2026-08-30 21:35:52,False,,bajo,False
2026-08-31 01:48:02,2563,2026-08-16 10:07:36,1,2026-08-16 10:07:36,False,,bajo,False
2026-08-31 01:48:02,2571,2026-08-29 19:01:16,1,2026-08-29 19:01:16,False,,alto,False
2026-08-31 01:48:02,2580,2026-08-30 18:08:16,1,2026-08-30 18:08:16,False,,bajo,False
2026-08-31 01:48:02,2609,2026-08-28 05:09:52,1,2026-08-28 05:09:52,False,,bajo,True
2026-08-31 01:48:02,2610,2026-08-28 23:10:38,1,2026-08-28 23:10:38,False,,bajo,False
2026-08-31 01:48:02,2620,2026-08-30 10:33:04,1,2026-08-30 10:33:04,False,,bajo,False
2026-08-31 01:48:02,2622,2026-08-29 13:56:36,1,2026-08-29 13:56:36,False,,bajo,False
2026-08-31 01:48:02,2630,2026-08-31 01:26:07,1,2026-08-31 01:26:07,False,,bajo,False
2026-08-31 01:48:02,2647,2026-08-29 23:29:28,1,2026-08-29 23:29:28,False,,bajo,True
2026-08-31 01:48:02,2662,2026-08-28 21:10:59,1,2026-08-28 21:10:59,False,,bajo,False
2026-08-31 01:48:02,2677,2026-08-28 23:29:25,1,2026-08-28 23:29:25,False,,bajo,True
2026-08-31 01:48:02,2683,2026-08-30 15:42:25,1,2026-08-30 15:42:25,False,,bajo,True
2026-08-31 01:48:02,2685,2026-08-29 09:27:55,1,2026-08-29 09:27:55,False,,bajo,True
2026-08-31 01:48:02,2689,2026-08-29 15:32:52,1,2026-08-29 15:32:52,False,,bajo,False
2026-08-31 01:48:02,2690,2026-08-29 14:26:28,1,2026-08-29 14:26:28,False,,bajo,False
2026-08-31 01:48:02,2694,2025-03-13 16:03:26,1,2025-03-13 16:03:26,False,,bajo,False
2026-08-31 01:48:02,2698,2026-08-29 21:05:29,1,2026-08-29 21:05:29,False,,alto,False
2026-08-31 01:48:02,2703,2026-08-30 09:14:40,1,2026-08-30 09:14:40,False,,bajo,False
2026-08-31 01:48:02,2711,2026-08-29 19:08:59,1,2026-08-29 19:08:59,False,,bajo,False
2026-08-31 01:48:02,2715,2026-08-28 08:19:44,1,2026-08-28 08:19:44,False,,bajo,False
2026-08-31 01:48:02,2716,2026-08-30 00:12:14,1,2026-08-30 00:12:14,False,,bajo,False
2026-08-31 01:48:02,2742,2026-08-28 13:16:46,1,2026-08-28 13:16:46,False,,bajo,False
2026-08-31 01:48:02,2747,2026-08-29 17:34:25,1,2026-08-29 17:34:25,False,,bajo,False
2026-08-31 01:48:02,2764,2026-08-30 20:06:43,1,2026-08-30 20:06:43,False,,bajo,True
2026-08-31 01:48:02,2765,2026-08-29 18:04:13,1,2026-08-29 18:04:13,False,,bajo,False
2026-08-31 01:48:02,2772,2026-08-30 06:21:57,1,2026-08-30 06:21:57,False,,medio,False
2026-08-31 01:48:02,2774,2026-08-30 17:19:37,1,2026-08-30 17:19:37,False,,bajo,True
2026-08-31 01:48:02,2776,2026-08-29 19:51:06,1,2026-08-29 19:51:06,False,,bajo,False
2026-08-31 01:48:02,2779,2026-08-30 14:08:43,1,2026-08-30 14:08:43,False,,bajo,False
2026-08-31 01:48:02,2783,2026-08-29 16:58:53,1,2026-08-29 16:58:53,False,,bajo,False
2026-08-31 01:48:02,2784,2026-08-29 06:02:12,1,2026-08-29 06:02:12,False,,bajo,False
2026-08-31 01:48:02,2788,2026-08-26 17:18:47,1,2026-08-26 17:18:47,False,,bajo,False
2026-08-31 01:48:02,2793,2026-08-29 19:02:15,1,2026-08-29 19:02:15,False,,bajo,False
2026-08-31 01:48:02,2798,2026-08-30 07:03:04,1,2026-08-30 07:03:04,False,,bajo,False
2026-08-31 01:48:02,2802,2026-08-30 18:45:07,1,2026-08-30 18:45:07,False,,medio,False
2026-08-31 01:48:02,2805,2026-08-30 17:30:29,1,2026-08-30 17:30:29,False,,bajo,False
2026-08-31 01:48:02,2806,2026-08-30 18:26:34,1,2026-08-30 18:26:34,False,,bajo,False
2026-08-31 01:48:02,2811,2026-08-30 21:50:25,1,2026-08-30 21:50:25,False,,bajo,False
2026-08-31 01:48:02,2861,2026-06-03 08:53:58,1,2026-06-03 08:53:58,False,,bajo,False
2026-08-31 01:48:02,2870,2026-08-30 19:02:13,1,2026-08-30 19:02:13,False,,bajo,False
2026-08-31 01:48:02,2873,2026-08-29 14:40:40,1,2026-08-29 14:40:40,False,,bajo,False
2026-08-31 01:48:02,2899,2026-08-29 13:40:58,1,2026-08-29 13:40:58,False,,bajo,False
2026-08-31 01:48:02,2900,2025-03-13 16:18:25,1,2025-03-13 16:18:25,False,,bajo,False
2026-08-31 01:48:02,2912,2026-08-29 20:31:29,1,2026-08-29 20:31:29,False,,bajo,False
2026-08-31 01:48:02,2913,2026-08-29 19:08:37,1,2026-08-29 19:08:37,False,,bajo,False
2026-08-31 01:48:02,2928,2026-08-30 13:11:41,1,2026-08-30 13:11:41,False,,alto,False
2026-08-31 01:48:02,2934,2026-08-29 19:39:35,1,2026-08-29 19:39:35,False,,bajo,False
2026-08-31 01:48:02,2943,2026-08-29 17:14:11,1,2026-08-29 17:14:11,False,,bajo,True
2026-08-31 01:48:02,2945,2026-08-23 16:18:30,1,2026-08-23 16:18:30,False,,bajo,False
2026-08-31 01:48:02,2956,2026-08-30 19:59:09,1,2026-08-30 19:59:09,False,,medio,True
2026-08-31 01:48:02,2958,2026-08-30 22:23:55,1,2026-08-30 22:23:55,False,,alto,False
2026-08-31 01:48:02,2968,2026-08-30 21:23:47,1,2026-08-30 21:23:47,False,,bajo,True
2026-08-31 01:48:02,3040,2026-08-29 22:58:39,1,2026-08-29 22:58:39,False,,bajo,False
2026-08-31 01:48:02,3053,2026-08-30 09:06:35,1,2026-08-30 09:06:35,False,,bajo,False
2026-08-31 01:48:02,3069,2026-08-30 21:39:09,1,2026-08-30 21:39:09,False,,bajo,True
2026-08-31 01:48:02,3083,2026-08-30 16:21:29,1,2026-08-30 16:21:29,False,,bajo,True
2026-08-31 01:48:02,3092,2026-08-29 19:51:20,1,2026-08-29 19:51:20,False,,bajo,False
2026-08-31 01:48:02,3123,2026-08-30 03:22:58,1,2026-08-30 03:22:58,False,,bajo,False
2026-08-31 01:48:02,3126,2026-08-30 19:28:14,1,2026-08-30 19:28:14,False,,bajo,False
2026-08-31 01:48:02,3166,2026-06-03 07:30:20,1,2026-06-03 07:30:20,False,,bajo,False
2026-08-31 01:48:02,3182,2026-08-30 22:09:55,1,2026-08-30 22:09:55,False,,bajo,False
2026-08-31 01:48:02,3200,2026-08-30 21:46:45,1,2026-08-30 21:46:45,False,,bajo,False
2026-08-31 01:48:02,3206,2026-08-30 18:05:22,1,2026-08-30 18:05:22,False,,bajo,False
2026-08-31 01:48:02,3218,2026-08-30 19:23:25,1,2026-08-30 19:23:25,False,,bajo,True
2026-08-31 01:48:02,3220,2026-08-30 10:59:43,1,2026-08-30 10:59:43,False,,bajo,False
2026-08-31 01:48:02,3221,2026-08-30 21:50:24,1,2026-08-30 21:50:24,False,,bajo,False
2026-08-31 01:48:02,3241,2026-08-30 18:42:07,1,2026-08-30 18:42:07,False,,bajo,False
2026-08-31 01:48:02,3246,2026-08-29 14:17:29,1,2026-08-29 14:17:29,False,,bajo,False
2026-08-31 01:48:02,3252,2026-08-30 13:18:05,1,2026-08-30 13:18:05,False,,bajo,False
2026-08-31 01:48:02,3261,2026-08-29 20:05:50,1,2026-08-29 20:05:50,False,,bajo,False
2026-08-31 01:48:02,3269,2026-08-31 01:42:35,1,2026-08-31 01:42:35,False,,bajo,False
2026-08-31 01:48:02,4016,2026-08-29 12:32:53,1,2026-08-29 12:32:53,False,,bajo,True
2026-08-31 01:48:02,4027,2026-08-30 07:15:08,1,2026-08-30 07:15:08,False,,medio,False
2026-08-31 01:48:02,2292,2026-06-03 08:02:35,2,2026-06-03 08:02:35,False,,bajo,False
2026-08-31 01:48:02,2329,2026-06-03 08:44:35,2,2026-06-03 08:44:35,False,,bajo,False
2026-08-31 01:48:02,2454,2026-06-03 07:16:12,2,2026-06-03 07:16:12,False,,bajo,False
2026-08-31 01:48:02,2470,2026-06-03 08:25:54,2,2026-06-03 08:25:54,False,,bajo,False
2026-08-31 01:48:02,2479,2026-06-03 08:24:44,2,2026-06-03 08:24:44,False,,bajo,False
2026-08-31 01:48:02,2499,2026-06-03 06:29:57,2,2026-06-03 06:29:57,False,,bajo,False
2026-08-31 01:48:02,2507,2026-06-03 08:14:57,2,2026-06-03 08:14:57,False,,bajo,False
2026-08-31 01:48:02,2517,2026-06-03 07:30:55,2,2026-06-03 07:30:55,False,,bajo,False
2026-08-31 01:48:02,2532,2026-06-03 07:22:58,2,2026-06-03 07:22:58,False,,bajo,False
2026-08-31 01:48:02,2563,2026-06-03 08:43:14,2,2026-06-03 08:43:14,False,,bajo,False
2026-08-31 01:48:02,2620,2026-06-03 08:51:25,2,2026-06-03 08:51:25,False,,bajo,False
2026-08-31 01:48:02,2947,2026-06-03 07:46:53,2,2026-06-03 07:46:53,False,,bajo,False
2026-08-31 01:48:02,2968,2026-06-03 08:29:04,2,2026-06-03 08:29:04,False,,bajo,False
2026-08-31 01:48:02,3196,2026-06-03 06:38:18,2,2026-06-03 06:38:18,False,,bajo,False
2026-08-31 01:48:02,3206,2026-06-03 08:23:59,2,2026-06-03 08:23:59,False,,bajo,False
2026-08-31 01:48:02,2395,2026-06-03 08:40:16,3,2026-06-03 08:40:16,False,,bajo,False
2026-08-31 01:48:02,2405,2026-06-03 07:27:56,3,2026-06-03 07:27:56,False,,bajo,False
2026-08-31 01:48:02,2517,2026-06-03 07:30:55,3,2026-06-03 07:30:55,False,,bajo,False
2026-08-31 01:48:02,2529,2026-06-03 07:46:28,3,2026-06-03 07:46:28,False,,bajo,False
2026-08-31 01:48:02,2620,2026-06-03 08:51:25,3,2026-06-03 08:51:25,False,,bajo,False
2026-08-31 01:48:02,2630,2026-06-03 08:21:10,3,2026-06-03 08:21:10,False,,bajo,False
2026-08-31 01:48:02,2703,2026-06-03 07:20:39,3,2026-06-03 07:20:39,False,,bajo,False
2026-08-31 01:48:02,3053,2026-06-03 07:52:09,3,2026-06-03 07:52:09,False,,bajo,False
2026-08-31 01:48:02,3252,2026-06-03 06:40:45,3,2026-06-03 06:40:45,False,,bajo,False
2026-08-31 01:48:02,2228,2026-08-30 20:01:26,0,2026-08-30 20:01:26,False,,alto,False
2026-08-31 01:48:02,2291,2026-08-30 13:55:22,0,2026-08-30 13:55:22,False,,bajo,False
2026-08-31 01:48:02,2295,2026-08-30 09:53:16,0,2026-08-30 09:53:16,False,,bajo,True
2026-08-31 01:48:02,2297,2026-08-30 08:03:01,0,2026-08-30 08:03:01,False,,bajo,False
2026-08-31 01:48:02,2305,2026-08-30 18:00:44,0,2026-08-30 18:00:44,False,,alto,False
2026-08-31 01:48:02,2306,2026-08-30 13:39:00,0,2026-08-30 13:39:00,False,,alto,True
2026-08-31 01:48:02,2307,2026-08-29 19:43:08,0,2026-08-29 19:43:08,False,,bajo,False
2026-08-31 01:48:02,2308,2026-08-30 11:07:51,0,2026-08-30 11:07:51,False,,bajo,False
2026-08-31 01:48:02,2408,2026-08-30 10:21:10,0,2026-08-30 10:21:10,False,,medio,False
2026-08-31 01:48:02,2409,2025-05-07 18:03:24,0,2025-05-07 18:03:24,False,,bajo,False
2026-08-31 01:48:02,2416,2026-08-30 12:44:57,0,2026-08-30 12:44:57,False,,bajo,False
2026-08-31 01:48:02,2417,2026-08-30 00:43:18,0,2026-08-30 00:43:18,False,,medio,True
2026-08-31 01:48:02,2455,2026-08-30 07:44:32,0,2026-08-30 07:44:32,False,,bajo,False
2026-08-31 01:48:02,2462,2026-08-30 09:03:55,0,2026-08-30 09:03:55,False,,bajo,False
2026-08-31 01:48:02,2486,2026-08-30 10:38:01,0,2026-08-30 10:38:01,False,,bajo,True
2026-08-31 01:48:02,2489,2026-08-29 21:43:45,0,2026-08-29 21:43:45,False,,bajo,True
2026-08-31 01:48:02,2522,2026-08-30 12:55:30,0,2026-08-30 12:55:30,False,,bajo,False
2026-08-31 01:48:02,2523,2026-08-30 14:40:34,0,2026-08-30 14:40:34,False,,bajo,True
2026-08-31 01:48:02,2543,2026-08-29 21:59:18,0,2026-08-29 21:59:18,False,,alto,False
2026-08-31 01:48:02,2555,2026-08-30 10:48:34,0,2026-08-30 10:48:34,False,,bajo,False
2026-08-31 01:48:02,2556,2026-08-30 13:30:35,0,2026-08-30 13:30:35,False,,bajo,True
2026-08-31 01:48:02,2578,2026-08-29 18:40:08,0,2026-08-29 18:40:08,False,,alto,False
2026-08-31 01:48:02,2584,2026-08-30 17:31:14,0,2026-08-30 17:31:14,False,,medio,True
2026-08-31 01:48:02,2597,2026-08-29 20:11:01,0,2026-08-29 20:11:01,False,,medio,False
2026-08-31 01:48:02,2598,2026-08-29 19:37:45,0,2026-08-29 19:37:45,False,,bajo,True
2026-08-31 01:48:02,2600,2026-08-30 14:41:25,0,2026-08-30 14:41:25,False,,bajo,True
2026-08-31 01:48:02,2612,2026-08-30 15:54:21,0,2026-08-30 15:54:21,False,,bajo,False
2026-08-31 01:48:02,2615,2026-08-30 12:52:21,0,2026-08-30 12:52:21,False,,alto,True
2026-08-31 01:48:02,2633,2026-08-29 19:18:37,0,2026-08-29 19:18:37,False,,alto,True
2026-08-31 01:48:02,2640,2026-08-30 03:57:12,0,2026-08-30 03:57:12,False,,medio,False
2026-08-31 01:48:02,2643,2026-08-30 08:24:22,0,2026-08-30 08:24:22,False,,bajo,False
2026-08-31 01:48:02,2648,2026-08-30 11:53:16,0,2026-08-30 11:53:16,False,,bajo,True
2026-08-31 01:48:02,2651,2025-03-13 16:03:26,0,2025-03-13 16:03:26,False,,bajo,False
2026-08-31 01:48:02,2652,2026-08-30 16:48:53,0,2026-08-30 16:48:53,False,,bajo,False
2026-08-31 01:48:02,2656,2026-08-30 04:22:05,0,2026-08-30 04:22:05,False,,bajo,False
2026-08-31 01:48:02,2657,2026-08-30 11:45:57,0,2026-08-30 11:45:57,False,,medio,False
2026-08-31 01:48:02,2658,2025-03-13 16:03:26,0,2025-03-13 16:03:26,False,,bajo,False
2026-08-31 01:48:02,2663,2026-08-30 08:52:25,0,2026-08-30 08:52:25,False,,bajo,False
2026-08-31 01:48:02,2679,2026-08-30 18:48:35,0,2026-08-30 18:48:35,False,,bajo,False
2026-08-31 01:48:02,2697,2026-08-29 21:33:13,0,2026-08-29 21:33:13,False,,bajo,False
2026-08-31 01:48:02,2709,2026-08-29 21:40:50,0,2026-08-29 21:40:50,False,,bajo,False
2026-08-31 01:48:02,2729,2026-08-30 12:58:44,0,2026-08-30 12:58:44,False,,bajo,False
2026-08-31 01:48:02,2740,2026-08-30 16:42:03,0,2026-08-30 16:42:03,False,,bajo,False
2026-08-31 01:48:02,2753,2026-08-29 13:22:03,0,2026-08-29 13:22:03,False,,bajo,False
2026-08-31 01:48:02,2763,2026-08-29 17:12:32,0,2026-08-29 17:12:32,False,,medio,False
2026-08-31 01:48:02,2769,2026-08-29 13:51:17,0,2026-08-29 13:51:17,False,,bajo,False
2026-08-31 01:48:02,2782,2026-08-30 21:43:01,0,2026-08-30 21:43:01,False,,bajo,False
2026-08-31 01:48:02,2786,2026-08-30 00:36:14,0,2026-08-30 00:36:14,False,,bajo,True
2026-08-31 01:48:02,2789,2026-08-28 19:38:57,0,2026-08-28 19:38:57,False,,bajo,False
2026-08-31 01:48:02,2792,2026-08-30 14:20:04,0,2026-08-30 14:20:04,False,,bajo,True
2026-08-31 01:48:02,2794,2026-08-30 13:47:46,0,2026-08-30 13:47:46,False,,bajo,False
2026-08-31 01:48:02,2800,2026-08-30 07:49:43,0,2026-08-30 07:49:43,False,,bajo,False
2026-08-31 01:48:02,2825,2026-08-29 16:49:45,0,2026-08-29 16:49:45,False,,bajo,False
2026-08-31 01:48:02,2829,2026-08-20 09:14:28,0,2026-08-20 09:14:28,False,,medio,True
2026-08-31 01:48:02,2853,2026-08-30 09:34:32,0,2026-08-30 09:34:32,False,,bajo,False
2026-08-31 01:48:02,2856,2026-08-30 08:46:31,0,2026-08-30 08:46:31,False,,bajo,False
2026-08-31 01:48:02,2866,2026-08-30 13:35:45,0,2026-08-30 13:35:45,False,,bajo,False
2026-08-31 01:48:02,2867,2026-08-30 10:25:23,0,2026-08-30 10:25:23,False,,bajo,False
2026-08-31 01:48:02,2877,2026-08-30 18:44:00,0,2026-08-30 18:44:00,False,,bajo,False
2026-08-31 01:48:02,2905,2026-08-31 01:46:37,0,2026-08-31 01:46:37,False,,bajo,True
2026-08-31 01:48:02,2909,2026-08-30 21:48:11,0,2026-08-30 21:48:11,False,,bajo,True
2026-08-31 01:48:02,2910,2026-08-31 00:49:45,0,2026-08-31 00:49:45,False,,bajo,False
2026-08-31 01:48:02,2916,2026-08-30 10:33:27,0,2026-08-30 10:33:27,False,,alto,False
2026-08-31 01:48:02,2941,2026-08-29 08:50:57,0,2026-08-29 08:50:57,False,,bajo,False
2026-08-31 01:48:02,2942,2026-08-30 18:36:20,0,2026-08-30 18:36:20,False,,bajo,True
2026-08-31 01:48:02,2946,2026-08-30 20:05:28,0,2026-08-30 20:05:28,False,,alto,True
2026-08-31 01:48:02,2950,2026-08-30 19:19:23,0,2026-08-30 19:19:23,False,,bajo,False
2026-08-31 01:48:02,2951,2026-08-30 17:56:15,0,2026-08-30 17:56:15,False,,bajo,False
2026-08-31 01:48:02,2954,2026-08-30 15:45:00,0,2026-08-30 15:45:00,False,,bajo,False
2026-08-31 01:48:02,2959,2026-08-29 08:55:54,0,2026-08-29 08:55:54,False,,bajo,False
2026-08-31 01:48:02,2989,2026-08-31 01:45:54,0,2026-08-31 01:45:54,False,,alto,True
2026-08-31 01:48:02,2991,2026-08-31 01:47:13,0,2026-08-31 01:47:13,False,,bajo,True
2026-08-31 01:48:02,3005,2026-08-30 11:58:04,0,2026-08-30 11:58:04,False,,bajo,True
2026-08-31 01:48:02,3012,2026-08-30 20:16:42,0,2026-08-30 20:16:42,False,,bajo,False
2026-08-31 01:48:02,3023,2026-08-29 22:30:48,0,2026-08-29 22:30:48,False,,bajo,True
2026-08-31 01:48:02,3032,2026-08-30 11:31:52,0,2026-08-30 11:31:52,False,,bajo,False
2026-08-31 01:48:02,3043,2026-08-29 08:32:55,0,2026-08-29 08:32:55,False,,bajo,False
2026-08-31 01:48:02,3044,2026-08-30 12:43:19,0,2026-08-30 12:43:19,False,,alto,True
2026-08-31 01:48:02,3050,2026-08-30 22:31:21,0,2026-08-30 22:31:21,False,,medio,False
2026-08-31 01:48:02,3055,2026-08-30 15:44:11,0,2026-08-30 15:44:11,False,,medio,False
2026-08-31 01:48:02,3063,2026-08-30 18:18:05,0,2026-08-30 18:18:05,False,,bajo,False
2026-08-31 01:48:02,3066,2026-08-30 09:40:08,0,2026-08-30 09:40:08,False,,medio,False
2026-08-31 01:48:02,3073,2026-08-30 22:36:33,0,2026-08-30 22:36:33,False,,alto,True
2026-08-31 01:48:02,3077,2026-08-29 16:53:49,0,2026-08-29 16:53:49,False,,alto,False
2026-08-31 01:48:02,3081,2026-08-30 08:44:36,0,2026-08-30 08:44:36,False,,bajo,False
2026-08-31 01:48:02,3090,2026-08-30 11:24:13,0,2026-08-30 11:24:13,False,,bajo,False
2026-08-31 01:48:02,3095,2026-08-30 06:06:39,0,2026-08-30 06:06:39,False,,bajo,True
2026-08-31 01:48:02,3098,2026-08-30 12:06:22,0,2026-08-30 12:06:22,False,,bajo,False
2026-08-31 01:48:02,3102,2026-08-29 17:25:41,0,2026-08-29 17:25:41,False,,bajo,False
2026-08-31 01:48:02,3115,2026-08-30 10:30:40,0,2026-08-30 10:30:40,False,,bajo,False
2026-08-31 01:48:02,3116,2025-03-13 16:03:27,0,2025-03-13 16:03:27,False,,bajo,False
2026-08-31 01:48:02,3124,2026-08-30 00:19:37,0,2026-08-30 00:19:37,False,,alto,False
2026-08-31 01:48:02,3133,2026-08-30 10:55:33,0,2026-08-30 10:55:33,False,,bajo,True
2026-08-31 01:48:02,3134,2026-08-29 15:45:41,0,2026-08-29 15:45:41,False,,medio,True
2026-08-31 01:48:02,3135,2026-08-30 07:16:57,0,2026-08-30 07:16:57,False,,alto,False
2026-08-31 01:48:02,3140,2026-08-29 19:38:58,0,2026-08-29 19:38:58,False,,bajo,True
2026-08-31 01:48:02,3149,2026-08-29 10:53:09,0,2026-08-29 10:53:09,False,,alto,False
2026-08-31 01:48:02,3158,2026-08-30 15:22:45,0,2026-08-30 15:22:45,False,,bajo,False
2026-08-31 01:48:02,3168,2025-03-13 16:03:26,0,2025-03-13 16:03:26,False,,bajo,False
2026-08-31 01:48:02,3171,2026-08-30 14:59:19,0,2026-08-30 14:59:19,False,,bajo,True
2026-08-31 01:48:02,3192,2026-08-29 22:42:08,0,2026-08-29 22:42:08,False,,bajo,True
2026-08-31 01:48:02,3211,2026-08-30 10:52:37,0,2026-08-30 10:52:37,False,,bajo,False
2026-08-31 01:48:02,3212,2026-08-30 15:26:19,0,2026-08-30 15:26:19,False,,bajo,False
2026-08-31 01:48:02,3213,2026-08-30 10:34:12,0,2026-08-30 10:34:12,False,,bajo,True
2026-08-31 01:48:02,3234,2026-08-31 00:19:58,0,2026-08-31 00:19:58,False,,bajo,False
2026-08-31 01:48:02,3237,2026-08-30 18:08:22,0,2026-08-30 18:08:22,False,,bajo,False
2026-08-31 01:48:02,3251,2026-08-30 19:02:43,0,2026-08-30 19:02:43,False,,bajo,False
2026-08-31 01:48:02,3258,2026-08-03 14:55:48,0,2026-08-03 14:55:48,False,,alto,False
2026-08-31 01:48:02,3267,2026-08-30 11:58:12,0,2026-08-30 11:58:12,False,,bajo,False
2026-08-31 01:48:02,4023,2026-08-29 16:00:49,0,2026-08-29 16:00:49,False,,alto,False
2026-08-31 01:48:02,4026,2026-08-29 14:50:47,0,2026-08-29 14:50:47,False,,bajo,False
2026-08-31 01:48:02,4029,2026-08-29 22:30:33,0,2026-08-29 22:30:33,False,,bajo,True
2026-08-31 01:48:02,2291,2026-08-29 19:37:16,1,2026-08-29 19:37:16,False,,bajo,True
2026-08-31 01:48:02,2297,2026-08-29 12:45:03,1,2026-08-29 12:45:03,False,,bajo,False
2026-08-31 01:48:02,2305,2026-08-29 15:16:16,1,2026-08-29 15:16:16,False,,bajo,False
2026-08-31 01:48:02,2306,2026-08-30 06:56:38,1,2026-08-30 06:56:38,False,,bajo,False
2026-08-31 01:48:02,2307,2026-08-29 10:25:27,1,2026-08-29 10:25:27,False,,alto,False
2026-08-31 01:48:02,2308,2026-08-29 16:00:09,1,2026-08-29 16:00:09,False,,alto,False
2026-08-31 01:48:02,2408,2026-08-29 18:39:51,1,2026-08-29 18:39:51,False,,bajo,False
2026-08-31 01:48:02,2409,2025-08-30 10:05:33,1,2025-08-30 10:05:33,False,,bajo,False
2026-08-31 01:48:02,2416,2026-08-29 13:07:00,1,2026-08-29 13:07:00,False,,bajo,False
2026-08-31 01:48:02,2417,2026-08-29 13:51:51,1,2026-08-29 13:51:51,False,,alto,False
2026-08-31 01:48:02,2455,2026-08-30 06:54:11,1,2026-08-30 06:54:11,False,,bajo,False
2026-08-31 01:48:02,2486,2026-08-29 12:04:06,1,2026-08-29 12:04:06,False,,bajo,False
2026-08-31 01:48:02,2489,2025-08-27 05:35:03,1,2025-08-27 05:35:03,False,,bajo,False
2026-08-31 01:48:02,2523,2025-03-13 16:03:26,1,2025-03-13 16:03:26,False,,bajo,False
2026-08-31 01:48:02,2543,2026-08-29 14:30:58,1,2026-08-29 14:30:58,False,,alto,False
2026-08-31 01:48:02,2555,2026-08-30 01:17:40,1,2026-08-30 01:17:40,False,,bajo,False
2026-08-31 01:48:02,2578,2026-08-29 23:42:36,1,2026-08-29 23:42:36,False,,alto,False
2026-08-31 01:48:02,2584,2026-08-29 19:45:51,1,2026-08-29 19:45:51,False,,bajo,False
2026-08-31 01:48:02,2597,2026-08-29 21:04:16,1,2026-08-29 21:04:16,False,,alto,False
2026-08-31 01:48:02,2600,2026-08-30 01:15:11,1,2026-08-30 01:15:11,False,,bajo,False
2026-08-31 01:48:02,2612,2026-08-29 20:06:48,1,2026-08-29 20:06:48,False,,bajo,False
2026-08-31 01:48:02,2640,2026-08-30 05:53:14,1,2026-08-30 05:53:14,False,,alto,False
2026-08-31 01:48:02,2643,2026-08-30 00:30:47,1,2026-08-30 00:30:47,False,,alto,False
2026-08-31 01:48:02,2648,2026-07-03 08:32:22,1,2026-07-03 08:32:22,False,,bajo,False
2026-08-31 01:48:02,2651,2026-08-30 01:12:03,1,2026-08-30 01:12:03,False,,bajo,False
2026-08-31 01:48:02,2656,2026-08-29 15:28:04,1,2026-08-29 15:28:04,False,,bajo,False
2026-08-31 01:48:02,2657,2026-08-29 20:39:08,1,2026-08-29 20:39:08,False,,bajo,False
2026-08-31 01:48:02,2658,2026-08-30 06:52:31,1,2026-08-30 06:52:31,False,,bajo,False
2026-08-31 01:48:02,2663,2026-08-29 11:59:32,1,2026-08-29 11:59:32,False,,bajo,False
2026-08-31 01:48:02,2679,2026-08-29 22:07:33,1,2026-08-29 22:07:33,False,,medio,False
2026-08-31 01:48:02,2697,2026-08-29 20:23:01,1,2026-08-29 20:23:01,False,,alto,False
2026-08-31 01:48:02,2709,2026-08-29 20:18:15,1,2026-08-29 20:18:15,False,,bajo,False
2026-08-31 01:48:02,2729,2026-08-29 12:33:28,1,2026-08-29 12:33:28,False,,medio,False
2026-08-31 01:48:02,2740,2026-08-30 20:19:47,1,2026-08-30 20:19:47,False,,bajo,False
2026-08-31 01:48:02,2753,2026-08-29 14:33:13,1,2026-08-29 14:33:13,False,,bajo,False
2026-08-31 01:48:02,2763,2026-08-28 22:15:50,1,2026-08-28 22:15:50,False,,bajo,False
2026-08-31 01:48:02,2769,2026-08-29 21:02:41,1,2026-08-29 21:02:41,False,,alto,False
2026-08-31 01:48:02,2782,2026-08-29 21:55:05,1,2026-08-29 21:55:05,False,,alto,False
2026-08-31 01:48:02,2786,2026-08-29 13:11:03,1,2026-08-29 13:11:03,False,,bajo,False
2026-08-31 01:48:02,2789,2026-08-28 13:56:44,1,2026-08-28 13:56:44,False,,bajo,False
2026-08-31 01:48:02,2792,2026-08-29 20:56:18,1,2026-08-29 20:56:18,False,,bajo,True
2026-08-31 01:48:02,2794,2026-08-30 10:27:44,1,2026-08-30 10:27:44,False,,bajo,False
2026-08-31 01:48:02,2800,2026-08-29 21:17:50,1,2026-08-29 21:17:50,False,,alto,False
2026-08-31 01:48:02,2825,2026-08-29 16:20:05,1,2026-08-29 16:20:05,False,,bajo,False
2026-08-31 01:48:02,2829,2026-08-19 10:39:26,1,2026-08-19 10:39:26,False,,alto,False
2026-08-31 01:48:02,2853,2025-03-13 16:03:26,1,2025-03-13 16:03:26,False,,bajo,False
2026-08-31 01:48:02,2856,2026-08-29 21:23:17,1,2026-08-29 21:23:17,False,,bajo,False
2026-08-31 01:48:02,2866,2026-08-30 08:19:50,1,2026-08-30 08:19:50,False,,bajo,False
2026-08-31 01:48:02,2867,2026-08-29 19:40:43,1,2026-08-29 19:40:43,False,,bajo,False
2026-08-31 01:48:02,2877,2026-08-30 11:22:24,1,2026-08-30 11:22:24,False,,alto,False
2026-08-31 01:48:02,2905,2026-08-31 01:39:22,1,2026-08-31 01:39:22,False,,bajo,False
2026-08-31 01:48:02,2909,2026-08-29 21:52:17,1,2026-08-29 21:52:17,False,,bajo,True
2026-08-31 01:48:02,2910,2026-08-30 23:21:09,1,2026-08-30 23:21:09,False,,bajo,False
2026-08-31 01:48:02,2916,2026-08-30 12:26:55,1,2026-08-30 12:26:55,False,,alto,False
2026-08-31 01:48:02,2941,2026-08-28 16:52:07,1,2026-08-28 16:52:07,False,,bajo,False
2026-08-31 01:48:02,2942,2026-08-28 20:17:15,1,2026-08-28 20:17:15,False,,bajo,False
2026-08-31 01:48:02,2946,2026-08-29 18:48:29,1,2026-08-29 18:48:29,False,,alto,False
2026-08-31 01:48:02,2950,2026-08-29 22:23:18,1,2026-08-29 22:23:18,False,,bajo,False
2026-08-31 01:48:02,2951,2026-08-30 11:04:25,1,2026-08-30 11:04:25,False,,bajo,False
2026-08-31 01:48:02,2954,2026-08-30 10:09:30,1,2026-08-30 10:09:30,False,,bajo,False
2026-08-31 01:48:02,2959,2026-08-28 12:17:21,1,2026-08-28 12:17:21,False,,bajo,False
2026-08-31 01:48:02,2989,2026-06-03 00:01:32,1,2026-06-03 00:01:32,False,,bajo,False
2026-08-31 01:48:02,2991,2026-06-03 00:11:39,1,2026-06-03 00:11:39,False,,bajo,False
2026-08-31 01:48:02,3005,2026-08-29 14:12:49,1,2026-08-29 14:12:49,False,,medio,False
2026-08-31 01:48:02,3012,2026-08-29 17:28:27,1,2026-08-29 17:28:27,False,,bajo,False
2026-08-31 01:48:02,3023,2026-08-29 22:40:48,1,2026-08-29 22:40:48,False,,bajo,False
2026-08-31 01:48:02,3032,2026-08-29 21:22:49,1,2026-08-29 21:22:49,False,,medio,False
2026-08-31 01:48:02,3043,2026-08-30 06:15:03,1,2026-08-30 06:15:03,False,,bajo,False
2026-08-31 01:48:02,3050,2025-03-13 16:03:26,1,2025-03-13 16:03:26,False,,bajo,False
2026-08-31 01:48:02,3055,2026-08-30 03:12:51,1,2026-08-30 03:12:51,False,,alto,False
2026-08-31 01:48:02,3063,2026-08-29 22:50:43,1,2026-08-29 22:50:43,False,,bajo,False
2026-08-31 01:48:02,3066,2026-08-29 13:24:19,1,2026-08-29 13:24:19,False,,bajo,False
2026-08-31 01:48:02,3073,2026-08-29 19:04:56,1,2026-08-29 19:04:56,False,,medio,False
2026-08-31 01:48:02,3077,2026-08-29 13:50:42,1,2026-08-29 13:50:42,False,,bajo,False
2026-08-31 01:48:02,3081,2026-08-29 17:13:55,1,2026-08-29 17:13:55,False,,medio,False
2026-08-31 01:48:02,3090,2026-08-30 07:56:31,1,2026-08-30 07:56:31,False,,bajo,False
2026-08-31 01:48:02,3095,2026-08-29 16:04:34,1,2026-08-29 16:04:34,False,,alto,False
2026-08-31 01:48:02,3098,2026-08-29 16:08:57,1,2026-08-29 16:08:57,False,,bajo,False
2026-08-31 01:48:02,3115,2026-08-29 18:05:16,1,2026-08-29 18:05:16,False,,bajo,False
2026-08-31 01:48:02,3124,2026-08-29 12:14:58,1,2026-08-29 12:14:58,False,,bajo,False
2026-08-31 01:48:02,3133,2026-08-30 06:39:05,1,2026-08-30 06:39:05,False,,bajo,False
2026-08-31 01:48:02,3134,2026-08-30 06:45:00,1,2026-08-30 06:45:00,False,,bajo,False
2026-08-31 01:48:02,3135,2026-08-29 20:36:35,1,2026-08-29 20:36:35,False,,bajo,False
2026-08-31 01:48:02,3149,2026-08-29 14:21:47,1,2026-08-29 14:21:47,False,,alto,False
2026-08-31 01:48:02,3158,2026-08-30 10:47:00,1,2026-08-30 10:47:00,False,,bajo,False
2026-08-31 01:48:02,3171,2026-08-29 09:55:39,1,2026-08-29 09:55:39,False,,bajo,False
2026-08-31 01:48:02,3212,2026-08-30 15:12:12,1,2026-08-30 15:12:12,False,,medio,False
2026-08-31 01:48:02,3213,2026-08-30 08:21:45,1,2026-08-30 08:21:45,False,,bajo,False
2026-08-31 01:48:02,3258,2026-08-29 13:21:29,1,2026-08-29 13:21:29,False,,bajo,False
2026-08-31 01:48:02,3267,2026-08-30 09:56:35,1,2026-08-30 09:56:35,False,,bajo,False
2026-08-31 01:48:02,3276,2026-08-29 21:24:08,1,2026-08-29 21:24:08,False,,bajo,False
2026-08-31 01:48:02,4023,2026-08-29 15:29:21,1,2026-08-29 15:29:21,False,,medio,False
2026-08-31 01:48:02,4026,2026-08-29 10:28:48,1,2026-08-29 10:28:48,False,,medio,True
2026-08-31 01:48:02,4029,2026-08-29 11:15:12,1,2026-08-29 11:15:12,False,,bajo,False
2026-08-31 01:48:02,2228,2026-06-03 08:18:35,2,2026-06-03 08:18:35,False,,bajo,False
2026-08-31 01:48:02,2305,2026-06-03 06:05:23,2,2026-06-03 06:05:23,False,,bajo,False
2026-08-31 01:48:02,2455,2026-06-03 08:41:04,2,2026-06-03 08:41:04,False,,bajo,False
2026-08-31 01:48:02,2462,2026-08-13 15:52:51,2,2026-08-13 15:52:51,False,,bajo,False
2026-08-31 01:48:02,2489,2026-06-03 02:55:41,2,2026-06-03 02:55:41,False,,bajo,False
2026-08-31 01:48:02,2556,2026-06-03 08:33:18,2,2026-06-03 08:33:18,False,,bajo,False
2026-08-31 01:48:02,2633,2026-06-03 08:07:23,2,2026-06-03 08:07:23,False,,bajo,False
2026-08-31 01:48:02,2648,2026-06-03 00:17:04,2,2026-06-03 00:17:04,False,,bajo,False
2026-08-31 01:48:02,2657,2026-06-03 06:00:43,2,2026-06-03 06:00:43,False,,bajo,False
2026-08-31 01:48:02,2763,2026-06-03 08:29:55,2,2026-06-03 08:29:55,False,,bajo,False
2026-08-31 01:48:02,2905,2026-06-03 06:33:05,2,2026-06-03 06:33:05,False,,bajo,False
2026-08-31 01:48:02,2950,2026-08-25 15:00:09,2,2026-08-25 15:00:09,False,,alto,False
2026-08-31 01:48:02,3055,2026-06-03 06:12:12,2,2026-06-03 06:12:12,False,,bajo,False
2026-08-31 01:48:02,3063,2026-06-03 08:39:31,2,2026-06-03 08:39:31,False,,bajo,False
2026-08-31 01:48:02,3134,2026-06-03 06:13:07,2,2026-06-03 06:13:07,False,,bajo,False
2026-08-31 01:48:02,3192,2026-06-03 06:29:23,2,2026-06-03 06:29:23,False,,bajo,False
2026-08-31 01:48:02,3194,2026-06-03 08:28:56,2,2026-06-03 08:28:56,False,,bajo,False
2026-08-31 01:48:02,3211,2026-06-03 07:21:15,2,2026-06-03 07:21:15,False,,bajo,False
2026-08-31 01:48:02,3213,2026-07-22 03:30:47,2,2026-07-22 03:30:47,False,,bajo,False
2026-08-31 01:48:02,3237,2026-06-03 08:08:14,2,2026-06-03 08:08:14,False,,bajo,False
2026-08-31 01:48:02,2348,2026-08-30 23:05:54,0,2026-08-30 23:05:54,False,,bajo,True
2026-08-31 01:48:02,2353,2026-08-30 00:16:47,0,2026-08-30 00:16:47,False,,medio,False
2026-08-31 01:48:02,2355,2026-08-30 12:54:36,0,2026-08-30 12:54:36,False,,alto,False
2026-08-31 01:48:02,2356,2026-08-30 17:20:47,0,2026-08-30 17:20:47,False,,bajo,False
2026-08-31 01:48:02,2535,2026-08-30 13:14:19,0,2026-08-30 13:14:19,False,,bajo,False
2026-08-31 01:48:02,2549,2026-08-30 18:31:56,0,2026-08-30 18:31:56,False,,bajo,False
2026-08-31 01:48:02,2564,2026-08-30 12:33:12,0,2026-08-30 12:33:12,False,,bajo,False
2026-08-31 01:48:02,2577,2026-08-30 18:25:44,0,2026-08-30 18:25:44,False,,bajo,True
2026-08-31 01:48:02,2585,2026-08-30 12:54:36,0,2026-08-30 12:54:36,False,,bajo,False
2026-08-31 01:48:02,2589,2026-08-29 22:45:31,0,2026-08-29 22:45:31,False,,bajo,False
2026-08-31 01:48:02,2595,2026-08-30 21:19:10,0,2026-08-30 21:19:10,False,,medio,False
2026-08-31 01:48:02,2605,2026-08-29 22:32:19,0,2026-08-29 22:32:19,False,,alto,False
2026-08-31 01:48:02,2624,2026-08-30 18:13:35,0,2026-08-30 18:13:35,False,,medio,True
2026-08-31 01:48:02,2636,2026-08-30 17:05:44,0,2026-08-30 17:05:44,False,,bajo,False
2026-08-31 01:48:02,2637,2026-08-30 16:38:11,0,2026-08-30 16:38:11,False,,bajo,False
2026-08-31 01:48:02,2638,2025-03-13 16:03:26,0,2025-03-13 16:03:26,False,,bajo,False
2026-08-31 01:48:02,2641,2026-08-30 18:17:56,0,2026-08-30 18:17:56,False,,bajo,False
2026-08-31 01:48:02,2644,2026-08-30 15:09:46,0,2026-08-30 15:09:46,False,,bajo,False
2026-08-31 01:48:02,2650,2026-04-03 16:21:31,0,2026-04-03 16:21:31,False,,bajo,False
2026-08-31 01:48:02,2672,2026-08-18 03:18:38,0,2026-08-18 03:18:38,False,,bajo,False
2026-08-31 01:48:02,2674,2026-08-30 10:23:53,0,2026-08-30 10:23:53,False,,bajo,False
2026-08-31 01:48:02,2684,2026-08-30 13:31:36,0,2026-08-30 13:31:36,False,,bajo,False
2026-08-31 01:48:02,2692,2026-08-30 10:12:45,0,2026-08-30 10:12:45,False,,bajo,False
2026-08-31 01:48:02,2720,2026-08-30 19:23:37,0,2026-08-30 19:23:37,False,,bajo,False
2026-08-31 01:48:02,2886,2026-08-31 00:40:00,0,2026-08-31 00:40:00,False,,bajo,True
2026-08-31 01:48:02,3000,2026-08-31 01:10:46,0,2026-08-31 01:10:46,False,,bajo,True
2026-08-31 01:48:02,3001,2026-08-31 01:47:07,0,2026-08-31 01:47:07,False,,bajo,True
2026-08-31 01:48:02,3007,2026-08-30 13:26:03,0,2026-08-30 13:26:03,False,,bajo,True
2026-08-31 01:48:02,3015,2026-08-30 22:07:22,0,2026-08-30 22:07:22,False,,bajo,False
2026-08-31 01:48:02,3034,2026-08-30 02:39:01,0,2026-08-30 02:39:01,False,,bajo,False
2026-08-31 01:48:02,3091,2026-08-30 15:22:07,0,2026-08-30 15:22:07,False,,bajo,False
2026-08-31 01:48:02,3125,2026-08-30 22:06:22,0,2026-08-30 22:06:22,False,,bajo,True
2026-08-31 01:48:02,3236,2026-08-30 16:38:33,0,2026-08-30 16:38:33,False,,bajo,False
2026-08-31 01:48:02,3275,2026-08-25 18:48:20,0,2026-08-25 18:48:20,False,,bajo,False
2026-08-31 01:48:02,2348,2026-08-30 22:58:55,1,2026-08-30 22:58:55,False,,bajo,False
2026-08-31 01:48:02,2353,2026-08-29 13:42:56,1,2026-08-29 13:42:56,False,,alto,True
2026-08-31 01:48:02,2355,2026-08-29 21:57:08,1,2026-08-29 21:57:08,False,,medio,True
2026-08-31 01:48:02,2356,2026-08-30 07:33:43,1,2026-08-30 07:33:43,False,,bajo,True
2026-08-31 01:48:02,2535,2026-08-29 19:11:30,1,2026-08-29 19:11:30,False,,bajo,True
2026-08-31 01:48:02,2549,2026-08-30 11:45:14,1,2026-08-30 11:45:14,False,,bajo,False
2026-08-31 01:48:02,2564,2026-08-30 02:45:48,1,2026-08-30 02:45:48,False,,bajo,False
2026-08-31 01:48:02,2577,2026-08-29 15:55:43,1,2026-08-29 15:55:43,False,,bajo,False
2026-08-31 01:48:02,2585,2025-12-11 16:55:33,1,2025-12-11 16:55:33,False,,bajo,False
2026-08-31 01:48:02,2589,2026-08-29 22:49:21,1,2026-08-29 22:49:21,False,,bajo,False
2026-08-31 01:48:02,2595,2026-08-30 11:54:32,1,2026-08-30 11:54:32,False,,medio,False
2026-08-31 01:48:02,2605,2026-08-29 17:39:05,1,2026-08-29 17:39:05,False,,bajo,False
2026-08-31 01:48:02,2624,2026-08-30 14:56:12,1,2026-08-30 14:56:12,False,,medio,False
2026-08-31 01:48:02,2636,2026-08-29 22:11:00,1,2026-08-29 22:11:00,False,,bajo,False
2026-08-31 01:48:02,2637,2026-08-29 19:30:16,1,2026-08-29 19:30:16,False,,bajo,True
2026-08-31 01:48:02,2638,2025-03-13 16:03:26,1,2025-03-13 16:03:26,False,,bajo,False
2026-08-31 01:48:02,2641,2026-08-30 08:12:32,1,2026-08-30 08:12:32,False,,bajo,False
2026-08-31 01:48:02,2644,2026-08-29 09:13:14,1,2026-08-29 09:13:14,False,,bajo,True
2026-08-31 01:48:02,2650,2025-12-17 11:02:46,1,2025-12-17 11:02:46,False,,bajo,False
2026-08-31 01:48:02,2672,2026-08-18 10:46:23,1,2026-08-18 10:46:23,False,,bajo,False
2026-08-31 01:48:02,2674,2026-08-30 20:21:42,1,2026-08-30 20:21:42,False,,bajo,False
2026-08-31 01:48:02,2684,2026-08-30 02:35:48,1,2026-08-30 02:35:48,False,,bajo,True
2026-08-31 01:48:02,2692,2026-08-29 19:33:19,1,2026-08-29 19:33:19,False,,alto,True
2026-08-31 01:48:02,2720,2026-08-30 12:48:39,1,2026-08-30 12:48:39,False,,bajo,False
2026-08-31 01:48:02,2886,2026-08-30 23:07:27,1,2026-08-30 23:07:27,False,,bajo,True
2026-08-31 01:48:02,3000,2026-08-30 21:42:41,1,2026-08-30 21:42:41,False,,bajo,True
2026-08-31 01:48:02,3001,2026-01-05 08:26:33,1,2026-01-05 08:26:33,False,,bajo,False
2026-08-31 01:48:02,3007,2026-08-29 16:45:03,1,2026-08-29 16:45:03,False,,bajo,False
2026-08-31 01:48:02,3015,2026-08-30 22:25:50,1,2026-08-30 22:25:50,False,,bajo,False
2026-08-31 01:48:02,3034,2026-08-30 05:51:20,1,2026-08-30 05:51:20,False,,bajo,False
2026-08-31 01:48:02,3091,2026-08-30 09:19:12,1,2026-08-30 09:19:12,False,,bajo,False
2026-08-31 01:48:02,3125,2026-08-30 08:22:13,1,2026-08-30 08:22:13,False,,bajo,False
2026-08-31 01:48:02,3236,2026-08-30 10:21:58,1,2026-08-30 10:21:58,False,,bajo,False
2026-08-31 01:48:02,3275,2026-08-30 04:54:09,1,2026-08-30 04:54:09,False,,bajo,False
2026-08-31 01:48:02,2589,2025-03-13 16:03:26,2,2025-03-13 16:03:26,False,,bajo,False
2026-08-31 01:48:02,2333,2026-06-03 07:34:42,0,2026-06-03 07:34:42,False,,bajo,False
2026-08-31 01:48:02,2338,2026-08-30 18:20:38,0,2026-08-30 18:20:38,False,,medio,False
2026-08-31 01:48:02,2345,2026-08-31 00:21:57,0,2026-08-31 00:21:57,False,,bajo,False
2026-08-31 01:48:02,2346,2026-08-30 23:47:06,0,2026-08-30 23:47:06,False,,bajo,False
2026-08-31 01:48:02,2425,2026-08-29 13:45:40,0,2026-08-29 13:45:40,False,,bajo,False
2026-08-31 01:48:02,2444,2026-08-29 13:07:57,0,2026-08-29 13:07:57,False,,bajo,False
2026-08-31 01:48:02,2481,2026-08-30 05:31:44,0,2026-08-30 05:31:44,False,,bajo,False
2026-08-31 01:48:02,2502,2026-08-29 22:27:53,0,2026-08-29 22:27:53,False,,alto,False
2026-08-31 01:48:02,2514,2026-08-30 02:33:34,0,2026-08-30 02:33:34,False,,medio,False
2026-08-31 01:48:02,2515,2026-08-30 01:27:26,0,2026-08-30 01:27:26,False,,bajo,False
2026-08-31 01:48:02,2537,2026-08-30 07:11:38,0,2026-08-30 07:11:38,False,,bajo,False
2026-08-31 01:48:02,2601,2026-08-30 04:32:53,0,2026-08-30 04:32:53,False,,alto,False
2026-08-31 01:48:02,2617,2026-08-29 20:32:56,0,2026-08-29 20:32:56,False,,bajo,False
2026-08-31 01:48:02,2618,2026-08-29 15:49:50,0,2026-08-29 15:49:50,False,,alto,False
2026-08-31 01:48:02,2645,2026-08-30 08:22:13,0,2026-08-30 08:22:13,False,,bajo,False
2026-08-31 01:48:02,2725,2026-08-29 19:39:22,0,2026-08-29 19:39:22,False,,bajo,False
2026-08-31 01:48:02,2727,2026-08-29 14:54:27,0,2026-08-29 14:54:27,False,,bajo,False
2026-08-31 01:48:02,2787,2026-08-30 12:08:06,0,2026-08-30 12:08:06,False,,bajo,True
2026-08-31 01:48:02,2883,2026-08-30 16:02:08,0,2026-08-30 16:02:08,False,,bajo,False
2026-08-31 01:48:02,2885,2026-08-30 16:51:18,0,2026-08-30 16:51:18,False,,bajo,True
2026-08-31 01:48:02,2888,2026-08-30 17:56:06,0,2026-08-30 17:56:06,False,,bajo,False
2026-08-31 01:48:02,2957,2026-08-30 11:43:21,0,2026-08-30 11:43:21,False,,medio,False
2026-08-31 01:48:02,2960,2026-08-29 20:24:12,0,2026-08-29 20:24:12,False,,bajo,False
2026-08-31 01:48:02,3003,2026-08-28 10:56:02,0,2026-08-28 10:56:02,False,,bajo,False
2026-08-31 01:48:02,3004,2026-08-30 23:20:45,0,2026-08-30 23:20:45,False,,bajo,False
2026-08-31 01:48:02,3047,2026-08-30 21:54:57,0,2026-08-30 21:54:57,False,,bajo,False
2026-08-31 01:48:02,3062,2026-08-29 17:42:38,0,2026-08-29 17:42:38,False,,bajo,False
2026-08-31 01:48:02,3071,2026-08-29 21:30:20,0,2026-08-29 21:30:20,False,,bajo,False
2026-08-31 01:48:02,3136,2026-08-29 16:01:50,0,2026-08-29 16:01:50,False,,bajo,False
2026-08-31 01:48:02,3174,2026-08-30 23:38:23,0,2026-08-30 23:38:23,False,,bajo,False
2026-08-31 01:48:02,3175,2026-08-30 06:06:45,0,2026-08-30 06:06:45,False,,bajo,True
2026-08-31 01:48:02,3262,2026-08-30 15:20:04,0,2026-08-30 15:20:04,False,,bajo,True
2026-08-31 01:48:02,3277,2026-08-29 21:55:04,0,2026-08-29 21:55:04,False,,bajo,False
2026-08-31 01:48:02,2333,2026-06-03 07:34:43,1,2026-06-03 07:34:43,False,,bajo,False
2026-08-31 01:48:02,2338,2026-08-29 18:02:02,1,2026-08-29 18:02:02,False,,alto,False
2026-08-31 01:48:02,2345,2026-08-29 18:27:41,1,2026-08-29 18:27:41,False,,bajo,False
2026-08-31 01:48:02,2346,2026-08-29 19:28:44,1,2026-08-29 19:28:44,False,,bajo,True
2026-08-31 01:48:02,2425,2026-08-29 13:07:47,1,2026-08-29 13:07:47,False,,bajo,False
2026-08-31 01:48:02,2444,2026-08-29 13:20:14,1,2026-08-29 13:20:14,False,,bajo,False
2026-08-31 01:48:02,2481,2026-08-29 18:46:32,1,2026-08-29 18:46:32,False,,bajo,False
2026-08-31 01:48:02,2502,2026-08-30 07:41:33,1,2026-08-30 07:41:33,False,,alto,False
2026-08-31 01:48:02,2514,2026-08-29 19:00:39,1,2026-08-29 19:00:39,False,,bajo,False
2026-08-31 01:48:02,2515,2026-08-29 18:43:30,1,2026-08-29 18:43:30,False,,medio,True
2026-08-31 01:48:02,2537,2026-08-30 21:54:13,1,2026-08-30 21:54:13,False,,medio,False
2026-08-31 01:48:02,2601,2026-08-29 21:27:42,1,2026-08-29 21:27:42,False,,alto,False
2026-08-31 01:48:02,2617,2026-08-30 09:46:29,1,2026-08-30 09:46:29,False,,bajo,False
2026-08-31 01:48:02,2618,2026-08-29 16:30:46,1,2026-08-29 16:30:46,False,,alto,False
2026-08-31 01:48:02,2645,2026-08-30 09:33:01,1,2026-08-30 09:33:01,False,,bajo,False
2026-08-31 01:48:02,2725,2026-08-30 06:56:41,1,2026-08-30 06:56:41,False,,bajo,False
2026-08-31 01:48:02,2727,2026-08-29 14:52:56,1,2026-08-29 14:52:56,False,,bajo,True
2026-08-31 01:48:02,2787,2026-08-30 09:57:37,1,2026-08-30 09:57:37,False,,bajo,False
2026-08-31 01:48:02,2883,2026-08-29 11:33:38,1,2026-08-29 11:33:38,False,,bajo,False
2026-08-31 01:48:02,2885,2026-08-30 16:52:52,1,2026-08-30 16:52:52,False,,bajo,True
2026-08-31 01:48:02,2888,2026-08-30 16:40:55,1,2026-08-30 16:40:55,False,,bajo,False
2026-08-31 01:48:02,2957,2026-08-30 19:15:24,1,2026-08-30 19:15:24,False,,alto,False
2026-08-31 01:48:02,2960,2026-08-30 09:41:28,1,2026-08-30 09:41:28,False,,bajo,False
2026-08-31 01:48:02,3003,2026-08-28 15:57:15,1,2026-08-28 15:57:15,False,,bajo,True
2026-08-31 01:48:02,3004,2026-06-03 08:58:20,1,2026-06-03 08:58:20,False,,bajo,False
2026-08-31 01:48:02,3047,2026-08-30 21:55:59,1,2026-08-30 21:55:59,False,,bajo,False
2026-08-31 01:48:02,3062,2026-08-30 10:45:42,1,2026-08-30 10:45:42,False,,bajo,False
2026-08-31 01:48:02,3071,2026-08-29 21:31:08,1,2026-08-29 21:31:08,False,,bajo,False
2026-08-31 01:48:02,3136,2026-08-29 14:22:34,1,2026-08-29 14:22:34,False,,bajo,False
2026-08-31 01:48:02,3174,2026-08-29 23:53:25,1,2026-08-29 23:53:25,False,,bajo,False
2026-08-31 01:48:02,3175,2026-06-03 07:27:38,1,2026-06-03 07:27:38,False,,bajo,False
2026-08-31 01:48:02,3262,2026-08-30 15:52:26,1,2026-08-30 15:52:26,False,,bajo,True
2026-08-31 01:48:02,3277,2026-08-29 16:39:07,1,2026-08-29 16:39:07,False,,bajo,False
2026-08-31 01:48:02,2537,2025-03-13 16:03:26,2,2025-03-13 16:03:26,False,,bajo,False
2026-08-31 01:48:02,2249,2026-08-30 21:44:16,0,2026-08-30 21:44:16,False,,bajo,True
2026-08-31 01:48:02,2251,2026-08-30 21:14:37,0,2026-08-30 21:14:37,False,,alto,True
2026-08-31 01:48:02,2339,2026-08-31 01:47:04,0,2026-08-31 01:47:04,False,,medio,True
2026-08-31 01:48:02,2341,2026-08-31 00:33:02,0,2026-08-31 00:33:02,False,,bajo,True
2026-08-31 01:48:02,2350,2026-08-30 22:00:50,0,2026-08-30 22:00:50,False,,bajo,True
2026-08-31 01:48:02,2364,2026-08-31 01:17:07,0,2026-08-31 01:17:07,False,,bajo,True
2026-08-31 01:48:02,2386,2026-08-31 01:23:37,0,2026-08-31 01:23:37,False,,bajo,True
2026-08-31 01:48:02,2388,2026-08-31 00:11:07,0,2026-08-31 00:11:07,False,,bajo,True
2026-08-31 01:48:02,2390,2026-08-31 01:46:51,0,2026-08-31 01:46:51,False,,alto,True
2026-08-31 01:48:02,2472,2026-08-31 01:42:31,0,2026-08-31 01:42:31,False,,bajo,True
2026-08-31 01:48:02,2500,2026-08-30 21:58:44,0,2026-08-30 21:58:44,False,,medio,True
2026-08-31 01:48:02,2528,2026-08-30 08:57:09,0,2026-08-30 08:57:09,False,,medio,True
2026-08-31 01:48:02,2559,2026-08-30 21:04:23,0,2026-08-30 21:04:23,False,,medio,True
2026-08-31 01:48:02,2603,2026-08-30 22:00:02,0,2026-08-30 22:00:02,False,,bajo,True
2026-08-31 01:48:02,2616,2026-08-30 22:34:10,0,2026-08-30 22:34:10,False,,bajo,True
2026-08-31 01:48:02,2627,2026-08-30 21:53:04,0,2026-08-30 21:53:04,False,,bajo,False
2026-08-31 01:48:02,2642,2026-08-30 22:26:32,0,2026-08-30 22:26:32,False,,bajo,True
2026-08-31 01:48:02,2646,2026-08-30 21:11:53,0,2026-08-30 21:11:53,False,,bajo,False
2026-08-31 01:48:02,2688,2026-08-30 23:32:33,0,2026-08-30 23:32:33,False,,medio,True
2026-08-31 01:48:02,2804,2026-08-31 01:41:12,0,2026-08-31 01:41:12,False,,medio,False
2026-08-31 01:48:02,2857,2026-08-30 17:10:03,0,2026-08-30 17:10:03,False,,medio,True
2026-08-31 01:48:02,2868,2026-08-30 21:23:49,0,2026-08-30 21:23:49,False,,bajo,False
2026-08-31 01:48:02,2911,2026-08-31 01:31:57,0,2026-08-31 01:31:57,False,,bajo,True
2026-08-31 01:48:02,2974,2026-08-30 23:37:55,0,2026-08-30 23:37:55,False,,bajo,True
2026-08-31 01:48:02,2977,2026-08-29 21:40:37,0,2026-08-29 21:40:37,False,,alto,True
2026-08-31 01:48:02,2979,2026-08-30 23:35:09,0,2026-08-30 23:35:09,False,,bajo,True
2026-08-31 01:48:02,2980,2026-08-30 23:25:35,0,2026-08-30 23:25:35,False,,bajo,True
2026-08-31 01:48:02,2981,2026-08-30 23:07:39,0,2026-08-30 23:07:39,False,,bajo,True
2026-08-31 01:48:02,2982,2026-08-30 21:52:42,0,2026-08-30 21:52:42,False,,bajo,True
2026-08-31 01:48:02,3046,2026-08-31 00:20:04,0,2026-08-31 00:20:04,False,,bajo,False
2026-08-31 01:48:02,3257,2026-08-30 22:09:31,0,2026-08-30 22:09:31,False,,bajo,True
2026-08-31 01:48:02,2249,2026-08-29 17:18:54,1,2026-08-29 17:18:54,False,,medio,True
2026-08-31 01:48:02,2251,2026-08-29 20:25:54,1,2026-08-29 20:25:54,False,,alto,True
2026-08-31 01:48:02,2339,2026-08-29 11:53:01,1,2026-08-29 11:53:01,False,,bajo,True
2026-08-31 01:48:02,2350,2026-08-29 16:50:01,1,2026-08-29 16:50:01,False,,bajo,True
2026-08-31 01:48:02,2364,2026-08-29 15:11:52,1,2026-08-29 15:11:52,False,,alto,True
2026-08-31 01:48:02,2472,2026-08-29 17:24:09,1,2026-08-29 17:24:09,False,,alto,True
2026-08-31 01:48:02,2500,2026-08-30 10:51:30,1,2026-08-30 10:51:30,False,,alto,True
2026-08-31 01:48:02,2528,2026-08-30 18:30:54,1,2026-08-30 18:30:54,False,,bajo,True
2026-08-31 01:48:02,2559,2026-08-30 13:38:45,1,2026-08-30 13:38:45,False,,bajo,False
2026-08-31 01:48:02,2603,2026-08-30 09:56:12,1,2026-08-30 09:56:12,False,,bajo,True
2026-08-31 01:48:02,2616,2026-08-30 23:59:12,1,2026-08-30 23:59:12,False,,bajo,False
2026-08-31 01:48:02,2627,2026-08-29 17:11:44,1,2026-08-29 17:11:44,False,,medio,True
2026-08-31 01:48:02,2642,2026-08-29 22:06:30,1,2026-08-29 22:06:30,False,,bajo,True
2026-08-31 01:48:02,2646,2026-08-29 16:56:24,1,2026-08-29 16:56:24,False,,alto,False
2026-08-31 01:48:02,2688,2026-08-30 08:49:08,1,2026-08-30 08:49:08,False,,medio,True
2026-08-31 01:48:02,2804,2026-08-29 14:16:52,1,2026-08-29 14:16:52,False,,medio,True
2026-08-31 01:48:02,2857,2026-08-30 16:40:36,1,2026-08-30 16:40:36,False,,medio,True
2026-08-31 01:48:02,2868,2026-08-30 17:50:47,1,2026-08-30 17:50:47,False,,bajo,False
2026-08-31 01:48:02,2911,2026-08-31 01:35:18,1,2026-08-31 01:35:18,False,,bajo,False
2026-08-31 01:48:02,2974,2026-08-30 16:40:24,1,2026-08-30 16:40:24,False,,bajo,True
2026-08-31 01:48:02,2977,2026-08-29 11:22:12,1,2026-08-29 11:22:12,False,,alto,True
2026-08-31 01:48:02,2979,2026-08-30 16:50:47,1,2026-08-30 16:50:47,False,,alto,True
2026-08-31 01:48:02,2980,2026-08-30 22:30:32,1,2026-08-30 22:30:32,False,,bajo,False
2026-08-31 01:48:02,2981,2026-08-30 22:51:15,1,2026-08-30 22:51:15,False,,bajo,True
2026-08-31 01:48:02,2982,2026-08-29 16:53:28,1,2026-08-29 16:53:28,False,,bajo,True
2026-08-31 01:48:02,3257,2026-08-30 21:58:54,1,2026-08-30 21:58:54,False,,bajo,True
2026-08-31 01:48:02,2364,2026-06-03 08:18:32,2,2026-06-03 08:18:32,False,,bajo,False
2026-08-31 01:48:02,2390,2026-06-03 06:18:03,2,2026-06-03 06:18:03,False,,bajo,False
2026-08-31 01:48:02,2472,2026-06-03 06:36:25,2,2026-06-03 06:36:25,False,,bajo,False
2026-08-31 01:48:02,2627,2026-06-03 01:47:48,2,2026-06-03 01:47:48,False,,bajo,False
2026-08-31 01:48:02,1724,2026-08-30 09:24:41,0,2026-08-30 09:24:41,False,,bajo,False
2026-08-31 01:48:02,1744,2026-08-29 22:44:02,0,2026-08-29 22:44:02,False,,bajo,True
2026-08-31 01:48:02,1766,2026-08-30 11:18:25,0,2026-08-30 11:18:25,False,,bajo,False
2026-08-31 01:48:02,1784,2026-08-31 01:38:28,0,2026-08-31 01:38:28,False,,bajo,True
2026-08-31 01:48:02,1805,2026-08-30 23:42:23,0,2026-08-30 23:42:23,False,,bajo,True
2026-08-31 01:48:02,1806,2026-08-29 06:45:30,0,2026-08-29 06:45:30,False,,bajo,True
2026-08-31 01:48:02,1824,2026-08-30 12:02:28,0,2026-08-30 12:02:28,False,,bajo,False
2026-08-31 01:48:02,1844,2026-08-30 22:32:38,0,2026-08-30 22:32:38,False,,bajo,True
2026-08-31 01:48:02,1845,2026-08-30 16:18:28,0,2026-08-30 16:18:28,False,,bajo,True
2026-08-31 01:48:02,1846,2026-08-31 01:36:01,0,2026-08-31 01:36:01,False,,bajo,True
2026-08-31 01:48:02,1887,2026-08-30 23:18:14,0,2026-08-30 23:18:14,False,,bajo,True
2026-08-31 01:48:02,1924,2026-08-30 08:40:57,0,2026-08-30 08:40:57,False,,bajo,False
2026-08-31 01:48:02,1926,2026-08-30 04:48:24,0,2026-08-30 04:48:24,False,,bajo,True
2026-08-31 01:48:02,1927,2026-08-30 18:22:46,0,2026-08-30 18:22:46,False,,bajo,False
2026-08-31 01:48:02,1928,2026-08-30 21:45:24,0,2026-08-30 21:45:24,False,,bajo,True
2026-08-31 01:48:02,1944,2026-08-31 01:46:14,0,2026-08-31 01:46:14,False,,bajo,True
2026-08-31 01:48:02,1945,2026-08-30 17:23:30,0,2026-08-30 17:23:30,False,,bajo,True
2026-08-31 01:48:02,1964,2026-08-30 20:19:11,0,2026-08-30 20:19:11,False,,alto,True
2026-08-31 01:48:02,1965,2026-08-30 22:18:22,0,2026-08-30 22:18:22,False,,bajo,True
2026-08-31 01:48:02,1984,2026-08-31 01:46:50,0,2026-08-31 01:46:50,False,,bajo,True
2026-08-31 01:48:02,2190,2026-08-30 18:34:18,0,2026-08-30 18:34:18,False,,bajo,True
2026-08-31 01:48:02,2192,2026-08-30 09:28:19,0,2026-08-30 09:28:19,False,,bajo,True
2026-08-31 01:48:02,2193,2026-08-29 04:38:06,0,2026-08-29 04:38:06,False,,bajo,False
2026-08-31 01:48:02,2204,2026-08-30 18:48:37,0,2026-08-30 18:48:37,False,,bajo,True
2026-08-31 01:48:02,2205,2026-08-27 20:27:32,0,2026-08-27 20:27:32,False,,bajo,False
2026-08-31 01:48:02,2207,2026-08-31 01:38:40,0,2026-08-31 01:38:40,False,,medio,True
2026-08-31 01:48:02,2208,2026-08-29 20:48:28,0,2026-08-29 20:48:28,False,,bajo,True
2026-08-31 01:48:02,2224,2026-08-30 14:23:49,0,2026-08-30 14:23:49,False,,bajo,True
2026-08-31 01:48:02,2225,2026-08-30 14:09:15,0,2026-08-30 14:09:15,False,,bajo,True
2026-08-31 01:48:02,2227,2026-08-30 06:41:07,0,2026-08-30 06:41:07,False,,bajo,True
2026-08-31 01:48:02,2229,2026-08-31 01:45:16,0,2026-08-31 01:45:16,False,,bajo,True
2026-08-31 01:48:02,2230,2026-08-31 01:41:50,0,2026-08-31 01:41:50,False,,alto,True
2026-08-31 01:48:02,2250,2026-08-31 01:31:30,0,2026-08-31 01:31:30,False,,bajo,True
2026-08-31 01:48:02,2264,2026-08-31 01:40:12,0,2026-08-31 01:40:12,False,,bajo,True
2026-08-31 01:48:02,2268,2026-08-31 01:18:25,0,2026-08-31 01:18:25,False,,bajo,True
2026-08-31 01:48:02,2284,2026-08-29 20:34:34,0,2026-08-29 20:34:34,False,,bajo,True
2026-08-31 01:48:02,2317,2026-08-31 01:38:54,0,2026-08-31 01:38:54,False,,bajo,True
2026-08-31 01:48:02,2326,2026-08-30 02:49:50,0,2026-08-30 02:49:50,False,,bajo,True
2026-08-31 01:48:02,2327,2026-08-31 01:44:42,0,2026-08-31 01:44:42,False,,bajo,True
2026-08-31 01:48:02,2330,2026-08-30 04:26:18,0,2026-08-30 04:26:18,False,,bajo,False
2026-08-31 01:48:02,2335,2026-08-30 16:40:32,0,2026-08-30 16:40:32,False,,bajo,True
2026-08-31 01:48:02,2391,2026-08-29 11:10:36,0,2026-08-29 11:10:36,False,,bajo,False
2026-08-31 01:48:02,2404,2026-08-29 20:45:34,0,2026-08-29 20:45:34,False,,bajo,True
2026-08-31 01:48:02,2411,2026-08-30 06:25:34,0,2026-08-30 06:25:34,False,,bajo,False
2026-08-31 01:48:02,2415,2026-08-30 18:07:11,0,2026-08-30 18:07:11,False,,bajo,True
2026-08-31 01:48:02,2424,2025-03-13 16:03:26,0,2025-03-13 16:03:26,False,,bajo,False
2026-08-31 01:48:02,2446,2026-08-31 01:45:12,0,2026-08-31 01:45:12,False,,bajo,True
2026-08-31 01:48:02,2459,2026-08-30 18:58:12,0,2026-08-30 18:58:12,False,,bajo,True
2026-08-31 01:48:02,2464,2026-08-30 10:32:22,0,2026-08-30 10:32:22,False,,bajo,True
2026-08-31 01:48:02,2465,2026-08-30 07:51:19,0,2026-08-30 07:51:19,False,,bajo,False
2026-08-31 01:48:02,2466,2026-08-31 01:40:15,0,2026-08-31 01:40:15,False,,bajo,False
2026-08-31 01:48:02,2468,2026-08-31 01:31:18,0,2026-08-31 01:31:18,False,,bajo,True
2026-08-31 01:48:02,2471,2026-08-31 01:42:56,0,2026-08-31 01:42:56,False,,bajo,True
2026-08-31 01:48:02,2475,2026-08-30 17:28:20,0,2026-08-30 17:28:20,False,,bajo,True
2026-08-31 01:48:02,2476,2026-08-31 01:38:58,0,2026-08-31 01:38:58,False,,bajo,True
2026-08-31 01:48:02,2482,2026-08-30 21:52:30,0,2026-08-30 21:52:30,False,,bajo,True
2026-08-31 01:48:02,2484,2026-08-30 21:25:18,0,2026-08-30 21:25:18,False,,bajo,True
2026-08-31 01:48:02,2485,2026-08-31 01:47:30,0,2026-08-31 01:47:30,False,,bajo,True
2026-08-31 01:48:02,2492,2026-08-31 01:47:09,0,2026-08-31 01:47:09,False,,bajo,True
2026-08-31 01:48:02,2516,2026-08-29 14:59:21,0,2026-08-29 14:59:21,False,,bajo,False
2026-08-31 01:48:02,2519,2026-08-30 11:33:12,0,2026-08-30 11:33:12,False,,bajo,True
2026-08-31 01:48:02,2565,2026-08-30 10:52:39,0,2026-08-30 10:52:39,False,,bajo,False
2026-08-31 01:48:02,2567,2026-08-27 12:11:05,0,2026-08-27 12:11:05,False,,bajo,True
2026-08-31 01:48:02,2575,2026-08-31 01:41:18,0,2026-08-31 01:41:18,False,,bajo,True
2026-08-31 01:48:02,2582,2026-08-30 09:12:04,0,2026-08-30 09:12:04,False,,bajo,False
2026-08-31 01:48:02,2590,2026-08-31 01:42:25,0,2026-08-31 01:42:25,False,,bajo,False
2026-08-31 01:48:02,2592,2026-08-30 15:19:41,0,2026-08-30 15:19:41,False,,bajo,True
2026-08-31 01:48:02,2593,2026-08-29 23:52:17,0,2026-08-29 23:52:17,False,,bajo,True
2026-08-31 01:48:02,2654,2026-08-30 23:34:06,0,2026-08-30 23:34:06,False,,bajo,True
2026-08-31 01:48:02,2665,2026-08-27 14:43:29,0,2026-08-27 14:43:29,False,,bajo,True
2026-08-31 01:48:02,2668,2026-08-30 23:49:01,0,2026-08-30 23:49:01,False,,bajo,False
2026-08-31 01:48:02,2678,2026-08-30 23:58:12,0,2026-08-30 23:58:12,False,,bajo,True
2026-08-31 01:48:02,2693,2026-08-31 01:22:17,0,2026-08-31 01:22:17,False,,bajo,True
2026-08-31 01:48:02,2701,2026-08-31 01:42:55,0,2026-08-31 01:42:55,False,,bajo,True
2026-08-31 01:48:02,2706,2026-08-30 15:20:14,0,2026-08-30 15:20:14,False,,alto,False
2026-08-31 01:48:02,2718,2026-08-30 21:13:14,0,2026-08-30 21:13:14,False,,bajo,False
2026-08-31 01:48:02,2722,2026-08-30 21:58:25,0,2026-08-30 21:58:25,False,,alto,False
2026-08-31 01:48:02,2724,2026-08-30 15:42:59,0,2026-08-30 15:42:59,False,,bajo,False
2026-08-31 01:48:02,2726,2025-03-13 16:03:26,0,2025-03-13 16:03:26,False,,bajo,False
2026-08-31 01:48:02,2730,2026-08-31 01:47:03,0,2026-08-31 01:47:03,False,,alto,True
2026-08-31 01:48:02,2743,2026-08-30 07:16:55,0,2026-08-30 07:16:55,False,,bajo,True
2026-08-31 01:48:02,2744,2026-08-31 01:46:34,0,2026-08-31 01:46:34,False,,bajo,True
2026-08-31 01:48:02,2751,2026-08-30 04:18:54,0,2026-08-30 04:18:54,False,,bajo,False
2026-08-31 01:48:02,2754,2026-08-31 01:46:40,0,2026-08-31 01:46:40,False,,bajo,True
2026-08-31 01:48:02,2760,2026-08-31 01:40:22,0,2026-08-31 01:40:22,False,,alto,True
2026-08-31 01:48:02,2768,2026-08-30 22:07:05,0,2026-08-30 22:07:05,False,,bajo,True
2026-08-31 01:48:02,2770,2026-08-31 01:45:03,0,2026-08-31 01:45:03,False,,alto,True
2026-08-31 01:48:02,2773,2026-08-30 02:45:24,0,2026-08-30 02:45:24,False,,alto,True
2026-08-31 01:48:02,2777,2025-03-13 16:03:26,0,2025-03-13 16:03:26,False,,bajo,False
2026-08-31 01:48:02,2780,2026-08-29 19:02:24,0,2026-08-29 19:02:24,False,,bajo,False
2026-08-31 01:48:02,2781,2026-08-28 18:10:09,0,2026-08-28 18:10:09,False,,bajo,False
2026-08-31 01:48:02,2790,2026-08-30 13:47:56,0,2026-08-30 13:47:56,False,,bajo,True
2026-08-31 01:48:02,2791,2026-08-15 17:43:40,0,2026-08-15 17:43:40,False,,bajo,True
2026-08-31 01:48:02,2796,2026-08-30 21:43:02,0,2026-08-30 21:43:02,False,,bajo,False
2026-08-31 01:48:02,2803,2026-08-31 01:47:34,0,2026-08-31 01:47:34,False,,bajo,True
2026-08-31 01:48:02,2807,2026-08-29 15:39:47,0,2026-08-29 15:39:47,False,,bajo,False
2026-08-31 01:48:02,2808,2026-08-31 01:46:32,0,2026-08-31 01:46:32,False,,bajo,True
2026-08-31 01:48:02,2810,2026-08-30 22:42:40,0,2026-08-30 22:42:40,False,,bajo,True
2026-08-31 01:48:02,2830,2026-08-30 14:51:41,0,2026-08-30 14:51:41,False,,bajo,False
2026-08-31 01:48:02,2858,2026-08-30 21:47:30,0,2026-08-30 21:47:30,False,,bajo,True
2026-08-31 01:48:02,2904,2026-08-30 11:40:15,0,2026-08-30 11:40:15,False,,bajo,False
2026-08-31 01:48:02,2922,2026-08-31 01:41:53,0,2026-08-31 01:41:53,False,,bajo,True
2026-08-31 01:48:02,2926,2026-08-31 01:46:33,0,2026-08-31 01:46:33,False,,bajo,True
2026-08-31 01:48:02,2929,2026-08-30 21:52:14,0,2026-08-30 21:52:14,False,,alto,True
2026-08-31 01:48:02,2935,2026-08-31 01:17:36,0,2026-08-31 01:17:36,False,,bajo,True
2026-08-31 01:48:02,2937,2026-08-30 21:51:39,0,2026-08-30 21:51:39,False,,bajo,True
2026-08-31 01:48:02,2961,2026-02-27 08:12:26,0,2026-02-27 08:12:26,False,,bajo,False
2026-08-31 01:48:02,2971,2026-08-30 19:05:28,0,2026-08-30 19:05:28,False,,bajo,True
2026-08-31 01:48:02,2972,2026-08-31 01:30:48,0,2026-08-31 01:30:48,False,,bajo,True
2026-08-31 01:48:02,2973,2026-08-30 16:41:25,0,2026-08-30 16:41:25,False,,bajo,False
2026-08-31 01:48:02,2975,2026-08-30 19:04:30,0,2026-08-30 19:04:30,False,,bajo,True
2026-08-31 01:48:02,2978,2026-08-30 11:52:26,0,2026-08-30 11:52:26,False,,bajo,True
2026-08-31 01:48:02,2983,2026-08-31 01:39:14,0,2026-08-31 01:39:14,False,,bajo,True
2026-08-31 01:48:02,2984,2026-08-30 02:38:46,0,2026-08-30 02:38:46,False,,bajo,False
2026-08-31 01:48:02,2985,2026-08-30 09:48:09,0,2026-08-30 09:48:09,False,,bajo,False
2026-08-31 01:48:02,2986,2026-08-30 16:20:09,0,2026-08-30 16:20:09,False,,bajo,False
2026-08-31 01:48:02,2987,2026-08-29 19:40:39,0,2026-08-29 19:40:39,False,,bajo,True
2026-08-31 01:48:02,2988,2026-08-31 00:54:57,0,2026-08-31 00:54:57,False,,bajo,True
2026-08-31 01:48:02,2993,2026-08-31 00:35:13,0,2026-08-31 00:35:13,False,,bajo,True
2026-08-31 01:48:02,2994,2026-08-30 20:37:25,0,2026-08-30 20:37:25,False,,bajo,True
2026-08-31 01:48:02,2996,2026-08-30 19:17:46,0,2026-08-30 19:17:46,False,,bajo,True
2026-08-31 01:48:02,2998,2026-08-29 19:24:46,0,2026-08-29 19:24:46,False,,bajo,True
2026-08-31 01:48:02,3002,2026-08-30 21:48:12,0,2026-08-30 21:48:12,False,,bajo,True
2026-08-31 01:48:02,3009,2026-08-30 14:04:14,0,2026-08-30 14:04:14,False,,bajo,True
2026-08-31 01:48:02,3010,2026-08-30 21:34:21,0,2026-08-30 21:34:21,False,,bajo,True
2026-08-31 01:48:02,3011,2026-08-31 01:43:03,0,2026-08-31 01:43:03,False,,bajo,True
2026-08-31 01:48:02,3013,2026-08-30 22:52:15,0,2026-08-30 22:52:15,False,,bajo,True
2026-08-31 01:48:02,3020,2026-08-30 19:45:05,0,2026-08-30 19:45:05,False,,bajo,False
2026-08-31 01:48:02,3022,2026-08-28 18:58:45,0,2026-08-28 18:58:45,False,,bajo,True
2026-08-31 01:48:02,3024,2026-08-31 01:46:34,0,2026-08-31 01:46:34,False,,bajo,True
2026-08-31 01:48:02,3026,2026-08-30 20:08:41,0,2026-08-30 20:08:41,False,,bajo,False
2026-08-31 01:48:02,3027,2026-08-30 17:56:22,0,2026-08-30 17:56:22,False,,bajo,True
2026-08-31 01:48:02,3029,2026-08-31 01:41:48,0,2026-08-31 01:41:48,False,,bajo,True
2026-08-31 01:48:02,3036,2025-03-13 16:18:25,0,2025-03-13 16:18:25,False,,bajo,False
2026-08-31 01:48:02,3039,2026-08-30 20:19:12,0,2026-08-30 20:19:12,False,,bajo,False
2026-08-31 01:48:02,3060,2026-08-31 01:47:38,0,2026-08-31 01:47:38,False,,bajo,True
2026-08-31 01:48:02,3064,2026-08-31 01:47:14,0,2026-08-31 01:47:14,False,,bajo,True
2026-08-31 01:48:02,3065,2026-08-31 01:46:45,0,2026-08-31 01:46:45,False,,bajo,True
2026-08-31 01:48:02,3074,2026-08-30 23:16:45,0,2026-08-30 23:16:45,False,,bajo,True
2026-08-31 01:48:02,3076,2026-08-30 21:57:40,0,2026-08-30 21:57:40,False,,bajo,False
2026-08-31 01:48:02,3079,2026-08-31 01:47:42,0,2026-08-31 01:47:42,False,,bajo,True
2026-08-31 01:48:02,3084,2026-08-30 19:03:41,0,2026-08-30 19:03:41,False,,bajo,False
2026-08-31 01:48:02,3086,2026-08-30 06:59:43,0,2026-08-30 06:59:43,False,,alto,False
2026-08-31 01:48:02,3087,2026-08-29 06:57:29,0,2026-08-29 06:57:29,False,,alto,False
2026-08-31 01:48:02,3099,2026-08-30 23:51:35,0,2026-08-30 23:51:35,False,,bajo,True
2026-08-31 01:48:02,3101,2026-08-30 16:51:41,0,2026-08-30 16:51:41,False,,bajo,False
2026-08-31 01:48:02,3117,2026-08-30 19:55:20,0,2026-08-30 19:55:20,False,,bajo,True
2026-08-31 01:48:02,3121,2026-08-30 21:59:43,0,2026-08-30 21:59:43,False,,bajo,True
2026-08-31 01:48:02,3132,2026-08-31 01:44:45,0,2026-08-31 01:44:45,False,,bajo,True
2026-08-31 01:48:02,3138,2026-08-30 21:12:16,0,2026-08-30 21:12:16,False,,bajo,True
2026-08-31 01:48:02,3141,2026-08-30 20:21:28,0,2026-08-30 20:21:28,False,,bajo,False
2026-08-31 01:48:02,3144,2026-08-30 21:42:18,0,2026-08-30 21:42:18,False,,bajo,True
2026-08-31 01:48:02,3145,2026-08-30 10:20:32,0,2026-08-30 10:20:32,False,,bajo,True
2026-08-31 01:48:02,3146,2026-08-30 16:40:05,0,2026-08-30 16:40:05,False,,bajo,True
2026-08-31 01:48:02,3151,2026-08-28 21:02:50,0,2026-08-28 21:02:50,False,,alto,False
2026-08-31 01:48:02,3154,2026-08-30 10:50:35,0,2026-08-30 10:50:35,False,,bajo,False
2026-08-31 01:48:02,3155,2026-08-30 21:56:31,0,2026-08-30 21:56:31,False,,bajo,True
2026-08-31 01:48:02,3159,2026-08-31 01:46:20,0,2026-08-31 01:46:20,False,,bajo,True
2026-08-31 01:48:02,3160,2026-08-29 17:00:23,0,2026-08-29 17:00:23,False,,bajo,False
2026-08-31 01:48:02,3161,2026-08-30 14:56:56,0,2026-08-30 14:56:56,False,,bajo,False
2026-08-31 01:48:02,3162,2026-08-31 01:42:55,0,2026-08-31 01:42:55,False,,bajo,True
2026-08-31 01:48:02,3169,2026-08-30 21:00:29,0,2026-08-30 21:00:29,False,,bajo,False
2026-08-31 01:48:02,3172,2026-08-31 01:31:43,0,2026-08-31 01:31:43,False,,bajo,True
2026-08-31 01:48:02,3178,2026-08-30 21:53:39,0,2026-08-30 21:53:39,False,,bajo,True
2026-08-31 01:48:02,3184,2026-08-30 23:15:04,0,2026-08-30 23:15:04,False,,bajo,False
2026-08-31 01:48:02,3185,2026-08-30 21:29:49,0,2026-08-30 21:29:49,False,,bajo,True
2026-08-31 01:48:02,3186,2026-08-29 17:56:13,0,2026-08-29 17:56:13,False,,bajo,False
2026-08-31 01:48:02,3187,2026-08-23 09:50:03,0,2026-08-23 09:50:03,False,,bajo,True
2026-08-31 01:48:02,3191,2026-08-30 21:49:59,0,2026-08-30 21:49:59,False,,medio,True
2026-08-31 01:48:02,3199,2026-08-26 11:15:03,0,2026-08-26 11:15:03,False,,bajo,True
2026-08-31 01:48:02,3202,2026-08-31 01:44:21,0,2026-08-31 01:44:21,False,,bajo,True
2026-08-31 01:48:02,3203,2026-08-30 13:21:04,0,2026-08-30 13:21:04,False,,bajo,False
2026-08-31 01:48:02,3204,2026-08-30 11:11:11,0,2026-08-30 11:11:11,False,,bajo,True
2026-08-31 01:48:02,3207,2026-08-31 01:21:17,0,2026-08-31 01:21:17,False,,bajo,True
2026-08-31 01:48:02,3208,2026-08-30 21:31:59,0,2026-08-30 21:31:59,False,,bajo,False
2026-08-31 01:48:02,3216,2026-08-30 22:00:52,0,2026-08-30 22:00:52,False,,medio,False
2026-08-31 01:48:02,3222,2026-08-30 19:38:34,0,2026-08-30 19:38:34,False,,bajo,False
2026-08-31 01:48:02,3224,2026-08-27 18:03:31,0,2026-08-27 18:03:31,False,,bajo,True
2026-08-31 01:48:02,3225,2026-08-30 12:38:30,0,2026-08-30 12:38:30,False,,alto,False
2026-08-31 01:48:02,3227,2026-08-30 10:28:21,0,2026-08-30 10:28:21,False,,bajo,True
2026-08-31 01:48:02,3232,2026-08-30 21:27:17,0,2026-08-30 21:27:17,False,,bajo,True
2026-08-31 01:48:02,3239,2026-08-29 17:48:17,0,2026-08-29 17:48:17,False,,bajo,False
2026-08-31 01:48:02,3242,2026-08-31 01:37:49,0,2026-08-31 01:37:49,False,,bajo,True
2026-08-31 01:48:02,3243,2026-08-30 06:12:09,0,2026-08-30 06:12:09,False,,bajo,True
2026-08-31 01:48:02,3244,2026-08-30 22:44:29,0,2026-08-30 22:44:29,False,,bajo,True
2026-08-31 01:48:02,3253,2026-08-31 01:04:48,0,2026-08-31 01:04:48,False,,bajo,True
2026-08-31 01:48:02,3259,2026-08-30 22:07:02,0,2026-08-30 22:07:02,False,,medio,True
2026-08-31 01:48:02,3264,2026-08-31 01:47:39,0,2026-08-31 01:47:39,False,,bajo,True
2026-08-31 01:48:02,3266,2026-08-30 06:59:42,0,2026-08-30 06:59:42,False,,bajo,True
2026-08-31 01:48:02,4018,2026-08-29 10:05:28,0,2026-08-29 10:05:28,False,,bajo,False
2026-08-31 01:48:02,4024,2026-08-30 22:15:36,0,2026-08-30 22:15:36,False,,bajo,False
2026-08-31 01:48:02,1724,2026-08-30 11:25:39,1,2026-08-30 11:25:39,False,,bajo,False
2026-08-31 01:48:02,1744,2026-08-30 07:46:11,1,2026-08-30 07:46:11,False,,bajo,False
2026-08-31 01:48:02,1766,2026-06-03 03:27:01,1,2026-06-03 03:27:01,False,,bajo,False
2026-08-31 01:48:02,1784,2026-06-03 03:29:57,1,2026-06-03 03:29:57,False,,bajo,False
2026-08-31 01:48:02,1805,2026-06-03 08:20:37,1,2026-06-03 08:20:37,False,,bajo,False
2026-08-31 01:48:02,1806,2026-08-30 17:12:35,1,2026-08-30 17:12:35,False,,bajo,False
2026-08-31 01:48:02,1824,2026-06-03 08:35:59,1,2026-06-03 08:35:59,False,,bajo,False
2026-08-31 01:48:02,1844,2026-08-30 15:34:33,1,2026-08-30 15:34:33,False,,bajo,False
2026-08-31 01:48:02,1845,2026-06-03 08:35:31,1,2026-06-03 08:35:31,False,,bajo,False
2026-08-31 01:48:02,1846,2026-08-30 08:28:27,1,2026-08-30 08:28:27,False,,bajo,False
2026-08-31 01:48:02,1887,2026-08-30 22:51:33,1,2026-08-30 22:51:33,False,,bajo,True
2026-08-31 01:48:02,1924,2026-08-30 10:30:54,1,2026-08-30 10:30:54,False,,bajo,False
2026-08-31 01:48:02,1926,2026-08-30 02:21:04,1,2026-08-30 02:21:04,False,,bajo,False
2026-08-31 01:48:02,1927,2026-08-29 18:36:44,1,2026-08-29 18:36:44,False,,bajo,False
2026-08-31 01:48:02,1928,2026-08-30 19:46:49,1,2026-08-30 19:46:49,False,,bajo,False
2026-08-31 01:48:02,1945,2026-08-29 20:08:47,1,2026-08-29 20:08:47,False,,bajo,False
2026-08-31 01:48:02,1964,2026-08-30 09:52:13,1,2026-08-30 09:52:13,False,,alto,False
2026-08-31 01:48:02,1965,2026-08-30 16:17:20,1,2026-08-30 16:17:20,False,,bajo,False
2026-08-31 01:48:02,1984,2026-08-30 21:25:37,1,2026-08-30 21:25:37,False,,bajo,False
2026-08-31 01:48:02,2190,2026-08-30 16:38:18,1,2026-08-30 16:38:18,False,,bajo,False
2026-08-31 01:48:02,2192,2026-08-29 18:32:01,1,2026-08-29 18:32:01,False,,bajo,False
2026-08-31 01:48:02,2193,2026-08-29 04:24:18,1,2026-08-29 04:24:18,False,,bajo,False
2026-08-31 01:48:02,2204,2026-08-29 20:27:08,1,2026-08-29 20:27:08,False,,bajo,False
2026-08-31 01:48:02,2205,2026-08-29 18:41:19,1,2026-08-29 18:41:19,False,,bajo,False
2026-08-31 01:48:02,2207,2026-08-30 14:44:07,1,2026-08-30 14:44:07,False,,bajo,False
2026-08-31 01:48:02,2208,2026-08-30 20:58:49,1,2026-08-30 20:58:49,False,,bajo,False
2026-08-31 01:48:02,2224,2026-08-30 12:26:25,1,2026-08-30 12:26:25,False,,bajo,False
2026-08-31 01:48:02,2225,2026-08-31 01:47:05,1,2026-08-31 01:47:05,False,,bajo,False
2026-08-31 01:48:02,2227,2026-08-29 17:09:41,1,2026-08-29 17:09:41,False,,bajo,False
2026-08-31 01:48:02,2230,2026-08-30 17:25:56,1,2026-08-30 17:25:56,False,,bajo,False
2026-08-31 01:48:02,2250,2026-08-30 05:50:25,1,2026-08-30 05:50:25,False,,bajo,True
2026-08-31 01:48:02,2264,2026-08-30 22:34:23,1,2026-08-30 22:34:23,False,,bajo,True
2026-08-31 01:48:02,2268,2026-08-31 01:44:36,1,2026-08-31 01:44:36,False,,bajo,False
2026-08-31 01:48:02,2284,2026-08-29 23:43:14,1,2026-08-29 23:43:14,False,,bajo,True
2026-08-31 01:48:02,2317,2026-08-30 09:13:25,1,2026-08-30 09:13:25,False,,bajo,False
2026-08-31 01:48:02,2326,2026-08-30 00:23:18,1,2026-08-30 00:23:18,False,,bajo,False
2026-08-31 01:48:02,2327,2026-08-29 20:00:47,1,2026-08-29 20:00:47,False,,bajo,False
2026-08-31 01:48:02,2330,2026-08-30 10:34:41,1,2026-08-30 10:34:41,False,,bajo,False
2026-08-31 01:48:02,2335,2026-08-29 16:17:39,1,2026-08-29 16:17:39,False,,bajo,False
2026-08-31 01:48:02,2391,2026-08-29 15:07:39,1,2026-08-29 15:07:39,False,,bajo,False
2026-08-31 01:48:02,2404,2026-08-29 00:14:01,1,2026-08-29 00:14:01,False,,bajo,False
2026-08-31 01:48:02,2415,2026-08-29 19:33:52,1,2026-08-29 19:33:52,False,,bajo,False
2026-08-31 01:48:02,2424,2025-03-13 16:03:26,1,2025-03-13 16:03:26,False,,bajo,False
2026-08-31 01:48:02,2446,2026-08-30 11:32:53,1,2026-08-30 11:32:53,False,,bajo,False
2026-08-31 01:48:02,2459,2026-08-30 13:59:23,1,2026-08-30 13:59:23,False,,bajo,False
2026-08-31 01:48:02,2464,2026-08-29 20:02:29,1,2026-08-29 20:02:29,False,,bajo,False
2026-08-31 01:48:02,2465,2026-08-30 08:17:19,1,2026-08-30 08:17:19,False,,bajo,False
2026-08-31 01:48:02,2466,2026-08-29 22:28:25,1,2026-08-29 22:28:25,False,,bajo,False
2026-08-31 01:48:02,2468,2026-08-30 02:36:14,1,2026-08-30 02:36:14,False,,bajo,True
2026-08-31 01:48:02,2471,2026-08-30 07:48:04,1,2026-08-30 07:48:04,False,,bajo,False
2026-08-31 01:48:02,2475,2026-08-30 08:54:25,1,2026-08-30 08:54:25,False,,bajo,False
2026-08-31 01:48:02,2476,2026-08-29 21:20:58,1,2026-08-29 21:20:58,False,,bajo,False
2026-08-31 01:48:02,2482,2026-08-30 20:39:29,1,2026-08-30 20:39:29,False,,medio,True
2026-08-31 01:48:02,2484,2026-08-29 10:43:40,1,2026-08-29 10:43:40,False,,bajo,False
2026-08-31 01:48:02,2485,2026-08-30 13:06:46,1,2026-08-30 13:06:46,False,,bajo,True
2026-08-31 01:48:02,2492,2026-08-29 16:32:37,1,2026-08-29 16:32:37,False,,bajo,False
2026-08-31 01:48:02,2516,2026-08-30 21:11:03,1,2026-08-30 21:11:03,False,,bajo,False
2026-08-31 01:48:02,2519,2026-08-30 01:21:21,1,2026-08-30 01:21:21,False,,bajo,False
2026-08-31 01:48:02,2565,2026-08-30 09:02:50,1,2026-08-30 09:02:50,False,,bajo,False
2026-08-31 01:48:02,2567,2026-08-29 19:59:16,1,2026-08-29 19:59:16,False,,bajo,False
2026-08-31 01:48:02,2575,2026-08-30 10:38:00,1,2026-08-30 10:38:00,False,,bajo,False
2026-08-31 01:48:02,2582,2026-08-29 19:26:10,1,2026-08-29 19:26:10,False,,bajo,False
2026-08-31 01:48:02,2590,2026-08-29 16:20:33,1,2026-08-29 16:20:33,False,,bajo,False
2026-08-31 01:48:02,2592,2026-08-30 02:01:07,1,2026-08-30 02:01:07,False,,bajo,True
2026-08-31 01:48:02,2593,2026-08-29 22:00:00,1,2026-08-29 22:00:00,False,,bajo,False
2026-08-31 01:48:02,2654,2026-08-31 01:30:32,1,2026-08-31 01:30:32,False,,bajo,True
2026-08-31 01:48:02,2665,2026-08-30 05:02:16,1,2026-08-30 05:02:16,False,,bajo,False
2026-08-31 01:48:02,2668,2026-08-29 17:49:19,1,2026-08-29 17:49:19,False,,bajo,False
2026-08-31 01:48:02,2678,2026-08-29 21:46:37,1,2026-08-29 21:46:37,False,,bajo,False
2026-08-31 01:48:02,2693,2026-08-30 10:28:17,1,2026-08-30 10:28:17,False,,bajo,False
2026-08-31 01:48:02,2701,2026-08-29 18:41:50,1,2026-08-29 18:41:50,False,,bajo,False
2026-08-31 01:48:02,2706,2026-08-29 19:06:51,1,2026-08-29 19:06:51,False,,bajo,False
2026-08-31 01:48:02,2718,2026-08-30 18:24:09,1,2026-08-30 18:24:09,False,,bajo,False
2026-08-31 01:48:02,2722,2026-08-30 08:33:22,1,2026-08-30 08:33:22,False,,alto,False
2026-08-31 01:48:02,2724,2026-08-30 02:15:50,1,2026-08-30 02:15:50,False,,alto,False
2026-08-31 01:48:02,2726,2025-03-13 16:03:26,1,2025-03-13 16:03:26,False,,bajo,False
2026-08-31 01:48:02,2730,2026-06-03 08:24:07,1,2026-06-03 08:24:07,False,,bajo,False
2026-08-31 01:48:02,2743,2026-08-30 15:20:17,1,2026-08-30 15:20:17,False,,bajo,True
2026-08-31 01:48:02,2744,2026-08-29 22:49:12,1,2026-08-29 22:49:12,False,,bajo,False
2026-08-31 01:48:02,2751,2026-08-30 08:21:14,1,2026-08-30 08:21:14,False,,bajo,False
2026-08-31 01:48:02,2754,2026-06-03 08:25:11,1,2026-06-03 08:25:11,False,,bajo,False
2026-08-31 01:48:02,2768,2026-06-03 08:23:19,1,2026-06-03 08:23:19,False,,bajo,False
2026-08-31 01:48:02,2770,2025-03-13 16:03:26,1,2025-03-13 16:03:26,False,,bajo,False
2026-08-31 01:48:02,2773,2026-08-30 03:36:56,1,2026-08-30 03:36:56,False,,alto,True
2026-08-31 01:48:02,2777,2025-03-13 16:03:26,1,2025-03-13 16:03:26,False,,bajo,False
2026-08-31 01:48:02,2780,2026-08-30 07:08:54,1,2026-08-30 07:08:54,False,,bajo,False
2026-08-31 01:48:02,2781,2026-08-30 04:18:59,1,2026-08-30 04:18:59,False,,bajo,False
2026-08-31 01:48:02,2790,2026-08-30 08:00:01,1,2026-08-30 08:00:01,False,,bajo,False
2026-08-31 01:48:02,2791,2026-08-15 17:39:44,1,2026-08-15 17:39:44,False,,bajo,False
2026-08-31 01:48:02,2796,2026-08-30 21:58:09,1,2026-08-30 21:58:09,False,,bajo,False
2026-08-31 01:48:02,2803,2026-08-30 04:38:42,1,2026-08-30 04:38:42,False,,bajo,False
2026-08-31 01:48:02,2807,2026-08-30 15:17:34,1,2026-08-30 15:17:34,False,,bajo,False
2026-08-31 01:48:02,2808,2026-08-29 19:52:48,1,2026-08-29 19:52:48,False,,bajo,False
2026-08-31 01:48:02,2810,2026-08-30 12:04:43,1,2026-08-30 12:04:43,False,,bajo,True
2026-08-31 01:48:02,2830,2026-08-30 20:49:40,1,2026-08-30 20:49:40,False,,bajo,False
2026-08-31 01:48:02,2858,2026-08-30 22:00:22,1,2026-08-30 22:00:22,False,,alto,False
2026-08-31 01:48:02,2904,2026-08-29 20:02:43,1,2026-08-29 20:02:43,False,,bajo,False
2026-08-31 01:48:02,2922,2026-06-03 07:54:30,1,2026-06-03 07:54:30,False,,bajo,False
2026-08-31 01:48:02,2926,2026-08-31 01:40:01,1,2026-08-31 01:40:01,False,,bajo,False
2026-08-31 01:48:02,2929,2026-08-29 08:19:14,1,2026-08-29 08:19:14,False,,alto,False
2026-08-31 01:48:02,2935,2026-08-30 10:59:04,1,2026-08-30 10:59:04,False,,bajo,False
2026-08-31 01:48:02,2937,2026-08-30 19:38:19,1,2026-08-30 19:38:19,False,,bajo,False
2026-08-31 01:48:02,2961,2026-02-27 08:12:26,1,2026-02-27 08:12:26,False,,bajo,False
2026-08-31 01:48:02,2971,2026-08-30 21:57:55,1,2026-08-30 21:57:55,False,,bajo,False
2026-08-31 01:48:02,2972,2026-08-28 21:20:18,1,2026-08-28 21:20:18,False,,bajo,False
2026-08-31 01:48:02,2973,2026-08-30 17:15:15,1,2026-08-30 17:15:15,False,,bajo,False
2026-08-31 01:48:02,2975,2026-08-29 14:17:13,1,2026-08-29 14:17:13,False,,bajo,False
2026-08-31 01:48:02,2978,2026-08-31 01:02:24,1,2026-08-31 01:02:24,False,,bajo,True
2026-08-31 01:48:02,2983,2026-08-30 20:35:52,1,2026-08-30 20:35:52,False,,bajo,False
2026-08-31 01:48:02,2984,2026-08-30 14:22:19,1,2026-08-30 14:22:19,False,,bajo,False
2026-08-31 01:48:02,2985,2026-08-30 12:05:51,1,2026-08-30 12:05:51,False,,bajo,False
2026-08-31 01:48:02,2986,2026-08-29 17:40:41,1,2026-08-29 17:40:41,False,,bajo,False
2026-08-31 01:48:02,2987,2026-08-29 13:12:47,1,2026-08-29 13:12:47,False,,bajo,False
2026-08-31 01:48:02,2988,2026-08-30 15:52:24,1,2026-08-30 15:52:24,False,,bajo,False
2026-08-31 01:48:02,2993,2026-08-30 06:49:11,1,2026-08-30 06:49:11,False,,bajo,False
2026-08-31 01:48:02,2994,2026-08-30 10:57:10,1,2026-08-30 10:57:10,False,,bajo,False
2026-08-31 01:48:02,2996,2026-08-30 18:50:42,1,2026-08-30 18:50:42,False,,bajo,False
2026-08-31 01:48:02,2998,2026-08-30 11:16:10,1,2026-08-30 11:16:10,False,,bajo,True
2026-08-31 01:48:02,3002,2026-08-29 10:56:08,1,2026-08-29 10:56:08,False,,bajo,False
2026-08-31 01:48:02,3009,2026-08-30 13:05:39,1,2026-08-30 13:05:39,False,,bajo,False
2026-08-31 01:48:02,3010,2026-08-30 16:24:26,1,2026-08-30 16:24:26,False,,bajo,False
2026-08-31 01:48:02,3011,2026-08-29 22:02:45,1,2026-08-29 22:02:45,False,,bajo,False
2026-08-31 01:48:02,3013,2026-08-30 23:29:28,1,2026-08-30 23:29:28,False,,bajo,False
2026-08-31 01:48:02,3020,2026-08-30 14:34:25,1,2026-08-30 14:34:25,False,,bajo,False
2026-08-31 01:48:02,3022,2026-08-30 21:12:06,1,2026-08-30 21:12:06,False,,medio,False
2026-08-31 01:48:02,3024,2026-08-30 07:27:51,1,2026-08-30 07:27:51,False,,bajo,False
2026-08-31 01:48:02,3026,2026-08-30 17:48:58,1,2026-08-30 17:48:58,False,,bajo,False
2026-08-31 01:48:02,3027,2026-08-30 07:44:16,1,2026-08-30 07:44:16,False,,bajo,False
2026-08-31 01:48:02,3029,2026-08-29 22:19:56,1,2026-08-29 22:19:56,False,,bajo,False
2026-08-31 01:48:02,3036,2025-03-13 16:18:25,1,2025-03-13 16:18:25,False,,bajo,False
2026-08-31 01:48:02,3039,2026-08-30 11:08:40,1,2026-08-30 11:08:40,False,,medio,False
2026-08-31 01:48:02,3060,2026-08-30 00:34:57,1,2026-08-30 00:34:57,False,,bajo,False
2026-08-31 01:48:02,3064,2026-08-29 01:45:54,1,2026-08-29 01:45:54,False,,bajo,True
2026-08-31 01:48:02,3065,2026-06-03 06:29:32,1,2026-06-03 06:29:32,False,,bajo,False
2026-08-31 01:48:02,3074,2026-08-31 01:39:20,1,2026-08-31 01:39:20,False,,bajo,False
2026-08-31 01:48:02,3076,2026-08-30 18:51:09,1,2026-08-30 18:51:09,False,,bajo,False
2026-08-31 01:48:02,3079,2026-08-29 21:31:04,1,2026-08-29 21:31:04,False,,bajo,False
2026-08-31 01:48:02,3084,2026-08-30 18:54:35,1,2026-08-30 18:54:35,False,,bajo,False
2026-08-31 01:48:02,3086,2026-08-30 13:57:36,1,2026-08-30 13:57:36,False,,bajo,False
2026-08-31 01:48:02,3087,2026-08-30 01:49:59,1,2026-08-30 01:49:59,False,,bajo,False
2026-08-31 01:48:02,3099,2026-08-30 01:40:27,1,2026-08-30 01:40:27,False,,bajo,False
2026-08-31 01:48:02,3101,2026-08-29 11:49:42,1,2026-08-29 11:49:42,False,,bajo,False
2026-08-31 01:48:02,3117,2026-08-30 07:19:20,1,2026-08-30 07:19:20,False,,bajo,False
2026-08-31 01:48:02,3121,2026-08-30 12:59:41,1,2026-08-30 12:59:41,False,,bajo,False
2026-08-31 01:48:02,3132,2026-08-30 23:24:46,1,2026-08-30 23:24:46,False,,bajo,False
2026-08-31 01:48:02,3138,2026-08-30 09:30:11,1,2026-08-30 09:30:11,False,,bajo,False
2026-08-31 01:48:02,3141,2026-08-30 16:22:47,1,2026-08-30 16:22:47,False,,bajo,False
2026-08-31 01:48:02,3144,2026-08-30 15:58:17,1,2026-08-30 15:58:17,False,,bajo,False
2026-08-31 01:48:02,3145,2026-08-30 12:22:54,1,2026-08-30 12:22:54,False,,bajo,False
2026-08-31 01:48:02,3146,2026-08-30 22:01:09,1,2026-08-30 22:01:09,False,,bajo,False
2026-08-31 01:48:02,3151,2026-08-30 18:27:21,1,2026-08-30 18:27:21,False,,medio,False
2026-08-31 01:48:02,3154,2026-08-30 01:12:29,1,2026-08-30 01:12:29,False,,bajo,False
2026-08-31 01:48:02,3155,2026-08-30 13:50:18,1,2026-08-30 13:50:18,False,,bajo,False
2026-08-31 01:48:02,3159,2026-08-29 20:14:26,1,2026-08-29 20:14:26,False,,bajo,False
2026-08-31 01:48:02,3160,2026-08-30 15:54:29,1,2026-08-30 15:54:29,False,,bajo,False
2026-08-31 01:48:02,3161,2026-08-30 14:49:36,1,2026-08-30 14:49:36,False,,bajo,False
2026-08-31 01:48:02,3162,2026-06-03 06:14:04,1,2026-06-03 06:14:04,False,,bajo,False
2026-08-31 01:48:02,3169,2026-08-30 20:32:01,1,2026-08-30 20:32:01,False,,bajo,False
2026-08-31 01:48:02,3172,2026-08-29 01:00:38,1,2026-08-29 01:00:38,False,,bajo,False
2026-08-31 01:48:02,3178,2026-08-30 17:08:31,1,2026-08-30 17:08:31,False,,bajo,True
2026-08-31 01:48:02,3184,2026-08-30 21:40:26,1,2026-08-30 21:40:26,False,,bajo,False
2026-08-31 01:48:02,3185,2026-08-30 22:02:48,1,2026-08-30 22:02:48,False,,alto,False
2026-08-31 01:48:02,3187,2026-08-29 20:33:32,1,2026-08-29 20:33:32,False,,bajo,False
2026-08-31 01:48:02,3191,2026-08-30 17:29:17,1,2026-08-30 17:29:17,False,,alto,True
2026-08-31 01:48:02,3199,2026-08-29 21:15:01,1,2026-08-29 21:15:01,False,,bajo,True
2026-08-31 01:48:02,3202,2026-08-29 01:48:19,1,2026-08-29 01:48:19,False,,bajo,False
2026-08-31 01:48:02,3203,2026-08-29 21:10:58,1,2026-08-29 21:10:58,False,,bajo,False
2026-08-31 01:48:02,3204,2026-08-29 21:09:05,1,2026-08-29 21:09:05,False,,bajo,False
2026-08-31 01:48:02,3207,2026-08-31 01:21:15,1,2026-08-31 01:21:15,False,,bajo,False
2026-08-31 01:48:02,3208,2026-08-30 15:39:26,1,2026-08-30 15:39:26,False,,bajo,True
2026-08-31 01:48:02,3216,2026-08-30 11:24:53,1,2026-08-30 11:24:53,False,,medio,True
2026-08-31 01:48:02,3222,2026-08-29 20:58:02,1,2026-08-29 20:58:02,False,,bajo,False
2026-08-31 01:48:02,3224,2026-08-27 18:03:51,1,2026-08-27 18:03:51,False,,bajo,True
2026-08-31 01:48:02,3225,2026-08-30 12:49:14,1,2026-08-30 12:49:14,False,,medio,False
2026-08-31 01:48:02,3227,2026-08-27 18:21:53,1,2026-08-27 18:21:53,False,,bajo,False
2026-08-31 01:48:02,3232,2026-08-30 16:20:04,1,2026-08-30 16:20:04,False,,bajo,True
2026-08-31 01:48:02,3239,2026-08-30 16:16:13,1,2026-08-30 16:16:13,False,,bajo,False
2026-08-31 01:48:02,3242,2026-08-30 11:06:35,1,2026-08-30 11:06:35,False,,bajo,False
2026-08-31 01:48:02,3243,2026-08-30 06:08:19,1,2026-08-30 06:08:19,False,,bajo,False
2026-08-31 01:48:02,3244,2026-08-30 22:19:12,1,2026-08-30 22:19:12,False,,bajo,False
2026-08-31 01:48:02,3259,2026-08-30 15:44:36,1,2026-08-30 15:44:36,False,,medio,False
2026-08-31 01:48:02,3264,2026-08-30 07:40:18,1,2026-08-30 07:40:18,False,,bajo,False
2026-08-31 01:48:02,3266,2026-08-30 18:59:41,1,2026-08-30 18:59:41,False,,bajo,False
2026-08-31 01:48:02,4018,2026-08-29 10:48:58,1,2026-08-29 10:48:58,False,,bajo,False
2026-08-31 01:48:02,4024,2026-08-29 23:28:00,1,2026-08-29 23:28:00,False,,bajo,False
2026-08-31 01:48:02,1724,2026-06-03 08:15:44,2,2026-06-03 08:15:44,False,,bajo,False
2026-08-31 01:48:02,1744,2026-06-03 06:32:42,2,2026-06-03 06:32:42,False,,bajo,False
2026-08-31 01:48:02,1766,2026-06-03 17:35:31,2,2026-06-03 17:35:31,False,,bajo,False
2026-08-31 01:48:02,1784,2026-06-03 17:31:00,2,2026-06-03 17:31:00,False,,bajo,False
2026-08-31 01:48:02,1805,2026-06-03 17:31:00,2,2026-06-03 17:31:00,False,,bajo,False
2026-08-31 01:48:02,1824,2026-06-03 17:31:00,2,2026-06-03 17:31:00,False,,bajo,False
2026-08-31 01:48:02,1844,2026-06-03 17:31:00,2,2026-06-03 17:31:00,False,,bajo,False
2026-08-31 01:48:02,1845,2026-06-03 17:31:27,2,2026-06-03 17:31:27,False,,bajo,False
2026-08-31 01:48:02,1887,2026-08-05 15:28:49,2,2026-08-05 15:28:49,False,,bajo,False
2026-08-31 01:48:02,1924,2026-06-03 17:31:00,2,2026-06-03 17:31:00,False,,bajo,False
2026-08-31 01:48:02,1926,2026-06-03 06:42:55,2,2026-06-03 06:42:55,False,,bajo,False
2026-08-31 01:48:02,1944,2026-06-03 17:31:00,2,2026-06-03 17:31:00,False,,bajo,False
2026-08-31 01:48:02,1945,2026-08-26 17:47:37,2,2026-08-26 17:47:37,False,,bajo,False
2026-08-31 01:48:02,2190,2025-03-13 16:03:26,2,2025-03-13 16:03:26,False,,bajo,False
2026-08-31 01:48:02,2193,2026-06-03 17:33:58,2,2026-06-03 17:33:58,False,,bajo,False
2026-08-31 01:48:02,2205,2026-06-02 08:49:39,2,2026-06-02 08:49:39,False,,bajo,False
2026-08-31 01:48:02,2208,2026-07-20 15:35:36,2,2026-07-20 15:35:36,False,,bajo,False
2026-08-31 01:48:02,2224,2026-06-03 08:23:23,2,2026-06-03 08:23:23,False,,bajo,False
2026-08-31 01:48:02,2229,2026-06-03 07:24:01,2,2026-06-03 07:24:01,False,,bajo,False
2026-08-31 01:48:02,2250,2026-06-03 08:23:15,2,2026-06-03 08:23:15,False,,bajo,False
2026-08-31 01:48:02,2335,2026-06-03 06:08:53,2,2026-06-03 06:08:53,False,,bajo,False
2026-08-31 01:48:02,2411,2026-06-03 08:44:37,2,2026-06-03 08:44:37,False,,bajo,False
2026-08-31 01:48:02,2465,2026-06-03 06:28:44,2,2026-06-03 06:28:44,False,,bajo,False
2026-08-31 01:48:02,2466,2025-03-13 16:03:26,2,2025-03-13 16:03:26,False,,bajo,False
2026-08-31 01:48:02,2468,2026-06-03 08:40:08,2,2026-06-03 08:40:08,False,,bajo,False
2026-08-31 01:48:02,2706,2026-06-03 05:15:51,2,2026-06-03 05:15:51,False,,bajo,False
2026-08-31 01:48:02,2724,2026-08-22 11:08:53,2,2026-08-22 11:08:53,False,,bajo,False
2026-08-31 01:48:02,2730,2026-06-03 08:24:08,2,2026-06-03 08:24:08,False,,bajo,False
2026-08-31 01:48:02,2743,2026-06-03 08:33:58,2,2026-06-03 08:33:58,False,,bajo,False
2026-08-31 01:48:02,2744,2026-06-03 08:26:24,2,2026-06-03 08:26:24,False,,bajo,False
2026-08-31 01:48:02,2768,2026-06-03 08:23:19,2,2026-06-03 08:23:19,False,,bajo,False
2026-08-31 01:48:02,2770,2026-06-03 08:28:44,2,2026-06-03 08:28:44,False,,bajo,False
2026-08-31 01:48:02,2773,2026-06-03 08:42:23,2,2026-06-03 08:42:23,False,,bajo,False
2026-08-31 01:48:02,2780,2026-06-03 08:31:16,2,2026-06-03 08:31:16,False,,bajo,False
2026-08-31 01:48:02,2781,2026-06-03 08:39:47,2,2026-06-03 08:39:47,False,,bajo,False
2026-08-31 01:48:02,2922,2026-06-03 07:54:30,2,2026-06-03 07:54:30,False,,bajo,False
2026-08-31 01:48:02,2983,2026-06-03 08:26:35,2,2026-06-03 08:26:35,False,,bajo,False
2026-08-31 01:48:02,2993,2026-05-28 08:20:47,2,2026-05-28 08:20:47,False,,bajo,False
2026-08-31 01:48:02,3002,2025-03-13 16:03:26,2,2025-03-13 16:03:26,False,,bajo,False
2026-08-31 01:48:02,3020,2026-06-03 08:31:34,2,2026-06-03 08:31:34,False,,bajo,False
2026-08-31 01:48:02,3065,2026-06-03 06:29:32,2,2026-06-03 06:29:32,False,,bajo,False
2026-08-31 01:48:02,3086,2026-06-03 08:38:54,2,2026-06-03 08:38:54,False,,bajo,False
2026-08-31 01:48:02,3087,2026-06-03 02:06:08,2,2026-06-03 02:06:08,False,,bajo,False
2026-08-31 01:48:02,3151,2026-06-03 07:25:54,2,2026-06-03 07:25:54,False,,bajo,False
2026-08-31 01:48:02,3160,2026-06-03 03:28:18,2,2026-06-03 03:28:18,False,,bajo,False
2026-08-31 01:48:02,3199,2026-06-03 08:41:17,2,2026-06-03 08:41:17,False,,bajo,False
2026-08-31 01:48:02,3203,2026-06-03 08:22:47,2,2026-06-03 08:22:47,False,,bajo,False
2026-08-31 01:48:02,3204,2026-06-03 07:54:17,2,2026-06-03 07:54:17,False,,bajo,False
2026-08-31 01:48:02,3207,2026-06-03 07:05:01,2,2026-06-03 07:05:01,False,,bajo,False
2026-08-31 01:48:02,3227,2025-03-13 16:03:26,2,2025-03-13 16:03:26,False,,bajo,False
2026-08-31 01:48:02,1846,2026-06-03 08:24:16,3,2026-06-03 08:24:16,False,,bajo,False
2026-08-31 01:48:02,2193,2026-06-03 03:28:55,3,2026-06-03 03:28:55,False,,bajo,False
2026-08-31 01:48:02,2208,2026-06-03 08:31:26,3,2026-06-03 08:31:26,False,,bajo,False
2026-08-31 01:48:02,2330,2026-06-03 07:45:12,3,2026-06-03 07:45:12,False,,bajo,False
2026-08-31 01:48:02,2415,2026-06-03 08:47:45,3,2026-06-03 08:47:45,False,,bajo,False
2026-08-31 01:48:02,2466,2026-06-03 08:38:32,3,2026-06-03 08:38:32,False,,bajo,False
2026-08-31 01:48:02,2582,2026-06-03 08:15:54,3,2026-06-03 08:15:54,False,,bajo,False
2026-08-31 01:48:02,2665,2026-06-03 07:10:20,3,2026-06-03 07:10:20,False,,bajo,False
2026-08-31 01:48:02,2718,2026-06-03 07:28:18,3,2026-06-03 07:28:18,False,,bajo,False
2026-08-31 01:48:02,2722,2026-06-03 06:10:37,3,2026-06-03 06:10:37,False,,bajo,False
2026-08-31 01:48:02,2751,2026-06-03 07:40:08,3,2026-06-03 07:40:08,False,,bajo,False
2026-08-31 01:48:02,2858,2026-06-03 00:31:15,3,2026-06-03 00:31:15,False,,bajo,False
2026-08-31 01:48:02,2993,2026-05-28 08:20:47,3,2026-05-28 08:20:47,False,,bajo,False
2026-08-31 01:48:02,2994,2026-06-03 07:45:41,3,2026-06-03 07:45:41,False,,bajo,False
2026-08-31 01:48:02,3010,2026-06-03 08:19:28,3,2026-06-03 08:19:28,False,,bajo,False
2026-08-31 01:48:02,3011,2026-06-03 08:45:02,3,2026-06-03 08:45:02,False,,bajo,False
2026-08-31 01:48:02,3024,2026-06-03 07:31:40,3,2026-06-03 07:31:40,False,,bajo,False
2026-08-31 01:48:02,3026,2026-06-03 08:11:53,3,2026-06-03 08:11:53,False,,bajo,False
2026-08-31 01:48:02,3027,2026-06-03 08:24:41,3,2026-06-03 08:24:41,False,,bajo,False
2026-08-31 01:48:02,3074,2026-06-03 06:59:32,3,2026-06-03 06:59:32,False,,bajo,False
2026-08-31 01:48:02,3079,2026-06-03 07:50:16,3,2026-06-03 07:50:16,False,,bajo,False
2026-08-31 01:48:02,3086,2026-06-03 08:38:54,3,2026-06-03 08:38:54,False,,bajo,False
2026-08-31 01:48:02,3087,2026-06-03 02:06:08,3,2026-06-03 02:06:08,False,,bajo,False
2026-08-31 01:48:02,3132,2026-06-03 08:15:52,3,2026-06-03 08:15:52,False,,bajo,False
2026-08-31 01:48:02,3160,2026-06-03 03:28:18,3,2026-06-03 03:28:18,False,,bajo,False
2026-08-31 01:48:02,3172,2026-06-03 08:52:22,3,2026-06-03 08:52:22,False,,bajo,False
2026-08-31 01:48:02,3203,2026-06-03 17:31:00,3,2026-06-03 17:31:00,False,,bajo,False
2026-08-31 01:48:02,3204,2026-06-03 07:54:17,3,2026-06-03 07:54:17,False,,bajo,False
2026-08-31 01:48:02,3207,2026-06-03 07:05:01,3,2026-06-03 07:05:01,False,,bajo,False
2026-08-31 01:48:02,3222,2026-06-03 08:54:14,3,2026-06-03 08:54:14,False,,bajo,False
2026-08-31 01:48:02,2362,2026-08-30 23:51:43,0,2026-08-30 23:51:43,False,,bajo,True
2026-08-31 01:48:02,2815,2026-08-30 13:25:54,0,2026-08-30 13:25:54,False,,bajo,False
2026-08-31 01:48:02,2817,2026-08-29 18:03:31,0,2026-08-29 18:03:31,False,,bajo,True
2026-08-31 01:48:02,2818,2026-08-30 09:36:48,0,2026-08-30 09:36:48,False,,bajo,False
2026-08-31 01:48:02,2820,2026-08-30 19:10:00,0,2026-08-30 19:10:00,False,,bajo,True
2026-08-31 01:48:02,2821,2026-08-30 13:20:18,0,2026-08-30 13:20:18,False,,medio,True
2026-08-31 01:48:02,2822,2026-08-30 12:42:49,0,2026-08-30 12:42:49,False,,medio,True
2026-08-31 01:48:02,2823,2026-08-28 08:13:15,0,2026-08-28 08:13:15,False,,bajo,True
2026-08-31 01:48:02,2824,2026-08-30 11:14:23,0,2026-08-30 11:14:23,False,,bajo,True
2026-08-31 01:48:02,2827,2026-08-29 19:35:15,0,2026-08-29 19:35:15,False,,bajo,True
2026-08-31 01:48:02,2828,2026-08-27 14:39:54,0,2026-08-27 14:39:54,False,,bajo,False
2026-08-31 01:48:02,2833,2026-08-30 16:42:46,0,2026-08-30 16:42:46,False,,alto,False
2026-08-31 01:48:02,2931,2026-08-30 19:18:40,0,2026-08-30 19:18:40,False,,alto,False
2026-08-31 01:48:02,2932,2026-08-30 21:05:41,0,2026-08-30 21:05:41,False,,bajo,False
2026-08-31 01:48:02,2949,2026-08-29 22:47:50,0,2026-08-29 22:47:50,False,,bajo,False
2026-08-31 01:48:02,2952,2026-08-27 18:25:18,0,2026-08-27 18:25:18,False,,bajo,False
2026-08-31 01:48:02,2953,2026-08-30 19:09:53,0,2026-08-30 19:09:53,False,,bajo,False
2026-08-31 01:48:02,2969,2026-08-31 01:47:09,0,2026-08-31 01:47:09,False,,alto,True
2026-08-31 01:48:02,2995,2026-08-29 21:23:11,0,2026-08-29 21:23:11,False,,bajo,False
2026-08-31 01:48:02,3017,2026-08-28 12:07:19,0,2026-08-28 12:07:19,False,,bajo,False
2026-08-31 01:48:02,3021,2026-08-29 16:27:44,0,2026-08-29 16:27:44,False,,bajo,False
2026-08-31 01:48:02,3068,2026-08-29 07:55:30,0,2026-08-29 07:55:30,False,,bajo,False
2026-08-31 01:48:02,3080,2026-08-27 17:59:16,0,2026-08-27 17:59:16,False,,bajo,True
2026-08-31 01:48:02,3089,2026-08-30 21:58:09,0,2026-08-30 21:58:09,False,,bajo,False
2026-08-31 01:48:02,3111,2026-08-30 23:23:24,0,2026-08-30 23:23:24,False,,bajo,True
2026-08-31 01:48:02,3112,2026-08-29 18:10:13,0,2026-08-29 18:10:13,False,,bajo,False
2026-08-31 01:48:02,3142,2026-08-30 16:59:20,0,2026-08-30 16:59:20,False,,bajo,False
2026-08-31 01:48:02,3181,2026-08-30 20:28:40,0,2026-08-30 20:28:40,False,,bajo,True
2026-08-31 01:48:02,3205,2026-08-29 18:55:07,0,2026-08-29 18:55:07,False,,bajo,False
2026-08-31 01:48:02,3233,2026-08-30 15:15:40,0,2026-08-30 15:15:40,False,,bajo,False
2026-08-31 01:48:02,2362,2026-08-30 16:50:33,1,2026-08-30 16:50:33,False,,bajo,True
2026-08-31 01:48:02,2815,2026-08-29 17:42:53,1,2026-08-29 17:42:53,False,,bajo,False
2026-08-31 01:48:02,2817,2026-08-29 16:13:22,1,2026-08-29 16:13:22,False,,bajo,False
2026-08-31 01:48:02,2818,2026-08-29 21:10:10,1,2026-08-29 21:10:10,False,,bajo,False
2026-08-31 01:48:02,2820,2026-06-03 07:57:34,1,2026-06-03 07:57:34,False,,bajo,False
2026-08-31 01:48:02,2821,2026-08-30 10:37:21,1,2026-08-30 10:37:21,False,,alto,True
2026-08-31 01:48:02,2822,2026-08-30 12:11:23,1,2026-08-30 12:11:23,False,,bajo,False
2026-08-31 01:48:02,2823,2026-08-30 20:19:28,1,2026-08-30 20:19:28,False,,bajo,True
2026-08-31 01:48:02,2824,2026-08-29 14:31:21,1,2026-08-29 14:31:21,False,,bajo,False
2026-08-31 01:48:02,2827,2026-08-29 14:39:39,1,2026-08-29 14:39:39,False,,bajo,False
2026-08-31 01:48:02,2828,2026-08-30 20:25:11,1,2026-08-30 20:25:11,False,,bajo,False
2026-08-31 01:48:02,2833,2026-08-30 21:53:23,1,2026-08-30 21:53:23,False,,alto,False
2026-08-31 01:48:02,2931,2026-08-30 13:42:37,1,2026-08-30 13:42:37,False,,alto,True
2026-08-31 01:48:02,2932,2026-08-30 21:42:36,1,2026-08-30 21:42:36,False,,bajo,True
2026-08-31 01:48:02,2949,2026-08-30 20:08:44,1,2026-08-30 20:08:44,False,,bajo,False
2026-08-31 01:48:02,2952,2026-08-30 16:41:26,1,2026-08-30 16:41:26,False,,bajo,False
2026-08-31 01:48:02,2953,2026-08-29 08:03:35,1,2026-08-29 08:03:35,False,,bajo,False
2026-08-31 01:48:02,2969,2026-08-30 11:49:01,1,2026-08-30 11:49:01,False,,bajo,False
2026-08-31 01:48:02,2995,2026-08-29 18:35:49,1,2026-08-29 18:35:49,False,,bajo,False
2026-08-31 01:48:02,3017,2026-08-29 08:37:31,1,2026-08-29 08:37:31,False,,bajo,False
2026-08-31 01:48:02,3021,2026-08-30 22:42:21,1,2026-08-30 22:42:21,False,,alto,False
2026-08-31 01:48:02,3068,2026-08-30 11:34:30,1,2026-08-30 11:34:30,False,,bajo,False
2026-08-31 01:48:02,3080,2026-08-30 08:25:06,1,2026-08-30 08:25:06,False,,bajo,False
2026-08-31 01:48:02,3089,2026-08-30 22:53:19,1,2026-08-30 22:53:19,False,,bajo,False
2026-08-31 01:48:02,3111,2026-08-30 23:23:39,1,2026-08-30 23:23:39,False,,bajo,False
2026-08-31 01:48:02,3112,2026-08-29 17:55:16,1,2026-08-29 17:55:16,False,,medio,False
2026-08-31 01:48:02,3142,2026-08-29 20:28:40,1,2026-08-29 20:28:40,False,,bajo,False
2026-08-31 01:48:02,3181,2026-08-30 22:03:31,1,2026-08-30 22:03:31,False,,bajo,False
2026-08-31 01:48:02,3233,2026-08-30 11:11:49,1,2026-08-30 11:11:49,False,,bajo,True
2026-08-31 01:48:02,2736,2026-08-30 13:38:58,0,2026-08-30 13:38:58,False,,bajo,True
2026-08-31 01:48:02,2755,2026-08-30 15:34:04,0,2026-08-30 15:34:04,False,,bajo,True
2026-08-31 01:48:02,2908,2026-08-30 21:51:02,0,2026-08-30 21:51:02,False,,bajo,True
2026-08-31 01:48:02,3072,2025-03-13 16:03:26,0,2025-03-13 16:03:26,False,,bajo,False
2026-08-31 01:48:02,3100,2026-08-30 21:27:44,0,2026-08-30 21:27:44,False,,bajo,True
2026-08-31 01:48:02,3170,2026-08-30 13:06:44,0,2026-08-30 13:06:44,False,,bajo,False
2026-08-31 01:48:02,2736,2026-08-30 13:49:21,1,2026-08-30 13:49:21,False,,bajo,False
2026-08-31 01:48:02,2755,2026-08-30 11:01:29,1,2026-08-30 11:01:29,False,,bajo,True
2026-08-31 01:48:02,2908,2026-08-30 20:00:41,1,2026-08-30 20:00:41,False,,bajo,False
2026-08-31 01:48:02,3072,2025-03-13 16:03:26,1,2025-03-13 16:03:26,False,,bajo,False
2026-08-31 01:48:02,3100,2026-08-30 21:50:27,1,2026-08-30 21:50:27,False,,bajo,False
2026-08-31 01:48:02,3170,2026-08-29 14:03:02,1,2026-08-29 14:03:02,False,,bajo,False
2026-08-31 10:04:23,2456,2026-08-30 20:21:02,0,2026-08-30 20:21:02,False,,bajo,False
2026-08-31 10:04:23,2458,2026-08-29 22:02:22,0,2026-08-29 22:02:22,False,,bajo,False
2026-08-31 10:04:23,2491,2026-08-29 17:07:20,0,2026-08-29 17:07:20,False,,bajo,False
2026-08-31 10:04:23,2494,2026-08-31 08:05:24,0,2026-08-31 08:05:24,False,,alto,False
2026-08-31 10:04:23,2501,2026-08-31 10:02:09,0,2026-08-31 10:02:09,False,,bajo,False
2026-08-31 10:04:23,2531,2026-08-31 09:56:37,0,2026-08-31 09:56:37,True,2026-08-31 08:43:49,alto,False
2026-08-31 10:04:23,2545,2026-08-31 08:56:13,0,2026-08-31 08:56:13,False,,bajo,False
2026-08-31 10:04:23,2551,2026-08-30 16:05:01,0,2026-08-30 16:05:01,False,,bajo,True
2026-08-31 10:04:23,2639,2026-08-30 15:29:14,0,2026-08-30 15:29:14,False,,bajo,False
2026-08-31 10:04:23,2670,2026-08-31 08:31:49,0,2026-08-31 08:31:49,False,,medio,True
2026-08-31 10:04:23,2675,2026-08-31 10:03:03,0,2026-08-31 10:03:03,True,2026-08-31 08:29:10,bajo,True
2026-08-31 10:04:23,2704,2026-08-31 00:40:23,0,2026-08-31 00:40:23,False,,bajo,False
2026-08-31 10:04:23,2705,2026-08-30 11:54:32,0,2026-08-30 11:54:32,False,,bajo,False
2026-08-31 10:04:23,2719,2025-06-26 16:00:33,0,2025-06-26 16:00:33,False,,bajo,False
2026-08-31 10:04:23,2728,2026-08-31 10:02:15,0,2026-08-31 10:02:15,False,,bajo,False
2026-08-31 10:04:23,2731,2026-08-29 17:59:21,0,2026-08-29 17:59:21,False,,bajo,False
2026-08-31 10:04:23,2869,2026-08-30 18:52:45,0,2026-08-30 18:52:45,False,,bajo,False
2026-08-31 10:04:23,2881,2026-08-30 07:45:54,0,2026-08-30 07:45:54,False,,bajo,False
2026-08-31 10:04:23,2903,2026-08-29 18:00:18,0,2026-08-29 18:00:18,False,,bajo,True
2026-08-31 10:04:23,2939,2026-08-31 10:02:17,0,2026-08-31 10:02:17,False,,bajo,True
2026-08-31 10:04:23,2940,2026-08-31 09:50:18,0,2026-08-31 09:50:18,False,,bajo,True
2026-08-31 10:04:23,3051,2026-08-29 06:24:39,0,2026-08-29 06:24:39,False,,bajo,False
2026-08-31 10:04:23,3078,2026-08-31 10:01:22,0,2026-08-31 10:01:22,False,,bajo,True
2026-08-31 10:04:23,3114,2026-08-31 10:01:30,0,2026-08-31 10:01:30,False,,bajo,False
2026-08-31 10:04:23,3118,2026-08-31 07:07:06,0,2026-08-31 07:07:06,False,,bajo,False
2026-08-31 10:04:23,3119,2026-08-28 11:01:19,0,2026-08-28 11:01:19,False,,bajo,False
2026-08-31 10:04:23,3164,2026-08-31 10:03:16,0,2026-08-31 10:03:16,True,2026-08-31 08:29:10,bajo,True
2026-08-31 10:04:23,3249,2026-08-27 18:59:08,0,2026-08-27 18:59:08,False,,bajo,True
2026-08-31 10:04:23,2456,2026-08-30 20:20:35,1,2026-08-30 20:20:35,False,,alto,False
2026-08-31 10:04:23,2458,2026-08-31 09:53:26,1,2026-08-31 09:53:26,False,,bajo,False
2026-08-31 10:04:23,2491,2026-08-29 14:54:15,1,2026-08-29 14:54:15,False,,bajo,False
2026-08-31 10:04:23,2494,2026-08-31 08:05:24,1,2026-08-31 08:05:24,False,,alto,False
2026-08-31 10:04:23,2501,2026-08-31 09:56:07,1,2026-08-31 09:56:07,False,,bajo,False
2026-08-31 10:04:23,2531,2026-08-29 13:17:57,1,2026-08-29 13:17:57,False,,alto,False
2026-08-31 10:04:23,2545,2026-08-30 21:05:11,1,2026-08-30 21:05:11,False,,bajo,True
2026-08-31 10:04:23,2551,2026-08-31 09:55:14,1,2026-08-31 09:55:14,False,,bajo,False
2026-08-31 10:04:23,2639,2026-08-30 15:39:01,1,2026-08-30 15:39:01,False,,bajo,False
2026-08-31 10:04:23,2670,2026-08-30 21:32:29,1,2026-08-30 21:32:29,False,,bajo,False
2026-08-31 10:04:23,2675,2026-08-30 15:37:41,1,2026-08-30 15:37:41,False,,bajo,False
2026-08-31 10:04:23,2704,2026-08-31 09:36:28,1,2026-08-31 09:36:28,False,,bajo,False
2026-08-31 10:04:23,2705,2026-08-30 07:58:24,1,2026-08-30 07:58:24,False,,bajo,False
2026-08-31 10:04:23,2728,2026-08-31 03:57:52,1,2026-08-31 03:57:52,False,,bajo,False
2026-08-31 10:04:23,2731,2026-08-30 23:28:17,1,2026-08-30 23:28:17,False,,bajo,False
2026-08-31 10:04:23,2869,2026-08-30 07:02:13,1,2026-08-30 07:02:13,False,,bajo,False
2026-08-31 10:04:23,2881,2026-08-30 16:10:19,1,2026-08-30 16:10:19,False,,bajo,False
2026-08-31 10:04:23,2903,2026-08-31 07:18:19,1,2026-08-31 07:18:19,False,,bajo,False
2026-08-31 10:04:23,2939,2026-08-29 21:03:46,1,2026-08-29 21:03:46,False,,bajo,False
2026-08-31 10:04:23,2940,2026-08-31 08:44:46,1,2026-08-31 08:44:46,False,,bajo,True
2026-08-31 10:04:23,3051,2026-08-29 19:35:33,1,2026-08-29 19:35:33,False,,bajo,False
2026-08-31 10:04:23,3078,2026-08-31 01:11:15,1,2026-08-31 01:11:15,False,,bajo,False
2026-08-31 10:04:23,3114,2026-08-31 09:49:29,1,2026-08-31 09:49:29,False,,bajo,False
2026-08-31 10:04:23,3118,2026-08-31 02:16:42,1,2026-08-31 02:16:42,False,,bajo,False
2026-08-31 10:04:23,3119,2026-08-31 06:30:51,1,2026-08-31 06:30:51,False,,bajo,False
2026-08-31 10:04:23,3249,2026-08-30 16:06:59,1,2026-08-30 16:06:59,False,,bajo,True
2026-08-31 10:04:23,2289,2026-08-30 14:41:28,0,2026-08-30 14:41:28,False,,bajo,True
2026-08-31 10:04:23,2292,2026-08-31 08:50:25,0,2026-08-31 08:50:25,False,,bajo,True
2026-08-31 10:04:23,2304,2026-06-03 08:24:38,0,2026-06-03 08:24:38,False,,bajo,False
2026-08-31 10:04:23,2329,2026-08-31 01:57:19,0,2026-08-31 01:57:19,False,,bajo,True
2026-08-31 10:04:23,2332,2026-08-31 00:58:48,0,2026-08-31 00:58:48,False,,bajo,False
2026-08-31 10:04:23,2359,2026-08-31 01:25:16,0,2026-08-31 01:25:16,False,,bajo,False
2026-08-31 10:04:23,2360,2026-08-30 12:14:32,0,2026-08-30 12:14:32,False,,bajo,False
2026-08-31 10:04:23,2361,2025-03-13 16:03:26,0,2025-03-13 16:03:26,False,,bajo,False
2026-08-31 10:04:23,2384,2026-08-31 09:10:53,0,2026-08-31 09:10:53,False,,alto,False
2026-08-31 10:04:23,2394,2026-08-30 20:14:19,0,2026-08-30 20:14:19,False,,alto,False
2026-08-31 10:04:23,2395,2026-08-31 08:55:01,0,2026-08-31 08:55:01,False,,bajo,True
2026-08-31 10:04:23,2405,2026-08-31 08:42:10,0,2026-08-31 08:42:10,False,,bajo,True
2026-08-31 10:04:23,2447,2026-08-29 14:53:43,0,2026-08-29 14:53:43,False,,bajo,False
2026-08-31 10:04:23,2448,2026-08-30 12:28:09,0,2026-08-30 12:28:09,False,,bajo,False
2026-08-31 10:04:23,2449,2026-08-30 16:25:23,0,2026-08-30 16:25:23,False,,bajo,True
2026-08-31 10:04:23,2450,2026-06-03 08:23:49,0,2026-06-03 08:23:49,False,,bajo,False
2026-08-31 10:04:23,2453,2026-08-30 09:20:12,0,2026-08-30 09:20:12,False,,bajo,False
2026-08-31 10:04:23,2454,2026-08-31 09:22:04,0,2026-08-31 09:22:04,False,,bajo,True
2026-08-31 10:04:23,2457,2026-08-30 13:44:19,0,2026-08-30 13:44:19,False,,bajo,False
2026-08-31 10:04:23,2470,2026-08-31 10:03:15,0,2026-08-31 10:03:15,False,,bajo,True
2026-08-31 10:04:23,2478,2026-08-30 16:00:20,0,2026-08-30 16:00:20,False,,bajo,True
2026-08-31 10:04:23,2479,2026-08-31 10:02:04,0,2026-08-31 10:02:04,False,,bajo,True
2026-08-31 10:04:23,2487,2026-08-27 15:30:20,0,2026-08-27 15:30:20,False,,bajo,False
2026-08-31 10:04:23,2490,2025-03-13 16:03:27,0,2025-03-13 16:03:27,False,,bajo,False
2026-08-31 10:04:23,2493,2025-03-13 16:03:26,0,2025-03-13 16:03:26,False,,bajo,False
2026-08-31 10:04:23,2499,2026-08-31 09:56:42,0,2026-08-31 09:56:42,False,,bajo,True
2026-08-31 10:04:23,2505,2026-08-29 22:43:52,0,2026-08-29 22:43:52,False,,bajo,False
2026-08-31 10:04:23,2507,2026-08-27 20:35:14,0,2026-08-27 20:35:14,False,,bajo,False
2026-08-31 10:04:23,2508,2026-08-31 08:35:07,0,2026-08-31 08:35:07,False,,bajo,False
2026-08-31 10:04:23,2517,2026-08-29 20:00:50,0,2026-08-29 20:00:50,False,,bajo,False
2026-08-31 10:04:23,2518,2026-08-30 23:48:21,0,2026-08-30 23:48:21,False,,bajo,True
2026-08-31 10:04:23,2520,2026-08-28 11:04:18,0,2026-08-28 11:04:18,False,,bajo,True
2026-08-31 10:04:23,2525,2026-08-31 09:59:34,0,2026-08-31 09:59:34,False,,alto,False
2026-08-31 10:04:23,2526,2026-08-31 10:02:51,0,2026-08-31 10:02:51,False,,bajo,True
2026-08-31 10:04:23,2529,2026-08-30 12:08:50,0,2026-08-30 12:08:50,False,,bajo,False
2026-08-31 10:04:23,2530,2026-06-02 08:37:08,0,2026-06-02 08:37:08,False,,bajo,False
2026-08-31 10:04:23,2532,2026-08-30 20:07:41,0,2026-08-30 20:07:41,False,,bajo,True
2026-08-31 10:04:23,2534,2026-08-31 10:01:32,0,2026-08-31 10:01:32,False,,bajo,True
2026-08-31 10:04:23,2536,2026-08-30 16:28:19,0,2026-08-30 16:28:19,False,,bajo,True
2026-08-31 10:04:23,2539,2025-03-13 16:03:27,0,2025-03-13 16:03:27,False,,bajo,False
2026-08-31 10:04:23,2542,2026-08-31 09:19:26,0,2026-08-31 09:19:26,False,,bajo,False
2026-08-31 10:04:23,2547,2026-08-29 20:36:28,0,2026-08-29 20:36:28,False,,bajo,False
2026-08-31 10:04:23,2548,2026-08-30 11:06:29,0,2026-08-30 11:06:29,False,,bajo,True
2026-08-31 10:04:23,2552,2026-08-30 18:39:29,0,2026-08-30 18:39:29,False,,bajo,False
2026-08-31 10:04:23,2557,2026-08-31 09:59:58,0,2026-08-31 09:59:58,False,,bajo,True
2026-08-31 10:04:23,2563,2026-08-18 07:32:10,0,2026-08-18 07:32:10,False,,bajo,False
2026-08-31 10:04:23,2571,2026-08-30 08:33:20,0,2026-08-30 08:33:20,False,,bajo,False
2026-08-31 10:04:23,2580,2026-08-29 18:03:08,0,2026-08-29 18:03:08,False,,bajo,False
2026-08-31 10:04:23,2609,2026-08-30 22:11:03,0,2026-08-30 22:11:03,False,,bajo,True
2026-08-31 10:04:23,2610,2026-08-30 15:05:27,0,2026-08-30 15:05:27,False,,bajo,False
2026-08-31 10:04:23,2620,2026-08-31 06:57:08,0,2026-08-31 06:57:08,False,,bajo,True
2026-08-31 10:04:23,2622,2026-08-30 10:56:31,0,2026-08-30 10:56:31,False,,bajo,False
2026-08-31 10:04:23,2630,2026-08-31 09:59:59,0,2026-08-31 09:59:59,False,,bajo,False
2026-08-31 10:04:23,2647,2026-08-30 20:26:55,0,2026-08-30 20:26:55,False,,bajo,True
2026-08-31 10:04:23,2662,2026-08-30 02:06:44,0,2026-08-30 02:06:44,False,,bajo,False
2026-08-31 10:04:23,2677,2026-08-30 20:09:19,0,2026-08-30 20:09:19,False,,bajo,False
2026-08-31 10:04:23,2683,2026-08-30 22:12:42,0,2026-08-30 22:12:42,False,,bajo,False
2026-08-31 10:04:23,2685,2026-08-30 08:07:02,0,2026-08-30 08:07:02,False,,bajo,False
2026-08-31 10:04:23,2689,2026-08-30 17:44:12,0,2026-08-30 17:44:12,False,,bajo,False
2026-08-31 10:04:23,2690,2026-08-31 08:36:28,0,2026-08-31 08:36:28,False,,bajo,False
2026-08-31 10:04:23,2694,2025-03-13 16:03:26,0,2025-03-13 16:03:26,False,,bajo,False
2026-08-31 10:04:23,2696,2026-08-30 19:07:13,0,2026-08-30 19:07:13,False,,bajo,False
2026-08-31 10:04:23,2698,2026-08-30 17:26:09,0,2026-08-30 17:26:09,False,,alto,True
2026-08-31 10:04:23,2703,2026-08-31 08:54:14,0,2026-08-31 08:54:14,False,,bajo,True
2026-08-31 10:04:23,2711,2026-08-30 09:53:24,0,2026-08-30 09:53:24,False,,alto,False
2026-08-31 10:04:23,2715,2026-06-03 06:51:07,0,2026-06-03 06:51:07,False,,bajo,False
2026-08-31 10:04:23,2716,2026-08-30 17:47:48,0,2026-08-30 17:47:48,False,,bajo,False
2026-08-31 10:04:23,2733,2025-03-13 16:03:27,0,2025-03-13 16:03:27,False,,bajo,False
2026-08-31 10:04:23,2742,2026-08-27 12:13:19,0,2026-08-27 12:13:19,False,,bajo,False
2026-08-31 10:04:23,2747,2026-08-30 07:08:20,0,2026-08-30 07:08:20,False,,bajo,False
2026-08-31 10:04:23,2752,2025-03-13 16:03:27,0,2025-03-13 16:03:27,False,,bajo,False
2026-08-31 10:04:23,2764,2026-08-31 09:34:10,0,2026-08-31 09:34:10,False,,bajo,False
2026-08-31 10:04:23,2765,2026-08-30 09:33:29,0,2026-08-30 09:33:29,False,,bajo,True
2026-08-31 10:04:23,2772,2026-06-03 04:57:09,0,2026-06-03 04:57:09,False,,bajo,False
2026-08-31 10:04:23,2774,2026-08-31 10:02:03,0,2026-08-31 10:02:03,False,,bajo,True
2026-08-31 10:04:23,2776,2026-08-31 10:03:22,0,2026-08-31 10:03:22,False,,bajo,True
2026-08-31 10:04:23,2779,2026-08-31 09:28:26,0,2026-08-31 09:28:26,False,,bajo,True
2026-08-31 10:04:23,2783,2026-08-30 10:16:43,0,2026-08-30 10:16:43,False,,bajo,False
2026-08-31 10:04:23,2784,2026-08-31 09:21:07,0,2026-08-31 09:21:07,False,,bajo,False
2026-08-31 10:04:23,2788,2026-08-29 09:42:59,0,2026-08-29 09:42:59,False,,bajo,False
2026-08-31 10:04:23,2793,2026-08-30 20:18:42,0,2026-08-30 20:18:42,False,,bajo,True
2026-08-31 10:04:23,2798,2026-08-30 18:01:55,0,2026-08-30 18:01:55,False,,bajo,False
2026-08-31 10:04:23,2802,2026-06-03 00:08:20,0,2026-06-03 00:08:20,False,,bajo,False
2026-08-31 10:04:23,2805,2026-08-31 10:02:13,0,2026-08-31 10:02:13,False,,bajo,True
2026-08-31 10:04:23,2806,2026-08-24 22:36:34,0,2026-08-24 22:36:34,False,,bajo,True
2026-08-31 10:04:23,2809,2026-08-31 10:03:25,0,2026-08-31 10:03:25,True,2026-08-31 08:05:10,bajo,True
2026-08-31 10:04:23,2811,2026-08-31 10:01:49,0,2026-08-31 10:01:49,False,,bajo,False
2026-08-31 10:04:23,2861,2026-08-31 10:02:49,0,2026-08-31 10:02:49,True,2026-08-31 08:05:10,bajo,True
2026-08-31 10:04:23,2870,2026-08-30 17:30:49,0,2026-08-30 17:30:49,False,,bajo,False
2026-08-31 10:04:23,2873,2026-08-30 09:39:06,0,2026-08-30 09:39:06,False,,bajo,False
2026-08-31 10:04:23,2899,2026-08-30 22:53:10,0,2026-08-30 22:53:10,False,,bajo,True
2026-08-31 10:04:23,2900,2025-03-13 16:18:25,0,2025-03-13 16:18:25,False,,bajo,False
2026-08-31 10:04:23,2912,2026-08-29 21:09:54,0,2026-08-29 21:09:54,False,,bajo,True
2026-08-31 10:04:23,2913,2026-08-31 09:28:35,0,2026-08-31 09:28:35,False,,bajo,False
2026-08-31 10:04:23,2928,2026-08-31 10:03:07,0,2026-08-31 10:03:07,False,,alto,True
2026-08-31 10:04:23,2934,2026-08-30 21:24:12,0,2026-08-30 21:24:12,False,,bajo,False
2026-08-31 10:04:23,2943,2026-08-31 10:02:29,0,2026-08-31 10:02:29,False,,bajo,True
2026-08-31 10:04:23,2945,2026-08-20 18:03:51,0,2026-08-20 18:03:51,False,,bajo,False
2026-08-31 10:04:23,2947,2026-08-31 09:49:13,0,2026-08-31 09:49:13,True,2026-08-31 07:40:36,bajo,True
2026-08-31 10:04:23,2956,2026-08-30 19:08:54,0,2026-08-30 19:08:54,False,,bajo,False
2026-08-31 10:04:23,2958,2026-08-31 10:02:11,0,2026-08-31 10:02:11,False,,alto,True
2026-08-31 10:04:23,2968,2026-08-31 10:02:59,0,2026-08-31 10:02:59,False,,bajo,True
2026-08-31 10:04:23,3040,2026-08-30 09:17:48,0,2026-08-30 09:17:48,False,,bajo,True
2026-08-31 10:04:23,3052,2026-08-30 09:56:29,0,2026-08-30 09:56:29,False,,bajo,False
2026-08-31 10:04:23,3053,2026-08-29 23:06:53,0,2026-08-29 23:06:53,False,,bajo,True
2026-08-31 10:04:23,3069,2026-08-29 03:40:36,0,2026-08-29 03:40:36,False,,bajo,True
2026-08-31 10:04:23,3083,2026-08-31 10:02:24,0,2026-08-31 10:02:24,False,,bajo,False
2026-08-31 10:04:23,3092,2026-08-30 10:49:00,0,2026-08-30 10:49:00,False,,bajo,False
2026-08-31 10:04:23,3123,2026-08-30 17:25:29,0,2026-08-30 17:25:29,False,,bajo,False
2026-08-31 10:04:23,3126,2026-08-30 16:57:26,0,2026-08-30 16:57:26,False,,bajo,False
2026-08-31 10:04:23,3166,2026-08-31 06:35:08,0,2026-08-31 06:35:08,False,,bajo,True
2026-08-31 10:04:23,3182,2026-08-31 10:02:35,0,2026-08-31 10:02:35,False,,bajo,False
2026-08-31 10:04:23,3196,2026-08-30 11:38:58,0,2026-08-30 11:38:58,False,,bajo,True
2026-08-31 10:04:23,3200,2026-08-30 21:28:45,0,2026-08-30 21:28:45,False,,bajo,False
2026-08-31 10:04:23,3206,2026-08-29 17:18:45,0,2026-08-29 17:18:45,False,,bajo,False
2026-08-31 10:04:23,3218,2026-08-31 10:00:49,0,2026-08-31 10:00:49,False,,bajo,False
2026-08-31 10:04:23,3220,2026-08-31 10:02:57,0,2026-08-31 10:02:57,False,,bajo,False
2026-08-31 10:04:23,3221,2026-08-30 19:06:54,0,2026-08-30 19:06:54,False,,alto,True
2026-08-31 10:04:23,3238,2026-08-28 10:30:28,0,2026-08-28 10:30:28,False,,bajo,True
2026-08-31 10:04:23,3241,2026-08-31 07:50:49,0,2026-08-31 07:50:49,False,,bajo,True
2026-08-31 10:04:23,3246,2026-08-29 20:45:00,0,2026-08-29 20:45:00,False,,bajo,True
2026-08-31 10:04:23,3252,2026-08-31 09:02:49,0,2026-08-31 09:02:49,False,,bajo,False
2026-08-31 10:04:23,3261,2026-08-30 12:41:12,0,2026-08-30 12:41:12,False,,bajo,False
2026-08-31 10:04:23,4016,2026-08-31 10:03:01,0,2026-08-31 10:03:01,False,,alto,True
2026-08-31 10:04:23,4027,2026-08-30 17:51:28,0,2026-08-30 17:51:28,False,,bajo,False
2026-08-31 10:04:23,2304,2026-08-29 21:27:26,1,2026-08-29 21:27:26,False,,bajo,False
2026-08-31 10:04:23,2332,2026-08-31 10:03:24,1,2026-08-31 10:03:24,True,2026-08-31 07:45:42,bajo,False
2026-08-31 10:04:23,2359,2026-08-29 17:30:31,1,2026-08-29 17:30:31,False,,bajo,False
2026-08-31 10:04:23,2361,2025-03-13 16:03:26,1,2025-03-13 16:03:26,False,,bajo,False
2026-08-31 10:04:23,2384,2026-08-28 22:39:06,1,2026-08-28 22:39:06,False,,bajo,False
2026-08-31 10:04:23,2394,2026-08-31 09:56:56,1,2026-08-31 09:56:56,True,2026-08-31 08:10:33,alto,False
2026-08-31 10:04:23,2395,2026-08-31 08:31:25,1,2026-08-30 07:35:39,True,2026-08-31 08:31:25,bajo,True
2026-08-31 10:04:23,2405,2026-08-29 20:33:41,1,2026-08-29 20:33:41,False,,bajo,False
2026-08-31 10:04:23,2447,2026-08-28 23:40:43,1,2026-08-28 23:40:43,False,,bajo,True
2026-08-31 10:04:23,2448,2026-08-29 19:35:38,1,2026-08-29 19:35:38,False,,bajo,False
2026-08-31 10:04:23,2449,2026-08-31 09:59:54,1,2026-08-31 09:59:54,False,,medio,False
2026-08-31 10:04:23,2450,2026-08-28 17:52:17,1,2026-08-28 17:52:17,False,,bajo,False
2026-08-31 10:04:23,2453,2026-08-29 20:42:17,1,2026-08-29 20:42:17,False,,bajo,False
2026-08-31 10:04:23,2454,2026-08-30 05:21:25,1,2026-08-30 05:21:25,False,,bajo,False
2026-08-31 10:04:23,2457,2026-08-29 19:54:33,1,2026-08-29 19:54:33,False,,bajo,False
2026-08-31 10:04:23,2478,2026-08-29 19:46:43,1,2026-08-29 19:46:43,False,,bajo,True
2026-08-31 10:04:23,2487,2026-08-29 20:11:51,1,2026-08-29 20:11:51,False,,bajo,False
2026-08-31 10:04:23,2490,2025-03-13 16:03:27,1,2025-03-13 16:03:27,False,,bajo,False
2026-08-31 10:04:23,2493,2025-03-13 16:03:26,1,2025-03-13 16:03:26,False,,bajo,False
2026-08-31 10:04:23,2499,2026-06-03 06:29:57,1,2026-06-03 06:29:57,False,,bajo,False
2026-08-31 10:04:23,2505,2026-08-28 17:21:30,1,2026-08-28 17:21:30,False,,bajo,False
2026-08-31 10:04:23,2507,2026-08-27 11:24:20,1,2026-08-27 11:24:20,False,,bajo,False
2026-08-31 10:04:23,2508,2026-08-29 12:42:52,1,2026-08-29 12:42:52,False,,bajo,False
2026-08-31 10:04:23,2517,2026-08-29 10:07:37,1,2026-08-29 10:07:37,False,,bajo,False
2026-08-31 10:04:23,2518,2026-08-29 20:40:54,1,2026-08-29 20:40:54,False,,bajo,False
2026-08-31 10:04:23,2520,2026-08-31 08:55:55,1,2026-08-27 07:22:49,True,2026-08-31 08:55:55,bajo,True
2026-08-31 10:04:23,2525,2026-08-31 09:55:24,1,2026-08-31 09:55:24,True,2026-08-31 07:31:31,bajo,False
2026-08-31 10:04:23,2526,2026-08-28 21:07:23,1,2026-08-28 21:07:23,False,,bajo,False
2026-08-31 10:04:23,2529,2026-08-31 10:02:28,1,2026-08-31 10:02:28,True,2026-08-31 08:41:44,bajo,False
2026-08-31 10:04:23,2530,2026-08-29 17:57:04,1,2026-08-29 17:57:04,False,,bajo,False
2026-08-31 10:04:23,2534,2026-08-31 08:06:37,1,2026-08-31 08:06:37,False,,bajo,False
2026-08-31 10:04:23,2536,2026-08-28 21:19:57,1,2026-08-28 21:19:57,False,,bajo,False
2026-08-31 10:04:23,2539,2025-03-13 16:03:27,1,2025-03-13 16:03:27,False,,bajo,False
2026-08-31 10:04:23,2547,2026-08-31 09:59:40,1,2026-08-31 09:59:40,True,2026-08-31 07:27:06,bajo,False
2026-08-31 10:04:23,2548,2026-08-31 09:46:07,1,2026-08-31 09:46:07,True,2026-08-31 08:11:47,bajo,False
2026-08-31 10:04:23,2552,2026-08-29 21:16:20,1,2026-08-29 21:16:20,False,,bajo,False
2026-08-31 10:04:23,2557,2026-08-31 09:11:03,1,2026-08-31 09:11:03,False,,bajo,False
2026-08-31 10:04:23,2563,2026-08-16 10:07:36,1,2026-08-16 10:07:36,False,,bajo,False
2026-08-31 10:04:23,2571,2026-08-29 19:01:16,1,2026-08-29 19:01:16,False,,alto,False
2026-08-31 10:04:23,2580,2026-08-30 18:08:16,1,2026-08-30 18:08:16,False,,bajo,False
2026-08-31 10:04:23,2609,2026-08-28 05:09:52,1,2026-08-28 05:09:52,False,,bajo,True
2026-08-31 10:04:23,2610,2026-08-28 23:10:38,1,2026-08-28 23:10:38,False,,bajo,False
2026-08-31 10:04:23,2620,2026-08-31 08:22:03,1,2026-08-31 08:22:03,False,,bajo,False
2026-08-31 10:04:23,2622,2026-08-31 09:40:16,1,2026-08-29 13:56:36,True,2026-08-31 09:40:16,bajo,False
2026-08-31 10:04:23,2630,2026-08-31 09:39:45,1,2026-08-31 09:39:45,False,,bajo,False
2026-08-31 10:04:23,2647,2026-08-29 23:29:28,1,2026-08-29 23:29:28,False,,bajo,True
2026-08-31 10:04:23,2662,2026-08-28 21:10:59,1,2026-08-28 21:10:59,False,,bajo,False
2026-08-31 10:04:23,2677,2026-08-28 23:29:25,1,2026-08-28 23:29:25,False,,bajo,True
2026-08-31 10:04:23,2683,2026-08-31 08:10:33,1,2026-08-30 15:42:25,True,2026-08-31 08:10:33,bajo,True
2026-08-31 10:04:23,2685,2026-08-29 09:27:55,1,2026-08-29 09:27:55,False,,bajo,True
2026-08-31 10:04:23,2689,2026-08-31 09:31:33,1,2026-08-29 15:32:52,True,2026-08-31 09:31:33,bajo,False
2026-08-31 10:04:23,2690,2026-08-31 09:56:28,1,2026-08-31 09:56:28,True,2026-08-31 07:43:42,bajo,False
2026-08-31 10:04:23,2694,2025-03-13 16:03:26,1,2025-03-13 16:03:26,False,,bajo,False
2026-08-31 10:04:23,2698,2026-08-29 21:05:29,1,2026-08-29 21:05:29,False,,alto,False
2026-08-31 10:04:23,2703,2026-08-30 09:14:40,1,2026-08-30 09:14:40,False,,bajo,False
2026-08-31 10:04:23,2711,2026-08-29 19:08:59,1,2026-08-29 19:08:59,False,,bajo,False
2026-08-31 10:04:23,2715,2026-08-28 08:19:44,1,2026-08-28 08:19:44,False,,bajo,False
2026-08-31 10:04:23,2716,2026-08-30 00:12:14,1,2026-08-30 00:12:14,False,,bajo,False
2026-08-31 10:04:23,2742,2026-08-28 13:16:46,1,2026-08-28 13:16:46,False,,bajo,False
2026-08-31 10:04:23,2747,2026-08-29 17:34:25,1,2026-08-29 17:34:25,False,,bajo,False
2026-08-31 10:04:23,2764,2026-08-31 10:03:32,1,2026-08-31 10:03:32,False,,bajo,True
2026-08-31 10:04:23,2765,2026-08-29 18:04:13,1,2026-08-29 18:04:13,False,,bajo,False
2026-08-31 10:04:23,2772,2026-08-30 06:21:57,1,2026-08-30 06:21:57,False,,medio,False
2026-08-31 10:04:23,2774,2026-08-30 17:19:37,1,2026-08-30 17:19:37,False,,bajo,True
2026-08-31 10:04:23,2776,2026-08-29 19:51:06,1,2026-08-29 19:51:06,False,,bajo,False
2026-08-31 10:04:23,2779,2026-08-30 14:08:43,1,2026-08-30 14:08:43,False,,bajo,False
2026-08-31 10:04:23,2783,2026-08-31 08:51:43,1,2026-08-29 16:58:53,True,2026-08-31 08:51:43,bajo,False
2026-08-31 10:04:23,2784,2026-08-29 06:02:12,1,2026-08-29 06:02:12,False,,bajo,False
2026-08-31 10:04:23,2788,2026-08-26 17:18:47,1,2026-08-26 17:18:47,False,,bajo,False
2026-08-31 10:04:23,2793,2026-08-29 19:02:15,1,2026-08-29 19:02:15,False,,bajo,False
2026-08-31 10:04:23,2798,2026-08-30 07:03:04,1,2026-08-30 07:03:04,False,,bajo,False
2026-08-31 10:04:23,2802,2026-08-31 10:00:21,1,2026-08-31 10:00:21,False,,medio,False
2026-08-31 10:04:23,2805,2026-08-30 17:30:29,1,2026-08-30 17:30:29,False,,bajo,False
2026-08-31 10:04:23,2806,2026-08-30 18:26:34,1,2026-08-30 18:26:34,False,,bajo,False
2026-08-31 10:04:23,2811,2026-08-31 08:08:32,1,2026-08-31 08:08:32,False,,bajo,False
2026-08-31 10:04:23,2861,2026-06-03 08:53:58,1,2026-06-03 08:53:58,False,,bajo,False
2026-08-31 10:04:23,2870,2026-08-30 19:02:13,1,2026-08-30 19:02:13,False,,bajo,False
2026-08-31 10:04:23,2873,2026-08-29 14:40:40,1,2026-08-29 14:40:40,False,,bajo,False
2026-08-31 10:04:23,2899,2026-08-29 13:40:58,1,2026-08-29 13:40:58,False,,bajo,False
2026-08-31 10:04:23,2900,2025-03-13 16:18:25,1,2025-03-13 16:18:25,False,,bajo,False
2026-08-31 10:04:23,2912,2026-08-29 20:31:29,1,2026-08-29 20:31:29,False,,bajo,False
2026-08-31 10:04:23,2913,2026-08-29 19:08:37,1,2026-08-29 19:08:37,False,,bajo,False
2026-08-31 10:04:23,2928,2026-08-30 13:11:41,1,2026-08-30 13:11:41,False,,alto,False
2026-08-31 10:04:23,2934,2026-08-31 08:50:31,1,2026-08-29 19:39:35,True,2026-08-31 08:50:31,bajo,False
2026-08-31 10:04:23,2943,2026-08-31 09:50:38,1,2026-08-31 09:50:38,False,,bajo,True
2026-08-31 10:04:23,2945,2026-08-23 16:18:30,1,2026-08-23 16:18:30,False,,bajo,False
2026-08-31 10:04:23,2956,2026-08-30 19:59:09,1,2026-08-30 19:59:09,False,,medio,True
2026-08-31 10:04:23,2958,2026-08-30 22:23:55,1,2026-08-30 22:23:55,False,,alto,False
2026-08-31 10:04:23,2968,2026-08-31 09:36:41,1,2026-08-31 06:56:59,True,2026-08-31 09:36:41,bajo,True
2026-08-31 10:04:23,3040,2026-08-29 22:58:39,1,2026-08-29 22:58:39,False,,bajo,False
2026-08-31 10:04:23,3053,2026-08-31 09:38:16,1,2026-08-30 09:06:35,True,2026-08-31 09:38:16,bajo,False
2026-08-31 10:04:23,3069,2026-08-31 09:38:59,1,2026-08-31 09:38:59,False,,bajo,True
2026-08-31 10:04:23,3083,2026-08-30 16:21:29,1,2026-08-30 16:21:29,False,,bajo,True
2026-08-31 10:04:23,3092,2026-08-29 19:51:20,1,2026-08-29 19:51:20,False,,bajo,False
2026-08-31 10:04:23,3123,2026-08-31 09:55:41,1,2026-08-31 09:55:41,True,2026-08-31 08:52:13,bajo,False
2026-08-31 10:04:23,3126,2026-08-31 10:02:23,1,2026-08-31 10:02:23,False,,bajo,False
2026-08-31 10:04:23,3166,2026-06-03 07:30:20,1,2026-06-03 07:30:20,False,,bajo,False
2026-08-31 10:04:23,3182,2026-08-30 22:09:55,1,2026-08-30 22:09:55,False,,bajo,False
2026-08-31 10:04:23,3200,2026-08-30 21:46:45,1,2026-08-30 21:46:45,False,,bajo,False
2026-08-31 10:04:23,3206,2026-08-31 09:36:23,1,2026-08-31 09:36:23,False,,bajo,False
2026-08-31 10:04:23,3218,2026-08-31 09:57:17,1,2026-08-31 09:57:17,False,,bajo,True
2026-08-31 10:04:23,3220,2026-08-30 10:59:43,1,2026-08-30 10:59:43,False,,bajo,False
2026-08-31 10:04:23,3221,2026-08-31 10:00:11,1,2026-08-31 10:00:11,False,,bajo,False
2026-08-31 10:04:23,3241,2026-08-30 18:42:07,1,2026-08-30 18:42:07,False,,bajo,False
2026-08-31 10:04:23,3246,2026-08-31 09:53:32,1,2026-08-31 09:53:32,True,2026-08-31 07:33:56,bajo,False
2026-08-31 10:04:23,3252,2026-08-30 13:18:05,1,2026-08-30 13:18:05,False,,bajo,False
2026-08-31 10:04:23,3261,2026-08-31 10:01:11,1,2026-08-31 10:01:11,True,2026-08-31 07:24:18,bajo,False
2026-08-31 10:04:23,3269,2026-08-31 01:42:35,1,2026-08-31 01:42:35,False,,bajo,False
2026-08-31 10:04:23,4016,2026-08-29 12:32:53,1,2026-08-29 12:32:53,False,,bajo,True
2026-08-31 10:04:23,4027,2026-08-30 07:15:08,1,2026-08-30 07:15:08,False,,medio,False
2026-08-31 10:04:23,2292,2026-06-03 08:02:35,2,2026-06-03 08:02:35,False,,bajo,False
2026-08-31 10:04:23,2329,2026-06-03 08:44:35,2,2026-06-03 08:44:35,False,,bajo,False
2026-08-31 10:04:23,2454,2026-06-03 07:16:12,2,2026-06-03 07:16:12,False,,bajo,False
2026-08-31 10:04:23,2470,2026-06-03 08:25:54,2,2026-06-03 08:25:54,False,,bajo,False
2026-08-31 10:04:23,2479,2026-06-03 08:24:44,2,2026-06-03 08:24:44,False,,bajo,False
2026-08-31 10:04:23,2499,2026-06-03 06:29:57,2,2026-06-03 06:29:57,False,,bajo,False
2026-08-31 10:04:23,2507,2026-06-03 08:14:57,2,2026-06-03 08:14:57,False,,bajo,False
2026-08-31 10:04:23,2517,2026-06-03 07:30:55,2,2026-06-03 07:30:55,False,,bajo,False
2026-08-31 10:04:23,2532,2026-06-03 07:22:58,2,2026-06-03 07:22:58,False,,bajo,False
2026-08-31 10:04:23,2563,2026-06-03 08:43:14,2,2026-06-03 08:43:14,False,,bajo,False
2026-08-31 10:04:23,2620,2026-06-03 08:51:25,2,2026-06-03 08:51:25,False,,bajo,False
2026-08-31 10:04:23,2947,2026-06-03 07:46:53,2,2026-06-03 07:46:53,False,,bajo,False
2026-08-31 10:04:23,2968,2026-06-03 08:29:04,2,2026-06-03 08:29:04,False,,bajo,False
2026-08-31 10:04:23,3196,2026-06-03 06:38:18,2,2026-06-03 06:38:18,False,,bajo,False
2026-08-31 10:04:23,3206,2026-06-03 08:23:59,2,2026-06-03 08:23:59,False,,bajo,False
2026-08-31 10:04:23,2395,2026-06-03 08:40:16,3,2026-06-03 08:40:16,False,,bajo,False
2026-08-31 10:04:23,2405,2026-06-03 07:27:56,3,2026-06-03 07:27:56,False,,bajo,False
2026-08-31 10:04:23,2517,2026-06-03 07:30:55,3,2026-06-03 07:30:55,False,,bajo,False
2026-08-31 10:04:23,2529,2026-06-03 07:46:28,3,2026-06-03 07:46:28,False,,bajo,False
2026-08-31 10:04:23,2620,2026-06-03 08:51:25,3,2026-06-03 08:51:25,False,,bajo,False
2026-08-31 10:04:23,2630,2026-06-03 08:21:10,3,2026-06-03 08:21:10,False,,bajo,False
2026-08-31 10:04:23,2703,2026-06-03 07:20:39,3,2026-06-03 07:20:39,False,,bajo,False
2026-08-31 10:04:23,3053,2026-06-03 07:52:09,3,2026-06-03 07:52:09,False,,bajo,False
2026-08-31 10:04:23,3252,2026-06-03 06:40:45,3,2026-06-03 06:40:45,False,,bajo,False
2026-08-31 10:04:23,2228,2026-08-30 20:01:26,0,2026-08-30 20:01:26,False,,alto,False
2026-08-31 10:04:23,2291,2026-08-30 13:55:22,0,2026-08-30 13:55:22,False,,bajo,False
2026-08-31 10:04:23,2295,2026-08-31 10:01:39,0,2026-08-31 10:01:39,True,2026-08-31 07:30:44,bajo,True
2026-08-31 10:04:23,2297,2026-08-31 10:03:22,0,2026-08-31 10:03:22,True,2026-08-31 06:42:19,bajo,False
2026-08-31 10:04:23,2305,2026-08-31 09:42:10,0,2026-08-31 09:42:10,False,,alto,False
2026-08-31 10:04:23,2306,2026-08-30 13:39:00,0,2026-08-30 13:39:00,False,,alto,True
2026-08-31 10:04:23,2307,2026-08-29 19:43:08,0,2026-08-29 19:43:08,False,,bajo,False
2026-08-31 10:04:23,2308,2026-08-30 11:07:51,0,2026-08-30 11:07:51,False,,bajo,False
2026-08-31 10:04:23,2408,2026-08-30 10:21:10,0,2026-08-30 10:21:10,False,,medio,False
2026-08-31 10:04:23,2409,2025-05-07 18:03:24,0,2025-05-07 18:03:24,False,,bajo,False
2026-08-31 10:04:23,2416,2026-08-31 10:03:07,0,2026-08-31 10:03:07,True,2026-08-31 06:24:26,bajo,False
2026-08-31 10:04:23,2417,2026-08-31 10:02:45,0,2026-08-31 10:02:45,True,2026-08-31 06:14:45,medio,True
2026-08-31 10:04:23,2455,2026-08-31 06:22:49,0,2026-08-31 06:22:49,False,,bajo,False
2026-08-31 10:04:23,2462,2026-08-30 09:03:55,0,2026-08-30 09:03:55,False,,bajo,False
2026-08-31 10:04:23,2486,2026-08-30 10:38:01,0,2026-08-30 10:38:01,False,,bajo,True
2026-08-31 10:04:23,2489,2026-08-31 10:03:37,0,2026-08-31 10:03:37,True,2026-08-31 08:36:47,alto,True
2026-08-31 10:04:23,2522,2026-08-30 12:55:30,0,2026-08-30 12:55:30,False,,bajo,False
2026-08-31 10:04:23,2523,2026-08-31 08:10:15,0,2026-08-31 08:10:15,False,,bajo,True
2026-08-31 10:04:23,2543,2026-08-31 10:03:08,0,2026-08-31 10:03:08,True,2026-08-31 07:11:20,alto,False
2026-08-31 10:04:23,2555,2026-08-30 10:48:34,0,2026-08-30 10:48:34,False,,bajo,False
2026-08-31 10:04:23,2556,2026-08-31 10:02:19,0,2026-08-31 10:02:19,True,2026-08-31 07:24:49,medio,True
2026-08-31 10:04:23,2578,2026-08-31 10:03:21,0,2026-08-31 10:03:21,True,2026-08-31 06:50:48,alto,False
2026-08-31 10:04:23,2584,2026-08-31 09:50:11,0,2026-08-31 09:50:11,False,,medio,True
2026-08-31 10:04:23,2597,2026-08-31 10:03:38,0,2026-08-31 10:03:38,True,2026-08-31 06:39:38,medio,False
2026-08-31 10:04:23,2598,2026-08-31 10:02:18,0,2026-08-31 10:02:18,True,2026-08-31 06:36:57,bajo,True
2026-08-31 10:04:23,2600,2026-08-30 14:41:25,0,2026-08-30 14:41:25,False,,bajo,True
2026-08-31 10:04:23,2612,2026-08-31 10:03:38,0,2026-08-31 10:03:38,True,2026-08-31 06:50:48,bajo,False
2026-08-31 10:04:23,2615,2026-08-30 12:52:21,0,2026-08-30 12:52:21,False,,alto,True
2026-08-31 10:04:23,2633,2026-08-31 10:03:40,0,2026-08-31 10:03:40,True,2026-08-31 07:37:06,alto,True
2026-08-31 10:04:23,2640,2026-08-30 03:57:12,0,2026-08-30 03:57:12,False,,medio,False
2026-08-31 10:04:23,2643,2026-08-30 08:24:22,0,2026-08-30 08:24:22,False,,bajo,False
2026-08-31 10:04:23,2648,2026-08-31 10:03:12,0,2026-08-31 10:03:12,True,2026-08-31 09:34:48,bajo,True
2026-08-31 10:04:23,2651,2025-03-13 16:03:26,0,2025-03-13 16:03:26,False,,bajo,False
2026-08-31 10:04:23,2652,2026-08-31 08:19:58,0,2026-08-30 16:48:53,True,2026-08-31 08:19:58,bajo,False
2026-08-31 10:04:23,2656,2026-08-30 04:22:05,0,2026-08-30 04:22:05,False,,bajo,False
2026-08-31 10:04:23,2657,2026-08-31 10:03:36,0,2026-08-31 10:03:36,True,2026-08-31 08:19:58,medio,False
2026-08-31 10:04:23,2658,2025-03-13 16:03:26,0,2025-03-13 16:03:26,False,,bajo,False
2026-08-31 10:04:23,2663,2026-08-30 08:52:25,0,2026-08-30 08:52:25,False,,bajo,False
2026-08-31 10:04:23,2679,2026-08-31 09:04:05,0,2026-08-31 09:04:05,False,,bajo,False
2026-08-31 10:04:23,2697,2026-08-29 21:33:13,0,2026-08-29 21:33:13,False,,bajo,False
2026-08-31 10:04:23,2709,2026-08-29 21:40:50,0,2026-08-29 21:40:50,False,,bajo,False
2026-08-31 10:04:23,2729,2026-08-31 10:03:29,0,2026-08-31 10:03:29,True,2026-08-31 07:00:19,medio,False
2026-08-31 10:04:23,2740,2026-08-31 09:10:44,0,2026-08-31 09:10:44,False,,bajo,False
2026-08-31 10:04:23,2753,2026-08-31 08:55:03,0,2026-08-31 08:55:03,False,,bajo,False
2026-08-31 10:04:23,2763,2026-08-29 17:12:32,0,2026-08-29 17:12:32,False,,medio,False
2026-08-31 10:04:23,2769,2026-08-29 13:51:17,0,2026-08-29 13:51:17,False,,bajo,False
2026-08-31 10:04:23,2782,2026-08-31 09:18:58,0,2026-08-31 09:18:58,False,,bajo,False
2026-08-31 10:04:23,2786,2026-08-30 00:36:14,0,2026-08-30 00:36:14,False,,bajo,True
2026-08-31 10:04:23,2789,2026-08-28 19:38:57,0,2026-08-28 19:38:57,False,,bajo,False
2026-08-31 10:04:23,2792,2026-08-30 14:20:04,0,2026-08-30 14:20:04,False,,bajo,True
2026-08-31 10:04:23,2794,2026-08-30 13:47:46,0,2026-08-30 13:47:46,False,,bajo,False
2026-08-31 10:04:23,2800,2026-08-31 10:03:19,0,2026-08-31 10:03:19,True,2026-08-31 08:12:13,alto,False
2026-08-31 10:04:23,2825,2026-08-29 16:49:45,0,2026-08-29 16:49:45,False,,bajo,False
2026-08-31 10:04:23,2829,2026-08-20 09:14:28,0,2026-08-20 09:14:28,False,,medio,True
2026-08-31 10:04:23,2853,2026-08-31 08:27:08,0,2026-08-31 08:27:08,False,,bajo,False
2026-08-31 10:04:23,2856,2026-08-30 08:46:31,0,2026-08-30 08:46:31,False,,bajo,False
2026-08-31 10:04:23,2866,2026-08-30 13:35:45,0,2026-08-30 13:35:45,False,,bajo,False
2026-08-31 10:04:23,2867,2026-08-30 10:25:23,0,2026-08-30 10:25:23,False,,bajo,False
2026-08-31 10:04:23,2877,2026-08-31 10:03:33,0,2026-08-31 10:03:33,True,2026-08-31 08:42:08,alto,False
2026-08-31 10:04:23,2905,2026-08-31 10:01:01,0,2026-08-31 10:01:01,True,2026-08-31 07:20:16,bajo,True
2026-08-31 10:04:23,2909,2026-08-31 09:44:16,0,2026-08-31 09:44:16,False,,bajo,True
2026-08-31 10:04:23,2910,2026-08-31 10:01:40,0,2026-08-31 10:01:40,False,,bajo,False
2026-08-31 10:04:23,2916,2026-08-30 10:33:27,0,2026-08-30 10:33:27,False,,alto,False
2026-08-31 10:04:23,2941,2026-08-29 08:50:57,0,2026-08-29 08:50:57,False,,bajo,False
2026-08-31 10:04:23,2942,2026-08-30 18:36:20,0,2026-08-30 18:36:20,False,,bajo,True
2026-08-31 10:04:23,2946,2026-08-31 08:04:04,0,2026-08-31 08:04:04,False,,alto,True
2026-08-31 10:04:23,2950,2026-08-30 19:19:23,0,2026-08-30 19:19:23,False,,bajo,False
2026-08-31 10:04:23,2951,2026-08-30 17:56:15,0,2026-08-30 17:56:15,False,,bajo,False
2026-08-31 10:04:23,2954,2026-08-30 15:45:00,0,2026-08-30 15:45:00,False,,bajo,False
2026-08-31 10:04:23,2959,2026-08-29 08:55:54,0,2026-08-29 08:55:54,False,,bajo,False
2026-08-31 10:04:23,2989,2026-08-31 09:30:15,0,2026-08-31 09:30:15,True,2026-08-31 09:20:31,alto,True
2026-08-31 10:04:23,2991,2026-08-31 10:01:33,0,2026-08-31 10:01:33,True,2026-08-31 07:20:16,bajo,True
2026-08-31 10:04:23,3005,2026-08-31 09:34:48,0,2026-08-30 11:58:04,True,2026-08-31 09:34:48,bajo,True
2026-08-31 10:04:23,3012,2026-08-30 20:16:42,0,2026-08-30 20:16:42,False,,bajo,False
2026-08-31 10:04:23,3023,2026-08-31 09:35:46,0,2026-08-31 09:35:46,False,,bajo,True
2026-08-31 10:04:23,3032,2026-08-30 11:31:52,0,2026-08-30 11:31:52,False,,bajo,False
2026-08-31 10:04:23,3043,2026-08-29 08:32:55,0,2026-08-29 08:32:55,False,,bajo,False
2026-08-31 10:04:23,3044,2026-08-30 12:43:19,0,2026-08-30 12:43:19,False,,alto,True
2026-08-31 10:04:23,3050,2026-08-31 07:50:45,0,2026-08-31 07:50:45,False,,medio,False
2026-08-31 10:04:23,3055,2026-08-30 15:44:11,0,2026-08-30 15:44:11,False,,medio,False
2026-08-31 10:04:23,3063,2026-08-31 10:03:33,0,2026-08-31 10:03:33,True,2026-08-31 06:42:19,bajo,False
2026-08-31 10:04:23,3066,2026-08-30 09:40:08,0,2026-08-30 09:40:08,False,,medio,False
2026-08-31 10:04:23,3073,2026-08-31 08:11:31,0,2026-08-31 08:11:31,False,,alto,True
2026-08-31 10:04:23,3077,2026-08-31 10:00:56,0,2026-08-31 10:00:56,True,2026-08-31 09:27:27,alto,False
2026-08-31 10:04:23,3081,2026-08-30 08:44:36,0,2026-08-30 08:44:36,False,,bajo,False
2026-08-31 10:04:23,3090,2026-08-30 11:24:13,0,2026-08-30 11:24:13,False,,bajo,False
2026-08-31 10:04:23,3095,2026-08-30 06:06:39,0,2026-08-30 06:06:39,False,,bajo,True
2026-08-31 10:04:23,3098,2026-08-31 09:38:35,0,2026-08-31 09:38:35,False,,bajo,False
2026-08-31 10:04:23,3102,2026-08-31 10:03:14,0,2026-08-31 10:03:14,True,2026-08-31 07:11:20,medio,False
2026-08-31 10:04:23,3115,2026-08-31 10:02:23,0,2026-08-31 10:02:23,True,2026-08-31 07:05:01,bajo,False
2026-08-31 10:04:23,3116,2025-03-13 16:03:27,0,2025-03-13 16:03:27,False,,bajo,False
2026-08-31 10:04:23,3124,2026-08-31 10:03:16,0,2026-08-31 10:03:16,True,2026-08-31 06:17:55,alto,False
2026-08-31 10:04:23,3133,2026-08-30 10:55:33,0,2026-08-30 10:55:33,False,,bajo,True
2026-08-31 10:04:23,3134,2026-08-31 10:03:39,0,2026-08-31 10:03:39,True,2026-08-31 07:17:25,medio,True
2026-08-31 10:04:23,3135,2026-08-30 07:16:57,0,2026-08-30 07:16:57,False,,alto,False
2026-08-31 10:04:23,3140,2026-08-29 19:38:58,0,2026-08-29 19:38:58,False,,bajo,True
2026-08-31 10:04:23,3149,2026-08-31 10:03:19,0,2026-08-31 10:03:19,False,,alto,False
2026-08-31 10:04:23,3158,2026-08-31 06:59:12,0,2026-08-31 06:59:12,False,,bajo,False
2026-08-31 10:04:23,3168,2025-03-13 16:03:26,0,2025-03-13 16:03:26,False,,bajo,False
2026-08-31 10:04:23,3171,2026-08-30 14:59:19,0,2026-08-30 14:59:19,False,,bajo,True
2026-08-31 10:04:23,3192,2026-08-31 10:01:09,0,2026-08-31 10:01:09,True,2026-08-31 06:23:04,bajo,True
2026-08-31 10:04:23,3211,2026-08-30 10:52:37,0,2026-08-30 10:52:37,False,,bajo,False
2026-08-31 10:04:23,3212,2026-08-30 15:26:19,0,2026-08-30 15:26:19,False,,bajo,False
2026-08-31 10:04:23,3213,2026-08-31 09:45:01,0,2026-08-31 09:45:01,False,,bajo,True
2026-08-31 10:04:23,3234,2026-08-31 00:19:58,0,2026-08-31 00:19:58,False,,bajo,False
2026-08-31 10:04:23,3237,2026-08-31 09:38:09,0,2026-08-31 09:38:09,False,,bajo,False
2026-08-31 10:04:23,3251,2026-08-30 19:02:43,0,2026-08-30 19:02:43,False,,bajo,False
2026-08-31 10:04:23,3258,2026-08-03 14:55:48,0,2026-08-03 14:55:48,False,,alto,False
2026-08-31 10:04:23,3267,2026-08-30 11:58:12,0,2026-08-30 11:58:12,False,,bajo,False
2026-08-31 10:04:23,4023,2026-08-31 08:31:56,0,2026-08-31 08:31:56,False,,alto,False
2026-08-31 10:04:23,4026,2026-08-31 08:46:57,0,2026-08-31 08:46:57,False,,bajo,False
2026-08-31 10:04:23,4029,2026-08-31 10:02:40,0,2026-08-31 10:02:40,True,2026-08-31 08:05:53,medio,True
2026-08-31 10:04:23,2291,2026-08-31 09:18:04,1,2026-08-31 09:18:04,False,,bajo,True
2026-08-31 10:04:23,2297,2026-08-29 12:45:03,1,2026-08-29 12:45:03,False,,bajo,False
2026-08-31 10:04:23,2305,2026-08-29 15:16:16,1,2026-08-29 15:16:16,False,,bajo,False
2026-08-31 10:04:23,2306,2026-08-30 06:56:38,1,2026-08-30 06:56:38,False,,bajo,False
2026-08-31 10:04:23,2307,2026-08-29 10:25:27,1,2026-08-29 10:25:27,False,,alto,False
2026-08-31 10:04:23,2308,2026-08-29 16:00:09,1,2026-08-29 16:00:09,False,,alto,False
2026-08-31 10:04:23,2408,2026-08-31 09:43:54,1,2026-08-29 18:39:51,True,2026-08-31 09:43:54,bajo,False
2026-08-31 10:04:23,2409,2025-08-30 10:05:33,1,2025-08-30 10:05:33,False,,bajo,False
2026-08-31 10:04:23,2416,2026-08-31 10:00:13,1,2026-08-31 10:00:13,True,2026-08-31 06:24:26,bajo,False
2026-08-31 10:04:23,2417,2026-08-31 10:02:49,1,2026-08-31 10:02:49,True,2026-08-31 06:14:45,alto,False
2026-08-31 10:04:23,2455,2026-08-30 06:54:11,1,2026-08-30 06:54:11,False,,bajo,False
2026-08-31 10:04:23,2486,2026-08-31 09:41:20,1,2026-08-31 09:41:20,False,,bajo,False
2026-08-31 10:04:23,2489,2025-08-27 05:35:03,1,2025-08-27 05:35:03,False,,bajo,False
2026-08-31 10:04:23,2523,2025-03-13 16:03:26,1,2025-03-13 16:03:26,False,,bajo,False
2026-08-31 10:04:23,2543,2026-08-31 10:02:54,1,2026-08-31 10:02:54,True,2026-08-31 05:53:18,alto,False
2026-08-31 10:04:23,2555,2026-08-30 01:17:40,1,2026-08-30 01:17:40,False,,bajo,False
2026-08-31 10:04:23,2578,2026-08-29 23:42:36,1,2026-08-29 23:42:36,False,,alto,False
2026-08-31 10:04:23,2584,2026-08-29 19:45:51,1,2026-08-29 19:45:51,False,,bajo,False
2026-08-31 10:04:23,2597,2026-08-31 10:02:59,1,2026-08-31 10:02:59,True,2026-08-31 06:39:38,alto,False
2026-08-31 10:04:23,2600,2026-08-30 01:15:11,1,2026-08-30 01:15:11,False,,bajo,False
2026-08-31 10:04:23,2612,2026-08-29 20:06:48,1,2026-08-29 20:06:48,False,,bajo,False
2026-08-31 10:04:23,2640,2026-08-30 05:53:14,1,2026-08-30 05:53:14,False,,alto,False
2026-08-31 10:04:23,2643,2026-08-30 00:30:47,1,2026-08-30 00:30:47,False,,alto,False
2026-08-31 10:04:23,2648,2026-07-03 08:32:22,1,2026-07-03 08:32:22,False,,bajo,False
2026-08-31 10:04:23,2651,2026-08-30 01:12:03,1,2026-08-30 01:12:03,False,,bajo,False
2026-08-31 10:04:23,2656,2026-08-29 15:28:04,1,2026-08-29 15:28:04,False,,bajo,False
2026-08-31 10:04:23,2657,2026-08-29 20:39:08,1,2026-08-29 20:39:08,False,,bajo,False
2026-08-31 10:04:23,2658,2026-08-30 06:52:31,1,2026-08-30 06:52:31,False,,bajo,False
2026-08-31 10:04:23,2663,2026-08-29 11:59:32,1,2026-08-29 11:59:32,False,,bajo,False
2026-08-31 10:04:23,2679,2026-08-29 22:07:33,1,2026-08-29 22:07:33,False,,medio,False
2026-08-31 10:04:23,2697,2026-08-29 20:23:01,1,2026-08-29 20:23:01,False,,alto,False
2026-08-31 10:04:23,2709,2026-08-29 20:18:15,1,2026-08-29 20:18:15,False,,bajo,False
2026-08-31 10:04:23,2729,2026-08-29 12:33:28,1,2026-08-29 12:33:28,False,,medio,False
2026-08-31 10:04:23,2740,2026-08-31 08:24:52,1,2026-08-31 08:24:52,False,,bajo,False
2026-08-31 10:04:23,2753,2026-08-29 14:33:13,1,2026-08-29 14:33:13,False,,bajo,False
2026-08-31 10:04:23,2763,2026-08-28 22:15:50,1,2026-08-28 22:15:50,False,,bajo,False
2026-08-31 10:04:23,2769,2026-08-29 21:02:41,1,2026-08-29 21:02:41,False,,alto,False
2026-08-31 10:04:23,2782,2026-08-29 21:55:05,1,2026-08-29 21:55:05,False,,alto,False
2026-08-31 10:04:23,2786,2026-08-29 13:11:03,1,2026-08-29 13:11:03,False,,bajo,False
2026-08-31 10:04:23,2789,2026-08-28 13:56:44,1,2026-08-28 13:56:44,False,,bajo,False
2026-08-31 10:04:23,2792,2026-08-29 20:56:18,1,2026-08-29 20:56:18,False,,bajo,True
2026-08-31 10:04:23,2794,2026-08-30 10:27:44,1,2026-08-30 10:27:44,False,,bajo,False
2026-08-31 10:04:23,2800,2026-08-31 10:00:13,1,2026-08-31 10:00:13,True,2026-08-31 05:54:52,alto,False
2026-08-31 10:04:23,2825,2026-08-29 16:20:05,1,2026-08-29 16:20:05,False,,bajo,False
2026-08-31 10:04:23,2829,2026-08-19 10:39:26,1,2026-08-19 10:39:26,False,,alto,False
2026-08-31 10:04:23,2853,2025-03-13 16:03:26,1,2025-03-13 16:03:26,False,,bajo,False
2026-08-31 10:04:23,2856,2026-08-29 21:23:17,1,2026-08-29 21:23:17,False,,bajo,False
2026-08-31 10:04:23,2866,2026-08-30 08:19:50,1,2026-08-30 08:19:50,False,,bajo,False
2026-08-31 10:04:23,2867,2026-08-29 19:40:43,1,2026-08-29 19:40:43,False,,bajo,False
2026-08-31 10:04:23,2877,2026-08-31 09:58:29,1,2026-08-31 09:58:29,True,2026-08-31 06:03:25,alto,False
2026-08-31 10:04:23,2905,2026-08-31 09:57:11,1,2026-08-31 09:57:11,False,,bajo,False
2026-08-31 10:04:23,2909,2026-08-29 21:52:17,1,2026-08-29 21:52:17,False,,bajo,True
2026-08-31 10:04:23,2910,2026-08-31 10:03:40,1,2026-08-31 10:03:40,False,,bajo,False
2026-08-31 10:04:23,2916,2026-08-30 12:26:55,1,2026-08-30 12:26:55,False,,alto,False
2026-08-31 10:04:23,2941,2026-08-28 16:52:07,1,2026-08-28 16:52:07,False,,bajo,False
2026-08-31 10:04:23,2942,2026-08-28 20:17:15,1,2026-08-28 20:17:15,False,,bajo,False
2026-08-31 10:04:23,2946,2026-08-31 08:57:09,1,2026-08-31 08:57:09,False,,alto,False
2026-08-31 10:04:23,2950,2026-08-29 22:23:18,1,2026-08-29 22:23:18,False,,bajo,False
2026-08-31 10:04:23,2951,2026-08-30 11:04:25,1,2026-08-30 11:04:25,False,,bajo,False
2026-08-31 10:04:23,2954,2026-08-30 10:09:30,1,2026-08-30 10:09:30,False,,bajo,False
2026-08-31 10:04:23,2959,2026-08-28 12:17:21,1,2026-08-28 12:17:21,False,,bajo,False
2026-08-31 10:04:23,2989,2026-06-03 00:01:32,1,2026-06-03 00:01:32,False,,bajo,False
2026-08-31 10:04:23,2991,2026-06-03 00:11:39,1,2026-06-03 00:11:39,False,,bajo,False
2026-08-31 10:04:23,3005,2026-08-29 14:12:49,1,2026-08-29 14:12:49,False,,medio,False
2026-08-31 10:04:23,3012,2026-08-29 17:28:27,1,2026-08-29 17:28:27,False,,bajo,False
2026-08-31 10:04:23,3023,2026-08-29 22:40:48,1,2026-08-29 22:40:48,False,,bajo,False
2026-08-31 10:04:23,3032,2026-08-29 21:22:49,1,2026-08-29 21:22:49,False,,medio,False
2026-08-31 10:04:23,3043,2026-08-30 06:15:03,1,2026-08-30 06:15:03,False,,bajo,False
2026-08-31 10:04:23,3050,2025-03-13 16:03:26,1,2025-03-13 16:03:26,False,,bajo,False
2026-08-31 10:04:23,3055,2026-08-30 03:12:51,1,2026-08-30 03:12:51,False,,alto,False
2026-08-31 10:04:23,3063,2026-08-29 22:50:43,1,2026-08-29 22:50:43,False,,bajo,False
2026-08-31 10:04:23,3066,2026-08-31 10:00:42,1,2026-08-31 10:00:42,True,2026-08-31 06:34:34,bajo,False
2026-08-31 10:04:23,3073,2026-08-29 19:04:56,1,2026-08-29 19:04:56,False,,medio,False
2026-08-31 10:04:23,3077,2026-08-31 10:01:09,1,2026-08-31 10:01:09,True,2026-08-31 06:20:03,bajo,False
2026-08-31 10:04:23,3081,2026-08-31 09:49:25,1,2026-08-31 09:49:25,True,2026-08-31 06:34:34,medio,False
2026-08-31 10:04:23,3090,2026-08-30 07:56:31,1,2026-08-30 07:56:31,False,,bajo,False
2026-08-31 10:04:23,3095,2026-08-29 16:04:34,1,2026-08-29 16:04:34,False,,alto,False
2026-08-31 10:04:23,3098,2026-08-31 09:36:35,1,2026-08-31 09:36:35,False,,medio,False
2026-08-31 10:04:23,3115,2026-08-29 18:05:16,1,2026-08-29 18:05:16,False,,bajo,False
2026-08-31 10:04:23,3124,2026-08-31 09:54:28,1,2026-08-31 09:54:28,True,2026-08-31 06:17:55,bajo,False
2026-08-31 10:04:23,3133,2026-08-30 06:39:05,1,2026-08-30 06:39:05,False,,bajo,False
2026-08-31 10:04:23,3134,2026-08-30 06:45:00,1,2026-08-30 06:45:00,False,,bajo,False
2026-08-31 10:04:23,3135,2026-08-29 20:36:35,1,2026-08-29 20:36:35,False,,bajo,False
2026-08-31 10:04:23,3149,2026-08-29 14:21:47,1,2026-08-29 14:21:47,False,,alto,False
2026-08-31 10:04:23,3158,2026-08-30 10:47:00,1,2026-08-30 10:47:00,False,,bajo,False
2026-08-31 10:04:23,3171,2026-08-29 09:55:39,1,2026-08-29 09:55:39,False,,bajo,False
2026-08-31 10:04:23,3212,2026-08-30 15:12:12,1,2026-08-30 15:12:12,False,,medio,False
2026-08-31 10:04:23,3213,2026-08-30 08:21:45,1,2026-08-30 08:21:45,False,,bajo,False
2026-08-31 10:04:23,3258,2026-08-29 13:21:29,1,2026-08-29 13:21:29,False,,bajo,False
2026-08-31 10:04:23,3267,2026-08-30 09:56:35,1,2026-08-30 09:56:35,False,,bajo,False
2026-08-31 10:04:23,3276,2026-08-29 21:24:08,1,2026-08-29 21:24:08,False,,bajo,False
2026-08-31 10:04:23,4023,2026-08-29 15:29:21,1,2026-08-29 15:29:21,False,,medio,False
2026-08-31 10:04:23,4026,2026-08-31 10:02:32,1,2026-08-31 10:02:32,False,,bajo,True
2026-08-31 10:04:23,4029,2026-08-31 09:52:50,1,2026-08-31 09:52:50,True,2026-08-31 06:11:55,bajo,False
2026-08-31 10:04:23,2228,2026-06-03 08:18:35,2,2026-06-03 08:18:35,False,,bajo,False
2026-08-31 10:04:23,2305,2026-06-03 06:05:23,2,2026-06-03 06:05:23,False,,bajo,False
2026-08-31 10:04:23,2455,2026-06-03 08:41:04,2,2026-06-03 08:41:04,False,,bajo,False
2026-08-31 10:04:23,2462,2026-08-13 15:52:51,2,2026-08-13 15:52:51,False,,bajo,False
2026-08-31 10:04:23,2489,2026-06-03 02:55:41,2,2026-06-03 02:55:41,False,,bajo,False
2026-08-31 10:04:23,2556,2026-06-03 08:33:18,2,2026-06-03 08:33:18,False,,bajo,False
2026-08-31 10:04:23,2633,2026-06-03 08:07:23,2,2026-06-03 08:07:23,False,,bajo,False
2026-08-31 10:04:23,2648,2026-06-03 00:17:04,2,2026-06-03 00:17:04,False,,bajo,False
2026-08-31 10:04:23,2657,2026-06-03 06:00:43,2,2026-06-03 06:00:43,False,,bajo,False
2026-08-31 10:04:23,2763,2026-06-03 08:29:55,2,2026-06-03 08:29:55,False,,bajo,False
2026-08-31 10:04:23,2905,2026-06-03 06:33:05,2,2026-06-03 06:33:05,False,,bajo,False
2026-08-31 10:04:23,2950,2026-08-25 15:00:09,2,2026-08-25 15:00:09,False,,alto,False
2026-08-31 10:04:23,3055,2026-06-03 06:12:12,2,2026-06-03 06:12:12,False,,bajo,False
2026-08-31 10:04:23,3063,2026-06-03 08:39:31,2,2026-06-03 08:39:31,False,,bajo,False
2026-08-31 10:04:23,3134,2026-06-03 06:13:07,2,2026-06-03 06:13:07,False,,bajo,False
2026-08-31 10:04:23,3192,2026-06-03 06:29:23,2,2026-06-03 06:29:23,False,,bajo,False
2026-08-31 10:04:23,3194,2026-06-03 08:28:56,2,2026-06-03 08:28:56,False,,bajo,False
2026-08-31 10:04:23,3211,2026-06-03 07:21:15,2,2026-06-03 07:21:15,False,,bajo,False
2026-08-31 10:04:23,3213,2026-07-22 03:30:47,2,2026-07-22 03:30:47,False,,bajo,False
2026-08-31 10:04:23,3237,2026-06-03 08:08:14,2,2026-06-03 08:08:14,False,,bajo,False
2026-08-31 10:04:23,2348,2026-08-31 10:01:11,0,2026-08-31 10:01:11,False,,bajo,True
2026-08-31 10:04:23,2353,2026-08-30 00:16:47,0,2026-08-30 00:16:47,False,,medio,False
2026-08-31 10:04:23,2355,2026-08-30 12:54:36,0,2026-08-30 12:54:36,False,,alto,False
2026-08-31 10:04:23,2356,2026-08-30 17:20:47,0,2026-08-30 17:20:47,False,,bajo,False
2026-08-31 10:04:23,2535,2026-08-30 13:14:19,0,2026-08-30 13:14:19,False,,bajo,False
2026-08-31 10:04:23,2549,2026-08-31 08:29:15,0,2026-08-31 08:29:15,False,,bajo,False
2026-08-31 10:04:23,2564,2026-08-30 12:33:12,0,2026-08-30 12:33:12,False,,bajo,False
2026-08-31 10:04:23,2577,2026-08-31 09:57:17,0,2026-08-31 09:57:17,False,,bajo,True
2026-08-31 10:04:23,2585,2026-08-31 09:37:35,0,2026-08-31 09:37:35,False,,bajo,False
2026-08-31 10:04:23,2589,2026-08-29 22:45:31,0,2026-08-29 22:45:31,False,,bajo,False
2026-08-31 10:04:23,2595,2026-08-31 09:57:23,0,2026-08-31 09:57:23,False,,medio,False
2026-08-31 10:04:23,2605,2026-08-31 08:22:57,0,2026-08-31 08:22:57,False,,alto,False
2026-08-31 10:04:23,2624,2026-08-31 10:01:25,0,2026-08-31 10:01:25,False,,medio,True
2026-08-31 10:04:23,2636,2026-08-30 17:05:44,0,2026-08-30 17:05:44,False,,bajo,False
2026-08-31 10:04:23,2637,2026-08-30 16:38:11,0,2026-08-30 16:38:11,False,,bajo,False
2026-08-31 10:04:23,2638,2025-03-13 16:03:26,0,2025-03-13 16:03:26,False,,bajo,False
2026-08-31 10:04:23,2641,2026-08-30 18:17:56,0,2026-08-30 18:17:56,False,,bajo,False
2026-08-31 10:04:23,2644,2026-08-30 15:09:46,0,2026-08-30 15:09:46,False,,bajo,False
2026-08-31 10:04:23,2650,2026-04-03 16:21:31,0,2026-04-03 16:21:31,False,,bajo,False
2026-08-31 10:04:23,2672,2026-08-18 03:18:38,0,2026-08-18 03:18:38,False,,bajo,False
2026-08-31 10:04:23,2674,2026-08-30 10:23:53,0,2026-08-30 10:23:53,False,,bajo,False
2026-08-31 10:04:23,2684,2026-08-30 13:31:36,0,2026-08-30 13:31:36,False,,bajo,False
2026-08-31 10:04:23,2692,2026-08-30 10:12:45,0,2026-08-30 10:12:45,False,,bajo,False
2026-08-31 10:04:23,2720,2026-08-30 19:23:37,0,2026-08-30 19:23:37,False,,bajo,False
2026-08-31 10:04:23,2886,2026-08-31 10:02:14,0,2026-08-31 10:02:14,False,,bajo,True
2026-08-31 10:04:23,3000,2026-08-31 10:03:32,0,2026-08-31 10:03:32,True,2026-08-31 06:18:58,bajo,True
2026-08-31 10:04:23,3001,2026-08-31 10:02:53,0,2026-08-31 10:02:53,True,2026-08-31 08:00:54,bajo,True
2026-08-31 10:04:23,3007,2026-08-30 13:26:03,0,2026-08-30 13:26:03,False,,bajo,True
2026-08-31 10:04:23,3015,2026-08-31 09:43:18,0,2026-08-31 09:43:18,False,,bajo,False
2026-08-31 10:04:23,3034,2026-08-30 02:39:01,0,2026-08-30 02:39:01,False,,bajo,False
2026-08-31 10:04:23,3091,2026-08-30 15:22:07,0,2026-08-30 15:22:07,False,,bajo,False
2026-08-31 10:04:23,3125,2026-08-30 22:06:22,0,2026-08-30 22:06:22,False,,bajo,True
2026-08-31 10:04:23,3236,2026-08-30 16:38:33,0,2026-08-30 16:38:33,False,,bajo,False
2026-08-31 10:04:23,3275,2026-08-25 18:48:20,0,2026-08-25 18:48:20,False,,bajo,False
2026-08-31 10:04:23,2348,2026-08-31 09:59:40,1,2026-08-31 09:59:40,False,,bajo,False
2026-08-31 10:04:23,2353,2026-08-29 13:42:56,1,2026-08-29 13:42:56,False,,alto,True
2026-08-31 10:04:23,2355,2026-08-29 21:57:08,1,2026-08-29 21:57:08,False,,medio,True
2026-08-31 10:04:23,2356,2026-08-30 07:33:43,1,2026-08-30 07:33:43,False,,bajo,True
2026-08-31 10:04:23,2535,2026-08-29 19:11:30,1,2026-08-29 19:11:30,False,,bajo,True
2026-08-31 10:04:23,2549,2026-08-30 11:45:14,1,2026-08-30 11:45:14,False,,bajo,False
2026-08-31 10:04:23,2564,2026-08-30 02:45:48,1,2026-08-30 02:45:48,False,,bajo,False
2026-08-31 10:04:23,2577,2026-08-29 15:55:43,1,2026-08-29 15:55:43,False,,bajo,False
2026-08-31 10:04:23,2585,2025-12-11 16:55:33,1,2025-12-11 16:55:33,False,,bajo,False
2026-08-31 10:04:23,2589,2026-08-29 22:49:21,1,2026-08-29 22:49:21,False,,bajo,False
2026-08-31 10:04:23,2595,2026-08-30 11:54:32,1,2026-08-30 11:54:32,False,,medio,False
2026-08-31 10:04:23,2605,2026-08-29 17:39:05,1,2026-08-29 17:39:05,False,,bajo,False
2026-08-31 10:04:23,2624,2026-08-30 14:56:12,1,2026-08-30 14:56:12,False,,medio,False
2026-08-31 10:04:23,2636,2026-08-31 06:50:51,1,2026-08-31 06:50:51,False,,bajo,False
2026-08-31 10:04:23,2637,2026-08-29 19:30:16,1,2026-08-29 19:30:16,False,,bajo,True
2026-08-31 10:04:23,2638,2025-03-13 16:03:26,1,2025-03-13 16:03:26,False,,bajo,False
2026-08-31 10:04:23,2641,2026-08-30 08:12:32,1,2026-08-30 08:12:32,False,,bajo,False
2026-08-31 10:04:23,2644,2026-08-31 10:00:05,1,2026-08-31 10:00:05,False,,bajo,True
2026-08-31 10:04:23,2650,2025-12-17 11:02:46,1,2025-12-17 11:02:46,False,,bajo,False
2026-08-31 10:04:23,2672,2026-08-18 10:46:23,1,2026-08-18 10:46:23,False,,bajo,False
2026-08-31 10:04:23,2674,2026-08-31 08:06:53,1,2026-08-31 08:06:53,False,,bajo,False
2026-08-31 10:04:23,2684,2026-08-30 02:35:48,1,2026-08-30 02:35:48,False,,bajo,True
2026-08-31 10:04:23,2692,2026-08-29 19:33:19,1,2026-08-29 19:33:19,False,,alto,True
2026-08-31 10:04:23,2720,2026-08-30 12:48:39,1,2026-08-30 12:48:39,False,,bajo,False
2026-08-31 10:04:23,2886,2026-08-30 23:07:27,1,2026-08-30 23:07:27,False,,bajo,True
2026-08-31 10:04:23,3000,2026-08-31 06:08:52,1,2026-08-31 06:08:52,False,,bajo,True
2026-08-31 10:04:23,3001,2026-01-05 08:26:33,1,2026-01-05 08:26:33,False,,bajo,False
2026-08-31 10:04:23,3007,2026-08-29 16:45:03,1,2026-08-29 16:45:03,False,,bajo,False
2026-08-31 10:04:23,3015,2026-08-31 09:57:39,1,2026-08-31 09:57:39,False,,bajo,False
2026-08-31 10:04:23,3034,2026-08-31 09:49:06,1,2026-08-31 09:49:06,False,,bajo,False
2026-08-31 10:04:23,3091,2026-08-30 09:19:12,1,2026-08-30 09:19:12,False,,bajo,False
2026-08-31 10:04:23,3125,2026-08-30 08:22:13,1,2026-08-30 08:22:13,False,,bajo,False
2026-08-31 10:04:23,3236,2026-08-30 10:21:58,1,2026-08-30 10:21:58,False,,bajo,False
2026-08-31 10:04:23,3275,2026-08-30 04:54:09,1,2026-08-30 04:54:09,False,,bajo,False
2026-08-31 10:04:23,2589,2025-03-13 16:03:26,2,2025-03-13 16:03:26,False,,bajo,False
2026-08-31 10:04:23,2333,2026-06-03 07:34:42,0,2026-06-03 07:34:42,False,,bajo,False
2026-08-31 10:04:23,2338,2026-08-30 18:20:38,0,2026-08-30 18:20:38,False,,medio,False
2026-08-31 10:04:23,2345,2026-08-31 00:21:57,0,2026-08-31 00:21:57,False,,bajo,False
2026-08-31 10:04:23,2346,2026-08-30 23:47:06,0,2026-08-30 23:47:06,False,,bajo,False
2026-08-31 10:04:23,2425,2026-08-29 13:45:40,0,2026-08-29 13:45:40,False,,bajo,False
2026-08-31 10:04:23,2444,2026-08-29 13:07:57,0,2026-08-29 13:07:57,False,,bajo,False
2026-08-31 10:04:23,2481,2026-08-30 05:31:44,0,2026-08-30 05:31:44,False,,bajo,False
2026-08-31 10:04:23,2502,2026-08-29 22:27:53,0,2026-08-29 22:27:53,False,,alto,False
2026-08-31 10:04:23,2514,2026-08-30 02:33:34,0,2026-08-30 02:33:34,False,,medio,False
2026-08-31 10:04:23,2515,2026-08-30 01:27:26,0,2026-08-30 01:27:26,False,,bajo,False
2026-08-31 10:04:23,2537,2026-08-30 07:11:38,0,2026-08-30 07:11:38,False,,bajo,False
2026-08-31 10:04:23,2601,2026-08-30 04:32:53,0,2026-08-30 04:32:53,False,,alto,False
2026-08-31 10:04:23,2617,2026-08-29 20:32:56,0,2026-08-29 20:32:56,False,,bajo,False
2026-08-31 10:04:23,2618,2026-08-29 15:49:50,0,2026-08-29 15:49:50,False,,alto,False
2026-08-31 10:04:23,2645,2026-08-30 08:22:13,0,2026-08-30 08:22:13,False,,bajo,False
2026-08-31 10:04:23,2725,2026-08-29 19:39:22,0,2026-08-29 19:39:22,False,,bajo,False
2026-08-31 10:04:23,2727,2026-08-31 10:03:20,0,2026-08-31 10:03:20,False,,bajo,False
2026-08-31 10:04:23,2787,2026-08-30 12:08:06,0,2026-08-30 12:08:06,False,,bajo,True
2026-08-31 10:04:23,2883,2026-08-31 10:01:28,0,2026-08-31 10:01:28,False,,bajo,False
2026-08-31 10:04:23,2885,2026-08-30 16:51:18,0,2026-08-30 16:51:18,False,,bajo,True
2026-08-31 10:04:23,2888,2026-08-31 06:04:58,0,2026-08-31 06:04:58,False,,bajo,False
2026-08-31 10:04:23,2957,2026-08-30 11:43:21,0,2026-08-30 11:43:21,False,,medio,False
2026-08-31 10:04:23,2960,2026-08-29 20:24:12,0,2026-08-29 20:24:12,False,,bajo,False
2026-08-31 10:04:23,3003,2026-08-31 06:44:26,0,2026-08-31 06:44:26,False,,bajo,False
2026-08-31 10:04:23,3004,2026-08-30 23:20:45,0,2026-08-30 23:20:45,False,,bajo,False
2026-08-31 10:04:23,3047,2026-08-30 21:54:57,0,2026-08-30 21:54:57,False,,bajo,False
2026-08-31 10:04:23,3062,2026-08-29 17:42:38,0,2026-08-29 17:42:38,False,,bajo,False
2026-08-31 10:04:23,3071,2026-08-29 21:30:20,0,2026-08-29 21:30:20,False,,bajo,False
2026-08-31 10:04:23,3136,2026-08-31 10:03:49,0,2026-08-31 10:03:49,False,,bajo,False
2026-08-31 10:04:23,3174,2026-08-30 23:38:23,0,2026-08-30 23:38:23,False,,bajo,False
2026-08-31 10:04:23,3175,2026-08-31 09:04:04,0,2026-08-31 09:04:04,False,,bajo,True
2026-08-31 10:04:23,3262,2026-08-30 15:20:04,0,2026-08-30 15:20:04,False,,bajo,True
2026-08-31 10:04:23,3277,2026-08-29 21:55:04,0,2026-08-29 21:55:04,False,,bajo,False
2026-08-31 10:04:23,2333,2026-06-03 07:34:43,1,2026-06-03 07:34:43,False,,bajo,False
2026-08-31 10:04:23,2338,2026-08-29 18:02:02,1,2026-08-29 18:02:02,False,,alto,False
2026-08-31 10:04:23,2345,2026-08-31 10:01:01,1,2026-08-31 10:01:01,False,,bajo,False
2026-08-31 10:04:23,2346,2026-08-29 19:28:44,1,2026-08-29 19:28:44,False,,bajo,True
2026-08-31 10:04:23,2425,2026-08-31 09:48:06,1,2026-08-31 09:48:06,False,,bajo,False
2026-08-31 10:04:23,2444,2026-08-31 09:56:54,1,2026-08-31 09:56:54,False,,bajo,False
2026-08-31 10:04:23,2481,2026-08-31 09:55:53,1,2026-08-31 09:55:53,False,,bajo,False
2026-08-31 10:04:23,2502,2026-08-30 07:41:33,1,2026-08-30 07:41:33,False,,alto,False
2026-08-31 10:04:23,2514,2026-08-29 19:00:39,1,2026-08-29 19:00:39,False,,bajo,False
2026-08-31 10:04:23,2515,2026-08-29 18:43:30,1,2026-08-29 18:43:30,False,,medio,True
2026-08-31 10:04:23,2537,2026-08-31 08:04:56,1,2026-08-31 08:04:56,False,,bajo,False
2026-08-31 10:04:23,2601,2026-08-29 21:27:42,1,2026-08-29 21:27:42,False,,alto,False
2026-08-31 10:04:23,2617,2026-08-30 09:46:29,1,2026-08-30 09:46:29,False,,bajo,False
2026-08-31 10:04:23,2618,2026-08-31 09:25:51,1,2026-08-29 16:30:46,True,2026-08-31 09:25:51,alto,False
2026-08-31 10:04:23,2645,2026-08-30 09:33:01,1,2026-08-30 09:33:01,False,,bajo,False
2026-08-31 10:04:23,2725,2026-08-30 06:56:41,1,2026-08-30 06:56:41,False,,bajo,False
2026-08-31 10:04:23,2727,2026-08-31 09:54:13,1,2026-08-31 09:54:13,False,,bajo,True
2026-08-31 10:04:23,2787,2026-08-30 09:57:37,1,2026-08-30 09:57:37,False,,bajo,False
2026-08-31 10:04:23,2883,2026-08-31 10:01:18,1,2026-08-31 10:01:18,False,,bajo,False
2026-08-31 10:04:23,2885,2026-08-30 16:52:52,1,2026-08-30 16:52:52,False,,bajo,True
2026-08-31 10:04:23,2888,2026-08-31 09:24:54,1,2026-08-30 16:40:55,True,2026-08-31 09:24:54,bajo,False
2026-08-31 10:04:23,2957,2026-08-31 10:01:30,1,2026-08-31 10:01:30,False,,alto,False
2026-08-31 10:04:23,2960,2026-08-30 09:41:28,1,2026-08-30 09:41:28,False,,bajo,False
2026-08-31 10:04:23,3003,2026-08-31 10:01:11,1,2026-08-31 10:01:11,False,,bajo,True
2026-08-31 10:04:23,3004,2026-06-03 08:58:20,1,2026-06-03 08:58:20,False,,bajo,False
2026-08-31 10:04:23,3047,2026-08-30 21:55:59,1,2026-08-30 21:55:59,False,,bajo,False
2026-08-31 10:04:23,3062,2026-08-30 10:45:42,1,2026-08-30 10:45:42,False,,bajo,False
2026-08-31 10:04:23,3071,2026-08-29 21:31:08,1,2026-08-29 21:31:08,False,,bajo,False
2026-08-31 10:04:23,3136,2026-08-31 10:02:54,1,2026-08-31 10:02:54,False,,bajo,False
2026-08-31 10:04:23,3174,2026-08-29 23:53:25,1,2026-08-29 23:53:25,False,,bajo,False
2026-08-31 10:04:23,3175,2026-06-03 07:27:38,1,2026-06-03 07:27:38,False,,bajo,False
2026-08-31 10:04:23,3262,2026-08-30 15:52:26,1,2026-08-30 15:52:26,False,,bajo,True
2026-08-31 10:04:23,3277,2026-08-29 16:39:07,1,2026-08-29 16:39:07,False,,bajo,False
2026-08-31 10:04:23,2537,2025-03-13 16:03:26,2,2025-03-13 16:03:26,False,,bajo,False
2026-08-31 10:04:23,2249,2026-08-31 10:02:15,0,2026-08-31 10:02:15,False,,bajo,True
2026-08-31 10:04:23,2251,2026-08-31 09:59:25,0,2026-08-31 09:59:25,False,,alto,True
2026-08-31 10:04:23,2339,2026-08-31 10:02:53,0,2026-08-31 10:02:53,False,,medio,True
2026-08-31 10:04:23,2341,2026-08-31 10:03:41,0,2026-08-31 10:03:41,True,2026-08-31 07:36:01,medio,True
2026-08-31 10:04:23,2350,2026-08-31 10:02:36,0,2026-08-31 10:02:36,False,,bajo,True
2026-08-31 10:04:23,2364,2026-08-31 10:03:42,0,2026-08-31 10:03:42,False,,bajo,True
2026-08-31 10:04:23,2386,2026-08-31 07:58:41,0,2026-08-31 07:58:41,False,,bajo,True
2026-08-31 10:04:23,2388,2026-08-31 10:03:56,0,2026-08-31 10:03:56,False,,bajo,True
2026-08-31 10:04:23,2390,2026-08-31 10:03:56,0,2026-08-31 10:03:56,True,2026-08-31 07:31:16,alto,True
2026-08-31 10:04:23,2472,2026-08-31 10:03:36,0,2026-08-31 10:03:36,True,2026-08-31 09:01:07,bajo,True
2026-08-31 10:04:23,2500,2026-08-31 10:02:51,0,2026-08-31 10:02:51,True,2026-08-31 09:47:00,medio,True
2026-08-31 10:04:23,2528,2026-08-31 10:03:08,0,2026-08-31 10:03:08,False,,medio,True
2026-08-31 10:04:23,2559,2026-08-31 10:02:18,0,2026-08-31 10:02:18,True,2026-08-31 09:47:00,medio,True
2026-08-31 10:04:23,2603,2026-08-31 10:04:02,0,2026-08-31 10:04:02,False,,bajo,True
2026-08-31 10:04:23,2616,2026-08-31 09:57:31,0,2026-08-31 09:57:31,False,,bajo,True
2026-08-31 10:04:23,2627,2026-08-30 21:53:04,0,2026-08-30 21:53:04,False,,bajo,False
2026-08-31 10:04:23,2642,2026-08-31 09:56:49,0,2026-08-31 09:56:49,True,2026-08-31 08:57:51,bajo,True
2026-08-31 10:04:23,2646,2026-08-31 10:02:33,0,2026-08-31 10:02:33,False,,bajo,False
2026-08-31 10:04:23,2688,2026-08-31 10:02:59,0,2026-08-31 10:02:59,True,2026-08-31 09:07:33,medio,True
2026-08-31 10:04:23,2804,2026-08-31 10:03:04,0,2026-08-31 10:03:04,True,2026-08-31 07:50:06,alto,False
2026-08-31 10:04:23,2857,2026-08-31 09:58:16,0,2026-08-31 09:58:16,False,,medio,True
2026-08-31 10:04:23,2868,2026-08-31 10:03:27,0,2026-08-31 10:03:27,False,,bajo,False
2026-08-31 10:04:23,2911,2026-08-31 10:03:44,0,2026-08-31 10:03:44,True,2026-08-31 09:32:24,bajo,True
2026-08-31 10:04:23,2974,2026-08-31 10:03:01,0,2026-08-31 10:03:01,True,2026-08-31 08:15:04,bajo,True
2026-08-31 10:04:23,2977,2026-08-31 09:55:39,0,2026-08-31 09:55:39,True,2026-08-31 07:34:25,alto,True
2026-08-31 10:04:23,2979,2026-08-31 10:00:04,0,2026-08-31 10:00:04,False,,bajo,True
2026-08-31 10:04:23,2980,2026-08-31 10:03:25,0,2026-08-31 10:03:25,False,,bajo,True
2026-08-31 10:04:23,2981,2026-08-31 10:01:52,0,2026-08-31 10:01:52,False,,bajo,True
2026-08-31 10:04:23,2982,2026-08-31 09:57:28,0,2026-08-31 09:57:28,False,,bajo,True
2026-08-31 10:04:23,3046,2026-08-31 09:48:46,0,2026-08-31 09:48:46,False,,bajo,False
2026-08-31 10:04:23,3257,2026-08-31 10:02:46,0,2026-08-31 10:02:46,False,,bajo,True
2026-08-31 10:04:23,2249,2026-08-31 10:01:16,1,2026-08-31 10:01:16,False,,alto,True
2026-08-31 10:04:23,2251,2026-08-31 10:00:37,1,2026-08-31 10:00:37,False,,alto,True
2026-08-31 10:04:23,2339,2026-08-31 10:03:30,1,2026-08-31 10:03:30,True,2026-08-31 07:36:35,alto,True
2026-08-31 10:04:23,2350,2026-08-29 16:50:01,1,2026-08-29 16:50:01,False,,bajo,True
2026-08-31 10:04:23,2364,2026-08-31 10:02:39,1,2026-08-31 10:02:39,True,2026-08-31 09:01:07,alto,True
2026-08-31 10:04:23,2472,2026-08-31 10:01:22,1,2026-08-31 10:01:22,True,2026-08-31 07:52:59,alto,True
2026-08-31 10:04:23,2500,2026-08-31 10:02:38,1,2026-08-31 10:02:38,True,2026-08-31 08:23:44,alto,True
2026-08-31 10:04:23,2528,2026-08-31 10:01:47,1,2026-08-31 10:01:47,False,,medio,True
2026-08-31 10:04:23,2559,2026-08-31 08:43:43,1,2026-08-31 08:43:43,False,,bajo,False
2026-08-31 10:04:23,2603,2026-08-31 10:02:09,1,2026-08-31 10:02:09,False,,bajo,True
2026-08-31 10:04:23,2616,2026-08-31 08:15:56,1,2026-08-31 08:15:56,False,,bajo,False
2026-08-31 10:04:23,2627,2026-08-31 10:03:36,1,2026-08-31 10:03:36,True,2026-08-31 07:52:22,bajo,True
2026-08-31 10:04:23,2642,2026-08-31 09:56:48,1,2026-08-31 09:56:48,True,2026-08-31 07:33:15,bajo,True
2026-08-31 10:04:23,2646,2026-08-31 07:40:34,1,2026-08-31 07:40:34,False,,alto,False
2026-08-31 10:04:23,2688,2026-08-31 10:03:35,1,2026-08-31 10:03:35,True,2026-08-31 07:32:44,bajo,True
2026-08-31 10:04:23,2804,2026-08-31 10:03:38,1,2026-08-31 10:03:38,True,2026-08-31 07:50:06,medio,True
2026-08-31 10:04:23,2857,2026-08-31 10:00:11,1,2026-08-31 10:00:11,False,,bajo,True
2026-08-31 10:04:23,2868,2026-08-30 17:50:47,1,2026-08-30 17:50:47,False,,bajo,False
2026-08-31 10:04:23,2911,2026-08-31 09:32:24,1,2026-08-31 04:46:38,True,2026-08-31 09:32:24,bajo,False
2026-08-31 10:04:23,2974,2026-08-31 10:03:36,1,2026-08-31 10:03:36,True,2026-08-31 07:27:38,bajo,True
2026-08-31 10:04:23,2977,2026-08-31 10:04:05,1,2026-08-31 10:04:05,True,2026-08-31 07:34:25,alto,True
2026-08-31 10:04:23,2979,2026-08-31 10:00:39,1,2026-08-31 10:00:39,False,,alto,True
2026-08-31 10:04:23,2980,2026-08-31 10:02:43,1,2026-08-31 10:02:43,False,,bajo,False
2026-08-31 10:04:23,2981,2026-08-31 10:01:09,1,2026-08-31 10:01:09,False,,bajo,True
2026-08-31 10:04:23,2982,2026-08-31 09:41:17,1,2026-08-31 09:41:17,False,,bajo,True
2026-08-31 10:04:23,3257,2026-08-31 10:02:44,1,2026-08-31 10:02:44,False,,bajo,True
2026-08-31 10:04:23,2364,2026-06-03 08:18:32,2,2026-06-03 08:18:32,False,,bajo,False
2026-08-31 10:04:23,2390,2026-06-03 06:18:03,2,2026-06-03 06:18:03,False,,bajo,False
2026-08-31 10:04:23,2472,2026-06-03 06:36:25,2,2026-06-03 06:36:25,False,,bajo,False
2026-08-31 10:04:23,2627,2026-06-03 01:47:48,2,2026-06-03 01:47:48,False,,bajo,False
2026-08-31 10:04:23,1724,2026-08-30 09:24:41,0,2026-08-30 09:24:41,False,,bajo,False
2026-08-31 10:04:23,1744,2026-08-31 10:03:31,0,2026-08-31 10:03:31,False,,bajo,True
2026-08-31 10:04:23,1766,2026-08-30 11:18:25,0,2026-08-30 11:18:25,False,,bajo,False
2026-08-31 10:04:23,1784,2026-08-31 01:38:28,0,2026-08-31 01:38:28,False,,bajo,True
2026-08-31 10:04:23,1805,2026-08-30 23:42:23,0,2026-08-30 23:42:23,False,,bajo,True
2026-08-31 10:04:23,1806,2026-08-29 06:45:30,0,2026-08-29 06:45:30,False,,bajo,True
2026-08-31 10:04:23,1824,2026-08-31 09:34:22,0,2026-08-30 12:02:28,True,2026-08-31 09:34:22,bajo,False
2026-08-31 10:04:23,1844,2026-08-31 09:22:00,0,2026-08-30 22:32:38,True,2026-08-31 09:22:00,bajo,True
2026-08-31 10:04:23,1845,2026-08-30 16:18:28,0,2026-08-30 16:18:28,False,,bajo,True
2026-08-31 10:04:23,1846,2026-08-31 10:03:21,0,2026-08-31 10:03:21,False,,bajo,True
2026-08-31 10:04:23,1887,2026-08-30 23:18:14,0,2026-08-30 23:18:14,False,,bajo,True
2026-08-31 10:04:23,1924,2026-08-31 09:34:22,0,2026-08-30 08:40:57,True,2026-08-31 09:34:22,bajo,False
2026-08-31 10:04:23,1926,2026-08-30 04:48:24,0,2026-08-30 04:48:24,False,,bajo,True
2026-08-31 10:04:23,1927,2026-08-30 18:22:46,0,2026-08-30 18:22:46,False,,bajo,False
2026-08-31 10:04:23,1928,2026-08-30 21:45:24,0,2026-08-30 21:45:24,False,,bajo,True
2026-08-31 10:04:23,1944,2026-08-31 08:18:16,0,2026-08-31 08:18:16,False,,bajo,True
2026-08-31 10:04:23,1945,2026-08-31 10:03:02,0,2026-08-31 10:03:02,True,2026-08-31 07:53:06,bajo,True
2026-08-31 10:04:23,1964,2026-08-31 05:12:18,0,2026-08-31 05:12:18,False,,alto,True
2026-08-31 10:04:23,1965,2026-08-30 22:18:22,0,2026-08-30 22:18:22,False,,bajo,True
2026-08-31 10:04:23,1984,2026-08-31 10:03:47,0,2026-08-31 10:03:47,True,2026-08-31 07:43:04,bajo,True
2026-08-31 10:04:23,2190,2026-08-31 10:03:33,0,2026-08-31 10:03:33,True,2026-08-31 09:13:40,bajo,True
2026-08-31 10:04:23,2192,2026-08-30 09:28:19,0,2026-08-30 09:28:19,False,,bajo,True
2026-08-31 10:04:23,2193,2026-08-29 04:38:06,0,2026-08-29 04:38:06,False,,bajo,False
2026-08-31 10:04:23,2204,2026-08-31 10:03:04,0,2026-08-31 10:03:04,True,2026-08-31 07:40:42,bajo,True
2026-08-31 10:04:23,2205,2026-08-27 20:27:32,0,2026-08-27 20:27:32,False,,bajo,False
2026-08-31 10:04:23,2207,2026-08-31 07:11:02,0,2026-08-31 07:11:02,False,,medio,True
2026-08-31 10:04:23,2208,2026-08-31 10:03:46,0,2026-08-31 10:03:46,True,2026-08-31 07:15:18,bajo,True
2026-08-31 10:04:23,2224,2026-08-31 10:02:50,0,2026-08-31 10:02:50,True,2026-08-31 08:07:32,medio,True
2026-08-31 10:04:23,2225,2026-08-31 10:03:49,0,2026-08-31 10:03:49,True,2026-08-31 08:17:03,bajo,True
2026-08-31 10:04:23,2227,2026-08-31 10:03:48,0,2026-08-31 10:03:48,True,2026-08-31 08:04:32,bajo,True
2026-08-31 10:04:23,2229,2026-08-31 10:01:51,0,2026-08-31 10:01:51,False,,bajo,True
2026-08-31 10:04:23,2230,2026-08-31 10:02:19,0,2026-08-31 10:02:19,False,,medio,True
2026-08-31 10:04:23,2250,2026-08-31 10:03:14,0,2026-08-31 10:03:14,False,,bajo,True
2026-08-31 10:04:23,2264,2026-08-31 10:00:25,0,2026-08-31 10:00:25,False,,bajo,True
2026-08-31 10:04:23,2268,2026-08-31 04:58:32,0,2026-08-31 04:58:32,False,,bajo,True
2026-08-31 10:04:23,2284,2026-08-29 20:34:34,0,2026-08-29 20:34:34,False,,bajo,True
2026-08-31 10:04:23,2317,2026-08-31 09:57:23,0,2026-08-31 09:57:23,False,,bajo,True
2026-08-31 10:04:23,2326,2026-08-30 02:49:50,0,2026-08-30 02:49:50,False,,bajo,True
2026-08-31 10:04:23,2327,2026-08-31 10:03:35,0,2026-08-31 10:03:35,False,,bajo,True
2026-08-31 10:04:23,2330,2026-08-31 10:02:39,0,2026-08-31 10:02:39,True,2026-08-31 08:54:40,bajo,False
2026-08-31 10:04:23,2335,2026-08-31 06:19:24,0,2026-08-31 06:19:24,False,,bajo,True
2026-08-31 10:04:23,2391,2026-08-29 11:10:36,0,2026-08-29 11:10:36,False,,bajo,False
2026-08-31 10:04:23,2404,2026-08-29 20:45:34,0,2026-08-29 20:45:34,False,,bajo,True
2026-08-31 10:04:23,2411,2026-08-31 07:58:37,0,2026-08-30 06:25:34,True,2026-08-31 07:58:37,bajo,False
2026-08-31 10:04:23,2415,2026-08-31 10:02:50,0,2026-08-31 10:02:50,False,,bajo,True
2026-08-31 10:04:23,2424,2025-03-13 16:03:26,0,2025-03-13 16:03:26,False,,bajo,False
2026-08-31 10:04:23,2446,2026-08-31 05:08:06,0,2026-08-31 05:08:06,False,,bajo,True
2026-08-31 10:04:23,2459,2026-08-31 10:03:16,0,2026-08-31 10:03:16,False,,bajo,True
2026-08-31 10:04:23,2464,2026-08-30 10:32:22,0,2026-08-30 10:32:22,False,,bajo,True
2026-08-31 10:04:23,2465,2026-08-30 07:51:19,0,2026-08-30 07:51:19,False,,bajo,False
2026-08-31 10:04:23,2466,2026-08-31 09:58:20,0,2026-08-31 09:58:20,False,,bajo,False
2026-08-31 10:04:23,2468,2026-08-31 10:02:50,0,2026-08-31 10:02:50,False,,bajo,True
2026-08-31 10:04:23,2471,2026-08-31 10:02:51,0,2026-08-31 10:02:51,True,2026-08-31 09:41:58,bajo,True
2026-08-31 10:04:23,2475,2026-08-30 17:28:20,0,2026-08-30 17:28:20,False,,bajo,True
2026-08-31 10:04:23,2476,2026-08-31 09:10:15,0,2026-08-31 09:10:15,False,,bajo,True
2026-08-31 10:04:23,2482,2026-08-31 10:02:04,0,2026-08-31 10:02:04,True,2026-08-31 08:54:09,medio,True
2026-08-31 10:04:23,2484,2026-08-31 09:47:16,0,2026-08-31 09:47:16,False,,bajo,True
2026-08-31 10:04:23,2485,2026-08-31 08:49:23,0,2026-08-31 08:49:23,False,,bajo,True
2026-08-31 10:04:23,2492,2026-08-31 03:31:44,0,2026-08-31 03:31:44,False,,bajo,True
2026-08-31 10:04:23,2516,2026-08-29 14:59:21,0,2026-08-29 14:59:21,False,,bajo,False
2026-08-31 10:04:23,2519,2026-08-30 11:33:12,0,2026-08-30 11:33:12,False,,bajo,True
2026-08-31 10:04:23,2565,2026-08-31 05:04:02,0,2026-08-31 05:04:02,False,,bajo,False
2026-08-31 10:04:23,2567,2026-08-31 08:29:06,0,2026-08-31 08:29:06,False,,bajo,True
2026-08-31 10:04:23,2575,2026-08-31 10:03:14,0,2026-08-31 10:03:14,False,,bajo,True
2026-08-31 10:04:23,2582,2026-08-30 09:12:04,0,2026-08-30 09:12:04,False,,bajo,False
2026-08-31 10:04:23,2590,2026-08-31 10:02:29,0,2026-08-31 10:02:29,False,,bajo,False
2026-08-31 10:04:23,2592,2026-08-31 10:03:37,0,2026-08-31 10:03:37,False,,medio,True
2026-08-31 10:04:23,2593,2026-08-29 23:52:17,0,2026-08-29 23:52:17,False,,bajo,True
2026-08-31 10:04:23,2654,2026-08-31 09:40:24,0,2026-08-31 09:40:24,False,,bajo,True
2026-08-31 10:04:23,2665,2026-08-27 14:43:29,0,2026-08-27 14:43:29,False,,bajo,True
2026-08-31 10:04:23,2668,2026-08-30 23:49:01,0,2026-08-30 23:49:01,False,,bajo,False
2026-08-31 10:04:23,2678,2026-08-31 10:02:18,0,2026-08-31 10:02:18,False,,bajo,True
2026-08-31 10:04:23,2693,2026-08-31 06:34:15,0,2026-08-31 06:34:15,False,,bajo,True
2026-08-31 10:04:23,2701,2026-08-31 09:59:46,0,2026-08-31 09:59:46,False,,bajo,True
2026-08-31 10:04:23,2706,2026-08-30 15:20:14,0,2026-08-30 15:20:14,False,,alto,False
2026-08-31 10:04:23,2718,2026-08-30 21:13:14,0,2026-08-30 21:13:14,False,,bajo,False
2026-08-31 10:04:23,2722,2026-08-31 10:01:35,0,2026-08-31 10:01:35,False,,alto,False
2026-08-31 10:04:23,2724,2026-08-30 15:42:59,0,2026-08-30 15:42:59,False,,bajo,False
2026-08-31 10:04:23,2726,2025-03-13 16:03:26,0,2025-03-13 16:03:26,False,,bajo,False
2026-08-31 10:04:23,2730,2026-08-31 06:01:31,0,2026-08-31 06:01:31,False,,alto,True
2026-08-31 10:04:23,2743,2026-08-30 07:16:55,0,2026-08-30 07:16:55,False,,bajo,True
2026-08-31 10:04:23,2744,2026-08-31 07:18:46,0,2026-08-31 07:18:46,False,,bajo,True
2026-08-31 10:04:23,2751,2026-08-30 04:18:54,0,2026-08-30 04:18:54,False,,bajo,False
2026-08-31 10:04:23,2754,2026-08-31 10:02:40,0,2026-08-31 10:02:40,False,,bajo,True
2026-08-31 10:04:23,2760,2026-08-31 10:00:28,0,2026-08-31 10:00:28,False,,alto,True
2026-08-31 10:04:23,2768,2026-08-30 22:07:05,0,2026-08-30 22:07:05,False,,bajo,True
2026-08-31 10:04:23,2770,2026-08-31 10:03:30,0,2026-08-31 10:03:30,False,,alto,True
2026-08-31 10:04:23,2773,2026-08-30 02:45:24,0,2026-08-30 02:45:24,False,,alto,True
2026-08-31 10:04:23,2777,2025-03-13 16:03:26,0,2025-03-13 16:03:26,False,,bajo,False
2026-08-31 10:04:23,2780,2026-08-29 19:02:24,0,2026-08-29 19:02:24,False,,bajo,False
2026-08-31 10:04:23,2781,2026-08-31 08:42:44,0,2026-08-28 18:10:09,True,2026-08-31 08:42:44,bajo,False
2026-08-31 10:04:23,2790,2026-08-30 13:47:56,0,2026-08-30 13:47:56,False,,bajo,True
2026-08-31 10:04:23,2791,2026-08-15 17:43:40,0,2026-08-15 17:43:40,False,,bajo,True
2026-08-31 10:04:23,2796,2026-08-31 09:59:31,0,2026-08-31 09:59:31,False,,bajo,False
2026-08-31 10:04:23,2803,2026-08-31 08:42:56,0,2026-08-31 08:42:56,False,,bajo,True
2026-08-31 10:04:23,2807,2026-08-31 08:27:23,0,2026-08-29 15:39:47,True,2026-08-31 08:27:23,bajo,False
2026-08-31 10:04:23,2808,2026-08-31 10:02:58,0,2026-08-31 10:02:58,False,,bajo,True
2026-08-31 10:04:23,2810,2026-08-31 09:59:16,0,2026-08-31 09:59:16,False,,bajo,True
2026-08-31 10:04:23,2830,2026-08-30 14:51:41,0,2026-08-30 14:51:41,False,,bajo,False
2026-08-31 10:04:23,2858,2026-08-31 09:28:48,0,2026-08-31 09:28:48,False,,bajo,True
2026-08-31 10:04:23,2904,2026-08-30 11:40:15,0,2026-08-30 11:40:15,False,,bajo,False
2026-08-31 10:04:23,2922,2026-08-31 10:03:40,0,2026-08-31 10:03:40,False,,bajo,True
2026-08-31 10:04:23,2926,2026-08-31 08:38:56,0,2026-08-31 08:38:56,False,,bajo,True
2026-08-31 10:04:23,2929,2026-08-31 10:02:15,0,2026-08-31 10:02:15,False,,alto,True
2026-08-31 10:04:23,2935,2026-08-31 10:02:50,0,2026-08-31 10:02:50,False,,bajo,True
2026-08-31 10:04:23,2937,2026-08-31 09:57:57,0,2026-08-31 09:57:57,False,,bajo,True
2026-08-31 10:04:23,2961,2026-02-27 08:12:26,0,2026-02-27 08:12:26,False,,bajo,False
2026-08-31 10:04:23,2971,2026-08-31 10:02:40,0,2026-08-31 10:02:40,False,,bajo,True
2026-08-31 10:04:23,2972,2026-08-31 10:01:12,0,2026-08-31 10:01:12,False,,bajo,True
2026-08-31 10:04:23,2973,2026-08-30 16:41:25,0,2026-08-30 16:41:25,False,,bajo,False
2026-08-31 10:04:23,2975,2026-08-31 10:02:50,0,2026-08-31 10:02:50,False,,bajo,True
2026-08-31 10:04:23,2978,2026-08-31 09:37:38,0,2026-08-31 09:37:38,False,,bajo,True
2026-08-31 10:04:23,2983,2026-08-31 05:04:31,0,2026-08-31 05:04:31,False,,bajo,True
2026-08-31 10:04:23,2984,2026-08-30 02:38:46,0,2026-08-30 02:38:46,False,,bajo,False
2026-08-31 10:04:23,2985,2026-08-30 09:48:09,0,2026-08-30 09:48:09,False,,bajo,False
2026-08-31 10:04:23,2986,2026-08-30 16:20:09,0,2026-08-30 16:20:09,False,,bajo,False
2026-08-31 10:04:23,2987,2026-08-31 09:53:41,0,2026-08-31 09:53:41,False,,bajo,True
2026-08-31 10:04:23,2988,2026-08-31 10:03:17,0,2026-08-31 10:03:17,True,2026-08-31 08:23:55,bajo,True
2026-08-31 10:04:23,2993,2026-08-31 10:01:10,0,2026-08-31 10:01:10,False,,bajo,True
2026-08-31 10:04:23,2994,2026-08-31 10:01:09,0,2026-08-31 10:01:09,False,,bajo,True
2026-08-31 10:04:23,2996,2026-08-31 09:47:26,0,2026-08-31 09:47:26,False,,bajo,True
2026-08-31 10:04:23,2998,2026-08-31 10:02:38,0,2026-08-31 10:02:38,False,,bajo,True
2026-08-31 10:04:23,3002,2026-08-31 10:02:12,0,2026-08-31 10:02:12,False,,bajo,True
2026-08-31 10:04:23,3009,2026-08-31 10:03:13,0,2026-08-31 10:03:13,False,,bajo,True
2026-08-31 10:04:23,3010,2026-08-31 10:02:31,0,2026-08-31 10:02:31,False,,bajo,True
2026-08-31 10:04:23,3011,2026-08-31 09:57:49,0,2026-08-31 09:57:49,False,,bajo,True
2026-08-31 10:04:23,3013,2026-08-31 10:03:19,0,2026-08-31 10:03:19,False,,bajo,True
2026-08-31 10:04:23,3020,2026-08-31 10:02:55,0,2026-08-31 10:02:55,False,,bajo,False
2026-08-31 10:04:23,3022,2026-08-28 18:58:45,0,2026-08-28 18:58:45,False,,bajo,True
2026-08-31 10:04:23,3024,2026-08-31 10:00:56,0,2026-08-31 10:00:56,False,,bajo,True
2026-08-31 10:04:23,3026,2026-08-30 20:08:41,0,2026-08-30 20:08:41,False,,bajo,False
2026-08-31 10:04:23,3027,2026-08-30 17:56:22,0,2026-08-30 17:56:22,False,,bajo,True
2026-08-31 10:04:23,3029,2026-08-31 05:00:01,0,2026-08-31 05:00:01,False,,bajo,True
2026-08-31 10:04:23,3036,2025-03-13 16:18:25,0,2025-03-13 16:18:25,False,,bajo,False
2026-08-31 10:04:23,3039,2026-08-31 09:43:53,0,2026-08-31 09:43:53,False,,bajo,False
2026-08-31 10:04:23,3060,2026-08-31 05:00:02,0,2026-08-31 05:00:02,False,,bajo,True
2026-08-31 10:04:23,3064,2026-08-31 10:02:41,0,2026-08-31 10:02:41,False,,bajo,True
2026-08-31 10:04:23,3065,2026-08-31 09:46:31,0,2026-08-31 09:46:31,False,,bajo,True
2026-08-31 10:04:23,3074,2026-08-30 23:16:45,0,2026-08-30 23:16:45,False,,bajo,True
2026-08-31 10:04:23,3076,2026-08-31 10:03:04,0,2026-08-31 10:03:04,False,,bajo,False
2026-08-31 10:04:23,3079,2026-08-31 10:01:56,0,2026-08-31 10:01:56,False,,bajo,True
2026-08-31 10:04:23,3084,2026-08-31 10:02:07,0,2026-08-31 10:02:07,False,,bajo,False
2026-08-31 10:04:23,3086,2026-08-31 10:03:24,0,2026-08-31 10:03:24,True,2026-08-31 07:58:37,alto,False
2026-08-31 10:04:23,3087,2026-08-29 06:57:29,0,2026-08-29 06:57:29,False,,alto,False
2026-08-31 10:04:23,3099,2026-08-31 09:14:05,0,2026-08-31 09:14:05,False,,bajo,True
2026-08-31 10:04:23,3101,2026-08-30 16:51:41,0,2026-08-30 16:51:41,False,,bajo,False
2026-08-31 10:04:23,3117,2026-08-30 19:55:20,0,2026-08-30 19:55:20,False,,bajo,True
2026-08-31 10:04:23,3121,2026-08-31 10:03:39,0,2026-08-31 10:03:39,False,,bajo,True
2026-08-31 10:04:23,3132,2026-08-31 10:03:17,0,2026-08-31 10:03:17,False,,bajo,True
2026-08-31 10:04:23,3138,2026-08-30 21:12:16,0,2026-08-30 21:12:16,False,,bajo,True
2026-08-31 10:04:23,3141,2026-08-30 20:21:28,0,2026-08-30 20:21:28,False,,bajo,False
2026-08-31 10:04:23,3144,2026-08-31 10:02:15,0,2026-08-31 10:02:15,False,,bajo,True
2026-08-31 10:04:23,3145,2026-08-31 04:30:35,0,2026-08-31 04:30:35,False,,bajo,True
2026-08-31 10:04:23,3146,2026-08-30 16:40:05,0,2026-08-30 16:40:05,False,,bajo,True
2026-08-31 10:04:23,3151,2026-08-28 21:02:50,0,2026-08-28 21:02:50,False,,alto,False
2026-08-31 10:04:23,3154,2026-08-30 10:50:35,0,2026-08-30 10:50:35,False,,bajo,False
2026-08-31 10:04:23,3155,2026-08-31 10:03:20,0,2026-08-31 10:03:20,False,,bajo,True
2026-08-31 10:04:23,3159,2026-08-31 09:46:56,0,2026-08-31 08:18:22,True,2026-08-31 09:46:56,bajo,True
2026-08-31 10:04:23,3160,2026-08-29 17:00:23,0,2026-08-29 17:00:23,False,,bajo,False
2026-08-31 10:04:23,3161,2026-08-30 14:56:56,0,2026-08-30 14:56:56,False,,bajo,False
2026-08-31 10:04:23,3162,2026-08-31 10:03:49,0,2026-08-31 10:03:49,False,,bajo,True
2026-08-31 10:04:23,3169,2026-08-31 09:16:16,0,2026-08-31 09:16:16,False,,bajo,False
2026-08-31 10:04:23,3172,2026-08-31 09:58:17,0,2026-08-31 09:58:17,False,,bajo,True
2026-08-31 10:04:23,3178,2026-08-31 08:06:37,0,2026-08-31 08:06:37,False,,bajo,True
2026-08-31 10:04:23,3184,2026-08-31 10:01:39,0,2026-08-31 10:01:39,False,,bajo,False
2026-08-31 10:04:23,3185,2026-08-31 10:02:44,0,2026-08-31 10:02:44,False,,bajo,True
2026-08-31 10:04:23,3186,2026-08-29 17:56:13,0,2026-08-29 17:56:13,False,,bajo,False
2026-08-31 10:04:23,3187,2026-08-23 09:50:03,0,2026-08-23 09:50:03,False,,bajo,True
2026-08-31 10:04:23,3191,2026-08-31 10:03:17,0,2026-08-31 10:03:17,False,,medio,True
2026-08-31 10:04:23,3199,2026-08-26 11:15:03,0,2026-08-26 11:15:03,False,,bajo,True
2026-08-31 10:04:23,3202,2026-08-31 10:00:25,0,2026-08-31 10:00:25,False,,bajo,True
2026-08-31 10:04:23,3203,2026-08-31 09:46:56,0,2026-08-30 13:21:04,True,2026-08-31 09:46:56,bajo,False
2026-08-31 10:04:23,3204,2026-08-31 10:03:21,0,2026-08-31 10:03:21,True,2026-08-31 09:01:47,bajo,True
2026-08-31 10:04:23,3207,2026-08-31 09:58:03,0,2026-08-31 09:58:03,False,,bajo,True
2026-08-31 10:04:23,3208,2026-08-31 09:59:46,0,2026-08-31 09:59:46,False,,bajo,False
2026-08-31 10:04:23,3216,2026-08-31 10:03:40,0,2026-08-31 10:03:40,False,,medio,False
2026-08-31 10:04:23,3222,2026-08-30 19:38:34,0,2026-08-30 19:38:34,False,,bajo,False
2026-08-31 10:04:23,3224,2026-08-27 18:03:31,0,2026-08-27 18:03:31,False,,bajo,True
2026-08-31 10:04:23,3225,2026-08-31 10:03:01,0,2026-08-31 10:03:01,False,,alto,False
2026-08-31 10:04:23,3227,2026-08-30 10:28:21,0,2026-08-30 10:28:21,False,,bajo,True
2026-08-31 10:04:23,3232,2026-08-31 10:03:03,0,2026-08-31 10:03:03,False,,bajo,True
2026-08-31 10:04:23,3239,2026-08-29 17:48:17,0,2026-08-29 17:48:17,False,,bajo,False
2026-08-31 10:04:23,3242,2026-08-31 10:03:34,0,2026-08-31 10:03:34,False,,bajo,True
2026-08-31 10:04:23,3243,2026-08-30 06:12:09,0,2026-08-30 06:12:09,False,,bajo,True
2026-08-31 10:04:23,3244,2026-08-31 10:02:05,0,2026-08-31 10:02:05,False,,bajo,True
2026-08-31 10:04:23,3253,2026-08-31 10:00:57,0,2026-08-31 10:00:57,False,,bajo,True
2026-08-31 10:04:23,3259,2026-08-31 10:01:46,0,2026-08-31 10:01:46,False,,medio,True
2026-08-31 10:04:23,3264,2026-08-31 09:48:37,0,2026-08-31 09:48:37,False,,bajo,True
2026-08-31 10:04:23,3266,2026-08-30 06:59:42,0,2026-08-30 06:59:42,False,,bajo,True
2026-08-31 10:04:23,4018,2026-08-29 10:05:28,0,2026-08-29 10:05:28,False,,bajo,False
2026-08-31 10:04:23,4024,2026-08-30 22:15:36,0,2026-08-30 22:15:36,False,,bajo,False
2026-08-31 10:04:23,1724,2026-08-30 11:25:39,1,2026-08-30 11:25:39,False,,bajo,False
2026-08-31 10:04:23,1744,2026-08-30 07:46:11,1,2026-08-30 07:46:11,False,,bajo,False
2026-08-31 10:04:23,1766,2026-06-03 03:27:01,1,2026-06-03 03:27:01,False,,bajo,False
2026-08-31 10:04:23,1784,2026-06-03 03:29:57,1,2026-06-03 03:29:57,False,,bajo,False
2026-08-31 10:04:23,1805,2026-06-03 08:20:37,1,2026-06-03 08:20:37,False,,bajo,False
2026-08-31 10:04:23,1806,2026-08-30 17:12:35,1,2026-08-30 17:12:35,False,,bajo,False
2026-08-31 10:04:23,1824,2026-06-03 08:35:59,1,2026-06-03 08:35:59,False,,bajo,False
2026-08-31 10:04:23,1844,2026-08-30 15:34:33,1,2026-08-30 15:34:33,False,,bajo,False
2026-08-31 10:04:23,1845,2026-06-03 08:35:31,1,2026-06-03 08:35:31,False,,bajo,False
2026-08-31 10:04:23,1846,2026-08-30 08:28:27,1,2026-08-30 08:28:27,False,,bajo,False
2026-08-31 10:04:23,1887,2026-08-30 22:51:33,1,2026-08-30 22:51:33,False,,bajo,True
2026-08-31 10:04:23,1924,2026-08-30 10:30:54,1,2026-08-30 10:30:54,False,,bajo,False
2026-08-31 10:04:23,1926,2026-08-31 09:25:01,1,2026-08-31 09:11:28,True,2026-08-31 09:25:01,bajo,False
2026-08-31 10:04:23,1927,2026-08-31 09:04:29,1,2026-08-29 18:36:44,True,2026-08-31 09:04:29,bajo,False
2026-08-31 10:04:23,1928,2026-08-30 19:46:49,1,2026-08-30 19:46:49,False,,bajo,False
2026-08-31 10:04:23,1945,2026-08-31 07:53:06,1,2026-08-29 20:08:47,True,2026-08-31 07:53:06,bajo,False
2026-08-31 10:04:23,1964,2026-08-31 07:39:22,1,2026-08-31 07:39:22,False,,alto,False
2026-08-31 10:04:23,1965,2026-08-30 16:17:20,1,2026-08-30 16:17:20,False,,bajo,False
2026-08-31 10:04:23,1984,2026-08-30 21:25:37,1,2026-08-30 21:25:37,False,,bajo,False
2026-08-31 10:04:23,2190,2026-08-30 16:38:18,1,2026-08-30 16:38:18,False,,bajo,False
2026-08-31 10:04:23,2192,2026-08-29 18:32:01,1,2026-08-29 18:32:01,False,,bajo,False
2026-08-31 10:04:23,2193,2026-08-29 04:24:18,1,2026-08-29 04:24:18,False,,bajo,False
2026-08-31 10:04:23,2204,2026-08-31 09:50:41,1,2026-08-31 09:50:41,True,2026-08-31 07:47:32,bajo,False
2026-08-31 10:04:23,2205,2026-08-29 18:41:19,1,2026-08-29 18:41:19,False,,bajo,False
2026-08-31 10:04:23,2207,2026-08-31 09:52:12,1,2026-08-31 09:52:12,True,2026-08-31 06:57:21,bajo,False
2026-08-31 10:04:23,2208,2026-08-31 10:02:40,1,2026-08-31 10:02:40,True,2026-08-31 07:12:17,bajo,False
2026-08-31 10:04:23,2224,2026-08-31 10:01:49,1,2026-08-31 10:01:49,False,,bajo,False
2026-08-31 10:04:23,2225,2026-08-31 03:33:26,1,2026-08-31 03:33:26,False,,bajo,False
2026-08-31 10:04:23,2227,2026-08-31 10:03:48,1,2026-08-31 10:03:48,True,2026-08-31 06:53:38,bajo,False
2026-08-31 10:04:23,2230,2026-08-30 17:25:56,1,2026-08-30 17:25:56,False,,bajo,False
2026-08-31 10:04:23,2250,2026-08-30 05:50:25,1,2026-08-30 05:50:25,False,,bajo,True
2026-08-31 10:04:23,2264,2026-08-30 22:34:23,1,2026-08-30 22:34:23,False,,bajo,True
2026-08-31 10:04:23,2268,2026-08-31 04:51:35,1,2026-08-31 04:51:35,False,,bajo,False
2026-08-31 10:04:23,2284,2026-08-29 23:43:14,1,2026-08-29 23:43:14,False,,bajo,True
2026-08-31 10:04:23,2317,2026-08-30 09:13:25,1,2026-08-30 09:13:25,False,,bajo,False
2026-08-31 10:04:23,2326,2026-08-30 00:23:18,1,2026-08-30 00:23:18,False,,bajo,False
2026-08-31 10:04:23,2327,2026-08-29 20:00:47,1,2026-08-29 20:00:47,False,,bajo,False
2026-08-31 10:04:23,2330,2026-08-30 10:34:41,1,2026-08-30 10:34:41,False,,bajo,False
2026-08-31 10:04:23,2335,2026-08-31 09:57:31,1,2026-08-31 09:57:31,True,2026-08-31 08:00:44,bajo,False
2026-08-31 10:04:23,2391,2026-08-29 15:07:39,1,2026-08-29 15:07:39,False,,bajo,False
2026-08-31 10:04:23,2404,2026-08-29 00:14:01,1,2026-08-29 00:14:01,False,,bajo,False
2026-08-31 10:04:23,2415,2026-08-31 10:02:50,1,2026-08-31 10:02:50,False,,bajo,False
2026-08-31 10:04:23,2424,2025-03-13 16:03:26,1,2025-03-13 16:03:26,False,,bajo,False
2026-08-31 10:04:23,2446,2026-08-30 11:32:53,1,2026-08-30 11:32:53,False,,bajo,False
2026-08-31 10:04:23,2459,2026-08-30 13:59:23,1,2026-08-30 13:59:23,False,,bajo,False
2026-08-31 10:04:23,2464,2026-08-31 09:58:20,1,2026-08-31 09:58:20,True,2026-08-31 06:59:05,bajo,False
2026-08-31 10:04:23,2465,2026-08-31 08:28:57,1,2026-08-31 08:28:57,False,,bajo,False
2026-08-31 10:04:23,2466,2026-08-29 22:28:25,1,2026-08-29 22:28:25,False,,bajo,False
2026-08-31 10:04:23,2468,2026-08-30 02:36:14,1,2026-08-30 02:36:14,False,,bajo,True
2026-08-31 10:04:23,2471,2026-08-31 09:41:58,1,2026-08-30 07:48:04,True,2026-08-31 09:41:58,bajo,False
2026-08-31 10:04:23,2475,2026-08-30 08:54:25,1,2026-08-30 08:54:25,False,,bajo,False
2026-08-31 10:04:23,2476,2026-08-31 08:55:05,1,2026-08-31 08:55:05,False,,bajo,False
2026-08-31 10:04:23,2482,2026-08-31 10:01:55,1,2026-08-31 10:01:55,True,2026-08-31 08:54:09,medio,True
2026-08-31 10:04:23,2484,2026-08-29 10:43:40,1,2026-08-29 10:43:40,False,,bajo,False
2026-08-31 10:04:23,2485,2026-08-30 13:06:46,1,2026-08-30 13:06:46,False,,bajo,True
2026-08-31 10:04:23,2492,2026-08-29 16:32:37,1,2026-08-29 16:32:37,False,,bajo,False
2026-08-31 10:04:23,2516,2026-08-31 08:46:08,1,2026-08-31 08:46:08,False,,bajo,False
2026-08-31 10:04:23,2519,2026-08-30 01:21:21,1,2026-08-30 01:21:21,False,,bajo,False
2026-08-31 10:04:23,2565,2026-08-30 09:02:50,1,2026-08-30 09:02:50,False,,bajo,False
2026-08-31 10:04:23,2567,2026-08-31 08:29:48,1,2026-08-31 08:29:48,False,,bajo,False
2026-08-31 10:04:23,2575,2026-08-31 08:48:11,1,2026-08-30 10:38:00,True,2026-08-31 08:48:11,bajo,False
2026-08-31 10:04:23,2582,2026-08-31 10:00:08,1,2026-08-31 10:00:08,True,2026-08-31 08:45:30,bajo,False
2026-08-31 10:04:23,2590,2026-08-29 16:20:33,1,2026-08-29 16:20:33,False,,bajo,False
2026-08-31 10:04:23,2592,2026-08-30 02:01:07,1,2026-08-30 02:01:07,False,,bajo,True
2026-08-31 10:04:23,2593,2026-08-29 22:00:00,1,2026-08-29 22:00:00,False,,bajo,False
2026-08-31 10:04:23,2654,2026-08-31 10:01:51,1,2026-08-31 10:01:51,False,,bajo,True
2026-08-31 10:04:23,2665,2026-08-31 10:01:08,1,2026-08-31 10:01:08,False,,bajo,False
2026-08-31 10:04:23,2668,2026-08-29 17:49:19,1,2026-08-29 17:49:19,False,,bajo,False
2026-08-31 10:04:23,2678,2026-08-29 21:46:37,1,2026-08-29 21:46:37,False,,bajo,False
2026-08-31 10:04:23,2693,2026-08-30 10:28:17,1,2026-08-30 10:28:17,False,,bajo,False
2026-08-31 10:04:23,2701,2026-08-31 09:29:57,1,2026-08-29 18:41:50,True,2026-08-31 09:29:57,bajo,False
2026-08-31 10:04:23,2706,2026-08-29 19:06:51,1,2026-08-29 19:06:51,False,,bajo,False
2026-08-31 10:04:23,2718,2026-08-30 18:24:09,1,2026-08-30 18:24:09,False,,bajo,False
2026-08-31 10:04:23,2722,2026-08-30 08:33:22,1,2026-08-30 08:33:22,False,,alto,False
2026-08-31 10:04:23,2724,2026-08-31 09:54:54,1,2026-08-31 09:54:54,False,,alto,False
2026-08-31 10:04:23,2726,2025-03-13 16:03:26,1,2025-03-13 16:03:26,False,,bajo,False
2026-08-31 10:04:23,2730,2026-06-03 08:24:07,1,2026-06-03 08:24:07,False,,bajo,False
2026-08-31 10:04:23,2743,2026-08-31 09:56:54,1,2026-08-31 09:56:54,True,2026-08-31 07:35:08,bajo,True
2026-08-31 10:04:23,2744,2026-08-29 22:49:12,1,2026-08-29 22:49:12,False,,bajo,False
2026-08-31 10:04:23,2751,2026-08-30 08:21:14,1,2026-08-30 08:21:14,False,,bajo,False
2026-08-31 10:04:23,2754,2026-06-03 08:25:11,1,2026-06-03 08:25:11,False,,bajo,False
2026-08-31 10:04:23,2768,2026-06-03 08:23:19,1,2026-06-03 08:23:19,False,,bajo,False
2026-08-31 10:04:23,2770,2025-03-13 16:03:26,1,2025-03-13 16:03:26,False,,bajo,False
2026-08-31 10:04:23,2773,2026-08-31 07:35:08,1,2026-08-30 03:36:56,True,2026-08-31 07:35:08,alto,True
2026-08-31 10:04:23,2777,2025-03-13 16:03:26,1,2025-03-13 16:03:26,False,,bajo,False
2026-08-31 10:04:23,2780,2026-08-30 07:08:54,1,2026-08-30 07:08:54,False,,bajo,False
2026-08-31 10:04:23,2781,2026-08-30 04:18:59,1,2026-08-30 04:18:59,False,,bajo,False
2026-08-31 10:04:23,2790,2026-08-30 08:00:01,1,2026-08-30 08:00:01,False,,bajo,False
2026-08-31 10:04:23,2791,2026-08-15 17:39:44,1,2026-08-15 17:39:44,False,,bajo,False
2026-08-31 10:04:23,2796,2026-08-30 21:58:09,1,2026-08-30 21:58:09,False,,bajo,False
2026-08-31 10:04:23,2803,2026-08-31 10:04:05,1,2026-08-31 10:04:05,False,,bajo,False
2026-08-31 10:04:23,2807,2026-08-30 15:17:34,1,2026-08-30 15:17:34,False,,bajo,False
2026-08-31 10:04:23,2808,2026-08-29 19:52:48,1,2026-08-29 19:52:48,False,,bajo,False
2026-08-31 10:04:23,2810,2026-08-31 09:12:43,1,2026-08-31 09:12:43,False,,bajo,True
2026-08-31 10:04:23,2830,2026-08-30 20:49:40,1,2026-08-30 20:49:40,False,,bajo,False
2026-08-31 10:04:23,2858,2026-08-31 10:00:23,1,2026-08-31 10:00:23,False,,alto,False
2026-08-31 10:04:23,2904,2026-08-29 20:02:43,1,2026-08-29 20:02:43,False,,bajo,False
2026-08-31 10:04:23,2922,2026-06-03 07:54:30,1,2026-06-03 07:54:30,False,,bajo,False
2026-08-31 10:04:23,2926,2026-08-31 08:42:25,1,2026-08-31 08:42:25,False,,bajo,False
2026-08-31 10:04:23,2929,2026-08-29 08:19:14,1,2026-08-29 08:19:14,False,,alto,False
2026-08-31 10:04:23,2935,2026-08-31 08:49:47,1,2026-08-30 10:59:04,True,2026-08-31 08:49:47,bajo,False
2026-08-31 10:04:23,2937,2026-08-31 09:40:21,1,2026-08-31 09:40:21,False,,bajo,False
2026-08-31 10:04:23,2961,2026-02-27 08:12:26,1,2026-02-27 08:12:26,False,,bajo,False
2026-08-31 10:04:23,2971,2026-08-30 21:57:55,1,2026-08-30 21:57:55,False,,bajo,False
2026-08-31 10:04:23,2972,2026-08-28 21:20:18,1,2026-08-28 21:20:18,False,,bajo,False
2026-08-31 10:04:23,2973,2026-08-30 17:15:15,1,2026-08-30 17:15:15,False,,bajo,False
2026-08-31 10:04:23,2975,2026-08-29 14:17:13,1,2026-08-29 14:17:13,False,,bajo,False
2026-08-31 10:04:23,2978,2026-08-31 09:48:34,1,2026-08-31 09:48:34,False,,bajo,True
2026-08-31 10:04:23,2983,2026-08-31 10:03:26,1,2026-08-31 10:03:26,False,,bajo,False
2026-08-31 10:04:23,2984,2026-08-30 14:22:19,1,2026-08-30 14:22:19,False,,bajo,False
2026-08-31 10:04:23,2985,2026-08-30 12:05:51,1,2026-08-30 12:05:51,False,,bajo,False
2026-08-31 10:04:23,2986,2026-08-29 17:40:41,1,2026-08-29 17:40:41,False,,bajo,False
2026-08-31 10:04:23,2987,2026-08-29 13:12:47,1,2026-08-29 13:12:47,False,,bajo,False
2026-08-31 10:04:23,2988,2026-08-31 07:05:54,1,2026-08-31 07:05:54,False,,bajo,False
2026-08-31 10:04:23,2993,2026-08-30 06:49:11,1,2026-08-30 06:49:11,False,,bajo,False
2026-08-31 10:04:23,2994,2026-08-30 10:57:10,1,2026-08-30 10:57:10,False,,bajo,False
2026-08-31 10:04:23,2996,2026-08-30 18:50:42,1,2026-08-30 18:50:42,False,,bajo,False
2026-08-31 10:04:23,2998,2026-08-31 10:00:43,1,2026-08-31 10:00:43,False,,bajo,True
2026-08-31 10:04:23,3002,2026-08-29 10:56:08,1,2026-08-29 10:56:08,False,,bajo,False
2026-08-31 10:04:23,3009,2026-08-30 13:05:39,1,2026-08-30 13:05:39,False,,bajo,False
2026-08-31 10:04:23,3010,2026-08-31 06:50:21,1,2026-08-31 06:50:21,False,,bajo,False
2026-08-31 10:04:23,3011,2026-08-29 22:02:45,1,2026-08-29 22:02:45,False,,bajo,False
2026-08-31 10:04:23,3013,2026-08-30 23:29:28,1,2026-08-30 23:29:28,False,,bajo,False
2026-08-31 10:04:23,3020,2026-08-31 10:02:00,1,2026-08-31 10:02:00,False,,bajo,False
2026-08-31 10:04:23,3022,2026-08-30 21:12:06,1,2026-08-30 21:12:06,False,,medio,False
2026-08-31 10:04:23,3024,2026-08-30 07:27:51,1,2026-08-30 07:27:51,False,,bajo,False
2026-08-31 10:04:23,3026,2026-08-30 17:48:58,1,2026-08-30 17:48:58,False,,bajo,False
2026-08-31 10:04:23,3027,2026-08-30 07:44:16,1,2026-08-30 07:44:16,False,,bajo,False
2026-08-31 10:04:23,3029,2026-08-29 22:19:56,1,2026-08-29 22:19:56,False,,bajo,False
2026-08-31 10:04:23,3036,2025-03-13 16:18:25,1,2025-03-13 16:18:25,False,,bajo,False
2026-08-31 10:04:23,3039,2026-08-30 11:08:40,1,2026-08-30 11:08:40,False,,medio,False
2026-08-31 10:04:23,3060,2026-08-30 00:34:57,1,2026-08-30 00:34:57,False,,bajo,False
2026-08-31 10:04:23,3064,2026-08-31 09:13:30,1,2026-08-31 09:13:30,False,,bajo,True
2026-08-31 10:04:23,3065,2026-06-03 06:29:32,1,2026-06-03 06:29:32,False,,bajo,False
2026-08-31 10:04:23,3074,2026-08-31 01:39:20,1,2026-08-31 01:39:20,False,,bajo,False
2026-08-31 10:04:23,3076,2026-08-30 18:51:09,1,2026-08-30 18:51:09,False,,bajo,False
2026-08-31 10:04:23,3079,2026-08-31 07:45:08,1,2026-08-31 07:45:08,False,,bajo,False
2026-08-31 10:04:23,3084,2026-08-31 10:00:26,1,2026-08-31 10:00:26,False,,bajo,False
2026-08-31 10:04:23,3086,2026-08-31 08:57:33,1,2026-08-31 08:57:33,False,,bajo,False
2026-08-31 10:04:23,3087,2026-08-30 01:49:59,1,2026-08-30 01:49:59,False,,bajo,False
2026-08-31 10:04:23,3099,2026-08-31 09:24:05,1,2026-08-31 09:24:05,True,2026-08-31 08:33:59,alto,False
2026-08-31 10:04:23,3101,2026-08-29 11:49:42,1,2026-08-29 11:49:42,False,,bajo,False
2026-08-31 10:04:23,3117,2026-08-30 07:19:20,1,2026-08-30 07:19:20,False,,bajo,False
2026-08-31 10:04:23,3121,2026-08-30 12:59:41,1,2026-08-30 12:59:41,False,,bajo,False
2026-08-31 10:04:23,3132,2026-08-30 23:24:46,1,2026-08-30 23:24:46,False,,bajo,False
2026-08-31 10:04:23,3138,2026-08-30 09:30:11,1,2026-08-30 09:30:11,False,,bajo,False
2026-08-31 10:04:23,3141,2026-08-30 16:22:47,1,2026-08-30 16:22:47,False,,bajo,False
2026-08-31 10:04:23,3144,2026-08-31 09:56:14,1,2026-08-31 09:56:14,False,,bajo,False
2026-08-31 10:04:23,3145,2026-08-30 12:22:54,1,2026-08-30 12:22:54,False,,bajo,False
2026-08-31 10:04:23,3146,2026-08-30 22:01:09,1,2026-08-30 22:01:09,False,,bajo,False
2026-08-31 10:04:23,3151,2026-08-30 18:27:21,1,2026-08-30 18:27:21,False,,medio,False
2026-08-31 10:04:23,3154,2026-08-30 01:12:29,1,2026-08-30 01:12:29,False,,bajo,False
2026-08-31 10:04:23,3155,2026-08-31 10:03:56,1,2026-08-31 10:03:56,True,2026-08-31 08:59:02,bajo,False
2026-08-31 10:04:23,3159,2026-08-29 20:14:26,1,2026-08-29 20:14:26,False,,bajo,False
2026-08-31 10:04:23,3160,2026-08-30 15:54:29,1,2026-08-30 15:54:29,False,,bajo,False
2026-08-31 10:04:23,3161,2026-08-30 14:49:36,1,2026-08-30 14:49:36,False,,bajo,False
2026-08-31 10:04:23,3162,2026-06-03 06:14:04,1,2026-06-03 06:14:04,False,,bajo,False
2026-08-31 10:04:23,3169,2026-08-31 10:01:41,1,2026-08-31 10:01:41,False,,bajo,False
2026-08-31 10:04:23,3172,2026-08-31 09:16:01,1,2026-08-29 01:00:38,True,2026-08-31 09:16:01,bajo,False
2026-08-31 10:04:23,3178,2026-08-30 17:08:31,1,2026-08-30 17:08:31,False,,bajo,True
2026-08-31 10:04:23,3184,2026-08-30 21:40:26,1,2026-08-30 21:40:26,False,,bajo,False
2026-08-31 10:04:23,3185,2026-08-31 06:21:44,1,2026-08-31 06:21:44,False,,alto,False
2026-08-31 10:04:23,3187,2026-08-29 20:33:32,1,2026-08-29 20:33:32,False,,bajo,False
2026-08-31 10:04:23,3191,2026-08-31 10:03:14,1,2026-08-31 10:03:14,False,,bajo,True
2026-08-31 10:04:23,3199,2026-08-29 21:15:01,1,2026-08-29 21:15:01,False,,bajo,True
2026-08-31 10:04:23,3202,2026-08-29 01:48:19,1,2026-08-29 01:48:19,False,,bajo,False
2026-08-31 10:04:23,3203,2026-08-29 21:10:58,1,2026-08-29 21:10:58,False,,bajo,False
2026-08-31 10:04:23,3204,2026-08-29 21:09:05,1,2026-08-29 21:09:05,False,,bajo,False
2026-08-31 10:04:23,3207,2026-08-31 09:47:50,1,2026-08-31 09:47:50,False,,bajo,False
2026-08-31 10:04:23,3208,2026-08-30 15:39:26,1,2026-08-30 15:39:26,False,,bajo,True
2026-08-31 10:04:23,3216,2026-08-30 11:24:53,1,2026-08-30 11:24:53,False,,medio,True
2026-08-31 10:04:23,3222,2026-08-29 20:58:02,1,2026-08-29 20:58:02,False,,bajo,False
2026-08-31 10:04:23,3224,2026-08-27 18:03:51,1,2026-08-27 18:03:51,False,,bajo,True
2026-08-31 10:04:23,3225,2026-08-31 09:59:32,1,2026-08-31 09:59:32,False,,medio,False
2026-08-31 10:04:23,3227,2026-08-27 18:21:53,1,2026-08-27 18:21:53,False,,bajo,False
2026-08-31 10:04:23,3232,2026-08-31 09:40:27,1,2026-08-31 09:40:27,False,,bajo,True
2026-08-31 10:04:23,3239,2026-08-30 16:16:13,1,2026-08-30 16:16:13,False,,bajo,False
2026-08-31 10:04:23,3242,2026-08-30 11:06:35,1,2026-08-30 11:06:35,False,,bajo,False
2026-08-31 10:04:23,3243,2026-08-30 06:08:19,1,2026-08-30 06:08:19,False,,bajo,False
2026-08-31 10:04:23,3244,2026-08-31 09:59:33,1,2026-08-31 09:59:33,False,,bajo,False
2026-08-31 10:04:23,3259,2026-08-30 15:44:36,1,2026-08-30 15:44:36,False,,medio,False
2026-08-31 10:04:23,3264,2026-08-30 07:40:18,1,2026-08-30 07:40:18,False,,bajo,False
2026-08-31 10:04:23,3266,2026-08-30 18:59:41,1,2026-08-30 18:59:41,False,,bajo,False
2026-08-31 10:04:23,4018,2026-08-29 10:48:58,1,2026-08-29 10:48:58,False,,bajo,False
2026-08-31 10:04:23,4024,2026-08-29 23:28:00,1,2026-08-29 23:28:00,False,,bajo,False
2026-08-31 10:04:23,1724,2026-06-03 08:15:44,2,2026-06-03 08:15:44,False,,bajo,False
2026-08-31 10:04:23,1744,2026-06-03 06:32:42,2,2026-06-03 06:32:42,False,,bajo,False
2026-08-31 10:04:23,1766,2026-06-03 17:35:31,2,2026-06-03 17:35:31,False,,bajo,False
2026-08-31 10:04:23,1784,2026-06-03 17:31:00,2,2026-06-03 17:31:00,False,,bajo,False
2026-08-31 10:04:23,1805,2026-06-03 17:31:00,2,2026-06-03 17:31:00,False,,bajo,False
2026-08-31 10:04:23,1824,2026-06-03 17:31:00,2,2026-06-03 17:31:00,False,,bajo,False
2026-08-31 10:04:23,1844,2026-06-03 17:31:00,2,2026-06-03 17:31:00,False,,bajo,False
2026-08-31 10:04:23,1845,2026-06-03 17:31:27,2,2026-06-03 17:31:27,False,,bajo,False
2026-08-31 10:04:23,1887,2026-08-05 15:28:49,2,2026-08-05 15:28:49,False,,bajo,False
2026-08-31 10:04:23,1924,2026-06-03 17:31:00,2,2026-06-03 17:31:00,False,,bajo,False
2026-08-31 10:04:23,1926,2026-06-03 06:42:55,2,2026-06-03 06:42:55,False,,bajo,False
2026-08-31 10:04:23,1944,2026-06-03 17:31:00,2,2026-06-03 17:31:00,False,,bajo,False
2026-08-31 10:04:23,1945,2026-08-26 17:47:37,2,2026-08-26 17:47:37,False,,bajo,False
2026-08-31 10:04:23,2190,2025-03-13 16:03:26,2,2025-03-13 16:03:26,False,,bajo,False
2026-08-31 10:04:23,2193,2026-06-03 17:33:58,2,2026-06-03 17:33:58,False,,bajo,False
2026-08-31 10:04:23,2205,2026-06-02 08:49:39,2,2026-06-02 08:49:39,False,,bajo,False
2026-08-31 10:04:23,2208,2026-07-20 15:35:36,2,2026-07-20 15:35:36,False,,bajo,False
2026-08-31 10:04:23,2224,2026-06-03 08:23:23,2,2026-06-03 08:23:23,False,,bajo,False
2026-08-31 10:04:23,2229,2026-06-03 07:24:01,2,2026-06-03 07:24:01,False,,bajo,False
2026-08-31 10:04:23,2250,2026-06-03 08:23:15,2,2026-06-03 08:23:15,False,,bajo,False
2026-08-31 10:04:23,2335,2026-06-03 06:08:53,2,2026-06-03 06:08:53,False,,bajo,False
2026-08-31 10:04:23,2411,2026-06-03 08:44:37,2,2026-06-03 08:44:37,False,,bajo,False
2026-08-31 10:04:23,2465,2026-06-03 06:28:44,2,2026-06-03 06:28:44,False,,bajo,False
2026-08-31 10:04:23,2466,2025-03-13 16:03:26,2,2025-03-13 16:03:26,False,,bajo,False
2026-08-31 10:04:23,2468,2026-06-03 08:40:08,2,2026-06-03 08:40:08,False,,bajo,False
2026-08-31 10:04:23,2706,2026-06-03 05:15:51,2,2026-06-03 05:15:51,False,,bajo,False
2026-08-31 10:04:23,2724,2026-08-22 11:08:53,2,2026-08-22 11:08:53,False,,bajo,False
2026-08-31 10:04:23,2730,2026-06-03 08:24:08,2,2026-06-03 08:24:08,False,,bajo,False
2026-08-31 10:04:23,2743,2026-06-03 08:33:58,2,2026-06-03 08:33:58,False,,bajo,False
2026-08-31 10:04:23,2744,2026-06-03 08:26:24,2,2026-06-03 08:26:24,False,,bajo,False
2026-08-31 10:04:23,2768,2026-06-03 08:23:19,2,2026-06-03 08:23:19,False,,bajo,False
2026-08-31 10:04:23,2770,2026-06-03 08:28:44,2,2026-06-03 08:28:44,False,,bajo,False
2026-08-31 10:04:23,2773,2026-06-03 08:42:23,2,2026-06-03 08:42:23,False,,bajo,False
2026-08-31 10:04:23,2780,2026-06-03 08:31:16,2,2026-06-03 08:31:16,False,,bajo,False
2026-08-31 10:04:23,2781,2026-06-03 08:39:47,2,2026-06-03 08:39:47,False,,bajo,False
2026-08-31 10:04:23,2922,2026-06-03 07:54:30,2,2026-06-03 07:54:30,False,,bajo,False
2026-08-31 10:04:23,2983,2026-06-03 08:26:35,2,2026-06-03 08:26:35,False,,bajo,False
2026-08-31 10:04:23,2993,2026-05-28 08:20:47,2,2026-05-28 08:20:47,False,,bajo,False
2026-08-31 10:04:23,3002,2025-03-13 16:03:26,2,2025-03-13 16:03:26,False,,bajo,False
2026-08-31 10:04:23,3020,2026-06-03 08:31:34,2,2026-06-03 08:31:34,False,,bajo,False
2026-08-31 10:04:23,3065,2026-06-03 06:29:32,2,2026-06-03 06:29:32,False,,bajo,False
2026-08-31 10:04:23,3086,2026-06-03 08:38:54,2,2026-06-03 08:38:54,False,,bajo,False
2026-08-31 10:04:23,3087,2026-06-03 02:06:08,2,2026-06-03 02:06:08,False,,bajo,False
2026-08-31 10:04:23,3151,2026-06-03 07:25:54,2,2026-06-03 07:25:54,False,,bajo,False
2026-08-31 10:04:23,3160,2026-06-03 03:28:18,2,2026-06-03 03:28:18,False,,bajo,False
2026-08-31 10:04:23,3199,2026-06-03 08:41:17,2,2026-06-03 08:41:17,False,,bajo,False
2026-08-31 10:04:23,3203,2026-06-03 08:22:47,2,2026-06-03 08:22:47,False,,bajo,False
2026-08-31 10:04:23,3204,2026-06-03 07:54:17,2,2026-06-03 07:54:17,False,,bajo,False
2026-08-31 10:04:23,3207,2026-06-03 07:05:01,2,2026-06-03 07:05:01,False,,bajo,False
2026-08-31 10:04:23,3227,2025-03-13 16:03:26,2,2025-03-13 16:03:26,False,,bajo,False
2026-08-31 10:04:23,1846,2026-06-03 08:24:16,3,2026-06-03 08:24:16,False,,bajo,False
2026-08-31 10:04:23,2193,2026-06-03 03:28:55,3,2026-06-03 03:28:55,False,,bajo,False
2026-08-31 10:04:23,2208,2026-06-03 08:31:26,3,2026-06-03 08:31:26,False,,bajo,False
2026-08-31 10:04:23,2330,2026-06-03 07:45:12,3,2026-06-03 07:45:12,False,,bajo,False
2026-08-31 10:04:23,2415,2026-06-03 08:47:45,3,2026-06-03 08:47:45,False,,bajo,False
2026-08-31 10:04:23,2466,2026-06-03 08:38:32,3,2026-06-03 08:38:32,False,,bajo,False
2026-08-31 10:04:23,2582,2026-06-03 08:15:54,3,2026-06-03 08:15:54,False,,bajo,False
2026-08-31 10:04:23,2665,2026-06-03 07:10:20,3,2026-06-03 07:10:20,False,,bajo,False
2026-08-31 10:04:23,2718,2026-06-03 07:28:18,3,2026-06-03 07:28:18,False,,bajo,False
2026-08-31 10:04:23,2722,2026-06-03 06:10:37,3,2026-06-03 06:10:37,False,,bajo,False
2026-08-31 10:04:23,2751,2026-06-03 07:40:08,3,2026-06-03 07:40:08,False,,bajo,False
2026-08-31 10:04:23,2858,2026-06-03 00:31:15,3,2026-06-03 00:31:15,False,,bajo,False
2026-08-31 10:04:23,2993,2026-05-28 08:20:47,3,2026-05-28 08:20:47,False,,bajo,False
2026-08-31 10:04:23,2994,2026-06-03 07:45:41,3,2026-06-03 07:45:41,False,,bajo,False
2026-08-31 10:04:23,3010,2026-06-03 08:19:28,3,2026-06-03 08:19:28,False,,bajo,False
2026-08-31 10:04:23,3011,2026-06-03 08:45:02,3,2026-06-03 08:45:02,False,,bajo,False
2026-08-31 10:04:23,3024,2026-06-03 07:31:40,3,2026-06-03 07:31:40,False,,bajo,False
2026-08-31 10:04:23,3026,2026-06-03 08:11:53,3,2026-06-03 08:11:53,False,,bajo,False
2026-08-31 10:04:23,3027,2026-06-03 08:24:41,3,2026-06-03 08:24:41,False,,bajo,False
2026-08-31 10:04:23,3074,2026-06-03 06:59:32,3,2026-06-03 06:59:32,False,,bajo,False
2026-08-31 10:04:23,3079,2026-06-03 07:50:16,3,2026-06-03 07:50:16,False,,bajo,False
2026-08-31 10:04:23,3086,2026-06-03 08:38:54,3,2026-06-03 08:38:54,False,,bajo,False
2026-08-31 10:04:23,3087,2026-06-03 02:06:08,3,2026-06-03 02:06:08,False,,bajo,False
2026-08-31 10:04:23,3132,2026-06-03 08:15:52,3,2026-06-03 08:15:52,False,,bajo,False
2026-08-31 10:04:23,3160,2026-06-03 03:28:18,3,2026-06-03 03:28:18,False,,bajo,False
2026-08-31 10:04:23,3172,2026-06-03 08:52:22,3,2026-06-03 08:52:22,False,,bajo,False
2026-08-31 10:04:23,3203,2026-06-03 17:31:00,3,2026-06-03 17:31:00,False,,bajo,False
2026-08-31 10:04:23,3204,2026-06-03 07:54:17,3,2026-06-03 07:54:17,False,,bajo,False
2026-08-31 10:04:23,3207,2026-06-03 07:05:01,3,2026-06-03 07:05:01,False,,bajo,False
2026-08-31 10:04:23,3222,2026-06-03 08:54:14,3,2026-06-03 08:54:14,False,,bajo,False
2026-08-31 10:04:23,2362,2026-08-31 07:34:16,0,2026-08-31 07:34:16,False,,bajo,True
2026-08-31 10:04:23,2815,2026-08-30 13:25:54,0,2026-08-30 13:25:54,False,,bajo,False
2026-08-31 10:04:23,2817,2026-08-31 10:03:27,0,2026-08-31 10:03:27,False,,bajo,True
2026-08-31 10:04:23,2818,2026-08-30 09:36:48,0,2026-08-30 09:36:48,False,,bajo,False
2026-08-31 10:04:23,2820,2026-08-31 10:03:17,0,2026-08-31 10:03:17,False,,bajo,True
2026-08-31 10:04:23,2821,2026-08-31 10:02:28,0,2026-08-31 10:02:28,False,,bajo,True
2026-08-31 10:04:23,2822,2026-08-31 10:03:11,0,2026-08-31 10:03:11,False,,medio,True
2026-08-31 10:04:23,2823,2026-08-28 08:13:15,0,2026-08-28 08:13:15,False,,bajo,True
2026-08-31 10:04:23,2824,2026-08-30 11:14:23,0,2026-08-30 11:14:23,False,,bajo,True
2026-08-31 10:04:23,2827,2026-08-29 19:35:15,0,2026-08-29 19:35:15,False,,bajo,True
2026-08-31 10:04:23,2828,2026-08-27 14:39:54,0,2026-08-27 14:39:54,False,,bajo,False
2026-08-31 10:04:23,2833,2026-08-31 10:03:04,0,2026-08-31 10:03:04,False,,alto,False
2026-08-31 10:04:23,2931,2026-08-31 10:03:18,0,2026-08-31 10:03:18,True,2026-08-31 09:11:31,alto,False
2026-08-31 10:04:23,2932,2026-08-31 10:02:56,0,2026-08-31 10:02:56,True,2026-08-31 09:12:02,bajo,False
2026-08-31 10:04:23,2949,2026-08-31 10:02:59,0,2026-08-31 10:02:59,False,,bajo,False
2026-08-31 10:04:23,2952,2026-08-27 18:25:18,0,2026-08-27 18:25:18,False,,bajo,False
2026-08-31 10:04:23,2953,2026-08-31 10:03:24,0,2026-08-31 10:03:24,False,,bajo,False
2026-08-31 10:04:23,2969,2026-08-31 10:03:45,0,2026-08-31 10:03:45,True,2026-08-31 09:11:08,alto,True
2026-08-31 10:04:23,2995,2026-08-29 21:23:11,0,2026-08-29 21:23:11,False,,bajo,False
2026-08-31 10:04:23,3017,2026-08-28 12:07:19,0,2026-08-28 12:07:19,False,,bajo,False
2026-08-31 10:04:23,3021,2026-08-29 16:27:44,0,2026-08-29 16:27:44,False,,bajo,False
2026-08-31 10:04:23,3068,2026-08-29 07:55:30,0,2026-08-29 07:55:30,False,,bajo,False
2026-08-31 10:04:23,3080,2026-08-27 17:59:16,0,2026-08-27 17:59:16,False,,bajo,True
2026-08-31 10:04:23,3089,2026-08-31 10:03:44,0,2026-08-31 10:03:44,False,,bajo,False
2026-08-31 10:04:23,3111,2026-08-31 09:12:32,0,2026-08-31 09:10:01,True,2026-08-31 09:12:32,bajo,True
2026-08-31 10:04:23,3112,2026-08-31 08:42:39,0,2026-08-31 08:42:39,False,,bajo,False
2026-08-31 10:04:23,3142,2026-08-30 16:59:20,0,2026-08-30 16:59:20,False,,bajo,False
2026-08-31 10:04:23,3181,2026-08-30 20:28:40,0,2026-08-30 20:28:40,False,,bajo,True
2026-08-31 10:04:23,3205,2026-08-29 18:55:07,0,2026-08-29 18:55:07,False,,bajo,False
2026-08-31 10:04:23,3233,2026-08-31 10:03:03,0,2026-08-31 10:03:03,False,,bajo,False
2026-08-31 10:04:23,2362,2026-08-31 08:34:29,1,2026-08-31 08:34:29,False,,bajo,True
2026-08-31 10:04:23,2815,2026-08-31 08:16:40,1,2026-08-31 08:16:40,False,,bajo,False
2026-08-31 10:04:23,2817,2026-08-29 16:13:22,1,2026-08-29 16:13:22,False,,bajo,False
2026-08-31 10:04:23,2818,2026-08-29 21:10:10,1,2026-08-29 21:10:10,False,,bajo,False
2026-08-31 10:04:23,2820,2026-06-03 07:57:34,1,2026-06-03 07:57:34,False,,bajo,False
2026-08-31 10:04:23,2821,2026-08-31 10:03:34,1,2026-08-31 10:03:34,False,,medio,True
2026-08-31 10:04:23,2822,2026-08-31 10:04:11,1,2026-08-31 10:04:11,False,,bajo,False
2026-08-31 10:04:23,2823,2026-08-31 09:08:52,1,2026-08-31 09:08:52,False,,bajo,True
2026-08-31 10:04:23,2824,2026-08-31 09:54:17,1,2026-08-31 09:54:17,False,,bajo,False
2026-08-31 10:04:23,2827,2026-08-31 10:03:08,1,2026-08-31 10:03:08,False,,bajo,False
2026-08-31 10:04:23,2828,2026-08-30 20:25:11,1,2026-08-30 20:25:11,False,,bajo,False
2026-08-31 10:04:23,2833,2026-08-31 10:03:04,1,2026-08-31 10:03:04,False,,alto,False
2026-08-31 10:04:23,2931,2026-08-31 10:00:26,1,2026-08-31 10:00:26,True,2026-08-31 09:11:44,alto,True
2026-08-31 10:04:23,2932,2026-08-30 21:42:36,1,2026-08-30 21:42:36,False,,bajo,True
2026-08-31 10:04:23,2949,2026-08-30 20:08:44,1,2026-08-30 20:08:44,False,,bajo,False
2026-08-31 10:04:23,2952,2026-08-30 16:41:26,1,2026-08-30 16:41:26,False,,bajo,False
2026-08-31 10:04:23,2953,2026-08-29 08:03:35,1,2026-08-29 08:03:35,False,,bajo,False
2026-08-31 10:04:23,2969,2026-08-30 11:49:01,1,2026-08-30 11:49:01,False,,bajo,False
2026-08-31 10:04:23,2995,2026-08-29 18:35:49,1,2026-08-29 18:35:49,False,,bajo,False
2026-08-31 10:04:23,3017,2026-08-29 08:37:31,1,2026-08-29 08:37:31,False,,bajo,False
2026-08-31 10:04:23,3021,2026-08-31 10:01:12,1,2026-08-31 10:01:12,False,,alto,False
2026-08-31 10:04:23,3068,2026-08-31 09:40:47,1,2026-08-31 09:40:47,False,,bajo,False
2026-08-31 10:04:23,3080,2026-08-30 08:25:06,1,2026-08-30 08:25:06,False,,bajo,False
2026-08-31 10:04:23,3089,2026-08-31 10:03:16,1,2026-08-31 10:03:16,False,,bajo,False
2026-08-31 10:04:23,3111,2026-08-31 10:03:02,1,2026-08-31 10:03:02,True,2026-08-31 09:12:32,bajo,False
2026-08-31 10:04:23,3112,2026-08-31 09:59:29,1,2026-08-31 09:59:29,False,,bajo,False
2026-08-31 10:04:23,3142,2026-08-31 09:58:23,1,2026-08-31 09:58:23,False,,bajo,False
2026-08-31 10:04:23,3181,2026-08-30 22:03:31,1,2026-08-30 22:03:31,False,,bajo,False
2026-08-31 10:04:23,3233,2026-08-30 11:11:49,1,2026-08-30 11:11:49,False,,bajo,True
2026-08-31 10:04:23,2736,2026-08-31 10:03:18,0,2026-08-31 10:03:18,False,,bajo,True
2026-08-31 10:04:23,2755,2026-08-31 10:03:45,0,2026-08-31 10:03:45,False,,bajo,True
2026-08-31 10:04:23,2908,2026-08-31 10:03:03,0,2026-08-31 10:03:03,False,,bajo,True
2026-08-31 10:04:23,3072,2025-03-13 16:03:26,0,2025-03-13 16:03:26,False,,bajo,False
2026-08-31 10:04:23,3100,2026-08-31 10:01:09,0,2026-08-31 10:01:09,False,,bajo,True
2026-08-31 10:04:23,3170,2026-08-30 13:06:44,0,2026-08-30 13:06:44,False,,bajo,False
2026-08-31 10:04:23,2736,2026-08-31 10:02:46,1,2026-08-31 10:02:46,False,,bajo,False
2026-08-31 10:04:23,2755,2026-08-31 10:02:18,1,2026-08-31 10:02:18,False,,bajo,True
2026-08-31 10:04:23,2908,2026-08-31 10:02:38,1,2026-08-31 10:02:38,False,,bajo,False
2026-08-31 10:04:23,3072,2025-03-13 16:03:26,1,2025-03-13 16:03:26,False,,bajo,False
2026-08-31 10:04:23,3100,2026-08-31 09:49:56,1,2026-08-31 09:49:56,False,,bajo,False
2026-08-31 10:04:23,3170,2026-08-29 14:03:02,1,2026-08-29 14:03:02,False,,bajo,False
2026-08-31 16:12:19,2456,2026-08-31 16:11:37,0,2026-08-31 16:11:37,False,,medio,False
2026-08-31 16:12:19,2458,2026-08-31 16:09:54,0,2026-08-31 16:09:54,False,,bajo,False
2026-08-31 16:12:19,2491,2026-08-31 16:08:16,0,2026-08-31 16:08:16,False,,bajo,False
2026-08-31 16:12:19,2494,2026-08-31 16:10:57,0,2026-08-31 16:10:57,True,2026-08-31 12:15:50,alto,False
2026-08-31 16:12:19,2501,2026-08-31 16:10:28,0,2026-08-31 16:10:28,False,,bajo,False
2026-08-31 16:12:19,2531,2026-08-31 16:09:03,0,2026-08-31 16:09:03,False,,alto,False
2026-08-31 16:12:19,2545,2026-08-31 16:11:45,0,2026-08-31 16:11:45,False,,bajo,False
2026-08-31 16:12:19,2551,2026-08-31 16:05:20,0,2026-08-31 16:05:20,False,,bajo,True
2026-08-31 16:12:19,2639,2026-08-30 15:29:14,0,2026-08-30 15:29:14,False,,bajo,False
2026-08-31 16:12:19,2670,2026-08-31 16:10:15,0,2026-08-31 16:10:15,True,2026-08-31 14:49:19,medio,True
2026-08-31 16:12:19,2675,2026-08-31 16:11:36,0,2026-08-31 16:11:36,True,2026-08-31 14:39:56,bajo,True
2026-08-31 16:12:19,2704,2026-08-31 11:21:08,0,2026-08-31 00:40:23,True,2026-08-31 11:21:08,bajo,False
2026-08-31 16:12:19,2705,2026-08-31 16:06:20,0,2026-08-31 16:06:20,False,,bajo,False
2026-08-31 16:12:19,2719,2025-06-26 16:00:33,0,2025-06-26 16:00:33,False,,bajo,False
2026-08-31 16:12:19,2728,2026-08-31 12:06:02,0,2026-08-31 12:06:02,False,,bajo,False
2026-08-31 16:12:19,2731,2026-08-31 16:10:58,0,2026-08-31 16:10:58,False,,bajo,False
2026-08-31 16:12:19,2869,2026-08-31 16:11:38,0,2026-08-31 16:11:38,True,2026-08-31 15:26:04,bajo,False
2026-08-31 16:12:19,2881,2026-08-31 15:39:02,0,2026-08-31 15:39:02,True,2026-08-31 15:26:04,bajo,False
2026-08-31 16:12:19,2903,2026-08-29 18:00:18,0,2026-08-29 18:00:18,False,,bajo,True
2026-08-31 16:12:19,2939,2026-08-31 16:11:41,0,2026-08-31 16:11:41,False,,bajo,True
2026-08-31 16:12:19,2940,2026-08-31 16:04:52,0,2026-08-31 16:04:52,False,,medio,True
2026-08-31 16:12:19,3051,2026-08-31 16:06:07,0,2026-08-31 16:06:07,False,,bajo,False
2026-08-31 16:12:19,3078,2026-08-31 15:57:40,0,2026-08-31 15:57:40,False,,bajo,True
2026-08-31 16:12:19,3114,2026-08-31 16:11:33,0,2026-08-31 16:11:33,False,,bajo,False
2026-08-31 16:12:19,3118,2026-08-31 13:00:27,0,2026-08-31 11:52:24,True,2026-08-31 13:00:27,bajo,False
2026-08-31 16:12:19,3119,2026-08-28 11:01:19,0,2026-08-28 11:01:19,False,,bajo,False
2026-08-31 16:12:19,3164,2026-08-31 16:11:41,0,2026-08-31 16:11:41,True,2026-08-31 14:39:56,bajo,True
2026-08-31 16:12:19,3249,2026-08-31 13:31:33,0,2026-08-31 13:31:33,False,,bajo,True
2026-08-31 16:12:19,2456,2026-08-31 16:08:35,1,2026-08-31 16:08:35,False,,alto,False
2026-08-31 16:12:19,2458,2026-08-31 15:35:15,1,2026-08-31 15:35:15,False,,bajo,False
2026-08-31 16:12:19,2491,2026-08-31 15:44:50,1,2026-08-31 15:44:50,False,,bajo,False
2026-08-31 16:12:19,2494,2026-08-31 16:11:06,1,2026-08-31 16:11:06,True,2026-08-31 13:46:41,alto,False
2026-08-31 16:12:19,2501,2026-08-31 16:07:09,1,2026-08-31 16:07:09,False,,bajo,False
2026-08-31 16:12:19,2531,2026-08-31 16:09:04,1,2026-08-31 16:09:04,False,,alto,False
2026-08-31 16:12:19,2545,2026-08-31 13:35:28,1,2026-08-31 13:35:28,False,,bajo,True
2026-08-31 16:12:19,2551,2026-08-31 16:05:16,1,2026-08-31 16:05:16,False,,bajo,False
2026-08-31 16:12:19,2639,2026-08-30 15:39:01,1,2026-08-30 15:39:01,False,,bajo,False
2026-08-31 16:12:19,2670,2026-08-31 16:01:13,1,2026-08-31 16:01:13,True,2026-08-31 11:12:04,bajo,False
2026-08-31 16:12:19,2675,2026-08-31 16:11:36,1,2026-08-31 16:11:36,True,2026-08-31 11:38:28,bajo,False
2026-08-31 16:12:19,2704,2026-08-31 16:10:55,1,2026-08-31 16:10:55,False,,bajo,False
2026-08-31 16:12:19,2705,2026-08-31 16:04:31,1,2026-08-31 16:04:31,False,,bajo,False
2026-08-31 16:12:19,2728,2026-08-31 03:57:52,1,2026-08-31 03:57:52,False,,bajo,False
2026-08-31 16:12:19,2731,2026-08-31 15:55:18,1,2026-08-31 15:55:18,False,,bajo,False
2026-08-31 16:12:19,2869,2026-08-31 16:04:36,1,2026-08-31 16:04:36,True,2026-08-31 12:31:35,bajo,False
2026-08-31 16:12:19,2881,2026-08-31 15:45:31,1,2026-08-31 15:45:31,False,,bajo,False
2026-08-31 16:12:19,2903,2026-08-31 15:24:56,1,2026-08-31 15:24:56,False,,bajo,False
2026-08-31 16:12:19,2939,2026-08-31 16:11:38,1,2026-08-31 16:11:38,False,,bajo,False
2026-08-31 16:12:19,2940,2026-08-31 16:03:20,1,2026-08-31 16:03:20,False,,medio,True
2026-08-31 16:12:19,3051,2026-08-31 16:11:47,1,2026-08-31 16:11:47,False,,bajo,False
2026-08-31 16:12:19,3078,2026-08-31 16:02:13,1,2026-08-31 16:02:13,False,,bajo,False
2026-08-31 16:12:19,3114,2026-08-31 13:05:31,1,2026-08-31 13:05:31,False,,bajo,False
2026-08-31 16:12:19,3118,2026-08-31 13:00:27,1,2026-08-31 02:16:42,True,2026-08-31 13:00:27,bajo,False
2026-08-31 16:12:19,3119,2026-08-31 06:30:51,1,2026-08-31 06:30:51,False,,bajo,False
2026-08-31 16:12:19,3249,2026-08-31 13:32:02,1,2026-08-31 13:32:02,False,,bajo,True
2026-08-31 16:12:19,2289,2026-08-31 16:11:38,0,2026-08-31 16:11:38,False,,bajo,True
2026-08-31 16:12:19,2292,2026-08-31 08:50:25,0,2026-08-31 08:50:25,False,,bajo,True
2026-08-31 16:12:19,2304,2026-06-03 08:24:38,0,2026-06-03 08:24:38,False,,bajo,False
2026-08-31 16:12:19,2329,2026-08-31 01:57:19,0,2026-08-31 01:57:19,False,,bajo,True
2026-08-31 16:12:19,2332,2026-08-31 00:58:48,0,2026-08-31 00:58:48,False,,bajo,False
2026-08-31 16:12:19,2359,2026-08-31 16:11:11,0,2026-08-31 16:11:11,True,2026-08-31 13:44:31,bajo,False
2026-08-31 16:12:19,2360,2026-08-30 12:14:32,0,2026-08-30 12:14:32,False,,bajo,False
2026-08-31 16:12:19,2361,2025-03-13 16:03:26,0,2025-03-13 16:03:26,False,,bajo,False
2026-08-31 16:12:19,2384,2026-08-31 16:10:20,0,2026-08-31 16:10:20,True,2026-08-31 13:00:53,alto,False
2026-08-31 16:12:19,2394,2026-08-30 20:14:19,0,2026-08-30 20:14:19,False,,alto,False
2026-08-31 16:12:19,2395,2026-08-31 08:55:01,0,2026-08-31 08:55:01,False,,bajo,True
2026-08-31 16:12:19,2405,2026-08-31 08:42:10,0,2026-08-31 08:42:10,False,,bajo,True
2026-08-31 16:12:19,2447,2026-08-29 14:53:43,0,2026-08-29 14:53:43,False,,bajo,False
2026-08-31 16:12:19,2448,2026-08-30 12:28:09,0,2026-08-30 12:28:09,False,,bajo,False
2026-08-31 16:12:19,2449,2026-08-31 15:14:25,0,2026-08-31 15:14:25,False,,bajo,True
2026-08-31 16:12:19,2450,2026-06-03 08:23:49,0,2026-06-03 08:23:49,False,,bajo,False
2026-08-31 16:12:19,2453,2026-08-30 09:20:12,0,2026-08-30 09:20:12,False,,bajo,False
2026-08-31 16:12:19,2454,2026-08-31 16:05:49,0,2026-08-31 16:05:49,True,2026-08-31 14:46:02,bajo,True
2026-08-31 16:12:19,2457,2026-08-31 14:20:33,0,2026-08-31 14:20:33,False,,bajo,False
2026-08-31 16:12:19,2470,2026-08-31 10:21:12,0,2026-08-31 10:21:12,False,,bajo,True
2026-08-31 16:12:19,2478,2026-08-30 16:00:20,0,2026-08-30 16:00:20,False,,bajo,True
2026-08-31 16:12:19,2479,2026-08-31 13:02:16,0,2026-08-31 13:02:16,False,,bajo,True
2026-08-31 16:12:19,2487,2026-08-27 15:30:20,0,2026-08-27 15:30:20,False,,bajo,False
2026-08-31 16:12:19,2490,2025-03-13 16:03:27,0,2025-03-13 16:03:27,False,,bajo,False
2026-08-31 16:12:19,2493,2025-03-13 16:03:26,0,2025-03-13 16:03:26,False,,bajo,False
2026-08-31 16:12:19,2499,2026-08-31 13:41:52,0,2026-08-31 09:56:42,True,2026-08-31 13:41:52,bajo,True
2026-08-31 16:12:19,2505,2026-08-31 16:04:21,0,2026-08-31 16:04:21,True,2026-08-31 13:11:20,bajo,False
2026-08-31 16:12:19,2507,2026-08-27 20:35:14,0,2026-08-27 20:35:14,False,,bajo,False
2026-08-31 16:12:19,2508,2026-08-31 08:35:07,0,2026-08-31 08:35:07,False,,bajo,False
2026-08-31 16:12:19,2517,2026-08-29 20:00:50,0,2026-08-29 20:00:50,False,,bajo,False
2026-08-31 16:12:19,2518,2026-08-31 16:04:58,0,2026-08-31 16:04:58,True,2026-08-31 13:27:03,bajo,True
2026-08-31 16:12:19,2520,2026-08-28 11:04:18,0,2026-08-28 11:04:18,False,,bajo,True
2026-08-31 16:12:19,2525,2026-08-31 16:11:04,0,2026-08-31 16:11:04,False,,alto,False
2026-08-31 16:12:19,2526,2026-08-31 16:09:43,0,2026-08-31 16:09:43,True,2026-08-31 13:24:52,bajo,True
2026-08-31 16:12:19,2529,2026-08-30 12:08:50,0,2026-08-30 12:08:50,False,,bajo,False
2026-08-31 16:12:19,2530,2026-06-02 08:37:08,0,2026-06-02 08:37:08,False,,bajo,False
2026-08-31 16:12:19,2532,2026-08-30 20:07:41,0,2026-08-30 20:07:41,False,,bajo,True
2026-08-31 16:12:19,2534,2026-08-31 12:25:04,0,2026-08-31 12:25:04,False,,bajo,True
2026-08-31 16:12:19,2536,2026-08-31 16:08:30,0,2026-08-31 16:08:30,True,2026-08-31 12:04:56,bajo,True
2026-08-31 16:12:19,2539,2025-03-13 16:03:27,0,2025-03-13 16:03:27,False,,bajo,False
2026-08-31 16:12:19,2542,2026-08-31 09:19:26,0,2026-08-31 09:19:26,False,,bajo,False
2026-08-31 16:12:19,2547,2026-08-31 16:09:14,0,2026-08-31 16:09:14,True,2026-08-31 14:42:46,bajo,False
2026-08-31 16:12:19,2548,2026-08-30 11:06:29,0,2026-08-30 11:06:29,False,,bajo,True
2026-08-31 16:12:19,2552,2026-08-31 10:27:54,0,2026-08-31 10:27:54,False,,bajo,False
2026-08-31 16:12:19,2557,2026-08-31 16:09:00,0,2026-08-31 16:09:00,False,,bajo,True
2026-08-31 16:12:19,2563,2026-08-18 07:32:10,0,2026-08-18 07:32:10,False,,bajo,False
2026-08-31 16:12:19,2571,2026-08-30 08:33:20,0,2026-08-30 08:33:20,False,,bajo,False
2026-08-31 16:12:19,2580,2026-08-29 18:03:08,0,2026-08-29 18:03:08,False,,bajo,False
2026-08-31 16:12:19,2609,2026-08-30 22:11:03,0,2026-08-30 22:11:03,False,,bajo,True
2026-08-31 16:12:19,2610,2026-08-30 15:05:27,0,2026-08-30 15:05:27,False,,bajo,False
2026-08-31 16:12:19,2620,2026-08-31 14:16:08,0,2026-08-31 13:05:58,True,2026-08-31 14:16:08,bajo,True
2026-08-31 16:12:19,2622,2026-08-31 10:16:35,0,2026-08-31 10:16:35,False,,bajo,False
2026-08-31 16:12:19,2630,2026-08-31 11:50:46,0,2026-08-31 11:50:46,False,,bajo,False
2026-08-31 16:12:19,2647,2026-08-31 16:10:41,0,2026-08-31 16:10:41,True,2026-08-31 12:02:14,bajo,True
2026-08-31 16:12:19,2662,2026-08-31 16:11:30,0,2026-08-31 16:11:30,True,2026-08-31 11:43:10,bajo,False
2026-08-31 16:12:19,2677,2026-08-30 20:09:19,0,2026-08-30 20:09:19,False,,bajo,False
2026-08-31 16:12:19,2683,2026-08-30 22:12:42,0,2026-08-30 22:12:42,False,,bajo,False
2026-08-31 16:12:19,2685,2026-08-30 08:07:02,0,2026-08-30 08:07:02,False,,bajo,False
2026-08-31 16:12:19,2689,2026-08-30 17:44:12,0,2026-08-30 17:44:12,False,,bajo,False
2026-08-31 16:12:19,2690,2026-08-31 08:36:28,0,2026-08-31 08:36:28,False,,bajo,False
2026-08-31 16:12:19,2694,2025-03-13 16:03:26,0,2025-03-13 16:03:26,False,,bajo,False
2026-08-31 16:12:19,2696,2026-08-30 19:07:13,0,2026-08-30 19:07:13,False,,bajo,False
2026-08-31 16:12:19,2698,2026-08-31 16:08:33,0,2026-08-31 16:08:33,True,2026-08-31 14:00:24,alto,True
2026-08-31 16:12:19,2703,2026-08-31 08:54:14,0,2026-08-31 08:54:14,False,,bajo,True
2026-08-31 16:12:19,2711,2026-08-30 09:53:24,0,2026-08-30 09:53:24,False,,alto,False
2026-08-31 16:12:19,2715,2026-06-03 06:51:07,0,2026-06-03 06:51:07,False,,bajo,False
2026-08-31 16:12:19,2716,2026-08-30 17:47:48,0,2026-08-30 17:47:48,False,,bajo,False
2026-08-31 16:12:19,2733,2025-03-13 16:03:27,0,2025-03-13 16:03:27,False,,bajo,False
2026-08-31 16:12:19,2742,2026-08-27 12:13:19,0,2026-08-27 12:13:19,False,,bajo,False
2026-08-31 16:12:19,2747,2026-08-31 14:27:38,0,2026-08-30 07:08:20,True,2026-08-31 14:27:38,bajo,False
2026-08-31 16:12:19,2752,2025-03-13 16:03:27,0,2025-03-13 16:03:27,False,,bajo,False
2026-08-31 16:12:19,2764,2026-08-31 16:11:29,0,2026-08-31 16:11:29,False,,bajo,False
2026-08-31 16:12:19,2765,2026-08-30 09:33:29,0,2026-08-30 09:33:29,False,,bajo,True
2026-08-31 16:12:19,2772,2026-06-03 04:57:09,0,2026-06-03 04:57:09,False,,bajo,False
2026-08-31 16:12:19,2774,2026-08-31 11:16:17,0,2026-08-31 11:16:17,False,,bajo,True
2026-08-31 16:12:19,2776,2026-08-31 13:46:07,0,2026-08-31 13:46:07,False,,bajo,True
2026-08-31 16:12:19,2779,2026-08-31 15:32:26,0,2026-08-31 15:32:26,False,,bajo,True
2026-08-31 16:12:19,2783,2026-08-30 10:16:43,0,2026-08-30 10:16:43,False,,bajo,False
2026-08-31 16:12:19,2784,2026-08-31 09:21:07,0,2026-08-31 09:21:07,False,,bajo,False
2026-08-31 16:12:19,2788,2026-08-29 09:42:59,0,2026-08-29 09:42:59,False,,bajo,False
2026-08-31 16:12:19,2793,2026-08-30 20:18:42,0,2026-08-30 20:18:42,False,,bajo,True
2026-08-31 16:12:19,2798,2026-08-31 16:09:28,0,2026-08-31 16:09:28,True,2026-08-31 13:22:22,alto,False
2026-08-31 16:12:19,2802,2026-06-03 00:08:20,0,2026-06-03 00:08:20,False,,bajo,False
2026-08-31 16:12:19,2805,2026-08-31 13:55:34,0,2026-08-31 13:55:34,False,,bajo,True
2026-08-31 16:12:19,2806,2026-08-24 22:36:34,0,2026-08-24 22:36:34,False,,bajo,True
2026-08-31 16:12:19,2809,2026-08-31 16:09:56,0,2026-08-31 16:09:56,False,,bajo,True
2026-08-31 16:12:19,2811,2026-08-31 16:10:14,0,2026-08-31 16:10:14,False,,bajo,False
2026-08-31 16:12:19,2861,2026-08-31 16:09:32,0,2026-08-31 16:09:32,False,,bajo,True
2026-08-31 16:12:19,2870,2026-08-30 17:30:49,0,2026-08-30 17:30:49,False,,bajo,False
2026-08-31 16:12:19,2873,2026-08-30 09:39:06,0,2026-08-30 09:39:06,False,,bajo,False
2026-08-31 16:12:19,2899,2026-08-30 22:53:10,0,2026-08-30 22:53:10,False,,bajo,True
2026-08-31 16:12:19,2900,2025-03-13 16:18:25,0,2025-03-13 16:18:25,False,,bajo,False
2026-08-31 16:12:19,2912,2026-08-29 21:09:54,0,2026-08-29 21:09:54,False,,bajo,True
2026-08-31 16:12:19,2913,2026-08-31 09:28:35,0,2026-08-31 09:28:35,False,,bajo,False
2026-08-31 16:12:19,2928,2026-08-31 13:59:04,0,2026-08-31 13:59:04,False,,alto,True
2026-08-31 16:12:19,2934,2026-08-30 21:24:12,0,2026-08-30 21:24:12,False,,bajo,False
2026-08-31 16:12:19,2943,2026-08-31 16:09:17,0,2026-08-31 16:09:17,False,,bajo,True
2026-08-31 16:12:19,2945,2026-08-20 18:03:51,0,2026-08-20 18:03:51,False,,bajo,False
2026-08-31 16:12:19,2947,2026-08-31 16:09:06,0,2026-08-31 16:09:06,False,,bajo,True
2026-08-31 16:12:19,2956,2026-08-30 19:08:54,0,2026-08-30 19:08:54,False,,bajo,False
2026-08-31 16:12:19,2958,2026-08-31 12:22:30,0,2026-08-31 12:22:30,False,,alto,True
2026-08-31 16:12:19,2968,2026-08-31 16:11:34,0,2026-08-31 16:11:34,False,,bajo,True
2026-08-31 16:12:19,3040,2026-08-30 09:17:48,0,2026-08-30 09:17:48,False,,bajo,True
2026-08-31 16:12:19,3052,2026-08-31 14:52:31,0,2026-08-31 14:52:31,False,,bajo,False
2026-08-31 16:12:19,3053,2026-08-31 12:44:41,0,2026-08-29 23:06:53,True,2026-08-31 12:44:41,bajo,True
2026-08-31 16:12:19,3069,2026-08-29 03:40:36,0,2026-08-29 03:40:36,False,,bajo,True
2026-08-31 16:12:19,3083,2026-08-31 16:11:01,0,2026-08-31 16:11:01,False,,bajo,False
2026-08-31 16:12:19,3092,2026-08-30 10:49:00,0,2026-08-30 10:49:00,False,,bajo,False
2026-08-31 16:12:19,3123,2026-08-30 17:25:29,0,2026-08-30 17:25:29,False,,bajo,False
2026-08-31 16:12:19,3126,2026-08-31 16:04:14,0,2026-08-31 16:04:14,False,,bajo,False
2026-08-31 16:12:19,3166,2026-08-31 13:37:06,0,2026-08-31 13:37:06,False,,bajo,True
2026-08-31 16:12:19,3182,2026-08-31 14:42:15,0,2026-08-31 14:42:15,True,2026-08-31 11:35:21,bajo,False
2026-08-31 16:12:19,3196,2026-08-31 16:11:21,0,2026-08-31 16:11:21,True,2026-08-31 12:41:10,bajo,True
2026-08-31 16:12:19,3200,2026-08-31 14:40:42,0,2026-08-31 14:40:42,False,,bajo,False
2026-08-31 16:12:19,3206,2026-08-29 17:18:45,0,2026-08-29 17:18:45,False,,bajo,False
2026-08-31 16:12:19,3218,2026-08-31 16:11:44,0,2026-08-31 16:11:44,False,,bajo,False
2026-08-31 16:12:19,3220,2026-08-31 16:10:34,0,2026-08-31 16:10:34,False,,bajo,False
2026-08-31 16:12:19,3221,2026-08-30 19:06:54,0,2026-08-30 19:06:54,False,,alto,True
2026-08-31 16:12:19,3238,2026-08-31 16:11:25,0,2026-08-31 16:11:25,False,,bajo,True
2026-08-31 16:12:19,3241,2026-08-31 16:10:53,0,2026-08-31 16:10:53,False,,bajo,True
2026-08-31 16:12:19,3246,2026-08-31 16:11:45,0,2026-08-31 16:11:45,True,2026-08-31 13:16:43,bajo,True
2026-08-31 16:12:19,3252,2026-08-31 09:02:49,0,2026-08-31 09:02:49,False,,bajo,False
2026-08-31 16:12:19,3261,2026-08-30 12:41:12,0,2026-08-30 12:41:12,False,,bajo,False
2026-08-31 16:12:19,4016,2026-08-31 16:09:47,0,2026-08-31 16:09:47,False,,medio,True
2026-08-31 16:12:19,4027,2026-08-31 16:10:09,0,2026-08-31 16:10:09,False,,bajo,False
2026-08-31 16:12:19,2304,2026-08-31 16:10:00,1,2026-08-31 16:10:00,True,2026-08-31 13:18:49,bajo,False
2026-08-31 16:12:19,2332,2026-08-31 12:29:45,1,2026-08-31 12:29:45,False,,bajo,False
2026-08-31 16:12:19,2359,2026-08-31 16:06:28,1,2026-08-31 16:06:28,False,,bajo,False
2026-08-31 16:12:19,2361,2025-03-13 16:03:26,1,2025-03-13 16:03:26,False,,bajo,False
2026-08-31 16:12:19,2384,2026-08-28 22:39:06,1,2026-08-28 22:39:06,False,,bajo,False
2026-08-31 16:12:19,2394,2026-08-31 15:24:40,1,2026-08-31 15:24:40,False,,alto,False
2026-08-31 16:12:19,2395,2026-08-31 16:08:59,1,2026-08-31 16:08:59,False,,bajo,True
2026-08-31 16:12:19,2405,2026-08-31 16:06:17,1,2026-08-31 16:06:17,False,,bajo,False
2026-08-31 16:12:19,2447,2026-08-31 16:07:42,1,2026-08-31 16:07:42,False,,bajo,True
2026-08-31 16:12:19,2448,2026-08-31 16:01:59,1,2026-08-31 16:01:59,True,2026-08-31 11:56:22,bajo,False
2026-08-31 16:12:19,2449,2026-08-31 16:09:25,1,2026-08-31 16:09:25,False,,medio,False
2026-08-31 16:12:19,2450,2026-08-28 17:52:17,1,2026-08-28 17:52:17,False,,bajo,False
2026-08-31 16:12:19,2453,2026-08-31 15:16:09,1,2026-08-31 15:16:09,False,,bajo,False
2026-08-31 16:12:19,2454,2026-08-31 16:05:41,1,2026-08-31 16:05:41,False,,bajo,False
2026-08-31 16:12:19,2457,2026-08-31 16:11:45,1,2026-08-31 16:11:45,True,2026-08-31 11:19:15,bajo,False
2026-08-31 16:12:19,2478,2026-08-29 19:46:43,1,2026-08-29 19:46:43,False,,bajo,True
2026-08-31 16:12:19,2487,2026-08-29 20:11:51,1,2026-08-29 20:11:51,False,,bajo,False
2026-08-31 16:12:19,2490,2025-03-13 16:03:27,1,2025-03-13 16:03:27,False,,bajo,False
2026-08-31 16:12:19,2493,2025-03-13 16:03:26,1,2025-03-13 16:03:26,False,,bajo,False
2026-08-31 16:12:19,2499,2026-06-03 06:29:57,1,2026-06-03 06:29:57,False,,bajo,False
2026-08-31 16:12:19,2505,2026-08-31 13:11:20,1,2026-08-28 17:21:30,True,2026-08-31 13:11:20,bajo,False
2026-08-31 16:12:19,2507,2026-08-27 11:24:20,1,2026-08-27 11:24:20,False,,bajo,False
2026-08-31 16:12:19,2508,2026-08-29 12:42:52,1,2026-08-29 12:42:52,False,,bajo,False
2026-08-31 16:12:19,2517,2026-08-29 10:07:37,1,2026-08-29 10:07:37,False,,bajo,False
2026-08-31 16:12:19,2518,2026-08-29 20:40:54,1,2026-08-29 20:40:54,False,,bajo,False
2026-08-31 16:12:19,2520,2026-08-27 07:22:49,1,2026-08-27 07:22:49,False,,bajo,True
2026-08-31 16:12:19,2525,2026-08-31 16:07:43,1,2026-08-31 16:07:43,True,2026-08-31 11:24:40,bajo,False
2026-08-31 16:12:19,2526,2026-08-28 21:07:23,1,2026-08-28 21:07:23,False,,bajo,False
2026-08-31 16:12:19,2529,2026-08-31 16:09:26,1,2026-08-31 16:09:26,False,,bajo,False
2026-08-31 16:12:19,2530,2026-08-31 16:10:59,1,2026-08-31 16:10:59,True,2026-08-31 12:49:29,bajo,False
2026-08-31 16:12:19,2534,2026-08-31 16:08:48,1,2026-08-31 16:08:48,False,,bajo,False
2026-08-31 16:12:19,2536,2026-08-28 21:19:57,1,2026-08-28 21:19:57,False,,bajo,False
2026-08-31 16:12:19,2539,2025-03-13 16:03:27,1,2025-03-13 16:03:27,False,,bajo,False
2026-08-31 16:12:19,2547,2026-08-31 16:09:14,1,2026-08-31 16:09:14,True,2026-08-31 14:42:46,bajo,False
2026-08-31 16:12:19,2548,2026-08-31 16:08:47,1,2026-08-31 16:08:47,False,,bajo,False
2026-08-31 16:12:19,2552,2026-08-31 16:10:19,1,2026-08-31 16:10:19,False,,bajo,False
2026-08-31 16:12:19,2557,2026-08-31 16:10:11,1,2026-08-31 16:10:11,False,,bajo,False
2026-08-31 16:12:19,2563,2026-08-16 10:07:36,1,2026-08-16 10:07:36,False,,bajo,False
2026-08-31 16:12:19,2571,2026-08-29 19:01:16,1,2026-08-29 19:01:16,False,,alto,False
2026-08-31 16:12:19,2580,2026-08-30 18:08:16,1,2026-08-30 18:08:16,False,,bajo,False
2026-08-31 16:12:19,2609,2026-08-28 05:09:52,1,2026-08-28 05:09:52,False,,bajo,True
2026-08-31 16:12:19,2610,2026-08-28 23:10:38,1,2026-08-28 23:10:38,False,,bajo,False
2026-08-31 16:12:19,2620,2026-08-31 16:10:27,1,2026-08-31 16:10:27,False,,bajo,False
2026-08-31 16:12:19,2622,2026-08-31 16:06:35,1,2026-08-31 16:06:35,True,2026-08-31 11:54:57,bajo,False
2026-08-31 16:12:19,2630,2026-08-31 09:39:45,1,2026-08-31 09:39:45,False,,bajo,False
2026-08-31 16:12:19,2647,2026-08-29 23:29:28,1,2026-08-29 23:29:28,False,,bajo,True
2026-08-31 16:12:19,2662,2026-08-28 21:10:59,1,2026-08-28 21:10:59,False,,bajo,False
2026-08-31 16:12:19,2677,2026-08-28 23:29:25,1,2026-08-28 23:29:25,False,,bajo,True
2026-08-31 16:12:19,2683,2026-08-30 15:42:25,1,2026-08-30 15:42:25,False,,bajo,True
2026-08-31 16:12:19,2685,2026-08-29 09:27:55,1,2026-08-29 09:27:55,False,,bajo,True
2026-08-31 16:12:19,2689,2026-08-31 14:54:43,1,2026-08-31 14:54:43,False,,bajo,False
2026-08-31 16:12:19,2690,2026-08-31 12:56:28,1,2026-08-31 12:56:28,False,,bajo,False
2026-08-31 16:12:19,2694,2025-03-13 16:03:26,1,2025-03-13 16:03:26,False,,bajo,False
2026-08-31 16:12:19,2698,2026-08-29 21:05:29,1,2026-08-29 21:05:29,False,,alto,False
2026-08-31 16:12:19,2703,2026-08-31 16:04:10,1,2026-08-31 16:04:10,True,2026-08-31 12:43:09,bajo,False
2026-08-31 16:12:19,2711,2026-08-29 19:08:59,1,2026-08-29 19:08:59,False,,bajo,False
2026-08-31 16:12:19,2715,2026-08-28 08:19:44,1,2026-08-28 08:19:44,False,,bajo,False
2026-08-31 16:12:19,2716,2026-08-30 00:12:14,1,2026-08-30 00:12:14,False,,bajo,False
2026-08-31 16:12:19,2742,2026-08-31 16:04:36,1,2026-08-31 16:04:36,True,2026-08-31 11:50:57,bajo,False
2026-08-31 16:12:19,2747,2026-08-31 16:06:23,1,2026-08-31 16:06:23,True,2026-08-31 11:00:00,medio,False
2026-08-31 16:12:19,2764,2026-08-31 11:15:32,1,2026-08-31 11:15:32,False,,bajo,True
2026-08-31 16:12:19,2765,2026-08-31 16:10:12,1,2026-08-31 16:10:12,True,2026-08-31 11:53:56,bajo,False
2026-08-31 16:12:19,2772,2026-08-30 06:21:57,1,2026-08-30 06:21:57,False,,medio,False
2026-08-31 16:12:19,2774,2026-08-30 17:19:37,1,2026-08-30 17:19:37,False,,bajo,True
2026-08-31 16:12:19,2776,2026-08-31 16:11:34,1,2026-08-31 16:11:34,True,2026-08-31 12:42:24,bajo,False
2026-08-31 16:12:19,2779,2026-08-31 14:31:55,1,2026-08-31 14:31:55,False,,bajo,False
2026-08-31 16:12:19,2783,2026-08-31 15:45:32,1,2026-08-31 15:45:32,False,,bajo,False
2026-08-31 16:12:19,2784,2026-08-29 06:02:12,1,2026-08-29 06:02:12,False,,bajo,False
2026-08-31 16:12:19,2788,2026-08-26 17:18:47,1,2026-08-26 17:18:47,False,,bajo,False
2026-08-31 16:12:19,2793,2026-08-29 19:02:15,1,2026-08-29 19:02:15,False,,bajo,False
2026-08-31 16:12:19,2798,2026-08-30 07:03:04,1,2026-08-30 07:03:04,False,,bajo,False
2026-08-31 16:12:19,2802,2026-08-31 11:15:10,1,2026-08-31 11:15:10,False,,medio,False
2026-08-31 16:12:19,2805,2026-08-30 17:30:29,1,2026-08-30 17:30:29,False,,bajo,False
2026-08-31 16:12:19,2806,2026-08-30 18:26:34,1,2026-08-30 18:26:34,False,,bajo,False
2026-08-31 16:12:19,2811,2026-08-31 08:08:32,1,2026-08-31 08:08:32,False,,bajo,False
2026-08-31 16:12:19,2861,2026-06-03 08:53:58,1,2026-06-03 08:53:58,False,,bajo,False
2026-08-31 16:12:19,2870,2026-08-30 19:02:13,1,2026-08-30 19:02:13,False,,bajo,False
2026-08-31 16:12:19,2873,2026-08-29 14:40:40,1,2026-08-29 14:40:40,False,,bajo,False
2026-08-31 16:12:19,2899,2026-08-29 13:40:58,1,2026-08-29 13:40:58,False,,bajo,False
2026-08-31 16:12:19,2900,2025-03-13 16:18:25,1,2025-03-13 16:18:25,False,,bajo,False
2026-08-31 16:12:19,2912,2026-08-31 16:03:59,1,2026-08-31 16:03:59,True,2026-08-31 12:48:50,bajo,False
2026-08-31 16:12:19,2913,2026-08-31 16:09:30,1,2026-08-31 16:09:30,True,2026-08-31 13:01:59,bajo,False
2026-08-31 16:12:19,2928,2026-08-30 13:11:41,1,2026-08-30 13:11:41,False,,alto,False
2026-08-31 16:12:19,2934,2026-08-31 16:06:56,1,2026-08-31 16:06:56,False,,bajo,False
2026-08-31 16:12:19,2943,2026-08-31 14:32:33,1,2026-08-31 14:32:33,False,,bajo,True
2026-08-31 16:12:19,2945,2026-08-23 16:18:30,1,2026-08-23 16:18:30,False,,bajo,False
2026-08-31 16:12:19,2956,2026-08-30 19:59:09,1,2026-08-30 19:59:09,False,,medio,True
2026-08-31 16:12:19,2958,2026-08-31 16:08:33,1,2026-08-31 16:08:33,False,,medio,False
2026-08-31 16:12:19,2968,2026-08-31 16:08:27,1,2026-08-31 16:08:27,False,,bajo,True
2026-08-31 16:12:19,3040,2026-08-29 22:58:39,1,2026-08-29 22:58:39,False,,bajo,False
2026-08-31 16:12:19,3053,2026-08-30 09:06:35,1,2026-08-30 09:06:35,False,,bajo,False
2026-08-31 16:12:19,3069,2026-08-31 16:07:16,1,2026-08-31 16:07:16,False,,bajo,True
2026-08-31 16:12:19,3083,2026-08-31 16:10:37,1,2026-08-31 16:10:37,False,,bajo,True
2026-08-31 16:12:19,3092,2026-08-31 16:10:50,1,2026-08-31 16:10:50,True,2026-08-31 13:37:57,bajo,False
2026-08-31 16:12:19,3123,2026-08-31 16:09:57,1,2026-08-31 16:09:57,True,2026-08-31 14:03:04,bajo,False
2026-08-31 16:12:19,3126,2026-08-31 12:32:46,1,2026-08-31 12:32:46,False,,bajo,False
2026-08-31 16:12:19,3166,2026-06-03 07:30:20,1,2026-06-03 07:30:20,False,,bajo,False
2026-08-31 16:12:19,3182,2026-08-31 15:37:18,1,2026-08-30 22:09:55,True,2026-08-31 15:37:18,bajo,False
2026-08-31 16:12:19,3200,2026-08-31 15:02:42,1,2026-08-31 15:02:42,True,2026-08-31 14:24:45,bajo,False
2026-08-31 16:12:19,3206,2026-08-31 15:58:38,1,2026-08-31 15:58:38,False,,bajo,False
2026-08-31 16:12:19,3218,2026-08-31 16:05:54,1,2026-08-31 16:05:54,False,,bajo,True
2026-08-31 16:12:19,3220,2026-08-30 10:59:43,1,2026-08-30 10:59:43,False,,bajo,False
2026-08-31 16:12:19,3221,2026-08-31 10:13:00,1,2026-08-31 10:13:00,False,,bajo,False
2026-08-31 16:12:19,3241,2026-08-31 13:44:19,1,2026-08-31 13:44:19,False,,bajo,False
2026-08-31 16:12:19,3246,2026-08-31 15:52:38,1,2026-08-31 15:52:38,False,,bajo,False
2026-08-31 16:12:19,3252,2026-08-30 13:18:05,1,2026-08-30 13:18:05,False,,bajo,False
2026-08-31 16:12:19,3261,2026-08-31 12:23:23,1,2026-08-31 12:23:23,False,,bajo,False
2026-08-31 16:12:19,3269,2026-08-31 01:42:35,1,2026-08-31 01:42:35,False,,bajo,False
2026-08-31 16:12:19,4016,2026-08-29 12:32:53,1,2026-08-29 12:32:53,False,,bajo,True
2026-08-31 16:12:19,4027,2026-08-31 13:24:44,1,2026-08-31 13:24:44,False,,medio,False
2026-08-31 16:12:19,2292,2026-06-03 08:02:35,2,2026-06-03 08:02:35,False,,bajo,False
2026-08-31 16:12:19,2329,2026-06-03 08:44:35,2,2026-06-03 08:44:35,False,,bajo,False
2026-08-31 16:12:19,2454,2026-06-03 07:16:12,2,2026-06-03 07:16:12,False,,bajo,False
2026-08-31 16:12:19,2470,2026-06-03 08:25:54,2,2026-06-03 08:25:54,False,,bajo,False
2026-08-31 16:12:19,2479,2026-06-03 08:24:44,2,2026-06-03 08:24:44,False,,bajo,False
2026-08-31 16:12:19,2499,2026-06-03 06:29:57,2,2026-06-03 06:29:57,False,,bajo,False
2026-08-31 16:12:19,2507,2026-06-03 08:14:57,2,2026-06-03 08:14:57,False,,bajo,False
2026-08-31 16:12:19,2517,2026-06-03 07:30:55,2,2026-06-03 07:30:55,False,,bajo,False
2026-08-31 16:12:19,2532,2026-06-03 07:22:58,2,2026-06-03 07:22:58,False,,bajo,False
2026-08-31 16:12:19,2563,2026-06-03 08:43:14,2,2026-06-03 08:43:14,False,,bajo,False
2026-08-31 16:12:19,2620,2026-06-03 08:51:25,2,2026-06-03 08:51:25,False,,bajo,False
2026-08-31 16:12:19,2947,2026-06-03 07:46:53,2,2026-06-03 07:46:53,False,,bajo,False
2026-08-31 16:12:19,2968,2026-06-03 08:29:04,2,2026-06-03 08:29:04,False,,bajo,False
2026-08-31 16:12:19,3196,2026-06-03 06:38:18,2,2026-06-03 06:38:18,False,,bajo,False
2026-08-31 16:12:19,3206,2026-06-03 08:23:59,2,2026-06-03 08:23:59,False,,bajo,False
2026-08-31 16:12:19,2395,2026-06-03 08:40:16,3,2026-06-03 08:40:16,False,,bajo,False
2026-08-31 16:12:19,2405,2026-06-03 07:27:56,3,2026-06-03 07:27:56,False,,bajo,False
2026-08-31 16:12:19,2517,2026-06-03 07:30:55,3,2026-06-03 07:30:55,False,,bajo,False
2026-08-31 16:12:19,2529,2026-06-03 07:46:28,3,2026-06-03 07:46:28,False,,bajo,False
2026-08-31 16:12:19,2620,2026-06-03 08:51:25,3,2026-06-03 08:51:25,False,,bajo,False
2026-08-31 16:12:19,2630,2026-06-03 08:21:10,3,2026-06-03 08:21:10,False,,bajo,False
2026-08-31 16:12:19,2703,2026-06-03 07:20:39,3,2026-06-03 07:20:39,False,,bajo,False
2026-08-31 16:12:19,3053,2026-06-03 07:52:09,3,2026-06-03 07:52:09,False,,bajo,False
2026-08-31 16:12:19,3252,2026-06-03 06:40:45,3,2026-06-03 06:40:45,False,,bajo,False
2026-08-31 16:12:19,2228,2026-08-31 16:11:05,0,2026-08-31 16:11:05,True,2026-08-31 13:32:19,alto,False
2026-08-31 16:12:19,2291,2026-08-31 16:10:02,0,2026-08-31 16:10:02,True,2026-08-31 12:37:15,bajo,False
2026-08-31 16:12:19,2295,2026-08-31 16:11:07,0,2026-08-31 16:11:07,False,,bajo,True
2026-08-31 16:12:19,2297,2026-08-31 12:36:01,0,2026-08-31 12:36:01,False,,bajo,False
2026-08-31 16:12:19,2305,2026-08-31 16:11:05,0,2026-08-31 16:11:05,False,,alto,False
2026-08-31 16:12:19,2306,2026-08-31 16:09:14,0,2026-08-31 16:09:14,True,2026-08-31 12:56:03,alto,True
2026-08-31 16:12:19,2307,2026-08-31 16:11:26,0,2026-08-31 16:11:26,True,2026-08-31 11:18:32,bajo,False
2026-08-31 16:12:19,2308,2026-08-31 16:11:19,0,2026-08-31 16:11:19,True,2026-08-31 12:11:46,bajo,False
2026-08-31 16:12:19,2408,2026-08-31 16:09:22,0,2026-08-31 16:09:22,True,2026-08-31 12:21:29,alto,False
2026-08-31 16:12:19,2409,2025-05-07 18:03:24,0,2025-05-07 18:03:24,False,,bajo,False
2026-08-31 16:12:19,2416,2026-08-31 16:10:53,0,2026-08-31 16:10:53,False,,bajo,False
2026-08-31 16:12:19,2417,2026-08-31 13:21:45,0,2026-08-31 13:21:45,False,,medio,True
2026-08-31 16:12:19,2455,2026-08-31 06:22:49,0,2026-08-31 06:22:49,False,,bajo,False
2026-08-31 16:12:19,2462,2026-08-31 16:11:12,0,2026-08-31 16:11:12,True,2026-08-31 12:11:46,medio,False
2026-08-31 16:12:19,2486,2026-08-31 16:11:41,0,2026-08-31 16:11:41,False,,bajo,True
2026-08-31 16:12:19,2489,2026-08-31 16:11:01,0,2026-08-31 16:11:01,False,,bajo,True
2026-08-31 16:12:19,2522,2026-08-30 12:55:30,0,2026-08-30 12:55:30,False,,bajo,False
2026-08-31 16:12:19,2523,2026-08-31 08:10:15,0,2026-08-31 08:10:15,False,,bajo,True
2026-08-31 16:12:19,2543,2026-08-31 15:10:23,0,2026-08-31 15:10:23,False,,alto,False
2026-08-31 16:12:19,2555,2026-08-31 16:11:31,0,2026-08-31 16:11:31,True,2026-08-31 11:30:01,bajo,False
2026-08-31 16:12:19,2556,2026-08-31 16:11:42,0,2026-08-31 16:11:42,False,,medio,True
2026-08-31 16:12:19,2578,2026-08-31 14:39:46,0,2026-08-31 14:39:46,False,,alto,False
2026-08-31 16:12:19,2584,2026-08-31 15:36:57,0,2026-08-31 15:02:14,True,2026-08-31 15:36:57,medio,True
2026-08-31 16:12:19,2597,2026-08-31 16:10:42,0,2026-08-31 16:10:42,False,,medio,False
2026-08-31 16:12:19,2598,2026-08-31 15:53:39,0,2026-08-31 15:53:39,False,,bajo,True
2026-08-31 16:12:19,2600,2026-08-30 14:41:25,0,2026-08-30 14:41:25,False,,bajo,True
2026-08-31 16:12:19,2612,2026-08-31 16:02:24,0,2026-08-31 16:02:24,False,,bajo,False
2026-08-31 16:12:19,2615,2026-08-31 16:11:17,0,2026-08-31 16:11:17,True,2026-08-31 11:30:01,alto,True
2026-08-31 16:12:19,2633,2026-08-31 16:11:01,0,2026-08-31 16:11:01,False,,alto,True
2026-08-31 16:12:19,2640,2026-08-31 16:10:42,0,2026-08-31 16:10:42,True,2026-08-31 15:36:28,alto,False
2026-08-31 16:12:19,2643,2026-08-31 14:24:23,0,2026-08-30 08:24:22,True,2026-08-31 14:24:23,bajo,False
2026-08-31 16:12:19,2648,2026-08-31 16:11:20,0,2026-08-31 16:11:20,False,,bajo,True
2026-08-31 16:12:19,2651,2025-03-13 16:03:26,0,2025-03-13 16:03:26,False,,bajo,False
2026-08-31 16:12:19,2652,2026-08-31 16:11:18,0,2026-08-31 16:11:18,False,,bajo,False
2026-08-31 16:12:19,2656,2026-08-31 16:10:21,0,2026-08-31 16:10:21,False,,bajo,False
2026-08-31 16:12:19,2657,2026-08-31 16:11:32,0,2026-08-31 16:11:32,False,,alto,False
2026-08-31 16:12:19,2658,2025-03-13 16:03:26,0,2025-03-13 16:03:26,False,,bajo,False
2026-08-31 16:12:19,2663,2026-08-31 16:08:37,0,2026-08-31 16:08:37,False,,bajo,False
2026-08-31 16:12:19,2679,2026-08-31 16:11:21,0,2026-08-31 16:11:21,True,2026-08-31 14:24:23,bajo,False
2026-08-31 16:12:19,2697,2026-08-31 16:10:18,0,2026-08-31 16:10:18,True,2026-08-31 13:14:51,bajo,False
2026-08-31 16:12:19,2709,2026-08-31 16:11:28,0,2026-08-31 16:11:28,False,,bajo,False
2026-08-31 16:12:19,2729,2026-08-31 16:09:38,0,2026-08-31 16:09:38,False,,bajo,False
2026-08-31 16:12:19,2740,2026-08-31 16:09:59,0,2026-08-31 16:09:59,True,2026-08-31 15:12:27,bajo,False
2026-08-31 16:12:19,2753,2026-08-31 16:11:42,0,2026-08-31 16:11:42,True,2026-08-31 14:58:40,bajo,False
2026-08-31 16:12:19,2763,2026-08-29 17:12:32,0,2026-08-29 17:12:32,False,,medio,False
2026-08-31 16:12:19,2769,2026-08-29 13:51:17,0,2026-08-29 13:51:17,False,,bajo,False
2026-08-31 16:12:19,2782,2026-08-31 09:18:58,0,2026-08-31 09:18:58,False,,bajo,False
2026-08-31 16:12:19,2786,2026-08-31 16:10:24,0,2026-08-31 16:10:24,True,2026-08-31 11:59:35,bajo,True
2026-08-31 16:12:19,2789,2026-08-31 15:25:05,0,2026-08-28 19:38:57,True,2026-08-31 15:25:05,bajo,False
2026-08-31 16:12:19,2792,2026-08-31 14:56:12,0,2026-08-30 14:20:04,True,2026-08-31 14:56:12,bajo,True
2026-08-31 16:12:19,2794,2026-08-31 16:10:55,0,2026-08-31 16:10:55,True,2026-08-31 13:03:10,medio,False
2026-08-31 16:12:19,2800,2026-08-31 13:56:21,0,2026-08-31 13:56:21,False,,medio,False
2026-08-31 16:12:19,2825,2026-08-31 16:06:22,0,2026-08-31 16:06:22,False,,alto,False
2026-08-31 16:12:19,2829,2026-08-20 09:14:28,0,2026-08-20 09:14:28,False,,medio,True
2026-08-31 16:12:19,2853,2026-08-31 08:27:08,0,2026-08-31 08:27:08,False,,bajo,False
2026-08-31 16:12:19,2856,2026-08-30 08:46:31,0,2026-08-30 08:46:31,False,,bajo,False
2026-08-31 16:12:19,2866,2026-08-30 13:35:45,0,2026-08-30 13:35:45,False,,bajo,False
2026-08-31 16:12:19,2867,2026-08-30 10:25:23,0,2026-08-30 10:25:23,False,,bajo,False
2026-08-31 16:12:19,2877,2026-08-31 16:11:16,0,2026-08-31 16:11:16,False,,bajo,False
2026-08-31 16:12:19,2905,2026-08-31 16:11:31,0,2026-08-31 16:11:31,True,2026-08-31 15:32:20,bajo,True
2026-08-31 16:12:19,2909,2026-08-31 16:11:08,0,2026-08-31 16:11:08,False,,bajo,True
2026-08-31 16:12:19,2910,2026-08-31 16:09:08,0,2026-08-31 16:09:08,False,,bajo,False
2026-08-31 16:12:19,2916,2026-08-30 10:33:27,0,2026-08-30 10:33:27,False,,alto,False
2026-08-31 16:12:19,2941,2026-08-29 08:50:57,0,2026-08-29 08:50:57,False,,bajo,False
2026-08-31 16:12:19,2942,2026-08-31 14:10:42,0,2026-08-30 18:36:20,True,2026-08-31 14:10:42,bajo,True
2026-08-31 16:12:19,2946,2026-08-31 15:41:31,0,2026-08-31 15:41:31,True,2026-08-31 14:23:08,alto,True
2026-08-31 16:12:19,2950,2026-08-31 14:45:49,0,2026-08-30 19:19:23,True,2026-08-31 14:45:49,bajo,False
2026-08-31 16:12:19,2951,2026-08-31 15:48:06,0,2026-08-30 17:56:15,True,2026-08-31 15:48:06,bajo,False
2026-08-31 16:12:19,2954,2026-08-31 14:08:11,0,2026-08-31 14:08:11,False,,bajo,False
2026-08-31 16:12:19,2959,2026-08-31 15:29:25,0,2026-08-29 08:55:54,True,2026-08-31 15:29:25,bajo,False
2026-08-31 16:12:19,2989,2026-08-31 16:11:44,0,2026-08-31 16:11:44,True,2026-08-31 15:32:20,alto,True
2026-08-31 16:12:19,2991,2026-08-31 16:10:02,0,2026-08-31 16:10:02,False,,bajo,True
2026-08-31 16:12:19,3005,2026-08-31 16:11:33,0,2026-08-31 16:11:33,False,,bajo,True
2026-08-31 16:12:19,3012,2026-08-30 20:16:42,0,2026-08-30 20:16:42,False,,bajo,False
2026-08-31 16:12:19,3023,2026-08-31 15:08:39,0,2026-08-31 13:52:29,True,2026-08-31 15:08:39,bajo,True
2026-08-31 16:12:19,3032,2026-08-31 16:11:12,0,2026-08-31 16:11:12,False,,medio,False
2026-08-31 16:12:19,3043,2026-08-29 08:32:55,0,2026-08-29 08:32:55,False,,bajo,False
2026-08-31 16:12:19,3044,2026-08-31 16:08:08,0,2026-08-31 16:08:08,False,,alto,True
2026-08-31 16:12:19,3050,2026-08-31 07:50:45,0,2026-08-31 07:50:45,False,,medio,False
2026-08-31 16:12:19,3055,2026-08-31 16:08:24,0,2026-08-31 16:08:24,True,2026-08-31 12:32:04,alto,False
2026-08-31 16:12:19,3063,2026-08-31 16:10:59,0,2026-08-31 16:10:59,False,,bajo,False
2026-08-31 16:12:19,3066,2026-08-31 16:11:35,0,2026-08-31 16:11:35,False,,alto,False
2026-08-31 16:12:19,3073,2026-08-31 15:56:45,0,2026-08-31 15:56:45,True,2026-08-31 15:40:25,alto,True
2026-08-31 16:12:19,3077,2026-08-31 14:13:29,0,2026-08-31 14:13:29,False,,alto,False
2026-08-31 16:12:19,3081,2026-08-31 16:11:26,0,2026-08-31 16:11:26,False,,medio,False
2026-08-31 16:12:19,3090,2026-08-31 15:16:18,0,2026-08-30 11:24:13,True,2026-08-31 15:16:18,bajo,False
2026-08-31 16:12:19,3095,2026-08-31 16:10:40,0,2026-08-31 16:10:40,False,,bajo,True
2026-08-31 16:12:19,3098,2026-08-31 09:38:35,0,2026-08-31 09:38:35,False,,bajo,False
2026-08-31 16:12:19,3102,2026-08-31 15:01:37,0,2026-08-31 15:01:37,False,,bajo,False
2026-08-31 16:12:19,3115,2026-08-31 15:34:36,0,2026-08-31 15:34:36,False,,bajo,False
2026-08-31 16:12:19,3116,2025-03-13 16:03:27,0,2025-03-13 16:03:27,False,,bajo,False
2026-08-31 16:12:19,3124,2026-08-31 14:34:48,0,2026-08-31 14:34:48,False,,alto,False
2026-08-31 16:12:19,3133,2026-08-30 10:55:33,0,2026-08-30 10:55:33,False,,bajo,True
2026-08-31 16:12:19,3134,2026-08-31 12:17:03,0,2026-08-31 12:17:03,False,,medio,True
2026-08-31 16:12:19,3135,2026-08-30 07:16:57,0,2026-08-30 07:16:57,False,,alto,False
2026-08-31 16:12:19,3140,2026-08-29 19:38:58,0,2026-08-29 19:38:58,False,,bajo,True
2026-08-31 16:12:19,3149,2026-08-31 10:44:48,0,2026-08-31 10:44:48,False,,alto,False
2026-08-31 16:12:19,3158,2026-08-31 15:41:14,0,2026-08-31 06:59:12,True,2026-08-31 15:41:14,bajo,False
2026-08-31 16:12:19,3168,2025-03-13 16:03:26,0,2025-03-13 16:03:26,False,,bajo,False
2026-08-31 16:12:19,3171,2026-08-30 14:59:19,0,2026-08-30 14:59:19,False,,bajo,True
2026-08-31 16:12:19,3192,2026-08-31 16:11:14,0,2026-08-31 16:11:14,False,,bajo,True
2026-08-31 16:12:19,3211,2026-08-31 16:11:23,0,2026-08-31 16:11:23,True,2026-08-31 12:56:03,bajo,False
2026-08-31 16:12:19,3212,2026-08-31 10:30:54,0,2026-08-31 10:30:54,False,,bajo,False
2026-08-31 16:12:19,3213,2026-08-31 15:39:43,0,2026-08-31 13:30:44,True,2026-08-31 15:39:43,bajo,True
2026-08-31 16:12:19,3234,2026-08-31 00:19:58,0,2026-08-31 00:19:58,False,,bajo,False
2026-08-31 16:12:19,3237,2026-08-31 09:38:09,0,2026-08-31 09:38:09,False,,bajo,False
2026-08-31 16:12:19,3251,2026-08-31 16:11:28,0,2026-08-31 16:11:28,True,2026-08-31 13:43:41,bajo,False
2026-08-31 16:12:19,3258,2026-08-03 14:55:48,0,2026-08-03 14:55:48,False,,alto,False
2026-08-31 16:12:19,3267,2026-08-31 16:08:54,0,2026-08-31 16:08:54,False,,bajo,False
2026-08-31 16:12:19,4023,2026-08-31 16:11:23,0,2026-08-31 16:11:23,True,2026-08-31 14:22:18,alto,False
2026-08-31 16:12:19,4026,2026-08-31 15:26:46,0,2026-08-31 12:35:32,True,2026-08-31 15:26:46,bajo,False
2026-08-31 16:12:19,4029,2026-08-31 15:30:55,0,2026-08-31 15:30:55,False,,bajo,True
2026-08-31 16:12:19,2291,2026-08-31 15:40:26,1,2026-08-31 10:20:27,True,2026-08-31 15:40:26,bajo,True
2026-08-31 16:12:19,2297,2026-08-31 15:39:12,1,2026-08-29 12:45:03,True,2026-08-31 15:39:12,bajo,False
2026-08-31 16:12:19,2305,2026-08-31 15:26:52,1,2026-08-31 15:26:52,False,,bajo,False
2026-08-31 16:12:19,2306,2026-08-30 06:56:38,1,2026-08-30 06:56:38,False,,bajo,False
2026-08-31 16:12:19,2307,2026-08-31 14:35:47,1,2026-08-31 14:35:47,False,,alto,False
2026-08-31 16:12:19,2308,2026-08-31 14:17:24,1,2026-08-31 14:17:24,False,,alto,False
2026-08-31 16:12:19,2408,2026-08-31 16:09:53,1,2026-08-31 16:09:53,False,,bajo,False
2026-08-31 16:12:19,2409,2025-08-30 10:05:33,1,2025-08-30 10:05:33,False,,bajo,False
2026-08-31 16:12:19,2416,2026-08-31 11:57:25,1,2026-08-31 11:57:25,False,,bajo,False
2026-08-31 16:12:19,2417,2026-08-31 11:00:37,1,2026-08-31 11:00:37,False,,alto,False
2026-08-31 16:12:19,2455,2026-08-31 16:02:20,1,2026-08-31 16:02:20,True,2026-08-31 13:21:15,bajo,False
2026-08-31 16:12:19,2486,2026-08-31 10:11:51,1,2026-08-31 10:11:51,False,,bajo,False
2026-08-31 16:12:19,2489,2025-08-27 05:35:03,1,2025-08-27 05:35:03,False,,bajo,False
2026-08-31 16:12:19,2523,2025-03-13 16:03:26,1,2025-03-13 16:03:26,False,,bajo,False
2026-08-31 16:12:19,2543,2026-08-31 11:05:43,1,2026-08-31 11:05:43,False,,alto,False
2026-08-31 16:12:19,2555,2026-08-30 01:17:40,1,2026-08-30 01:17:40,False,,bajo,False
2026-08-31 16:12:19,2578,2026-08-31 15:41:24,1,2026-08-29 23:42:36,True,2026-08-31 15:41:24,alto,False
2026-08-31 16:12:19,2584,2026-08-31 15:36:57,1,2026-08-29 19:45:51,True,2026-08-31 15:36:57,bajo,False
2026-08-31 16:12:19,2597,2026-08-31 12:05:52,1,2026-08-31 12:05:52,False,,alto,False
2026-08-31 16:12:19,2600,2026-08-31 16:04:46,1,2026-08-31 16:04:46,True,2026-08-31 13:20:00,bajo,False
2026-08-31 16:12:19,2612,2026-08-31 15:41:24,1,2026-08-29 20:06:48,True,2026-08-31 15:41:24,bajo,False
2026-08-31 16:12:19,2640,2026-08-31 15:43:03,1,2026-08-31 15:43:03,True,2026-08-31 12:32:21,alto,False
2026-08-31 16:12:19,2643,2026-08-31 15:58:13,1,2026-08-31 15:58:13,False,,alto,False
2026-08-31 16:12:19,2648,2026-07-03 08:32:22,1,2026-07-03 08:32:22,False,,bajo,False
2026-08-31 16:12:19,2651,2026-08-31 15:59:44,1,2026-08-31 15:59:44,False,,bajo,False
2026-08-31 16:12:19,2656,2026-08-31 16:09:28,1,2026-08-31 16:09:28,True,2026-08-31 10:58:43,bajo,False
2026-08-31 16:12:19,2657,2026-08-31 14:31:59,1,2026-08-31 14:31:59,False,,bajo,False
2026-08-31 16:12:19,2658,2026-08-30 06:52:31,1,2026-08-30 06:52:31,False,,bajo,False
2026-08-31 16:12:19,2663,2026-08-31 15:16:04,1,2026-08-31 15:16:04,False,,bajo,False
2026-08-31 16:12:19,2679,2026-08-31 14:33:25,1,2026-08-29 22:07:33,True,2026-08-31 14:33:25,medio,False
2026-08-31 16:12:19,2697,2026-08-31 15:57:25,1,2026-08-31 15:57:25,False,,alto,False
2026-08-31 16:12:19,2709,2026-08-31 15:09:49,1,2026-08-31 15:09:49,False,,bajo,False
2026-08-31 16:12:19,2729,2026-08-31 14:16:12,1,2026-08-31 14:16:12,False,,medio,False
2026-08-31 16:12:19,2740,2026-08-31 16:03:45,1,2026-08-31 16:03:45,True,2026-08-31 15:12:27,bajo,False
2026-08-31 16:12:19,2753,2026-08-31 16:10:00,1,2026-08-31 16:10:00,True,2026-08-31 14:58:40,bajo,False
2026-08-31 16:12:19,2763,2026-08-28 22:15:50,1,2026-08-28 22:15:50,False,,bajo,False
2026-08-31 16:12:19,2769,2026-08-31 15:56:43,1,2026-08-31 15:56:43,True,2026-08-31 13:58:20,alto,False
2026-08-31 16:12:19,2782,2026-08-29 21:55:05,1,2026-08-29 21:55:05,False,,alto,False
2026-08-31 16:12:19,2786,2026-08-31 16:04:16,1,2026-08-31 16:04:16,True,2026-08-31 14:37:54,bajo,False
2026-08-31 16:12:19,2789,2026-08-31 15:25:05,1,2026-08-28 13:56:44,True,2026-08-31 15:25:05,bajo,False
2026-08-31 16:12:19,2792,2026-08-31 16:09:54,1,2026-08-31 16:09:54,True,2026-08-31 14:56:12,bajo,True
2026-08-31 16:12:19,2794,2026-08-31 16:10:37,1,2026-08-31 16:10:37,True,2026-08-31 14:37:54,alto,False
2026-08-31 16:12:19,2800,2026-08-31 12:31:29,1,2026-08-31 12:31:29,False,,alto,False
2026-08-31 16:12:19,2825,2026-08-31 16:08:21,1,2026-08-31 16:08:21,False,,medio,False
2026-08-31 16:12:19,2829,2026-08-19 10:39:26,1,2026-08-19 10:39:26,False,,alto,False
2026-08-31 16:12:19,2853,2025-03-13 16:03:26,1,2025-03-13 16:03:26,False,,bajo,False
2026-08-31 16:12:19,2856,2026-08-29 21:23:17,1,2026-08-29 21:23:17,False,,bajo,False
2026-08-31 16:12:19,2866,2026-08-30 08:19:50,1,2026-08-30 08:19:50,False,,bajo,False
2026-08-31 16:12:19,2867,2026-08-29 19:40:43,1,2026-08-29 19:40:43,False,,bajo,False
2026-08-31 16:12:19,2877,2026-08-31 11:39:11,1,2026-08-31 11:39:11,False,,alto,False
2026-08-31 16:12:19,2905,2026-08-31 16:07:47,1,2026-08-31 16:07:47,True,2026-08-31 12:26:06,bajo,False
2026-08-31 16:12:19,2909,2026-08-31 13:38:18,1,2026-08-31 13:38:18,False,,bajo,True
2026-08-31 16:12:19,2910,2026-08-31 16:11:19,1,2026-08-31 16:11:19,False,,bajo,False
2026-08-31 16:12:19,2916,2026-08-30 12:26:55,1,2026-08-30 12:26:55,False,,alto,False
2026-08-31 16:12:19,2941,2026-08-31 16:05:54,1,2026-08-31 16:05:54,True,2026-08-31 12:59:50,bajo,False
2026-08-31 16:12:19,2942,2026-08-31 14:55:16,1,2026-08-28 20:17:15,True,2026-08-31 14:55:16,bajo,False
2026-08-31 16:12:19,2946,2026-08-31 16:07:23,1,2026-08-31 16:07:23,True,2026-08-31 14:23:08,alto,False
2026-08-31 16:12:19,2950,2026-08-31 14:45:49,1,2026-08-29 22:23:18,True,2026-08-31 14:45:49,bajo,False
2026-08-31 16:12:19,2951,2026-08-31 15:48:06,1,2026-08-30 11:04:25,True,2026-08-31 15:48:06,bajo,False
2026-08-31 16:12:19,2954,2026-08-31 14:45:23,1,2026-08-31 14:45:23,False,,bajo,False
2026-08-31 16:12:19,2959,2026-08-31 15:29:25,1,2026-08-28 12:17:21,True,2026-08-31 15:29:25,bajo,False
2026-08-31 16:12:19,2989,2026-06-03 00:01:32,1,2026-06-03 00:01:32,False,,bajo,False
2026-08-31 16:12:19,2991,2026-06-03 00:11:39,1,2026-06-03 00:11:39,False,,bajo,False
2026-08-31 16:12:19,3005,2026-08-31 16:06:53,1,2026-08-31 16:06:53,False,,medio,False
2026-08-31 16:12:19,3012,2026-08-31 16:05:39,1,2026-08-31 16:05:39,True,2026-08-31 12:59:50,bajo,False
2026-08-31 16:12:19,3023,2026-08-31 15:08:39,1,2026-08-29 22:40:48,True,2026-08-31 15:08:39,bajo,False
2026-08-31 16:12:19,3032,2026-08-31 15:48:32,1,2026-08-31 15:48:32,False,,alto,False
2026-08-31 16:12:19,3043,2026-08-30 06:15:03,1,2026-08-30 06:15:03,False,,bajo,False
2026-08-31 16:12:19,3050,2025-03-13 16:03:26,1,2025-03-13 16:03:26,False,,bajo,False
2026-08-31 16:12:19,3055,2026-08-31 16:09:56,1,2026-08-31 16:09:56,False,,alto,False
2026-08-31 16:12:19,3063,2026-08-31 15:39:12,1,2026-08-29 22:50:43,True,2026-08-31 15:39:12,bajo,False
2026-08-31 16:12:19,3066,2026-08-31 14:35:27,1,2026-08-31 14:35:27,False,,bajo,False
2026-08-31 16:12:19,3073,2026-08-31 15:40:25,1,2026-08-31 14:55:52,True,2026-08-31 15:40:25,medio,False
2026-08-31 16:12:19,3077,2026-08-31 11:46:47,1,2026-08-31 11:46:47,False,,bajo,False
2026-08-31 16:12:19,3081,2026-08-31 14:46:21,1,2026-08-31 14:46:21,False,,medio,False
2026-08-31 16:12:19,3090,2026-08-31 15:16:18,1,2026-08-30 07:56:31,True,2026-08-31 15:16:18,bajo,False
2026-08-31 16:12:19,3095,2026-08-31 16:06:15,1,2026-08-31 16:06:15,False,,medio,False
2026-08-31 16:12:19,3098,2026-08-31 09:36:35,1,2026-08-31 09:36:35,False,,medio,False
2026-08-31 16:12:19,3115,2026-08-31 16:09:43,1,2026-08-31 16:09:43,True,2026-08-31 13:07:11,bajo,False
2026-08-31 16:12:19,3124,2026-08-31 14:15:25,1,2026-08-31 14:15:25,False,,bajo,False
2026-08-31 16:12:19,3133,2026-08-30 06:39:05,1,2026-08-30 06:39:05,False,,bajo,False
2026-08-31 16:12:19,3134,2026-08-31 15:27:59,1,2026-08-30 06:45:00,True,2026-08-31 15:27:59,bajo,False
2026-08-31 16:12:19,3135,2026-08-31 15:42:37,1,2026-08-29 20:36:35,True,2026-08-31 15:42:37,bajo,False
2026-08-31 16:12:19,3149,2026-08-29 14:21:47,1,2026-08-29 14:21:47,False,,alto,False
2026-08-31 16:12:19,3158,2026-08-31 15:41:14,1,2026-08-30 10:47:00,True,2026-08-31 15:41:14,bajo,False
2026-08-31 16:12:19,3171,2026-08-29 09:55:39,1,2026-08-29 09:55:39,False,,bajo,False
2026-08-31 16:12:19,3212,2026-08-30 15:12:12,1,2026-08-30 15:12:12,False,,medio,False
2026-08-31 16:12:19,3213,2026-08-31 16:10:55,1,2026-08-31 16:10:55,True,2026-08-31 15:39:43,bajo,False
2026-08-31 16:12:19,3258,2026-08-31 16:00:02,1,2026-08-31 16:00:02,False,,bajo,False
2026-08-31 16:12:19,3267,2026-08-30 09:56:35,1,2026-08-30 09:56:35,False,,bajo,False
2026-08-31 16:12:19,3276,2026-08-31 15:27:59,1,2026-08-31 14:59:31,True,2026-08-31 15:27:59,bajo,False
2026-08-31 16:12:19,4023,2026-08-31 15:50:56,1,2026-08-31 15:50:56,True,2026-08-31 14:22:18,medio,False
2026-08-31 16:12:19,4026,2026-08-31 15:26:46,1,2026-08-31 13:49:38,True,2026-08-31 15:26:46,bajo,True
2026-08-31 16:12:19,4029,2026-08-31 11:45:45,1,2026-08-31 11:45:45,False,,bajo,False
2026-08-31 16:12:19,2228,2026-06-03 08:18:35,2,2026-06-03 08:18:35,False,,bajo,False
2026-08-31 16:12:19,2305,2026-06-03 06:05:23,2,2026-06-03 06:05:23,False,,bajo,False
2026-08-31 16:12:19,2455,2026-06-03 08:41:04,2,2026-06-03 08:41:04,False,,bajo,False
2026-08-31 16:12:19,2462,2026-08-13 15:52:51,2,2026-08-13 15:52:51,False,,bajo,False
2026-08-31 16:12:19,2489,2026-06-03 02:55:41,2,2026-06-03 02:55:41,False,,bajo,False
2026-08-31 16:12:19,2556,2026-06-03 08:33:18,2,2026-06-03 08:33:18,False,,bajo,False
2026-08-31 16:12:19,2633,2026-06-03 08:07:23,2,2026-06-03 08:07:23,False,,bajo,False
2026-08-31 16:12:19,2648,2026-06-03 00:17:04,2,2026-06-03 00:17:04,False,,bajo,False
2026-08-31 16:12:19,2657,2026-06-03 06:00:43,2,2026-06-03 06:00:43,False,,bajo,False
2026-08-31 16:12:19,2763,2026-06-03 08:29:55,2,2026-06-03 08:29:55,False,,bajo,False
2026-08-31 16:12:19,2905,2026-06-03 06:33:05,2,2026-06-03 06:33:05,False,,bajo,False
2026-08-31 16:12:19,2950,2026-08-25 15:00:09,2,2026-08-25 15:00:09,False,,alto,False
2026-08-31 16:12:19,3055,2026-06-03 06:12:12,2,2026-06-03 06:12:12,False,,bajo,False
2026-08-31 16:12:19,3063,2026-06-03 08:39:31,2,2026-06-03 08:39:31,False,,bajo,False
2026-08-31 16:12:19,3134,2026-06-03 06:13:07,2,2026-06-03 06:13:07,False,,bajo,False
2026-08-31 16:12:19,3192,2026-06-03 06:29:23,2,2026-06-03 06:29:23,False,,bajo,False
2026-08-31 16:12:19,3194,2026-06-03 08:28:56,2,2026-06-03 08:28:56,False,,bajo,False
2026-08-31 16:12:19,3211,2026-06-03 07:21:15,2,2026-06-03 07:21:15,False,,bajo,False
2026-08-31 16:12:19,3213,2026-07-22 03:30:47,2,2026-07-22 03:30:47,False,,bajo,False
2026-08-31 16:12:19,3237,2026-06-03 08:08:14,2,2026-06-03 08:08:14,False,,bajo,False
2026-08-31 16:12:19,2348,2026-08-31 16:11:08,0,2026-08-31 16:11:08,False,,bajo,True
2026-08-31 16:12:19,2353,2026-08-31 16:11:42,0,2026-08-31 16:11:42,True,2026-08-31 11:28:17,alto,False
2026-08-31 16:12:19,2355,2026-08-31 15:07:26,0,2026-08-30 12:54:36,True,2026-08-31 15:07:26,alto,False
2026-08-31 16:12:19,2356,2026-08-31 16:11:15,0,2026-08-31 16:11:15,True,2026-08-31 13:32:48,bajo,False
2026-08-31 16:12:19,2535,2026-08-31 16:10:05,0,2026-08-31 16:10:05,True,2026-08-31 14:40:03,bajo,False
2026-08-31 16:12:19,2549,2026-08-31 08:29:15,0,2026-08-31 08:29:15,False,,bajo,False
2026-08-31 16:12:19,2564,2026-08-31 15:40:40,0,2026-08-30 12:33:12,True,2026-08-31 15:40:40,bajo,False
2026-08-31 16:12:19,2577,2026-08-31 15:14:53,0,2026-08-31 15:14:53,False,,bajo,True
2026-08-31 16:12:19,2585,2026-08-31 16:11:31,0,2026-08-31 16:11:31,True,2026-08-31 11:39:09,bajo,False
2026-08-31 16:12:19,2589,2026-08-29 22:45:31,0,2026-08-29 22:45:31,False,,bajo,False
2026-08-31 16:12:19,2595,2026-08-31 16:05:36,0,2026-08-31 16:05:36,False,,medio,False
2026-08-31 16:12:19,2605,2026-08-31 16:11:09,0,2026-08-31 16:11:09,True,2026-08-31 11:04:24,alto,False
2026-08-31 16:12:19,2624,2026-08-31 16:10:32,0,2026-08-31 16:10:32,False,,medio,True
2026-08-31 16:12:19,2636,2026-08-30 17:05:44,0,2026-08-30 17:05:44,False,,bajo,False
2026-08-31 16:12:19,2637,2026-08-31 16:10:17,0,2026-08-31 16:10:17,True,2026-08-31 13:28:17,bajo,False
2026-08-31 16:12:19,2638,2025-03-13 16:03:26,0,2025-03-13 16:03:26,False,,bajo,False
2026-08-31 16:12:19,2641,2026-08-30 18:17:56,0,2026-08-30 18:17:56,False,,bajo,False
2026-08-31 16:12:19,2644,2026-08-30 15:09:46,0,2026-08-30 15:09:46,False,,bajo,False
2026-08-31 16:12:19,2650,2026-04-03 16:21:31,0,2026-04-03 16:21:31,False,,bajo,False
2026-08-31 16:12:19,2672,2026-08-18 03:18:38,0,2026-08-18 03:18:38,False,,bajo,False
2026-08-31 16:12:19,2674,2026-08-31 16:08:46,0,2026-08-31 16:08:46,True,2026-08-31 13:28:13,bajo,False
2026-08-31 16:12:19,2684,2026-08-31 15:14:35,0,2026-08-30 13:31:36,True,2026-08-31 15:14:35,bajo,False
2026-08-31 16:12:19,2692,2026-08-31 16:11:04,0,2026-08-31 16:11:04,True,2026-08-31 13:28:24,bajo,False
2026-08-31 16:12:19,2720,2026-08-30 19:23:37,0,2026-08-30 19:23:37,False,,bajo,False
2026-08-31 16:12:19,2886,2026-08-31 16:08:13,0,2026-08-31 16:08:13,True,2026-08-31 14:51:08,bajo,True
2026-08-31 16:12:19,3000,2026-08-31 16:11:11,0,2026-08-31 16:11:11,False,,bajo,True
2026-08-31 16:12:19,3001,2026-08-31 16:11:26,0,2026-08-31 16:11:26,False,,bajo,True
2026-08-31 16:12:19,3007,2026-08-31 16:10:24,0,2026-08-31 16:10:24,True,2026-08-31 14:40:06,bajo,True
2026-08-31 16:12:19,3015,2026-08-31 09:43:18,0,2026-08-31 09:43:18,False,,bajo,False
2026-08-31 16:12:19,3034,2026-08-31 15:39:12,0,2026-08-30 02:39:01,True,2026-08-31 15:39:12,bajo,False
2026-08-31 16:12:19,3091,2026-08-30 15:22:07,0,2026-08-30 15:22:07,False,,bajo,False
2026-08-31 16:12:19,3125,2026-08-31 10:30:41,0,2026-08-31 10:30:41,False,,bajo,True
2026-08-31 16:12:19,3236,2026-08-30 16:38:33,0,2026-08-30 16:38:33,False,,bajo,False
2026-08-31 16:12:19,3275,2026-08-25 18:48:20,0,2026-08-25 18:48:20,False,,bajo,False
2026-08-31 16:12:19,2348,2026-08-31 12:37:36,1,2026-08-31 12:37:36,False,,bajo,False
2026-08-31 16:12:19,2353,2026-08-31 16:05:04,1,2026-08-31 16:05:04,False,,alto,True
2026-08-31 16:12:19,2355,2026-08-31 16:10:29,1,2026-08-31 16:10:29,False,,medio,True
2026-08-31 16:12:19,2356,2026-08-31 16:07:00,1,2026-08-31 16:07:00,False,,bajo,True
2026-08-31 16:12:19,2535,2026-08-31 16:11:35,1,2026-08-31 16:11:35,False,,bajo,True
2026-08-31 16:12:19,2549,2026-08-31 10:58:38,1,2026-08-31 10:58:38,False,,bajo,False
2026-08-31 16:12:19,2564,2026-08-31 15:49:27,1,2026-08-31 15:49:27,False,,bajo,False
2026-08-31 16:12:19,2577,2026-08-29 15:55:43,1,2026-08-29 15:55:43,False,,bajo,False
2026-08-31 16:12:19,2585,2025-12-11 16:55:33,1,2025-12-11 16:55:33,False,,bajo,False
2026-08-31 16:12:19,2589,2026-08-29 22:49:21,1,2026-08-29 22:49:21,False,,bajo,False
2026-08-31 16:12:19,2595,2026-08-30 11:54:32,1,2026-08-30 11:54:32,False,,medio,False
2026-08-31 16:12:19,2605,2026-08-29 17:39:05,1,2026-08-29 17:39:05,False,,bajo,False
2026-08-31 16:12:19,2624,2026-08-31 14:34:00,1,2026-08-30 14:56:12,True,2026-08-31 14:34:00,medio,False
2026-08-31 16:12:19,2636,2026-08-31 06:50:51,1,2026-08-31 06:50:51,False,,bajo,False
2026-08-31 16:12:19,2637,2026-08-31 15:36:10,1,2026-08-31 15:36:10,False,,bajo,True
2026-08-31 16:12:19,2638,2025-03-13 16:03:26,1,2025-03-13 16:03:26,False,,bajo,False
2026-08-31 16:12:19,2641,2026-08-30 08:12:32,1,2026-08-30 08:12:32,False,,bajo,False
2026-08-31 16:12:19,2644,2026-08-31 16:10:03,1,2026-08-31 16:10:03,False,,bajo,True
2026-08-31 16:12:19,2650,2025-12-17 11:02:46,1,2025-12-17 11:02:46,False,,bajo,False
2026-08-31 16:12:19,2672,2026-08-18 10:46:23,1,2026-08-18 10:46:23,False,,bajo,False
2026-08-31 16:12:19,2674,2026-08-31 16:09:58,1,2026-08-31 16:09:58,False,,bajo,False
2026-08-31 16:12:19,2684,2026-08-31 14:40:05,1,2026-08-31 14:40:05,False,,bajo,True
2026-08-31 16:12:19,2692,2026-08-31 15:23:34,1,2026-08-31 15:23:34,False,,alto,True
2026-08-31 16:12:19,2720,2026-08-30 12:48:39,1,2026-08-30 12:48:39,False,,bajo,False
2026-08-31 16:12:19,2886,2026-08-31 16:10:42,1,2026-08-31 16:10:42,False,,bajo,True
2026-08-31 16:12:19,3000,2026-08-31 06:08:52,1,2026-08-31 06:08:52,False,,bajo,True
2026-08-31 16:12:19,3001,2026-01-05 08:26:33,1,2026-01-05 08:26:33,False,,bajo,False
2026-08-31 16:12:19,3007,2026-08-31 16:10:33,1,2026-08-31 16:10:33,False,,bajo,False
2026-08-31 16:12:19,3015,2026-08-31 10:46:20,1,2026-08-31 10:46:20,False,,bajo,False
2026-08-31 16:12:19,3034,2026-08-31 09:49:06,1,2026-08-31 09:49:06,False,,bajo,False
2026-08-31 16:12:19,3091,2026-08-30 09:19:12,1,2026-08-30 09:19:12,False,,bajo,False
2026-08-31 16:12:19,3125,2026-08-30 08:22:13,1,2026-08-30 08:22:13,False,,bajo,False
2026-08-31 16:12:19,3236,2026-08-31 11:55:47,1,2026-08-31 11:55:47,False,,bajo,False
2026-08-31 16:12:19,3275,2026-08-31 16:09:11,1,2026-08-31 16:09:11,False,,bajo,False
2026-08-31 16:12:19,2589,2025-03-13 16:03:26,2,2025-03-13 16:03:26,False,,bajo,False
2026-08-31 16:12:19,2333,2026-06-03 07:34:42,0,2026-06-03 07:34:42,False,,bajo,False
2026-08-31 16:12:19,2338,2026-08-30 18:20:38,0,2026-08-30 18:20:38,False,,medio,False
2026-08-31 16:12:19,2345,2026-08-31 16:10:59,0,2026-08-31 16:10:59,True,2026-08-31 15:13:18,bajo,False
2026-08-31 16:12:19,2346,2026-08-30 23:47:06,0,2026-08-30 23:47:06,False,,bajo,False
2026-08-31 16:12:19,2425,2026-08-31 16:11:05,0,2026-08-31 16:11:05,False,,bajo,False
2026-08-31 16:12:19,2444,2026-08-31 16:11:04,0,2026-08-31 16:11:04,False,,bajo,False
2026-08-31 16:12:19,2481,2026-08-30 05:31:44,0,2026-08-30 05:31:44,False,,bajo,False
2026-08-31 16:12:19,2502,2026-08-31 16:01:42,0,2026-08-31 16:01:42,True,2026-08-31 13:24:10,alto,False
2026-08-31 16:12:19,2514,2026-08-31 16:10:17,0,2026-08-31 16:10:17,True,2026-08-31 13:24:52,medio,False
2026-08-31 16:12:19,2515,2026-08-31 16:10:54,0,2026-08-31 16:10:54,True,2026-08-31 13:46:18,bajo,False
2026-08-31 16:12:19,2537,2026-08-30 07:11:38,0,2026-08-30 07:11:38,False,,bajo,False
2026-08-31 16:12:19,2601,2026-08-31 16:10:46,0,2026-08-31 16:10:46,True,2026-08-31 14:34:59,alto,False
2026-08-31 16:12:19,2617,2026-08-31 16:07:05,0,2026-08-31 16:07:05,False,,bajo,False
2026-08-31 16:12:19,2618,2026-08-31 16:11:38,0,2026-08-31 16:11:38,True,2026-08-31 15:24:42,alto,False
2026-08-31 16:12:19,2645,2026-08-31 16:09:38,0,2026-08-31 16:09:38,True,2026-08-31 13:54:38,bajo,False
2026-08-31 16:12:19,2725,2026-08-31 16:11:32,0,2026-08-31 16:11:32,False,,bajo,False
2026-08-31 16:12:19,2727,2026-08-31 16:10:41,0,2026-08-31 16:10:41,False,,bajo,False
2026-08-31 16:12:19,2787,2026-08-31 16:09:10,0,2026-08-31 16:09:10,True,2026-08-31 15:25:52,bajo,True
2026-08-31 16:12:19,2883,2026-08-31 16:11:01,0,2026-08-31 16:11:01,False,,bajo,False
2026-08-31 16:12:19,2885,2026-08-31 15:24:07,0,2026-08-30 16:51:18,True,2026-08-31 15:24:07,bajo,True
2026-08-31 16:12:19,2888,2026-08-31 16:11:35,0,2026-08-31 16:11:35,True,2026-08-31 12:08:26,bajo,False
2026-08-31 16:12:19,2957,2026-08-31 15:19:50,0,2026-08-31 15:19:50,True,2026-08-31 13:36:16,alto,False
2026-08-31 16:12:19,2960,2026-08-31 15:51:50,0,2026-08-31 15:51:50,True,2026-08-31 13:33:45,medio,False
2026-08-31 16:12:19,3003,2026-08-31 16:11:35,0,2026-08-31 16:11:35,True,2026-08-31 14:33:48,bajo,False
2026-08-31 16:12:19,3004,2026-08-30 23:20:45,0,2026-08-30 23:20:45,False,,bajo,False
2026-08-31 16:12:19,3047,2026-08-31 16:09:59,0,2026-08-31 16:09:59,False,,bajo,False
2026-08-31 16:12:19,3062,2026-08-31 16:09:53,0,2026-08-31 16:09:53,True,2026-08-31 15:27:45,bajo,False
2026-08-31 16:12:19,3071,2026-08-29 21:30:20,0,2026-08-29 21:30:20,False,,bajo,False
2026-08-31 16:12:19,3136,2026-08-31 16:11:30,0,2026-08-31 16:11:30,True,2026-08-31 12:40:03,bajo,False
2026-08-31 16:12:19,3174,2026-08-31 16:09:04,0,2026-08-31 16:09:04,False,,bajo,False
2026-08-31 16:12:19,3175,2026-08-31 16:09:49,0,2026-08-31 16:09:49,True,2026-08-31 13:20:22,bajo,True
2026-08-31 16:12:19,3262,2026-08-31 15:29:11,0,2026-08-30 15:20:04,True,2026-08-31 15:29:11,bajo,True
2026-08-31 16:12:19,3277,2026-08-31 15:49:33,0,2026-08-31 15:49:33,True,2026-08-31 14:58:19,medio,False
2026-08-31 16:12:19,2333,2026-06-03 07:34:43,1,2026-06-03 07:34:43,False,,bajo,False
2026-08-31 16:12:19,2338,2026-08-31 16:07:11,1,2026-08-31 16:07:11,True,2026-08-31 11:03:38,alto,False
2026-08-31 16:12:19,2345,2026-08-31 16:10:58,1,2026-08-31 16:10:58,True,2026-08-31 13:23:35,bajo,False
2026-08-31 16:12:19,2346,2026-08-31 16:09:35,1,2026-08-31 16:09:35,True,2026-08-31 13:26:54,bajo,True
2026-08-31 16:12:19,2425,2026-08-31 14:32:44,1,2026-08-31 14:32:44,False,,bajo,False
2026-08-31 16:12:19,2444,2026-08-31 16:03:27,1,2026-08-31 16:03:27,False,,bajo,False
2026-08-31 16:12:19,2481,2026-08-31 15:19:43,1,2026-08-31 15:19:43,True,2026-08-31 11:02:00,bajo,False
2026-08-31 16:12:19,2502,2026-08-31 15:48:50,1,2026-08-31 15:48:50,True,2026-08-31 13:24:10,alto,False
2026-08-31 16:12:19,2514,2026-08-31 16:10:43,1,2026-08-31 16:10:43,True,2026-08-31 14:57:40,alto,False
2026-08-31 16:12:19,2515,2026-08-31 16:10:54,1,2026-08-31 16:10:54,True,2026-08-31 14:35:40,bajo,True
2026-08-31 16:12:19,2537,2026-08-31 16:06:01,1,2026-08-31 16:06:01,False,,medio,False
2026-08-31 16:12:19,2601,2026-08-31 16:04:06,1,2026-08-31 16:04:06,True,2026-08-31 12:27:24,medio,False
2026-08-31 16:12:19,2617,2026-08-30 09:46:29,1,2026-08-30 09:46:29,False,,bajo,False
2026-08-31 16:12:19,2618,2026-08-31 15:24:56,1,2026-08-31 15:24:56,True,2026-08-31 12:09:28,alto,False
2026-08-31 16:12:19,2645,2026-08-31 16:10:28,1,2026-08-31 16:10:28,True,2026-08-31 12:04:44,bajo,False
2026-08-31 16:12:19,2725,2026-08-31 16:10:05,1,2026-08-31 16:10:05,False,,bajo,False
2026-08-31 16:12:19,2727,2026-08-31 16:09:25,1,2026-08-31 16:09:25,False,,bajo,True
2026-08-31 16:12:19,2787,2026-08-31 16:03:53,1,2026-08-31 16:03:53,True,2026-08-31 15:25:52,bajo,False
2026-08-31 16:12:19,2883,2026-08-31 15:37:12,1,2026-08-31 15:37:12,False,,bajo,False
2026-08-31 16:12:19,2885,2026-08-31 15:24:07,1,2026-08-31 12:42:37,True,2026-08-31 15:24:07,bajo,True
2026-08-31 16:12:19,2888,2026-08-31 16:02:38,1,2026-08-31 16:02:38,False,,bajo,False
2026-08-31 16:12:19,2957,2026-08-31 16:09:33,1,2026-08-31 16:09:33,True,2026-08-31 13:36:16,alto,False
2026-08-31 16:12:19,2960,2026-08-31 16:08:10,1,2026-08-31 16:08:10,True,2026-08-31 13:33:45,alto,False
2026-08-31 16:12:19,3003,2026-08-31 16:11:36,1,2026-08-31 16:11:36,True,2026-08-31 14:33:48,bajo,True
2026-08-31 16:12:19,3004,2026-06-03 08:58:20,1,2026-06-03 08:58:20,False,,bajo,False
2026-08-31 16:12:19,3047,2026-08-31 16:07:06,1,2026-08-31 16:07:06,False,,bajo,False
2026-08-31 16:12:19,3062,2026-08-31 16:06:21,1,2026-08-31 16:06:21,True,2026-08-31 15:27:45,bajo,False
2026-08-31 16:12:19,3071,2026-08-29 21:31:08,1,2026-08-29 21:31:08,False,,bajo,False
2026-08-31 16:12:19,3136,2026-08-31 16:07:36,1,2026-08-31 16:07:36,True,2026-08-31 12:40:03,bajo,False
2026-08-31 16:12:19,3174,2026-08-31 15:07:10,1,2026-08-31 15:07:10,False,,bajo,False
2026-08-31 16:12:19,3175,2026-06-03 07:27:38,1,2026-06-03 07:27:38,False,,bajo,False
2026-08-31 16:12:19,3262,2026-08-31 15:29:11,1,2026-08-30 15:52:26,True,2026-08-31 15:29:11,bajo,True
2026-08-31 16:12:19,3277,2026-08-31 16:03:26,1,2026-08-31 16:03:26,True,2026-08-31 12:07:00,medio,False
2026-08-31 16:12:19,2537,2025-03-13 16:03:26,2,2025-03-13 16:03:26,False,,bajo,False
2026-08-31 16:12:19,2249,2026-08-31 16:08:49,0,2026-08-31 16:08:49,False,,medio,True
2026-08-31 16:12:19,2251,2026-08-31 16:11:54,0,2026-08-31 16:11:54,False,,alto,True
2026-08-31 16:12:19,2339,2026-08-31 16:11:35,0,2026-08-31 16:11:35,False,,bajo,True
2026-08-31 16:12:19,2341,2026-08-31 16:11:27,0,2026-08-31 16:11:27,False,,bajo,True
2026-08-31 16:12:19,2350,2026-08-31 16:11:12,0,2026-08-31 16:11:12,False,,bajo,True
2026-08-31 16:12:19,2364,2026-08-31 16:06:49,0,2026-08-31 16:06:49,False,,bajo,True
2026-08-31 16:12:19,2386,2026-08-31 16:11:35,0,2026-08-31 16:11:35,False,,bajo,True
2026-08-31 16:12:19,2388,2026-08-31 16:11:06,0,2026-08-31 16:11:06,True,2026-08-31 11:15:43,bajo,True
2026-08-31 16:12:19,2390,2026-08-31 16:09:19,0,2026-08-31 16:09:19,False,,alto,True
2026-08-31 16:12:19,2472,2026-08-31 16:10:42,0,2026-08-31 16:10:42,False,,bajo,True
2026-08-31 16:12:19,2500,2026-08-31 16:03:03,0,2026-08-31 16:03:03,False,,medio,True
2026-08-31 16:12:19,2528,2026-08-31 14:49:57,0,2026-08-31 14:49:57,False,,medio,True
2026-08-31 16:12:19,2559,2026-08-31 15:58:06,0,2026-08-31 15:58:06,False,,medio,True
2026-08-31 16:12:19,2603,2026-08-31 16:10:45,0,2026-08-31 16:10:45,False,,medio,True
2026-08-31 16:12:19,2616,2026-08-31 16:11:36,0,2026-08-31 16:11:36,False,,bajo,True
2026-08-31 16:12:19,2627,2026-08-31 16:11:05,0,2026-08-31 16:11:05,False,,medio,False
2026-08-31 16:12:19,2642,2026-08-31 16:06:45,0,2026-08-31 16:06:45,False,,bajo,True
2026-08-31 16:12:19,2646,2026-08-31 16:07:26,0,2026-08-31 16:07:26,False,,bajo,False
2026-08-31 16:12:19,2688,2026-08-31 16:11:53,0,2026-08-31 16:11:53,False,,medio,True
2026-08-31 16:12:19,2804,2026-08-31 16:11:06,0,2026-08-31 16:11:06,False,,alto,False
2026-08-31 16:12:19,2857,2026-08-31 14:19:41,0,2026-08-31 14:19:41,False,,bajo,True
2026-08-31 16:12:19,2868,2026-08-31 15:32:46,0,2026-08-31 15:32:46,False,,bajo,False
2026-08-31 16:12:19,2911,2026-08-31 16:11:43,0,2026-08-31 16:11:43,False,,bajo,True
2026-08-31 16:12:19,2974,2026-08-31 16:00:36,0,2026-08-31 16:00:36,False,,bajo,True
2026-08-31 16:12:19,2977,2026-08-31 16:08:14,0,2026-08-31 16:08:14,False,,alto,True
2026-08-31 16:12:19,2979,2026-08-31 16:10:38,0,2026-08-31 16:10:38,False,,bajo,True
2026-08-31 16:12:19,2980,2026-08-31 16:10:21,0,2026-08-31 16:10:21,True,2026-08-31 11:02:11,bajo,True
2026-08-31 16:12:19,2981,2026-08-31 16:10:45,0,2026-08-31 16:10:45,False,,bajo,True
2026-08-31 16:12:19,2982,2026-08-31 16:11:35,0,2026-08-31 16:11:35,False,,bajo,True
2026-08-31 16:12:19,3046,2026-08-31 16:10:10,0,2026-08-31 16:10:10,False,,bajo,False
2026-08-31 16:12:19,3257,2026-08-31 10:02:46,0,2026-08-31 10:02:46,False,,bajo,True
2026-08-31 16:12:19,2249,2026-08-31 13:13:10,1,2026-08-31 13:13:10,False,,medio,True
2026-08-31 16:12:19,2251,2026-08-31 14:22:37,1,2026-08-31 14:22:37,False,,alto,True
2026-08-31 16:12:19,2339,2026-08-31 13:12:45,1,2026-08-31 13:12:45,False,,bajo,True
2026-08-31 16:12:19,2350,2026-08-31 15:11:16,1,2026-08-31 15:11:16,False,,bajo,True
2026-08-31 16:12:19,2364,2026-08-31 15:40:49,1,2026-08-31 15:40:49,False,,alto,True
2026-08-31 16:12:19,2472,2026-08-31 11:45:37,1,2026-08-31 11:45:37,False,,alto,True
2026-08-31 16:12:19,2500,2026-08-31 14:25:59,1,2026-08-31 14:25:59,False,,alto,True
2026-08-31 16:12:19,2528,2026-08-31 14:41:53,1,2026-08-31 14:41:53,False,,medio,True
2026-08-31 16:12:19,2559,2026-08-31 16:07:40,1,2026-08-31 16:07:40,True,2026-08-31 12:15:19,bajo,False
2026-08-31 16:12:19,2603,2026-08-31 10:55:55,1,2026-08-31 10:55:55,False,,bajo,True
2026-08-31 16:12:19,2616,2026-08-31 08:15:56,1,2026-08-31 08:15:56,False,,bajo,False
2026-08-31 16:12:19,2627,2026-08-31 12:47:22,1,2026-08-31 12:47:22,False,,medio,True
2026-08-31 16:12:19,2642,2026-08-31 10:56:47,1,2026-08-31 10:56:47,False,,bajo,True
2026-08-31 16:12:19,2646,2026-08-31 14:28:58,1,2026-08-31 14:28:58,False,,alto,False
2026-08-31 16:12:19,2688,2026-08-31 11:55:00,1,2026-08-31 11:55:00,False,,medio,True
2026-08-31 16:12:19,2804,2026-08-31 11:53:20,1,2026-08-31 11:53:20,False,,medio,True
2026-08-31 16:12:19,2857,2026-08-31 10:00:11,1,2026-08-31 10:00:11,False,,bajo,True
2026-08-31 16:12:19,2868,2026-08-31 16:09:06,1,2026-08-31 16:09:06,False,,bajo,False
2026-08-31 16:12:19,2911,2026-08-31 11:30:02,1,2026-08-31 11:30:02,False,,alto,False
2026-08-31 16:12:19,2974,2026-08-31 15:59:53,1,2026-08-31 15:59:53,False,,bajo,True
2026-08-31 16:12:19,2977,2026-08-31 11:51:45,1,2026-08-31 11:51:45,False,,alto,True
2026-08-31 16:12:19,2979,2026-08-31 16:08:04,1,2026-08-31 16:08:04,False,,alto,True
2026-08-31 16:12:19,2980,2026-08-31 15:35:45,1,2026-08-31 14:12:54,True,2026-08-31 15:35:45,bajo,False
2026-08-31 16:12:19,2981,2026-08-31 16:04:49,1,2026-08-31 16:04:49,False,,bajo,True
2026-08-31 16:12:19,2982,2026-08-31 12:46:07,1,2026-08-31 12:46:07,False,,bajo,True
2026-08-31 16:12:19,3257,2026-08-31 10:02:44,1,2026-08-31 10:02:44,False,,bajo,True
2026-08-31 16:12:19,2364,2026-06-03 08:18:32,2,2026-06-03 08:18:32,False,,bajo,False
2026-08-31 16:12:19,2390,2026-06-03 06:18:03,2,2026-06-03 06:18:03,False,,bajo,False
2026-08-31 16:12:19,2472,2026-06-03 06:36:25,2,2026-06-03 06:36:25,False,,bajo,False
2026-08-31 16:12:19,2627,2026-06-03 01:47:48,2,2026-06-03 01:47:48,False,,bajo,False
2026-08-31 16:12:19,1724,2026-08-31 16:12:06,0,2026-08-31 16:12:06,False,,bajo,False
2026-08-31 16:12:19,1744,2026-08-31 16:10:53,0,2026-08-31 16:10:53,False,,bajo,True
2026-08-31 16:12:19,1766,2026-08-31 16:10:27,0,2026-08-31 16:10:27,False,,bajo,False
2026-08-31 16:12:19,1784,2026-08-31 16:10:35,0,2026-08-31 16:10:35,True,2026-08-31 13:36:28,bajo,True
2026-08-31 16:12:19,1805,2026-08-31 16:10:22,0,2026-08-31 16:10:22,True,2026-08-31 11:34:36,bajo,True
2026-08-31 16:12:19,1806,2026-08-31 16:11:44,0,2026-08-31 16:11:44,True,2026-08-31 11:38:19,bajo,True
2026-08-31 16:12:19,1824,2026-08-31 16:10:29,0,2026-08-31 16:10:29,False,,bajo,False
2026-08-31 16:12:19,1844,2026-08-31 16:10:43,0,2026-08-31 16:10:43,False,,bajo,True
2026-08-31 16:12:19,1845,2026-08-31 16:10:19,0,2026-08-31 16:10:19,True,2026-08-31 12:34:59,bajo,True
2026-08-31 16:12:19,1846,2026-08-31 16:10:44,0,2026-08-31 16:10:44,True,2026-08-31 15:13:33,bajo,True
2026-08-31 16:12:19,1887,2026-08-31 16:11:28,0,2026-08-31 16:11:28,True,2026-08-31 11:14:04,bajo,True
2026-08-31 16:12:19,1924,2026-08-31 16:10:57,0,2026-08-31 16:10:57,False,,bajo,False
2026-08-31 16:12:19,1926,2026-08-31 16:11:09,0,2026-08-31 16:11:09,True,2026-08-31 14:18:56,bajo,True
2026-08-31 16:12:19,1927,2026-08-31 15:26:47,0,2026-08-31 15:26:47,False,,bajo,False
2026-08-31 16:12:19,1928,2026-08-30 21:45:24,0,2026-08-30 21:45:24,False,,bajo,True
2026-08-31 16:12:19,1944,2026-08-31 16:10:16,0,2026-08-31 16:10:16,True,2026-08-31 11:12:14,bajo,True
2026-08-31 16:12:19,1945,2026-08-31 16:11:00,0,2026-08-31 16:11:00,False,,bajo,True
2026-08-31 16:12:19,1964,2026-08-31 16:11:14,0,2026-08-31 16:11:14,True,2026-08-31 12:30:41,alto,True
2026-08-31 16:12:19,1965,2026-08-31 16:12:08,0,2026-08-31 16:12:08,False,,bajo,True
2026-08-31 16:12:19,1984,2026-08-31 16:11:59,0,2026-08-31 16:11:59,False,,bajo,True
2026-08-31 16:12:19,2190,2026-08-31 16:11:36,0,2026-08-31 16:11:36,False,,bajo,True
2026-08-31 16:12:19,2192,2026-08-31 16:11:36,0,2026-08-31 16:11:36,False,,bajo,True
2026-08-31 16:12:19,2193,2026-08-29 04:38:06,0,2026-08-29 04:38:06,False,,bajo,False
2026-08-31 16:12:19,2204,2026-08-31 16:11:10,0,2026-08-31 16:11:10,False,,bajo,True
2026-08-31 16:12:19,2205,2026-08-31 16:11:07,0,2026-08-31 16:11:07,False,,bajo,False
2026-08-31 16:12:19,2207,2026-08-31 16:11:40,0,2026-08-31 16:11:40,False,,alto,True
2026-08-31 16:12:19,2208,2026-08-31 16:11:46,0,2026-08-31 16:11:46,False,,bajo,True
2026-08-31 16:12:19,2224,2026-08-31 16:11:37,0,2026-08-31 16:11:37,False,,bajo,True
2026-08-31 16:12:19,2225,2026-08-31 16:10:29,0,2026-08-31 16:10:29,False,,bajo,True
2026-08-31 16:12:19,2227,2026-08-31 16:11:55,0,2026-08-31 16:11:55,False,,bajo,True
2026-08-31 16:12:19,2229,2026-08-31 16:11:06,0,2026-08-31 16:11:06,False,,bajo,True
2026-08-31 16:12:19,2230,2026-08-31 16:11:52,0,2026-08-31 16:11:52,False,,medio,True
2026-08-31 16:12:19,2250,2026-08-31 16:10:06,0,2026-08-31 16:10:06,True,2026-08-31 14:15:00,bajo,True
2026-08-31 16:12:19,2264,2026-08-31 16:05:01,0,2026-08-31 16:05:01,True,2026-08-31 15:16:14,bajo,True
2026-08-31 16:12:19,2268,2026-08-31 16:10:09,0,2026-08-31 16:10:09,True,2026-08-31 12:30:41,bajo,True
2026-08-31 16:12:19,2284,2026-08-29 20:34:34,0,2026-08-29 20:34:34,False,,bajo,True
2026-08-31 16:12:19,2317,2026-08-31 12:50:03,0,2026-08-31 12:50:03,False,,bajo,True
2026-08-31 16:12:19,2326,2026-08-31 16:10:52,0,2026-08-31 16:10:52,True,2026-08-31 11:21:38,bajo,True
2026-08-31 16:12:19,2327,2026-08-31 16:11:29,0,2026-08-31 16:11:29,True,2026-08-31 12:00:13,bajo,True
2026-08-31 16:12:19,2330,2026-08-31 16:12:00,0,2026-08-31 16:12:00,False,,bajo,False
2026-08-31 16:12:19,2335,2026-08-31 16:11:18,0,2026-08-31 16:11:18,False,,bajo,True
2026-08-31 16:12:19,2391,2026-08-31 12:42:17,0,2026-08-31 12:42:17,False,,bajo,False
2026-08-31 16:12:19,2404,2026-08-29 20:45:34,0,2026-08-29 20:45:34,False,,bajo,True
2026-08-31 16:12:19,2411,2026-08-31 16:11:50,0,2026-08-31 16:11:50,False,,bajo,False
2026-08-31 16:12:19,2415,2026-08-31 16:10:12,0,2026-08-31 16:10:12,False,,bajo,True
2026-08-31 16:12:19,2424,2025-03-13 16:03:26,0,2025-03-13 16:03:26,False,,bajo,False
2026-08-31 16:12:19,2446,2026-08-31 11:32:00,0,2026-08-31 11:32:00,False,,bajo,True
2026-08-31 16:12:19,2459,2026-08-31 10:27:23,0,2026-08-31 10:27:23,False,,bajo,True
2026-08-31 16:12:19,2464,2026-08-31 16:10:26,0,2026-08-31 16:10:26,False,,bajo,True
2026-08-31 16:12:19,2465,2026-08-31 16:12:03,0,2026-08-31 16:12:03,True,2026-08-31 13:04:03,bajo,False
2026-08-31 16:12:19,2466,2026-08-31 15:54:25,0,2026-08-31 15:54:25,False,,bajo,False
2026-08-31 16:12:19,2468,2026-08-31 16:11:29,0,2026-08-31 16:11:29,True,2026-08-31 12:38:54,bajo,True
2026-08-31 16:12:19,2471,2026-08-31 16:08:44,0,2026-08-31 16:08:44,False,,bajo,True
2026-08-31 16:12:19,2475,2026-08-31 16:11:28,0,2026-08-31 16:11:28,True,2026-08-31 11:08:50,bajo,True
2026-08-31 16:12:19,2476,2026-08-31 16:11:00,0,2026-08-31 16:11:00,False,,bajo,True
2026-08-31 16:12:19,2482,2026-08-31 16:08:16,0,2026-08-31 16:08:16,False,,bajo,True
2026-08-31 16:12:19,2484,2026-08-31 16:11:30,0,2026-08-31 16:11:30,False,,bajo,True
2026-08-31 16:12:19,2485,2026-08-31 16:10:56,0,2026-08-31 16:10:56,False,,bajo,True
2026-08-31 16:12:19,2492,2026-08-31 03:31:44,0,2026-08-31 03:31:44,False,,bajo,True
2026-08-31 16:12:19,2516,2026-08-29 14:59:21,0,2026-08-29 14:59:21,False,,bajo,False
2026-08-31 16:12:19,2519,2026-08-31 14:57:01,0,2026-08-31 11:46:54,True,2026-08-31 14:57:01,bajo,True
2026-08-31 16:12:19,2565,2026-08-31 05:04:02,0,2026-08-31 05:04:02,False,,bajo,False
2026-08-31 16:12:19,2567,2026-08-31 11:39:37,0,2026-08-31 11:39:37,False,,bajo,True
2026-08-31 16:12:19,2575,2026-08-31 16:10:22,0,2026-08-31 16:10:22,True,2026-08-31 13:09:24,bajo,True
2026-08-31 16:12:19,2582,2026-08-31 16:12:00,0,2026-08-31 16:12:00,True,2026-08-31 11:02:39,bajo,False
2026-08-31 16:12:19,2590,2026-08-31 12:26:30,0,2026-08-31 12:26:30,False,,bajo,False
2026-08-31 16:12:19,2592,2026-08-31 16:11:53,0,2026-08-31 16:11:53,False,,bajo,True
2026-08-31 16:12:19,2593,2026-08-31 16:12:04,0,2026-08-31 16:12:04,True,2026-08-31 12:02:01,bajo,True
2026-08-31 16:12:19,2654,2026-08-31 09:40:24,0,2026-08-31 09:40:24,False,,bajo,True
2026-08-31 16:12:19,2665,2026-08-31 10:32:04,0,2026-08-31 10:32:04,False,,bajo,True
2026-08-31 16:12:19,2668,2026-08-30 23:49:01,0,2026-08-30 23:49:01,False,,bajo,False
2026-08-31 16:12:19,2678,2026-08-31 10:44:19,0,2026-08-31 10:44:19,False,,bajo,True
2026-08-31 16:12:19,2693,2026-08-31 06:34:15,0,2026-08-31 06:34:15,False,,bajo,True
2026-08-31 16:12:19,2701,2026-08-31 16:09:59,0,2026-08-31 16:09:59,False,,bajo,True
2026-08-31 16:12:19,2706,2026-08-31 16:11:17,0,2026-08-31 16:11:17,False,,alto,False
2026-08-31 16:12:19,2718,2026-08-31 12:02:50,0,2026-08-31 12:02:50,False,,bajo,False
2026-08-31 16:12:19,2722,2026-08-31 16:10:42,0,2026-08-31 16:10:42,False,,alto,False
2026-08-31 16:12:19,2724,2026-08-31 16:11:31,0,2026-08-31 16:11:31,True,2026-08-31 13:14:37,medio,False
2026-08-31 16:12:19,2726,2025-03-13 16:03:26,0,2025-03-13 16:03:26,False,,bajo,False
2026-08-31 16:12:19,2730,2026-08-31 16:11:58,0,2026-08-31 16:11:58,True,2026-08-31 13:14:37,alto,True
2026-08-31 16:12:19,2743,2026-08-31 16:07:56,0,2026-08-31 16:07:56,True,2026-08-31 12:11:13,bajo,True
2026-08-31 16:12:19,2744,2026-08-31 07:18:46,0,2026-08-31 07:18:46,False,,bajo,True
2026-08-31 16:12:19,2751,2026-08-30 04:18:54,0,2026-08-30 04:18:54,False,,bajo,False
2026-08-31 16:12:19,2754,2026-08-31 11:00:45,0,2026-08-31 11:00:45,False,,bajo,True
2026-08-31 16:12:19,2760,2026-08-31 15:31:23,0,2026-08-31 15:31:23,False,,alto,True
2026-08-31 16:12:19,2768,2026-08-30 22:07:05,0,2026-08-30 22:07:05,False,,bajo,True
2026-08-31 16:12:19,2770,2026-08-31 13:17:42,0,2026-08-31 13:17:42,False,,alto,True
2026-08-31 16:12:19,2773,2026-08-30 02:45:24,0,2026-08-30 02:45:24,False,,alto,True
2026-08-31 16:12:19,2777,2025-03-13 16:03:26,0,2025-03-13 16:03:26,False,,bajo,False
2026-08-31 16:12:19,2780,2026-08-29 19:02:24,0,2026-08-29 19:02:24,False,,bajo,False
2026-08-31 16:12:19,2781,2026-08-31 16:11:01,0,2026-08-31 16:11:01,False,,bajo,False
2026-08-31 16:12:19,2790,2026-08-30 13:47:56,0,2026-08-30 13:47:56,False,,bajo,True
2026-08-31 16:12:19,2791,2026-08-15 17:43:40,0,2026-08-15 17:43:40,False,,bajo,True
2026-08-31 16:12:19,2796,2026-08-31 16:11:45,0,2026-08-31 16:11:45,False,,bajo,False
2026-08-31 16:12:19,2803,2026-08-31 08:42:56,0,2026-08-31 08:42:56,False,,bajo,True
2026-08-31 16:12:19,2807,2026-08-31 16:11:09,0,2026-08-31 16:11:09,False,,bajo,False
2026-08-31 16:12:19,2808,2026-08-31 16:10:35,0,2026-08-31 16:10:35,False,,bajo,True
2026-08-31 16:12:19,2810,2026-08-31 16:09:21,0,2026-08-31 16:09:21,False,,bajo,True
2026-08-31 16:12:19,2830,2026-08-30 14:51:41,0,2026-08-30 14:51:41,False,,bajo,False
2026-08-31 16:12:19,2858,2026-08-31 15:12:11,0,2026-08-31 15:12:11,False,,bajo,True
2026-08-31 16:12:19,2904,2026-08-30 11:40:15,0,2026-08-30 11:40:15,False,,bajo,False
2026-08-31 16:12:19,2922,2026-08-31 16:10:39,0,2026-08-31 16:10:39,False,,bajo,True
2026-08-31 16:12:19,2926,2026-08-31 16:11:48,0,2026-08-31 16:11:48,False,,bajo,True
2026-08-31 16:12:19,2929,2026-08-31 16:06:52,0,2026-08-31 16:06:52,False,,alto,True
2026-08-31 16:12:19,2935,2026-08-31 16:12:03,0,2026-08-31 16:12:03,True,2026-08-31 13:09:24,bajo,True
2026-08-31 16:12:19,2937,2026-08-31 16:12:06,0,2026-08-31 16:12:06,False,,bajo,True
2026-08-31 16:12:19,2961,2026-02-27 08:12:26,0,2026-02-27 08:12:26,False,,bajo,False
2026-08-31 16:12:19,2971,2026-08-31 16:11:52,0,2026-08-31 16:11:52,False,,bajo,True
2026-08-31 16:12:19,2972,2026-08-31 16:12:01,0,2026-08-31 16:12:01,False,,bajo,True
2026-08-31 16:12:19,2973,2026-08-30 16:41:25,0,2026-08-30 16:41:25,False,,bajo,False
2026-08-31 16:12:19,2975,2026-08-31 16:11:48,0,2026-08-31 16:11:48,False,,bajo,True
2026-08-31 16:12:19,2978,2026-08-31 14:57:07,0,2026-08-31 14:57:07,False,,bajo,True
2026-08-31 16:12:19,2983,2026-08-31 16:12:01,0,2026-08-31 16:12:01,True,2026-08-31 12:05:55,bajo,True
2026-08-31 16:12:19,2984,2026-08-31 14:52:28,0,2026-08-30 02:38:46,True,2026-08-31 14:52:28,bajo,False
2026-08-31 16:12:19,2985,2026-08-31 16:10:39,0,2026-08-31 16:10:39,False,,bajo,False
2026-08-31 16:12:19,2986,2026-08-31 16:11:23,0,2026-08-31 16:11:23,False,,bajo,False
2026-08-31 16:12:19,2987,2026-08-31 15:27:28,0,2026-08-31 15:27:28,False,,bajo,True
2026-08-31 16:12:19,2988,2026-08-31 16:09:28,0,2026-08-31 16:09:28,False,,bajo,True
2026-08-31 16:12:19,2993,2026-08-31 16:05:08,0,2026-08-31 16:05:08,True,2026-08-31 14:32:25,bajo,True
2026-08-31 16:12:19,2994,2026-08-31 16:11:09,0,2026-08-31 16:11:09,True,2026-08-31 13:58:12,bajo,True
2026-08-31 16:12:19,2996,2026-08-31 15:51:31,0,2026-08-31 15:51:31,True,2026-08-31 15:32:42,bajo,True
2026-08-31 16:12:19,2998,2026-08-31 15:52:29,0,2026-08-31 15:52:29,False,,bajo,True
2026-08-31 16:12:19,3002,2026-08-31 16:04:17,0,2026-08-31 16:04:17,False,,bajo,True
2026-08-31 16:12:19,3009,2026-08-31 16:05:34,0,2026-08-31 16:05:34,False,,bajo,True
2026-08-31 16:12:19,3010,2026-08-31 14:37:55,0,2026-08-31 14:37:55,False,,bajo,True
2026-08-31 16:12:19,3011,2026-08-31 16:08:13,0,2026-08-31 16:08:13,False,,bajo,True
2026-08-31 16:12:19,3013,2026-08-31 15:32:42,0,2026-08-31 14:13:46,True,2026-08-31 15:32:42,bajo,True
2026-08-31 16:12:19,3020,2026-08-31 14:21:06,0,2026-08-31 14:21:06,False,,bajo,False
2026-08-31 16:12:19,3022,2026-08-28 18:58:45,0,2026-08-28 18:58:45,False,,bajo,True
2026-08-31 16:12:19,3024,2026-08-31 13:41:28,0,2026-08-31 13:41:28,True,2026-08-31 12:44:28,bajo,True
2026-08-31 16:12:19,3026,2026-08-30 20:08:41,0,2026-08-30 20:08:41,False,,bajo,False
2026-08-31 16:12:19,3027,2026-08-31 16:10:26,0,2026-08-31 16:10:26,False,,bajo,True
2026-08-31 16:12:19,3029,2026-08-31 05:00:01,0,2026-08-31 05:00:01,False,,bajo,True
2026-08-31 16:12:19,3036,2025-03-13 16:18:25,0,2025-03-13 16:18:25,False,,bajo,False
2026-08-31 16:12:19,3039,2026-08-31 09:43:53,0,2026-08-31 09:43:53,False,,bajo,False
2026-08-31 16:12:19,3060,2026-08-31 16:11:42,0,2026-08-31 16:11:42,True,2026-08-31 11:55:17,bajo,True
2026-08-31 16:12:19,3064,2026-08-31 16:10:11,0,2026-08-31 16:10:11,False,,bajo,True
2026-08-31 16:12:19,3065,2026-08-31 16:09:53,0,2026-08-31 16:09:53,False,,bajo,True
2026-08-31 16:12:19,3074,2026-08-30 23:16:45,0,2026-08-30 23:16:45,False,,bajo,True
2026-08-31 16:12:19,3076,2026-08-31 13:47:44,0,2026-08-31 12:19:46,True,2026-08-31 13:47:44,bajo,False
2026-08-31 16:12:19,3079,2026-08-31 16:11:53,0,2026-08-31 16:11:53,False,,bajo,True
2026-08-31 16:12:19,3084,2026-08-31 16:11:44,0,2026-08-31 16:11:44,False,,bajo,False
2026-08-31 16:12:19,3086,2026-08-31 14:10:20,0,2026-08-31 14:10:20,False,,alto,False
2026-08-31 16:12:19,3087,2026-08-29 06:57:29,0,2026-08-29 06:57:29,False,,alto,False
2026-08-31 16:12:19,3099,2026-08-31 16:12:02,0,2026-08-31 16:12:02,True,2026-08-31 13:24:19,bajo,True
2026-08-31 16:12:19,3101,2026-08-30 16:51:41,0,2026-08-30 16:51:41,False,,bajo,False
2026-08-31 16:12:19,3117,2026-08-31 12:10:13,0,2026-08-31 12:10:13,False,,bajo,True
2026-08-31 16:12:19,3121,2026-08-31 11:02:30,0,2026-08-31 11:02:30,False,,bajo,True
2026-08-31 16:12:19,3132,2026-08-31 16:10:34,0,2026-08-31 16:10:34,False,,bajo,True
2026-08-31 16:12:19,3138,2026-08-30 21:12:16,0,2026-08-30 21:12:16,False,,bajo,True
2026-08-31 16:12:19,3141,2026-08-31 13:47:44,0,2026-08-30 20:21:28,True,2026-08-31 13:47:44,bajo,False
2026-08-31 16:12:19,3144,2026-08-31 16:10:15,0,2026-08-31 16:10:15,False,,bajo,True
2026-08-31 16:12:19,3145,2026-08-31 04:30:35,0,2026-08-31 04:30:35,False,,bajo,True
2026-08-31 16:12:19,3146,2026-08-31 16:01:33,0,2026-08-31 16:01:33,False,,bajo,True
2026-08-31 16:12:19,3151,2026-08-28 21:02:50,0,2026-08-28 21:02:50,False,,alto,False
2026-08-31 16:12:19,3154,2026-08-31 16:10:40,0,2026-08-31 16:10:40,False,,bajo,False
2026-08-31 16:12:19,3155,2026-08-31 16:11:17,0,2026-08-31 16:11:17,True,2026-08-31 11:29:33,bajo,True
2026-08-31 16:12:19,3159,2026-08-31 16:10:24,0,2026-08-31 16:10:24,False,,bajo,True
2026-08-31 16:12:19,3160,2026-08-29 17:00:23,0,2026-08-29 17:00:23,False,,bajo,False
2026-08-31 16:12:19,3161,2026-08-30 14:56:56,0,2026-08-30 14:56:56,False,,bajo,False
2026-08-31 16:12:19,3162,2026-08-31 16:11:06,0,2026-08-31 16:11:06,False,,bajo,True
2026-08-31 16:12:19,3169,2026-08-31 14:45:13,0,2026-08-31 14:45:13,False,,bajo,False
2026-08-31 16:12:19,3172,2026-08-31 16:08:58,0,2026-08-31 16:08:58,False,,bajo,True
2026-08-31 16:12:19,3178,2026-08-31 16:11:14,0,2026-08-31 16:11:14,False,,bajo,True
2026-08-31 16:12:19,3184,2026-08-31 16:11:31,0,2026-08-31 16:11:31,True,2026-08-31 11:50:22,bajo,False
2026-08-31 16:12:19,3185,2026-08-31 16:10:59,0,2026-08-31 16:10:59,False,,bajo,True
2026-08-31 16:12:19,3186,2026-08-29 17:56:13,0,2026-08-29 17:56:13,False,,bajo,False
2026-08-31 16:12:19,3187,2026-08-23 09:50:03,0,2026-08-23 09:50:03,False,,bajo,True
2026-08-31 16:12:19,3191,2026-08-31 16:09:31,0,2026-08-31 16:09:31,False,,medio,True
2026-08-31 16:12:19,3199,2026-08-26 11:15:03,0,2026-08-26 11:15:03,False,,bajo,True
2026-08-31 16:12:19,3202,2026-08-31 16:10:26,0,2026-08-31 16:10:26,False,,bajo,True
2026-08-31 16:12:19,3203,2026-08-31 16:11:11,0,2026-08-31 16:11:11,False,,bajo,False
2026-08-31 16:12:19,3204,2026-08-31 16:11:32,0,2026-08-31 16:11:32,False,,bajo,True
2026-08-31 16:12:19,3207,2026-08-31 15:53:54,0,2026-08-31 15:53:54,False,,bajo,True
2026-08-31 16:12:19,3208,2026-08-31 16:12:07,0,2026-08-31 16:12:07,True,2026-08-31 14:00:44,bajo,False
2026-08-31 16:12:19,3216,2026-08-31 16:09:04,0,2026-08-31 16:09:04,False,,medio,False
2026-08-31 16:12:19,3222,2026-08-30 19:38:34,0,2026-08-30 19:38:34,False,,bajo,False
2026-08-31 16:12:19,3224,2026-08-27 18:03:31,0,2026-08-27 18:03:31,False,,bajo,True
2026-08-31 16:12:19,3225,2026-08-31 16:08:41,0,2026-08-31 16:08:41,False,,medio,False
2026-08-31 16:12:19,3227,2026-08-31 13:42:16,0,2026-08-31 13:42:16,False,,bajo,True
2026-08-31 16:12:19,3232,2026-08-31 16:11:15,0,2026-08-31 16:11:15,False,,bajo,True
2026-08-31 16:12:19,3239,2026-08-29 17:48:17,0,2026-08-29 17:48:17,False,,bajo,False
2026-08-31 16:12:19,3242,2026-08-31 16:12:07,0,2026-08-31 16:12:07,False,,bajo,True
2026-08-31 16:12:19,3243,2026-08-30 06:12:09,0,2026-08-30 06:12:09,False,,bajo,True
2026-08-31 16:12:19,3244,2026-08-31 15:14:34,0,2026-08-31 15:14:34,False,,bajo,True
2026-08-31 16:12:19,3253,2026-08-31 16:11:39,0,2026-08-31 16:11:39,False,,bajo,True
2026-08-31 16:12:19,3259,2026-08-31 16:12:08,0,2026-08-31 16:12:08,True,2026-08-31 11:02:08,medio,True
2026-08-31 16:12:19,3264,2026-08-31 16:10:28,0,2026-08-31 16:10:28,False,,bajo,True
2026-08-31 16:12:19,3266,2026-08-31 15:38:15,0,2026-08-31 15:38:15,False,,bajo,True
2026-08-31 16:12:19,4018,2026-08-31 16:11:35,0,2026-08-31 16:11:35,True,2026-08-31 11:46:14,bajo,False
2026-08-31 16:12:19,4024,2026-08-30 22:15:36,0,2026-08-30 22:15:36,False,,bajo,False
2026-08-31 16:12:19,1724,2026-08-31 16:10:03,1,2026-08-31 16:10:03,False,,bajo,False
2026-08-31 16:12:19,1744,2026-08-31 16:05:27,1,2026-08-31 16:05:27,False,,bajo,False
2026-08-31 16:12:19,1766,2026-06-03 03:27:01,1,2026-06-03 03:27:01,False,,bajo,False
2026-08-31 16:12:19,1784,2026-06-03 03:29:57,1,2026-06-03 03:29:57,False,,bajo,False
2026-08-31 16:12:19,1805,2026-06-03 08:20:37,1,2026-06-03 08:20:37,False,,bajo,False
2026-08-31 16:12:19,1806,2026-08-30 17:12:35,1,2026-08-30 17:12:35,False,,bajo,False
2026-08-31 16:12:19,1824,2026-06-03 08:35:59,1,2026-06-03 08:35:59,False,,bajo,False
2026-08-31 16:12:19,1844,2026-08-30 15:34:33,1,2026-08-30 15:34:33,False,,bajo,False
2026-08-31 16:12:19,1845,2026-06-03 08:35:31,1,2026-06-03 08:35:31,False,,bajo,False
2026-08-31 16:12:19,1846,2026-08-31 16:10:42,1,2026-08-31 16:10:42,False,,bajo,False
2026-08-31 16:12:19,1887,2026-08-30 22:51:33,1,2026-08-30 22:51:33,False,,bajo,True
2026-08-31 16:12:19,1924,2026-08-30 10:30:54,1,2026-08-30 10:30:54,False,,bajo,False
2026-08-31 16:12:19,1926,2026-08-31 15:50:20,1,2026-08-31 15:50:20,False,,bajo,False
2026-08-31 16:12:19,1927,2026-08-31 15:20:12,1,2026-08-31 15:20:12,False,,bajo,False
2026-08-31 16:12:19,1928,2026-08-30 19:46:49,1,2026-08-30 19:46:49,False,,bajo,False
2026-08-31 16:12:19,1945,2026-08-31 15:40:38,1,2026-08-31 15:40:38,False,,bajo,False
2026-08-31 16:12:19,1964,2026-08-31 14:52:44,1,2026-08-31 14:52:44,False,,alto,False
2026-08-31 16:12:19,1965,2026-08-30 16:17:20,1,2026-08-30 16:17:20,False,,bajo,False
2026-08-31 16:12:19,1984,2026-08-30 21:25:37,1,2026-08-30 21:25:37,False,,bajo,False
2026-08-31 16:12:19,2190,2026-08-31 16:11:31,1,2026-08-31 16:11:31,True,2026-08-31 11:24:36,bajo,False
2026-08-31 16:12:19,2192,2026-08-31 16:09:35,1,2026-08-31 16:09:35,False,,bajo,False
2026-08-31 16:12:19,2193,2026-08-31 11:24:36,1,2026-08-29 04:24:18,True,2026-08-31 11:24:36,bajo,False
2026-08-31 16:12:19,2204,2026-08-31 15:47:33,1,2026-08-31 15:47:33,False,,bajo,False
2026-08-31 16:12:19,2205,2026-08-29 18:41:19,1,2026-08-29 18:41:19,False,,bajo,False
2026-08-31 16:12:19,2207,2026-08-31 11:57:28,1,2026-08-31 11:57:28,False,,bajo,False
2026-08-31 16:12:19,2208,2026-08-31 14:55:33,1,2026-08-31 14:55:33,False,,bajo,False
2026-08-31 16:12:19,2224,2026-08-31 13:21:55,1,2026-08-31 13:21:55,False,,bajo,False
2026-08-31 16:12:19,2225,2026-08-31 16:10:30,1,2026-08-31 16:10:30,True,2026-08-31 11:41:59,bajo,False
2026-08-31 16:12:19,2227,2026-08-31 13:58:32,1,2026-08-31 13:58:32,False,,bajo,False
2026-08-31 16:12:19,2230,2026-08-31 16:08:52,1,2026-08-31 16:08:52,False,,bajo,False
2026-08-31 16:12:19,2250,2026-08-30 05:50:25,1,2026-08-30 05:50:25,False,,bajo,True
2026-08-31 16:12:19,2264,2026-08-30 22:34:23,1,2026-08-30 22:34:23,False,,bajo,True
2026-08-31 16:12:19,2268,2026-08-31 04:51:35,1,2026-08-31 04:51:35,False,,bajo,False
2026-08-31 16:12:19,2284,2026-08-29 23:43:14,1,2026-08-29 23:43:14,False,,bajo,True
2026-08-31 16:12:19,2317,2026-08-31 15:42:44,1,2026-08-31 15:42:44,False,,bajo,False
2026-08-31 16:12:19,2326,2026-08-30 00:23:18,1,2026-08-30 00:23:18,False,,bajo,False
2026-08-31 16:12:19,2327,2026-08-31 16:11:36,1,2026-08-31 16:11:36,False,,bajo,False
2026-08-31 16:12:19,2330,2026-08-30 10:34:41,1,2026-08-30 10:34:41,False,,bajo,False
2026-08-31 16:12:19,2335,2026-08-31 12:56:06,1,2026-08-31 12:56:06,False,,bajo,False
2026-08-31 16:12:19,2391,2026-08-31 15:43:19,1,2026-08-31 15:43:19,False,,bajo,False
2026-08-31 16:12:19,2404,2026-08-31 15:24:07,1,2026-08-31 15:24:07,False,,bajo,False
2026-08-31 16:12:19,2415,2026-08-31 16:10:13,1,2026-08-31 16:10:13,False,,bajo,False
2026-08-31 16:12:19,2424,2025-03-13 16:03:26,1,2025-03-13 16:03:26,False,,bajo,False
2026-08-31 16:12:19,2446,2026-08-30 11:32:53,1,2026-08-30 11:32:53,False,,bajo,False
2026-08-31 16:12:19,2459,2026-08-30 13:59:23,1,2026-08-30 13:59:23,False,,bajo,False
2026-08-31 16:12:19,2464,2026-08-31 14:22:27,1,2026-08-31 14:22:27,False,,bajo,False
2026-08-31 16:12:19,2465,2026-08-31 15:28:45,1,2026-08-31 15:28:45,False,,bajo,False
2026-08-31 16:12:19,2466,2026-08-29 22:28:25,1,2026-08-29 22:28:25,False,,bajo,False
2026-08-31 16:12:19,2468,2026-08-31 14:53:47,1,2026-08-31 14:53:47,False,,bajo,True
2026-08-31 16:12:19,2471,2026-08-31 15:39:11,1,2026-08-31 15:39:11,False,,bajo,False
2026-08-31 16:12:19,2475,2026-08-30 08:54:25,1,2026-08-30 08:54:25,False,,bajo,False
2026-08-31 16:12:19,2476,2026-08-31 15:59:49,1,2026-08-31 15:59:49,False,,alto,False
2026-08-31 16:12:19,2482,2026-08-31 14:05:35,1,2026-08-31 14:05:35,False,,medio,True
2026-08-31 16:12:19,2484,2026-08-31 15:23:14,1,2026-08-31 15:23:14,True,2026-08-31 12:04:11,bajo,False
2026-08-31 16:12:19,2485,2026-08-31 16:11:21,1,2026-08-31 16:11:21,False,,bajo,True
2026-08-31 16:12:19,2492,2026-08-31 15:13:00,1,2026-08-31 15:13:00,False,,bajo,False
2026-08-31 16:12:19,2516,2026-08-31 08:46:08,1,2026-08-31 08:46:08,False,,bajo,False
2026-08-31 16:12:19,2519,2026-08-31 11:45:47,1,2026-08-31 11:45:47,False,,bajo,False
2026-08-31 16:12:19,2565,2026-08-31 12:21:15,1,2026-08-30 09:02:50,True,2026-08-31 12:21:15,bajo,False
2026-08-31 16:12:19,2567,2026-08-31 16:06:49,1,2026-08-31 16:06:49,True,2026-08-31 13:32:25,bajo,False
2026-08-31 16:12:19,2575,2026-08-31 16:07:23,1,2026-08-31 16:07:23,False,,bajo,False
2026-08-31 16:12:19,2582,2026-08-31 16:10:45,1,2026-08-31 16:10:45,False,,bajo,False
2026-08-31 16:12:19,2590,2026-08-31 15:19:53,1,2026-08-31 15:19:53,True,2026-08-31 11:06:59,bajo,False
2026-08-31 16:12:19,2592,2026-08-31 16:06:00,1,2026-08-31 16:06:00,False,,bajo,True
2026-08-31 16:12:19,2593,2026-08-31 16:10:21,1,2026-08-31 16:10:21,True,2026-08-31 12:54:19,bajo,False
2026-08-31 16:12:19,2654,2026-08-31 16:10:46,1,2026-08-31 16:10:46,False,,bajo,True
2026-08-31 16:12:19,2665,2026-08-31 16:07:42,1,2026-08-31 16:07:42,False,,bajo,False
2026-08-31 16:12:19,2668,2026-08-29 17:49:19,1,2026-08-29 17:49:19,False,,bajo,False
2026-08-31 16:12:19,2678,2026-08-29 21:46:37,1,2026-08-29 21:46:37,False,,bajo,False
2026-08-31 16:12:19,2693,2026-08-31 16:08:59,1,2026-08-31 16:08:59,False,,alto,False
2026-08-31 16:12:19,2701,2026-08-31 15:24:12,1,2026-08-31 15:24:12,False,,bajo,False
2026-08-31 16:12:19,2706,2026-08-31 16:06:26,1,2026-08-31 16:06:26,False,,alto,False
2026-08-31 16:12:19,2718,2026-08-31 15:07:59,1,2026-08-31 15:07:59,False,,bajo,False
2026-08-31 16:12:19,2722,2026-08-31 15:46:39,1,2026-08-31 15:46:39,False,,alto,False
2026-08-31 16:12:19,2724,2026-08-31 09:54:54,1,2026-08-31 09:54:54,False,,alto,False
2026-08-31 16:12:19,2726,2025-03-13 16:03:26,1,2025-03-13 16:03:26,False,,bajo,False
2026-08-31 16:12:19,2730,2026-06-03 08:24:07,1,2026-06-03 08:24:07,False,,bajo,False
2026-08-31 16:12:19,2743,2026-08-31 16:03:41,1,2026-08-31 16:03:41,False,,bajo,True
2026-08-31 16:12:19,2744,2026-08-31 16:10:03,1,2026-08-31 16:10:03,True,2026-08-31 13:41:46,medio,False
2026-08-31 16:12:19,2751,2026-08-30 08:21:14,1,2026-08-30 08:21:14,False,,bajo,False
2026-08-31 16:12:19,2754,2026-06-03 08:25:11,1,2026-06-03 08:25:11,False,,bajo,False
2026-08-31 16:12:19,2768,2026-06-03 08:23:19,1,2026-06-03 08:23:19,False,,bajo,False
2026-08-31 16:12:19,2770,2025-03-13 16:03:26,1,2025-03-13 16:03:26,False,,bajo,False
2026-08-31 16:12:19,2773,2026-08-31 16:02:20,1,2026-08-31 16:02:20,True,2026-08-31 13:41:46,alto,True
2026-08-31 16:12:19,2777,2025-03-13 16:03:26,1,2025-03-13 16:03:26,False,,bajo,False
2026-08-31 16:12:19,2780,2026-08-30 07:08:54,1,2026-08-30 07:08:54,False,,bajo,False
2026-08-31 16:12:19,2781,2026-08-30 04:18:59,1,2026-08-30 04:18:59,False,,bajo,False
2026-08-31 16:12:19,2790,2026-08-30 08:00:01,1,2026-08-30 08:00:01,False,,bajo,False
2026-08-31 16:12:19,2791,2026-08-15 17:39:44,1,2026-08-15 17:39:44,False,,bajo,False
2026-08-31 16:12:19,2796,2026-08-31 16:09:32,1,2026-08-31 16:09:32,False,,bajo,False
2026-08-31 16:12:19,2803,2026-08-31 10:04:05,1,2026-08-31 10:04:05,False,,bajo,False
2026-08-31 16:12:19,2807,2026-08-30 15:17:34,1,2026-08-30 15:17:34,False,,bajo,False
2026-08-31 16:12:19,2808,2026-08-31 15:54:12,1,2026-08-31 15:54:12,True,2026-08-31 13:39:19,bajo,False
2026-08-31 16:12:19,2810,2026-08-31 10:08:50,1,2026-08-31 10:08:50,False,,bajo,True
2026-08-31 16:12:19,2830,2026-08-30 20:49:40,1,2026-08-30 20:49:40,False,,bajo,False
2026-08-31 16:12:19,2858,2026-08-31 14:00:30,1,2026-08-31 14:00:30,False,,alto,False
2026-08-31 16:12:19,2904,2026-08-29 20:02:43,1,2026-08-29 20:02:43,False,,bajo,False
2026-08-31 16:12:19,2922,2026-06-03 07:54:30,1,2026-06-03 07:54:30,False,,bajo,False
2026-08-31 16:12:19,2926,2026-08-31 16:05:35,1,2026-08-31 16:05:35,False,,bajo,False
2026-08-31 16:12:19,2929,2026-08-29 08:19:14,1,2026-08-29 08:19:14,False,,alto,False
2026-08-31 16:12:19,2935,2026-08-31 16:08:43,1,2026-08-31 16:08:43,False,,bajo,False
2026-08-31 16:12:19,2937,2026-08-31 12:59:52,1,2026-08-31 12:59:52,False,,bajo,False
2026-08-31 16:12:19,2961,2026-02-27 08:12:26,1,2026-02-27 08:12:26,False,,bajo,False
2026-08-31 16:12:19,2971,2026-08-31 16:06:25,1,2026-08-31 16:06:25,False,,bajo,False
2026-08-31 16:12:19,2972,2026-08-31 14:07:03,1,2026-08-28 21:20:18,True,2026-08-31 14:07:03,bajo,False
2026-08-31 16:12:19,2973,2026-08-31 14:30:19,1,2026-08-31 14:30:19,False,,bajo,False
2026-08-31 16:12:19,2975,2026-08-29 14:17:13,1,2026-08-29 14:17:13,False,,bajo,False
2026-08-31 16:12:19,2978,2026-08-31 16:08:29,1,2026-08-31 16:08:29,False,,bajo,True
2026-08-31 16:12:19,2983,2026-08-31 16:11:02,1,2026-08-31 16:11:02,False,,bajo,False
2026-08-31 16:12:19,2984,2026-08-31 15:45:05,1,2026-08-31 15:45:05,False,,bajo,False
2026-08-31 16:12:19,2985,2026-08-30 12:05:51,1,2026-08-30 12:05:51,False,,bajo,False
2026-08-31 16:12:19,2986,2026-08-29 17:40:41,1,2026-08-29 17:40:41,False,,bajo,False
2026-08-31 16:12:19,2987,2026-08-29 13:12:47,1,2026-08-29 13:12:47,False,,bajo,False
2026-08-31 16:12:19,2988,2026-08-31 16:11:42,1,2026-08-31 16:11:42,False,,bajo,False
2026-08-31 16:12:19,2993,2026-08-31 14:23:49,1,2026-08-30 06:49:11,True,2026-08-31 14:23:49,bajo,False
2026-08-31 16:12:19,2994,2026-08-31 14:22:30,1,2026-08-31 14:22:30,False,,bajo,False
2026-08-31 16:12:19,2996,2026-08-30 18:50:42,1,2026-08-30 18:50:42,False,,bajo,False
2026-08-31 16:12:19,2998,2026-08-31 12:18:00,1,2026-08-31 12:18:00,False,,bajo,True
2026-08-31 16:12:19,3002,2026-08-31 14:36:01,1,2026-08-31 14:36:01,False,,bajo,False
2026-08-31 16:12:19,3009,2026-08-31 16:03:30,1,2026-08-31 16:03:30,False,,bajo,False
2026-08-31 16:12:19,3010,2026-08-31 16:10:04,1,2026-08-31 16:10:04,True,2026-08-31 11:26:25,bajo,False
2026-08-31 16:12:19,3011,2026-08-29 22:02:45,1,2026-08-29 22:02:45,False,,bajo,False
2026-08-31 16:12:19,3013,2026-08-31 16:02:41,1,2026-08-31 16:02:41,False,,bajo,False
2026-08-31 16:12:19,3020,2026-08-31 14:11:16,1,2026-08-31 14:11:16,False,,bajo,False
2026-08-31 16:12:19,3022,2026-08-31 12:26:39,1,2026-08-30 21:12:06,True,2026-08-31 12:26:39,medio,False
2026-08-31 16:12:19,3024,2026-08-31 16:04:44,1,2026-08-31 16:04:44,False,,bajo,False
2026-08-31 16:12:19,3026,2026-08-31 11:10:10,1,2026-08-30 17:48:58,True,2026-08-31 11:10:10,bajo,False
2026-08-31 16:12:19,3027,2026-08-31 16:10:24,1,2026-08-31 16:10:24,False,,bajo,False
2026-08-31 16:12:19,3029,2026-08-29 22:19:56,1,2026-08-29 22:19:56,False,,bajo,False
2026-08-31 16:12:19,3036,2025-03-13 16:18:25,1,2025-03-13 16:18:25,False,,bajo,False
2026-08-31 16:12:19,3039,2026-08-30 11:08:40,1,2026-08-30 11:08:40,False,,medio,False
2026-08-31 16:12:19,3060,2026-08-31 16:07:12,1,2026-08-31 16:07:12,True,2026-08-31 11:55:17,bajo,False
2026-08-31 16:12:19,3064,2026-08-31 16:10:27,1,2026-08-31 16:10:27,True,2026-08-31 13:17:19,bajo,True
2026-08-31 16:12:19,3065,2026-06-03 06:29:32,1,2026-06-03 06:29:32,False,,bajo,False
2026-08-31 16:12:19,3074,2026-08-31 01:39:20,1,2026-08-31 01:39:20,False,,bajo,False
2026-08-31 16:12:19,3076,2026-08-30 18:51:09,1,2026-08-30 18:51:09,False,,bajo,False
2026-08-31 16:12:19,3079,2026-08-31 16:06:09,1,2026-08-31 16:06:09,False,,alto,False
2026-08-31 16:12:19,3084,2026-08-31 16:04:06,1,2026-08-31 16:04:06,False,,bajo,False
2026-08-31 16:12:19,3086,2026-08-31 08:57:33,1,2026-08-31 08:57:33,False,,bajo,False
2026-08-31 16:12:19,3087,2026-08-30 01:49:59,1,2026-08-30 01:49:59,False,,bajo,False
2026-08-31 16:12:19,3099,2026-08-31 16:12:01,1,2026-08-31 16:12:01,False,,bajo,False
2026-08-31 16:12:19,3101,2026-08-29 11:49:42,1,2026-08-29 11:49:42,False,,bajo,False
2026-08-31 16:12:19,3117,2026-08-30 07:19:20,1,2026-08-30 07:19:20,False,,bajo,False
2026-08-31 16:12:19,3121,2026-08-31 12:08:01,1,2026-08-31 12:08:01,False,,bajo,False
2026-08-31 16:12:19,3132,2026-08-31 16:10:26,1,2026-08-31 16:10:26,False,,bajo,False
2026-08-31 16:12:19,3138,2026-08-30 09:30:11,1,2026-08-30 09:30:11,False,,bajo,False
2026-08-31 16:12:19,3141,2026-08-31 12:23:05,1,2026-08-30 16:22:47,True,2026-08-31 12:23:05,bajo,False
2026-08-31 16:12:19,3144,2026-08-31 15:20:17,1,2026-08-31 15:20:17,False,,bajo,False
2026-08-31 16:12:19,3145,2026-08-30 12:22:54,1,2026-08-30 12:22:54,False,,bajo,False
2026-08-31 16:12:19,3146,2026-08-31 16:04:49,1,2026-08-31 16:04:49,False,,bajo,False
2026-08-31 16:12:19,3151,2026-08-30 18:27:21,1,2026-08-30 18:27:21,False,,medio,False
2026-08-31 16:12:19,3154,2026-08-30 01:12:29,1,2026-08-30 01:12:29,False,,bajo,False
2026-08-31 16:12:19,3155,2026-08-31 15:11:01,1,2026-08-31 15:11:01,False,,bajo,False
2026-08-31 16:12:19,3159,2026-08-31 16:08:29,1,2026-08-31 16:08:29,False,,bajo,False
2026-08-31 16:12:19,3160,2026-08-31 16:06:22,1,2026-08-31 16:06:22,False,,bajo,False
2026-08-31 16:12:19,3161,2026-08-30 14:49:36,1,2026-08-30 14:49:36,False,,bajo,False
2026-08-31 16:12:19,3162,2026-06-03 06:14:04,1,2026-06-03 06:14:04,False,,bajo,False
2026-08-31 16:12:19,3169,2026-08-31 14:53:39,1,2026-08-31 14:53:39,False,,bajo,False
2026-08-31 16:12:19,3172,2026-08-31 16:07:54,1,2026-08-31 16:07:54,False,,bajo,False
2026-08-31 16:12:19,3178,2026-08-31 16:01:31,1,2026-08-31 16:01:31,True,2026-08-31 11:05:23,bajo,True
2026-08-31 16:12:19,3184,2026-08-31 11:50:22,1,2026-08-31 11:40:23,True,2026-08-31 11:50:22,bajo,False
2026-08-31 16:12:19,3185,2026-08-31 06:21:44,1,2026-08-31 06:21:44,False,,alto,False
2026-08-31 16:12:19,3187,2026-08-29 20:33:32,1,2026-08-29 20:33:32,False,,bajo,False
2026-08-31 16:12:19,3191,2026-08-31 14:11:19,1,2026-08-31 14:11:19,False,,bajo,True
2026-08-31 16:12:19,3199,2026-08-31 16:01:16,1,2026-08-31 16:01:16,True,2026-08-31 11:43:39,bajo,True
2026-08-31 16:12:19,3202,2026-08-31 16:08:25,1,2026-08-31 16:08:25,True,2026-08-31 12:48:41,bajo,False
2026-08-31 16:12:19,3203,2026-08-31 15:59:11,1,2026-08-31 15:59:11,False,,bajo,False
2026-08-31 16:12:19,3204,2026-08-31 16:09:23,1,2026-08-31 16:09:23,False,,bajo,False
2026-08-31 16:12:19,3207,2026-08-31 14:12:13,1,2026-08-31 14:12:13,False,,bajo,False
2026-08-31 16:12:19,3208,2026-08-30 15:39:26,1,2026-08-30 15:39:26,False,,bajo,True
2026-08-31 16:12:19,3216,2026-08-30 11:24:53,1,2026-08-30 11:24:53,False,,medio,True
2026-08-31 16:12:19,3222,2026-08-29 20:58:02,1,2026-08-29 20:58:02,False,,bajo,False
2026-08-31 16:12:19,3224,2026-08-27 18:03:51,1,2026-08-27 18:03:51,False,,bajo,True
2026-08-31 16:12:19,3225,2026-08-31 13:44:38,1,2026-08-31 13:44:38,False,,bajo,False
2026-08-31 16:12:19,3227,2026-08-31 16:08:25,1,2026-08-31 16:08:25,False,,bajo,False
2026-08-31 16:12:19,3232,2026-08-31 09:40:27,1,2026-08-31 09:40:27,False,,bajo,True
2026-08-31 16:12:19,3239,2026-08-30 16:16:13,1,2026-08-30 16:16:13,False,,bajo,False
2026-08-31 16:12:19,3242,2026-08-30 11:06:35,1,2026-08-30 11:06:35,False,,bajo,False
2026-08-31 16:12:19,3243,2026-08-30 06:08:19,1,2026-08-30 06:08:19,False,,bajo,False
2026-08-31 16:12:19,3244,2026-08-31 15:40:51,1,2026-08-31 15:40:51,False,,bajo,False
2026-08-31 16:12:19,3259,2026-08-31 15:56:55,1,2026-08-31 15:56:55,True,2026-08-31 11:02:08,bajo,False
2026-08-31 16:12:19,3264,2026-08-30 07:40:18,1,2026-08-30 07:40:18,False,,bajo,False
2026-08-31 16:12:19,3266,2026-08-31 16:11:48,1,2026-08-31 16:11:48,False,,bajo,False
2026-08-31 16:12:19,4018,2026-08-29 10:48:58,1,2026-08-29 10:48:58,False,,bajo,False
2026-08-31 16:12:19,4024,2026-08-29 23:28:00,1,2026-08-29 23:28:00,False,,bajo,False
2026-08-31 16:12:19,1724,2026-06-03 08:15:44,2,2026-06-03 08:15:44,False,,bajo,False
2026-08-31 16:12:19,1744,2026-06-03 06:32:42,2,2026-06-03 06:32:42,False,,bajo,False
2026-08-31 16:12:19,1766,2026-06-03 17:35:31,2,2026-06-03 17:35:31,False,,bajo,False
2026-08-31 16:12:19,1784,2026-06-03 17:31:00,2,2026-06-03 17:31:00,False,,bajo,False
2026-08-31 16:12:19,1805,2026-06-03 17:31:00,2,2026-06-03 17:31:00,False,,bajo,False
2026-08-31 16:12:19,1824,2026-06-03 17:31:00,2,2026-06-03 17:31:00,False,,bajo,False
2026-08-31 16:12:19,1844,2026-06-03 17:31:00,2,2026-06-03 17:31:00,False,,bajo,False
2026-08-31 16:12:19,1845,2026-06-03 17:31:27,2,2026-06-03 17:31:27,False,,bajo,False
2026-08-31 16:12:19,1887,2026-08-05 15:28:49,2,2026-08-05 15:28:49,False,,bajo,False
2026-08-31 16:12:19,1924,2026-06-03 17:31:00,2,2026-06-03 17:31:00,False,,bajo,False
2026-08-31 16:12:19,1926,2026-06-03 06:42:55,2,2026-06-03 06:42:55,False,,bajo,False
2026-08-31 16:12:19,1944,2026-06-03 17:31:00,2,2026-06-03 17:31:00,False,,bajo,False
2026-08-31 16:12:19,1945,2026-08-26 17:47:37,2,2026-08-26 17:47:37,False,,bajo,False
2026-08-31 16:12:19,2190,2025-03-13 16:03:26,2,2025-03-13 16:03:26,False,,bajo,False
2026-08-31 16:12:19,2193,2026-06-03 17:33:58,2,2026-06-03 17:33:58,False,,bajo,False
2026-08-31 16:12:19,2205,2026-06-02 08:49:39,2,2026-06-02 08:49:39,False,,bajo,False
2026-08-31 16:12:19,2208,2026-07-20 15:35:36,2,2026-07-20 15:35:36,False,,bajo,False
2026-08-31 16:12:19,2224,2026-06-03 08:23:23,2,2026-06-03 08:23:23,False,,bajo,False
2026-08-31 16:12:19,2229,2026-06-03 07:24:01,2,2026-06-03 07:24:01,False,,bajo,False
2026-08-31 16:12:19,2250,2026-06-03 08:23:15,2,2026-06-03 08:23:15,False,,bajo,False
2026-08-31 16:12:19,2335,2026-06-03 06:08:53,2,2026-06-03 06:08:53,False,,bajo,False
2026-08-31 16:12:19,2411,2026-06-03 08:44:37,2,2026-06-03 08:44:37,False,,bajo,False
2026-08-31 16:12:19,2465,2026-06-03 06:28:44,2,2026-06-03 06:28:44,False,,bajo,False
2026-08-31 16:12:19,2466,2025-03-13 16:03:26,2,2025-03-13 16:03:26,False,,bajo,False
2026-08-31 16:12:19,2468,2026-06-03 08:40:08,2,2026-06-03 08:40:08,False,,bajo,False
2026-08-31 16:12:19,2706,2026-06-03 05:15:51,2,2026-06-03 05:15:51,False,,bajo,False
2026-08-31 16:12:19,2724,2026-08-22 11:08:53,2,2026-08-22 11:08:53,False,,bajo,False
2026-08-31 16:12:19,2730,2026-06-03 08:24:08,2,2026-06-03 08:24:08,False,,bajo,False
2026-08-31 16:12:19,2743,2026-06-03 08:33:58,2,2026-06-03 08:33:58,False,,bajo,False
2026-08-31 16:12:19,2744,2026-06-03 08:26:24,2,2026-06-03 08:26:24,False,,bajo,False
2026-08-31 16:12:19,2768,2026-06-03 08:23:19,2,2026-06-03 08:23:19,False,,bajo,False
2026-08-31 16:12:19,2770,2026-06-03 08:28:44,2,2026-06-03 08:28:44,False,,bajo,False
2026-08-31 16:12:19,2773,2026-06-03 08:42:23,2,2026-06-03 08:42:23,False,,bajo,False
2026-08-31 16:12:19,2780,2026-06-03 08:31:16,2,2026-06-03 08:31:16,False,,bajo,False
2026-08-31 16:12:19,2781,2026-06-03 08:39:47,2,2026-06-03 08:39:47,False,,bajo,False
2026-08-31 16:12:19,2922,2026-06-03 07:54:30,2,2026-06-03 07:54:30,False,,bajo,False
2026-08-31 16:12:19,2983,2026-06-03 08:26:35,2,2026-06-03 08:26:35,False,,bajo,False
2026-08-31 16:12:19,2993,2026-05-28 08:20:47,2,2026-05-28 08:20:47,False,,bajo,False
2026-08-31 16:12:19,3002,2025-03-13 16:03:26,2,2025-03-13 16:03:26,False,,bajo,False
2026-08-31 16:12:19,3020,2026-06-03 08:31:34,2,2026-06-03 08:31:34,False,,bajo,False
2026-08-31 16:12:19,3065,2026-06-03 06:29:32,2,2026-06-03 06:29:32,False,,bajo,False
2026-08-31 16:12:19,3086,2026-06-03 08:38:54,2,2026-06-03 08:38:54,False,,bajo,False
2026-08-31 16:12:19,3087,2026-06-03 02:06:08,2,2026-06-03 02:06:08,False,,bajo,False
2026-08-31 16:12:19,3151,2026-06-03 07:25:54,2,2026-06-03 07:25:54,False,,bajo,False
2026-08-31 16:12:19,3160,2026-06-03 03:28:18,2,2026-06-03 03:28:18,False,,bajo,False
2026-08-31 16:12:19,3199,2026-06-03 08:41:17,2,2026-06-03 08:41:17,False,,bajo,False
2026-08-31 16:12:19,3203,2026-06-03 08:22:47,2,2026-06-03 08:22:47,False,,bajo,False
2026-08-31 16:12:19,3204,2026-06-03 07:54:17,2,2026-06-03 07:54:17,False,,bajo,False
2026-08-31 16:12:19,3207,2026-06-03 07:05:01,2,2026-06-03 07:05:01,False,,bajo,False
2026-08-31 16:12:19,3227,2025-03-13 16:03:26,2,2025-03-13 16:03:26,False,,bajo,False
2026-08-31 16:12:19,1846,2026-06-03 08:24:16,3,2026-06-03 08:24:16,False,,bajo,False
2026-08-31 16:12:19,2193,2026-06-03 03:28:55,3,2026-06-03 03:28:55,False,,bajo,False
2026-08-31 16:12:19,2208,2026-06-03 08:31:26,3,2026-06-03 08:31:26,False,,bajo,False
2026-08-31 16:12:19,2330,2026-06-03 07:45:12,3,2026-06-03 07:45:12,False,,bajo,False
2026-08-31 16:12:19,2415,2026-06-03 08:47:45,3,2026-06-03 08:47:45,False,,bajo,False
2026-08-31 16:12:19,2466,2026-06-03 08:38:32,3,2026-06-03 08:38:32,False,,bajo,False
2026-08-31 16:12:19,2582,2026-06-03 08:15:54,3,2026-06-03 08:15:54,False,,bajo,False
2026-08-31 16:12:19,2665,2026-06-03 07:10:20,3,2026-06-03 07:10:20,False,,bajo,False
2026-08-31 16:12:19,2718,2026-06-03 07:28:18,3,2026-06-03 07:28:18,False,,bajo,False
2026-08-31 16:12:19,2722,2026-06-03 06:10:37,3,2026-06-03 06:10:37,False,,bajo,False
2026-08-31 16:12:19,2751,2026-06-03 07:40:08,3,2026-06-03 07:40:08,False,,bajo,False
2026-08-31 16:12:19,2858,2026-06-03 00:31:15,3,2026-06-03 00:31:15,False,,bajo,False
2026-08-31 16:12:19,2993,2026-05-28 08:20:47,3,2026-05-28 08:20:47,False,,bajo,False
2026-08-31 16:12:19,2994,2026-06-03 07:45:41,3,2026-06-03 07:45:41,False,,bajo,False
2026-08-31 16:12:19,3010,2026-06-03 08:19:28,3,2026-06-03 08:19:28,False,,bajo,False
2026-08-31 16:12:19,3011,2026-06-03 08:45:02,3,2026-06-03 08:45:02,False,,bajo,False
2026-08-31 16:12:19,3024,2026-06-03 07:31:40,3,2026-06-03 07:31:40,False,,bajo,False
2026-08-31 16:12:19,3026,2026-06-03 08:11:53,3,2026-06-03 08:11:53,False,,bajo,False
2026-08-31 16:12:19,3027,2026-06-03 08:24:41,3,2026-06-03 08:24:41,False,,bajo,False
2026-08-31 16:12:19,3074,2026-06-03 06:59:32,3,2026-06-03 06:59:32,False,,bajo,False
2026-08-31 16:12:19,3079,2026-06-03 07:50:16,3,2026-06-03 07:50:16,False,,bajo,False
2026-08-31 16:12:19,3086,2026-06-03 08:38:54,3,2026-06-03 08:38:54,False,,bajo,False
2026-08-31 16:12:19,3087,2026-06-03 02:06:08,3,2026-06-03 02:06:08,False,,bajo,False
2026-08-31 16:12:19,3132,2026-06-03 08:15:52,3,2026-06-03 08:15:52,False,,bajo,False
2026-08-31 16:12:19,3160,2026-06-03 03:28:18,3,2026-06-03 03:28:18,False,,bajo,False
2026-08-31 16:12:19,3172,2026-06-03 08:52:22,3,2026-06-03 08:52:22,False,,bajo,False
2026-08-31 16:12:19,3203,2026-06-03 17:31:00,3,2026-06-03 17:31:00,False,,bajo,False
2026-08-31 16:12:19,3204,2026-06-03 07:54:17,3,2026-06-03 07:54:17,False,,bajo,False
2026-08-31 16:12:19,3207,2026-06-03 07:05:01,3,2026-06-03 07:05:01,False,,bajo,False
2026-08-31 16:12:19,3222,2026-06-03 08:54:14,3,2026-06-03 08:54:14,False,,bajo,False
2026-08-31 16:12:19,2362,2026-08-31 16:11:39,0,2026-08-31 16:11:39,False,,bajo,True
2026-08-31 16:12:19,2815,2026-08-31 15:58:05,0,2026-08-31 15:58:05,True,2026-08-31 14:18:44,bajo,False
2026-08-31 16:12:19,2817,2026-08-31 16:11:55,0,2026-08-31 16:11:55,False,,bajo,True
2026-08-31 16:12:19,2818,2026-08-31 16:11:32,0,2026-08-31 16:11:32,False,,bajo,False
2026-08-31 16:12:19,2820,2026-08-31 16:11:33,0,2026-08-31 16:11:33,False,,bajo,True
2026-08-31 16:12:19,2821,2026-08-31 16:12:06,0,2026-08-31 16:12:06,False,,medio,True
2026-08-31 16:12:19,2822,2026-08-31 16:11:40,0,2026-08-31 16:11:40,False,,bajo,True
2026-08-31 16:12:19,2823,2026-08-28 08:13:15,0,2026-08-28 08:13:15,False,,bajo,True
2026-08-31 16:12:19,2824,2026-08-30 11:14:23,0,2026-08-30 11:14:23,False,,bajo,True
2026-08-31 16:12:19,2827,2026-08-31 16:11:00,0,2026-08-31 16:11:00,True,2026-08-31 14:15:46,bajo,True
2026-08-31 16:12:19,2828,2026-08-27 14:39:54,0,2026-08-27 14:39:54,False,,bajo,False
2026-08-31 16:12:19,2833,2026-08-31 16:11:35,0,2026-08-31 16:11:35,False,,alto,False
2026-08-31 16:12:19,2931,2026-08-31 16:11:45,0,2026-08-31 16:11:45,False,,alto,False
2026-08-31 16:12:19,2932,2026-08-31 16:11:00,0,2026-08-31 16:11:00,True,2026-08-31 15:32:06,bajo,False
2026-08-31 16:12:19,2949,2026-08-31 14:51:33,0,2026-08-31 14:51:33,False,,bajo,False
2026-08-31 16:12:19,2952,2026-08-27 18:25:18,0,2026-08-27 18:25:18,False,,bajo,False
2026-08-31 16:12:19,2953,2026-08-31 11:07:24,0,2026-08-31 11:07:24,False,,bajo,False
2026-08-31 16:12:19,2969,2026-08-31 16:11:37,0,2026-08-31 16:11:37,False,,alto,True
2026-08-31 16:12:19,2995,2026-08-29 21:23:11,0,2026-08-29 21:23:11,False,,bajo,False
2026-08-31 16:12:19,3017,2026-08-31 15:31:05,0,2026-08-28 12:07:19,True,2026-08-31 15:31:05,bajo,False
2026-08-31 16:12:19,3021,2026-08-31 15:31:36,0,2026-08-29 16:27:44,True,2026-08-31 15:31:36,bajo,False
2026-08-31 16:12:19,3068,2026-08-29 07:55:30,0,2026-08-29 07:55:30,False,,bajo,False
2026-08-31 16:12:19,3080,2026-08-31 16:11:37,0,2026-08-31 16:11:37,False,,bajo,True
2026-08-31 16:12:19,3089,2026-08-31 11:50:52,0,2026-08-31 11:50:52,False,,bajo,False
2026-08-31 16:12:19,3111,2026-08-31 16:10:00,0,2026-08-31 16:10:00,False,,bajo,True
2026-08-31 16:12:19,3112,2026-08-31 08:42:39,0,2026-08-31 08:42:39,False,,bajo,False
2026-08-31 16:12:19,3142,2026-08-30 16:59:20,0,2026-08-30 16:59:20,False,,bajo,False
2026-08-31 16:12:19,3181,2026-08-30 20:28:40,0,2026-08-30 20:28:40,False,,bajo,True
2026-08-31 16:12:19,3205,2026-08-31 16:11:56,0,2026-08-31 16:11:56,True,2026-08-31 14:20:24,bajo,False
2026-08-31 16:12:19,3233,2026-08-31 12:51:44,0,2026-08-31 12:51:44,False,,bajo,False
2026-08-31 16:12:19,2362,2026-08-31 16:09:21,1,2026-08-31 16:09:21,True,2026-08-31 14:18:05,bajo,True
2026-08-31 16:12:19,2815,2026-08-31 16:08:30,1,2026-08-31 16:08:30,False,,bajo,False
2026-08-31 16:12:19,2817,2026-08-31 15:02:18,1,2026-08-31 15:02:18,True,2026-08-31 14:17:17,bajo,False
2026-08-31 16:12:19,2818,2026-08-31 16:04:01,1,2026-08-31 16:04:01,False,,bajo,False
2026-08-31 16:12:19,2820,2026-06-03 07:57:34,1,2026-06-03 07:57:34,False,,bajo,False
2026-08-31 16:12:19,2821,2026-08-31 16:01:57,1,2026-08-31 16:01:57,False,,medio,True
2026-08-31 16:12:19,2822,2026-08-31 16:11:11,1,2026-08-31 16:11:11,False,,bajo,False
2026-08-31 16:12:19,2823,2026-08-31 15:11:34,1,2026-08-31 15:11:34,False,,bajo,True
2026-08-31 16:12:19,2824,2026-08-31 16:10:35,1,2026-08-31 16:10:35,False,,bajo,False
2026-08-31 16:12:19,2827,2026-08-31 11:09:03,1,2026-08-31 11:09:03,False,,bajo,False
2026-08-31 16:12:19,2828,2026-08-31 16:08:49,1,2026-08-31 16:08:49,True,2026-08-31 15:30:32,bajo,False
2026-08-31 16:12:19,2833,2026-08-31 11:01:44,1,2026-08-31 11:01:44,False,,alto,False
2026-08-31 16:12:19,2931,2026-08-31 16:08:29,1,2026-08-31 16:08:29,False,,alto,True
2026-08-31 16:12:19,2932,2026-08-31 16:05:14,1,2026-08-31 16:05:14,True,2026-08-31 15:32:06,bajo,True
2026-08-31 16:12:19,2949,2026-08-30 20:08:44,1,2026-08-30 20:08:44,False,,bajo,False
2026-08-31 16:12:19,2952,2026-08-30 16:41:26,1,2026-08-30 16:41:26,False,,bajo,False
2026-08-31 16:12:19,2953,2026-08-31 13:15:26,1,2026-08-31 13:15:26,False,,bajo,False
2026-08-31 16:12:19,2969,2026-08-31 15:50:33,1,2026-08-31 15:50:33,True,2026-08-31 11:29:12,bajo,False
2026-08-31 16:12:19,2995,2026-08-29 18:35:49,1,2026-08-29 18:35:49,False,,bajo,False
2026-08-31 16:12:19,3017,2026-08-31 15:31:05,1,2026-08-29 08:37:31,True,2026-08-31 15:31:05,bajo,False
2026-08-31 16:12:19,3021,2026-08-31 15:31:36,1,2026-08-31 13:47:57,True,2026-08-31 15:31:36,medio,False
2026-08-31 16:12:19,3068,2026-08-31 11:35:20,1,2026-08-31 11:35:20,False,,bajo,False
2026-08-31 16:12:19,3080,2026-08-31 10:13:48,1,2026-08-31 10:13:48,False,,bajo,False
2026-08-31 16:12:19,3089,2026-08-31 14:24:21,1,2026-08-31 14:24:21,False,,bajo,False
2026-08-31 16:12:19,3111,2026-08-31 15:53:46,1,2026-08-31 15:53:46,False,,bajo,False
2026-08-31 16:12:19,3112,2026-08-31 15:44:31,1,2026-08-31 15:44:31,False,,bajo,False
2026-08-31 16:12:19,3142,2026-08-31 16:11:37,1,2026-08-31 16:11:37,False,,bajo,False
2026-08-31 16:12:19,3181,2026-08-31 13:50:20,1,2026-08-31 13:50:20,False,,bajo,False
2026-08-31 16:12:19,3233,2026-08-30 11:11:49,1,2026-08-30 11:11:49,False,,bajo,True
2026-08-31 16:12:19,2736,2026-08-31 15:26:08,0,2026-08-31 15:26:08,False,,bajo,True
2026-08-31 16:12:19,2755,2026-08-31 16:10:43,0,2026-08-31 16:10:43,False,,bajo,True
2026-08-31 16:12:19,2908,2026-08-31 16:11:24,0,2026-08-31 16:11:24,False,,bajo,True
2026-08-31 16:12:19,3072,2025-03-13 16:03:26,0,2025-03-13 16:03:26,False,,bajo,False
2026-08-31 16:12:19,3100,2026-08-31 16:11:18,0,2026-08-31 16:11:18,False,,bajo,True
2026-08-31 16:12:19,3170,2026-08-31 14:25:06,0,2026-08-30 13:06:44,True,2026-08-31 14:25:06,bajo,False
2026-08-31 16:12:19,2736,2026-08-31 16:07:43,1,2026-08-31 16:07:43,False,,bajo,False
2026-08-31 16:12:19,2755,2026-08-31 14:46:21,1,2026-08-31 14:46:21,False,,bajo,True
2026-08-31 16:12:19,2908,2026-08-31 16:07:24,1,2026-08-31 16:07:24,False,,bajo,False
2026-08-31 16:12:19,3072,2025-03-13 16:03:26,1,2025-03-13 16:03:26,False,,bajo,False
2026-08-31 16:12:19,3100,2026-08-31 16:06:41,1,2026-08-31 16:06:41,False,,bajo,False
2026-08-31 16:12:19,3170,2026-08-31 14:25:06,1,2026-08-29 14:03:02,True,2026-08-31 14:25:06,bajo,False
