fecha_actualizacion,id_eess,fecha_actualizacion_sistema,id_producto_abs,fecha_ultima_venta,despacho_en_curso,fecha_hora_despacho,saldo_estado,con_venta
2026-09-14 02:26:48,2456,2026-09-12 07:10:53,0,2026-09-12 07:10:53,False,,bajo,False
2026-09-14 02:26:48,2458,2026-09-12 22:03:47,0,2026-09-12 22:03:47,False,,alto,False
2026-09-14 02:26:48,2491,2026-09-12 14:56:35,0,2026-09-12 14:56:35,False,,bajo,False
2026-09-14 02:26:48,2494,2026-09-13 03:50:39,0,2026-09-13 03:50:39,False,,alto,False
2026-09-14 02:26:48,2501,2026-09-12 20:09:49,0,2026-09-12 20:09:49,False,,bajo,False
2026-09-14 02:26:48,2531,2026-09-12 22:23:50,0,2026-09-12 22:23:50,False,,alto,False
2026-09-14 02:26:48,2545,2026-09-13 08:54:23,0,2026-09-13 08:54:23,False,,bajo,False
2026-09-14 02:26:48,2551,2026-09-13 01:05:04,0,2026-09-13 01:05:04,False,,bajo,True
2026-09-14 02:26:48,2639,2026-09-12 14:25:45,0,2026-09-12 14:25:45,False,,bajo,False
2026-09-14 02:26:48,2670,2026-09-13 21:12:57,0,2026-09-13 21:12:57,False,,bajo,True
2026-09-14 02:26:48,2675,2026-09-12 21:09:53,0,2026-09-12 21:09:53,False,,bajo,True
2026-09-14 02:26:48,2704,2026-09-12 07:38:56,0,2026-09-12 07:38:56,False,,bajo,False
2026-09-14 02:26:48,2705,2026-09-13 01:37:36,0,2026-09-13 01:37:36,False,,bajo,False
2026-09-14 02:26:48,2719,2025-06-26 16:00:33,0,2025-06-26 16:00:33,False,,bajo,False
2026-09-14 02:26:48,2728,2026-09-14 02:03:58,0,2026-09-14 02:03:58,False,,bajo,False
2026-09-14 02:26:48,2731,2026-09-12 18:45:02,0,2026-09-12 18:45:02,False,,bajo,False
2026-09-14 02:26:48,2869,2026-09-13 10:28:44,0,2026-09-13 10:28:44,False,,bajo,False
2026-09-14 02:26:48,2881,2026-09-12 23:00:37,0,2026-09-12 23:00:37,False,,bajo,False
2026-09-14 02:26:48,2903,2026-09-11 11:17:30,0,2026-09-11 11:17:30,False,,bajo,True
2026-09-14 02:26:48,2939,2026-09-14 02:05:05,0,2026-09-14 02:05:05,False,,bajo,True
2026-09-14 02:26:48,2940,2026-09-13 21:37:03,0,2026-09-13 21:37:03,False,,bajo,True
2026-09-14 02:26:48,3051,2026-09-12 18:41:52,0,2026-09-12 18:41:52,False,,bajo,False
2026-09-14 02:26:48,3078,2026-09-14 00:42:34,0,2026-09-14 00:42:34,False,,bajo,True
2026-09-14 02:26:48,3114,2026-09-13 20:00:21,0,2026-09-13 20:00:21,False,,bajo,False
2026-09-14 02:26:48,3118,2026-09-13 19:35:14,0,2026-09-13 19:35:14,False,,bajo,False
2026-09-14 02:26:48,3119,2026-09-13 13:55:42,0,2026-09-13 13:55:42,False,,bajo,False
2026-09-14 02:26:48,3164,2026-09-12 23:54:22,0,2026-09-12 23:54:22,False,,bajo,True
2026-09-14 02:26:48,3249,2026-09-13 12:41:49,0,2026-09-13 12:41:49,False,,bajo,True
2026-09-14 02:26:48,2456,2026-09-12 19:48:28,1,2026-09-12 19:48:28,False,,alto,False
2026-09-14 02:26:48,2458,2026-09-12 20:15:43,1,2026-09-12 20:15:43,False,,bajo,False
2026-09-14 02:26:48,2491,2026-09-12 12:04:13,1,2026-09-12 12:04:13,False,,bajo,False
2026-09-14 02:26:48,2494,2026-09-12 16:07:36,1,2026-09-12 16:07:36,False,,alto,False
2026-09-14 02:26:48,2501,2026-09-13 12:41:30,1,2026-09-13 12:41:30,False,,bajo,False
2026-09-14 02:26:48,2531,2026-09-12 14:20:55,1,2026-09-12 14:20:55,False,,alto,False
2026-09-14 02:26:48,2545,2026-09-12 22:57:15,1,2026-09-12 22:57:15,False,,bajo,True
2026-09-14 02:26:48,2551,2026-09-13 10:45:02,1,2026-09-13 10:45:02,False,,bajo,False
2026-09-14 02:26:48,2639,2026-09-12 16:06:58,1,2026-09-12 16:06:58,False,,bajo,False
2026-09-14 02:26:48,2670,2026-09-13 19:30:29,1,2026-09-13 19:30:29,False,,bajo,False
2026-09-14 02:26:48,2675,2026-09-12 15:29:37,1,2026-09-12 15:29:37,False,,bajo,False
2026-09-14 02:26:48,2704,2026-09-13 22:58:07,1,2026-09-13 22:58:07,False,,bajo,False
2026-09-14 02:26:48,2705,2026-09-12 19:11:47,1,2026-09-12 19:11:47,False,,bajo,False
2026-09-14 02:26:48,2728,2026-09-14 00:44:33,1,2026-09-14 00:44:33,False,,bajo,False
2026-09-14 02:26:48,2731,2026-09-14 00:37:38,1,2026-09-14 00:37:38,False,,bajo,False
2026-09-14 02:26:48,2869,2026-09-13 16:02:16,1,2026-09-13 16:02:16,False,,bajo,False
2026-09-14 02:26:48,2881,2026-09-13 06:09:03,1,2026-09-13 06:09:03,False,,bajo,False
2026-09-14 02:26:48,2903,2026-09-13 19:38:23,1,2026-09-13 19:38:23,False,,bajo,False
2026-09-14 02:26:48,2939,2026-09-14 02:03:51,1,2026-09-14 02:03:51,False,,bajo,False
2026-09-14 02:26:48,2940,2026-09-13 21:25:48,1,2026-09-13 21:25:48,False,,bajo,True
2026-09-14 02:26:48,3051,2026-09-13 22:22:16,1,2026-09-13 22:22:16,False,,bajo,False
2026-09-14 02:26:48,3078,2026-09-14 02:12:33,1,2026-09-14 02:12:33,False,,bajo,False
2026-09-14 02:26:48,3114,2026-09-13 16:50:20,1,2026-09-13 16:50:20,False,,bajo,False
2026-09-14 02:26:48,3118,2026-09-12 07:45:14,1,2026-09-12 07:45:14,False,,bajo,False
2026-09-14 02:26:48,3119,2026-09-13 11:09:44,1,2026-09-13 11:09:44,False,,bajo,False
2026-09-14 02:26:48,3249,2026-09-13 21:41:53,1,2026-09-13 21:41:53,False,,bajo,True
2026-09-14 02:26:48,2289,2026-09-13 18:43:37,0,2026-09-13 18:43:37,False,,bajo,True
2026-09-14 02:26:48,2292,2026-09-14 02:19:08,0,2026-09-14 02:19:08,False,,bajo,True
2026-09-14 02:26:48,2304,2026-06-03 08:24:38,0,2026-06-03 08:24:38,False,,bajo,False
2026-09-14 02:26:48,2329,2026-09-14 02:25:59,0,2026-09-14 02:25:59,False,,bajo,True
2026-09-14 02:26:48,2332,2026-09-12 22:46:52,0,2026-09-12 22:46:52,False,,bajo,False
2026-09-14 02:26:48,2359,2026-09-13 14:46:36,0,2026-09-13 14:46:36,False,,bajo,False
2026-09-14 02:26:48,2360,2026-09-13 18:32:35,0,2026-09-13 18:32:35,False,,bajo,False
2026-09-14 02:26:48,2361,2025-03-13 16:03:26,0,2025-03-13 16:03:26,False,,bajo,False
2026-09-14 02:26:48,2384,2026-09-14 01:56:47,0,2026-09-14 01:56:47,False,,alto,False
2026-09-14 02:26:48,2394,2026-09-13 21:59:37,0,2026-09-13 21:59:37,False,,alto,False
2026-09-14 02:26:48,2395,2026-09-12 21:04:02,0,2026-09-12 21:04:02,False,,bajo,True
2026-09-14 02:26:48,2405,2026-09-13 23:04:45,0,2026-09-13 23:04:45,False,,bajo,True
2026-09-14 02:26:48,2447,2026-09-12 19:22:44,0,2026-09-12 19:22:44,False,,bajo,False
2026-09-14 02:26:48,2448,2026-09-13 16:31:12,0,2026-09-13 16:31:12,False,,bajo,False
2026-09-14 02:26:48,2449,2026-09-13 17:59:01,0,2026-09-13 17:59:01,False,,bajo,True
2026-09-14 02:26:48,2450,2026-09-13 13:18:58,0,2026-09-13 13:18:58,False,,bajo,False
2026-09-14 02:26:48,2453,2026-09-13 11:53:15,0,2026-09-13 11:53:15,False,,bajo,False
2026-09-14 02:26:48,2454,2026-09-13 09:18:38,0,2026-09-13 09:18:38,False,,bajo,True
2026-09-14 02:26:48,2457,2026-09-13 07:19:15,0,2026-09-13 07:19:15,False,,bajo,False
2026-09-14 02:26:48,2470,2026-09-14 00:38:43,0,2026-09-14 00:38:43,False,,bajo,True
2026-09-14 02:26:48,2478,2026-09-13 10:15:53,0,2026-09-13 10:15:53,False,,bajo,True
2026-09-14 02:26:48,2479,2026-09-13 23:17:10,0,2026-09-13 23:17:10,False,,bajo,True
2026-09-14 02:26:48,2487,2026-09-12 17:34:31,0,2026-09-12 17:34:31,False,,bajo,False
2026-09-14 02:26:48,2490,2025-03-13 16:03:27,0,2025-03-13 16:03:27,False,,bajo,False
2026-09-14 02:26:48,2493,2025-03-13 16:03:26,0,2025-03-13 16:03:26,False,,bajo,False
2026-09-14 02:26:48,2499,2026-09-14 02:16:28,0,2026-09-14 02:16:28,False,,bajo,True
2026-09-14 02:26:48,2505,2026-09-13 15:25:03,0,2026-09-13 15:25:03,False,,bajo,False
2026-09-14 02:26:48,2507,2026-09-11 11:39:15,0,2026-09-11 11:39:15,False,,bajo,False
2026-09-14 02:26:48,2508,2026-09-13 22:07:04,0,2026-09-13 22:07:04,False,,bajo,False
2026-09-14 02:26:48,2517,2026-09-13 11:10:20,0,2026-09-13 11:10:20,False,,bajo,False
2026-09-14 02:26:48,2518,2026-09-13 23:28:16,0,2026-09-13 23:28:16,False,,bajo,True
2026-09-14 02:26:48,2520,2026-09-14 01:43:08,0,2026-09-14 01:43:08,False,,bajo,True
2026-09-14 02:26:48,2525,2026-09-13 22:23:27,0,2026-09-13 22:23:27,False,,alto,False
2026-09-14 02:26:48,2526,2026-09-14 02:22:18,0,2026-09-14 02:22:18,False,,bajo,True
2026-09-14 02:26:48,2529,2026-09-13 19:10:06,0,2026-09-13 19:10:06,False,,bajo,False
2026-09-14 02:26:48,2530,2026-06-02 08:37:08,0,2026-06-02 08:37:08,False,,bajo,False
2026-09-14 02:26:48,2532,2026-09-13 13:44:04,0,2026-09-13 13:44:04,False,,bajo,True
2026-09-14 02:26:48,2534,2026-09-13 22:01:25,0,2026-09-13 22:01:25,False,,bajo,True
2026-09-14 02:26:48,2536,2026-09-13 23:45:05,0,2026-09-13 23:45:05,False,,bajo,True
2026-09-14 02:26:48,2539,2025-03-13 16:03:27,0,2025-03-13 16:03:27,False,,bajo,False
2026-09-14 02:26:48,2542,2026-09-14 01:26:23,0,2026-09-14 01:26:23,False,,bajo,False
2026-09-14 02:26:48,2547,2026-09-12 17:27:55,0,2026-09-12 17:27:55,False,,bajo,False
2026-09-14 02:26:48,2548,2026-09-12 20:51:48,0,2026-09-12 20:51:48,False,,bajo,True
2026-09-14 02:26:48,2552,2026-09-13 15:22:30,0,2026-09-13 15:22:30,False,,bajo,False
2026-09-14 02:26:48,2557,2026-09-13 21:22:26,0,2026-09-13 21:22:26,False,,bajo,True
2026-09-14 02:26:48,2563,2026-09-13 21:55:11,0,2026-09-13 21:55:11,False,,bajo,False
2026-09-14 02:26:48,2571,2026-09-13 21:03:11,0,2026-09-13 21:03:11,False,,bajo,False
2026-09-14 02:26:48,2580,2026-09-13 13:44:43,0,2026-09-13 13:44:43,False,,bajo,False
2026-09-14 02:26:48,2609,2026-09-13 22:16:42,0,2026-09-13 22:16:42,False,,medio,True
2026-09-14 02:26:48,2610,2026-09-13 06:54:43,0,2026-09-13 06:54:43,False,,bajo,False
2026-09-14 02:26:48,2620,2026-09-13 09:38:20,0,2026-09-13 09:38:20,False,,bajo,True
2026-09-14 02:26:48,2622,2026-09-13 15:56:33,0,2026-09-13 15:56:33,False,,bajo,False
2026-09-14 02:26:48,2630,2026-09-14 02:19:34,0,2026-09-14 02:19:34,False,,bajo,False
2026-09-14 02:26:48,2647,2026-09-13 23:57:06,0,2026-09-13 23:57:06,False,,bajo,True
2026-09-14 02:26:48,2662,2026-09-13 13:29:44,0,2026-09-13 13:29:44,False,,bajo,False
2026-09-14 02:26:48,2677,2026-09-13 19:43:43,0,2026-09-13 19:43:43,False,,bajo,False
2026-09-14 02:26:48,2683,2026-09-13 22:00:31,0,2026-09-13 22:00:31,False,,bajo,False
2026-09-14 02:26:48,2685,2026-09-13 20:31:23,0,2026-09-13 20:31:23,False,,bajo,False
2026-09-14 02:26:48,2689,2026-09-13 05:55:07,0,2026-09-13 05:55:07,False,,bajo,False
2026-09-14 02:26:48,2690,2026-09-12 22:56:33,0,2026-09-12 22:56:33,False,,bajo,False
2026-09-14 02:26:48,2694,2025-03-13 16:03:26,0,2025-03-13 16:03:26,False,,bajo,False
2026-09-14 02:26:48,2696,2026-09-13 22:41:37,0,2026-09-13 22:41:37,False,,bajo,False
2026-09-14 02:26:48,2698,2026-09-13 10:03:07,0,2026-09-13 10:03:07,False,,alto,True
2026-09-14 02:26:48,2703,2026-09-14 00:10:40,0,2026-09-14 00:10:40,False,,bajo,True
2026-09-14 02:26:48,2711,2026-09-13 12:10:43,0,2026-09-13 12:10:43,False,,alto,False
2026-09-14 02:26:48,2715,2026-09-11 22:14:08,0,2026-09-11 22:14:08,False,,medio,False
2026-09-14 02:26:48,2716,2026-09-13 20:52:32,0,2026-09-13 20:52:32,False,,bajo,False
2026-09-14 02:26:48,2733,2025-03-13 16:03:27,0,2025-03-13 16:03:27,False,,bajo,False
2026-09-14 02:26:48,2742,2026-09-10 07:51:41,0,2026-09-10 07:51:41,False,,bajo,False
2026-09-14 02:26:48,2747,2026-09-12 16:12:28,0,2026-09-12 16:12:28,False,,bajo,False
2026-09-14 02:26:48,2752,2025-03-13 16:03:27,0,2025-03-13 16:03:27,False,,bajo,False
2026-09-14 02:26:48,2764,2026-09-13 20:11:35,0,2026-09-13 20:11:35,False,,bajo,False
2026-09-14 02:26:48,2765,2026-09-13 20:28:38,0,2026-09-13 20:28:38,False,,bajo,True
2026-09-14 02:26:48,2772,2026-06-03 04:57:09,0,2026-06-03 04:57:09,False,,bajo,False
2026-09-14 02:26:48,2774,2026-09-14 02:08:47,0,2026-09-14 02:08:47,False,,bajo,True
2026-09-14 02:26:48,2776,2026-09-13 18:06:50,0,2026-09-13 18:06:50,False,,bajo,True
2026-09-14 02:26:48,2779,2026-09-13 15:14:41,0,2026-09-13 15:14:41,False,,bajo,True
2026-09-14 02:26:48,2783,2026-09-13 11:15:32,0,2026-09-13 11:15:32,False,,bajo,False
2026-09-14 02:26:48,2784,2026-09-13 21:01:42,0,2026-09-13 21:01:42,False,,bajo,False
2026-09-14 02:26:48,2788,2026-09-13 19:02:22,0,2026-09-13 19:02:22,False,,bajo,False
2026-09-14 02:26:48,2793,2026-09-13 20:41:29,0,2026-09-13 20:41:29,False,,bajo,True
2026-09-14 02:26:48,2798,2026-09-12 23:19:35,0,2026-09-12 23:19:35,False,,bajo,False
2026-09-14 02:26:48,2802,2026-06-03 00:08:20,0,2026-06-03 00:08:20,False,,bajo,False
2026-09-14 02:26:48,2805,2026-09-13 22:49:32,0,2026-09-13 22:49:32,False,,bajo,True
2026-09-14 02:26:48,2806,2026-09-13 23:16:30,0,2026-09-13 23:16:30,False,,bajo,True
2026-09-14 02:26:48,2809,2026-09-14 02:24:49,0,2026-09-14 02:24:49,False,,bajo,True
2026-09-14 02:26:48,2811,2026-09-07 13:16:30,0,2026-09-07 13:16:30,False,,bajo,False
2026-09-14 02:26:48,2861,2026-09-13 22:37:33,0,2026-09-13 22:37:33,False,,bajo,True
2026-09-14 02:26:48,2870,2026-09-13 18:30:31,0,2026-09-13 18:30:31,False,,bajo,False
2026-09-14 02:26:48,2873,2026-09-13 19:49:19,0,2026-09-13 19:49:19,False,,bajo,False
2026-09-14 02:26:48,2899,2026-09-12 18:06:24,0,2026-09-12 18:06:24,False,,bajo,True
2026-09-14 02:26:48,2900,2025-03-13 16:18:25,0,2025-03-13 16:18:25,False,,bajo,False
2026-09-14 02:26:48,2912,2026-09-13 19:08:12,0,2026-09-13 19:08:12,False,,bajo,True
2026-09-14 02:26:48,2913,2026-09-11 21:13:15,0,2026-09-11 21:13:15,False,,bajo,False
2026-09-14 02:26:48,2928,2026-09-13 19:40:33,0,2026-09-13 19:40:33,False,,alto,True
2026-09-14 02:26:48,2934,2026-09-13 10:15:28,0,2026-09-13 10:15:28,False,,bajo,False
2026-09-14 02:26:48,2943,2026-09-13 12:05:44,0,2026-09-13 12:05:44,False,,bajo,True
2026-09-14 02:26:48,2945,2026-09-11 16:38:25,0,2026-09-11 16:38:25,False,,bajo,False
2026-09-14 02:26:48,2947,2026-09-14 02:23:20,0,2026-09-14 02:23:20,False,,bajo,True
2026-09-14 02:26:48,2956,2026-09-13 18:48:57,0,2026-09-13 18:48:57,False,,bajo,False
2026-09-14 02:26:48,2958,2026-09-13 21:32:58,0,2026-09-13 21:32:58,False,,alto,True
2026-09-14 02:26:48,2968,2026-09-14 02:00:52,0,2026-09-14 02:00:52,False,,bajo,True
2026-09-14 02:26:48,3040,2026-09-13 09:44:15,0,2026-09-13 09:44:15,False,,bajo,True
2026-09-14 02:26:48,3052,2026-09-13 14:32:16,0,2026-09-13 14:32:16,False,,bajo,False
2026-09-14 02:26:48,3053,2026-09-13 10:57:12,0,2026-09-13 10:57:12,False,,bajo,True
2026-09-14 02:26:48,3069,2026-09-13 09:07:18,0,2026-09-13 09:07:18,False,,bajo,True
2026-09-14 02:26:48,3083,2026-09-13 20:26:03,0,2026-09-13 20:26:03,False,,bajo,False
2026-09-14 02:26:48,3092,2026-09-13 22:50:59,0,2026-09-13 22:50:59,False,,bajo,False
2026-09-14 02:26:48,3123,2026-09-12 19:50:39,0,2026-09-12 19:50:39,False,,bajo,False
2026-09-14 02:26:48,3126,2026-09-13 18:40:10,0,2026-09-13 18:40:10,False,,bajo,False
2026-09-14 02:26:48,3166,2026-09-13 20:44:20,0,2026-09-13 20:44:20,False,,bajo,True
2026-09-14 02:26:48,3182,2026-09-13 23:02:46,0,2026-09-13 23:02:46,False,,bajo,False
2026-09-14 02:26:48,3196,2026-09-13 17:49:00,0,2026-09-13 17:49:00,False,,bajo,True
2026-09-14 02:26:48,3200,2026-09-13 14:32:36,0,2026-09-13 14:32:36,False,,bajo,False
2026-09-14 02:26:48,3206,2026-09-12 14:30:42,0,2026-09-12 14:30:42,False,,bajo,False
2026-09-14 02:26:48,3218,2026-09-13 19:59:54,0,2026-09-13 19:59:54,False,,bajo,False
2026-09-14 02:26:48,3220,2026-09-13 16:28:49,0,2026-09-13 16:28:49,False,,bajo,False
2026-09-14 02:26:48,3221,2026-09-13 22:15:03,0,2026-09-13 22:15:03,False,,alto,True
2026-09-14 02:26:48,3238,2026-09-13 14:10:17,0,2026-09-13 14:10:17,False,,bajo,True
2026-09-14 02:26:48,3241,2026-09-11 09:56:52,0,2026-09-11 09:56:52,False,,bajo,True
2026-09-14 02:26:48,3246,2026-09-12 22:15:02,0,2026-09-12 22:15:02,False,,bajo,True
2026-09-14 02:26:48,3252,2026-09-13 23:06:20,0,2026-09-13 23:06:20,False,,bajo,False
2026-09-14 02:26:48,3261,2026-09-13 09:55:34,0,2026-09-13 09:55:34,False,,bajo,False
2026-09-14 02:26:48,4016,2026-09-13 21:28:20,0,2026-09-13 21:28:20,False,,medio,True
2026-09-14 02:26:48,4027,2026-09-12 18:42:16,0,2026-09-12 18:42:16,False,,bajo,False
2026-09-14 02:26:48,2304,2026-09-12 22:00:54,1,2026-09-12 22:00:54,False,,bajo,False
2026-09-14 02:26:48,2332,2026-09-12 18:37:17,1,2026-09-12 18:37:17,False,,bajo,False
2026-09-14 02:26:48,2359,2026-09-12 22:03:33,1,2026-09-12 22:03:33,False,,bajo,False
2026-09-14 02:26:48,2361,2025-03-13 16:03:26,1,2025-03-13 16:03:26,False,,bajo,False
2026-09-14 02:26:48,2384,2026-09-12 05:48:44,1,2026-09-12 05:48:44,False,,bajo,False
2026-09-14 02:26:48,2394,2026-09-12 20:30:30,1,2026-09-12 20:30:30,False,,alto,False
2026-09-14 02:26:48,2395,2026-09-13 11:19:37,1,2026-09-13 11:19:37,False,,bajo,True
2026-09-14 02:26:48,2405,2026-09-12 16:27:24,1,2026-09-12 16:27:24,False,,bajo,False
2026-09-14 02:26:48,2447,2026-09-11 18:05:13,1,2026-09-11 18:05:13,False,,bajo,True
2026-09-14 02:26:48,2448,2026-09-13 10:10:25,1,2026-09-13 10:10:25,False,,bajo,False
2026-09-14 02:26:48,2449,2026-09-13 18:12:57,1,2026-09-13 18:12:57,False,,bajo,False
2026-09-14 02:26:48,2450,2026-09-12 11:10:57,1,2026-09-12 11:10:57,False,,bajo,False
2026-09-14 02:26:48,2453,2026-09-13 12:43:20,1,2026-09-13 12:43:20,False,,bajo,False
2026-09-14 02:26:48,2454,2026-09-13 06:02:58,1,2026-09-13 06:02:58,False,,bajo,False
2026-09-14 02:26:48,2457,2026-09-13 13:05:45,1,2026-09-13 13:05:45,False,,bajo,False
2026-09-14 02:26:48,2478,2026-09-13 19:18:35,1,2026-09-13 19:18:35,False,,bajo,True
2026-09-14 02:26:48,2487,2026-09-12 10:14:16,1,2026-09-12 10:14:16,False,,bajo,False
2026-09-14 02:26:48,2490,2025-03-13 16:03:27,1,2025-03-13 16:03:27,False,,bajo,False
2026-09-14 02:26:48,2493,2025-03-13 16:03:26,1,2025-03-13 16:03:26,False,,bajo,False
2026-09-14 02:26:48,2499,2026-06-03 06:29:57,1,2026-06-03 06:29:57,False,,bajo,False
2026-09-14 02:26:48,2505,2026-09-11 19:20:36,1,2026-09-11 19:20:36,False,,bajo,False
2026-09-14 02:26:48,2507,2026-09-10 14:03:19,1,2026-09-10 14:03:19,False,,bajo,False
2026-09-14 02:26:48,2508,2026-09-13 17:20:00,1,2026-09-13 17:20:00,False,,bajo,False
2026-09-14 02:26:48,2517,2026-09-12 14:52:58,1,2026-09-12 14:52:58,False,,bajo,False
2026-09-14 02:26:48,2518,2026-09-12 01:56:46,1,2026-09-12 01:56:46,False,,bajo,False
2026-09-14 02:26:48,2520,2026-09-13 19:20:55,1,2026-09-13 19:20:55,False,,bajo,True
2026-09-14 02:26:48,2525,2026-09-12 20:08:24,1,2026-09-12 20:08:24,False,,bajo,False
2026-09-14 02:26:48,2526,2026-09-11 08:43:35,1,2026-09-11 08:43:35,False,,bajo,False
2026-09-14 02:26:48,2529,2026-09-13 11:09:43,1,2026-09-13 11:09:43,False,,bajo,False
2026-09-14 02:26:48,2530,2026-09-13 00:07:19,1,2026-09-13 00:07:19,False,,bajo,False
2026-09-14 02:26:48,2534,2026-09-13 21:27:04,1,2026-09-13 21:27:04,False,,bajo,False
2026-09-14 02:26:48,2536,2026-09-11 00:12:23,1,2026-09-11 00:12:23,False,,bajo,False
2026-09-14 02:26:48,2539,2025-03-13 16:03:27,1,2025-03-13 16:03:27,False,,bajo,False
2026-09-14 02:26:48,2547,2026-09-13 03:50:05,1,2026-09-13 03:50:05,False,,bajo,False
2026-09-14 02:26:48,2548,2026-09-12 22:52:39,1,2026-09-12 22:52:39,False,,bajo,False
2026-09-14 02:26:48,2552,2026-09-13 08:33:30,1,2026-09-13 08:33:30,False,,bajo,False
2026-09-14 02:26:48,2557,2026-09-13 20:58:40,1,2026-09-13 20:58:40,False,,bajo,False
2026-09-14 02:26:48,2563,2026-09-12 17:15:29,1,2026-09-12 17:15:29,False,,bajo,False
2026-09-14 02:26:48,2571,2026-09-12 08:46:43,1,2026-09-12 08:46:43,False,,alto,False
2026-09-14 02:26:48,2580,2026-09-13 18:11:08,1,2026-09-13 18:11:08,False,,bajo,False
2026-09-14 02:26:48,2609,2026-09-11 06:51:47,1,2026-09-11 06:51:47,False,,bajo,True
2026-09-14 02:26:48,2610,2026-09-12 07:24:00,1,2026-09-12 07:24:00,False,,bajo,False
2026-09-14 02:26:48,2620,2026-09-13 11:51:37,1,2026-09-13 11:51:37,False,,bajo,False
2026-09-14 02:26:48,2622,2026-09-12 19:56:34,1,2026-09-12 19:56:34,False,,bajo,False
2026-09-14 02:26:48,2630,2026-09-13 13:02:09,1,2026-09-13 13:02:09,False,,bajo,False
2026-09-14 02:26:48,2647,2026-09-13 23:53:38,1,2026-09-13 23:53:38,False,,bajo,True
2026-09-14 02:26:48,2662,2026-09-12 13:44:37,1,2026-09-12 13:44:37,False,,bajo,False
2026-09-14 02:26:48,2677,2026-09-12 14:45:57,1,2026-09-12 14:45:57,False,,bajo,True
2026-09-14 02:26:48,2683,2026-09-13 12:56:49,1,2026-09-13 12:56:49,False,,bajo,True
2026-09-14 02:26:48,2685,2026-09-13 10:11:49,1,2026-09-13 10:11:49,False,,bajo,True
2026-09-14 02:26:48,2689,2026-09-13 06:21:29,1,2026-09-13 06:21:29,False,,bajo,False
2026-09-14 02:26:48,2690,2026-09-12 21:36:29,1,2026-09-12 21:36:29,False,,bajo,False
2026-09-14 02:26:48,2694,2025-03-13 16:03:26,1,2025-03-13 16:03:26,False,,bajo,False
2026-09-14 02:26:48,2698,2026-09-13 07:01:05,1,2026-09-13 07:01:05,False,,alto,False
2026-09-14 02:26:48,2703,2026-09-13 12:13:51,1,2026-09-13 12:13:51,False,,bajo,False
2026-09-14 02:26:48,2711,2026-09-13 09:48:26,1,2026-09-13 09:48:26,False,,bajo,False
2026-09-14 02:26:48,2715,2026-09-11 22:17:18,1,2026-09-11 22:17:18,False,,bajo,False
2026-09-14 02:26:48,2716,2026-09-12 09:06:18,1,2026-09-12 09:06:18,False,,bajo,False
2026-09-14 02:26:48,2742,2026-09-11 13:43:43,1,2026-09-11 13:43:43,False,,bajo,False
2026-09-14 02:26:48,2747,2026-09-13 00:10:18,1,2026-09-13 00:10:18,False,,bajo,False
2026-09-14 02:26:48,2764,2026-09-13 11:04:43,1,2026-09-13 11:04:43,False,,bajo,True
2026-09-14 02:26:48,2765,2026-09-13 11:21:56,1,2026-09-13 11:21:56,False,,bajo,False
2026-09-14 02:26:48,2772,2026-09-13 10:35:03,1,2026-09-13 10:35:03,False,,alto,False
2026-09-14 02:26:48,2774,2026-09-13 21:47:53,1,2026-09-13 21:47:53,False,,bajo,True
2026-09-14 02:26:48,2776,2026-09-12 21:57:38,1,2026-09-12 21:57:38,False,,bajo,False
2026-09-14 02:26:48,2779,2026-09-13 13:45:55,1,2026-09-13 13:45:55,False,,bajo,False
2026-09-14 02:26:48,2783,2026-09-12 22:15:32,1,2026-09-12 22:15:32,False,,bajo,False
2026-09-14 02:26:48,2784,2026-09-14 02:23:27,1,2026-09-14 02:23:27,False,,bajo,False
2026-09-14 02:26:48,2788,2026-09-10 18:20:44,1,2026-09-10 18:20:44,False,,bajo,False
2026-09-14 02:26:48,2793,2026-09-13 19:51:52,1,2026-09-13 19:51:52,False,,bajo,False
2026-09-14 02:26:48,2798,2026-09-13 03:30:48,1,2026-09-13 03:30:48,False,,bajo,False
2026-09-14 02:26:48,2802,2026-09-13 17:44:50,1,2026-09-13 17:44:50,False,,alto,False
2026-09-14 02:26:48,2805,2026-09-13 07:11:15,1,2026-09-13 07:11:15,False,,bajo,False
2026-09-14 02:26:48,2806,2026-09-14 00:16:30,1,2026-09-14 00:16:30,False,,bajo,False
2026-09-14 02:26:48,2811,2026-09-07 12:01:53,1,2026-09-07 12:01:53,False,,bajo,False
2026-09-14 02:26:48,2861,2026-06-03 08:53:58,1,2026-06-03 08:53:58,False,,bajo,False
2026-09-14 02:26:48,2870,2026-09-13 18:37:41,1,2026-09-13 18:37:41,False,,bajo,False
2026-09-14 02:26:48,2873,2026-09-10 18:58:26,1,2026-09-10 18:58:26,False,,bajo,False
2026-09-14 02:26:48,2899,2026-09-12 16:23:40,1,2026-09-12 16:23:40,False,,bajo,False
2026-09-14 02:26:48,2900,2025-03-13 16:18:25,1,2025-03-13 16:18:25,False,,bajo,False
2026-09-14 02:26:48,2912,2026-09-13 11:34:32,1,2026-09-13 11:34:32,False,,bajo,False
2026-09-14 02:26:48,2913,2026-09-13 12:14:26,1,2026-09-13 12:14:26,False,,bajo,False
2026-09-14 02:26:48,2928,2026-09-13 09:33:09,1,2026-09-13 09:33:09,False,,alto,False
2026-09-14 02:26:48,2934,2026-09-13 15:55:30,1,2026-09-13 15:55:30,False,,bajo,False
2026-09-14 02:26:48,2943,2026-09-13 11:37:29,1,2026-09-13 11:37:29,False,,bajo,True
2026-09-14 02:26:48,2945,2026-09-13 18:51:00,1,2026-09-13 18:51:00,False,,bajo,False
2026-09-14 02:26:48,2956,2026-09-13 12:14:39,1,2026-09-13 12:14:39,False,,medio,True
2026-09-14 02:26:48,2958,2026-09-13 23:11:23,1,2026-09-13 23:11:23,False,,alto,False
2026-09-14 02:26:48,2968,2026-09-13 23:17:43,1,2026-09-13 23:17:43,False,,bajo,True
2026-09-14 02:26:48,3040,2026-09-11 16:55:10,1,2026-09-11 16:55:10,False,,bajo,False
2026-09-14 02:26:48,3053,2026-09-13 10:26:14,1,2026-09-13 10:26:14,False,,bajo,False
2026-09-14 02:26:48,3069,2026-09-13 22:21:30,1,2026-09-13 22:21:30,False,,bajo,True
2026-09-14 02:26:48,3083,2026-09-14 00:02:00,1,2026-09-14 00:02:00,False,,bajo,True
2026-09-14 02:26:48,3092,2026-09-13 17:14:40,1,2026-09-13 17:14:40,False,,bajo,False
2026-09-14 02:26:48,3123,2026-09-13 13:08:49,1,2026-09-13 13:08:49,False,,bajo,False
2026-09-14 02:26:48,3126,2026-09-13 17:50:45,1,2026-09-13 17:50:45,False,,bajo,False
2026-09-14 02:26:48,3166,2026-06-03 07:30:20,1,2026-06-03 07:30:20,False,,bajo,False
2026-09-14 02:26:48,3182,2026-09-13 23:33:40,1,2026-09-13 23:33:40,False,,bajo,False
2026-09-14 02:26:48,3200,2026-09-13 12:56:35,1,2026-09-13 12:56:35,False,,bajo,False
2026-09-14 02:26:48,3206,2026-09-13 22:23:25,1,2026-09-13 22:23:25,False,,bajo,False
2026-09-14 02:26:48,3218,2026-09-13 14:03:44,1,2026-09-13 14:03:44,False,,bajo,True
2026-09-14 02:26:48,3220,2026-09-12 09:07:06,1,2026-09-12 09:07:06,False,,bajo,False
2026-09-14 02:26:48,3221,2026-09-13 19:37:39,1,2026-09-13 19:37:39,False,,bajo,False
2026-09-14 02:26:48,3241,2026-09-13 13:33:56,1,2026-09-13 13:33:56,False,,bajo,False
2026-09-14 02:26:48,3246,2026-09-13 12:06:56,1,2026-09-13 12:06:56,False,,bajo,False
2026-09-14 02:26:48,3252,2026-09-13 23:16:20,1,2026-09-13 23:16:20,False,,bajo,False
2026-09-14 02:26:48,3261,2026-09-13 09:05:14,1,2026-09-13 09:05:14,False,,bajo,False
2026-09-14 02:26:48,3269,2026-09-14 01:03:38,1,2026-09-14 01:03:38,False,,bajo,False
2026-09-14 02:26:48,4016,2026-09-13 14:48:45,1,2026-09-13 14:48:45,False,,bajo,True
2026-09-14 02:26:48,4027,2026-09-12 12:51:46,1,2026-09-12 12:51:46,False,,bajo,False
2026-09-14 02:26:48,2292,2026-06-03 08:02:35,2,2026-06-03 08:02:35,False,,bajo,False
2026-09-14 02:26:48,2329,2026-06-03 08:44:35,2,2026-06-03 08:44:35,False,,bajo,False
2026-09-14 02:26:48,2454,2026-06-03 07:16:12,2,2026-06-03 07:16:12,False,,bajo,False
2026-09-14 02:26:48,2470,2026-06-03 08:25:54,2,2026-06-03 08:25:54,False,,bajo,False
2026-09-14 02:26:48,2479,2026-06-03 08:24:44,2,2026-06-03 08:24:44,False,,bajo,False
2026-09-14 02:26:48,2499,2026-06-03 06:29:57,2,2026-06-03 06:29:57,False,,bajo,False
2026-09-14 02:26:48,2507,2026-06-03 08:14:57,2,2026-06-03 08:14:57,False,,bajo,False
2026-09-14 02:26:48,2517,2026-06-03 07:30:55,2,2026-06-03 07:30:55,False,,bajo,False
2026-09-14 02:26:48,2532,2026-06-03 07:22:58,2,2026-06-03 07:22:58,False,,bajo,False
2026-09-14 02:26:48,2563,2026-06-03 08:43:14,2,2026-06-03 08:43:14,False,,bajo,False
2026-09-14 02:26:48,2620,2026-06-03 08:51:25,2,2026-06-03 08:51:25,False,,bajo,False
2026-09-14 02:26:48,2947,2026-06-03 07:46:53,2,2026-06-03 07:46:53,False,,bajo,False
2026-09-14 02:26:48,2968,2026-06-03 08:29:04,2,2026-06-03 08:29:04,False,,bajo,False
2026-09-14 02:26:48,3196,2026-06-03 06:38:18,2,2026-06-03 06:38:18,False,,bajo,False
2026-09-14 02:26:48,3206,2026-06-03 08:23:59,2,2026-06-03 08:23:59,False,,bajo,False
2026-09-14 02:26:48,2395,2026-06-03 08:40:16,3,2026-06-03 08:40:16,False,,bajo,False
2026-09-14 02:26:48,2405,2026-06-03 07:27:56,3,2026-06-03 07:27:56,False,,bajo,False
2026-09-14 02:26:48,2517,2026-06-03 07:30:55,3,2026-06-03 07:30:55,False,,bajo,False
2026-09-14 02:26:48,2529,2026-06-03 07:46:28,3,2026-06-03 07:46:28,False,,bajo,False
2026-09-14 02:26:48,2620,2026-06-03 08:51:25,3,2026-06-03 08:51:25,False,,bajo,False
2026-09-14 02:26:48,2630,2026-06-03 08:21:10,3,2026-06-03 08:21:10,False,,bajo,False
2026-09-14 02:26:48,2703,2026-06-03 07:20:39,3,2026-06-03 07:20:39,False,,bajo,False
2026-09-14 02:26:48,3053,2026-06-03 07:52:09,3,2026-06-03 07:52:09,False,,bajo,False
2026-09-14 02:26:48,3252,2026-06-03 06:40:45,3,2026-06-03 06:40:45,False,,bajo,False
2026-09-14 02:26:48,2228,2026-09-13 12:50:10,0,2026-09-13 12:50:10,False,,alto,False
2026-09-14 02:26:48,2291,2026-09-13 11:34:43,0,2026-09-13 11:34:43,False,,bajo,False
2026-09-14 02:26:48,2295,2026-09-13 08:57:33,0,2026-09-13 08:57:33,False,,bajo,True
2026-09-14 02:26:48,2297,2026-09-13 11:17:00,0,2026-09-13 11:17:00,False,,bajo,False
2026-09-14 02:26:48,2305,2026-09-13 16:06:49,0,2026-09-13 16:06:49,False,,alto,False
2026-09-14 02:26:48,2306,2026-09-13 12:07:09,0,2026-09-13 12:07:09,False,,alto,True
2026-09-14 02:26:48,2307,2026-09-13 05:35:04,0,2026-09-13 05:35:04,False,,bajo,False
2026-09-14 02:26:48,2308,2026-09-13 09:24:45,0,2026-09-13 09:24:45,False,,bajo,False
2026-09-14 02:26:48,2408,2026-09-12 19:58:26,0,2026-09-12 19:58:26,False,,medio,False
2026-09-14 02:26:48,2409,2025-05-07 18:03:24,0,2025-05-07 18:03:24,False,,bajo,False
2026-09-14 02:26:48,2416,2026-09-13 14:58:53,0,2026-09-13 14:58:53,False,,bajo,False
2026-09-14 02:26:48,2417,2026-09-13 08:14:46,0,2026-09-13 08:14:46,False,,medio,True
2026-09-14 02:26:48,2455,2026-09-13 14:34:02,0,2026-09-13 14:34:02,False,,bajo,False
2026-09-14 02:26:48,2462,2026-09-13 01:23:33,0,2026-09-13 01:23:33,False,,bajo,False
2026-09-14 02:26:48,2486,2026-09-13 10:06:06,0,2026-09-13 10:06:06,False,,bajo,True
2026-09-14 02:26:48,2489,2026-09-12 23:14:42,0,2026-09-12 23:14:42,False,,bajo,True
2026-09-14 02:26:48,2522,2026-09-13 17:56:57,0,2026-09-13 17:56:57,False,,bajo,False
2026-09-14 02:26:48,2523,2026-09-13 17:35:12,0,2026-09-13 17:35:12,False,,bajo,True
2026-09-14 02:26:48,2543,2026-09-12 18:47:59,0,2026-09-12 18:47:59,False,,alto,False
2026-09-14 02:26:48,2555,2026-09-12 20:09:06,0,2026-09-12 20:09:06,False,,bajo,False
2026-09-14 02:26:48,2556,2026-09-13 08:20:24,0,2026-09-13 08:20:24,False,,bajo,True
2026-09-14 02:26:48,2578,2026-09-12 15:23:17,0,2026-09-12 15:23:17,False,,alto,False
2026-09-14 02:26:48,2584,2026-09-13 15:30:10,0,2026-09-13 15:30:10,False,,bajo,True
2026-09-14 02:26:48,2597,2026-09-13 02:13:34,0,2026-09-13 02:13:34,False,,medio,False
2026-09-14 02:26:48,2598,2026-09-12 22:13:54,0,2026-09-12 22:13:54,False,,bajo,True
2026-09-14 02:26:48,2600,2026-09-13 11:34:01,0,2026-09-13 11:34:01,False,,bajo,True
2026-09-14 02:26:48,2612,2026-09-13 08:14:20,0,2026-09-13 08:14:20,False,,bajo,False
2026-09-14 02:26:48,2615,2026-09-12 22:19:19,0,2026-09-12 22:19:19,False,,alto,True
2026-09-14 02:26:48,2633,2026-09-12 22:23:52,0,2026-09-12 22:23:52,False,,alto,True
2026-09-14 02:26:48,2640,2026-09-12 22:56:15,0,2026-09-12 22:56:15,False,,medio,False
2026-09-14 02:26:48,2643,2026-09-13 04:42:50,0,2026-09-13 04:42:50,False,,bajo,False
2026-09-14 02:26:48,2648,2026-09-13 04:00:20,0,2026-09-13 04:00:20,False,,alto,True
2026-09-14 02:26:48,2651,2025-03-13 16:03:26,0,2025-03-13 16:03:26,False,,bajo,False
2026-09-14 02:26:48,2652,2026-09-13 07:45:00,0,2026-09-13 07:45:00,False,,bajo,False
2026-09-14 02:26:48,2656,2026-09-13 01:49:04,0,2026-09-13 01:49:04,False,,bajo,False
2026-09-14 02:26:48,2657,2026-09-12 21:25:44,0,2026-09-12 21:25:44,False,,alto,False
2026-09-14 02:26:48,2658,2025-03-13 16:03:26,0,2025-03-13 16:03:26,False,,bajo,False
2026-09-14 02:26:48,2663,2026-09-13 09:25:01,0,2026-09-13 09:25:01,False,,bajo,False
2026-09-14 02:26:48,2679,2026-09-13 14:16:50,0,2026-09-13 14:16:50,False,,alto,False
2026-09-14 02:26:48,2697,2026-09-12 19:27:31,0,2026-09-12 19:27:31,False,,bajo,False
2026-09-14 02:26:48,2709,2026-09-12 21:29:25,0,2026-09-12 21:29:25,False,,bajo,False
2026-09-14 02:26:48,2729,2026-09-13 08:09:10,0,2026-09-13 08:09:10,False,,medio,False
2026-09-14 02:26:48,2740,2026-09-13 12:15:38,0,2026-09-13 12:15:38,False,,bajo,False
2026-09-14 02:26:48,2753,2026-09-13 11:13:10,0,2026-09-13 11:13:10,False,,bajo,False
2026-09-14 02:26:48,2763,2026-09-13 07:57:21,0,2026-09-13 07:57:21,False,,medio,False
2026-09-14 02:26:48,2769,2026-09-12 15:39:53,0,2026-09-12 15:39:53,False,,bajo,False
2026-09-14 02:26:48,2782,2026-09-13 22:01:36,0,2026-09-13 22:01:36,False,,bajo,False
2026-09-14 02:26:48,2786,2026-09-13 06:14:05,0,2026-09-13 06:14:05,False,,alto,True
2026-09-14 02:26:48,2789,2026-09-12 06:14:02,0,2026-09-12 06:14:02,False,,bajo,False
2026-09-14 02:26:48,2792,2026-09-12 18:01:04,0,2026-09-12 18:01:04,False,,bajo,True
2026-09-14 02:26:48,2794,2026-09-13 15:30:38,0,2026-09-13 15:30:38,False,,bajo,False
2026-09-14 02:26:48,2800,2026-09-12 21:24:40,0,2026-09-12 21:24:40,False,,medio,False
2026-09-14 02:26:48,2825,2026-09-12 11:31:40,0,2026-09-12 11:31:40,False,,bajo,False
2026-09-14 02:26:48,2829,2026-09-13 21:44:26,0,2026-09-13 21:44:26,False,,medio,True
2026-09-14 02:26:48,2853,2026-09-13 11:59:26,0,2026-09-13 11:59:26,False,,bajo,False
2026-09-14 02:26:48,2856,2026-09-12 17:57:03,0,2026-09-12 17:57:03,False,,bajo,False
2026-09-14 02:26:48,2866,2026-09-13 13:51:19,0,2026-09-13 13:51:19,False,,bajo,False
2026-09-14 02:26:48,2867,2026-09-13 13:35:03,0,2026-09-13 13:35:03,False,,bajo,False
2026-09-14 02:26:48,2877,2026-09-13 06:17:20,0,2026-09-13 06:17:20,False,,bajo,False
2026-09-14 02:26:48,2905,2026-09-14 02:24:39,0,2026-09-14 02:24:39,False,,alto,True
2026-09-14 02:26:48,2909,2026-09-13 21:53:02,0,2026-09-13 21:53:02,False,,bajo,True
2026-09-14 02:26:48,2910,2026-09-13 23:44:06,0,2026-09-13 23:44:06,False,,bajo,False
2026-09-14 02:26:48,2916,2026-09-13 07:04:01,0,2026-09-13 07:04:01,False,,alto,False
2026-09-14 02:26:48,2941,2026-09-12 08:17:23,0,2026-09-12 08:17:23,False,,bajo,False
2026-09-14 02:26:48,2942,2026-09-13 20:44:21,0,2026-09-13 20:44:21,False,,bajo,True
2026-09-14 02:26:48,2946,2026-09-13 17:55:22,0,2026-09-13 17:55:22,False,,alto,True
2026-09-14 02:26:48,2950,2026-09-13 22:00:24,0,2026-09-13 22:00:24,False,,bajo,False
2026-09-14 02:26:48,2951,2026-09-14 02:02:13,0,2026-09-14 02:02:13,False,,bajo,False
2026-09-14 02:26:48,2954,2026-09-13 21:49:47,0,2026-09-13 21:49:47,False,,bajo,False
2026-09-14 02:26:48,2959,2026-09-12 14:19:16,0,2026-09-12 14:19:16,False,,bajo,False
2026-09-14 02:26:48,2989,2026-09-14 02:23:38,0,2026-09-14 02:23:38,False,,alto,True
2026-09-14 02:26:48,2991,2026-09-14 02:25:05,0,2026-09-14 02:25:05,False,,bajo,True
2026-09-14 02:26:48,3005,2026-09-13 10:26:37,0,2026-09-13 10:26:37,False,,bajo,True
2026-09-14 02:26:48,3012,2026-09-12 20:47:45,0,2026-09-12 20:47:45,False,,bajo,False
2026-09-14 02:26:48,3023,2026-09-12 19:21:15,0,2026-09-12 19:21:15,False,,bajo,True
2026-09-14 02:26:48,3032,2026-09-13 11:44:41,0,2026-09-13 11:44:41,False,,medio,False
2026-09-14 02:26:48,3043,2026-09-12 23:16:40,0,2026-09-12 23:16:40,False,,bajo,False
2026-09-14 02:26:48,3044,2026-09-13 14:53:04,0,2026-09-13 14:53:04,False,,alto,True
2026-09-14 02:26:48,3050,2026-09-13 18:46:47,0,2026-09-13 18:46:47,False,,alto,False
2026-09-14 02:26:48,3055,2026-09-13 09:42:31,0,2026-09-13 09:42:31,False,,alto,False
2026-09-14 02:26:48,3063,2026-09-13 02:42:04,0,2026-09-13 02:42:04,False,,bajo,False
2026-09-14 02:26:48,3066,2026-09-13 07:13:32,0,2026-09-13 07:13:32,False,,medio,False
2026-09-14 02:26:48,3073,2026-09-13 20:08:27,0,2026-09-13 20:08:27,False,,alto,True
2026-09-14 02:26:48,3077,2026-09-12 17:14:32,0,2026-09-12 17:14:32,False,,alto,False
2026-09-14 02:26:48,3081,2026-09-13 09:42:27,0,2026-09-13 09:42:27,False,,bajo,False
2026-09-14 02:26:48,3090,2026-09-13 21:51:53,0,2026-09-13 21:51:53,False,,bajo,False
2026-09-14 02:26:48,3095,2026-09-13 08:27:30,0,2026-09-13 08:27:30,False,,bajo,True
2026-09-14 02:26:48,3098,2026-09-13 12:28:08,0,2026-09-13 12:28:08,False,,bajo,False
2026-09-14 02:26:48,3102,2026-09-12 17:54:52,0,2026-09-12 17:54:52,False,,medio,False
2026-09-14 02:26:48,3115,2026-09-13 15:52:36,0,2026-09-13 15:52:36,False,,bajo,False
2026-09-14 02:26:48,3116,2025-03-13 16:03:27,0,2025-03-13 16:03:27,False,,bajo,False
2026-09-14 02:26:48,3124,2026-09-13 07:44:39,0,2026-09-13 07:44:39,False,,alto,False
2026-09-14 02:26:48,3133,2026-09-13 15:07:30,0,2026-09-13 15:07:30,False,,bajo,True
2026-09-14 02:26:48,3134,2026-09-13 06:22:31,0,2026-09-13 06:22:31,False,,medio,True
2026-09-14 02:26:48,3135,2026-09-13 07:43:27,0,2026-09-13 07:43:27,False,,medio,False
2026-09-14 02:26:48,3140,2026-09-13 08:35:03,0,2026-09-13 08:35:03,False,,bajo,True
2026-09-14 02:26:48,3149,2026-09-13 08:03:50,0,2026-09-13 08:03:50,False,,alto,False
2026-09-14 02:26:48,3158,2026-09-12 15:37:10,0,2026-09-12 15:37:10,False,,medio,False
2026-09-14 02:26:48,3168,2025-03-13 16:03:26,0,2025-03-13 16:03:26,False,,bajo,False
2026-09-14 02:26:48,3171,2026-09-14 00:21:09,0,2026-09-14 00:21:09,False,,bajo,True
2026-09-14 02:26:48,3192,2026-09-13 00:37:35,0,2026-09-13 00:37:35,False,,bajo,True
2026-09-14 02:26:48,3211,2026-09-13 10:25:45,0,2026-09-13 10:25:45,False,,bajo,False
2026-09-14 02:26:48,3212,2026-09-13 22:03:23,0,2026-09-13 22:03:23,False,,bajo,False
2026-09-14 02:26:48,3213,2026-09-13 16:16:53,0,2026-09-13 16:16:53,False,,bajo,True
2026-09-14 02:26:48,3234,2026-09-14 00:14:44,0,2026-09-14 00:14:44,False,,bajo,False
2026-09-14 02:26:48,3237,2026-09-13 19:15:33,0,2026-09-13 19:15:33,False,,bajo,False
2026-09-14 02:26:48,3251,2026-09-12 16:20:43,0,2026-09-12 16:20:43,False,,bajo,False
2026-09-14 02:26:48,3258,2026-08-03 14:55:48,0,2026-08-03 14:55:48,False,,alto,False
2026-09-14 02:26:48,3267,2026-09-13 21:59:24,0,2026-09-13 21:59:24,False,,bajo,False
2026-09-14 02:26:48,4023,2026-09-12 16:59:23,0,2026-09-12 16:59:23,False,,alto,False
2026-09-14 02:26:48,4026,2026-09-12 18:58:15,0,2026-09-12 18:58:15,False,,bajo,False
2026-09-14 02:26:48,4029,2026-09-12 19:30:50,0,2026-09-12 19:30:50,False,,bajo,True
2026-09-14 02:26:48,2291,2026-09-14 01:04:13,1,2026-09-14 01:04:13,False,,bajo,True
2026-09-14 02:26:48,2297,2026-09-13 20:41:17,1,2026-09-13 20:41:17,False,,bajo,False
2026-09-14 02:26:48,2305,2026-09-12 16:36:09,1,2026-09-12 16:36:09,False,,bajo,False
2026-09-14 02:26:48,2306,2026-09-11 11:51:09,1,2026-09-11 11:51:09,False,,bajo,False
2026-09-14 02:26:48,2307,2026-09-12 14:56:06,1,2026-09-12 14:56:06,False,,alto,False
2026-09-14 02:26:48,2308,2026-09-13 18:01:08,1,2026-09-13 18:01:08,False,,alto,False
2026-09-14 02:26:48,2408,2026-09-13 17:34:40,1,2026-09-13 17:34:40,False,,bajo,False
2026-09-14 02:26:48,2409,2025-08-30 10:05:33,1,2025-08-30 10:05:33,False,,bajo,False
2026-09-14 02:26:48,2416,2026-09-12 18:09:49,1,2026-09-12 18:09:49,False,,alto,False
2026-09-14 02:26:48,2417,2026-09-13 21:11:50,1,2026-09-13 21:11:50,False,,alto,False
2026-09-14 02:26:48,2455,2026-09-12 19:50:44,1,2026-09-12 19:50:44,False,,bajo,False
2026-09-14 02:26:48,2486,2026-09-12 15:40:45,1,2026-09-12 15:40:45,False,,bajo,False
2026-09-14 02:26:48,2489,2025-08-27 05:35:03,1,2025-08-27 05:35:03,False,,bajo,False
2026-09-14 02:26:48,2523,2025-03-13 16:03:26,1,2025-03-13 16:03:26,False,,bajo,False
2026-09-14 02:26:48,2543,2026-09-12 15:01:59,1,2026-09-12 15:01:59,False,,alto,False
2026-09-14 02:26:48,2555,2026-09-12 11:49:51,1,2026-09-12 11:49:51,False,,bajo,False
2026-09-14 02:26:48,2578,2026-09-13 23:54:04,1,2026-09-13 23:54:04,False,,alto,False
2026-09-14 02:26:48,2584,2026-09-13 12:42:41,1,2026-09-13 12:42:41,False,,bajo,False
2026-09-14 02:26:48,2597,2026-09-12 15:50:30,1,2026-09-12 15:50:30,False,,alto,False
2026-09-14 02:26:48,2600,2026-09-14 02:24:38,1,2026-09-14 02:24:38,False,,bajo,False
2026-09-14 02:26:48,2612,2026-09-13 23:17:32,1,2026-09-13 23:17:32,False,,bajo,False
2026-09-14 02:26:48,2640,2026-09-14 02:19:06,1,2026-09-14 02:19:06,False,,alto,False
2026-09-14 02:26:48,2643,2026-09-13 23:30:20,1,2026-09-13 23:30:20,False,,alto,False
2026-09-14 02:26:48,2648,2026-07-03 08:32:22,1,2026-07-03 08:32:22,False,,bajo,False
2026-09-14 02:26:48,2651,2026-09-14 01:22:55,1,2026-09-14 01:22:55,False,,bajo,False
2026-09-14 02:26:48,2656,2026-09-13 19:25:59,1,2026-09-13 19:25:59,False,,bajo,False
2026-09-14 02:26:48,2657,2026-09-13 20:57:09,1,2026-09-13 20:57:09,False,,bajo,False
2026-09-14 02:26:48,2658,2026-09-13 21:28:53,1,2026-09-13 21:28:53,False,,bajo,False
2026-09-14 02:26:48,2663,2026-09-12 15:51:07,1,2026-09-12 15:51:07,False,,bajo,False
2026-09-14 02:26:48,2679,2026-09-13 21:49:56,1,2026-09-13 21:49:56,False,,bajo,False
2026-09-14 02:26:48,2697,2026-09-13 18:08:40,1,2026-09-13 18:08:40,False,,alto,False
2026-09-14 02:26:48,2709,2026-09-13 21:45:36,1,2026-09-13 21:45:36,False,,bajo,False
2026-09-14 02:26:48,2729,2026-09-12 12:45:09,1,2026-09-12 12:45:09,False,,alto,False
2026-09-14 02:26:48,2740,2026-09-12 14:32:10,1,2026-09-12 14:32:10,False,,bajo,False
2026-09-14 02:26:48,2753,2026-09-12 18:16:52,1,2026-09-12 18:16:52,False,,bajo,False
2026-09-14 02:26:48,2763,2026-09-12 10:26:00,1,2026-09-12 10:26:00,False,,bajo,False
2026-09-14 02:26:48,2769,2026-09-13 21:07:57,1,2026-09-13 21:07:57,False,,alto,False
2026-09-14 02:26:48,2782,2026-09-13 22:05:05,1,2026-09-13 22:05:05,False,,alto,False
2026-09-14 02:26:48,2786,2026-09-13 20:45:28,1,2026-09-13 20:45:28,False,,bajo,False
2026-09-14 02:26:48,2789,2026-09-12 09:34:14,1,2026-09-12 09:34:14,False,,bajo,False
2026-09-14 02:26:48,2792,2026-09-12 11:18:20,1,2026-09-12 11:18:20,False,,bajo,True
2026-09-14 02:26:48,2794,2026-09-13 20:57:40,1,2026-09-13 20:57:40,False,,bajo,False
2026-09-14 02:26:48,2800,2026-09-12 14:36:53,1,2026-09-12 14:36:53,False,,alto,False
2026-09-14 02:26:48,2825,2026-09-13 17:41:38,1,2026-09-13 17:41:38,False,,bajo,False
2026-09-14 02:26:48,2829,2026-09-13 21:34:51,1,2026-09-13 21:34:51,False,,alto,False
2026-09-14 02:26:48,2853,2025-03-13 16:03:26,1,2025-03-13 16:03:26,False,,bajo,False
2026-09-14 02:26:48,2856,2026-09-13 21:27:07,1,2026-09-13 21:27:07,False,,bajo,False
2026-09-14 02:26:48,2866,2026-09-13 21:58:29,1,2026-09-13 21:58:29,False,,medio,False
2026-09-14 02:26:48,2867,2026-09-13 21:42:49,1,2026-09-13 21:42:49,False,,bajo,False
2026-09-14 02:26:48,2877,2026-09-12 13:46:10,1,2026-09-12 13:46:10,False,,alto,False
2026-09-14 02:26:48,2905,2026-09-14 02:16:39,1,2026-09-14 02:16:39,False,,bajo,False
2026-09-14 02:26:48,2909,2026-09-13 18:07:22,1,2026-09-13 18:07:22,False,,bajo,True
2026-09-14 02:26:48,2910,2026-09-13 23:49:02,1,2026-09-13 23:49:02,False,,alto,False
2026-09-14 02:26:48,2916,2026-09-14 02:22:16,1,2026-09-14 02:22:16,False,,alto,False
2026-09-14 02:26:48,2941,2026-09-12 13:33:46,1,2026-09-12 13:33:46,False,,bajo,False
2026-09-14 02:26:48,2942,2026-09-12 17:22:16,1,2026-09-12 17:22:16,False,,bajo,False
2026-09-14 02:26:48,2946,2026-09-13 18:28:03,1,2026-09-13 18:28:03,False,,alto,False
2026-09-14 02:26:48,2950,2026-09-13 21:00:42,1,2026-09-13 21:00:42,False,,bajo,False
2026-09-14 02:26:48,2951,2026-09-14 01:41:07,1,2026-09-14 01:41:07,False,,bajo,False
2026-09-14 02:26:48,2954,2026-09-13 21:50:43,1,2026-09-13 21:50:43,False,,bajo,False
2026-09-14 02:26:48,2959,2026-09-12 10:44:00,1,2026-09-12 10:44:00,False,,bajo,False
2026-09-14 02:26:48,2989,2026-06-03 00:01:32,1,2026-06-03 00:01:32,False,,bajo,False
2026-09-14 02:26:48,2991,2026-06-03 00:11:39,1,2026-06-03 00:11:39,False,,bajo,False
2026-09-14 02:26:48,3005,2026-09-12 16:13:45,1,2026-09-12 16:13:45,False,,medio,False
2026-09-14 02:26:48,3012,2026-09-13 21:12:17,1,2026-09-13 21:12:17,False,,bajo,False
2026-09-14 02:26:48,3023,2026-09-12 17:51:20,1,2026-09-12 17:51:20,False,,bajo,False
2026-09-14 02:26:48,3032,2026-09-13 20:04:21,1,2026-09-13 20:04:21,False,,bajo,False
2026-09-14 02:26:48,3043,2026-09-13 00:04:00,1,2026-09-13 00:04:00,False,,bajo,False
2026-09-14 02:26:48,3050,2025-03-13 16:03:26,1,2025-03-13 16:03:26,False,,bajo,False
2026-09-14 02:26:48,3055,2026-09-12 20:22:07,1,2026-09-12 20:22:07,False,,alto,False
2026-09-14 02:26:48,3063,2026-09-13 20:28:21,1,2026-09-13 20:28:21,False,,medio,False
2026-09-14 02:26:48,3066,2026-09-13 22:06:22,1,2026-09-13 22:06:22,False,,bajo,False
2026-09-14 02:26:48,3073,2026-09-13 17:09:12,1,2026-09-13 17:09:12,False,,medio,False
2026-09-14 02:26:48,3077,2026-09-13 20:36:48,1,2026-09-13 20:36:48,False,,bajo,False
2026-09-14 02:26:48,3081,2026-09-13 21:47:37,1,2026-09-13 21:47:37,False,,bajo,False
2026-09-14 02:26:48,3090,2026-09-13 21:58:27,1,2026-09-13 21:58:27,False,,bajo,False
2026-09-14 02:26:48,3095,2026-09-13 22:01:40,1,2026-09-13 22:01:40,False,,alto,False
2026-09-14 02:26:48,3098,2026-09-12 15:02:36,1,2026-09-12 15:02:36,False,,bajo,False
2026-09-14 02:26:48,3115,2026-09-12 16:34:53,1,2026-09-12 16:34:53,False,,bajo,False
2026-09-14 02:26:48,3124,2026-09-12 12:55:23,1,2026-09-12 12:55:23,False,,bajo,False
2026-09-14 02:26:48,3133,2026-09-13 14:47:30,1,2026-09-13 14:47:30,False,,bajo,False
2026-09-14 02:26:48,3134,2026-09-13 17:14:28,1,2026-09-13 17:14:28,False,,bajo,False
2026-09-14 02:26:48,3135,2026-09-13 21:45:13,1,2026-09-13 21:45:13,False,,bajo,False
2026-09-14 02:26:48,3149,2026-09-12 13:01:15,1,2026-09-12 13:01:15,False,,alto,False
2026-09-14 02:26:48,3158,2026-09-13 08:55:03,1,2026-09-13 08:55:03,False,,bajo,False
2026-09-14 02:26:48,3171,2026-09-13 07:17:45,1,2026-09-13 07:17:45,False,,bajo,False
2026-09-14 02:26:48,3212,2026-09-13 22:30:35,1,2026-09-13 22:30:35,False,,medio,False
2026-09-14 02:26:48,3213,2026-09-12 17:33:02,1,2026-09-12 17:33:02,False,,bajo,False
2026-09-14 02:26:48,3258,2026-09-12 14:48:42,1,2026-09-12 14:48:42,False,,bajo,False
2026-09-14 02:26:48,3267,2026-09-13 21:20:01,1,2026-09-13 21:20:01,False,,bajo,False
2026-09-14 02:26:48,3276,2026-09-12 07:54:02,1,2026-09-12 07:54:02,False,,bajo,False
2026-09-14 02:26:48,4023,2026-09-12 14:46:08,1,2026-09-12 14:46:08,False,,alto,False
2026-09-14 02:26:48,4026,2026-09-12 19:02:15,1,2026-09-12 19:02:15,False,,medio,True
2026-09-14 02:26:48,4029,2026-09-13 17:45:28,1,2026-09-13 17:45:28,False,,bajo,False
2026-09-14 02:26:48,2228,2026-06-03 08:18:35,2,2026-06-03 08:18:35,False,,bajo,False
2026-09-14 02:26:48,2305,2026-06-03 06:05:23,2,2026-06-03 06:05:23,False,,bajo,False
2026-09-14 02:26:48,2455,2026-06-03 08:41:04,2,2026-06-03 08:41:04,False,,bajo,False
2026-09-14 02:26:48,2462,2026-08-13 15:52:51,2,2026-08-13 15:52:51,False,,bajo,False
2026-09-14 02:26:48,2489,2026-06-03 02:55:41,2,2026-06-03 02:55:41,False,,bajo,False
2026-09-14 02:26:48,2556,2026-06-03 08:33:18,2,2026-06-03 08:33:18,False,,bajo,False
2026-09-14 02:26:48,2633,2026-06-03 08:07:23,2,2026-06-03 08:07:23,False,,bajo,False
2026-09-14 02:26:48,2648,2026-06-03 00:17:04,2,2026-06-03 00:17:04,False,,bajo,False
2026-09-14 02:26:48,2657,2026-06-03 06:00:43,2,2026-06-03 06:00:43,False,,bajo,False
2026-09-14 02:26:48,2763,2026-06-03 08:29:55,2,2026-06-03 08:29:55,False,,bajo,False
2026-09-14 02:26:48,2905,2026-06-03 06:33:05,2,2026-06-03 06:33:05,False,,bajo,False
2026-09-14 02:26:48,2950,2026-08-25 15:00:09,2,2026-08-25 15:00:09,False,,alto,False
2026-09-14 02:26:48,3055,2026-06-03 06:12:12,2,2026-06-03 06:12:12,False,,bajo,False
2026-09-14 02:26:48,3063,2026-06-03 08:39:31,2,2026-06-03 08:39:31,False,,bajo,False
2026-09-14 02:26:48,3134,2026-06-03 06:13:07,2,2026-06-03 06:13:07,False,,bajo,False
2026-09-14 02:26:48,3192,2026-06-03 06:29:23,2,2026-06-03 06:29:23,False,,bajo,False
2026-09-14 02:26:48,3194,2026-06-03 08:28:56,2,2026-06-03 08:28:56,False,,bajo,False
2026-09-14 02:26:48,3211,2026-06-03 07:21:15,2,2026-06-03 07:21:15,False,,bajo,False
2026-09-14 02:26:48,3213,2026-07-22 03:30:47,2,2026-07-22 03:30:47,False,,bajo,False
2026-09-14 02:26:48,3237,2026-06-03 08:08:14,2,2026-06-03 08:08:14,False,,bajo,False
2026-09-14 02:26:48,2348,2026-09-13 22:00:51,0,2026-09-13 22:00:51,False,,bajo,True
2026-09-14 02:26:48,2353,2026-09-13 12:03:12,0,2026-09-13 12:03:12,False,,medio,False
2026-09-14 02:26:48,2355,2026-09-13 17:31:03,0,2026-09-13 17:31:03,False,,alto,False
2026-09-14 02:26:48,2356,2026-09-13 22:14:53,0,2026-09-13 22:14:53,False,,bajo,False
2026-09-14 02:26:48,2535,2026-09-13 15:27:21,0,2026-09-13 15:27:21,False,,bajo,False
2026-09-14 02:26:48,2549,2026-09-13 17:15:34,0,2026-09-13 17:15:34,False,,bajo,False
2026-09-14 02:26:48,2564,2026-09-13 06:49:16,0,2026-09-13 06:49:16,False,,bajo,False
2026-09-14 02:26:48,2577,2026-09-13 19:54:13,0,2026-09-13 19:54:13,False,,bajo,True
2026-09-14 02:26:48,2585,2026-09-13 22:26:05,0,2026-09-13 22:26:05,False,,bajo,False
2026-09-14 02:26:48,2589,2026-09-12 11:51:53,0,2026-09-12 11:51:53,False,,bajo,False
2026-09-14 02:26:48,2595,2026-09-13 21:51:42,0,2026-09-13 21:51:42,False,,bajo,False
2026-09-14 02:26:48,2605,2026-09-12 19:36:49,0,2026-09-12 19:36:49,False,,alto,False
2026-09-14 02:26:48,2624,2026-09-13 17:55:22,0,2026-09-13 17:55:22,False,,medio,True
2026-09-14 02:26:48,2636,2026-09-14 00:01:33,0,2026-09-14 00:01:33,False,,bajo,False
2026-09-14 02:26:48,2637,2026-09-14 02:26:12,0,2026-09-14 02:26:12,False,,bajo,False
2026-09-14 02:26:48,2638,2025-03-13 16:03:26,0,2025-03-13 16:03:26,False,,bajo,False
2026-09-14 02:26:48,2641,2026-09-13 11:22:21,0,2026-09-13 11:22:21,False,,bajo,False
2026-09-14 02:26:48,2644,2026-09-14 02:25:48,0,2026-09-14 02:25:48,False,,bajo,False
2026-09-14 02:26:48,2650,2026-04-03 16:21:31,0,2026-04-03 16:21:31,False,,bajo,False
2026-09-14 02:26:48,2672,2026-08-18 03:18:38,0,2026-08-18 03:18:38,False,,bajo,False
2026-09-14 02:26:48,2674,2026-09-13 14:47:08,0,2026-09-13 14:47:08,False,,bajo,False
2026-09-14 02:26:48,2684,2026-09-13 13:38:24,0,2026-09-13 13:38:24,False,,bajo,False
2026-09-14 02:26:48,2692,2026-09-14 01:35:47,0,2026-09-14 01:35:47,False,,bajo,False
2026-09-14 02:26:48,2720,2026-09-13 19:33:41,0,2026-09-13 19:33:41,False,,bajo,False
2026-09-14 02:26:48,2886,2026-09-13 20:47:43,0,2026-09-13 20:47:43,False,,bajo,True
2026-09-14 02:26:48,3000,2026-09-14 01:03:57,0,2026-09-14 01:03:57,False,,bajo,True
2026-09-14 02:26:48,3001,2026-09-13 23:59:59,0,2026-09-13 23:59:59,False,,bajo,True
2026-09-14 02:26:48,3007,2026-09-13 23:16:18,0,2026-09-13 23:16:18,False,,bajo,True
2026-09-14 02:26:48,3015,2026-09-13 19:42:13,0,2026-09-13 19:42:13,False,,bajo,False
2026-09-14 02:26:48,3034,2026-09-13 19:06:24,0,2026-09-13 19:06:24,False,,bajo,False
2026-09-14 02:26:48,3091,2026-09-13 20:26:44,0,2026-09-13 20:26:44,False,,bajo,False
2026-09-14 02:26:48,3125,2026-09-13 22:19:44,0,2026-09-13 22:19:44,False,,bajo,True
2026-09-14 02:26:48,3236,2026-09-13 20:44:01,0,2026-09-13 20:44:01,False,,bajo,False
2026-09-14 02:26:48,3275,2026-09-08 15:55:01,0,2026-09-08 15:55:01,False,,bajo,False
2026-09-14 02:26:48,2348,2026-09-13 18:21:23,1,2026-09-13 18:21:23,False,,bajo,False
2026-09-14 02:26:48,2353,2026-09-12 13:16:58,1,2026-09-12 13:16:58,False,,alto,True
2026-09-14 02:26:48,2355,2026-09-12 20:20:30,1,2026-09-12 20:20:30,False,,medio,True
2026-09-14 02:26:48,2356,2026-09-13 01:45:57,1,2026-09-13 01:45:57,False,,bajo,True
2026-09-14 02:26:48,2535,2026-09-12 13:26:30,1,2026-09-12 13:26:30,False,,bajo,True
2026-09-14 02:26:48,2549,2026-09-13 17:17:58,1,2026-09-13 17:17:58,False,,bajo,False
2026-09-14 02:26:48,2564,2026-09-13 04:54:10,1,2026-09-13 04:54:10,False,,bajo,False
2026-09-14 02:26:48,2577,2026-09-12 15:44:40,1,2026-09-12 15:44:40,False,,bajo,False
2026-09-14 02:26:48,2585,2025-12-11 16:55:33,1,2025-12-11 16:55:33,False,,bajo,False
2026-09-14 02:26:48,2589,2026-09-13 06:52:16,1,2026-09-13 06:52:16,False,,bajo,False
2026-09-14 02:26:48,2595,2026-09-13 12:32:38,1,2026-09-13 12:32:38,False,,medio,False
2026-09-14 02:26:48,2605,2026-09-12 13:41:58,1,2026-09-12 13:41:58,False,,bajo,False
2026-09-14 02:26:48,2624,2026-09-13 17:30:01,1,2026-09-13 17:30:01,False,,medio,False
2026-09-14 02:26:48,2636,2026-09-12 14:16:09,1,2026-09-12 14:16:09,False,,bajo,False
2026-09-14 02:26:48,2637,2026-09-12 14:18:11,1,2026-09-12 14:18:11,False,,bajo,True
2026-09-14 02:26:48,2638,2025-03-13 16:03:26,1,2025-03-13 16:03:26,False,,bajo,False
2026-09-14 02:26:48,2641,2026-09-12 13:35:23,1,2026-09-12 13:35:23,False,,bajo,False
2026-09-14 02:26:48,2644,2026-09-12 15:17:29,1,2026-09-12 15:17:29,False,,bajo,True
2026-09-14 02:26:48,2650,2025-12-17 11:02:46,1,2025-12-17 11:02:46,False,,bajo,False
2026-09-14 02:26:48,2672,2026-08-18 10:46:23,1,2026-08-18 10:46:23,False,,bajo,False
2026-09-14 02:26:48,2674,2026-09-13 22:27:05,1,2026-09-13 22:27:05,False,,bajo,False
2026-09-14 02:26:48,2684,2026-09-12 15:09:28,1,2026-09-12 15:09:28,False,,bajo,True
2026-09-14 02:26:48,2692,2026-09-13 02:24:26,1,2026-09-13 02:24:26,False,,alto,True
2026-09-14 02:26:48,2720,2026-09-13 12:23:31,1,2026-09-13 12:23:31,False,,bajo,False
2026-09-14 02:26:48,2886,2026-09-13 20:48:29,1,2026-09-13 20:48:29,False,,bajo,True
2026-09-14 02:26:48,3000,2026-09-13 15:43:13,1,2026-09-13 15:43:13,False,,bajo,True
2026-09-14 02:26:48,3001,2026-01-05 08:26:33,1,2026-01-05 08:26:33,False,,bajo,False
2026-09-14 02:26:48,3007,2026-09-13 00:12:05,1,2026-09-13 00:12:05,False,,bajo,False
2026-09-14 02:26:48,3015,2026-09-13 19:57:43,1,2026-09-13 19:57:43,False,,bajo,False
2026-09-14 02:26:48,3034,2026-09-13 06:05:37,1,2026-09-13 06:05:37,False,,bajo,False
2026-09-14 02:26:48,3091,2026-09-13 10:10:20,1,2026-09-13 10:10:20,False,,bajo,False
2026-09-14 02:26:48,3125,2026-09-12 22:39:56,1,2026-09-12 22:39:56,False,,bajo,False
2026-09-14 02:26:48,3236,2026-09-13 10:40:48,1,2026-09-13 10:40:48,False,,bajo,False
2026-09-14 02:26:48,3275,2026-09-13 03:38:14,1,2026-09-13 03:38:14,False,,bajo,False
2026-09-14 02:26:48,2589,2025-03-13 16:03:26,2,2025-03-13 16:03:26,False,,bajo,False
2026-09-14 02:26:48,2333,2026-06-03 07:34:42,0,2026-06-03 07:34:42,False,,bajo,False
2026-09-14 02:26:48,2338,2026-09-13 08:33:29,0,2026-09-13 08:33:29,False,,medio,False
2026-09-14 02:26:48,2345,2026-09-13 09:31:47,0,2026-09-13 09:31:47,False,,bajo,False
2026-09-14 02:26:48,2346,2026-09-13 07:33:52,0,2026-09-13 07:33:52,False,,bajo,False
2026-09-14 02:26:48,2425,2026-09-12 11:38:28,0,2026-09-12 11:38:28,False,,bajo,False
2026-09-14 02:26:48,2444,2026-09-13 12:12:31,0,2026-09-13 12:12:31,False,,bajo,False
2026-09-14 02:26:48,2481,2026-09-13 04:01:48,0,2026-09-13 04:01:48,False,,bajo,False
2026-09-14 02:26:48,2502,2026-09-12 23:23:41,0,2026-09-12 23:23:41,False,,alto,False
2026-09-14 02:26:48,2514,2026-09-13 01:52:12,0,2026-09-13 01:52:12,False,,medio,False
2026-09-14 02:26:48,2515,2026-09-13 00:58:34,0,2026-09-13 00:58:34,False,,medio,False
2026-09-14 02:26:48,2537,2026-09-12 21:15:34,0,2026-09-12 21:15:34,False,,bajo,False
2026-09-14 02:26:48,2601,2026-09-13 21:50:53,0,2026-09-13 21:50:53,False,,alto,False
2026-09-14 02:26:48,2617,2026-09-13 07:15:06,0,2026-09-13 07:15:06,False,,bajo,False
2026-09-14 02:26:48,2618,2026-09-12 15:43:16,0,2026-09-12 15:43:16,False,,alto,False
2026-09-14 02:26:48,2645,2026-09-13 04:51:16,0,2026-09-13 04:51:16,False,,bajo,False
2026-09-14 02:26:48,2725,2026-09-12 17:50:45,0,2026-09-12 17:50:45,False,,bajo,False
2026-09-14 02:26:48,2727,2026-09-12 16:57:57,0,2026-09-12 16:57:57,False,,bajo,False
2026-09-14 02:26:48,2787,2026-09-12 20:13:12,0,2026-09-12 20:13:12,False,,bajo,True
2026-09-14 02:26:48,2883,2026-09-13 08:13:59,0,2026-09-13 08:13:59,False,,bajo,False
2026-09-14 02:26:48,2885,2026-09-13 18:35:30,0,2026-09-13 18:35:30,False,,bajo,True
2026-09-14 02:26:48,2888,2026-09-13 14:20:23,0,2026-09-13 14:20:23,False,,bajo,False
2026-09-14 02:26:48,2957,2026-09-13 10:36:34,0,2026-09-13 10:36:34,False,,alto,False
2026-09-14 02:26:48,2960,2026-09-12 09:35:23,0,2026-09-12 09:35:23,False,,bajo,False
2026-09-14 02:26:48,3003,2026-09-13 06:05:34,0,2026-09-13 06:05:34,False,,bajo,False
2026-09-14 02:26:48,3004,2026-09-13 23:33:58,0,2026-09-13 23:33:58,False,,bajo,False
2026-09-14 02:26:48,3047,2026-09-13 21:31:32,0,2026-09-13 21:31:32,False,,bajo,False
2026-09-14 02:26:48,3062,2026-09-13 10:34:52,0,2026-09-13 10:34:52,False,,bajo,False
2026-09-14 02:26:48,3071,2026-09-12 20:59:48,0,2026-09-12 20:59:48,False,,bajo,False
2026-09-14 02:26:48,3136,2026-09-12 20:39:23,0,2026-09-12 20:39:23,False,,bajo,False
2026-09-14 02:26:48,3174,2026-09-13 22:43:25,0,2026-09-13 22:43:25,False,,bajo,False
2026-09-14 02:26:48,3175,2026-09-13 04:32:44,0,2026-09-13 04:32:44,False,,bajo,True
2026-09-14 02:26:48,3262,2026-09-13 09:06:45,0,2026-09-13 09:06:45,False,,alto,True
2026-09-14 02:26:48,3277,2026-09-13 07:21:31,0,2026-09-13 07:21:31,False,,bajo,False
2026-09-14 02:26:48,2333,2026-06-03 07:34:43,1,2026-06-03 07:34:43,False,,bajo,False
2026-09-14 02:26:48,2338,2026-09-12 21:01:59,1,2026-09-12 21:01:59,False,,alto,False
2026-09-14 02:26:48,2345,2026-09-12 15:30:43,1,2026-09-12 15:30:43,False,,bajo,False
2026-09-14 02:26:48,2346,2026-09-12 18:55:03,1,2026-09-12 18:55:03,False,,bajo,True
2026-09-14 02:26:48,2425,2026-09-12 07:21:29,1,2026-09-12 07:21:29,False,,bajo,False
2026-09-14 02:26:48,2444,2026-09-11 15:24:22,1,2026-09-11 15:24:22,False,,bajo,False
2026-09-14 02:26:48,2481,2026-09-12 16:43:38,1,2026-09-12 16:43:38,False,,bajo,False
2026-09-14 02:26:48,2502,2026-09-12 22:03:07,1,2026-09-12 22:03:07,False,,alto,False
2026-09-14 02:26:48,2514,2026-09-12 19:07:56,1,2026-09-12 19:07:56,False,,bajo,False
2026-09-14 02:26:48,2515,2026-09-12 18:43:30,1,2026-09-12 18:43:30,False,,medio,True
2026-09-14 02:26:48,2537,2026-09-12 19:57:01,1,2026-09-12 19:57:01,False,,bajo,False
2026-09-14 02:26:48,2601,2026-09-12 23:02:39,1,2026-09-12 23:02:39,False,,alto,False
2026-09-14 02:26:48,2617,2026-09-13 06:34:25,1,2026-09-13 06:34:25,False,,bajo,False
2026-09-14 02:26:48,2618,2026-09-12 15:12:15,1,2026-09-12 15:12:15,False,,alto,False
2026-09-14 02:26:48,2645,2026-09-12 19:31:19,1,2026-09-12 19:31:19,False,,bajo,False
2026-09-14 02:26:48,2725,2026-09-12 16:15:57,1,2026-09-12 16:15:57,False,,bajo,False
2026-09-14 02:26:48,2727,2026-09-11 18:39:25,1,2026-09-11 18:39:25,False,,bajo,True
2026-09-14 02:26:48,2787,2026-09-12 17:57:09,1,2026-09-12 17:57:09,False,,bajo,False
2026-09-14 02:26:48,2883,2026-09-11 17:14:24,1,2026-09-11 17:14:24,False,,bajo,False
2026-09-14 02:26:48,2885,2026-09-12 20:48:34,1,2026-09-12 20:48:34,False,,bajo,True
2026-09-14 02:26:48,2888,2026-09-13 12:47:50,1,2026-09-13 12:47:50,False,,bajo,False
2026-09-14 02:26:48,2957,2026-09-12 18:12:27,1,2026-09-12 18:12:27,False,,alto,False
2026-09-14 02:26:48,2960,2026-09-11 22:03:55,1,2026-09-11 22:03:55,False,,bajo,False
2026-09-14 02:26:48,3003,2026-09-13 07:38:55,1,2026-09-13 07:38:55,False,,bajo,True
2026-09-14 02:26:48,3004,2026-06-03 08:58:20,1,2026-06-03 08:58:20,False,,bajo,False
2026-09-14 02:26:48,3047,2026-09-13 21:31:14,1,2026-09-13 21:31:14,False,,bajo,False
2026-09-14 02:26:48,3062,2026-09-13 09:21:24,1,2026-09-13 09:21:24,False,,bajo,False
2026-09-14 02:26:48,3071,2026-09-12 21:00:27,1,2026-09-12 21:00:27,False,,bajo,False
2026-09-14 02:26:48,3136,2026-09-12 15:18:17,1,2026-09-12 15:18:17,False,,bajo,False
2026-09-14 02:26:48,3174,2026-09-12 23:44:38,1,2026-09-12 23:44:38,False,,bajo,False
2026-09-14 02:26:48,3175,2026-06-03 07:27:38,1,2026-06-03 07:27:38,False,,bajo,False
2026-09-14 02:26:48,3262,2026-09-12 22:10:16,1,2026-09-12 22:10:16,False,,bajo,True
2026-09-14 02:26:48,3277,2026-09-12 16:07:41,1,2026-09-12 16:07:41,False,,bajo,False
2026-09-14 02:26:48,2537,2025-03-13 16:03:26,2,2025-03-13 16:03:26,False,,bajo,False
2026-09-14 02:26:48,2249,2026-09-13 21:50:28,0,2026-09-13 21:50:28,False,,bajo,True
2026-09-14 02:26:48,2251,2026-09-13 21:44:31,0,2026-09-13 21:44:31,False,,alto,True
2026-09-14 02:26:48,2339,2026-09-13 17:51:05,0,2026-09-13 17:51:05,False,,bajo,True
2026-09-14 02:26:48,2341,2026-09-14 02:06:44,0,2026-09-14 02:06:44,False,,bajo,True
2026-09-14 02:26:48,2350,2026-09-13 21:57:47,0,2026-09-13 21:57:47,False,,bajo,True
2026-09-14 02:26:48,2364,2026-09-13 13:29:30,0,2026-09-13 13:29:30,False,,bajo,True
2026-09-14 02:26:48,2386,2026-09-13 10:48:04,0,2026-09-13 10:48:04,False,,bajo,True
2026-09-14 02:26:48,2388,2026-09-13 11:04:44,0,2026-09-13 11:04:44,False,,bajo,True
2026-09-14 02:26:48,2390,2026-09-14 01:46:52,0,2026-09-14 01:46:52,False,,alto,True
2026-09-14 02:26:48,2472,2026-09-13 14:43:29,0,2026-09-13 14:43:29,False,,bajo,True
2026-09-14 02:26:48,2500,2026-09-13 22:00:13,0,2026-09-13 22:00:13,False,,bajo,True
2026-09-14 02:26:48,2528,2026-09-13 09:26:11,0,2026-09-13 09:26:11,False,,medio,True
2026-09-14 02:26:48,2559,2026-09-13 21:50:55,0,2026-09-13 21:50:55,False,,bajo,True
2026-09-14 02:26:48,2603,2026-09-13 22:01:09,0,2026-09-13 22:01:09,False,,bajo,True
2026-09-14 02:26:48,2616,2026-09-14 02:21:26,0,2026-09-14 02:21:26,False,,bajo,True
2026-09-14 02:26:48,2627,2026-09-13 22:22:01,0,2026-09-13 22:22:01,False,,bajo,False
2026-09-14 02:26:48,2642,2026-09-13 11:36:33,0,2026-09-13 11:36:33,False,,bajo,True
2026-09-14 02:26:48,2646,2026-09-12 21:36:05,0,2026-09-12 21:36:05,False,,bajo,False
2026-09-14 02:26:48,2688,2026-09-14 02:19:54,0,2026-09-14 02:19:54,False,,alto,True
2026-09-14 02:26:48,2804,2026-09-14 02:23:38,0,2026-09-14 02:23:38,False,,medio,False
2026-09-14 02:26:48,2857,2026-09-12 12:13:36,0,2026-09-12 12:13:36,False,,bajo,True
2026-09-14 02:26:48,2868,2026-09-13 21:06:30,0,2026-09-13 21:06:30,False,,bajo,False
2026-09-14 02:26:48,2911,2026-09-14 00:35:08,0,2026-09-14 00:35:08,False,,bajo,True
2026-09-14 02:26:48,2974,2026-09-13 22:33:00,0,2026-09-13 22:33:00,False,,bajo,True
2026-09-14 02:26:48,2977,2026-09-13 21:28:42,0,2026-09-13 21:28:42,False,,alto,True
2026-09-14 02:26:48,2979,2026-09-13 23:44:09,0,2026-09-13 23:44:09,False,,bajo,True
2026-09-14 02:26:48,2980,2026-09-13 23:28:27,0,2026-09-13 23:28:27,False,,bajo,True
2026-09-14 02:26:48,2981,2026-09-13 23:53:04,0,2026-09-13 23:53:04,False,,bajo,True
2026-09-14 02:26:48,2982,2026-09-13 21:55:10,0,2026-09-13 21:55:10,False,,bajo,True
2026-09-14 02:26:48,3046,2026-09-14 01:02:01,0,2026-09-14 01:02:01,False,,bajo,False
2026-09-14 02:26:48,3257,2026-09-13 21:45:25,0,2026-09-13 21:45:25,False,,bajo,True
2026-09-14 02:26:48,2249,2026-09-13 14:45:54,1,2026-09-13 14:45:54,False,,medio,True
2026-09-14 02:26:48,2251,2026-09-13 07:06:37,1,2026-09-13 07:06:37,False,,alto,True
2026-09-14 02:26:48,2339,2026-09-12 14:24:22,1,2026-09-12 14:24:22,False,,bajo,True
2026-09-14 02:26:48,2350,2026-09-13 08:59:53,1,2026-09-13 08:59:53,False,,bajo,True
2026-09-14 02:26:48,2364,2026-09-13 08:21:36,1,2026-09-13 08:21:36,False,,alto,True
2026-09-14 02:26:48,2472,2026-09-12 19:40:35,1,2026-09-12 19:40:35,False,,alto,True
2026-09-14 02:26:48,2500,2026-09-13 10:13:40,1,2026-09-13 10:13:40,False,,alto,True
2026-09-14 02:26:48,2528,2026-09-13 09:57:07,1,2026-09-13 09:57:07,False,,bajo,True
2026-09-14 02:26:48,2559,2026-09-13 08:55:43,1,2026-09-13 08:55:43,False,,bajo,False
2026-09-14 02:26:48,2603,2026-09-13 11:36:04,1,2026-09-13 11:36:04,False,,bajo,True
2026-09-14 02:26:48,2616,2026-09-12 12:39:15,1,2026-09-12 12:39:15,False,,bajo,False
2026-09-14 02:26:48,2627,2026-09-12 15:55:44,1,2026-09-12 15:55:44,False,,medio,True
2026-09-14 02:26:48,2642,2026-09-13 10:06:35,1,2026-09-13 10:06:35,False,,bajo,True
2026-09-14 02:26:48,2646,2026-09-12 13:52:50,1,2026-09-12 13:52:50,False,,alto,False
2026-09-14 02:26:48,2688,2026-09-12 22:56:48,1,2026-09-12 22:56:48,False,,medio,True
2026-09-14 02:26:48,2804,2026-09-13 09:36:49,1,2026-09-13 09:36:49,False,,bajo,True
2026-09-14 02:26:48,2857,2026-09-12 06:40:49,1,2026-09-12 06:40:49,False,,bajo,True
2026-09-14 02:26:48,2868,2026-09-13 15:58:01,1,2026-09-13 15:58:01,False,,bajo,False
2026-09-14 02:26:48,2911,2026-09-14 02:00:54,1,2026-09-14 02:00:54,False,,bajo,False
2026-09-14 02:26:48,2974,2026-09-12 17:23:42,1,2026-09-12 17:23:42,False,,bajo,True
2026-09-14 02:26:48,2977,2026-09-12 13:22:37,1,2026-09-12 13:22:37,False,,alto,True
2026-09-14 02:26:48,2979,2026-09-13 23:27:21,1,2026-09-13 23:27:21,False,,alto,True
2026-09-14 02:26:48,2980,2026-09-13 21:30:05,1,2026-09-13 21:30:05,False,,bajo,False
2026-09-14 02:26:48,2981,2026-09-13 23:56:24,1,2026-09-13 23:56:24,False,,bajo,True
2026-09-14 02:26:48,2982,2026-09-13 17:45:42,1,2026-09-13 17:45:42,False,,bajo,True
2026-09-14 02:26:48,3257,2026-09-12 21:54:46,1,2026-09-12 21:54:46,False,,bajo,True
2026-09-14 02:26:48,2364,2026-06-03 08:18:32,2,2026-06-03 08:18:32,False,,bajo,False
2026-09-14 02:26:48,2390,2026-06-03 06:18:03,2,2026-06-03 06:18:03,False,,bajo,False
2026-09-14 02:26:48,2472,2026-06-03 06:36:25,2,2026-06-03 06:36:25,False,,bajo,False
2026-09-14 02:26:48,2627,2026-06-03 01:47:48,2,2026-06-03 01:47:48,False,,bajo,False
2026-09-14 02:26:48,1724,2026-09-13 17:46:29,0,2026-09-13 17:46:29,False,,bajo,False
2026-09-14 02:26:48,1744,2026-09-13 06:21:39,0,2026-09-13 06:21:39,False,,bajo,True
2026-09-14 02:26:48,1766,2026-09-14 02:26:18,0,2026-09-14 02:26:18,False,,bajo,False
2026-09-14 02:26:48,1784,2026-09-14 02:10:26,0,2026-09-14 02:10:26,False,,bajo,True
2026-09-14 02:26:48,1805,2026-09-14 02:24:18,0,2026-09-14 02:24:18,False,,bajo,True
2026-09-14 02:26:48,1806,2026-09-14 02:02:48,0,2026-09-14 02:02:48,False,,bajo,True
2026-09-14 02:26:48,1824,2026-09-13 19:35:16,0,2026-09-13 19:35:16,False,,bajo,False
2026-09-14 02:26:48,1844,2026-09-14 02:22:27,0,2026-09-14 02:22:27,False,,bajo,True
2026-09-14 02:26:48,1845,2026-09-14 01:14:19,0,2026-09-14 01:14:19,False,,bajo,True
2026-09-14 02:26:48,1846,2026-09-14 02:22:29,0,2026-09-14 02:22:29,False,,bajo,True
2026-09-14 02:26:48,1887,2026-09-13 22:43:40,0,2026-09-13 22:43:40,False,,bajo,True
2026-09-14 02:26:48,1924,2026-09-13 18:54:54,0,2026-09-13 18:54:54,False,,bajo,False
2026-09-14 02:26:48,1926,2026-09-13 07:46:26,0,2026-09-13 07:46:26,False,,bajo,True
2026-09-14 02:26:48,1927,2026-09-13 23:25:23,0,2026-09-13 23:25:23,False,,bajo,False
2026-09-14 02:26:48,1928,2026-09-14 02:19:50,0,2026-09-14 02:19:50,False,,bajo,True
2026-09-14 02:26:48,1944,2026-09-14 02:18:11,0,2026-09-14 02:18:11,False,,bajo,True
2026-09-14 02:26:48,1945,2026-09-14 02:23:17,0,2026-09-14 02:23:17,False,,bajo,True
2026-09-14 02:26:48,1964,2026-09-14 02:11:38,0,2026-09-14 02:11:38,False,,alto,True
2026-09-14 02:26:48,1965,2026-09-14 01:56:52,0,2026-09-14 01:56:52,False,,bajo,True
2026-09-14 02:26:48,1984,2026-09-14 01:55:47,0,2026-09-14 01:55:47,False,,bajo,True
2026-09-14 02:26:48,2190,2026-09-14 01:56:15,0,2026-09-14 01:56:15,False,,bajo,True
2026-09-14 02:26:48,2192,2026-09-14 02:24:45,0,2026-09-14 02:24:45,False,,bajo,True
2026-09-14 02:26:48,2193,2026-09-13 09:55:17,0,2026-09-13 09:55:17,False,,bajo,False
2026-09-14 02:26:48,2204,2026-09-14 00:22:21,0,2026-09-14 00:22:21,False,,bajo,True
2026-09-14 02:26:48,2205,2026-09-13 17:13:11,0,2026-09-13 17:13:11,False,,bajo,False
2026-09-14 02:26:48,2207,2026-09-14 01:50:44,0,2026-09-14 01:50:44,False,,alto,True
2026-09-14 02:26:48,2208,2026-09-13 12:03:44,0,2026-09-13 12:03:44,False,,bajo,True
2026-09-14 02:26:48,2224,2026-09-13 20:20:38,0,2026-09-13 20:20:38,False,,bajo,True
2026-09-14 02:26:48,2225,2026-09-14 02:24:06,0,2026-09-14 02:24:06,False,,bajo,True
2026-09-14 02:26:48,2227,2026-09-14 00:49:06,0,2026-09-14 00:49:06,False,,bajo,True
2026-09-14 02:26:48,2229,2026-09-14 01:53:41,0,2026-09-14 01:53:41,False,,bajo,True
2026-09-14 02:26:48,2230,2026-09-14 02:06:05,0,2026-09-14 02:06:05,False,,alto,True
2026-09-14 02:26:48,2250,2026-09-14 02:22:14,0,2026-09-14 02:22:14,False,,bajo,True
2026-09-14 02:26:48,2264,2026-09-14 01:56:08,0,2026-09-14 01:56:08,False,,bajo,True
2026-09-14 02:26:48,2268,2026-09-14 02:21:06,0,2026-09-14 02:21:06,False,,bajo,True
2026-09-14 02:26:48,2284,2026-09-12 09:30:37,0,2026-09-12 09:30:37,False,,bajo,True
2026-09-14 02:26:48,2317,2026-09-14 02:20:00,0,2026-09-14 02:20:00,False,,bajo,True
2026-09-14 02:26:48,2326,2026-09-13 14:17:33,0,2026-09-13 14:17:33,False,,bajo,True
2026-09-14 02:26:48,2327,2026-09-14 02:25:25,0,2026-09-14 02:25:25,False,,bajo,True
2026-09-14 02:26:48,2330,2026-09-14 02:13:08,0,2026-09-14 02:13:08,False,,bajo,False
2026-09-14 02:26:48,2335,2026-09-14 01:19:37,0,2026-09-14 01:19:37,False,,bajo,True
2026-09-14 02:26:48,2391,2026-09-13 20:42:37,0,2026-09-13 20:42:37,False,,bajo,False
2026-09-14 02:26:48,2404,2026-09-12 23:43:31,0,2026-09-12 23:43:31,False,,bajo,True
2026-09-14 02:26:48,2411,2026-09-13 12:15:04,0,2026-09-13 12:15:04,False,,bajo,False
2026-09-14 02:26:48,2415,2026-09-13 11:07:05,0,2026-09-13 11:07:05,False,,bajo,True
2026-09-14 02:26:48,2424,2025-03-13 16:03:26,0,2025-03-13 16:03:26,False,,bajo,False
2026-09-14 02:26:48,2446,2026-09-14 02:26:06,0,2026-09-14 02:26:06,False,,bajo,True
2026-09-14 02:26:48,2459,2026-09-13 19:09:06,0,2026-09-13 19:09:06,False,,bajo,True
2026-09-14 02:26:48,2464,2026-09-14 02:24:09,0,2026-09-14 02:24:09,False,,bajo,True
2026-09-14 02:26:48,2465,2026-09-13 20:33:01,0,2026-09-13 20:33:01,False,,bajo,False
2026-09-14 02:26:48,2466,2026-09-14 00:00:14,0,2026-09-14 00:00:14,False,,bajo,False
2026-09-14 02:26:48,2468,2026-09-14 02:15:14,0,2026-09-14 02:15:14,False,,bajo,True
2026-09-14 02:26:48,2471,2026-09-14 02:14:29,0,2026-09-14 02:14:29,False,,bajo,True
2026-09-14 02:26:48,2475,2026-09-14 00:02:44,0,2026-09-14 00:02:44,False,,bajo,True
2026-09-14 02:26:48,2476,2026-09-14 02:15:41,0,2026-09-14 02:15:41,False,,bajo,True
2026-09-14 02:26:48,2482,2026-09-13 22:01:14,0,2026-09-13 22:01:14,False,,bajo,True
2026-09-14 02:26:48,2484,2026-09-13 20:51:11,0,2026-09-13 20:51:11,False,,bajo,True
2026-09-14 02:26:48,2485,2026-09-14 02:00:25,0,2026-09-14 02:00:25,False,,bajo,True
2026-09-14 02:26:48,2492,2026-09-14 01:49:22,0,2026-09-14 01:49:22,False,,bajo,True
2026-09-14 02:26:48,2516,2026-09-13 09:16:45,0,2026-09-13 09:16:45,False,,bajo,False
2026-09-14 02:26:48,2519,2026-09-13 21:33:46,0,2026-09-13 21:33:46,False,,bajo,True
2026-09-14 02:26:48,2565,2026-09-13 12:25:09,0,2026-09-13 12:25:09,False,,bajo,False
2026-09-14 02:26:48,2567,2026-09-12 21:08:49,0,2026-09-12 21:08:49,False,,bajo,True
2026-09-14 02:26:48,2575,2026-09-14 02:18:54,0,2026-09-14 02:18:54,False,,bajo,True
2026-09-14 02:26:48,2582,2026-09-14 02:18:52,0,2026-09-14 02:18:52,False,,bajo,False
2026-09-14 02:26:48,2590,2026-09-14 02:11:39,0,2026-09-14 02:11:39,False,,bajo,False
2026-09-14 02:26:48,2592,2026-09-14 02:22:30,0,2026-09-14 02:22:30,False,,bajo,True
2026-09-14 02:26:48,2593,2026-09-13 18:41:29,0,2026-09-13 18:41:29,False,,bajo,True
2026-09-14 02:26:48,2654,2026-09-14 00:55:43,0,2026-09-14 00:55:43,False,,bajo,True
2026-09-14 02:26:48,2665,2026-09-13 19:52:18,0,2026-09-13 19:52:18,False,,bajo,True
2026-09-14 02:26:48,2668,2026-09-13 13:00:39,0,2026-09-13 13:00:39,False,,bajo,False
2026-09-14 02:26:48,2678,2026-09-14 00:02:15,0,2026-09-14 00:02:15,False,,bajo,True
2026-09-14 02:26:48,2693,2026-09-13 20:57:11,0,2026-09-13 20:57:11,False,,bajo,True
2026-09-14 02:26:48,2701,2026-09-14 02:24:29,0,2026-09-14 02:24:29,False,,bajo,True
2026-09-14 02:26:48,2706,2026-09-13 21:33:49,0,2026-09-13 21:33:49,False,,alto,False
2026-09-14 02:26:48,2718,2026-09-13 14:31:31,0,2026-09-13 14:31:31,False,,bajo,False
2026-09-14 02:26:48,2722,2026-09-13 19:00:00,0,2026-09-13 19:00:00,False,,medio,False
2026-09-14 02:26:48,2724,2026-09-13 17:49:47,0,2026-09-13 17:49:47,False,,alto,False
2026-09-14 02:26:48,2726,2025-03-13 16:03:26,0,2025-03-13 16:03:26,False,,bajo,False
2026-09-14 02:26:48,2730,2026-09-14 02:19:07,0,2026-09-14 02:19:07,False,,alto,True
2026-09-14 02:26:48,2743,2026-09-14 02:23:52,0,2026-09-14 02:23:52,False,,alto,True
2026-09-14 02:26:48,2744,2026-09-14 02:25:52,0,2026-09-14 02:25:52,False,,bajo,True
2026-09-14 02:26:48,2751,2026-09-12 21:55:23,0,2026-09-12 21:55:23,False,,bajo,False
2026-09-14 02:26:48,2754,2026-09-14 02:24:39,0,2026-09-14 02:24:39,False,,bajo,True
2026-09-14 02:26:48,2760,2026-09-14 02:23:08,0,2026-09-14 02:23:08,False,,alto,True
2026-09-14 02:26:48,2768,2026-09-14 01:49:14,0,2026-09-14 01:49:14,False,,bajo,True
2026-09-14 02:26:48,2770,2026-09-13 22:59:41,0,2026-09-13 22:59:41,False,,alto,True
2026-09-14 02:26:48,2773,2026-09-14 02:01:12,0,2026-09-14 02:01:12,False,,alto,True
2026-09-14 02:26:48,2777,2025-03-13 16:03:26,0,2025-03-13 16:03:26,False,,bajo,False
2026-09-14 02:26:48,2780,2026-09-13 19:55:41,0,2026-09-13 19:55:41,False,,bajo,False
2026-09-14 02:26:48,2781,2026-09-14 02:21:47,0,2026-09-14 02:21:47,False,,bajo,False
2026-09-14 02:26:48,2790,2026-09-13 14:35:36,0,2026-09-13 14:35:36,False,,bajo,True
2026-09-14 02:26:48,2791,2026-09-10 17:13:06,0,2026-09-10 17:13:06,False,,bajo,True
2026-09-14 02:26:48,2796,2026-09-13 21:49:18,0,2026-09-13 21:49:18,False,,bajo,False
2026-09-14 02:26:48,2803,2026-09-14 02:22:06,0,2026-09-14 02:22:06,False,,bajo,True
2026-09-14 02:26:48,2807,2026-09-13 16:35:35,0,2026-09-13 16:35:35,False,,bajo,False
2026-09-14 02:26:48,2808,2026-09-14 02:18:22,0,2026-09-14 02:18:22,False,,bajo,True
2026-09-14 02:26:48,2810,2026-09-13 23:47:47,0,2026-09-13 23:47:47,False,,bajo,True
2026-09-14 02:26:48,2830,2026-09-13 22:47:32,0,2026-09-13 22:47:32,False,,bajo,False
2026-09-14 02:26:48,2858,2026-09-13 12:16:55,0,2026-09-13 12:16:55,False,,bajo,True
2026-09-14 02:26:48,2904,2026-09-13 14:33:49,0,2026-09-13 14:33:49,False,,bajo,False
2026-09-14 02:26:48,2922,2026-09-14 02:17:30,0,2026-09-14 02:17:30,False,,bajo,True
2026-09-14 02:26:48,2926,2026-09-14 02:23:20,0,2026-09-14 02:23:20,False,,bajo,True
2026-09-14 02:26:48,2929,2026-09-13 21:35:14,0,2026-09-13 21:35:14,False,,alto,True
2026-09-14 02:26:48,2935,2026-09-14 01:43:09,0,2026-09-14 01:43:09,False,,bajo,True
2026-09-14 02:26:48,2937,2026-09-13 22:02:12,0,2026-09-13 22:02:12,False,,bajo,True
2026-09-14 02:26:48,2961,2026-02-27 08:12:26,0,2026-02-27 08:12:26,False,,bajo,False
2026-09-14 02:26:48,2971,2026-09-14 01:47:21,0,2026-09-14 01:47:21,False,,bajo,True
2026-09-14 02:26:48,2972,2026-09-14 02:08:20,0,2026-09-14 02:08:20,False,,bajo,True
2026-09-14 02:26:48,2973,2026-09-13 10:58:30,0,2026-09-13 10:58:30,False,,bajo,False
2026-09-14 02:26:48,2975,2026-09-13 19:02:53,0,2026-09-13 19:02:53,False,,bajo,True
2026-09-14 02:26:48,2978,2026-09-14 00:24:55,0,2026-09-14 00:24:55,False,,bajo,True
2026-09-14 02:26:48,2983,2026-09-14 01:50:04,0,2026-09-14 01:50:04,False,,bajo,True
2026-09-14 02:26:48,2984,2026-09-12 01:33:54,0,2026-09-12 01:33:54,False,,bajo,False
2026-09-14 02:26:48,2985,2026-09-12 13:26:19,0,2026-09-12 13:26:19,False,,bajo,False
2026-09-14 02:26:48,2986,2026-09-12 20:55:41,0,2026-09-12 20:55:41,False,,bajo,False
2026-09-14 02:26:48,2987,2026-09-12 17:22:11,0,2026-09-12 17:22:11,False,,bajo,True
2026-09-14 02:26:48,2988,2026-09-14 00:40:13,0,2026-09-14 00:40:13,False,,bajo,True
2026-09-14 02:26:48,2993,2026-09-14 01:10:59,0,2026-09-14 01:10:59,False,,bajo,True
2026-09-14 02:26:48,2994,2026-09-13 20:43:38,0,2026-09-13 20:43:38,False,,bajo,True
2026-09-14 02:26:48,2996,2026-09-13 17:33:52,0,2026-09-13 17:33:52,False,,alto,True
2026-09-14 02:26:48,2998,2026-09-13 10:27:30,0,2026-09-13 10:27:30,False,,bajo,True
2026-09-14 02:26:48,3002,2026-09-13 21:54:14,0,2026-09-13 21:54:14,False,,bajo,True
2026-09-14 02:26:48,3009,2026-09-13 21:59:25,0,2026-09-13 21:59:25,False,,bajo,True
2026-09-14 02:26:48,3010,2026-09-13 21:14:59,0,2026-09-13 21:14:59,False,,bajo,True
2026-09-14 02:26:48,3011,2026-09-14 01:39:51,0,2026-09-14 01:39:51,False,,bajo,True
2026-09-14 02:26:48,3013,2026-09-13 22:00:53,0,2026-09-13 22:00:53,False,,bajo,True
2026-09-14 02:26:48,3020,2026-09-13 09:17:58,0,2026-09-13 09:17:58,False,,bajo,False
2026-09-14 02:26:48,3022,2026-09-13 22:09:00,0,2026-09-13 22:09:00,False,,bajo,True
2026-09-14 02:26:48,3024,2026-09-12 11:17:14,0,2026-09-12 11:17:14,False,,bajo,True
2026-09-14 02:26:48,3026,2026-09-13 21:31:56,0,2026-09-13 21:31:56,False,,bajo,False
2026-09-14 02:26:48,3027,2026-09-14 01:48:16,0,2026-09-14 01:48:16,False,,bajo,True
2026-09-14 02:26:48,3029,2026-09-14 00:59:52,0,2026-09-14 00:59:52,False,,bajo,True
2026-09-14 02:26:48,3036,2025-03-13 16:18:25,0,2025-03-13 16:18:25,False,,bajo,False
2026-09-14 02:26:48,3039,2026-09-13 15:20:18,0,2026-09-13 15:20:18,False,,bajo,False
2026-09-14 02:26:48,3060,2026-09-13 22:03:51,0,2026-09-13 22:03:51,False,,bajo,True
2026-09-14 02:26:48,3064,2026-09-14 02:24:23,0,2026-09-14 02:24:23,False,,bajo,True
2026-09-14 02:26:48,3065,2026-09-14 01:38:41,0,2026-09-14 01:38:41,False,,bajo,True
2026-09-14 02:26:48,3074,2026-09-13 13:53:24,0,2026-09-13 13:53:24,False,,bajo,True
2026-09-14 02:26:48,3076,2026-09-12 17:19:40,0,2026-09-12 17:19:40,False,,bajo,False
2026-09-14 02:26:48,3079,2026-09-14 02:23:45,0,2026-09-14 02:23:45,False,,bajo,True
2026-09-14 02:26:48,3084,2026-09-13 21:17:57,0,2026-09-13 21:17:57,False,,bajo,False
2026-09-14 02:26:48,3086,2026-09-12 20:02:05,0,2026-09-12 20:02:05,False,,alto,False
2026-09-14 02:26:48,3087,2026-09-13 19:12:15,0,2026-09-13 19:12:15,False,,alto,False
2026-09-14 02:26:48,3099,2026-09-14 02:17:12,0,2026-09-14 02:17:12,False,,bajo,True
2026-09-14 02:26:48,3101,2026-09-13 20:01:26,0,2026-09-13 20:01:26,False,,bajo,False
2026-09-14 02:26:48,3117,2026-09-13 23:08:13,0,2026-09-13 23:08:13,False,,bajo,True
2026-09-14 02:26:48,3121,2026-09-13 22:27:22,0,2026-09-13 22:27:22,False,,bajo,True
2026-09-14 02:26:48,3132,2026-09-14 02:25:55,0,2026-09-14 02:25:55,False,,bajo,True
2026-09-14 02:26:48,3138,2026-09-14 00:39:34,0,2026-09-14 00:39:34,False,,bajo,True
2026-09-14 02:26:48,3141,2026-09-13 22:03:42,0,2026-09-13 22:03:42,False,,bajo,False
2026-09-14 02:26:48,3144,2026-09-13 22:02:19,0,2026-09-13 22:02:19,False,,bajo,True
2026-09-14 02:26:48,3145,2026-09-13 21:54:49,0,2026-09-13 21:54:49,False,,bajo,True
2026-09-14 02:26:48,3146,2026-09-13 22:23:30,0,2026-09-13 22:23:30,False,,bajo,True
2026-09-14 02:26:48,3151,2026-09-13 21:32:02,0,2026-09-13 21:32:02,False,,alto,False
2026-09-14 02:26:48,3154,2026-09-13 16:52:33,0,2026-09-13 16:52:33,False,,bajo,False
2026-09-14 02:26:48,3155,2026-09-13 21:54:39,0,2026-09-13 21:54:39,False,,bajo,True
2026-09-14 02:26:48,3159,2026-09-14 02:06:17,0,2026-09-14 02:06:17,False,,bajo,True
2026-09-14 02:26:48,3160,2026-09-14 02:24:19,0,2026-09-14 02:24:19,False,,bajo,False
2026-09-14 02:26:48,3161,2026-09-13 11:03:36,0,2026-09-13 11:03:36,False,,bajo,False
2026-09-14 02:26:48,3162,2026-09-14 02:26:10,0,2026-09-14 02:26:10,False,,bajo,True
2026-09-14 02:26:48,3169,2026-09-13 14:27:34,0,2026-09-13 14:27:34,False,,bajo,False
2026-09-14 02:26:48,3172,2026-09-14 02:06:21,0,2026-09-14 02:06:21,False,,bajo,True
2026-09-14 02:26:48,3178,2026-09-13 21:52:02,0,2026-09-13 21:52:02,False,,bajo,True
2026-09-14 02:26:48,3184,2026-09-13 21:52:05,0,2026-09-13 21:52:05,False,,bajo,False
2026-09-14 02:26:48,3185,2026-09-13 21:49:59,0,2026-09-13 21:49:59,False,,bajo,True
2026-09-14 02:26:48,3186,2026-09-13 12:50:11,0,2026-09-13 12:50:11,False,,bajo,False
2026-09-14 02:26:48,3187,2026-08-23 09:50:03,0,2026-08-23 09:50:03,False,,bajo,True
2026-09-14 02:26:48,3191,2026-09-13 22:01:06,0,2026-09-13 22:01:06,False,,bajo,True
2026-09-14 02:26:48,3199,2026-09-14 02:24:49,0,2026-09-14 02:24:49,False,,bajo,True
2026-09-14 02:26:48,3202,2026-09-14 01:08:17,0,2026-09-14 01:08:17,False,,bajo,True
2026-09-14 02:26:48,3203,2026-09-14 02:07:06,0,2026-09-14 02:07:06,False,,bajo,False
2026-09-14 02:26:48,3204,2026-09-13 19:21:49,0,2026-09-13 19:21:49,False,,bajo,True
2026-09-14 02:26:48,3207,2026-09-14 00:01:08,0,2026-09-14 00:01:08,False,,bajo,True
2026-09-14 02:26:48,3208,2026-09-13 19:42:57,0,2026-09-13 19:42:57,False,,bajo,False
2026-09-14 02:26:48,3216,2026-09-13 21:58:24,0,2026-09-13 21:58:24,False,,medio,False
2026-09-14 02:26:48,3222,2026-09-13 21:49:23,0,2026-09-13 21:49:23,False,,bajo,False
2026-09-14 02:26:48,3224,2026-09-07 21:52:45,0,2026-09-07 21:52:45,False,,bajo,True
2026-09-14 02:26:48,3225,2026-09-11 16:23:24,0,2026-09-11 16:23:24,False,,bajo,False
2026-09-14 02:26:48,3227,2026-09-13 20:48:59,0,2026-09-13 20:48:59,False,,bajo,True
2026-09-14 02:26:48,3232,2026-09-13 21:59:27,0,2026-09-13 21:59:27,False,,bajo,True
2026-09-14 02:26:48,3239,2026-09-12 22:17:31,0,2026-09-12 22:17:31,False,,bajo,False
2026-09-14 02:26:48,3242,2026-09-14 01:37:48,0,2026-09-14 01:37:48,False,,bajo,True
2026-09-14 02:26:48,3243,2026-09-11 21:02:20,0,2026-09-11 21:02:20,False,,alto,True
2026-09-14 02:26:48,3244,2026-09-13 21:51:11,0,2026-09-13 21:51:11,False,,bajo,True
2026-09-14 02:26:48,3253,2026-09-14 00:40:06,0,2026-09-14 00:40:06,False,,bajo,True
2026-09-14 02:26:48,3259,2026-09-13 14:50:10,0,2026-09-13 14:50:10,False,,bajo,True
2026-09-14 02:26:48,3264,2026-09-14 01:50:21,0,2026-09-14 01:50:21,False,,bajo,True
2026-09-14 02:26:48,3266,2026-09-14 00:57:32,0,2026-09-14 00:57:32,False,,bajo,True
2026-09-14 02:26:48,4018,2026-09-13 07:44:48,0,2026-09-13 07:44:48,False,,bajo,False
2026-09-14 02:26:48,4024,2026-09-14 02:09:44,0,2026-09-14 02:09:44,False,,bajo,False
2026-09-14 02:26:48,1724,2026-09-14 00:57:15,1,2026-09-14 00:57:15,False,,medio,False
2026-09-14 02:26:48,1744,2026-09-14 00:40:59,1,2026-09-14 00:40:59,False,,bajo,False
2026-09-14 02:26:48,1766,2026-06-03 03:27:01,1,2026-06-03 03:27:01,False,,bajo,False
2026-09-14 02:26:48,1784,2026-06-03 03:29:57,1,2026-06-03 03:29:57,False,,bajo,False
2026-09-14 02:26:48,1805,2026-06-03 08:20:37,1,2026-06-03 08:20:37,False,,bajo,False
2026-09-14 02:26:48,1806,2026-09-14 02:11:32,1,2026-09-14 02:11:32,False,,bajo,False
2026-09-14 02:26:48,1824,2026-06-03 08:35:59,1,2026-06-03 08:35:59,False,,bajo,False
2026-09-14 02:26:48,1844,2026-09-14 01:24:26,1,2026-09-14 01:24:26,False,,bajo,False
2026-09-14 02:26:48,1845,2026-06-03 08:35:31,1,2026-06-03 08:35:31,False,,bajo,False
2026-09-14 02:26:48,1846,2026-09-13 22:11:33,1,2026-09-13 22:11:33,False,,bajo,False
2026-09-14 02:26:48,1887,2026-09-13 22:28:43,1,2026-09-13 22:28:43,False,,bajo,True
2026-09-14 02:26:48,1924,2026-09-14 02:10:49,1,2026-09-14 02:10:49,False,,bajo,False
2026-09-14 02:26:48,1926,2026-09-13 18:26:53,1,2026-09-13 18:26:53,False,,bajo,False
2026-09-14 02:26:48,1927,2026-09-14 02:05:12,1,2026-09-14 02:05:12,False,,bajo,False
2026-09-14 02:26:48,1928,2026-09-14 01:15:05,1,2026-09-14 01:15:05,False,,bajo,False
2026-09-14 02:26:48,1945,2026-09-13 19:11:09,1,2026-09-13 19:11:09,False,,bajo,False
2026-09-14 02:26:48,1964,2026-09-14 02:15:17,1,2026-09-14 02:15:17,False,,alto,False
2026-09-14 02:26:48,1965,2026-09-13 23:32:16,1,2026-09-13 23:32:16,False,,bajo,False
2026-09-14 02:26:48,1984,2026-09-14 00:46:24,1,2026-09-14 00:46:24,False,,bajo,False
2026-09-14 02:26:48,2190,2026-09-13 23:40:18,1,2026-09-13 23:40:18,False,,bajo,False
2026-09-14 02:26:48,2192,2026-09-14 02:19:40,1,2026-09-14 02:19:40,False,,bajo,False
2026-09-14 02:26:48,2193,2026-09-13 04:15:12,1,2026-09-13 04:15:12,False,,bajo,False
2026-09-14 02:26:48,2204,2026-09-13 08:49:33,1,2026-09-13 08:49:33,False,,bajo,False
2026-09-14 02:26:48,2205,2026-09-13 22:30:19,1,2026-09-13 22:30:19,False,,bajo,False
2026-09-14 02:26:48,2207,2026-09-13 15:44:58,1,2026-09-13 15:44:58,False,,bajo,False
2026-09-14 02:26:48,2208,2026-09-12 18:08:58,1,2026-09-12 18:08:58,False,,bajo,False
2026-09-14 02:26:48,2224,2026-09-12 21:03:29,1,2026-09-12 21:03:29,False,,bajo,False
2026-09-14 02:26:48,2225,2026-09-14 02:23:01,1,2026-09-14 02:23:01,False,,bajo,False
2026-09-14 02:26:48,2227,2026-09-14 01:27:52,1,2026-09-14 01:27:52,False,,bajo,False
2026-09-14 02:26:48,2230,2026-09-12 18:30:22,1,2026-09-12 18:30:22,False,,bajo,False
2026-09-14 02:26:48,2250,2026-09-14 01:42:22,1,2026-09-14 01:42:22,False,,bajo,True
2026-09-14 02:26:48,2264,2026-09-13 23:02:52,1,2026-09-13 23:02:52,False,,bajo,True
2026-09-14 02:26:48,2268,2026-09-12 23:05:35,1,2026-09-12 23:05:35,False,,bajo,False
2026-09-14 02:26:48,2284,2026-09-13 23:41:02,1,2026-09-13 23:41:02,False,,bajo,True
2026-09-14 02:26:48,2317,2026-09-13 22:46:27,1,2026-09-13 22:46:27,False,,bajo,False
2026-09-14 02:26:48,2326,2026-09-13 23:43:35,1,2026-09-13 23:43:35,False,,bajo,False
2026-09-14 02:26:48,2327,2026-09-13 20:37:20,1,2026-09-13 20:37:20,False,,bajo,False
2026-09-14 02:26:48,2330,2026-09-13 21:58:20,1,2026-09-13 21:58:20,False,,bajo,False
2026-09-14 02:26:48,2335,2026-09-12 20:50:26,1,2026-09-12 20:50:26,False,,bajo,False
2026-09-14 02:26:48,2391,2026-09-12 11:20:08,1,2026-09-12 11:20:08,False,,bajo,False
2026-09-14 02:26:48,2404,2026-09-12 16:36:57,1,2026-09-12 16:36:57,False,,bajo,False
2026-09-14 02:26:48,2415,2026-09-12 16:44:58,1,2026-09-12 16:44:58,False,,bajo,False
2026-09-14 02:26:48,2424,2025-03-13 16:03:26,1,2025-03-13 16:03:26,False,,bajo,False
2026-09-14 02:26:48,2446,2026-09-14 01:40:03,1,2026-09-14 01:40:03,False,,bajo,False
2026-09-14 02:26:48,2459,2026-09-13 16:48:14,1,2026-09-13 16:48:14,False,,bajo,False
2026-09-14 02:26:48,2464,2026-09-14 00:36:08,1,2026-09-14 00:36:08,False,,bajo,False
2026-09-14 02:26:48,2465,2026-09-14 02:10:51,1,2026-09-14 02:10:51,False,,bajo,False
2026-09-14 02:26:48,2466,2026-09-12 21:06:27,1,2026-09-12 21:06:27,False,,bajo,False
2026-09-14 02:26:48,2468,2026-09-13 13:35:59,1,2026-09-13 13:35:59,False,,bajo,True
2026-09-14 02:26:48,2471,2026-09-14 01:57:39,1,2026-09-14 01:57:39,False,,bajo,False
2026-09-14 02:26:48,2475,2026-09-14 01:16:46,1,2026-09-14 01:16:46,False,,bajo,False
2026-09-14 02:26:48,2476,2026-09-14 01:44:12,1,2026-09-14 01:44:12,False,,bajo,False
2026-09-14 02:26:48,2482,2026-09-13 21:28:06,1,2026-09-13 21:28:06,False,,bajo,True
2026-09-14 02:26:48,2484,2026-09-13 07:42:59,1,2026-09-13 07:42:59,False,,bajo,False
2026-09-14 02:26:48,2485,2026-09-14 00:38:31,1,2026-09-14 00:38:31,False,,bajo,True
2026-09-14 02:26:48,2492,2026-09-14 02:05:29,1,2026-09-14 02:05:29,False,,bajo,False
2026-09-14 02:26:48,2516,2026-09-13 22:07:10,1,2026-09-13 22:07:10,False,,bajo,False
2026-09-14 02:26:48,2519,2026-09-13 18:10:11,1,2026-09-13 18:10:11,False,,bajo,False
2026-09-14 02:26:48,2565,2026-09-13 21:36:20,1,2026-09-13 21:36:20,False,,bajo,False
2026-09-14 02:26:48,2567,2026-09-13 22:24:33,1,2026-09-13 22:24:33,False,,bajo,False
2026-09-14 02:26:48,2575,2026-09-13 13:27:34,1,2026-09-13 13:27:34,False,,bajo,False
2026-09-14 02:26:48,2582,2026-09-13 18:16:11,1,2026-09-13 18:16:11,False,,bajo,False
2026-09-14 02:26:48,2590,2026-09-13 23:55:40,1,2026-09-13 23:55:40,False,,bajo,False
2026-09-14 02:26:48,2592,2026-09-13 23:08:57,1,2026-09-13 23:08:57,False,,bajo,True
2026-09-14 02:26:48,2593,2026-09-13 15:16:52,1,2026-09-13 15:16:52,False,,bajo,False
2026-09-14 02:26:48,2654,2026-09-14 01:10:32,1,2026-09-14 01:10:32,False,,bajo,True
2026-09-14 02:26:48,2665,2026-09-13 22:16:21,1,2026-09-13 22:16:21,False,,bajo,False
2026-09-14 02:26:48,2668,2026-09-12 12:50:58,1,2026-09-12 12:50:58,False,,bajo,False
2026-09-14 02:26:48,2678,2026-09-13 16:12:15,1,2026-09-13 16:12:15,False,,bajo,False
2026-09-14 02:26:48,2693,2026-09-14 00:21:16,1,2026-09-14 00:21:16,False,,bajo,False
2026-09-14 02:26:48,2701,2026-09-14 02:20:05,1,2026-09-14 02:20:05,False,,bajo,False
2026-09-14 02:26:48,2706,2026-09-14 00:23:51,1,2026-09-14 00:23:51,False,,bajo,False
2026-09-14 02:26:48,2718,2026-09-13 15:19:43,1,2026-09-13 15:19:43,False,,bajo,False
2026-09-14 02:26:48,2722,2026-09-13 20:37:55,1,2026-09-13 20:37:55,False,,alto,False
2026-09-14 02:26:48,2724,2026-09-14 00:59:19,1,2026-09-14 00:59:19,False,,bajo,False
2026-09-14 02:26:48,2726,2025-03-13 16:03:26,1,2025-03-13 16:03:26,False,,bajo,False
2026-09-14 02:26:48,2730,2026-06-03 08:24:07,1,2026-06-03 08:24:07,False,,bajo,False
2026-09-14 02:26:48,2743,2026-09-14 00:13:17,1,2026-09-14 00:13:17,False,,bajo,True
2026-09-14 02:26:48,2744,2026-09-14 00:51:39,1,2026-09-14 00:51:39,False,,bajo,False
2026-09-14 02:26:48,2751,2026-09-13 10:14:51,1,2026-09-13 10:14:51,False,,bajo,False
2026-09-14 02:26:48,2754,2026-06-03 08:25:11,1,2026-06-03 08:25:11,False,,bajo,False
2026-09-14 02:26:48,2768,2026-06-03 08:23:19,1,2026-06-03 08:23:19,False,,bajo,False
2026-09-14 02:26:48,2770,2025-03-13 16:03:26,1,2025-03-13 16:03:26,False,,bajo,False
2026-09-14 02:26:48,2773,2026-09-13 11:17:15,1,2026-09-13 11:17:15,False,,alto,True
2026-09-14 02:26:48,2777,2025-03-13 16:03:26,1,2025-03-13 16:03:26,False,,bajo,False
2026-09-14 02:26:48,2780,2026-09-13 18:32:47,1,2026-09-13 18:32:47,False,,bajo,False
2026-09-14 02:26:48,2781,2026-09-13 18:31:24,1,2026-09-13 18:31:24,False,,bajo,False
2026-09-14 02:26:48,2790,2026-09-13 17:33:08,1,2026-09-13 17:33:08,False,,bajo,False
2026-09-14 02:26:48,2791,2026-09-10 00:17:20,1,2026-09-10 00:17:20,False,,bajo,False
2026-09-14 02:26:48,2796,2026-09-13 21:38:51,1,2026-09-13 21:38:51,False,,bajo,False
2026-09-14 02:26:48,2803,2026-09-14 01:27:31,1,2026-09-14 01:27:31,False,,bajo,False
2026-09-14 02:26:48,2807,2026-09-13 10:38:53,1,2026-09-13 10:38:53,False,,bajo,False
2026-09-14 02:26:48,2808,2026-09-13 00:52:47,1,2026-09-13 00:52:47,False,,bajo,False
2026-09-14 02:26:48,2810,2026-09-13 23:48:50,1,2026-09-13 23:48:50,False,,bajo,True
2026-09-14 02:26:48,2830,2026-09-12 16:03:34,1,2026-09-12 16:03:34,False,,bajo,False
2026-09-14 02:26:48,2858,2026-09-13 22:01:38,1,2026-09-13 22:01:38,False,,alto,False
2026-09-14 02:26:48,2904,2026-09-12 15:01:10,1,2026-09-12 15:01:10,False,,bajo,False
2026-09-14 02:26:48,2922,2026-06-03 07:54:30,1,2026-06-03 07:54:30,False,,bajo,False
2026-09-14 02:26:48,2926,2026-09-14 01:52:11,1,2026-09-14 01:52:11,False,,bajo,False
2026-09-14 02:26:48,2929,2026-09-13 21:21:39,1,2026-09-13 21:21:39,False,,alto,False
2026-09-14 02:26:48,2935,2026-09-14 01:26:18,1,2026-09-14 01:26:18,False,,bajo,False
2026-09-14 02:26:48,2937,2026-09-13 20:10:07,1,2026-09-13 20:10:07,False,,bajo,False
2026-09-14 02:26:48,2961,2026-02-27 08:12:26,1,2026-02-27 08:12:26,False,,bajo,False
2026-09-14 02:26:48,2971,2026-09-13 08:16:10,1,2026-09-13 08:16:10,False,,bajo,False
2026-09-14 02:26:48,2972,2026-09-11 17:16:06,1,2026-09-11 17:16:06,False,,bajo,False
2026-09-14 02:26:48,2973,2026-09-13 13:56:12,1,2026-09-13 13:56:12,False,,bajo,False
2026-09-14 02:26:48,2975,2026-09-10 17:33:58,1,2026-09-10 17:33:58,False,,bajo,False
2026-09-14 02:26:48,2978,2026-09-13 22:43:16,1,2026-09-13 22:43:16,False,,bajo,True
2026-09-14 02:26:48,2983,2026-09-13 21:22:41,1,2026-09-13 21:22:41,False,,bajo,False
2026-09-14 02:26:48,2984,2026-09-11 19:15:09,1,2026-09-11 19:15:09,False,,bajo,False
2026-09-14 02:26:48,2985,2026-09-13 11:08:04,1,2026-09-13 11:08:04,False,,bajo,False
2026-09-14 02:26:48,2986,2026-09-12 17:58:35,1,2026-09-12 17:58:35,False,,bajo,False
2026-09-14 02:26:48,2987,2026-09-13 14:14:45,1,2026-09-13 14:14:45,False,,bajo,False
2026-09-14 02:26:48,2988,2026-09-14 01:15:05,1,2026-09-14 01:15:05,False,,bajo,False
2026-09-14 02:26:48,2993,2026-09-13 10:38:27,1,2026-09-13 10:38:27,False,,alto,False
2026-09-14 02:26:48,2994,2026-09-11 16:41:00,1,2026-09-11 16:41:00,False,,bajo,False
2026-09-14 02:26:48,2996,2026-09-13 15:45:08,1,2026-09-13 15:45:08,False,,bajo,False
2026-09-14 02:26:48,2998,2026-09-13 11:52:03,1,2026-09-13 11:52:03,False,,bajo,True
2026-09-14 02:26:48,3002,2026-09-13 19:58:13,1,2026-09-13 19:58:13,False,,bajo,False
2026-09-14 02:26:48,3009,2026-09-12 20:15:24,1,2026-09-12 20:15:24,False,,bajo,False
2026-09-14 02:26:48,3010,2026-09-13 19:06:28,1,2026-09-13 19:06:28,False,,bajo,False
2026-09-14 02:26:48,3011,2026-09-13 03:07:30,1,2026-09-13 03:07:30,False,,bajo,False
2026-09-14 02:26:48,3013,2026-09-13 16:31:28,1,2026-09-13 16:31:28,False,,bajo,False
2026-09-14 02:26:48,3020,2026-09-13 18:37:19,1,2026-09-13 18:37:19,False,,bajo,False
2026-09-14 02:26:48,3022,2026-09-13 23:47:07,1,2026-09-13 23:47:07,False,,alto,False
2026-09-14 02:26:48,3024,2026-09-13 23:38:17,1,2026-09-13 23:38:17,False,,bajo,False
2026-09-14 02:26:48,3026,2026-09-13 22:06:56,1,2026-09-13 22:06:56,False,,medio,False
2026-09-14 02:26:48,3027,2026-09-12 14:18:21,1,2026-09-12 14:18:21,False,,bajo,False
2026-09-14 02:26:48,3029,2026-09-13 23:41:57,1,2026-09-13 23:41:57,False,,bajo,False
2026-09-14 02:26:48,3036,2025-03-13 16:18:25,1,2025-03-13 16:18:25,False,,bajo,False
2026-09-14 02:26:48,3039,2026-09-13 12:38:46,1,2026-09-13 12:38:46,False,,medio,False
2026-09-14 02:26:48,3060,2026-09-14 02:05:33,1,2026-09-14 02:05:33,False,,bajo,False
2026-09-14 02:26:48,3064,2026-09-14 00:46:17,1,2026-09-14 00:46:17,False,,bajo,True
2026-09-14 02:26:48,3065,2026-06-03 06:29:32,1,2026-06-03 06:29:32,False,,bajo,False
2026-09-14 02:26:48,3074,2026-09-13 11:09:15,1,2026-09-13 11:09:15,False,,bajo,False
2026-09-14 02:26:48,3076,2026-09-13 22:03:22,1,2026-09-13 22:03:22,False,,bajo,False
2026-09-14 02:26:48,3079,2026-09-12 23:29:48,1,2026-09-12 23:29:48,False,,bajo,False
2026-09-14 02:26:48,3084,2026-09-13 19:37:49,1,2026-09-13 19:37:49,False,,bajo,False
2026-09-14 02:26:48,3086,2026-09-13 18:32:49,1,2026-09-13 18:32:49,False,,bajo,False
2026-09-14 02:26:48,3087,2026-09-13 19:13:54,1,2026-09-13 19:13:54,False,,bajo,False
2026-09-14 02:26:48,3099,2026-09-14 00:51:59,1,2026-09-14 00:51:59,False,,alto,False
2026-09-14 02:26:48,3101,2026-09-11 18:29:28,1,2026-09-11 18:29:28,False,,bajo,False
2026-09-14 02:26:48,3117,2026-09-13 19:41:32,1,2026-09-13 19:41:32,False,,bajo,False
2026-09-14 02:26:48,3121,2026-09-13 22:23:21,1,2026-09-13 22:23:21,False,,bajo,False
2026-09-14 02:26:48,3132,2026-09-13 05:25:23,1,2026-09-13 05:25:23,False,,bajo,False
2026-09-14 02:26:48,3138,2026-09-13 08:08:12,1,2026-09-13 08:08:12,False,,bajo,False
2026-09-14 02:26:48,3141,2026-09-13 22:07:35,1,2026-09-13 22:07:35,False,,bajo,False
2026-09-14 02:26:48,3144,2026-09-13 21:56:19,1,2026-09-13 21:56:19,False,,bajo,False
2026-09-14 02:26:48,3145,2026-09-13 16:40:18,1,2026-09-13 16:40:18,False,,bajo,False
2026-09-14 02:26:48,3146,2026-09-13 22:22:29,1,2026-09-13 22:22:29,False,,bajo,False
2026-09-14 02:26:48,3151,2026-09-13 18:08:19,1,2026-09-13 18:08:19,False,,bajo,False
2026-09-14 02:26:48,3154,2026-09-13 03:50:21,1,2026-09-13 03:50:21,False,,bajo,False
2026-09-14 02:26:48,3155,2026-09-13 20:10:42,1,2026-09-13 20:10:42,False,,bajo,False
2026-09-14 02:26:48,3159,2026-09-12 23:59:38,1,2026-09-12 23:59:38,False,,bajo,False
2026-09-14 02:26:48,3160,2026-09-13 14:54:23,1,2026-09-13 14:54:23,False,,bajo,False
2026-09-14 02:26:48,3161,2026-09-13 19:15:55,1,2026-09-13 19:15:55,False,,bajo,False
2026-09-14 02:26:48,3162,2026-06-03 06:14:04,1,2026-06-03 06:14:04,False,,bajo,False
2026-09-14 02:26:48,3169,2026-09-13 21:22:15,1,2026-09-13 21:22:15,False,,bajo,False
2026-09-14 02:26:48,3172,2026-09-12 11:33:47,1,2026-09-12 11:33:47,False,,bajo,False
2026-09-14 02:26:48,3178,2026-09-13 21:28:25,1,2026-09-13 21:28:25,False,,bajo,True
2026-09-14 02:26:48,3184,2026-09-13 22:00:46,1,2026-09-13 22:00:46,False,,bajo,False
2026-09-14 02:26:48,3185,2026-09-13 21:50:53,1,2026-09-13 21:50:53,False,,alto,False
2026-09-14 02:26:48,3187,2026-09-13 21:47:11,1,2026-09-13 21:47:11,False,,bajo,False
2026-09-14 02:26:48,3191,2026-09-13 08:41:08,1,2026-09-13 08:41:08,False,,bajo,True
2026-09-14 02:26:48,3199,2026-09-14 00:50:12,1,2026-09-14 00:50:12,False,,bajo,True
2026-09-14 02:26:48,3202,2026-09-14 01:42:17,1,2026-09-14 01:42:17,False,,bajo,False
2026-09-14 02:26:48,3203,2026-09-13 09:41:43,1,2026-09-13 09:41:43,False,,bajo,False
2026-09-14 02:26:48,3204,2026-09-14 01:09:49,1,2026-09-14 01:09:49,False,,bajo,False
2026-09-14 02:26:48,3207,2026-09-13 20:58:01,1,2026-09-13 20:58:01,False,,bajo,False
2026-09-14 02:26:48,3208,2026-09-13 09:34:31,1,2026-09-13 09:34:31,False,,bajo,True
2026-09-14 02:26:48,3216,2026-09-13 21:49:31,1,2026-09-13 21:49:31,False,,alto,True
2026-09-14 02:26:48,3222,2026-09-13 12:17:27,1,2026-09-13 12:17:27,False,,bajo,False
2026-09-14 02:26:48,3224,2026-09-08 10:38:50,1,2026-09-08 10:38:50,False,,bajo,True
2026-09-14 02:26:48,3225,2026-09-10 15:34:31,1,2026-09-10 15:34:31,False,,bajo,False
2026-09-14 02:26:48,3227,2026-09-12 20:18:49,1,2026-09-12 20:18:49,False,,bajo,False
2026-09-14 02:26:48,3232,2026-09-13 21:56:21,1,2026-09-13 21:56:21,False,,bajo,True
2026-09-14 02:26:48,3239,2026-09-13 13:07:02,1,2026-09-13 13:07:02,False,,bajo,False
2026-09-14 02:26:48,3242,2026-09-14 00:14:43,1,2026-09-14 00:14:43,False,,bajo,False
2026-09-14 02:26:48,3243,2026-09-13 22:03:26,1,2026-09-13 22:03:26,False,,bajo,False
2026-09-14 02:26:48,3244,2026-09-13 22:39:18,1,2026-09-13 22:39:18,False,,bajo,False
2026-09-14 02:26:48,3259,2026-09-13 15:45:03,1,2026-09-13 15:45:03,False,,medio,False
2026-09-14 02:26:48,3264,2026-09-12 22:18:52,1,2026-09-12 22:18:52,False,,bajo,False
2026-09-14 02:26:48,3266,2026-09-14 00:15:26,1,2026-09-14 00:15:26,False,,bajo,False
2026-09-14 02:26:48,4018,2026-09-12 18:33:26,1,2026-09-12 18:33:26,False,,bajo,False
2026-09-14 02:26:48,4024,2026-09-13 00:33:17,1,2026-09-13 00:33:17,False,,bajo,False
2026-09-14 02:26:48,1724,2026-06-03 08:15:44,2,2026-06-03 08:15:44,False,,bajo,False
2026-09-14 02:26:48,1744,2026-06-03 06:32:42,2,2026-06-03 06:32:42,False,,bajo,False
2026-09-14 02:26:48,1766,2026-06-03 17:35:31,2,2026-06-03 17:35:31,False,,bajo,False
2026-09-14 02:26:48,1784,2026-06-03 17:31:00,2,2026-06-03 17:31:00,False,,bajo,False
2026-09-14 02:26:48,1805,2026-06-03 17:31:00,2,2026-06-03 17:31:00,False,,bajo,False
2026-09-14 02:26:48,1824,2026-06-03 17:31:00,2,2026-06-03 17:31:00,False,,bajo,False
2026-09-14 02:26:48,1844,2026-06-03 17:31:00,2,2026-06-03 17:31:00,False,,bajo,False
2026-09-14 02:26:48,1845,2026-06-03 17:31:27,2,2026-06-03 17:31:27,False,,bajo,False
2026-09-14 02:26:48,1887,2026-08-05 15:28:49,2,2026-08-05 15:28:49,False,,bajo,False
2026-09-14 02:26:48,1924,2026-06-03 17:31:00,2,2026-06-03 17:31:00,False,,bajo,False
2026-09-14 02:26:48,1926,2026-06-03 06:42:55,2,2026-06-03 06:42:55,False,,bajo,False
2026-09-14 02:26:48,1944,2026-06-03 17:31:00,2,2026-06-03 17:31:00,False,,bajo,False
2026-09-14 02:26:48,1945,2026-09-09 10:38:27,2,2026-09-09 10:38:27,False,,bajo,False
2026-09-14 02:26:48,2190,2025-03-13 16:03:26,2,2025-03-13 16:03:26,False,,bajo,False
2026-09-14 02:26:48,2193,2026-06-03 17:33:58,2,2026-06-03 17:33:58,False,,bajo,False
2026-09-14 02:26:48,2205,2026-06-02 08:49:39,2,2026-06-02 08:49:39,False,,bajo,False
2026-09-14 02:26:48,2208,2026-07-20 15:35:36,2,2026-07-20 15:35:36,False,,bajo,False
2026-09-14 02:26:48,2224,2026-06-03 08:23:23,2,2026-06-03 08:23:23,False,,bajo,False
2026-09-14 02:26:48,2229,2026-06-03 07:24:01,2,2026-06-03 07:24:01,False,,bajo,False
2026-09-14 02:26:48,2250,2026-06-03 08:23:15,2,2026-06-03 08:23:15,False,,bajo,False
2026-09-14 02:26:48,2335,2026-06-03 06:08:53,2,2026-06-03 06:08:53,False,,bajo,False
2026-09-14 02:26:48,2411,2026-06-03 08:44:37,2,2026-06-03 08:44:37,False,,bajo,False
2026-09-14 02:26:48,2465,2026-06-03 06:28:44,2,2026-06-03 06:28:44,False,,bajo,False
2026-09-14 02:26:48,2466,2025-03-13 16:03:26,2,2025-03-13 16:03:26,False,,bajo,False
2026-09-14 02:26:48,2468,2026-06-03 08:40:08,2,2026-06-03 08:40:08,False,,bajo,False
2026-09-14 02:26:48,2706,2026-06-03 05:15:51,2,2026-06-03 05:15:51,False,,bajo,False
2026-09-14 02:26:48,2724,2026-08-22 11:08:53,2,2026-08-22 11:08:53,False,,bajo,False
2026-09-14 02:26:48,2730,2026-06-03 08:24:08,2,2026-06-03 08:24:08,False,,bajo,False
2026-09-14 02:26:48,2743,2026-06-03 08:33:58,2,2026-06-03 08:33:58,False,,bajo,False
2026-09-14 02:26:48,2744,2026-06-03 08:26:24,2,2026-06-03 08:26:24,False,,bajo,False
2026-09-14 02:26:48,2768,2026-06-03 08:23:19,2,2026-06-03 08:23:19,False,,bajo,False
2026-09-14 02:26:48,2770,2026-06-03 08:28:44,2,2026-06-03 08:28:44,False,,bajo,False
2026-09-14 02:26:48,2773,2026-06-03 08:42:23,2,2026-06-03 08:42:23,False,,bajo,False
2026-09-14 02:26:48,2780,2026-06-03 08:31:16,2,2026-06-03 08:31:16,False,,bajo,False
2026-09-14 02:26:48,2781,2026-06-03 08:39:47,2,2026-06-03 08:39:47,False,,bajo,False
2026-09-14 02:26:48,2922,2026-06-03 07:54:30,2,2026-06-03 07:54:30,False,,bajo,False
2026-09-14 02:26:48,2983,2026-06-03 08:26:35,2,2026-06-03 08:26:35,False,,bajo,False
2026-09-14 02:26:48,2993,2026-05-28 08:20:47,2,2026-05-28 08:20:47,False,,bajo,False
2026-09-14 02:26:48,3002,2025-03-13 16:03:26,2,2025-03-13 16:03:26,False,,bajo,False
2026-09-14 02:26:48,3020,2026-06-03 08:31:34,2,2026-06-03 08:31:34,False,,bajo,False
2026-09-14 02:26:48,3065,2026-06-03 06:29:32,2,2026-06-03 06:29:32,False,,bajo,False
2026-09-14 02:26:48,3086,2026-06-03 08:38:54,2,2026-06-03 08:38:54,False,,bajo,False
2026-09-14 02:26:48,3087,2026-06-03 02:06:08,2,2026-06-03 02:06:08,False,,bajo,False
2026-09-14 02:26:48,3151,2026-06-03 07:25:54,2,2026-06-03 07:25:54,False,,bajo,False
2026-09-14 02:26:48,3160,2026-06-03 03:28:18,2,2026-06-03 03:28:18,False,,bajo,False
2026-09-14 02:26:48,3199,2026-06-03 08:41:17,2,2026-06-03 08:41:17,False,,bajo,False
2026-09-14 02:26:48,3203,2026-06-03 08:22:47,2,2026-06-03 08:22:47,False,,bajo,False
2026-09-14 02:26:48,3204,2026-06-03 07:54:17,2,2026-06-03 07:54:17,False,,bajo,False
2026-09-14 02:26:48,3207,2026-06-03 07:05:01,2,2026-06-03 07:05:01,False,,bajo,False
2026-09-14 02:26:48,3227,2025-03-13 16:03:26,2,2025-03-13 16:03:26,False,,bajo,False
2026-09-14 02:26:48,1846,2026-06-03 08:24:16,3,2026-06-03 08:24:16,False,,bajo,False
2026-09-14 02:26:48,2193,2026-06-03 03:28:55,3,2026-06-03 03:28:55,False,,bajo,False
2026-09-14 02:26:48,2208,2026-06-03 08:31:26,3,2026-06-03 08:31:26,False,,bajo,False
2026-09-14 02:26:48,2330,2026-06-03 07:45:12,3,2026-06-03 07:45:12,False,,bajo,False
2026-09-14 02:26:48,2415,2026-06-03 08:47:45,3,2026-06-03 08:47:45,False,,bajo,False
2026-09-14 02:26:48,2466,2026-06-03 08:38:32,3,2026-06-03 08:38:32,False,,bajo,False
2026-09-14 02:26:48,2582,2026-06-03 08:15:54,3,2026-06-03 08:15:54,False,,bajo,False
2026-09-14 02:26:48,2665,2026-06-03 07:10:20,3,2026-06-03 07:10:20,False,,bajo,False
2026-09-14 02:26:48,2718,2026-06-03 07:28:18,3,2026-06-03 07:28:18,False,,bajo,False
2026-09-14 02:26:48,2722,2026-06-03 06:10:37,3,2026-06-03 06:10:37,False,,bajo,False
2026-09-14 02:26:48,2751,2026-06-03 07:40:08,3,2026-06-03 07:40:08,False,,bajo,False
2026-09-14 02:26:48,2858,2026-06-03 00:31:15,3,2026-06-03 00:31:15,False,,bajo,False
2026-09-14 02:26:48,2993,2026-05-28 08:20:47,3,2026-05-28 08:20:47,False,,bajo,False
2026-09-14 02:26:48,2994,2026-06-03 07:45:41,3,2026-06-03 07:45:41,False,,bajo,False
2026-09-14 02:26:48,3010,2026-06-03 08:19:28,3,2026-06-03 08:19:28,False,,bajo,False
2026-09-14 02:26:48,3011,2026-06-03 08:45:02,3,2026-06-03 08:45:02,False,,bajo,False
2026-09-14 02:26:48,3024,2026-06-03 07:31:40,3,2026-06-03 07:31:40,False,,bajo,False
2026-09-14 02:26:48,3026,2026-06-03 08:11:53,3,2026-06-03 08:11:53,False,,bajo,False
2026-09-14 02:26:48,3027,2026-06-03 08:24:41,3,2026-06-03 08:24:41,False,,bajo,False
2026-09-14 02:26:48,3074,2026-06-03 06:59:32,3,2026-06-03 06:59:32,False,,bajo,False
2026-09-14 02:26:48,3079,2026-06-03 07:50:16,3,2026-06-03 07:50:16,False,,bajo,False
2026-09-14 02:26:48,3086,2026-06-03 08:38:54,3,2026-06-03 08:38:54,False,,bajo,False
2026-09-14 02:26:48,3087,2026-06-03 02:06:08,3,2026-06-03 02:06:08,False,,bajo,False
2026-09-14 02:26:48,3132,2026-06-03 08:15:52,3,2026-06-03 08:15:52,False,,bajo,False
2026-09-14 02:26:48,3160,2026-06-03 03:28:18,3,2026-06-03 03:28:18,False,,bajo,False
2026-09-14 02:26:48,3172,2026-06-03 08:52:22,3,2026-06-03 08:52:22,False,,bajo,False
2026-09-14 02:26:48,3203,2026-06-03 17:31:00,3,2026-06-03 17:31:00,False,,bajo,False
2026-09-14 02:26:48,3204,2026-06-03 07:54:17,3,2026-06-03 07:54:17,False,,bajo,False
2026-09-14 02:26:48,3207,2026-06-03 07:05:01,3,2026-06-03 07:05:01,False,,bajo,False
2026-09-14 02:26:48,3222,2026-06-03 08:54:14,3,2026-06-03 08:54:14,False,,bajo,False
2026-09-14 02:26:48,2362,2026-09-13 22:23:40,0,2026-09-13 22:23:40,False,,bajo,True
2026-09-14 02:26:48,2815,2026-09-13 21:00:55,0,2026-09-13 21:00:55,False,,bajo,False
2026-09-14 02:26:48,2817,2026-09-12 19:03:17,0,2026-09-12 19:03:17,False,,bajo,True
2026-09-14 02:26:48,2818,2026-09-13 10:41:01,0,2026-09-13 10:41:01,False,,bajo,False
2026-09-14 02:26:48,2820,2026-09-13 22:00:29,0,2026-09-13 22:00:29,False,,bajo,True
2026-09-14 02:26:48,2821,2026-09-13 20:40:36,0,2026-09-13 20:40:36,False,,medio,True
2026-09-14 02:26:48,2822,2026-09-13 19:58:58,0,2026-09-13 19:58:58,False,,medio,True
2026-09-14 02:26:48,2823,2026-09-13 08:29:09,0,2026-09-13 08:29:09,False,,bajo,True
2026-09-14 02:26:48,2824,2026-09-12 19:41:36,0,2026-09-12 19:41:36,False,,bajo,True
2026-09-14 02:26:48,2827,2026-09-13 10:28:36,0,2026-09-13 10:28:36,False,,bajo,True
2026-09-14 02:26:48,2828,2026-08-27 14:39:54,0,2026-08-27 14:39:54,False,,bajo,False
2026-09-14 02:26:48,2833,2026-09-13 18:12:47,0,2026-09-13 18:12:47,False,,alto,False
2026-09-14 02:26:48,2931,2026-09-13 22:08:49,0,2026-09-13 22:08:49,False,,bajo,False
2026-09-14 02:26:48,2932,2026-09-13 23:29:54,0,2026-09-13 23:29:54,False,,bajo,False
2026-09-14 02:26:48,2949,2026-09-13 22:01:01,0,2026-09-13 22:01:01,False,,bajo,False
2026-09-14 02:26:48,2952,2026-09-12 09:52:13,0,2026-09-12 09:52:13,False,,bajo,False
2026-09-14 02:26:48,2953,2026-09-11 18:37:54,0,2026-09-11 18:37:54,False,,bajo,False
2026-09-14 02:26:48,2969,2026-09-14 01:27:14,0,2026-09-14 01:27:14,False,,bajo,True
2026-09-14 02:26:48,2995,2026-09-13 18:01:19,0,2026-09-13 18:01:19,False,,bajo,False
2026-09-14 02:26:48,3017,2026-09-13 19:06:10,0,2026-09-13 19:06:10,False,,bajo,False
2026-09-14 02:26:48,3021,2026-09-11 10:28:29,0,2026-09-11 10:28:29,False,,bajo,False
2026-09-14 02:26:48,3068,2026-09-12 18:58:23,0,2026-09-12 18:58:23,False,,bajo,False
2026-09-14 02:26:48,3080,2026-09-13 20:04:54,0,2026-09-13 20:04:54,False,,bajo,True
2026-09-14 02:26:48,3089,2026-09-12 14:28:24,0,2026-09-12 14:28:24,False,,bajo,False
2026-09-14 02:26:48,3111,2026-09-13 23:18:21,0,2026-09-13 23:18:21,False,,bajo,True
2026-09-14 02:26:48,3112,2026-09-13 18:20:39,0,2026-09-13 18:20:39,False,,medio,False
2026-09-14 02:26:48,3142,2026-09-12 13:26:53,0,2026-09-12 13:26:53,False,,bajo,False
2026-09-14 02:26:48,3181,2026-09-13 22:01:57,0,2026-09-13 22:01:57,False,,bajo,True
2026-09-14 02:26:48,3205,2026-09-12 19:18:46,0,2026-09-12 19:18:46,False,,bajo,False
2026-09-14 02:26:48,3233,2026-09-13 19:56:59,0,2026-09-13 19:56:59,False,,bajo,False
2026-09-14 02:26:48,2362,2026-09-13 14:29:43,1,2026-09-13 14:29:43,False,,bajo,True
2026-09-14 02:26:48,2815,2026-09-12 21:46:44,1,2026-09-12 21:46:44,False,,bajo,False
2026-09-14 02:26:48,2817,2026-09-12 16:00:10,1,2026-09-12 16:00:10,False,,bajo,False
2026-09-14 02:26:48,2818,2026-09-12 23:22:21,1,2026-09-12 23:22:21,False,,bajo,False
2026-09-14 02:26:48,2820,2026-06-03 07:57:34,1,2026-06-03 07:57:34,False,,bajo,False
2026-09-14 02:26:48,2821,2026-09-13 10:45:35,1,2026-09-13 10:45:35,False,,medio,True
2026-09-14 02:26:48,2822,2026-09-13 09:17:48,1,2026-09-13 09:17:48,False,,alto,False
2026-09-14 02:26:48,2823,2026-09-13 21:56:11,1,2026-09-13 21:56:11,False,,bajo,True
2026-09-14 02:26:48,2824,2026-09-13 09:25:56,1,2026-09-13 09:25:56,False,,bajo,False
2026-09-14 02:26:48,2827,2026-09-12 11:28:24,1,2026-09-12 11:28:24,False,,bajo,False
2026-09-14 02:26:48,2828,2026-09-13 16:27:00,1,2026-09-13 16:27:00,False,,bajo,False
2026-09-14 02:26:48,2833,2026-09-13 15:48:24,1,2026-09-13 15:48:24,False,,alto,False
2026-09-14 02:26:48,2931,2026-09-14 01:34:03,1,2026-09-14 01:34:03,False,,bajo,True
2026-09-14 02:26:48,2932,2026-09-13 21:40:28,1,2026-09-13 21:40:28,False,,bajo,True
2026-09-14 02:26:48,2949,2026-09-13 21:43:23,1,2026-09-13 21:43:23,False,,bajo,False
2026-09-14 02:26:48,2952,2026-09-12 07:42:42,1,2026-09-12 07:42:42,False,,bajo,False
2026-09-14 02:26:48,2953,2026-09-13 19:16:26,1,2026-09-13 19:16:26,False,,bajo,False
2026-09-14 02:26:48,2969,2026-09-13 14:13:43,1,2026-09-13 14:13:43,False,,bajo,False
2026-09-14 02:26:48,2995,2026-09-13 09:44:00,1,2026-09-13 09:44:00,False,,bajo,False
2026-09-14 02:26:48,3017,2026-09-13 20:46:59,1,2026-09-13 20:46:59,False,,bajo,False
2026-09-14 02:26:48,3021,2026-09-11 10:05:28,1,2026-09-11 10:05:28,False,,bajo,False
2026-09-14 02:26:48,3068,2026-09-13 12:15:53,1,2026-09-13 12:15:53,False,,bajo,False
2026-09-14 02:26:48,3080,2026-09-13 19:23:31,1,2026-09-13 19:23:31,False,,bajo,False
2026-09-14 02:26:48,3089,2026-09-13 21:54:54,1,2026-09-13 21:54:54,False,,bajo,False
2026-09-14 02:26:48,3111,2026-09-13 23:18:35,1,2026-09-13 23:18:35,False,,bajo,False
2026-09-14 02:26:48,3112,2026-09-13 19:20:04,1,2026-09-13 19:20:04,False,,bajo,False
2026-09-14 02:26:48,3142,2026-09-13 15:56:19,1,2026-09-13 15:56:19,False,,bajo,False
2026-09-14 02:26:48,3181,2026-09-13 20:55:35,1,2026-09-13 20:55:35,False,,bajo,False
2026-09-14 02:26:48,3233,2026-09-13 19:26:14,1,2026-09-13 19:26:14,False,,bajo,True
2026-09-14 02:26:48,2736,2026-09-13 19:08:45,0,2026-09-13 19:08:45,False,,bajo,True
2026-09-14 02:26:48,2755,2026-09-13 17:22:02,0,2026-09-13 17:22:02,False,,bajo,True
2026-09-14 02:26:48,2908,2026-09-13 21:54:48,0,2026-09-13 21:54:48,False,,bajo,True
2026-09-14 02:26:48,3072,2025-03-13 16:03:26,0,2025-03-13 16:03:26,False,,bajo,False
2026-09-14 02:26:48,3100,2026-09-13 23:47:43,0,2026-09-13 23:47:43,False,,bajo,True
2026-09-14 02:26:48,3170,2026-09-13 07:17:05,0,2026-09-13 07:17:05,False,,bajo,False
2026-09-14 02:26:48,2736,2026-09-13 14:11:40,1,2026-09-13 14:11:40,False,,bajo,False
2026-09-14 02:26:48,2755,2026-09-13 10:38:24,1,2026-09-13 10:38:24,False,,bajo,True
2026-09-14 02:26:48,2908,2026-09-13 16:20:25,1,2026-09-13 16:20:25,False,,bajo,False
2026-09-14 02:26:48,3072,2025-03-13 16:03:26,1,2025-03-13 16:03:26,False,,bajo,False
2026-09-14 02:26:48,3100,2026-09-13 09:27:26,1,2026-09-13 09:27:26,False,,bajo,False
2026-09-14 02:26:48,3170,2026-09-12 12:01:56,1,2026-09-12 12:01:56,False,,bajo,False
2026-09-14 10:13:22,2456,2026-09-12 07:10:53,0,2026-09-12 07:10:53,False,,bajo,False
2026-09-14 10:13:22,2458,2026-09-14 08:55:36,0,2026-09-14 06:14:25,True,2026-09-14 08:55:36,alto,False
2026-09-14 10:13:22,2491,2026-09-12 14:56:35,0,2026-09-12 14:56:35,False,,bajo,False
2026-09-14 10:13:22,2494,2026-09-14 07:50:54,0,2026-09-14 07:50:54,False,,alto,False
2026-09-14 10:13:22,2501,2026-09-14 10:11:49,0,2026-09-14 10:11:49,False,,bajo,False
2026-09-14 10:13:22,2531,2026-09-14 10:07:16,0,2026-09-14 10:07:16,True,2026-09-14 08:49:30,alto,False
2026-09-14 10:13:22,2545,2026-09-14 09:32:18,0,2026-09-14 09:32:18,False,,bajo,False
2026-09-14 10:13:22,2551,2026-09-14 10:05:20,0,2026-09-14 10:05:20,False,,bajo,True
2026-09-14 10:13:22,2639,2026-09-12 14:25:45,0,2026-09-12 14:25:45,False,,bajo,False
2026-09-14 10:13:22,2670,2026-09-14 10:07:27,0,2026-09-14 10:07:27,False,,bajo,True
2026-09-14 10:13:22,2675,2026-09-14 10:12:26,0,2026-09-14 10:12:26,True,2026-09-14 08:22:09,bajo,True
2026-09-14 10:13:22,2704,2026-09-14 08:55:26,0,2026-09-14 08:55:26,False,,bajo,False
2026-09-14 10:13:22,2705,2026-09-13 01:37:36,0,2026-09-13 01:37:36,False,,bajo,False
2026-09-14 10:13:22,2719,2025-06-26 16:00:33,0,2025-06-26 16:00:33,False,,bajo,False
2026-09-14 10:13:22,2728,2026-09-14 10:09:02,0,2026-09-14 10:09:02,False,,bajo,False
2026-09-14 10:13:22,2731,2026-09-14 08:44:42,0,2026-09-14 08:44:42,False,,bajo,False
2026-09-14 10:13:22,2869,2026-09-13 10:28:44,0,2026-09-13 10:28:44,False,,bajo,False
2026-09-14 10:13:22,2881,2026-09-12 23:00:37,0,2026-09-12 23:00:37,False,,bajo,False
2026-09-14 10:13:22,2903,2026-09-11 11:17:30,0,2026-09-11 11:17:30,False,,bajo,True
2026-09-14 10:13:22,2939,2026-09-14 10:12:20,0,2026-09-14 10:12:20,False,,bajo,True
2026-09-14 10:13:22,2940,2026-09-14 10:08:03,0,2026-09-14 10:08:03,False,,bajo,True
2026-09-14 10:13:22,3051,2026-09-12 18:41:52,0,2026-09-12 18:41:52,False,,bajo,False
2026-09-14 10:13:22,3078,2026-09-14 10:05:08,0,2026-09-14 10:05:08,False,,bajo,True
2026-09-14 10:13:22,3114,2026-09-13 20:00:21,0,2026-09-13 20:00:21,False,,bajo,False
2026-09-14 10:13:22,3118,2026-09-13 19:35:14,0,2026-09-13 19:35:14,False,,bajo,False
2026-09-14 10:13:22,3119,2026-09-13 13:55:42,0,2026-09-13 13:55:42,False,,bajo,False
2026-09-14 10:13:22,3164,2026-09-14 10:12:09,0,2026-09-14 10:12:09,True,2026-09-14 08:22:09,bajo,True
2026-09-14 10:13:22,3249,2026-09-13 12:41:49,0,2026-09-13 12:41:49,False,,bajo,True
2026-09-14 10:13:22,2456,2026-09-12 19:48:28,1,2026-09-12 19:48:28,False,,alto,False
2026-09-14 10:13:22,2458,2026-09-14 10:09:35,1,2026-09-14 10:09:35,True,2026-09-14 08:55:36,bajo,False
2026-09-14 10:13:22,2491,2026-09-12 12:04:13,1,2026-09-12 12:04:13,False,,bajo,False
2026-09-14 10:13:22,2494,2026-09-14 10:07:45,1,2026-09-14 10:07:45,True,2026-09-14 08:50:43,alto,False
2026-09-14 10:13:22,2501,2026-09-14 10:05:57,1,2026-09-14 10:05:57,False,,bajo,False
2026-09-14 10:13:22,2531,2026-09-12 14:20:55,1,2026-09-12 14:20:55,False,,alto,False
2026-09-14 10:13:22,2545,2026-09-14 09:26:50,1,2026-09-14 09:26:50,False,,bajo,True
2026-09-14 10:13:22,2551,2026-09-13 10:45:02,1,2026-09-13 10:45:02,False,,bajo,False
2026-09-14 10:13:22,2639,2026-09-12 16:06:58,1,2026-09-12 16:06:58,False,,bajo,False
2026-09-14 10:13:22,2670,2026-09-14 10:10:30,1,2026-09-14 10:10:30,False,,bajo,False
2026-09-14 10:13:22,2675,2026-09-12 15:29:37,1,2026-09-12 15:29:37,False,,bajo,False
2026-09-14 10:13:22,2704,2026-09-14 10:06:19,1,2026-09-14 10:06:19,False,,bajo,False
2026-09-14 10:13:22,2705,2026-09-12 19:11:47,1,2026-09-12 19:11:47,False,,bajo,False
2026-09-14 10:13:22,2728,2026-09-14 10:10:29,1,2026-09-14 10:10:29,False,,bajo,False
2026-09-14 10:13:22,2731,2026-09-14 09:35:26,1,2026-09-14 09:35:26,False,,bajo,False
2026-09-14 10:13:22,2869,2026-09-13 16:02:16,1,2026-09-13 16:02:16,False,,bajo,False
2026-09-14 10:13:22,2881,2026-09-13 06:09:03,1,2026-09-13 06:09:03,False,,bajo,False
2026-09-14 10:13:22,2903,2026-09-14 08:33:47,1,2026-09-14 08:33:47,False,,bajo,False
2026-09-14 10:13:22,2939,2026-09-14 10:02:04,1,2026-09-14 10:02:04,False,,bajo,False
2026-09-14 10:13:22,2940,2026-09-14 09:56:13,1,2026-09-14 09:56:13,False,,bajo,True
2026-09-14 10:13:22,3051,2026-09-14 09:50:59,1,2026-09-14 09:50:59,False,,bajo,False
2026-09-14 10:13:22,3078,2026-09-14 09:41:49,1,2026-09-14 09:41:49,False,,bajo,False
2026-09-14 10:13:22,3114,2026-09-13 16:50:20,1,2026-09-13 16:50:20,False,,bajo,False
2026-09-14 10:13:22,3118,2026-09-12 07:45:14,1,2026-09-12 07:45:14,False,,bajo,False
2026-09-14 10:13:22,3119,2026-09-13 11:09:44,1,2026-09-13 11:09:44,False,,bajo,False
2026-09-14 10:13:22,3249,2026-09-14 10:10:50,1,2026-09-14 10:10:50,False,,bajo,True
2026-09-14 10:13:22,2289,2026-09-14 10:09:30,0,2026-09-14 10:09:30,False,,bajo,True
2026-09-14 10:13:22,2292,2026-09-14 10:11:28,0,2026-09-14 10:11:28,False,,bajo,True
2026-09-14 10:13:22,2304,2026-06-03 08:24:38,0,2026-06-03 08:24:38,False,,bajo,False
2026-09-14 10:13:22,2329,2026-09-14 10:12:08,0,2026-09-14 10:12:08,False,,bajo,True
2026-09-14 10:13:22,2332,2026-09-14 10:11:56,0,2026-09-14 10:11:56,True,2026-09-14 08:08:00,bajo,False
2026-09-14 10:13:22,2359,2026-09-13 14:46:36,0,2026-09-13 14:46:36,False,,bajo,False
2026-09-14 10:13:22,2360,2026-09-13 18:32:35,0,2026-09-13 18:32:35,False,,bajo,False
2026-09-14 10:13:22,2361,2025-03-13 16:03:26,0,2025-03-13 16:03:26,False,,bajo,False
2026-09-14 10:13:22,2384,2026-09-14 07:03:02,0,2026-09-14 07:03:02,False,,alto,False
2026-09-14 10:13:22,2394,2026-09-14 10:11:37,0,2026-09-14 10:11:37,False,,alto,False
2026-09-14 10:13:22,2395,2026-09-14 10:11:13,0,2026-09-14 10:11:13,True,2026-09-14 07:29:12,bajo,True
2026-09-14 10:13:22,2405,2026-09-14 09:57:19,0,2026-09-14 09:57:19,False,,bajo,True
2026-09-14 10:13:22,2447,2026-09-12 19:22:44,0,2026-09-12 19:22:44,False,,bajo,False
2026-09-14 10:13:22,2448,2026-09-13 16:31:12,0,2026-09-13 16:31:12,False,,bajo,False
2026-09-14 10:13:22,2449,2026-09-14 10:11:22,0,2026-09-14 10:11:22,False,,bajo,True
2026-09-14 10:13:22,2450,2026-09-13 13:18:58,0,2026-09-13 13:18:58,False,,bajo,False
2026-09-14 10:13:22,2453,2026-09-13 11:53:15,0,2026-09-13 11:53:15,False,,bajo,False
2026-09-14 10:13:22,2454,2026-09-14 10:12:47,0,2026-09-14 10:12:47,True,2026-09-14 08:05:51,bajo,True
2026-09-14 10:13:22,2457,2026-09-14 08:55:17,0,2026-09-13 07:19:15,True,2026-09-14 08:55:17,bajo,False
2026-09-14 10:13:22,2470,2026-09-14 10:12:35,0,2026-09-14 10:12:35,False,,bajo,True
2026-09-14 10:13:22,2478,2026-09-14 10:11:37,0,2026-09-14 10:11:37,True,2026-09-14 06:58:46,bajo,True
2026-09-14 10:13:22,2479,2026-09-14 10:12:30,0,2026-09-14 10:12:30,False,,bajo,True
2026-09-14 10:13:22,2487,2026-09-12 17:34:31,0,2026-09-12 17:34:31,False,,bajo,False
2026-09-14 10:13:22,2490,2025-03-13 16:03:27,0,2025-03-13 16:03:27,False,,bajo,False
2026-09-14 10:13:22,2493,2025-03-13 16:03:26,0,2025-03-13 16:03:26,False,,bajo,False
2026-09-14 10:13:22,2499,2026-09-14 10:06:35,0,2026-09-14 10:06:35,False,,bajo,True
2026-09-14 10:13:22,2505,2026-09-13 15:25:03,0,2026-09-13 15:25:03,False,,bajo,False
2026-09-14 10:13:22,2507,2026-09-11 11:39:15,0,2026-09-11 11:39:15,False,,bajo,False
2026-09-14 10:13:22,2508,2026-09-14 10:09:41,0,2026-09-14 10:09:41,False,,bajo,False
2026-09-14 10:13:22,2517,2026-09-13 11:10:20,0,2026-09-13 11:10:20,False,,bajo,False
2026-09-14 10:13:22,2518,2026-09-14 10:10:59,0,2026-09-14 10:10:59,False,,bajo,True
2026-09-14 10:13:22,2520,2026-09-14 10:12:34,0,2026-09-14 10:12:34,True,2026-09-14 06:59:13,bajo,True
2026-09-14 10:13:22,2525,2026-09-14 10:10:47,0,2026-09-14 10:10:47,False,,alto,False
2026-09-14 10:13:22,2526,2026-09-14 10:10:15,0,2026-09-14 10:10:15,False,,bajo,True
2026-09-14 10:13:22,2529,2026-09-14 09:08:22,0,2026-09-13 19:10:06,True,2026-09-14 09:08:22,bajo,False
2026-09-14 10:13:22,2530,2026-06-02 08:37:08,0,2026-06-02 08:37:08,False,,bajo,False
2026-09-14 10:13:22,2532,2026-09-13 13:44:04,0,2026-09-13 13:44:04,False,,bajo,True
2026-09-14 10:13:22,2534,2026-09-14 10:12:38,0,2026-09-14 10:12:38,False,,bajo,True
2026-09-14 10:13:22,2536,2026-09-14 10:09:35,0,2026-09-14 10:09:35,False,,bajo,True
2026-09-14 10:13:22,2539,2025-03-13 16:03:27,0,2025-03-13 16:03:27,False,,bajo,False
2026-09-14 10:13:22,2542,2026-09-14 10:10:05,0,2026-09-14 10:10:05,False,,bajo,False
2026-09-14 10:13:22,2547,2026-09-14 10:04:30,0,2026-09-14 10:04:30,True,2026-09-14 07:34:39,bajo,False
2026-09-14 10:13:22,2548,2026-09-14 09:51:18,0,2026-09-14 09:51:18,True,2026-09-14 08:03:29,bajo,True
2026-09-14 10:13:22,2552,2026-09-13 15:22:30,0,2026-09-13 15:22:30,False,,bajo,False
2026-09-14 10:13:22,2557,2026-09-14 09:52:07,0,2026-09-14 09:52:07,False,,bajo,True
2026-09-14 10:13:22,2563,2026-09-14 10:10:47,0,2026-09-14 10:10:47,False,,bajo,False
2026-09-14 10:13:22,2571,2026-09-14 09:56:06,0,2026-09-14 09:56:06,False,,bajo,False
2026-09-14 10:13:22,2580,2026-09-13 13:44:43,0,2026-09-13 13:44:43,False,,bajo,False
2026-09-14 10:13:22,2609,2026-09-14 10:07:38,0,2026-09-14 10:07:38,False,,bajo,True
2026-09-14 10:13:22,2610,2026-09-13 06:54:43,0,2026-09-13 06:54:43,False,,bajo,False
2026-09-14 10:13:22,2620,2026-09-13 09:38:20,0,2026-09-13 09:38:20,False,,bajo,True
2026-09-14 10:13:22,2622,2026-09-13 15:56:33,0,2026-09-13 15:56:33,False,,bajo,False
2026-09-14 10:13:22,2630,2026-09-14 10:04:01,0,2026-09-14 10:04:01,False,,bajo,False
2026-09-14 10:13:22,2647,2026-09-14 10:11:42,0,2026-09-14 10:11:42,False,,bajo,True
2026-09-14 10:13:22,2662,2026-09-13 13:29:44,0,2026-09-13 13:29:44,False,,bajo,False
2026-09-14 10:13:22,2677,2026-09-14 10:10:03,0,2026-09-14 10:10:03,False,,bajo,False
2026-09-14 10:13:22,2683,2026-09-14 08:40:29,0,2026-09-14 07:10:09,True,2026-09-14 08:40:29,bajo,False
2026-09-14 10:13:22,2685,2026-09-13 20:31:23,0,2026-09-13 20:31:23,False,,bajo,False
2026-09-14 10:13:22,2689,2026-09-14 09:42:41,0,2026-09-13 05:55:07,True,2026-09-14 09:42:41,bajo,False
2026-09-14 10:13:22,2690,2026-09-14 09:20:24,0,2026-09-12 22:56:33,True,2026-09-14 09:20:24,bajo,False
2026-09-14 10:13:22,2694,2025-03-13 16:03:26,0,2025-03-13 16:03:26,False,,bajo,False
2026-09-14 10:13:22,2696,2026-09-13 22:41:37,0,2026-09-13 22:41:37,False,,bajo,False
2026-09-14 10:13:22,2698,2026-09-13 10:03:07,0,2026-09-13 10:03:07,False,,alto,True
2026-09-14 10:13:22,2703,2026-09-14 10:11:38,0,2026-09-14 10:11:38,False,,bajo,True
2026-09-14 10:13:22,2711,2026-09-13 12:10:43,0,2026-09-13 12:10:43,False,,alto,False
2026-09-14 10:13:22,2715,2026-09-14 10:09:59,0,2026-09-14 10:09:59,False,,medio,False
2026-09-14 10:13:22,2716,2026-09-13 20:52:32,0,2026-09-13 20:52:32,False,,bajo,False
2026-09-14 10:13:22,2733,2025-03-13 16:03:27,0,2025-03-13 16:03:27,False,,bajo,False
2026-09-14 10:13:22,2742,2026-09-10 07:51:41,0,2026-09-10 07:51:41,False,,bajo,False
2026-09-14 10:13:22,2747,2026-09-14 10:12:22,0,2026-09-14 10:12:22,True,2026-09-14 07:26:35,bajo,False
2026-09-14 10:13:22,2752,2025-03-13 16:03:27,0,2025-03-13 16:03:27,False,,bajo,False
2026-09-14 10:13:22,2764,2026-09-13 20:11:35,0,2026-09-13 20:11:35,False,,bajo,False
2026-09-14 10:13:22,2765,2026-09-14 10:09:56,0,2026-09-14 10:09:56,False,,bajo,True
2026-09-14 10:13:22,2772,2026-06-03 04:57:09,0,2026-06-03 04:57:09,False,,bajo,False
2026-09-14 10:13:22,2774,2026-09-14 10:12:23,0,2026-09-14 10:12:23,False,,bajo,True
2026-09-14 10:13:22,2776,2026-09-14 10:11:49,0,2026-09-14 10:11:49,False,,bajo,True
2026-09-14 10:13:22,2779,2026-09-13 15:14:41,0,2026-09-13 15:14:41,False,,bajo,True
2026-09-14 10:13:22,2783,2026-09-13 11:15:32,0,2026-09-13 11:15:32,False,,bajo,False
2026-09-14 10:13:22,2784,2026-09-13 21:01:42,0,2026-09-13 21:01:42,False,,bajo,False
2026-09-14 10:13:22,2788,2026-09-14 10:12:13,0,2026-09-14 10:12:13,False,,bajo,False
2026-09-14 10:13:22,2793,2026-09-13 20:41:29,0,2026-09-13 20:41:29,False,,bajo,True
2026-09-14 10:13:22,2798,2026-09-12 23:19:35,0,2026-09-12 23:19:35,False,,bajo,False
2026-09-14 10:13:22,2802,2026-06-03 00:08:20,0,2026-06-03 00:08:20,False,,bajo,False
2026-09-14 10:13:22,2805,2026-09-14 10:11:40,0,2026-09-14 10:11:40,False,,bajo,True
2026-09-14 10:13:22,2806,2026-09-14 10:06:31,0,2026-09-14 10:06:31,False,,bajo,True
2026-09-14 10:13:22,2809,2026-09-14 10:12:42,0,2026-09-14 10:12:42,False,,bajo,True
2026-09-14 10:13:22,2811,2026-09-07 13:16:30,0,2026-09-07 13:16:30,False,,bajo,False
2026-09-14 10:13:22,2861,2026-09-14 10:11:39,0,2026-09-14 10:11:39,False,,bajo,True
2026-09-14 10:13:22,2870,2026-09-14 10:12:28,0,2026-09-14 10:12:28,False,,bajo,False
2026-09-14 10:13:22,2873,2026-09-14 10:06:05,0,2026-09-14 10:06:05,False,,bajo,False
2026-09-14 10:13:22,2899,2026-09-12 18:06:24,0,2026-09-12 18:06:24,False,,bajo,True
2026-09-14 10:13:22,2900,2025-03-13 16:18:25,0,2025-03-13 16:18:25,False,,bajo,False
2026-09-14 10:13:22,2912,2026-09-14 10:12:13,0,2026-09-14 10:12:13,False,,bajo,True
2026-09-14 10:13:22,2913,2026-09-11 21:13:15,0,2026-09-11 21:13:15,False,,bajo,False
2026-09-14 10:13:22,2928,2026-09-14 09:21:13,0,2026-09-14 09:21:13,False,,alto,True
2026-09-14 10:13:22,2934,2026-09-13 10:15:28,0,2026-09-13 10:15:28,False,,bajo,False
2026-09-14 10:13:22,2943,2026-09-14 10:06:41,0,2026-09-14 10:06:41,False,,bajo,True
2026-09-14 10:13:22,2945,2026-09-11 16:38:25,0,2026-09-11 16:38:25,False,,bajo,False
2026-09-14 10:13:22,2947,2026-09-14 10:11:40,0,2026-09-14 10:11:40,False,,bajo,True
2026-09-14 10:13:22,2956,2026-09-13 18:48:57,0,2026-09-13 18:48:57,False,,bajo,False
2026-09-14 10:13:22,2958,2026-09-14 09:19:35,0,2026-09-14 09:19:35,False,,alto,True
2026-09-14 10:13:22,2968,2026-09-14 10:12:44,0,2026-09-14 10:12:44,False,,bajo,True
2026-09-14 10:13:22,3040,2026-09-14 10:11:45,0,2026-09-14 10:11:45,False,,bajo,True
2026-09-14 10:13:22,3052,2026-09-13 14:32:16,0,2026-09-13 14:32:16,False,,bajo,False
2026-09-14 10:13:22,3053,2026-09-13 10:57:12,0,2026-09-13 10:57:12,False,,bajo,True
2026-09-14 10:13:22,3069,2026-09-13 09:07:18,0,2026-09-13 09:07:18,False,,bajo,True
2026-09-14 10:13:22,3083,2026-09-13 20:26:03,0,2026-09-13 20:26:03,False,,bajo,False
2026-09-14 10:13:22,3092,2026-09-14 10:05:49,0,2026-09-14 10:05:49,True,2026-09-14 06:51:37,bajo,False
2026-09-14 10:13:22,3123,2026-09-12 19:50:39,0,2026-09-12 19:50:39,False,,bajo,False
2026-09-14 10:13:22,3126,2026-09-13 18:40:10,0,2026-09-13 18:40:10,False,,bajo,False
2026-09-14 10:13:22,3166,2026-09-13 20:44:20,0,2026-09-13 20:44:20,False,,bajo,True
2026-09-14 10:13:22,3182,2026-09-14 10:09:01,0,2026-09-14 10:09:01,False,,bajo,False
2026-09-14 10:13:22,3196,2026-09-14 08:57:51,0,2026-09-13 17:49:00,True,2026-09-14 08:57:51,bajo,True
2026-09-14 10:13:22,3200,2026-09-13 14:32:36,0,2026-09-13 14:32:36,False,,bajo,False
2026-09-14 10:13:22,3206,2026-09-12 14:30:42,0,2026-09-12 14:30:42,False,,bajo,False
2026-09-14 10:13:22,3218,2026-09-14 07:52:59,0,2026-09-14 07:52:59,False,,bajo,False
2026-09-14 10:13:22,3220,2026-09-13 16:28:49,0,2026-09-13 16:28:49,False,,bajo,False
2026-09-14 10:13:22,3221,2026-09-14 10:11:44,0,2026-09-14 10:11:44,False,,alto,True
2026-09-14 10:13:22,3238,2026-09-13 14:10:17,0,2026-09-13 14:10:17,False,,bajo,True
2026-09-14 10:13:22,3241,2026-09-11 09:56:52,0,2026-09-11 09:56:52,False,,bajo,True
2026-09-14 10:13:22,3246,2026-09-12 22:15:02,0,2026-09-12 22:15:02,False,,bajo,True
2026-09-14 10:13:22,3252,2026-09-14 10:12:31,0,2026-09-14 10:12:31,False,,bajo,False
2026-09-14 10:13:22,3261,2026-09-14 09:23:48,0,2026-09-13 09:55:34,True,2026-09-14 09:23:48,bajo,False
2026-09-14 10:13:22,4016,2026-09-14 10:12:26,0,2026-09-14 10:12:26,False,,bajo,True
2026-09-14 10:13:22,4027,2026-09-12 18:42:16,0,2026-09-12 18:42:16,False,,bajo,False
2026-09-14 10:13:22,2304,2026-09-12 22:00:54,1,2026-09-12 22:00:54,False,,bajo,False
2026-09-14 10:13:22,2332,2026-09-12 18:37:17,1,2026-09-12 18:37:17,False,,bajo,False
2026-09-14 10:13:22,2359,2026-09-12 22:03:33,1,2026-09-12 22:03:33,False,,bajo,False
2026-09-14 10:13:22,2361,2025-03-13 16:03:26,1,2025-03-13 16:03:26,False,,bajo,False
2026-09-14 10:13:22,2384,2026-09-12 05:48:44,1,2026-09-12 05:48:44,False,,bajo,False
2026-09-14 10:13:22,2394,2026-09-12 20:30:30,1,2026-09-12 20:30:30,False,,alto,False
2026-09-14 10:13:22,2395,2026-09-14 08:54:16,1,2026-09-14 08:54:16,False,,bajo,True
2026-09-14 10:13:22,2405,2026-09-14 09:38:47,1,2026-09-14 09:38:47,False,,bajo,False
2026-09-14 10:13:22,2447,2026-09-11 18:05:13,1,2026-09-11 18:05:13,False,,bajo,True
2026-09-14 10:13:22,2448,2026-09-13 10:10:25,1,2026-09-13 10:10:25,False,,bajo,False
2026-09-14 10:13:22,2449,2026-09-14 10:11:02,1,2026-09-14 10:11:02,False,,bajo,False
2026-09-14 10:13:22,2450,2026-09-12 11:10:57,1,2026-09-12 11:10:57,False,,bajo,False
2026-09-14 10:13:22,2453,2026-09-13 12:43:20,1,2026-09-13 12:43:20,False,,bajo,False
2026-09-14 10:13:22,2454,2026-09-13 06:02:58,1,2026-09-13 06:02:58,False,,bajo,False
2026-09-14 10:13:22,2457,2026-09-13 13:05:45,1,2026-09-13 13:05:45,False,,bajo,False
2026-09-14 10:13:22,2478,2026-09-13 19:18:35,1,2026-09-13 19:18:35,False,,bajo,True
2026-09-14 10:13:22,2487,2026-09-12 10:14:16,1,2026-09-12 10:14:16,False,,bajo,False
2026-09-14 10:13:22,2490,2025-03-13 16:03:27,1,2025-03-13 16:03:27,False,,bajo,False
2026-09-14 10:13:22,2493,2025-03-13 16:03:26,1,2025-03-13 16:03:26,False,,bajo,False
2026-09-14 10:13:22,2499,2026-06-03 06:29:57,1,2026-06-03 06:29:57,False,,bajo,False
2026-09-14 10:13:22,2505,2026-09-11 19:20:36,1,2026-09-11 19:20:36,False,,bajo,False
2026-09-14 10:13:22,2507,2026-09-10 14:03:19,1,2026-09-10 14:03:19,False,,bajo,False
2026-09-14 10:13:22,2508,2026-09-13 17:20:00,1,2026-09-13 17:20:00,False,,bajo,False
2026-09-14 10:13:22,2517,2026-09-12 14:52:58,1,2026-09-12 14:52:58,False,,bajo,False
2026-09-14 10:13:22,2518,2026-09-14 07:00:11,1,2026-09-14 07:00:11,False,,bajo,False
2026-09-14 10:13:22,2520,2026-09-13 19:20:55,1,2026-09-13 19:20:55,False,,bajo,True
2026-09-14 10:13:22,2525,2026-09-12 20:08:24,1,2026-09-12 20:08:24,False,,bajo,False
2026-09-14 10:13:22,2526,2026-09-11 08:43:35,1,2026-09-11 08:43:35,False,,bajo,False
2026-09-14 10:13:22,2529,2026-09-13 11:09:43,1,2026-09-13 11:09:43,False,,bajo,False
2026-09-14 10:13:22,2530,2026-09-13 00:07:19,1,2026-09-13 00:07:19,False,,bajo,False
2026-09-14 10:13:22,2534,2026-09-14 07:59:52,1,2026-09-14 07:59:52,False,,bajo,False
2026-09-14 10:13:22,2536,2026-09-11 00:12:23,1,2026-09-11 00:12:23,False,,bajo,False
2026-09-14 10:13:22,2539,2025-03-13 16:03:27,1,2025-03-13 16:03:27,False,,bajo,False
2026-09-14 10:13:22,2547,2026-09-13 03:50:05,1,2026-09-13 03:50:05,False,,bajo,False
2026-09-14 10:13:22,2548,2026-09-14 09:07:24,1,2026-09-14 09:07:24,False,,bajo,False
2026-09-14 10:13:22,2552,2026-09-13 08:33:30,1,2026-09-13 08:33:30,False,,bajo,False
2026-09-14 10:13:22,2557,2026-09-14 09:05:53,1,2026-09-14 09:05:53,False,,bajo,False
2026-09-14 10:13:22,2563,2026-09-12 17:15:29,1,2026-09-12 17:15:29,False,,bajo,False
2026-09-14 10:13:22,2571,2026-09-12 08:46:43,1,2026-09-12 08:46:43,False,,alto,False
2026-09-14 10:13:22,2580,2026-09-14 08:49:24,1,2026-09-14 08:49:24,False,,bajo,False
2026-09-14 10:13:22,2609,2026-09-11 06:51:47,1,2026-09-11 06:51:47,False,,bajo,True
2026-09-14 10:13:22,2610,2026-09-12 07:24:00,1,2026-09-12 07:24:00,False,,bajo,False
2026-09-14 10:13:22,2620,2026-09-13 11:51:37,1,2026-09-13 11:51:37,False,,bajo,False
2026-09-14 10:13:22,2622,2026-09-12 19:56:34,1,2026-09-12 19:56:34,False,,bajo,False
2026-09-14 10:13:22,2630,2026-09-14 09:03:22,1,2026-09-14 09:03:22,False,,bajo,False
2026-09-14 10:13:22,2647,2026-09-14 10:12:39,1,2026-09-14 10:12:39,False,,bajo,True
2026-09-14 10:13:22,2662,2026-09-12 13:44:37,1,2026-09-12 13:44:37,False,,bajo,False
2026-09-14 10:13:22,2677,2026-09-12 14:45:57,1,2026-09-12 14:45:57,False,,bajo,True
2026-09-14 10:13:22,2683,2026-09-13 12:56:49,1,2026-09-13 12:56:49,False,,bajo,True
2026-09-14 10:13:22,2685,2026-09-14 10:11:45,1,2026-09-14 10:11:45,False,,bajo,True
2026-09-14 10:13:22,2689,2026-09-13 06:21:29,1,2026-09-13 06:21:29,False,,bajo,False
2026-09-14 10:13:22,2690,2026-09-12 21:36:29,1,2026-09-12 21:36:29,False,,bajo,False
2026-09-14 10:13:22,2694,2025-03-13 16:03:26,1,2025-03-13 16:03:26,False,,bajo,False
2026-09-14 10:13:22,2698,2026-09-13 07:01:05,1,2026-09-13 07:01:05,False,,alto,False
2026-09-14 10:13:22,2703,2026-09-13 12:13:51,1,2026-09-13 12:13:51,False,,bajo,False
2026-09-14 10:13:22,2711,2026-09-13 09:48:26,1,2026-09-13 09:48:26,False,,bajo,False
2026-09-14 10:13:22,2715,2026-09-11 22:17:18,1,2026-09-11 22:17:18,False,,bajo,False
2026-09-14 10:13:22,2716,2026-09-12 09:06:18,1,2026-09-12 09:06:18,False,,bajo,False
2026-09-14 10:13:22,2742,2026-09-11 13:43:43,1,2026-09-11 13:43:43,False,,bajo,False
2026-09-14 10:13:22,2747,2026-09-13 00:10:18,1,2026-09-13 00:10:18,False,,bajo,False
2026-09-14 10:13:22,2764,2026-09-14 09:49:39,1,2026-09-14 09:49:39,False,,bajo,True
2026-09-14 10:13:22,2765,2026-09-13 11:21:56,1,2026-09-13 11:21:56,False,,bajo,False
2026-09-14 10:13:22,2772,2026-09-13 10:35:03,1,2026-09-13 10:35:03,False,,alto,False
2026-09-14 10:13:22,2774,2026-09-13 21:47:53,1,2026-09-13 21:47:53,False,,bajo,True
2026-09-14 10:13:22,2776,2026-09-12 21:57:38,1,2026-09-12 21:57:38,False,,bajo,False
2026-09-14 10:13:22,2779,2026-09-13 13:45:55,1,2026-09-13 13:45:55,False,,bajo,False
2026-09-14 10:13:22,2783,2026-09-12 22:15:32,1,2026-09-12 22:15:32,False,,bajo,False
2026-09-14 10:13:22,2784,2026-09-14 02:32:01,1,2026-09-14 02:32:01,False,,bajo,False
2026-09-14 10:13:22,2788,2026-09-10 18:20:44,1,2026-09-10 18:20:44,False,,bajo,False
2026-09-14 10:13:22,2793,2026-09-14 09:01:14,1,2026-09-14 09:01:14,False,,bajo,False
2026-09-14 10:13:22,2798,2026-09-13 03:30:48,1,2026-09-13 03:30:48,False,,bajo,False
2026-09-14 10:13:22,2802,2026-09-14 10:08:04,1,2026-09-14 10:08:04,False,,alto,False
2026-09-14 10:13:22,2805,2026-09-13 07:11:15,1,2026-09-13 07:11:15,False,,bajo,False
2026-09-14 10:13:22,2806,2026-09-14 09:06:31,1,2026-09-14 09:06:31,False,,bajo,False
2026-09-14 10:13:22,2811,2026-09-07 12:01:53,1,2026-09-07 12:01:53,False,,bajo,False
2026-09-14 10:13:22,2861,2026-06-03 08:53:58,1,2026-06-03 08:53:58,False,,bajo,False
2026-09-14 10:13:22,2870,2026-09-14 09:20:18,1,2026-09-14 09:20:18,False,,bajo,False
2026-09-14 10:13:22,2873,2026-09-10 18:58:26,1,2026-09-10 18:58:26,False,,bajo,False
2026-09-14 10:13:22,2899,2026-09-12 16:23:40,1,2026-09-12 16:23:40,False,,bajo,False
2026-09-14 10:13:22,2900,2025-03-13 16:18:25,1,2025-03-13 16:18:25,False,,bajo,False
2026-09-14 10:13:22,2912,2026-09-13 11:34:32,1,2026-09-13 11:34:32,False,,bajo,False
2026-09-14 10:13:22,2913,2026-09-13 12:14:26,1,2026-09-13 12:14:26,False,,bajo,False
2026-09-14 10:13:22,2928,2026-09-13 09:33:09,1,2026-09-13 09:33:09,False,,alto,False
2026-09-14 10:13:22,2934,2026-09-14 10:05:29,1,2026-09-14 10:05:29,False,,bajo,False
2026-09-14 10:13:22,2943,2026-09-14 10:11:53,1,2026-09-14 10:11:53,False,,bajo,True
2026-09-14 10:13:22,2945,2026-09-14 08:52:01,1,2026-09-14 08:52:01,False,,bajo,False
2026-09-14 10:13:22,2956,2026-09-13 12:14:39,1,2026-09-13 12:14:39,False,,medio,True
2026-09-14 10:13:22,2958,2026-09-14 08:03:16,1,2026-09-14 08:03:16,False,,medio,False
2026-09-14 10:13:22,2968,2026-09-14 09:47:38,1,2026-09-14 09:47:38,True,2026-09-14 06:53:59,bajo,True
2026-09-14 10:13:22,3040,2026-09-11 16:55:10,1,2026-09-11 16:55:10,False,,bajo,False
2026-09-14 10:13:22,3053,2026-09-13 10:26:14,1,2026-09-13 10:26:14,False,,bajo,False
2026-09-14 10:13:22,3069,2026-09-14 10:06:38,1,2026-09-14 10:06:38,False,,bajo,True
2026-09-14 10:13:22,3083,2026-09-14 10:00:04,1,2026-09-14 10:00:04,False,,bajo,True
2026-09-14 10:13:22,3092,2026-09-13 17:14:40,1,2026-09-13 17:14:40,False,,bajo,False
2026-09-14 10:13:22,3123,2026-09-13 13:08:49,1,2026-09-13 13:08:49,False,,bajo,False
2026-09-14 10:13:22,3126,2026-09-14 10:02:38,1,2026-09-14 10:02:38,False,,bajo,False
2026-09-14 10:13:22,3166,2026-06-03 07:30:20,1,2026-06-03 07:30:20,False,,bajo,False
2026-09-14 10:13:22,3182,2026-09-14 09:07:42,1,2026-09-14 09:07:42,False,,bajo,False
2026-09-14 10:13:22,3200,2026-09-13 12:56:35,1,2026-09-13 12:56:35,False,,bajo,False
2026-09-14 10:13:22,3206,2026-09-14 09:57:59,1,2026-09-14 09:57:59,False,,bajo,False
2026-09-14 10:13:22,3218,2026-09-13 14:03:44,1,2026-09-13 14:03:44,False,,bajo,True
2026-09-14 10:13:22,3220,2026-09-14 09:08:08,1,2026-09-14 09:08:08,False,,bajo,False
2026-09-14 10:13:22,3221,2026-09-14 09:42:09,1,2026-09-14 09:42:09,False,,bajo,False
2026-09-14 10:13:22,3241,2026-09-14 10:09:18,1,2026-09-14 10:09:18,False,,bajo,False
2026-09-14 10:13:22,3246,2026-09-13 12:06:56,1,2026-09-13 12:06:56,False,,bajo,False
2026-09-14 10:13:22,3252,2026-09-13 23:16:20,1,2026-09-13 23:16:20,False,,bajo,False
2026-09-14 10:13:22,3261,2026-09-13 09:05:14,1,2026-09-13 09:05:14,False,,bajo,False
2026-09-14 10:13:22,3269,2026-09-14 01:03:38,1,2026-09-14 01:03:38,False,,bajo,False
2026-09-14 10:13:22,4016,2026-09-13 14:48:45,1,2026-09-13 14:48:45,False,,bajo,True
2026-09-14 10:13:22,4027,2026-09-14 06:35:12,1,2026-09-14 06:35:12,False,,bajo,False
2026-09-14 10:13:22,2292,2026-06-03 08:02:35,2,2026-06-03 08:02:35,False,,bajo,False
2026-09-14 10:13:22,2329,2026-06-03 08:44:35,2,2026-06-03 08:44:35,False,,bajo,False
2026-09-14 10:13:22,2454,2026-06-03 07:16:12,2,2026-06-03 07:16:12,False,,bajo,False
2026-09-14 10:13:22,2470,2026-06-03 08:25:54,2,2026-06-03 08:25:54,False,,bajo,False
2026-09-14 10:13:22,2479,2026-06-03 08:24:44,2,2026-06-03 08:24:44,False,,bajo,False
2026-09-14 10:13:22,2499,2026-06-03 06:29:57,2,2026-06-03 06:29:57,False,,bajo,False
2026-09-14 10:13:22,2507,2026-06-03 08:14:57,2,2026-06-03 08:14:57,False,,bajo,False
2026-09-14 10:13:22,2517,2026-06-03 07:30:55,2,2026-06-03 07:30:55,False,,bajo,False
2026-09-14 10:13:22,2532,2026-06-03 07:22:58,2,2026-06-03 07:22:58,False,,bajo,False
2026-09-14 10:13:22,2563,2026-06-03 08:43:14,2,2026-06-03 08:43:14,False,,bajo,False
2026-09-14 10:13:22,2620,2026-06-03 08:51:25,2,2026-06-03 08:51:25,False,,bajo,False
2026-09-14 10:13:22,2947,2026-06-03 07:46:53,2,2026-06-03 07:46:53,False,,bajo,False
2026-09-14 10:13:22,2968,2026-06-03 08:29:04,2,2026-06-03 08:29:04,False,,bajo,False
2026-09-14 10:13:22,3196,2026-06-03 06:38:18,2,2026-06-03 06:38:18,False,,bajo,False
2026-09-14 10:13:22,3206,2026-06-03 08:23:59,2,2026-06-03 08:23:59,False,,bajo,False
2026-09-14 10:13:22,2395,2026-06-03 08:40:16,3,2026-06-03 08:40:16,False,,bajo,False
2026-09-14 10:13:22,2405,2026-06-03 07:27:56,3,2026-06-03 07:27:56,False,,bajo,False
2026-09-14 10:13:22,2517,2026-06-03 07:30:55,3,2026-06-03 07:30:55,False,,bajo,False
2026-09-14 10:13:22,2529,2026-06-03 07:46:28,3,2026-06-03 07:46:28,False,,bajo,False
2026-09-14 10:13:22,2620,2026-06-03 08:51:25,3,2026-06-03 08:51:25,False,,bajo,False
2026-09-14 10:13:22,2630,2026-06-03 08:21:10,3,2026-06-03 08:21:10,False,,bajo,False
2026-09-14 10:13:22,2703,2026-06-03 07:20:39,3,2026-06-03 07:20:39,False,,bajo,False
2026-09-14 10:13:22,3053,2026-06-03 07:52:09,3,2026-06-03 07:52:09,False,,bajo,False
2026-09-14 10:13:22,3252,2026-06-03 06:40:45,3,2026-06-03 06:40:45,False,,bajo,False
2026-09-14 10:13:22,2228,2026-09-13 12:50:10,0,2026-09-13 12:50:10,False,,alto,False
2026-09-14 10:13:22,2291,2026-09-13 11:34:43,0,2026-09-13 11:34:43,False,,bajo,False
2026-09-14 10:13:22,2295,2026-09-14 10:00:50,0,2026-09-14 10:00:50,False,,bajo,True
2026-09-14 10:13:22,2297,2026-09-13 11:17:00,0,2026-09-13 11:17:00,False,,bajo,False
2026-09-14 10:13:22,2305,2026-09-13 16:06:49,0,2026-09-13 16:06:49,False,,alto,False
2026-09-14 10:13:22,2306,2026-09-13 12:07:09,0,2026-09-13 12:07:09,False,,alto,True
2026-09-14 10:13:22,2307,2026-09-13 05:35:04,0,2026-09-13 05:35:04,False,,bajo,False
2026-09-14 10:13:22,2308,2026-09-13 09:24:45,0,2026-09-13 09:24:45,False,,bajo,False
2026-09-14 10:13:22,2408,2026-09-12 19:58:26,0,2026-09-12 19:58:26,False,,medio,False
2026-09-14 10:13:22,2409,2025-05-07 18:03:24,0,2025-05-07 18:03:24,False,,bajo,False
2026-09-14 10:13:22,2416,2026-09-13 14:58:53,0,2026-09-13 14:58:53,False,,bajo,False
2026-09-14 10:13:22,2417,2026-09-13 08:14:46,0,2026-09-13 08:14:46,False,,medio,True
2026-09-14 10:13:22,2455,2026-09-14 07:38:32,0,2026-09-14 07:38:32,False,,bajo,False
2026-09-14 10:13:22,2462,2026-09-13 01:23:33,0,2026-09-13 01:23:33,False,,bajo,False
2026-09-14 10:13:22,2486,2026-09-13 10:06:06,0,2026-09-13 10:06:06,False,,bajo,True
2026-09-14 10:13:22,2489,2026-09-12 23:14:42,0,2026-09-12 23:14:42,False,,bajo,True
2026-09-14 10:13:22,2522,2026-09-13 17:56:57,0,2026-09-13 17:56:57,False,,bajo,False
2026-09-14 10:13:22,2523,2026-09-13 17:35:12,0,2026-09-13 17:35:12,False,,bajo,True
2026-09-14 10:13:22,2543,2026-09-12 18:47:59,0,2026-09-12 18:47:59,False,,alto,False
2026-09-14 10:13:22,2555,2026-09-12 20:09:06,0,2026-09-12 20:09:06,False,,bajo,False
2026-09-14 10:13:22,2556,2026-09-13 08:20:24,0,2026-09-13 08:20:24,False,,bajo,True
2026-09-14 10:13:22,2578,2026-09-12 15:23:17,0,2026-09-12 15:23:17,False,,alto,False
2026-09-14 10:13:22,2584,2026-09-14 07:25:50,0,2026-09-14 07:25:50,False,,bajo,True
2026-09-14 10:13:22,2597,2026-09-13 02:13:34,0,2026-09-13 02:13:34,False,,medio,False
2026-09-14 10:13:22,2598,2026-09-12 22:13:54,0,2026-09-12 22:13:54,False,,bajo,True
2026-09-14 10:13:22,2600,2026-09-13 11:34:01,0,2026-09-13 11:34:01,False,,bajo,True
2026-09-14 10:13:22,2612,2026-09-13 08:14:20,0,2026-09-13 08:14:20,False,,bajo,False
2026-09-14 10:13:22,2615,2026-09-12 22:19:19,0,2026-09-12 22:19:19,False,,alto,True
2026-09-14 10:13:22,2633,2026-09-12 22:23:52,0,2026-09-12 22:23:52,False,,alto,True
2026-09-14 10:13:22,2640,2026-09-12 22:56:15,0,2026-09-12 22:56:15,False,,medio,False
2026-09-14 10:13:22,2643,2026-09-13 04:42:50,0,2026-09-13 04:42:50,False,,bajo,False
2026-09-14 10:13:22,2648,2026-09-13 04:00:20,0,2026-09-13 04:00:20,False,,alto,True
2026-09-14 10:13:22,2651,2025-03-13 16:03:26,0,2025-03-13 16:03:26,False,,bajo,False
2026-09-14 10:13:22,2652,2026-09-13 07:45:00,0,2026-09-13 07:45:00,False,,bajo,False
2026-09-14 10:13:22,2656,2026-09-13 01:49:04,0,2026-09-13 01:49:04,False,,bajo,False
2026-09-14 10:13:22,2657,2026-09-12 21:25:44,0,2026-09-12 21:25:44,False,,alto,False
2026-09-14 10:13:22,2658,2025-03-13 16:03:26,0,2025-03-13 16:03:26,False,,bajo,False
2026-09-14 10:13:22,2663,2026-09-13 09:25:01,0,2026-09-13 09:25:01,False,,bajo,False
2026-09-14 10:13:22,2679,2026-09-13 14:16:50,0,2026-09-13 14:16:50,False,,alto,False
2026-09-14 10:13:22,2697,2026-09-12 19:27:31,0,2026-09-12 19:27:31,False,,bajo,False
2026-09-14 10:13:22,2709,2026-09-12 21:29:25,0,2026-09-12 21:29:25,False,,bajo,False
2026-09-14 10:13:22,2729,2026-09-13 08:09:10,0,2026-09-13 08:09:10,False,,medio,False
2026-09-14 10:13:22,2740,2026-09-13 12:15:38,0,2026-09-13 12:15:38,False,,bajo,False
2026-09-14 10:13:22,2753,2026-09-13 11:13:10,0,2026-09-13 11:13:10,False,,bajo,False
2026-09-14 10:13:22,2763,2026-09-13 07:57:21,0,2026-09-13 07:57:21,False,,medio,False
2026-09-14 10:13:22,2769,2026-09-12 15:39:53,0,2026-09-12 15:39:53,False,,bajo,False
2026-09-14 10:13:22,2782,2026-09-13 22:01:36,0,2026-09-13 22:01:36,False,,bajo,False
2026-09-14 10:13:22,2786,2026-09-13 06:14:05,0,2026-09-13 06:14:05,False,,alto,True
2026-09-14 10:13:22,2789,2026-09-12 06:14:02,0,2026-09-12 06:14:02,False,,bajo,False
2026-09-14 10:13:22,2792,2026-09-12 18:01:04,0,2026-09-12 18:01:04,False,,bajo,True
2026-09-14 10:13:22,2794,2026-09-13 15:30:38,0,2026-09-13 15:30:38,False,,bajo,False
2026-09-14 10:13:22,2800,2026-09-12 21:24:40,0,2026-09-12 21:24:40,False,,medio,False
2026-09-14 10:13:22,2825,2026-09-12 11:31:40,0,2026-09-12 11:31:40,False,,bajo,False
2026-09-14 10:13:22,2829,2026-09-14 10:11:05,0,2026-09-14 10:11:05,False,,medio,True
2026-09-14 10:13:22,2853,2026-09-13 11:59:26,0,2026-09-13 11:59:26,False,,bajo,False
2026-09-14 10:13:22,2856,2026-09-12 17:57:03,0,2026-09-12 17:57:03,False,,bajo,False
2026-09-14 10:13:22,2866,2026-09-13 13:51:19,0,2026-09-13 13:51:19,False,,bajo,False
2026-09-14 10:13:22,2867,2026-09-13 13:35:03,0,2026-09-13 13:35:03,False,,bajo,False
2026-09-14 10:13:22,2877,2026-09-13 06:17:20,0,2026-09-13 06:17:20,False,,bajo,False
2026-09-14 10:13:22,2905,2026-09-14 10:12:13,0,2026-09-14 10:12:13,False,,medio,True
2026-09-14 10:13:22,2909,2026-09-13 21:53:02,0,2026-09-13 21:53:02,False,,bajo,True
2026-09-14 10:13:22,2910,2026-09-14 10:12:39,0,2026-09-14 10:12:39,False,,bajo,False
2026-09-14 10:13:22,2916,2026-09-13 07:04:01,0,2026-09-13 07:04:01,False,,alto,False
2026-09-14 10:13:22,2941,2026-09-12 08:17:23,0,2026-09-12 08:17:23,False,,bajo,False
2026-09-14 10:13:22,2942,2026-09-13 20:44:21,0,2026-09-13 20:44:21,False,,bajo,True
2026-09-14 10:13:22,2946,2026-09-13 17:55:22,0,2026-09-13 17:55:22,False,,alto,True
2026-09-14 10:13:22,2950,2026-09-14 10:12:43,0,2026-09-14 10:12:43,False,,bajo,False
2026-09-14 10:13:22,2951,2026-09-14 10:12:36,0,2026-09-14 10:12:36,False,,bajo,False
2026-09-14 10:13:22,2954,2026-09-14 10:12:09,0,2026-09-14 10:12:09,False,,bajo,False
2026-09-14 10:13:22,2959,2026-09-12 14:19:16,0,2026-09-12 14:19:16,False,,bajo,False
2026-09-14 10:13:22,2989,2026-09-14 08:40:56,0,2026-09-14 08:40:56,False,,alto,True
2026-09-14 10:13:22,2991,2026-09-14 10:10:50,0,2026-09-14 10:10:50,False,,bajo,True
2026-09-14 10:13:22,3005,2026-09-13 10:26:37,0,2026-09-13 10:26:37,False,,bajo,True
2026-09-14 10:13:22,3012,2026-09-12 20:47:45,0,2026-09-12 20:47:45,False,,bajo,False
2026-09-14 10:13:22,3023,2026-09-14 10:02:36,0,2026-09-14 10:02:36,False,,bajo,True
2026-09-14 10:13:22,3032,2026-09-13 11:44:41,0,2026-09-13 11:44:41,False,,medio,False
2026-09-14 10:13:22,3043,2026-09-12 23:16:40,0,2026-09-12 23:16:40,False,,bajo,False
2026-09-14 10:13:22,3044,2026-09-13 14:53:04,0,2026-09-13 14:53:04,False,,alto,True
2026-09-14 10:13:22,3050,2026-09-13 18:46:47,0,2026-09-13 18:46:47,False,,alto,False
2026-09-14 10:13:22,3055,2026-09-13 09:42:31,0,2026-09-13 09:42:31,False,,alto,False
2026-09-14 10:13:22,3063,2026-09-13 02:42:04,0,2026-09-13 02:42:04,False,,bajo,False
2026-09-14 10:13:22,3066,2026-09-13 07:13:32,0,2026-09-13 07:13:32,False,,medio,False
2026-09-14 10:13:22,3073,2026-09-14 08:56:22,0,2026-09-14 08:56:22,False,,alto,True
2026-09-14 10:13:22,3077,2026-09-12 17:14:32,0,2026-09-12 17:14:32,False,,alto,False
2026-09-14 10:13:22,3081,2026-09-13 09:42:27,0,2026-09-13 09:42:27,False,,bajo,False
2026-09-14 10:13:22,3090,2026-09-14 10:12:13,0,2026-09-14 10:12:13,False,,bajo,False
2026-09-14 10:13:22,3095,2026-09-13 08:27:30,0,2026-09-13 08:27:30,False,,bajo,True
2026-09-14 10:13:22,3098,2026-09-13 12:28:08,0,2026-09-13 12:28:08,False,,bajo,False
2026-09-14 10:13:22,3102,2026-09-12 17:54:52,0,2026-09-12 17:54:52,False,,medio,False
2026-09-14 10:13:22,3115,2026-09-13 15:52:36,0,2026-09-13 15:52:36,False,,bajo,False
2026-09-14 10:13:22,3116,2025-03-13 16:03:27,0,2025-03-13 16:03:27,False,,bajo,False
2026-09-14 10:13:22,3124,2026-09-13 07:44:39,0,2026-09-13 07:44:39,False,,alto,False
2026-09-14 10:13:22,3133,2026-09-13 15:07:30,0,2026-09-13 15:07:30,False,,bajo,True
2026-09-14 10:13:22,3134,2026-09-13 06:22:31,0,2026-09-13 06:22:31,False,,medio,True
2026-09-14 10:13:22,3135,2026-09-13 07:43:27,0,2026-09-13 07:43:27,False,,medio,False
2026-09-14 10:13:22,3140,2026-09-13 08:35:03,0,2026-09-13 08:35:03,False,,bajo,True
2026-09-14 10:13:22,3149,2026-09-13 08:03:50,0,2026-09-13 08:03:50,False,,alto,False
2026-09-14 10:13:22,3158,2026-09-12 15:37:10,0,2026-09-12 15:37:10,False,,medio,False
2026-09-14 10:13:22,3168,2025-03-13 16:03:26,0,2025-03-13 16:03:26,False,,bajo,False
2026-09-14 10:13:22,3171,2026-09-14 10:11:24,0,2026-09-14 10:11:24,False,,bajo,True
2026-09-14 10:13:22,3192,2026-09-13 00:37:35,0,2026-09-13 00:37:35,False,,bajo,True
2026-09-14 10:13:22,3211,2026-09-13 10:25:45,0,2026-09-13 10:25:45,False,,bajo,False
2026-09-14 10:13:22,3212,2026-09-14 10:10:29,0,2026-09-14 10:10:29,False,,bajo,False
2026-09-14 10:13:22,3213,2026-09-13 16:16:53,0,2026-09-13 16:16:53,False,,bajo,True
2026-09-14 10:13:22,3234,2026-09-14 00:14:44,0,2026-09-14 00:14:44,False,,bajo,False
2026-09-14 10:13:22,3237,2026-09-13 19:15:33,0,2026-09-13 19:15:33,False,,bajo,False
2026-09-14 10:13:22,3251,2026-09-12 16:20:43,0,2026-09-12 16:20:43,False,,bajo,False
2026-09-14 10:13:22,3258,2026-08-03 14:55:48,0,2026-08-03 14:55:48,False,,alto,False
2026-09-14 10:13:22,3267,2026-09-14 10:11:36,0,2026-09-14 10:11:36,False,,bajo,False
2026-09-14 10:13:22,4023,2026-09-12 16:59:23,0,2026-09-12 16:59:23,False,,alto,False
2026-09-14 10:13:22,4026,2026-09-12 18:58:15,0,2026-09-12 18:58:15,False,,bajo,False
2026-09-14 10:13:22,4029,2026-09-12 19:30:50,0,2026-09-12 19:30:50,False,,bajo,True
2026-09-14 10:13:22,2291,2026-09-14 01:04:13,1,2026-09-14 01:04:13,False,,bajo,True
2026-09-14 10:13:22,2297,2026-09-13 20:41:17,1,2026-09-13 20:41:17,False,,bajo,False
2026-09-14 10:13:22,2305,2026-09-12 16:36:09,1,2026-09-12 16:36:09,False,,bajo,False
2026-09-14 10:13:22,2306,2026-09-11 11:51:09,1,2026-09-11 11:51:09,False,,bajo,False
2026-09-14 10:13:22,2307,2026-09-12 14:56:06,1,2026-09-12 14:56:06,False,,alto,False
2026-09-14 10:13:22,2308,2026-09-13 18:01:08,1,2026-09-13 18:01:08,False,,alto,False
2026-09-14 10:13:22,2408,2026-09-13 17:34:40,1,2026-09-13 17:34:40,False,,bajo,False
2026-09-14 10:13:22,2409,2025-08-30 10:05:33,1,2025-08-30 10:05:33,False,,bajo,False
2026-09-14 10:13:22,2416,2026-09-12 18:09:49,1,2026-09-12 18:09:49,False,,alto,False
2026-09-14 10:13:22,2417,2026-09-13 21:11:50,1,2026-09-13 21:11:50,False,,alto,False
2026-09-14 10:13:22,2455,2026-09-14 07:44:30,1,2026-09-14 07:44:30,False,,bajo,False
2026-09-14 10:13:22,2486,2026-09-12 15:40:45,1,2026-09-12 15:40:45,False,,bajo,False
2026-09-14 10:13:22,2489,2025-08-27 05:35:03,1,2025-08-27 05:35:03,False,,bajo,False
2026-09-14 10:13:22,2523,2025-03-13 16:03:26,1,2025-03-13 16:03:26,False,,bajo,False
2026-09-14 10:13:22,2543,2026-09-12 15:01:59,1,2026-09-12 15:01:59,False,,alto,False
2026-09-14 10:13:22,2555,2026-09-12 11:49:51,1,2026-09-12 11:49:51,False,,bajo,False
2026-09-14 10:13:22,2578,2026-09-13 23:54:04,1,2026-09-13 23:54:04,False,,alto,False
2026-09-14 10:13:22,2584,2026-09-13 12:42:41,1,2026-09-13 12:42:41,False,,bajo,False
2026-09-14 10:13:22,2597,2026-09-12 15:50:30,1,2026-09-12 15:50:30,False,,alto,False
2026-09-14 10:13:22,2600,2026-09-14 02:35:44,1,2026-09-14 02:35:44,False,,bajo,False
2026-09-14 10:13:22,2612,2026-09-13 23:17:32,1,2026-09-13 23:17:32,False,,bajo,False
2026-09-14 10:13:22,2640,2026-09-14 06:08:55,1,2026-09-14 06:08:55,False,,alto,False
2026-09-14 10:13:22,2643,2026-09-13 23:30:20,1,2026-09-13 23:30:20,False,,alto,False
2026-09-14 10:13:22,2648,2026-07-03 08:32:22,1,2026-07-03 08:32:22,False,,bajo,False
2026-09-14 10:13:22,2651,2026-09-14 01:22:55,1,2026-09-14 01:22:55,False,,bajo,False
2026-09-14 10:13:22,2656,2026-09-13 19:25:59,1,2026-09-13 19:25:59,False,,bajo,False
2026-09-14 10:13:22,2657,2026-09-13 20:57:09,1,2026-09-13 20:57:09,False,,bajo,False
2026-09-14 10:13:22,2658,2026-09-13 21:28:53,1,2026-09-13 21:28:53,False,,bajo,False
2026-09-14 10:13:22,2663,2026-09-12 15:51:07,1,2026-09-12 15:51:07,False,,bajo,False
2026-09-14 10:13:22,2679,2026-09-13 21:49:56,1,2026-09-13 21:49:56,False,,bajo,False
2026-09-14 10:13:22,2697,2026-09-13 18:08:40,1,2026-09-13 18:08:40,False,,alto,False
2026-09-14 10:13:22,2709,2026-09-13 21:45:36,1,2026-09-13 21:45:36,False,,bajo,False
2026-09-14 10:13:22,2729,2026-09-12 12:45:09,1,2026-09-12 12:45:09,False,,alto,False
2026-09-14 10:13:22,2740,2026-09-14 08:21:00,1,2026-09-14 08:21:00,False,,bajo,False
2026-09-14 10:13:22,2753,2026-09-12 18:16:52,1,2026-09-12 18:16:52,False,,bajo,False
2026-09-14 10:13:22,2763,2026-09-12 10:26:00,1,2026-09-12 10:26:00,False,,bajo,False
2026-09-14 10:13:22,2769,2026-09-13 21:07:57,1,2026-09-13 21:07:57,False,,alto,False
2026-09-14 10:13:22,2782,2026-09-14 07:00:46,1,2026-09-14 07:00:46,False,,alto,False
2026-09-14 10:13:22,2786,2026-09-13 20:45:28,1,2026-09-13 20:45:28,False,,bajo,False
2026-09-14 10:13:22,2789,2026-09-12 09:34:14,1,2026-09-12 09:34:14,False,,bajo,False
2026-09-14 10:13:22,2792,2026-09-12 11:18:20,1,2026-09-12 11:18:20,False,,bajo,True
2026-09-14 10:13:22,2794,2026-09-13 20:57:40,1,2026-09-13 20:57:40,False,,bajo,False
2026-09-14 10:13:22,2800,2026-09-12 14:36:53,1,2026-09-12 14:36:53,False,,alto,False
2026-09-14 10:13:22,2825,2026-09-14 10:01:14,1,2026-09-14 10:01:14,False,,bajo,False
2026-09-14 10:13:22,2829,2026-09-14 10:10:08,1,2026-09-14 10:10:08,False,,alto,False
2026-09-14 10:13:22,2853,2025-03-13 16:03:26,1,2025-03-13 16:03:26,False,,bajo,False
2026-09-14 10:13:22,2856,2026-09-13 21:27:07,1,2026-09-13 21:27:07,False,,bajo,False
2026-09-14 10:13:22,2866,2026-09-14 10:06:29,1,2026-09-14 10:06:29,False,,bajo,False
2026-09-14 10:13:22,2867,2026-09-14 08:00:36,1,2026-09-14 08:00:36,False,,bajo,False
2026-09-14 10:13:22,2877,2026-09-12 13:46:10,1,2026-09-12 13:46:10,False,,alto,False
2026-09-14 10:13:22,2905,2026-09-14 10:09:41,1,2026-09-14 10:09:41,False,,bajo,False
2026-09-14 10:13:22,2909,2026-09-13 18:07:22,1,2026-09-13 18:07:22,False,,bajo,True
2026-09-14 10:13:22,2910,2026-09-14 09:40:07,1,2026-09-14 09:40:07,False,,alto,False
2026-09-14 10:13:22,2916,2026-09-14 04:53:01,1,2026-09-14 04:53:01,False,,alto,False
2026-09-14 10:13:22,2941,2026-09-12 13:33:46,1,2026-09-12 13:33:46,False,,bajo,False
2026-09-14 10:13:22,2942,2026-09-12 17:22:16,1,2026-09-12 17:22:16,False,,bajo,False
2026-09-14 10:13:22,2946,2026-09-13 18:28:03,1,2026-09-13 18:28:03,False,,alto,False
2026-09-14 10:13:22,2950,2026-09-14 08:19:42,1,2026-09-14 08:19:42,False,,bajo,False
2026-09-14 10:13:22,2951,2026-09-14 09:52:30,1,2026-09-14 09:52:30,False,,bajo,False
2026-09-14 10:13:22,2954,2026-09-14 10:11:49,1,2026-09-14 10:11:49,False,,bajo,False
2026-09-14 10:13:22,2959,2026-09-12 10:44:00,1,2026-09-12 10:44:00,False,,bajo,False
2026-09-14 10:13:22,2989,2026-06-03 00:01:32,1,2026-06-03 00:01:32,False,,bajo,False
2026-09-14 10:13:22,2991,2026-06-03 00:11:39,1,2026-06-03 00:11:39,False,,bajo,False
2026-09-14 10:13:22,3005,2026-09-12 16:13:45,1,2026-09-12 16:13:45,False,,medio,False
2026-09-14 10:13:22,3012,2026-09-13 21:12:17,1,2026-09-13 21:12:17,False,,bajo,False
2026-09-14 10:13:22,3023,2026-09-14 10:03:05,1,2026-09-14 10:03:05,False,,bajo,False
2026-09-14 10:13:22,3032,2026-09-13 20:04:21,1,2026-09-13 20:04:21,False,,bajo,False
2026-09-14 10:13:22,3043,2026-09-13 00:04:00,1,2026-09-13 00:04:00,False,,bajo,False
2026-09-14 10:13:22,3050,2025-03-13 16:03:26,1,2025-03-13 16:03:26,False,,bajo,False
2026-09-14 10:13:22,3055,2026-09-12 20:22:07,1,2026-09-12 20:22:07,False,,alto,False
2026-09-14 10:13:22,3063,2026-09-13 20:28:21,1,2026-09-13 20:28:21,False,,medio,False
2026-09-14 10:13:22,3066,2026-09-13 22:06:22,1,2026-09-13 22:06:22,False,,bajo,False
2026-09-14 10:13:22,3073,2026-09-14 07:49:11,1,2026-09-14 07:49:11,False,,medio,False
2026-09-14 10:13:22,3077,2026-09-13 20:36:48,1,2026-09-13 20:36:48,False,,bajo,False
2026-09-14 10:13:22,3081,2026-09-14 08:42:45,1,2026-09-14 08:42:45,False,,bajo,False
2026-09-14 10:13:22,3090,2026-09-14 08:57:48,1,2026-09-14 08:57:48,False,,bajo,False
2026-09-14 10:13:22,3095,2026-09-13 22:01:40,1,2026-09-13 22:01:40,False,,alto,False
2026-09-14 10:13:22,3098,2026-09-12 15:02:36,1,2026-09-12 15:02:36,False,,bajo,False
2026-09-14 10:13:22,3115,2026-09-12 16:34:53,1,2026-09-12 16:34:53,False,,bajo,False
2026-09-14 10:13:22,3124,2026-09-12 12:55:23,1,2026-09-12 12:55:23,False,,bajo,False
2026-09-14 10:13:22,3133,2026-09-13 14:47:30,1,2026-09-13 14:47:30,False,,bajo,False
2026-09-14 10:13:22,3134,2026-09-14 06:30:24,1,2026-09-14 06:30:24,False,,bajo,False
2026-09-14 10:13:22,3135,2026-09-13 21:45:13,1,2026-09-13 21:45:13,False,,bajo,False
2026-09-14 10:13:22,3149,2026-09-14 10:08:54,1,2026-09-14 10:08:54,False,,alto,False
2026-09-14 10:13:22,3158,2026-09-14 07:44:21,1,2026-09-14 07:44:21,False,,bajo,False
2026-09-14 10:13:22,3171,2026-09-13 07:17:45,1,2026-09-13 07:17:45,False,,bajo,False
2026-09-14 10:13:22,3212,2026-09-14 07:41:56,1,2026-09-14 07:41:56,False,,medio,False
2026-09-14 10:13:22,3213,2026-09-12 17:33:02,1,2026-09-12 17:33:02,False,,bajo,False
2026-09-14 10:13:22,3258,2026-09-12 14:48:42,1,2026-09-12 14:48:42,False,,bajo,False
2026-09-14 10:13:22,3267,2026-09-13 21:20:01,1,2026-09-13 21:20:01,False,,bajo,False
2026-09-14 10:13:22,3276,2026-09-14 08:07:03,1,2026-09-14 08:07:03,False,,bajo,False
2026-09-14 10:13:22,4023,2026-09-12 14:46:08,1,2026-09-12 14:46:08,False,,alto,False
2026-09-14 10:13:22,4026,2026-09-12 19:02:15,1,2026-09-12 19:02:15,False,,medio,True
2026-09-14 10:13:22,4029,2026-09-13 17:45:28,1,2026-09-13 17:45:28,False,,bajo,False
2026-09-14 10:13:22,2228,2026-06-03 08:18:35,2,2026-06-03 08:18:35,False,,bajo,False
2026-09-14 10:13:22,2305,2026-06-03 06:05:23,2,2026-06-03 06:05:23,False,,bajo,False
2026-09-14 10:13:22,2455,2026-06-03 08:41:04,2,2026-06-03 08:41:04,False,,bajo,False
2026-09-14 10:13:22,2462,2026-08-13 15:52:51,2,2026-08-13 15:52:51,False,,bajo,False
2026-09-14 10:13:22,2489,2026-06-03 02:55:41,2,2026-06-03 02:55:41,False,,bajo,False
2026-09-14 10:13:22,2556,2026-06-03 08:33:18,2,2026-06-03 08:33:18,False,,bajo,False
2026-09-14 10:13:22,2633,2026-06-03 08:07:23,2,2026-06-03 08:07:23,False,,bajo,False
2026-09-14 10:13:22,2648,2026-06-03 00:17:04,2,2026-06-03 00:17:04,False,,bajo,False
2026-09-14 10:13:22,2657,2026-06-03 06:00:43,2,2026-06-03 06:00:43,False,,bajo,False
2026-09-14 10:13:22,2763,2026-06-03 08:29:55,2,2026-06-03 08:29:55,False,,bajo,False
2026-09-14 10:13:22,2905,2026-06-03 06:33:05,2,2026-06-03 06:33:05,False,,bajo,False
2026-09-14 10:13:22,2950,2026-08-25 15:00:09,2,2026-08-25 15:00:09,False,,alto,False
2026-09-14 10:13:22,3055,2026-06-03 06:12:12,2,2026-06-03 06:12:12,False,,bajo,False
2026-09-14 10:13:22,3063,2026-06-03 08:39:31,2,2026-06-03 08:39:31,False,,bajo,False
2026-09-14 10:13:22,3134,2026-06-03 06:13:07,2,2026-06-03 06:13:07,False,,bajo,False
2026-09-14 10:13:22,3192,2026-06-03 06:29:23,2,2026-06-03 06:29:23,False,,bajo,False
2026-09-14 10:13:22,3194,2026-06-03 08:28:56,2,2026-06-03 08:28:56,False,,bajo,False
2026-09-14 10:13:22,3211,2026-06-03 07:21:15,2,2026-06-03 07:21:15,False,,bajo,False
2026-09-14 10:13:22,3213,2026-07-22 03:30:47,2,2026-07-22 03:30:47,False,,bajo,False
2026-09-14 10:13:22,3237,2026-06-03 08:08:14,2,2026-06-03 08:08:14,False,,bajo,False
2026-09-14 10:13:22,2348,2026-09-14 10:11:03,0,2026-09-14 10:11:03,False,,bajo,True
2026-09-14 10:13:22,2353,2026-09-13 12:03:12,0,2026-09-13 12:03:12,False,,medio,False
2026-09-14 10:13:22,2355,2026-09-14 09:43:08,0,2026-09-13 17:31:03,True,2026-09-14 09:43:08,alto,False
2026-09-14 10:13:22,2356,2026-09-13 22:14:53,0,2026-09-13 22:14:53,False,,bajo,False
2026-09-14 10:13:22,2535,2026-09-13 15:27:21,0,2026-09-13 15:27:21,False,,bajo,False
2026-09-14 10:13:22,2549,2026-09-14 10:12:21,0,2026-09-14 10:12:21,False,,bajo,False
2026-09-14 10:13:22,2564,2026-09-13 06:49:16,0,2026-09-13 06:49:16,False,,bajo,False
2026-09-14 10:13:22,2577,2026-09-14 10:11:36,0,2026-09-14 10:11:36,False,,bajo,True
2026-09-14 10:13:22,2585,2026-09-14 10:12:15,0,2026-09-14 10:12:15,False,,bajo,False
2026-09-14 10:13:22,2589,2026-09-14 09:22:10,0,2026-09-12 11:51:53,True,2026-09-14 09:22:10,bajo,False
2026-09-14 10:13:22,2595,2026-09-14 10:12:48,0,2026-09-14 10:12:48,False,,bajo,False
2026-09-14 10:13:22,2605,2026-09-12 19:36:49,0,2026-09-12 19:36:49,False,,alto,False
2026-09-14 10:13:22,2624,2026-09-14 10:10:41,0,2026-09-14 10:10:41,False,,medio,True
2026-09-14 10:13:22,2636,2026-09-14 10:11:42,0,2026-09-14 10:11:42,False,,bajo,False
2026-09-14 10:13:22,2637,2026-09-14 10:12:20,0,2026-09-14 10:12:20,False,,bajo,False
2026-09-14 10:13:22,2638,2025-03-13 16:03:26,0,2025-03-13 16:03:26,False,,bajo,False
2026-09-14 10:13:22,2641,2026-09-13 11:22:21,0,2026-09-13 11:22:21,False,,bajo,False
2026-09-14 10:13:22,2644,2026-09-14 10:10:58,0,2026-09-14 10:10:58,False,,bajo,False
2026-09-14 10:13:22,2650,2026-04-03 16:21:31,0,2026-04-03 16:21:31,False,,bajo,False
2026-09-14 10:13:22,2672,2026-08-18 03:18:38,0,2026-08-18 03:18:38,False,,bajo,False
2026-09-14 10:13:22,2674,2026-09-13 14:47:08,0,2026-09-13 14:47:08,False,,bajo,False
2026-09-14 10:13:22,2684,2026-09-13 13:38:24,0,2026-09-13 13:38:24,False,,bajo,False
2026-09-14 10:13:22,2692,2026-09-14 10:10:27,0,2026-09-14 10:10:27,False,,bajo,False
2026-09-14 10:13:22,2720,2026-09-14 10:12:06,0,2026-09-14 10:12:06,False,,bajo,False
2026-09-14 10:13:22,2886,2026-09-13 20:47:43,0,2026-09-13 20:47:43,False,,bajo,True
2026-09-14 10:13:22,3000,2026-09-14 08:51:46,0,2026-09-14 08:51:46,False,,bajo,True
2026-09-14 10:13:22,3001,2026-09-13 23:59:59,0,2026-09-13 23:59:59,False,,bajo,True
2026-09-14 10:13:22,3007,2026-09-14 10:10:09,0,2026-09-14 10:10:09,False,,bajo,True
2026-09-14 10:13:22,3015,2026-09-14 10:08:09,0,2026-09-14 10:08:09,False,,bajo,False
2026-09-14 10:13:22,3034,2026-09-13 19:06:24,0,2026-09-13 19:06:24,False,,bajo,False
2026-09-14 10:13:22,3091,2026-09-13 20:26:44,0,2026-09-13 20:26:44,False,,bajo,False
2026-09-14 10:13:22,3125,2026-09-14 10:10:29,0,2026-09-14 10:10:29,False,,bajo,True
2026-09-14 10:13:22,3236,2026-09-14 10:10:17,0,2026-09-14 10:10:17,False,,bajo,False
2026-09-14 10:13:22,3275,2026-09-08 15:55:01,0,2026-09-08 15:55:01,False,,bajo,False
2026-09-14 10:13:22,2348,2026-09-13 18:21:23,1,2026-09-13 18:21:23,False,,bajo,False
2026-09-14 10:13:22,2353,2026-09-14 10:08:26,1,2026-09-14 10:08:26,True,2026-09-14 08:01:50,alto,True
2026-09-14 10:13:22,2355,2026-09-12 20:20:30,1,2026-09-12 20:20:30,False,,medio,True
2026-09-14 10:13:22,2356,2026-09-14 10:09:17,1,2026-09-14 10:09:17,True,2026-09-14 07:33:35,bajo,True
2026-09-14 10:13:22,2535,2026-09-14 10:11:00,1,2026-09-14 10:11:00,True,2026-09-14 07:33:28,bajo,True
2026-09-14 10:13:22,2549,2026-09-14 08:34:08,1,2026-09-14 08:34:08,False,,bajo,False
2026-09-14 10:13:22,2564,2026-09-14 09:00:02,1,2026-09-13 04:54:10,True,2026-09-14 09:00:02,bajo,False
2026-09-14 10:13:22,2577,2026-09-12 15:44:40,1,2026-09-12 15:44:40,False,,bajo,False
2026-09-14 10:13:22,2585,2025-12-11 16:55:33,1,2025-12-11 16:55:33,False,,bajo,False
2026-09-14 10:13:22,2589,2026-09-13 06:52:16,1,2026-09-13 06:52:16,False,,bajo,False
2026-09-14 10:13:22,2595,2026-09-13 12:32:38,1,2026-09-13 12:32:38,False,,medio,False
2026-09-14 10:13:22,2605,2026-09-14 10:06:09,1,2026-09-14 10:06:09,True,2026-09-14 08:26:47,medio,False
2026-09-14 10:13:22,2624,2026-09-14 10:04:15,1,2026-09-14 10:04:15,False,,medio,False
2026-09-14 10:13:22,2636,2026-09-12 14:16:09,1,2026-09-12 14:16:09,False,,bajo,False
2026-09-14 10:13:22,2637,2026-09-14 10:12:19,1,2026-09-14 10:12:19,True,2026-09-14 07:25:54,bajo,True
2026-09-14 10:13:22,2638,2025-03-13 16:03:26,1,2025-03-13 16:03:26,False,,bajo,False
2026-09-14 10:13:22,2641,2026-09-12 13:35:23,1,2026-09-12 13:35:23,False,,bajo,False
2026-09-14 10:13:22,2644,2026-09-14 10:12:57,1,2026-09-14 10:12:57,True,2026-09-14 07:07:53,bajo,True
2026-09-14 10:13:22,2650,2025-12-17 11:02:46,1,2025-12-17 11:02:46,False,,bajo,False
2026-09-14 10:13:22,2672,2026-08-18 10:46:23,1,2026-08-18 10:46:23,False,,bajo,False
2026-09-14 10:13:22,2674,2026-09-14 06:11:10,1,2026-09-14 06:11:10,False,,bajo,False
2026-09-14 10:13:22,2684,2026-09-14 10:11:36,1,2026-09-14 10:11:36,True,2026-09-14 09:42:55,bajo,True
2026-09-14 10:13:22,2692,2026-09-14 10:12:24,1,2026-09-14 10:12:24,True,2026-09-14 09:00:13,alto,True
2026-09-14 10:13:22,2720,2026-09-13 12:23:31,1,2026-09-13 12:23:31,False,,bajo,False
2026-09-14 10:13:22,2886,2026-09-14 10:12:06,1,2026-09-14 10:12:06,True,2026-09-14 06:09:31,bajo,True
2026-09-14 10:13:22,3000,2026-09-14 09:58:33,1,2026-09-14 09:58:33,True,2026-09-14 06:07:59,bajo,True
2026-09-14 10:13:22,3001,2026-01-05 08:26:33,1,2026-01-05 08:26:33,False,,bajo,False
2026-09-14 10:13:22,3007,2026-09-14 10:11:28,1,2026-09-14 10:11:28,True,2026-09-14 08:29:30,bajo,False
2026-09-14 10:13:22,3015,2026-09-13 19:57:43,1,2026-09-13 19:57:43,False,,bajo,False
2026-09-14 10:13:22,3034,2026-09-13 06:05:37,1,2026-09-13 06:05:37,False,,bajo,False
2026-09-14 10:13:22,3091,2026-09-13 10:10:20,1,2026-09-13 10:10:20,False,,bajo,False
2026-09-14 10:13:22,3125,2026-09-12 22:39:56,1,2026-09-12 22:39:56,False,,bajo,False
2026-09-14 10:13:22,3236,2026-09-13 10:40:48,1,2026-09-13 10:40:48,False,,bajo,False
2026-09-14 10:13:22,3275,2026-09-13 03:38:14,1,2026-09-13 03:38:14,False,,bajo,False
2026-09-14 10:13:22,2589,2025-03-13 16:03:26,2,2025-03-13 16:03:26,False,,bajo,False
2026-09-14 10:13:22,2333,2026-06-03 07:34:42,0,2026-06-03 07:34:42,False,,bajo,False
2026-09-14 10:13:22,2338,2026-09-13 08:33:29,0,2026-09-13 08:33:29,False,,medio,False
2026-09-14 10:13:22,2345,2026-09-14 10:11:34,0,2026-09-14 10:11:34,True,2026-09-14 08:42:44,bajo,False
2026-09-14 10:13:22,2346,2026-09-13 07:33:52,0,2026-09-13 07:33:52,False,,bajo,False
2026-09-14 10:13:22,2425,2026-09-12 11:38:28,0,2026-09-12 11:38:28,False,,bajo,False
2026-09-14 10:13:22,2444,2026-09-13 12:12:31,0,2026-09-13 12:12:31,False,,bajo,False
2026-09-14 10:13:22,2481,2026-09-13 04:01:48,0,2026-09-13 04:01:48,False,,bajo,False
2026-09-14 10:13:22,2502,2026-09-12 23:23:41,0,2026-09-12 23:23:41,False,,alto,False
2026-09-14 10:13:22,2514,2026-09-13 01:52:12,0,2026-09-13 01:52:12,False,,medio,False
2026-09-14 10:13:22,2515,2026-09-13 00:58:34,0,2026-09-13 00:58:34,False,,medio,False
2026-09-14 10:13:22,2537,2026-09-12 21:15:34,0,2026-09-12 21:15:34,False,,bajo,False
2026-09-14 10:13:22,2601,2026-09-14 10:08:03,0,2026-09-14 10:08:03,True,2026-09-14 09:19:17,alto,False
2026-09-14 10:13:22,2617,2026-09-13 07:15:06,0,2026-09-13 07:15:06,False,,bajo,False
2026-09-14 10:13:22,2618,2026-09-12 15:43:16,0,2026-09-12 15:43:16,False,,alto,False
2026-09-14 10:13:22,2645,2026-09-14 09:42:52,0,2026-09-13 04:51:16,True,2026-09-14 09:42:52,bajo,False
2026-09-14 10:13:22,2725,2026-09-12 17:50:45,0,2026-09-12 17:50:45,False,,bajo,False
2026-09-14 10:13:22,2727,2026-09-12 16:57:57,0,2026-09-12 16:57:57,False,,bajo,False
2026-09-14 10:13:22,2787,2026-09-14 08:54:12,0,2026-09-14 08:54:12,False,,bajo,True
2026-09-14 10:13:22,2883,2026-09-14 10:10:04,0,2026-09-14 10:10:04,False,,bajo,False
2026-09-14 10:13:22,2885,2026-09-14 10:05:50,0,2026-09-14 10:05:50,False,,bajo,True
2026-09-14 10:13:22,2888,2026-09-13 14:20:23,0,2026-09-13 14:20:23,False,,bajo,False
2026-09-14 10:13:22,2957,2026-09-13 10:36:34,0,2026-09-13 10:36:34,False,,alto,False
2026-09-14 10:13:22,2960,2026-09-12 09:35:23,0,2026-09-12 09:35:23,False,,bajo,False
2026-09-14 10:13:22,3003,2026-09-13 06:05:34,0,2026-09-13 06:05:34,False,,bajo,False
2026-09-14 10:13:22,3004,2026-09-13 23:33:58,0,2026-09-13 23:33:58,False,,bajo,False
2026-09-14 10:13:22,3047,2026-09-13 21:31:32,0,2026-09-13 21:31:32,False,,bajo,False
2026-09-14 10:13:22,3062,2026-09-13 10:34:52,0,2026-09-13 10:34:52,False,,bajo,False
2026-09-14 10:13:22,3071,2026-09-12 20:59:48,0,2026-09-12 20:59:48,False,,bajo,False
2026-09-14 10:13:22,3136,2026-09-14 10:11:56,0,2026-09-14 10:11:56,False,,bajo,False
2026-09-14 10:13:22,3174,2026-09-13 22:43:25,0,2026-09-13 22:43:25,False,,bajo,False
2026-09-14 10:13:22,3175,2026-09-14 10:10:52,0,2026-09-14 10:10:52,True,2026-09-14 08:13:04,bajo,True
2026-09-14 10:13:22,3262,2026-09-13 09:06:45,0,2026-09-13 09:06:45,False,,alto,True
2026-09-14 10:13:22,3277,2026-09-13 07:21:31,0,2026-09-13 07:21:31,False,,bajo,False
2026-09-14 10:13:22,2333,2026-06-03 07:34:43,1,2026-06-03 07:34:43,False,,bajo,False
2026-09-14 10:13:22,2338,2026-09-12 21:01:59,1,2026-09-12 21:01:59,False,,alto,False
2026-09-14 10:13:22,2345,2026-09-12 15:30:43,1,2026-09-12 15:30:43,False,,bajo,False
2026-09-14 10:13:22,2346,2026-09-14 10:07:10,1,2026-09-14 10:07:10,True,2026-09-14 07:58:32,bajo,True
2026-09-14 10:13:22,2425,2026-09-14 10:11:49,1,2026-09-14 10:11:49,False,,bajo,False
2026-09-14 10:13:22,2444,2026-09-14 10:09:41,1,2026-09-14 10:09:41,False,,bajo,False
2026-09-14 10:13:22,2481,2026-09-12 16:43:38,1,2026-09-12 16:43:38,False,,bajo,False
2026-09-14 10:13:22,2502,2026-09-12 22:03:07,1,2026-09-12 22:03:07,False,,alto,False
2026-09-14 10:13:22,2514,2026-09-12 19:07:56,1,2026-09-12 19:07:56,False,,bajo,False
2026-09-14 10:13:22,2515,2026-09-14 10:12:57,1,2026-09-14 10:12:57,True,2026-09-14 08:08:51,bajo,True
2026-09-14 10:13:22,2537,2026-09-12 19:57:01,1,2026-09-12 19:57:01,False,,bajo,False
2026-09-14 10:13:22,2601,2026-09-12 23:02:39,1,2026-09-12 23:02:39,False,,alto,False
2026-09-14 10:13:22,2617,2026-09-13 06:34:25,1,2026-09-13 06:34:25,False,,bajo,False
2026-09-14 10:13:22,2618,2026-09-12 15:12:15,1,2026-09-12 15:12:15,False,,alto,False
2026-09-14 10:13:22,2645,2026-09-12 19:31:19,1,2026-09-12 19:31:19,False,,bajo,False
2026-09-14 10:13:22,2725,2026-09-12 16:15:57,1,2026-09-12 16:15:57,False,,bajo,False
2026-09-14 10:13:22,2727,2026-09-14 10:08:14,1,2026-09-14 10:08:14,False,,bajo,True
2026-09-14 10:13:22,2787,2026-09-12 17:57:09,1,2026-09-12 17:57:09,False,,bajo,False
2026-09-14 10:13:22,2883,2026-09-14 10:11:00,1,2026-09-14 10:11:00,False,,bajo,False
2026-09-14 10:13:22,2885,2026-09-12 20:48:34,1,2026-09-12 20:48:34,False,,bajo,True
2026-09-14 10:13:22,2888,2026-09-14 09:17:52,1,2026-09-13 12:47:50,True,2026-09-14 09:17:52,bajo,False
2026-09-14 10:13:22,2957,2026-09-12 18:12:27,1,2026-09-12 18:12:27,False,,alto,False
2026-09-14 10:13:22,2960,2026-09-11 22:03:55,1,2026-09-11 22:03:55,False,,bajo,False
2026-09-14 10:13:22,3003,2026-09-13 07:38:55,1,2026-09-13 07:38:55,False,,bajo,True
2026-09-14 10:13:22,3004,2026-06-03 08:58:20,1,2026-06-03 08:58:20,False,,bajo,False
2026-09-14 10:13:22,3047,2026-09-13 21:31:14,1,2026-09-13 21:31:14,False,,bajo,False
2026-09-14 10:13:22,3062,2026-09-13 09:21:24,1,2026-09-13 09:21:24,False,,bajo,False
2026-09-14 10:13:22,3071,2026-09-12 21:00:27,1,2026-09-12 21:00:27,False,,bajo,False
2026-09-14 10:13:22,3136,2026-09-12 15:18:17,1,2026-09-12 15:18:17,False,,bajo,False
2026-09-14 10:13:22,3174,2026-09-12 23:44:38,1,2026-09-12 23:44:38,False,,bajo,False
2026-09-14 10:13:22,3175,2026-06-03 07:27:38,1,2026-06-03 07:27:38,False,,bajo,False
2026-09-14 10:13:22,3262,2026-09-12 22:10:16,1,2026-09-12 22:10:16,False,,bajo,True
2026-09-14 10:13:22,3277,2026-09-12 16:07:41,1,2026-09-12 16:07:41,False,,bajo,False
2026-09-14 10:13:22,2537,2025-03-13 16:03:26,2,2025-03-13 16:03:26,False,,bajo,False
2026-09-14 10:13:22,2249,2026-09-14 10:06:21,0,2026-09-14 10:06:21,False,,bajo,True
2026-09-14 10:13:22,2251,2026-09-14 10:11:03,0,2026-09-14 10:11:03,False,,alto,True
2026-09-14 10:13:22,2339,2026-09-14 10:12:10,0,2026-09-14 10:12:10,True,2026-09-14 07:38:16,bajo,True
2026-09-14 10:13:22,2341,2026-09-14 09:54:41,0,2026-09-14 09:54:41,False,,bajo,True
2026-09-14 10:13:22,2350,2026-09-14 10:12:26,0,2026-09-14 10:12:26,False,,bajo,True
2026-09-14 10:13:22,2364,2026-09-14 10:08:11,0,2026-09-14 10:08:11,True,2026-09-14 08:31:44,bajo,True
2026-09-14 10:13:22,2386,2026-09-14 10:10:35,0,2026-09-14 10:10:35,True,2026-09-14 07:41:45,bajo,True
2026-09-14 10:13:22,2388,2026-09-14 08:53:59,0,2026-09-13 11:04:44,True,2026-09-14 08:53:59,bajo,True
2026-09-14 10:13:22,2390,2026-09-14 10:08:04,0,2026-09-14 10:08:04,True,2026-09-14 08:46:40,alto,True
2026-09-14 10:13:22,2472,2026-09-13 14:43:29,0,2026-09-13 14:43:29,False,,bajo,True
2026-09-14 10:13:22,2500,2026-09-14 10:11:10,0,2026-09-14 10:11:10,True,2026-09-14 07:22:54,medio,True
2026-09-14 10:13:22,2528,2026-09-14 10:12:17,0,2026-09-14 10:12:17,False,,medio,True
2026-09-14 10:13:22,2559,2026-09-14 10:11:49,0,2026-09-14 10:11:49,True,2026-09-14 07:22:54,bajo,True
2026-09-14 10:13:22,2603,2026-09-14 10:11:52,0,2026-09-14 10:11:52,False,,bajo,True
2026-09-14 10:13:22,2616,2026-09-14 10:11:19,0,2026-09-14 10:11:19,False,,bajo,True
2026-09-14 10:13:22,2627,2026-09-14 10:08:31,0,2026-09-14 10:08:31,True,2026-09-14 07:36:12,bajo,False
2026-09-14 10:13:22,2642,2026-09-14 10:08:23,0,2026-09-14 10:08:23,True,2026-09-14 07:35:16,bajo,True
2026-09-14 10:13:22,2646,2026-09-12 21:36:05,0,2026-09-12 21:36:05,False,,bajo,False
2026-09-14 10:13:22,2688,2026-09-14 10:12:06,0,2026-09-14 10:12:06,True,2026-09-14 09:12:12,alto,True
2026-09-14 10:13:22,2804,2026-09-14 09:10:04,0,2026-09-14 09:10:04,True,2026-09-14 08:21:28,medio,False
2026-09-14 10:13:22,2857,2026-09-14 10:11:07,0,2026-09-14 10:11:07,True,2026-09-14 07:40:23,medio,True
2026-09-14 10:13:22,2868,2026-09-13 21:06:30,0,2026-09-13 21:06:30,False,,bajo,False
2026-09-14 10:13:22,2911,2026-09-14 10:11:46,0,2026-09-14 10:11:46,False,,bajo,True
2026-09-14 10:13:22,2974,2026-09-14 08:53:00,0,2026-09-14 08:53:00,False,,bajo,True
2026-09-14 10:13:22,2977,2026-09-14 10:11:37,0,2026-09-14 10:11:37,True,2026-09-14 07:01:15,alto,True
2026-09-14 10:13:22,2979,2026-09-14 10:11:41,0,2026-09-14 10:11:41,False,,bajo,True
2026-09-14 10:13:22,2980,2026-09-14 10:12:15,0,2026-09-14 10:12:15,False,,bajo,True
2026-09-14 10:13:22,2981,2026-09-14 10:12:03,0,2026-09-14 10:12:03,False,,bajo,True
2026-09-14 10:13:22,2982,2026-09-14 10:11:53,0,2026-09-14 10:11:53,False,,bajo,True
2026-09-14 10:13:22,3046,2026-09-14 09:11:18,0,2026-09-14 09:11:18,False,,bajo,False
2026-09-14 10:13:22,3257,2026-09-13 21:45:25,0,2026-09-13 21:45:25,False,,bajo,True
2026-09-14 10:13:22,2249,2026-09-14 10:12:25,1,2026-09-14 10:12:25,False,,alto,True
2026-09-14 10:13:22,2251,2026-09-14 10:09:13,1,2026-09-14 10:09:13,False,,alto,True
2026-09-14 10:13:22,2339,2026-09-14 10:11:05,1,2026-09-14 10:11:05,True,2026-09-14 09:11:51,medio,True
2026-09-14 10:13:22,2350,2026-09-14 10:11:04,1,2026-09-14 10:11:04,False,,bajo,True
2026-09-14 10:13:22,2364,2026-09-14 10:07:50,1,2026-09-14 10:07:50,True,2026-09-14 08:31:44,alto,True
2026-09-14 10:13:22,2472,2026-09-14 10:12:40,1,2026-09-14 10:12:40,True,2026-09-14 07:34:06,alto,True
2026-09-14 10:13:22,2500,2026-09-14 10:10:46,1,2026-09-14 10:10:46,True,2026-09-14 09:16:44,alto,True
2026-09-14 10:13:22,2528,2026-09-13 09:57:07,1,2026-09-13 09:57:07,False,,bajo,True
2026-09-14 10:13:22,2559,2026-09-13 08:55:43,1,2026-09-13 08:55:43,False,,bajo,False
2026-09-14 10:13:22,2603,2026-09-14 09:57:53,1,2026-09-14 09:57:53,False,,bajo,True
2026-09-14 10:13:22,2616,2026-09-12 12:39:15,1,2026-09-12 12:39:15,False,,bajo,False
2026-09-14 10:13:22,2627,2026-09-14 10:11:09,1,2026-09-14 10:11:09,True,2026-09-14 07:36:12,bajo,True
2026-09-14 10:13:22,2642,2026-09-14 10:10:23,1,2026-09-14 10:10:23,True,2026-09-14 08:53:59,bajo,True
2026-09-14 10:13:22,2646,2026-09-14 07:31:31,1,2026-09-14 07:31:31,False,,alto,False
2026-09-14 10:13:22,2688,2026-09-14 10:12:09,1,2026-09-14 10:12:09,True,2026-09-14 07:31:57,bajo,True
2026-09-14 10:13:22,2804,2026-09-14 10:10:39,1,2026-09-14 10:10:39,True,2026-09-14 08:21:28,bajo,True
2026-09-14 10:13:22,2857,2026-09-14 10:10:32,1,2026-09-14 10:10:32,True,2026-09-14 07:40:23,medio,True
2026-09-14 10:13:22,2868,2026-09-13 15:58:01,1,2026-09-13 15:58:01,False,,bajo,False
2026-09-14 10:13:22,2911,2026-09-14 05:53:08,1,2026-09-14 05:53:08,False,,bajo,False
2026-09-14 10:13:22,2974,2026-09-14 10:09:18,1,2026-09-14 10:09:18,True,2026-09-14 08:29:56,bajo,True
2026-09-14 10:13:22,2977,2026-09-14 10:12:40,1,2026-09-14 10:12:40,True,2026-09-14 07:01:15,alto,True
2026-09-14 10:13:22,2979,2026-09-14 10:03:02,1,2026-09-14 10:03:02,False,,alto,True
2026-09-14 10:13:22,2980,2026-09-14 09:59:43,1,2026-09-14 09:59:43,False,,bajo,False
2026-09-14 10:13:22,2981,2026-09-14 09:55:10,1,2026-09-14 09:55:10,False,,bajo,True
2026-09-14 10:13:22,2982,2026-09-14 10:05:29,1,2026-09-14 10:05:29,False,,bajo,True
2026-09-14 10:13:22,3257,2026-09-12 21:54:46,1,2026-09-12 21:54:46,False,,bajo,True
2026-09-14 10:13:22,2364,2026-06-03 08:18:32,2,2026-06-03 08:18:32,False,,bajo,False
2026-09-14 10:13:22,2390,2026-06-03 06:18:03,2,2026-06-03 06:18:03,False,,bajo,False
2026-09-14 10:13:22,2472,2026-06-03 06:36:25,2,2026-06-03 06:36:25,False,,bajo,False
2026-09-14 10:13:22,2627,2026-06-03 01:47:48,2,2026-06-03 01:47:48,False,,bajo,False
2026-09-14 10:13:22,1724,2026-09-13 17:46:29,0,2026-09-13 17:46:29,False,,bajo,False
2026-09-14 10:13:22,1744,2026-09-13 06:21:39,0,2026-09-13 06:21:39,False,,bajo,True
2026-09-14 10:13:22,1766,2026-09-14 07:44:27,0,2026-09-14 07:44:27,False,,bajo,False
2026-09-14 10:13:22,1784,2026-09-14 10:12:32,0,2026-09-14 10:12:32,False,,bajo,True
2026-09-14 10:13:22,1805,2026-09-14 10:12:23,0,2026-09-14 10:12:23,False,,bajo,True
2026-09-14 10:13:22,1806,2026-09-14 10:10:55,0,2026-09-14 10:10:55,False,,bajo,True
2026-09-14 10:13:22,1824,2026-09-13 19:35:16,0,2026-09-13 19:35:16,False,,bajo,False
2026-09-14 10:13:22,1844,2026-09-14 09:30:30,0,2026-09-14 09:30:30,False,,bajo,True
2026-09-14 10:13:22,1845,2026-09-14 01:14:19,0,2026-09-14 01:14:19,False,,bajo,True
2026-09-14 10:13:22,1846,2026-09-14 10:12:45,0,2026-09-14 10:12:45,True,2026-09-14 09:23:59,bajo,True
2026-09-14 10:13:22,1887,2026-09-14 09:40:59,0,2026-09-14 09:40:59,False,,bajo,True
2026-09-14 10:13:22,1924,2026-09-13 18:54:54,0,2026-09-13 18:54:54,False,,bajo,False
2026-09-14 10:13:22,1926,2026-09-13 07:46:26,0,2026-09-13 07:46:26,False,,bajo,True
2026-09-14 10:13:22,1927,2026-09-14 10:01:33,0,2026-09-14 10:01:33,False,,bajo,False
2026-09-14 10:13:22,1928,2026-09-14 10:12:39,0,2026-09-14 10:12:39,False,,bajo,True
2026-09-14 10:13:22,1944,2026-09-14 10:12:19,0,2026-09-14 10:12:19,False,,bajo,True
2026-09-14 10:13:22,1945,2026-09-14 08:40:23,0,2026-09-14 08:40:23,False,,bajo,True
2026-09-14 10:13:22,1964,2026-09-14 10:13:01,0,2026-09-14 10:13:01,False,,alto,True
2026-09-14 10:13:22,1965,2026-09-14 10:12:27,0,2026-09-14 10:12:27,False,,bajo,True
2026-09-14 10:13:22,1984,2026-09-14 10:12:38,0,2026-09-14 10:12:38,True,2026-09-14 09:11:05,bajo,True
2026-09-14 10:13:22,2190,2026-09-14 10:12:16,0,2026-09-14 10:12:16,False,,bajo,True
2026-09-14 10:13:22,2192,2026-09-14 10:12:51,0,2026-09-14 10:12:51,False,,bajo,True
2026-09-14 10:13:22,2193,2026-09-13 09:55:17,0,2026-09-13 09:55:17,False,,bajo,False
2026-09-14 10:13:22,2204,2026-09-14 10:11:05,0,2026-09-14 10:11:05,False,,bajo,True
2026-09-14 10:13:22,2205,2026-09-13 17:13:11,0,2026-09-13 17:13:11,False,,bajo,False
2026-09-14 10:13:22,2207,2026-09-14 10:13:07,0,2026-09-14 10:13:07,False,,alto,True
2026-09-14 10:13:22,2208,2026-09-14 10:12:08,0,2026-09-14 10:12:08,False,,bajo,True
2026-09-14 10:13:22,2224,2026-09-13 20:20:38,0,2026-09-13 20:20:38,False,,bajo,True
2026-09-14 10:13:22,2225,2026-09-14 10:12:29,0,2026-09-14 10:12:29,False,,bajo,True
2026-09-14 10:13:22,2227,2026-09-14 10:12:55,0,2026-09-14 10:12:55,False,,bajo,True
2026-09-14 10:13:22,2229,2026-09-14 10:12:57,0,2026-09-14 10:12:57,False,,bajo,True
2026-09-14 10:13:22,2230,2026-09-14 10:12:27,0,2026-09-14 10:12:27,False,,alto,True
2026-09-14 10:13:22,2250,2026-09-14 04:02:39,0,2026-09-14 04:02:39,False,,bajo,True
2026-09-14 10:13:22,2264,2026-09-14 10:12:10,0,2026-09-14 10:12:10,False,,bajo,True
2026-09-14 10:13:22,2268,2026-09-14 10:13:04,0,2026-09-14 10:13:04,False,,bajo,True
2026-09-14 10:13:22,2284,2026-09-12 09:30:37,0,2026-09-12 09:30:37,False,,bajo,True
2026-09-14 10:13:22,2317,2026-09-14 10:07:50,0,2026-09-14 10:07:50,False,,bajo,True
2026-09-14 10:13:22,2326,2026-09-13 14:17:33,0,2026-09-13 14:17:33,False,,bajo,True
2026-09-14 10:13:22,2327,2026-09-14 10:11:15,0,2026-09-14 10:11:15,False,,bajo,True
2026-09-14 10:13:22,2330,2026-09-14 10:12:59,0,2026-09-14 10:12:59,True,2026-09-14 09:19:23,bajo,False
2026-09-14 10:13:22,2335,2026-09-14 07:42:02,0,2026-09-14 07:42:02,False,,bajo,True
2026-09-14 10:13:22,2391,2026-09-14 10:12:23,0,2026-09-14 10:12:23,False,,bajo,False
2026-09-14 10:13:22,2404,2026-09-12 23:43:31,0,2026-09-12 23:43:31,False,,bajo,True
2026-09-14 10:13:22,2411,2026-09-13 12:15:04,0,2026-09-13 12:15:04,False,,bajo,False
2026-09-14 10:13:22,2415,2026-09-13 11:07:05,0,2026-09-13 11:07:05,False,,bajo,True
2026-09-14 10:13:22,2424,2025-03-13 16:03:26,0,2025-03-13 16:03:26,False,,bajo,False
2026-09-14 10:13:22,2446,2026-09-14 10:12:27,0,2026-09-14 10:12:27,False,,bajo,True
2026-09-14 10:13:22,2459,2026-09-14 10:12:27,0,2026-09-14 10:12:27,False,,bajo,True
2026-09-14 10:13:22,2464,2026-09-14 07:42:12,0,2026-09-14 07:42:12,False,,bajo,True
2026-09-14 10:13:22,2465,2026-09-14 10:07:47,0,2026-09-14 10:07:47,False,,bajo,False
2026-09-14 10:13:22,2466,2026-09-14 00:00:14,0,2026-09-14 00:00:14,False,,bajo,False
2026-09-14 10:13:22,2468,2026-09-14 10:08:17,0,2026-09-14 10:08:17,False,,bajo,True
2026-09-14 10:13:22,2471,2026-09-14 10:12:34,0,2026-09-14 10:12:34,True,2026-09-14 09:40:02,bajo,True
2026-09-14 10:13:22,2475,2026-09-14 00:02:44,0,2026-09-14 00:02:44,False,,bajo,True
2026-09-14 10:13:22,2476,2026-09-14 10:12:37,0,2026-09-14 10:12:37,False,,bajo,True
2026-09-14 10:13:22,2482,2026-09-14 10:12:40,0,2026-09-14 10:12:40,False,,bajo,True
2026-09-14 10:13:22,2484,2026-09-14 10:12:04,0,2026-09-14 10:12:04,False,,bajo,True
2026-09-14 10:13:22,2485,2026-09-14 10:13:05,0,2026-09-14 10:13:05,False,,bajo,True
2026-09-14 10:13:22,2492,2026-09-14 10:11:51,0,2026-09-14 10:11:51,False,,bajo,True
2026-09-14 10:13:22,2516,2026-09-13 09:16:45,0,2026-09-13 09:16:45,False,,bajo,False
2026-09-14 10:13:22,2519,2026-09-14 10:02:41,0,2026-09-14 10:02:41,False,,bajo,True
2026-09-14 10:13:22,2565,2026-09-13 12:25:09,0,2026-09-13 12:25:09,False,,bajo,False
2026-09-14 10:13:22,2567,2026-09-12 21:08:49,0,2026-09-12 21:08:49,False,,bajo,True
2026-09-14 10:13:22,2575,2026-09-14 10:03:46,0,2026-09-14 10:03:46,False,,bajo,True
2026-09-14 10:13:22,2582,2026-09-14 09:35:06,0,2026-09-14 09:35:06,False,,bajo,False
2026-09-14 10:13:22,2590,2026-09-14 10:09:44,0,2026-09-14 10:09:44,False,,bajo,False
2026-09-14 10:13:22,2592,2026-09-14 10:12:47,0,2026-09-14 10:12:47,False,,bajo,True
2026-09-14 10:13:22,2593,2026-09-14 07:59:58,0,2026-09-14 07:59:58,False,,bajo,True
2026-09-14 10:13:22,2654,2026-09-14 10:07:22,0,2026-09-14 10:07:22,False,,bajo,True
2026-09-14 10:13:22,2665,2026-09-14 09:03:06,0,2026-09-13 19:52:18,True,2026-09-14 09:03:06,bajo,True
2026-09-14 10:13:22,2668,2026-09-13 13:00:39,0,2026-09-13 13:00:39,False,,bajo,False
2026-09-14 10:13:22,2678,2026-09-14 10:12:17,0,2026-09-14 10:12:17,False,,bajo,True
2026-09-14 10:13:22,2693,2026-09-13 20:57:11,0,2026-09-13 20:57:11,False,,bajo,True
2026-09-14 10:13:22,2701,2026-09-14 10:12:18,0,2026-09-14 10:12:18,False,,bajo,True
2026-09-14 10:13:22,2706,2026-09-13 21:33:49,0,2026-09-13 21:33:49,False,,alto,False
2026-09-14 10:13:22,2718,2026-09-13 14:31:31,0,2026-09-13 14:31:31,False,,bajo,False
2026-09-14 10:13:22,2722,2026-09-13 19:00:00,0,2026-09-13 19:00:00,False,,medio,False
2026-09-14 10:13:22,2724,2026-09-13 17:49:47,0,2026-09-13 17:49:47,False,,alto,False
2026-09-14 10:13:22,2726,2025-03-13 16:03:26,0,2025-03-13 16:03:26,False,,bajo,False
2026-09-14 10:13:22,2730,2026-09-14 10:11:47,0,2026-09-14 10:11:47,False,,alto,True
2026-09-14 10:13:22,2743,2026-09-14 10:10:14,0,2026-09-14 10:10:14,False,,alto,True
2026-09-14 10:13:22,2744,2026-09-14 10:12:37,0,2026-09-14 10:12:37,False,,bajo,True
2026-09-14 10:13:22,2751,2026-09-12 21:55:23,0,2026-09-12 21:55:23,False,,bajo,False
2026-09-14 10:13:22,2754,2026-09-14 10:12:15,0,2026-09-14 10:12:15,False,,medio,True
2026-09-14 10:13:22,2760,2026-09-14 10:10:53,0,2026-09-14 10:10:53,False,,alto,True
2026-09-14 10:13:22,2768,2026-09-14 10:12:08,0,2026-09-14 10:12:08,False,,bajo,True
2026-09-14 10:13:22,2770,2026-09-14 10:10:13,0,2026-09-14 10:10:13,False,,alto,True
2026-09-14 10:13:22,2773,2026-09-14 10:10:42,0,2026-09-14 10:10:42,False,,alto,True
2026-09-14 10:13:22,2777,2025-03-13 16:03:26,0,2025-03-13 16:03:26,False,,bajo,False
2026-09-14 10:13:22,2780,2026-09-13 19:55:41,0,2026-09-13 19:55:41,False,,bajo,False
2026-09-14 10:13:22,2781,2026-09-14 02:21:47,0,2026-09-14 02:21:47,False,,bajo,False
2026-09-14 10:13:22,2790,2026-09-13 14:35:36,0,2026-09-13 14:35:36,False,,bajo,True
2026-09-14 10:13:22,2791,2026-09-10 17:13:06,0,2026-09-10 17:13:06,False,,bajo,True
2026-09-14 10:13:22,2796,2026-09-14 08:09:09,0,2026-09-14 08:09:09,False,,bajo,False
2026-09-14 10:13:22,2803,2026-09-14 10:11:30,0,2026-09-14 10:11:30,False,,bajo,True
2026-09-14 10:13:22,2807,2026-09-13 16:35:35,0,2026-09-13 16:35:35,False,,bajo,False
2026-09-14 10:13:22,2808,2026-09-14 10:11:34,0,2026-09-14 10:11:34,False,,bajo,True
2026-09-14 10:13:22,2810,2026-09-14 09:23:29,0,2026-09-14 09:23:29,False,,bajo,True
2026-09-14 10:13:22,2830,2026-09-14 10:07:37,0,2026-09-14 10:07:37,False,,bajo,False
2026-09-14 10:13:22,2858,2026-09-13 12:16:55,0,2026-09-13 12:16:55,False,,bajo,True
2026-09-14 10:13:22,2904,2026-09-13 14:33:49,0,2026-09-13 14:33:49,False,,bajo,False
2026-09-14 10:13:22,2922,2026-09-14 10:13:07,0,2026-09-14 10:13:07,False,,bajo,True
2026-09-14 10:13:22,2926,2026-09-14 10:11:54,0,2026-09-14 10:11:54,False,,bajo,True
2026-09-14 10:13:22,2929,2026-09-14 10:11:22,0,2026-09-14 10:11:22,False,,alto,True
2026-09-14 10:13:22,2935,2026-09-14 10:12:28,0,2026-09-14 10:12:28,False,,bajo,True
2026-09-14 10:13:22,2937,2026-09-14 10:11:51,0,2026-09-14 10:11:51,False,,bajo,True
2026-09-14 10:13:22,2961,2026-02-27 08:12:26,0,2026-02-27 08:12:26,False,,bajo,False
2026-09-14 10:13:22,2971,2026-09-14 08:30:54,0,2026-09-14 08:30:54,False,,bajo,True
2026-09-14 10:13:22,2972,2026-09-14 09:53:30,0,2026-09-14 09:53:30,False,,bajo,True
2026-09-14 10:13:22,2973,2026-09-13 10:58:30,0,2026-09-13 10:58:30,False,,bajo,False
2026-09-14 10:13:22,2975,2026-09-14 10:12:42,0,2026-09-14 10:12:42,False,,bajo,True
2026-09-14 10:13:22,2978,2026-09-14 10:10:34,0,2026-09-14 10:10:34,False,,bajo,True
2026-09-14 10:13:22,2983,2026-09-14 10:09:55,0,2026-09-14 10:09:55,False,,bajo,True
2026-09-14 10:13:22,2984,2026-09-12 01:33:54,0,2026-09-12 01:33:54,False,,bajo,False
2026-09-14 10:13:22,2985,2026-09-12 13:26:19,0,2026-09-12 13:26:19,False,,bajo,False
2026-09-14 10:13:22,2986,2026-09-12 20:55:41,0,2026-09-12 20:55:41,False,,bajo,False
2026-09-14 10:13:22,2987,2026-09-14 10:12:59,0,2026-09-14 10:12:59,False,,bajo,True
2026-09-14 10:13:22,2988,2026-09-14 10:12:00,0,2026-09-14 10:12:00,False,,bajo,True
2026-09-14 10:13:22,2993,2026-09-14 10:09:41,0,2026-09-14 10:09:41,False,,bajo,True
2026-09-14 10:13:22,2994,2026-09-14 10:08:48,0,2026-09-14 10:08:48,False,,bajo,True
2026-09-14 10:13:22,2996,2026-09-13 17:33:52,0,2026-09-13 17:33:52,False,,alto,True
2026-09-14 10:13:22,2998,2026-09-14 10:10:00,0,2026-09-14 10:10:00,False,,bajo,True
2026-09-14 10:13:22,3002,2026-09-14 10:08:13,0,2026-09-14 10:08:13,False,,bajo,True
2026-09-14 10:13:22,3009,2026-09-14 10:08:26,0,2026-09-14 10:08:26,False,,bajo,True
2026-09-14 10:13:22,3010,2026-09-14 10:10:27,0,2026-09-14 10:10:27,False,,bajo,True
2026-09-14 10:13:22,3011,2026-09-14 10:12:10,0,2026-09-14 10:12:10,False,,bajo,True
2026-09-14 10:13:22,3013,2026-09-14 10:10:31,0,2026-09-14 10:10:31,False,,bajo,True
2026-09-14 10:13:22,3020,2026-09-14 08:59:53,0,2026-09-14 08:59:53,False,,bajo,False
2026-09-14 10:13:22,3022,2026-09-14 10:07:41,0,2026-09-14 10:07:41,False,,bajo,True
2026-09-14 10:13:22,3024,2026-09-12 11:17:14,0,2026-09-12 11:17:14,False,,bajo,True
2026-09-14 10:13:22,3026,2026-09-14 10:12:53,0,2026-09-14 10:12:53,False,,bajo,False
2026-09-14 10:13:22,3027,2026-09-14 10:12:22,0,2026-09-14 10:12:22,False,,bajo,True
2026-09-14 10:13:22,3029,2026-09-14 10:07:14,0,2026-09-14 10:07:14,False,,bajo,True
2026-09-14 10:13:22,3036,2025-03-13 16:18:25,0,2025-03-13 16:18:25,False,,bajo,False
2026-09-14 10:13:22,3039,2026-09-13 15:20:18,0,2026-09-13 15:20:18,False,,bajo,False
2026-09-14 10:13:22,3060,2026-09-13 22:03:51,0,2026-09-13 22:03:51,False,,bajo,True
2026-09-14 10:13:22,3064,2026-09-14 10:11:24,0,2026-09-14 10:11:24,False,,bajo,True
2026-09-14 10:13:22,3065,2026-09-14 10:11:15,0,2026-09-14 10:11:15,False,,bajo,True
2026-09-14 10:13:22,3074,2026-09-13 13:53:24,0,2026-09-13 13:53:24,False,,bajo,True
2026-09-14 10:13:22,3076,2026-09-12 17:19:40,0,2026-09-12 17:19:40,False,,bajo,False
2026-09-14 10:13:22,3079,2026-09-14 10:06:55,0,2026-09-14 10:06:55,True,2026-09-14 09:32:45,bajo,True
2026-09-14 10:13:22,3084,2026-09-14 10:10:44,0,2026-09-14 10:10:44,False,,bajo,False
2026-09-14 10:13:22,3086,2026-09-12 20:02:05,0,2026-09-12 20:02:05,False,,alto,False
2026-09-14 10:13:22,3087,2026-09-13 19:12:15,0,2026-09-13 19:12:15,False,,alto,False
2026-09-14 10:13:22,3099,2026-09-14 10:12:53,0,2026-09-14 10:12:53,False,,bajo,True
2026-09-14 10:13:22,3101,2026-09-13 20:01:26,0,2026-09-13 20:01:26,False,,bajo,False
2026-09-14 10:13:22,3117,2026-09-14 10:12:33,0,2026-09-14 10:12:33,False,,bajo,True
2026-09-14 10:13:22,3121,2026-09-14 09:57:45,0,2026-09-14 09:57:45,False,,bajo,True
2026-09-14 10:13:22,3132,2026-09-14 10:13:00,0,2026-09-14 10:13:00,False,,bajo,True
2026-09-14 10:13:22,3138,2026-09-14 10:06:20,0,2026-09-14 10:06:20,False,,bajo,True
2026-09-14 10:13:22,3141,2026-09-14 10:13:08,0,2026-09-14 10:13:08,False,,bajo,False
2026-09-14 10:13:22,3144,2026-09-14 10:10:15,0,2026-09-14 10:10:15,False,,bajo,True
2026-09-14 10:13:22,3145,2026-09-14 10:10:45,0,2026-09-14 10:10:45,False,,bajo,True
2026-09-14 10:13:22,3146,2026-09-14 10:07:36,0,2026-09-14 10:07:36,False,,bajo,True
2026-09-14 10:13:22,3151,2026-09-14 08:59:33,0,2026-09-14 08:59:33,False,,alto,False
2026-09-14 10:13:22,3154,2026-09-13 16:52:33,0,2026-09-13 16:52:33,False,,bajo,False
2026-09-14 10:13:22,3155,2026-09-14 10:08:41,0,2026-09-14 10:08:41,True,2026-09-14 09:02:09,bajo,True
2026-09-14 10:13:22,3159,2026-09-14 10:12:22,0,2026-09-14 10:12:22,False,,bajo,True
2026-09-14 10:13:22,3160,2026-09-14 10:12:23,0,2026-09-14 10:12:23,False,,bajo,False
2026-09-14 10:13:22,3161,2026-09-13 11:03:36,0,2026-09-13 11:03:36,False,,bajo,False
2026-09-14 10:13:22,3162,2026-09-14 10:12:32,0,2026-09-14 10:12:32,False,,bajo,True
2026-09-14 10:13:22,3169,2026-09-14 08:54:36,0,2026-09-14 08:54:36,False,,bajo,False
2026-09-14 10:13:22,3172,2026-09-14 10:12:56,0,2026-09-14 10:12:56,False,,bajo,True
2026-09-14 10:13:22,3178,2026-09-14 10:00:52,0,2026-09-14 10:00:52,False,,bajo,True
2026-09-14 10:13:22,3184,2026-09-14 10:11:43,0,2026-09-14 10:11:43,False,,bajo,False
2026-09-14 10:13:22,3185,2026-09-14 10:12:21,0,2026-09-14 10:12:21,False,,bajo,True
2026-09-14 10:13:22,3186,2026-09-13 12:50:11,0,2026-09-13 12:50:11,False,,bajo,False
2026-09-14 10:13:22,3187,2026-08-23 09:50:03,0,2026-08-23 09:50:03,False,,bajo,True
2026-09-14 10:13:22,3191,2026-09-14 09:37:13,0,2026-09-14 09:37:13,False,,bajo,True
2026-09-14 10:13:22,3199,2026-09-14 10:12:01,0,2026-09-14 10:12:01,False,,bajo,True
2026-09-14 10:13:22,3202,2026-09-14 10:02:19,0,2026-09-14 10:02:19,False,,bajo,True
2026-09-14 10:13:22,3203,2026-09-14 10:09:09,0,2026-09-14 10:09:09,False,,bajo,False
2026-09-14 10:13:22,3204,2026-09-14 09:36:47,0,2026-09-13 19:21:49,True,2026-09-14 09:36:47,bajo,True
2026-09-14 10:13:22,3207,2026-09-14 10:10:39,0,2026-09-14 10:10:39,False,,bajo,True
2026-09-14 10:13:22,3208,2026-09-14 10:12:51,0,2026-09-14 10:12:51,False,,bajo,False
2026-09-14 10:13:22,3216,2026-09-14 10:12:22,0,2026-09-14 10:12:22,False,,medio,False
2026-09-14 10:13:22,3222,2026-09-13 21:49:23,0,2026-09-13 21:49:23,False,,bajo,False
2026-09-14 10:13:22,3224,2026-09-14 10:10:18,0,2026-09-14 10:10:18,False,,bajo,True
2026-09-14 10:13:22,3225,2026-09-11 16:23:24,0,2026-09-11 16:23:24,False,,bajo,False
2026-09-14 10:13:22,3227,2026-09-13 20:48:59,0,2026-09-13 20:48:59,False,,bajo,True
2026-09-14 10:13:22,3232,2026-09-14 10:09:35,0,2026-09-14 10:09:35,False,,bajo,True
2026-09-14 10:13:22,3239,2026-09-12 22:17:31,0,2026-09-12 22:17:31,False,,bajo,False
2026-09-14 10:13:22,3242,2026-09-14 10:11:58,0,2026-09-14 10:11:58,False,,bajo,True
2026-09-14 10:13:22,3243,2026-09-11 21:02:20,0,2026-09-11 21:02:20,False,,alto,True
2026-09-14 10:13:22,3244,2026-09-14 10:10:59,0,2026-09-14 10:10:59,False,,bajo,True
2026-09-14 10:13:22,3253,2026-09-14 10:10:58,0,2026-09-14 10:10:58,False,,bajo,True
2026-09-14 10:13:22,3259,2026-09-14 10:07:34,0,2026-09-14 10:07:34,True,2026-09-14 09:11:04,bajo,True
2026-09-14 10:13:22,3264,2026-09-14 10:12:19,0,2026-09-14 10:12:19,False,,bajo,True
2026-09-14 10:13:22,3266,2026-09-14 09:35:29,0,2026-09-14 09:35:29,False,,bajo,True
2026-09-14 10:13:22,4018,2026-09-13 07:44:48,0,2026-09-13 07:44:48,False,,bajo,False
2026-09-14 10:13:22,4024,2026-09-14 10:12:12,0,2026-09-14 10:12:12,False,,bajo,False
2026-09-14 10:13:22,1724,2026-09-14 10:10:05,1,2026-09-14 10:10:05,False,,medio,False
2026-09-14 10:13:22,1744,2026-09-14 10:03:27,1,2026-09-14 10:03:27,False,,bajo,False
2026-09-14 10:13:22,1766,2026-06-03 03:27:01,1,2026-06-03 03:27:01,False,,bajo,False
2026-09-14 10:13:22,1784,2026-06-03 03:29:57,1,2026-06-03 03:29:57,False,,bajo,False
2026-09-14 10:13:22,1805,2026-06-03 08:20:37,1,2026-06-03 08:20:37,False,,bajo,False
2026-09-14 10:13:22,1806,2026-09-14 10:11:44,1,2026-09-14 10:11:44,False,,bajo,False
2026-09-14 10:13:22,1824,2026-06-03 08:35:59,1,2026-06-03 08:35:59,False,,bajo,False
2026-09-14 10:13:22,1844,2026-09-14 10:02:39,1,2026-09-14 10:02:39,False,,bajo,False
2026-09-14 10:13:22,1845,2026-06-03 08:35:31,1,2026-06-03 08:35:31,False,,bajo,False
2026-09-14 10:13:22,1846,2026-09-13 22:11:33,1,2026-09-13 22:11:33,False,,bajo,False
2026-09-14 10:13:22,1887,2026-09-14 09:38:33,1,2026-09-14 09:38:33,False,,bajo,True
2026-09-14 10:13:22,1924,2026-09-14 10:10:57,1,2026-09-14 10:10:57,False,,bajo,False
2026-09-14 10:13:22,1926,2026-09-13 18:26:53,1,2026-09-13 18:26:53,False,,bajo,False
2026-09-14 10:13:22,1927,2026-09-14 10:01:33,1,2026-09-14 10:01:33,False,,bajo,False
2026-09-14 10:13:22,1928,2026-09-14 09:52:38,1,2026-09-14 09:52:38,False,,bajo,False
2026-09-14 10:13:22,1945,2026-09-14 08:59:20,1,2026-09-14 08:59:20,False,,bajo,False
2026-09-14 10:13:22,1964,2026-09-14 08:53:55,1,2026-09-14 08:53:55,False,,alto,False
2026-09-14 10:13:22,1965,2026-09-14 10:09:28,1,2026-09-14 10:09:28,False,,bajo,False
2026-09-14 10:13:22,1984,2026-09-14 10:08:33,1,2026-09-14 10:08:33,False,,bajo,False
2026-09-14 10:13:22,2190,2026-09-14 09:16:16,1,2026-09-14 09:16:16,False,,bajo,False
2026-09-14 10:13:22,2192,2026-09-14 10:12:58,1,2026-09-14 10:12:58,False,,bajo,False
2026-09-14 10:13:22,2193,2026-09-13 04:15:12,1,2026-09-13 04:15:12,False,,bajo,False
2026-09-14 10:13:22,2204,2026-09-13 08:49:33,1,2026-09-13 08:49:33,False,,bajo,False
2026-09-14 10:13:22,2205,2026-09-14 08:45:04,1,2026-09-14 08:45:04,False,,bajo,False
2026-09-14 10:13:22,2207,2026-09-13 15:44:58,1,2026-09-13 15:44:58,False,,bajo,False
2026-09-14 10:13:22,2208,2026-09-12 18:08:58,1,2026-09-12 18:08:58,False,,bajo,False
2026-09-14 10:13:22,2224,2026-09-12 21:03:29,1,2026-09-12 21:03:29,False,,bajo,False
2026-09-14 10:13:22,2225,2026-09-14 10:07:00,1,2026-09-14 10:07:00,False,,bajo,False
2026-09-14 10:13:22,2227,2026-09-14 10:11:22,1,2026-09-14 10:11:22,False,,bajo,False
2026-09-14 10:13:22,2230,2026-09-12 18:30:22,1,2026-09-12 18:30:22,False,,bajo,False
2026-09-14 10:13:22,2250,2026-09-14 01:42:22,1,2026-09-14 01:42:22,False,,bajo,True
2026-09-14 10:13:22,2264,2026-09-14 10:11:18,1,2026-09-14 10:11:18,False,,bajo,True
2026-09-14 10:13:22,2268,2026-09-12 23:05:35,1,2026-09-12 23:05:35,False,,bajo,False
2026-09-14 10:13:22,2284,2026-09-14 10:10:57,1,2026-09-14 10:10:57,False,,bajo,True
2026-09-14 10:13:22,2317,2026-09-14 09:47:28,1,2026-09-14 09:47:28,False,,bajo,False
2026-09-14 10:13:22,2326,2026-09-14 10:11:17,1,2026-09-14 10:11:17,False,,bajo,False
2026-09-14 10:13:22,2327,2026-09-13 20:37:20,1,2026-09-13 20:37:20,False,,bajo,False
2026-09-14 10:13:22,2330,2026-09-14 10:02:06,1,2026-09-14 10:02:06,False,,bajo,False
2026-09-14 10:13:22,2335,2026-09-12 20:50:26,1,2026-09-12 20:50:26,False,,bajo,False
2026-09-14 10:13:22,2391,2026-09-12 11:20:08,1,2026-09-12 11:20:08,False,,bajo,False
2026-09-14 10:13:22,2404,2026-09-12 16:36:57,1,2026-09-12 16:36:57,False,,bajo,False
2026-09-14 10:13:22,2415,2026-09-14 10:04:38,1,2026-09-14 10:04:38,False,,bajo,False
2026-09-14 10:13:22,2424,2025-03-13 16:03:26,1,2025-03-13 16:03:26,False,,bajo,False
2026-09-14 10:13:22,2446,2026-09-14 10:09:06,1,2026-09-14 10:09:06,False,,bajo,False
2026-09-14 10:13:22,2459,2026-09-13 16:48:14,1,2026-09-13 16:48:14,False,,bajo,False
2026-09-14 10:13:22,2464,2026-09-14 09:58:11,1,2026-09-14 09:58:11,False,,bajo,False
2026-09-14 10:13:22,2465,2026-09-14 09:51:50,1,2026-09-14 09:51:50,False,,bajo,False
2026-09-14 10:13:22,2466,2026-09-12 21:06:27,1,2026-09-12 21:06:27,False,,bajo,False
2026-09-14 10:13:22,2468,2026-09-13 13:35:59,1,2026-09-13 13:35:59,False,,bajo,True
2026-09-14 10:13:22,2471,2026-09-14 10:11:53,1,2026-09-14 10:11:53,False,,bajo,False
2026-09-14 10:13:22,2475,2026-09-14 08:47:45,1,2026-09-14 08:47:45,False,,bajo,False
2026-09-14 10:13:22,2476,2026-09-14 09:32:18,1,2026-09-14 09:32:18,False,,bajo,False
2026-09-14 10:13:22,2482,2026-09-14 09:28:45,1,2026-09-14 09:28:45,False,,bajo,True
2026-09-14 10:13:22,2484,2026-09-13 07:42:59,1,2026-09-13 07:42:59,False,,bajo,False
2026-09-14 10:13:22,2485,2026-09-14 10:07:17,1,2026-09-14 10:07:17,False,,bajo,True
2026-09-14 10:13:22,2492,2026-09-14 08:34:29,1,2026-09-14 08:34:29,False,,bajo,False
2026-09-14 10:13:22,2516,2026-09-14 09:49:25,1,2026-09-14 09:49:25,False,,bajo,False
2026-09-14 10:13:22,2519,2026-09-13 18:10:11,1,2026-09-13 18:10:11,False,,bajo,False
2026-09-14 10:13:22,2565,2026-09-14 10:06:28,1,2026-09-14 10:06:28,False,,bajo,False
2026-09-14 10:13:22,2567,2026-09-14 09:53:29,1,2026-09-14 09:53:29,False,,bajo,False
2026-09-14 10:13:22,2575,2026-09-14 08:42:26,1,2026-09-14 08:42:26,False,,bajo,False
2026-09-14 10:13:22,2582,2026-09-14 07:46:56,1,2026-09-14 07:46:56,False,,bajo,False
2026-09-14 10:13:22,2590,2026-09-14 09:57:47,1,2026-09-14 09:57:47,False,,bajo,False
2026-09-14 10:13:22,2592,2026-09-14 10:10:57,1,2026-09-14 10:10:57,False,,bajo,True
2026-09-14 10:13:22,2593,2026-09-14 08:28:39,1,2026-09-14 08:28:39,False,,bajo,False
2026-09-14 10:13:22,2654,2026-09-14 10:12:17,1,2026-09-14 10:12:17,False,,bajo,True
2026-09-14 10:13:22,2665,2026-09-14 09:47:52,1,2026-09-14 09:47:52,False,,bajo,False
2026-09-14 10:13:22,2668,2026-09-12 12:50:58,1,2026-09-12 12:50:58,False,,bajo,False
2026-09-14 10:13:22,2678,2026-09-13 16:12:15,1,2026-09-13 16:12:15,False,,bajo,False
2026-09-14 10:13:22,2693,2026-09-14 10:08:30,1,2026-09-14 10:08:30,False,,bajo,False
2026-09-14 10:13:22,2701,2026-09-14 10:11:15,1,2026-09-14 10:11:15,False,,bajo,False
2026-09-14 10:13:22,2706,2026-09-14 10:10:44,1,2026-09-14 10:10:44,False,,bajo,False
2026-09-14 10:13:22,2718,2026-09-13 15:19:43,1,2026-09-13 15:19:43,False,,bajo,False
2026-09-14 10:13:22,2722,2026-09-13 20:37:55,1,2026-09-13 20:37:55,False,,alto,False
2026-09-14 10:13:22,2724,2026-09-14 02:36:09,1,2026-09-14 02:36:09,False,,bajo,False
2026-09-14 10:13:22,2726,2025-03-13 16:03:26,1,2025-03-13 16:03:26,False,,bajo,False
2026-09-14 10:13:22,2730,2026-06-03 08:24:07,1,2026-06-03 08:24:07,False,,bajo,False
2026-09-14 10:13:22,2743,2026-09-14 08:46:53,1,2026-09-14 08:46:53,False,,bajo,True
2026-09-14 10:13:22,2744,2026-09-14 00:51:39,1,2026-09-14 00:51:39,False,,bajo,False
2026-09-14 10:13:22,2751,2026-09-13 10:14:51,1,2026-09-13 10:14:51,False,,bajo,False
2026-09-14 10:13:22,2754,2026-06-03 08:25:11,1,2026-06-03 08:25:11,False,,bajo,False
2026-09-14 10:13:22,2768,2026-06-03 08:23:19,1,2026-06-03 08:23:19,False,,bajo,False
2026-09-14 10:13:22,2770,2025-03-13 16:03:26,1,2025-03-13 16:03:26,False,,bajo,False
2026-09-14 10:13:22,2773,2026-09-14 10:10:43,1,2026-09-14 10:10:43,True,2026-09-14 07:49:16,alto,True
2026-09-14 10:13:22,2777,2025-03-13 16:03:26,1,2025-03-13 16:03:26,False,,bajo,False
2026-09-14 10:13:22,2780,2026-09-13 18:32:47,1,2026-09-13 18:32:47,False,,bajo,False
2026-09-14 10:13:22,2781,2026-09-13 18:31:24,1,2026-09-13 18:31:24,False,,bajo,False
2026-09-14 10:13:22,2790,2026-09-13 17:33:08,1,2026-09-13 17:33:08,False,,bajo,False
2026-09-14 10:13:22,2791,2026-09-10 00:17:20,1,2026-09-10 00:17:20,False,,bajo,False
2026-09-14 10:13:22,2796,2026-09-14 06:26:52,1,2026-09-14 06:26:52,False,,bajo,False
2026-09-14 10:13:22,2803,2026-09-14 09:52:49,1,2026-09-14 09:52:49,False,,bajo,False
2026-09-14 10:13:22,2807,2026-09-13 10:38:53,1,2026-09-13 10:38:53,False,,bajo,False
2026-09-14 10:13:22,2808,2026-09-13 00:52:47,1,2026-09-13 00:52:47,False,,bajo,False
2026-09-14 10:13:22,2810,2026-09-14 10:01:20,1,2026-09-14 10:01:20,False,,bajo,True
2026-09-14 10:13:22,2830,2026-09-12 16:03:34,1,2026-09-12 16:03:34,False,,bajo,False
2026-09-14 10:13:22,2858,2026-09-14 07:28:05,1,2026-09-14 07:28:05,False,,alto,False
2026-09-14 10:13:22,2904,2026-09-12 15:01:10,1,2026-09-12 15:01:10,False,,bajo,False
2026-09-14 10:13:22,2922,2026-06-03 07:54:30,1,2026-06-03 07:54:30,False,,bajo,False
2026-09-14 10:13:22,2926,2026-09-14 09:37:24,1,2026-09-14 09:37:24,False,,bajo,False
2026-09-14 10:13:22,2929,2026-09-14 10:07:15,1,2026-09-14 10:07:15,False,,alto,False
2026-09-14 10:13:22,2935,2026-09-14 10:06:25,1,2026-09-14 10:06:25,True,2026-09-14 08:23:42,bajo,False
2026-09-14 10:13:22,2937,2026-09-14 10:04:33,1,2026-09-14 10:04:33,False,,bajo,False
2026-09-14 10:13:22,2961,2026-02-27 08:12:26,1,2026-02-27 08:12:26,False,,bajo,False
2026-09-14 10:13:22,2971,2026-09-13 08:16:10,1,2026-09-13 08:16:10,False,,bajo,False
2026-09-14 10:13:22,2972,2026-09-11 17:16:06,1,2026-09-11 17:16:06,False,,bajo,False
2026-09-14 10:13:22,2973,2026-09-14 09:34:15,1,2026-09-14 09:34:15,False,,bajo,False
2026-09-14 10:13:22,2975,2026-09-10 17:33:58,1,2026-09-10 17:33:58,False,,bajo,False
2026-09-14 10:13:22,2978,2026-09-14 10:07:54,1,2026-09-14 10:07:54,False,,bajo,True
2026-09-14 10:13:22,2983,2026-09-14 10:03:51,1,2026-09-14 10:03:51,False,,bajo,False
2026-09-14 10:13:22,2984,2026-09-11 19:15:09,1,2026-09-11 19:15:09,False,,bajo,False
2026-09-14 10:13:22,2985,2026-09-14 09:59:15,1,2026-09-14 09:59:15,False,,bajo,False
2026-09-14 10:13:22,2986,2026-09-12 17:58:35,1,2026-09-12 17:58:35,False,,bajo,False
2026-09-14 10:13:22,2987,2026-09-13 14:14:45,1,2026-09-13 14:14:45,False,,bajo,False
2026-09-14 10:13:22,2988,2026-09-14 10:07:40,1,2026-09-14 10:07:40,False,,bajo,False
2026-09-14 10:13:22,2993,2026-09-13 10:38:27,1,2026-09-13 10:38:27,False,,alto,False
2026-09-14 10:13:22,2994,2026-09-11 16:41:00,1,2026-09-11 16:41:00,False,,bajo,False
2026-09-14 10:13:22,2996,2026-09-13 15:45:08,1,2026-09-13 15:45:08,False,,bajo,False
2026-09-14 10:13:22,2998,2026-09-14 10:10:59,1,2026-09-14 10:10:59,False,,bajo,True
2026-09-14 10:13:22,3002,2026-09-13 19:58:13,1,2026-09-13 19:58:13,False,,bajo,False
2026-09-14 10:13:22,3009,2026-09-12 20:15:24,1,2026-09-12 20:15:24,False,,bajo,False
2026-09-14 10:13:22,3010,2026-09-13 19:06:28,1,2026-09-13 19:06:28,False,,bajo,False
2026-09-14 10:13:22,3011,2026-09-13 03:07:30,1,2026-09-13 03:07:30,False,,bajo,False
2026-09-14 10:13:22,3013,2026-09-13 16:31:28,1,2026-09-13 16:31:28,False,,bajo,False
2026-09-14 10:13:22,3020,2026-09-14 10:07:00,1,2026-09-14 10:07:00,False,,bajo,False
2026-09-14 10:13:22,3022,2026-09-14 09:55:04,1,2026-09-14 09:55:04,False,,alto,False
2026-09-14 10:13:22,3024,2026-09-14 10:11:15,1,2026-09-14 10:11:15,False,,bajo,False
2026-09-14 10:13:22,3026,2026-09-14 07:01:27,1,2026-09-14 07:01:27,False,,bajo,False
2026-09-14 10:13:22,3027,2026-09-12 14:18:21,1,2026-09-12 14:18:21,False,,bajo,False
2026-09-14 10:13:22,3029,2026-09-14 10:12:48,1,2026-09-14 10:12:48,True,2026-09-14 09:13:44,bajo,False
2026-09-14 10:13:22,3036,2025-03-13 16:18:25,1,2025-03-13 16:18:25,False,,bajo,False
2026-09-14 10:13:22,3039,2026-09-13 12:38:46,1,2026-09-13 12:38:46,False,,medio,False
2026-09-14 10:13:22,3060,2026-09-14 07:04:08,1,2026-09-14 07:04:08,False,,bajo,False
2026-09-14 10:13:22,3064,2026-09-14 09:50:23,1,2026-09-14 09:50:23,False,,bajo,True
2026-09-14 10:13:22,3065,2026-06-03 06:29:32,1,2026-06-03 06:29:32,False,,bajo,False
2026-09-14 10:13:22,3074,2026-09-13 11:09:15,1,2026-09-13 11:09:15,False,,bajo,False
2026-09-14 10:13:22,3076,2026-09-13 22:03:22,1,2026-09-13 22:03:22,False,,bajo,False
2026-09-14 10:13:22,3079,2026-09-12 23:29:48,1,2026-09-12 23:29:48,False,,bajo,False
2026-09-14 10:13:22,3084,2026-09-14 09:15:22,1,2026-09-14 09:15:22,True,2026-09-14 08:06:19,bajo,False
2026-09-14 10:13:22,3086,2026-09-14 10:11:55,1,2026-09-14 10:11:55,False,,bajo,False
2026-09-14 10:13:22,3087,2026-09-13 19:13:54,1,2026-09-13 19:13:54,False,,bajo,False
2026-09-14 10:13:22,3099,2026-09-14 10:08:38,1,2026-09-14 10:08:38,False,,medio,False
2026-09-14 10:13:22,3101,2026-09-11 18:29:28,1,2026-09-11 18:29:28,False,,bajo,False
2026-09-14 10:13:22,3117,2026-09-14 09:41:40,1,2026-09-14 09:41:40,False,,bajo,False
2026-09-14 10:13:22,3121,2026-09-14 10:09:38,1,2026-09-14 10:09:38,False,,bajo,False
2026-09-14 10:13:22,3132,2026-09-13 05:25:23,1,2026-09-13 05:25:23,False,,bajo,False
2026-09-14 10:13:22,3138,2026-09-13 08:08:12,1,2026-09-13 08:08:12,False,,bajo,False
2026-09-14 10:13:22,3141,2026-09-14 09:16:17,1,2026-09-14 09:16:17,False,,bajo,False
2026-09-14 10:13:22,3144,2026-09-14 10:10:19,1,2026-09-14 10:10:19,False,,bajo,False
2026-09-14 10:13:22,3145,2026-09-13 16:40:18,1,2026-09-13 16:40:18,False,,bajo,False
2026-09-14 10:13:22,3146,2026-09-14 10:01:27,1,2026-09-14 10:01:27,False,,bajo,False
2026-09-14 10:13:22,3151,2026-09-13 18:08:19,1,2026-09-13 18:08:19,False,,bajo,False
2026-09-14 10:13:22,3154,2026-09-13 03:50:21,1,2026-09-13 03:50:21,False,,bajo,False
2026-09-14 10:13:22,3155,2026-09-14 10:12:30,1,2026-09-14 10:12:30,False,,bajo,False
2026-09-14 10:13:22,3159,2026-09-12 23:59:38,1,2026-09-12 23:59:38,False,,bajo,False
2026-09-14 10:13:22,3160,2026-09-13 14:54:23,1,2026-09-13 14:54:23,False,,bajo,False
2026-09-14 10:13:22,3161,2026-09-14 08:19:46,1,2026-09-14 08:19:46,False,,bajo,False
2026-09-14 10:13:22,3162,2026-06-03 06:14:04,1,2026-06-03 06:14:04,False,,bajo,False
2026-09-14 10:13:22,3169,2026-09-14 10:12:49,1,2026-09-14 10:12:49,False,,bajo,False
2026-09-14 10:13:22,3172,2026-09-12 11:33:47,1,2026-09-12 11:33:47,False,,bajo,False
2026-09-14 10:13:22,3178,2026-09-14 10:09:47,1,2026-09-14 10:09:47,False,,bajo,True
2026-09-14 10:13:22,3184,2026-09-14 10:09:24,1,2026-09-14 10:09:24,False,,bajo,False
2026-09-14 10:13:22,3185,2026-09-14 09:50:14,1,2026-09-14 09:50:14,False,,alto,False
2026-09-14 10:13:22,3187,2026-09-14 10:09:07,1,2026-09-14 10:09:07,False,,bajo,False
2026-09-14 10:13:22,3191,2026-09-13 08:41:08,1,2026-09-13 08:41:08,False,,bajo,True
2026-09-14 10:13:22,3199,2026-09-14 10:04:56,1,2026-09-14 10:04:56,False,,bajo,True
2026-09-14 10:13:22,3202,2026-09-14 08:48:20,1,2026-09-14 08:48:20,False,,bajo,False
2026-09-14 10:13:22,3203,2026-09-13 09:41:43,1,2026-09-13 09:41:43,False,,bajo,False
2026-09-14 10:13:22,3204,2026-09-14 10:11:50,1,2026-09-14 10:11:50,False,,bajo,False
2026-09-14 10:13:22,3207,2026-09-14 10:10:40,1,2026-09-14 10:10:40,False,,bajo,False
2026-09-14 10:13:22,3208,2026-09-13 09:34:31,1,2026-09-13 09:34:31,False,,bajo,True
2026-09-14 10:13:22,3216,2026-09-14 10:10:26,1,2026-09-14 10:10:26,False,,medio,True
2026-09-14 10:13:22,3222,2026-09-13 12:17:27,1,2026-09-13 12:17:27,False,,bajo,False
2026-09-14 10:13:22,3224,2026-09-14 10:11:43,1,2026-09-14 10:11:43,False,,bajo,True
2026-09-14 10:13:22,3225,2026-09-10 15:34:31,1,2026-09-10 15:34:31,False,,bajo,False
2026-09-14 10:13:22,3227,2026-09-12 20:18:49,1,2026-09-12 20:18:49,False,,bajo,False
2026-09-14 10:13:22,3232,2026-09-14 10:11:46,1,2026-09-14 10:11:46,False,,bajo,True
2026-09-14 10:13:22,3239,2026-09-13 13:07:02,1,2026-09-13 13:07:02,False,,bajo,False
2026-09-14 10:13:22,3242,2026-09-14 10:07:45,1,2026-09-14 10:07:45,False,,bajo,False
2026-09-14 10:13:22,3243,2026-09-14 07:02:04,1,2026-09-14 07:02:04,False,,bajo,False
2026-09-14 10:13:22,3244,2026-09-14 10:01:40,1,2026-09-14 10:01:40,False,,bajo,False
2026-09-14 10:13:22,3259,2026-09-14 09:11:04,1,2026-09-13 15:45:03,True,2026-09-14 09:11:04,medio,False
2026-09-14 10:13:22,3264,2026-09-14 09:38:08,1,2026-09-14 09:38:08,False,,bajo,False
2026-09-14 10:13:22,3266,2026-09-14 09:39:29,1,2026-09-14 09:39:29,False,,bajo,False
2026-09-14 10:13:22,4018,2026-09-12 18:33:26,1,2026-09-12 18:33:26,False,,bajo,False
2026-09-14 10:13:22,4024,2026-09-13 00:33:17,1,2026-09-13 00:33:17,False,,bajo,False
2026-09-14 10:13:22,1724,2026-06-03 08:15:44,2,2026-06-03 08:15:44,False,,bajo,False
2026-09-14 10:13:22,1744,2026-06-03 06:32:42,2,2026-06-03 06:32:42,False,,bajo,False
2026-09-14 10:13:22,1766,2026-06-03 17:35:31,2,2026-06-03 17:35:31,False,,bajo,False
2026-09-14 10:13:22,1784,2026-06-03 17:31:00,2,2026-06-03 17:31:00,False,,bajo,False
2026-09-14 10:13:22,1805,2026-06-03 17:31:00,2,2026-06-03 17:31:00,False,,bajo,False
2026-09-14 10:13:22,1824,2026-06-03 17:31:00,2,2026-06-03 17:31:00,False,,bajo,False
2026-09-14 10:13:22,1844,2026-06-03 17:31:00,2,2026-06-03 17:31:00,False,,bajo,False
2026-09-14 10:13:22,1845,2026-06-03 17:31:27,2,2026-06-03 17:31:27,False,,bajo,False
2026-09-14 10:13:22,1887,2026-08-05 15:28:49,2,2026-08-05 15:28:49,False,,bajo,False
2026-09-14 10:13:22,1924,2026-06-03 17:31:00,2,2026-06-03 17:31:00,False,,bajo,False
2026-09-14 10:13:22,1926,2026-06-03 06:42:55,2,2026-06-03 06:42:55,False,,bajo,False
2026-09-14 10:13:22,1944,2026-06-03 17:31:00,2,2026-06-03 17:31:00,False,,bajo,False
2026-09-14 10:13:22,1945,2026-09-09 10:38:27,2,2026-09-09 10:38:27,False,,bajo,False
2026-09-14 10:13:22,2190,2025-03-13 16:03:26,2,2025-03-13 16:03:26,False,,bajo,False
2026-09-14 10:13:22,2193,2026-06-03 17:33:58,2,2026-06-03 17:33:58,False,,bajo,False
2026-09-14 10:13:22,2205,2026-06-02 08:49:39,2,2026-06-02 08:49:39,False,,bajo,False
2026-09-14 10:13:22,2208,2026-07-20 15:35:36,2,2026-07-20 15:35:36,False,,bajo,False
2026-09-14 10:13:22,2224,2026-06-03 08:23:23,2,2026-06-03 08:23:23,False,,bajo,False
2026-09-14 10:13:22,2229,2026-06-03 07:24:01,2,2026-06-03 07:24:01,False,,bajo,False
2026-09-14 10:13:22,2250,2026-06-03 08:23:15,2,2026-06-03 08:23:15,False,,bajo,False
2026-09-14 10:13:22,2335,2026-06-03 06:08:53,2,2026-06-03 06:08:53,False,,bajo,False
2026-09-14 10:13:22,2411,2026-06-03 08:44:37,2,2026-06-03 08:44:37,False,,bajo,False
2026-09-14 10:13:22,2465,2026-06-03 06:28:44,2,2026-06-03 06:28:44,False,,bajo,False
2026-09-14 10:13:22,2466,2025-03-13 16:03:26,2,2025-03-13 16:03:26,False,,bajo,False
2026-09-14 10:13:22,2468,2026-06-03 08:40:08,2,2026-06-03 08:40:08,False,,bajo,False
2026-09-14 10:13:22,2706,2026-06-03 05:15:51,2,2026-06-03 05:15:51,False,,bajo,False
2026-09-14 10:13:22,2724,2026-08-22 11:08:53,2,2026-08-22 11:08:53,False,,bajo,False
2026-09-14 10:13:22,2730,2026-06-03 08:24:08,2,2026-06-03 08:24:08,False,,bajo,False
2026-09-14 10:13:22,2743,2026-06-03 08:33:58,2,2026-06-03 08:33:58,False,,bajo,False
2026-09-14 10:13:22,2744,2026-06-03 08:26:24,2,2026-06-03 08:26:24,False,,bajo,False
2026-09-14 10:13:22,2768,2026-06-03 08:23:19,2,2026-06-03 08:23:19,False,,bajo,False
2026-09-14 10:13:22,2770,2026-06-03 08:28:44,2,2026-06-03 08:28:44,False,,bajo,False
2026-09-14 10:13:22,2773,2026-06-03 08:42:23,2,2026-06-03 08:42:23,False,,bajo,False
2026-09-14 10:13:22,2780,2026-06-03 08:31:16,2,2026-06-03 08:31:16,False,,bajo,False
2026-09-14 10:13:22,2781,2026-06-03 08:39:47,2,2026-06-03 08:39:47,False,,bajo,False
2026-09-14 10:13:22,2922,2026-06-03 07:54:30,2,2026-06-03 07:54:30,False,,bajo,False
2026-09-14 10:13:22,2983,2026-06-03 08:26:35,2,2026-06-03 08:26:35,False,,bajo,False
2026-09-14 10:13:22,2993,2026-05-28 08:20:47,2,2026-05-28 08:20:47,False,,bajo,False
2026-09-14 10:13:22,3002,2025-03-13 16:03:26,2,2025-03-13 16:03:26,False,,bajo,False
2026-09-14 10:13:22,3020,2026-06-03 08:31:34,2,2026-06-03 08:31:34,False,,bajo,False
2026-09-14 10:13:22,3065,2026-06-03 06:29:32,2,2026-06-03 06:29:32,False,,bajo,False
2026-09-14 10:13:22,3086,2026-06-03 08:38:54,2,2026-06-03 08:38:54,False,,bajo,False
2026-09-14 10:13:22,3087,2026-06-03 02:06:08,2,2026-06-03 02:06:08,False,,bajo,False
2026-09-14 10:13:22,3151,2026-06-03 07:25:54,2,2026-06-03 07:25:54,False,,bajo,False
2026-09-14 10:13:22,3160,2026-06-03 03:28:18,2,2026-06-03 03:28:18,False,,bajo,False
2026-09-14 10:13:22,3199,2026-06-03 08:41:17,2,2026-06-03 08:41:17,False,,bajo,False
2026-09-14 10:13:22,3203,2026-06-03 08:22:47,2,2026-06-03 08:22:47,False,,bajo,False
2026-09-14 10:13:22,3204,2026-06-03 07:54:17,2,2026-06-03 07:54:17,False,,bajo,False
2026-09-14 10:13:22,3207,2026-06-03 07:05:01,2,2026-06-03 07:05:01,False,,bajo,False
2026-09-14 10:13:22,3227,2025-03-13 16:03:26,2,2025-03-13 16:03:26,False,,bajo,False
2026-09-14 10:13:22,1846,2026-06-03 08:24:16,3,2026-06-03 08:24:16,False,,bajo,False
2026-09-14 10:13:22,2193,2026-06-03 03:28:55,3,2026-06-03 03:28:55,False,,bajo,False
2026-09-14 10:13:22,2208,2026-06-03 08:31:26,3,2026-06-03 08:31:26,False,,bajo,False
2026-09-14 10:13:22,2330,2026-06-03 07:45:12,3,2026-06-03 07:45:12,False,,bajo,False
2026-09-14 10:13:22,2415,2026-06-03 08:47:45,3,2026-06-03 08:47:45,False,,bajo,False
2026-09-14 10:13:22,2466,2026-06-03 08:38:32,3,2026-06-03 08:38:32,False,,bajo,False
2026-09-14 10:13:22,2582,2026-06-03 08:15:54,3,2026-06-03 08:15:54,False,,bajo,False
2026-09-14 10:13:22,2665,2026-06-03 07:10:20,3,2026-06-03 07:10:20,False,,bajo,False
2026-09-14 10:13:22,2718,2026-06-03 07:28:18,3,2026-06-03 07:28:18,False,,bajo,False
2026-09-14 10:13:22,2722,2026-06-03 06:10:37,3,2026-06-03 06:10:37,False,,bajo,False
2026-09-14 10:13:22,2751,2026-06-03 07:40:08,3,2026-06-03 07:40:08,False,,bajo,False
2026-09-14 10:13:22,2858,2026-06-03 00:31:15,3,2026-06-03 00:31:15,False,,bajo,False
2026-09-14 10:13:22,2993,2026-05-28 08:20:47,3,2026-05-28 08:20:47,False,,bajo,False
2026-09-14 10:13:22,2994,2026-06-03 07:45:41,3,2026-06-03 07:45:41,False,,bajo,False
2026-09-14 10:13:22,3010,2026-06-03 08:19:28,3,2026-06-03 08:19:28,False,,bajo,False
2026-09-14 10:13:22,3011,2026-06-03 08:45:02,3,2026-06-03 08:45:02,False,,bajo,False
2026-09-14 10:13:22,3024,2026-06-03 07:31:40,3,2026-06-03 07:31:40,False,,bajo,False
2026-09-14 10:13:22,3026,2026-06-03 08:11:53,3,2026-06-03 08:11:53,False,,bajo,False
2026-09-14 10:13:22,3027,2026-06-03 08:24:41,3,2026-06-03 08:24:41,False,,bajo,False
2026-09-14 10:13:22,3074,2026-06-03 06:59:32,3,2026-06-03 06:59:32,False,,bajo,False
2026-09-14 10:13:22,3079,2026-06-03 07:50:16,3,2026-06-03 07:50:16,False,,bajo,False
2026-09-14 10:13:22,3086,2026-06-03 08:38:54,3,2026-06-03 08:38:54,False,,bajo,False
2026-09-14 10:13:22,3087,2026-06-03 02:06:08,3,2026-06-03 02:06:08,False,,bajo,False
2026-09-14 10:13:22,3132,2026-06-03 08:15:52,3,2026-06-03 08:15:52,False,,bajo,False
2026-09-14 10:13:22,3160,2026-06-03 03:28:18,3,2026-06-03 03:28:18,False,,bajo,False
2026-09-14 10:13:22,3172,2026-06-03 08:52:22,3,2026-06-03 08:52:22,False,,bajo,False
2026-09-14 10:13:22,3203,2026-06-03 17:31:00,3,2026-06-03 17:31:00,False,,bajo,False
2026-09-14 10:13:22,3204,2026-06-03 07:54:17,3,2026-06-03 07:54:17,False,,bajo,False
2026-09-14 10:13:22,3207,2026-06-03 07:05:01,3,2026-06-03 07:05:01,False,,bajo,False
2026-09-14 10:13:22,3222,2026-06-03 08:54:14,3,2026-06-03 08:54:14,False,,bajo,False
2026-09-14 10:13:22,2362,2026-09-14 10:12:39,0,2026-09-14 10:12:39,False,,bajo,True
2026-09-14 10:13:22,2815,2026-09-13 21:00:55,0,2026-09-13 21:00:55,False,,bajo,False
2026-09-14 10:13:22,2817,2026-09-14 10:13:01,0,2026-09-14 10:13:01,False,,bajo,True
2026-09-14 10:13:22,2818,2026-09-13 10:41:01,0,2026-09-13 10:41:01,False,,bajo,False
2026-09-14 10:13:22,2820,2026-09-14 10:13:12,0,2026-09-14 10:13:12,False,,bajo,True
2026-09-14 10:13:22,2821,2026-09-14 10:13:04,0,2026-09-14 10:13:04,False,,medio,True
2026-09-14 10:13:22,2822,2026-09-14 10:12:07,0,2026-09-14 10:12:07,False,,medio,True
2026-09-14 10:13:22,2823,2026-09-13 08:29:09,0,2026-09-13 08:29:09,False,,bajo,True
2026-09-14 10:13:22,2824,2026-09-12 19:41:36,0,2026-09-12 19:41:36,False,,bajo,True
2026-09-14 10:13:22,2827,2026-09-14 10:13:03,0,2026-09-14 10:13:03,False,,bajo,True
2026-09-14 10:13:22,2828,2026-08-27 14:39:54,0,2026-08-27 14:39:54,False,,bajo,False
2026-09-14 10:13:22,2833,2026-09-13 18:12:47,0,2026-09-13 18:12:47,False,,alto,False
2026-09-14 10:13:22,2931,2026-09-14 10:12:46,0,2026-09-14 10:12:46,True,2026-09-14 09:38:07,bajo,False
2026-09-14 10:13:22,2932,2026-09-14 10:12:46,0,2026-09-14 10:12:46,True,2026-09-14 09:39:19,bajo,False
2026-09-14 10:13:22,2949,2026-09-14 10:12:42,0,2026-09-14 10:12:42,False,,bajo,False
2026-09-14 10:13:22,2952,2026-09-12 09:52:13,0,2026-09-12 09:52:13,False,,bajo,False
2026-09-14 10:13:22,2953,2026-09-11 18:37:54,0,2026-09-11 18:37:54,False,,bajo,False
2026-09-14 10:13:22,2969,2026-09-14 10:12:47,0,2026-09-14 10:12:47,True,2026-09-14 09:29:50,medio,True
2026-09-14 10:13:22,2995,2026-09-14 10:04:22,0,2026-09-14 10:04:22,False,,bajo,False
2026-09-14 10:13:22,3017,2026-09-13 19:06:10,0,2026-09-13 19:06:10,False,,bajo,False
2026-09-14 10:13:22,3021,2026-09-11 10:28:29,0,2026-09-11 10:28:29,False,,bajo,False
2026-09-14 10:13:22,3068,2026-09-12 18:58:23,0,2026-09-12 18:58:23,False,,bajo,False
2026-09-14 10:13:22,3080,2026-09-13 20:04:54,0,2026-09-13 20:04:54,False,,bajo,True
2026-09-14 10:13:22,3089,2026-09-14 07:51:41,0,2026-09-14 07:51:41,False,,bajo,False
2026-09-14 10:13:22,3111,2026-09-14 10:07:56,0,2026-09-14 10:07:56,True,2026-09-14 09:38:52,bajo,True
2026-09-14 10:13:22,3112,2026-09-14 10:10:50,0,2026-09-14 10:10:50,False,,medio,False
2026-09-14 10:13:22,3142,2026-09-12 13:26:53,0,2026-09-12 13:26:53,False,,bajo,False
2026-09-14 10:13:22,3181,2026-09-14 10:11:44,0,2026-09-14 10:11:44,False,,bajo,True
2026-09-14 10:13:22,3205,2026-09-12 19:18:46,0,2026-09-12 19:18:46,False,,bajo,False
2026-09-14 10:13:22,3233,2026-09-14 10:12:09,0,2026-09-14 10:12:09,False,,bajo,False
2026-09-14 10:13:22,2362,2026-09-14 08:43:36,1,2026-09-14 08:43:36,False,,bajo,True
2026-09-14 10:13:22,2815,2026-09-14 10:04:39,1,2026-09-14 10:04:39,False,,bajo,False
2026-09-14 10:13:22,2817,2026-09-12 16:00:10,1,2026-09-12 16:00:10,False,,bajo,False
2026-09-14 10:13:22,2818,2026-09-12 23:22:21,1,2026-09-12 23:22:21,False,,bajo,False
2026-09-14 10:13:22,2820,2026-06-03 07:57:34,1,2026-06-03 07:57:34,False,,bajo,False
2026-09-14 10:13:22,2821,2026-09-14 10:02:18,1,2026-09-14 10:02:18,False,,alto,True
2026-09-14 10:13:22,2822,2026-09-14 10:11:03,1,2026-09-14 10:11:03,False,,alto,False
2026-09-14 10:13:22,2823,2026-09-14 10:05:22,1,2026-09-14 10:05:22,False,,bajo,True
2026-09-14 10:13:22,2824,2026-09-14 10:10:57,1,2026-09-14 10:10:57,False,,bajo,False
2026-09-14 10:13:22,2827,2026-09-12 11:28:24,1,2026-09-12 11:28:24,False,,bajo,False
2026-09-14 10:13:22,2828,2026-09-13 16:27:00,1,2026-09-13 16:27:00,False,,bajo,False
2026-09-14 10:13:22,2833,2026-09-13 15:48:24,1,2026-09-13 15:48:24,False,,alto,False
2026-09-14 10:13:22,2931,2026-09-14 09:39:31,1,2026-09-14 04:21:34,True,2026-09-14 09:39:31,bajo,True
2026-09-14 10:13:22,2932,2026-09-14 10:10:03,1,2026-09-14 10:10:03,False,,bajo,True
2026-09-14 10:13:22,2949,2026-09-14 08:48:36,1,2026-09-14 08:48:36,False,,bajo,False
2026-09-14 10:13:22,2952,2026-09-12 07:42:42,1,2026-09-12 07:42:42,False,,bajo,False
2026-09-14 10:13:22,2953,2026-09-14 10:06:38,1,2026-09-14 10:06:38,False,,bajo,False
2026-09-14 10:13:22,2969,2026-09-13 14:13:43,1,2026-09-13 14:13:43,False,,bajo,False
2026-09-14 10:13:22,2995,2026-09-13 09:44:00,1,2026-09-13 09:44:00,False,,bajo,False
2026-09-14 10:13:22,3017,2026-09-14 08:20:33,1,2026-09-14 08:20:33,False,,bajo,False
2026-09-14 10:13:22,3021,2026-09-11 10:05:28,1,2026-09-11 10:05:28,False,,bajo,False
2026-09-14 10:13:22,3068,2026-09-14 10:09:11,1,2026-09-14 10:09:11,False,,bajo,False
2026-09-14 10:13:22,3080,2026-09-13 19:23:31,1,2026-09-13 19:23:31,False,,bajo,False
2026-09-14 10:13:22,3089,2026-09-14 10:02:58,1,2026-09-14 10:02:58,False,,bajo,False
2026-09-14 10:13:22,3111,2026-09-14 09:47:38,1,2026-09-14 09:47:38,True,2026-09-14 09:38:52,bajo,False
2026-09-14 10:13:22,3112,2026-09-14 09:59:20,1,2026-09-14 09:59:20,False,,bajo,False
2026-09-14 10:13:22,3142,2026-09-14 09:25:11,1,2026-09-14 09:25:11,False,,bajo,False
2026-09-14 10:13:22,3181,2026-09-14 09:57:05,1,2026-09-14 09:57:05,False,,bajo,False
2026-09-14 10:13:22,3233,2026-09-14 09:38:25,1,2026-09-14 09:38:25,False,,bajo,True
2026-09-14 10:13:22,2736,2026-09-14 10:12:05,0,2026-09-14 10:12:05,False,,bajo,True
2026-09-14 10:13:22,2755,2026-09-14 10:12:57,0,2026-09-14 10:12:57,False,,bajo,True
2026-09-14 10:13:22,2908,2026-09-14 10:12:59,0,2026-09-14 10:12:59,False,,bajo,True
2026-09-14 10:13:22,3072,2025-03-13 16:03:26,0,2025-03-13 16:03:26,False,,bajo,False
2026-09-14 10:13:22,3100,2026-09-14 10:13:05,0,2026-09-14 10:13:05,False,,bajo,True
2026-09-14 10:13:22,3170,2026-09-13 07:17:05,0,2026-09-13 07:17:05,False,,bajo,False
2026-09-14 10:13:22,2736,2026-09-14 10:12:36,1,2026-09-14 10:12:36,False,,bajo,False
2026-09-14 10:13:22,2755,2026-09-13 10:38:24,1,2026-09-13 10:38:24,False,,bajo,True
2026-09-14 10:13:22,2908,2026-09-14 10:12:52,1,2026-09-14 10:12:52,False,,bajo,False
2026-09-14 10:13:22,3072,2025-03-13 16:03:26,1,2025-03-13 16:03:26,False,,bajo,False
2026-09-14 10:13:22,3100,2026-09-14 08:54:33,1,2026-09-14 08:54:33,False,,bajo,False
2026-09-14 10:13:22,3170,2026-09-12 12:01:56,1,2026-09-12 12:01:56,False,,bajo,False
2026-09-14 15:28:42,2456,2026-09-14 15:26:38,0,2026-09-14 15:26:38,False,,medio,False
2026-09-14 15:28:42,2458,2026-09-14 15:25:52,0,2026-09-14 15:25:52,False,,alto,False
2026-09-14 15:28:42,2491,2026-09-12 14:56:35,0,2026-09-12 14:56:35,False,,bajo,False
2026-09-14 15:28:42,2494,2026-09-14 15:25:54,0,2026-09-14 15:25:54,True,2026-09-14 11:06:53,alto,False
2026-09-14 15:28:42,2501,2026-09-14 15:27:14,0,2026-09-14 15:27:14,False,,bajo,False
2026-09-14 15:28:42,2531,2026-09-14 15:19:07,0,2026-09-14 15:19:07,False,,alto,False
2026-09-14 15:28:42,2545,2026-09-14 15:27:14,0,2026-09-14 15:27:14,False,,bajo,False
2026-09-14 15:28:42,2551,2026-09-14 15:25:22,0,2026-09-14 15:25:22,False,,bajo,True
2026-09-14 15:28:42,2639,2026-09-12 14:25:45,0,2026-09-12 14:25:45,False,,bajo,False
2026-09-14 15:28:42,2670,2026-09-14 15:23:20,0,2026-09-14 15:23:20,True,2026-09-14 12:29:06,bajo,True
2026-09-14 15:28:42,2675,2026-09-14 15:26:56,0,2026-09-14 15:26:56,True,2026-09-14 13:57:19,bajo,True
2026-09-14 15:28:42,2704,2026-09-14 11:21:35,0,2026-09-14 08:55:26,True,2026-09-14 11:21:35,bajo,False
2026-09-14 15:28:42,2705,2026-09-14 15:24:46,0,2026-09-14 15:24:46,False,,bajo,False
2026-09-14 15:28:42,2719,2025-06-26 16:00:33,0,2025-06-26 16:00:33,False,,bajo,False
2026-09-14 15:28:42,2728,2026-09-14 15:24:42,0,2026-09-14 15:24:42,False,,bajo,False
2026-09-14 15:28:42,2731,2026-09-14 13:36:45,0,2026-09-14 13:36:45,False,,bajo,False
2026-09-14 15:28:42,2869,2026-09-13 10:28:44,0,2026-09-13 10:28:44,False,,bajo,False
2026-09-14 15:28:42,2881,2026-09-12 23:00:37,0,2026-09-12 23:00:37,False,,bajo,False
2026-09-14 15:28:42,2903,2026-09-11 11:17:30,0,2026-09-11 11:17:30,False,,bajo,True
2026-09-14 15:28:42,2939,2026-09-14 15:26:30,0,2026-09-14 15:26:30,False,,bajo,True
2026-09-14 15:28:42,2940,2026-09-14 15:18:30,0,2026-09-14 15:18:30,False,,bajo,True
2026-09-14 15:28:42,3051,2026-09-12 18:41:52,0,2026-09-12 18:41:52,False,,bajo,False
2026-09-14 15:28:42,3078,2026-09-14 15:22:16,0,2026-09-14 15:22:16,False,,bajo,True
2026-09-14 15:28:42,3114,2026-09-13 20:00:21,0,2026-09-13 20:00:21,False,,bajo,False
2026-09-14 15:28:42,3118,2026-09-14 14:15:14,0,2026-09-13 19:35:14,True,2026-09-14 14:15:14,bajo,False
2026-09-14 15:28:42,3119,2026-09-13 13:55:42,0,2026-09-13 13:55:42,False,,bajo,False
2026-09-14 15:28:42,3164,2026-09-14 15:27:40,0,2026-09-14 15:27:40,True,2026-09-14 13:57:19,bajo,True
2026-09-14 15:28:42,3249,2026-09-13 12:41:49,0,2026-09-13 12:41:49,False,,bajo,True
2026-09-14 15:28:42,2456,2026-09-14 15:24:56,1,2026-09-14 15:24:56,False,,alto,False
2026-09-14 15:28:42,2458,2026-09-14 15:25:51,1,2026-09-14 15:25:51,False,,bajo,False
2026-09-14 15:28:42,2491,2026-09-12 12:04:13,1,2026-09-12 12:04:13,False,,bajo,False
2026-09-14 15:28:42,2494,2026-09-14 15:22:37,1,2026-09-14 15:22:37,False,,alto,False
2026-09-14 15:28:42,2501,2026-09-14 15:23:53,1,2026-09-14 15:23:53,False,,bajo,False
2026-09-14 15:28:42,2531,2026-09-14 15:19:05,1,2026-09-14 15:19:05,True,2026-09-14 11:07:15,alto,False
2026-09-14 15:28:42,2545,2026-09-14 12:40:14,1,2026-09-14 12:40:14,False,,bajo,True
2026-09-14 15:28:42,2551,2026-09-13 10:45:02,1,2026-09-13 10:45:02,False,,bajo,False
2026-09-14 15:28:42,2639,2026-09-12 16:06:58,1,2026-09-12 16:06:58,False,,bajo,False
2026-09-14 15:28:42,2670,2026-09-14 15:22:47,1,2026-09-14 15:22:47,True,2026-09-14 12:29:06,bajo,False
2026-09-14 15:28:42,2675,2026-09-14 15:25:21,1,2026-09-14 15:25:21,True,2026-09-14 10:36:09,bajo,False
2026-09-14 15:28:42,2704,2026-09-14 15:10:06,1,2026-09-14 15:10:06,False,,bajo,False
2026-09-14 15:28:42,2705,2026-09-14 14:10:46,1,2026-09-14 14:10:46,False,,bajo,False
2026-09-14 15:28:42,2728,2026-09-14 15:11:07,1,2026-09-14 15:11:07,False,,bajo,False
2026-09-14 15:28:42,2731,2026-09-14 14:20:21,1,2026-09-14 14:20:21,False,,bajo,False
2026-09-14 15:28:42,2869,2026-09-13 16:02:16,1,2026-09-13 16:02:16,False,,bajo,False
2026-09-14 15:28:42,2881,2026-09-14 12:10:00,1,2026-09-14 12:10:00,False,,bajo,False
2026-09-14 15:28:42,2903,2026-09-14 11:39:39,1,2026-09-14 11:39:39,False,,bajo,False
2026-09-14 15:28:42,2939,2026-09-14 15:15:02,1,2026-09-14 15:15:02,False,,bajo,False
2026-09-14 15:28:42,2940,2026-09-14 14:12:36,1,2026-09-14 14:12:36,False,,bajo,True
2026-09-14 15:28:42,3051,2026-09-14 15:07:12,1,2026-09-14 15:07:12,False,,bajo,False
2026-09-14 15:28:42,3078,2026-09-14 15:15:26,1,2026-09-14 15:15:26,False,,bajo,False
2026-09-14 15:28:42,3114,2026-09-13 16:50:20,1,2026-09-13 16:50:20,False,,bajo,False
2026-09-14 15:28:42,3118,2026-09-14 14:15:14,1,2026-09-12 07:45:14,True,2026-09-14 14:15:14,bajo,False
2026-09-14 15:28:42,3119,2026-09-13 11:09:44,1,2026-09-13 11:09:44,False,,bajo,False
2026-09-14 15:28:42,3249,2026-09-14 14:52:31,1,2026-09-14 14:52:31,False,,bajo,True
2026-09-14 15:28:42,2289,2026-09-14 15:26:23,0,2026-09-14 15:26:23,True,2026-09-14 10:28:44,bajo,True
2026-09-14 15:28:42,2292,2026-09-14 15:26:54,0,2026-09-14 15:26:54,False,,bajo,True
2026-09-14 15:28:42,2304,2026-06-03 08:24:38,0,2026-06-03 08:24:38,False,,bajo,False
2026-09-14 15:28:42,2329,2026-09-14 13:45:38,0,2026-09-14 12:10:17,True,2026-09-14 13:45:38,bajo,True
2026-09-14 15:28:42,2332,2026-09-14 15:27:26,0,2026-09-14 15:27:26,False,,bajo,False
2026-09-14 15:28:42,2359,2026-09-14 13:48:45,0,2026-09-13 14:46:36,True,2026-09-14 13:48:45,bajo,False
2026-09-14 15:28:42,2360,2026-09-14 14:12:56,0,2026-09-13 18:32:35,True,2026-09-14 14:12:56,bajo,False
2026-09-14 15:28:42,2361,2025-03-13 16:03:26,0,2025-03-13 16:03:26,False,,bajo,False
2026-09-14 15:28:42,2384,2026-09-14 15:27:26,0,2026-09-14 15:27:26,True,2026-09-14 11:25:52,alto,False
2026-09-14 15:28:42,2394,2026-09-14 15:27:11,0,2026-09-14 15:27:11,False,,alto,False
2026-09-14 15:28:42,2395,2026-09-14 15:23:10,0,2026-09-14 15:23:10,False,,bajo,True
2026-09-14 15:28:42,2405,2026-09-14 09:57:19,0,2026-09-14 09:57:19,False,,bajo,True
2026-09-14 15:28:42,2447,2026-09-12 19:22:44,0,2026-09-12 19:22:44,False,,bajo,False
2026-09-14 15:28:42,2448,2026-09-13 16:31:12,0,2026-09-13 16:31:12,False,,bajo,False
2026-09-14 15:28:42,2449,2026-09-14 15:18:39,0,2026-09-14 15:18:39,False,,bajo,True
2026-09-14 15:28:42,2450,2026-09-14 15:24:07,0,2026-09-14 15:24:07,False,,bajo,False
2026-09-14 15:28:42,2453,2026-09-13 11:53:15,0,2026-09-13 11:53:15,False,,bajo,False
2026-09-14 15:28:42,2454,2026-09-14 15:25:18,0,2026-09-14 15:25:18,False,,bajo,True
2026-09-14 15:28:42,2457,2026-09-14 15:27:40,0,2026-09-14 15:27:40,False,,bajo,False
2026-09-14 15:28:42,2470,2026-09-14 12:27:43,0,2026-09-14 12:27:43,False,,bajo,True
2026-09-14 15:28:42,2478,2026-09-14 15:26:45,0,2026-09-14 15:26:45,False,,bajo,True
2026-09-14 15:28:42,2479,2026-09-14 13:34:16,0,2026-09-14 13:34:16,False,,bajo,True
2026-09-14 15:28:42,2487,2026-09-12 17:34:31,0,2026-09-12 17:34:31,False,,bajo,False
2026-09-14 15:28:42,2490,2025-03-13 16:03:27,0,2025-03-13 16:03:27,False,,bajo,False
2026-09-14 15:28:42,2493,2025-03-13 16:03:26,0,2025-03-13 16:03:26,False,,bajo,False
2026-09-14 15:28:42,2499,2026-09-14 15:26:39,0,2026-09-14 15:26:39,False,,bajo,True
2026-09-14 15:28:42,2505,2026-09-13 15:25:03,0,2026-09-13 15:25:03,False,,bajo,False
2026-09-14 15:28:42,2507,2026-09-11 11:39:15,0,2026-09-11 11:39:15,False,,bajo,False
2026-09-14 15:28:42,2508,2026-09-14 10:21:13,0,2026-09-14 10:21:13,False,,bajo,False
2026-09-14 15:28:42,2517,2026-09-13 11:10:20,0,2026-09-13 11:10:20,False,,bajo,False
2026-09-14 15:28:42,2518,2026-09-14 15:22:18,0,2026-09-14 15:22:18,True,2026-09-14 14:14:54,bajo,True
2026-09-14 15:28:42,2520,2026-09-14 15:27:50,0,2026-09-14 15:27:50,False,,bajo,True
2026-09-14 15:28:42,2525,2026-09-14 15:21:06,0,2026-09-14 15:21:06,False,,alto,False
2026-09-14 15:28:42,2526,2026-09-14 15:27:38,0,2026-09-14 15:27:38,False,,bajo,True
2026-09-14 15:28:42,2529,2026-09-14 15:27:32,0,2026-09-14 15:27:32,False,,bajo,False
2026-09-14 15:28:42,2530,2026-06-02 08:37:08,0,2026-06-02 08:37:08,False,,bajo,False
2026-09-14 15:28:42,2532,2026-09-14 15:27:31,0,2026-09-14 15:27:31,True,2026-09-14 12:02:13,bajo,True
2026-09-14 15:28:42,2534,2026-09-14 15:27:19,0,2026-09-14 15:27:19,False,,bajo,True
2026-09-14 15:28:42,2536,2026-09-14 15:21:50,0,2026-09-14 15:21:50,True,2026-09-14 14:04:21,bajo,True
2026-09-14 15:28:42,2539,2025-03-13 16:03:27,0,2025-03-13 16:03:27,False,,bajo,False
2026-09-14 15:28:42,2542,2026-09-14 15:23:51,0,2026-09-14 15:23:51,False,,bajo,False
2026-09-14 15:28:42,2547,2026-09-14 15:25:22,0,2026-09-14 15:25:22,False,,bajo,False
2026-09-14 15:28:42,2548,2026-09-14 15:20:01,0,2026-09-14 15:20:01,False,,bajo,True
2026-09-14 15:28:42,2552,2026-09-14 15:27:05,0,2026-09-14 15:27:05,False,,bajo,False
2026-09-14 15:28:42,2557,2026-09-14 15:24:44,0,2026-09-14 15:24:44,False,,bajo,True
2026-09-14 15:28:42,2563,2026-09-14 12:50:17,0,2026-09-14 12:50:17,False,,bajo,False
2026-09-14 15:28:42,2571,2026-09-14 14:58:53,0,2026-09-14 14:58:53,False,,bajo,False
2026-09-14 15:28:42,2580,2026-09-13 13:44:43,0,2026-09-13 13:44:43,False,,bajo,False
2026-09-14 15:28:42,2609,2026-09-14 14:28:08,0,2026-09-14 14:28:08,False,,bajo,True
2026-09-14 15:28:42,2610,2026-09-13 06:54:43,0,2026-09-13 06:54:43,False,,bajo,False
2026-09-14 15:28:42,2620,2026-09-14 15:27:04,0,2026-09-14 15:27:04,True,2026-09-14 12:04:17,bajo,True
2026-09-14 15:28:42,2622,2026-09-14 15:26:38,0,2026-09-14 15:26:38,True,2026-09-14 10:32:25,bajo,False
2026-09-14 15:28:42,2630,2026-09-14 15:27:16,0,2026-09-14 15:27:16,False,,bajo,False
2026-09-14 15:28:42,2647,2026-09-14 15:27:13,0,2026-09-14 15:27:13,True,2026-09-14 11:39:29,bajo,True
2026-09-14 15:28:42,2662,2026-09-14 15:27:46,0,2026-09-14 15:27:46,True,2026-09-14 11:53:38,bajo,False
2026-09-14 15:28:42,2677,2026-09-14 10:48:53,0,2026-09-14 10:48:53,False,,bajo,False
2026-09-14 15:28:42,2683,2026-09-14 13:00:41,0,2026-09-14 13:00:41,False,,bajo,False
2026-09-14 15:28:42,2685,2026-09-13 20:31:23,0,2026-09-13 20:31:23,False,,bajo,False
2026-09-14 15:28:42,2689,2026-09-14 15:27:33,0,2026-09-14 15:27:33,False,,bajo,False
2026-09-14 15:28:42,2690,2026-09-14 15:26:39,0,2026-09-14 15:26:39,False,,bajo,False
2026-09-14 15:28:42,2694,2025-03-13 16:03:26,0,2025-03-13 16:03:26,False,,bajo,False
2026-09-14 15:28:42,2696,2026-09-13 22:41:37,0,2026-09-13 22:41:37,False,,bajo,False
2026-09-14 15:28:42,2698,2026-09-14 15:22:43,0,2026-09-14 15:22:43,True,2026-09-14 13:16:17,alto,True
2026-09-14 15:28:42,2703,2026-09-14 15:26:11,0,2026-09-14 15:26:11,True,2026-09-14 13:56:27,bajo,True
2026-09-14 15:28:42,2711,2026-09-13 12:10:43,0,2026-09-13 12:10:43,False,,alto,False
2026-09-14 15:28:42,2715,2026-09-14 15:27:47,0,2026-09-14 15:27:47,False,,medio,False
2026-09-14 15:28:42,2716,2026-09-13 20:52:32,0,2026-09-13 20:52:32,False,,bajo,False
2026-09-14 15:28:42,2733,2025-03-13 16:03:27,0,2025-03-13 16:03:27,False,,bajo,False
2026-09-14 15:28:42,2742,2026-09-10 07:51:41,0,2026-09-10 07:51:41,False,,bajo,False
2026-09-14 15:28:42,2747,2026-09-14 15:26:25,0,2026-09-14 15:26:25,False,,bajo,False
2026-09-14 15:28:42,2752,2025-03-13 16:03:27,0,2025-03-13 16:03:27,False,,bajo,False
2026-09-14 15:28:42,2764,2026-09-14 13:58:12,0,2026-09-14 13:58:12,False,,bajo,False
2026-09-14 15:28:42,2765,2026-09-14 15:27:45,0,2026-09-14 15:27:45,False,,bajo,True
2026-09-14 15:28:42,2772,2026-06-03 04:57:09,0,2026-06-03 04:57:09,False,,bajo,False
2026-09-14 15:28:42,2774,2026-09-14 15:26:30,0,2026-09-14 15:26:30,False,,bajo,True
2026-09-14 15:28:42,2776,2026-09-14 15:05:33,0,2026-09-14 15:05:33,False,,bajo,True
2026-09-14 15:28:42,2779,2026-09-14 14:18:11,0,2026-09-14 14:18:11,False,,bajo,True
2026-09-14 15:28:42,2783,2026-09-14 15:27:45,0,2026-09-14 15:27:45,True,2026-09-14 11:37:19,bajo,False
2026-09-14 15:28:42,2784,2026-09-14 11:27:50,0,2026-09-14 11:27:50,False,,bajo,False
2026-09-14 15:28:42,2788,2026-09-14 12:47:24,0,2026-09-14 12:47:24,False,,bajo,False
2026-09-14 15:28:42,2793,2026-09-13 20:41:29,0,2026-09-13 20:41:29,False,,bajo,True
2026-09-14 15:28:42,2798,2026-09-14 15:21:12,0,2026-09-14 15:21:12,True,2026-09-14 10:40:16,bajo,False
2026-09-14 15:28:42,2802,2026-06-03 00:08:20,0,2026-06-03 00:08:20,False,,bajo,False
2026-09-14 15:28:42,2805,2026-09-14 15:26:13,0,2026-09-14 15:26:13,False,,bajo,True
2026-09-14 15:28:42,2806,2026-09-14 15:26:32,0,2026-09-14 15:26:32,False,,bajo,True
2026-09-14 15:28:42,2809,2026-09-14 14:33:27,0,2026-09-14 14:33:27,False,,bajo,True
2026-09-14 15:28:42,2811,2026-09-07 13:16:30,0,2026-09-07 13:16:30,False,,bajo,False
2026-09-14 15:28:42,2861,2026-09-14 15:27:44,0,2026-09-14 15:27:44,False,,bajo,True
2026-09-14 15:28:42,2870,2026-09-14 13:52:44,0,2026-09-14 13:52:44,False,,bajo,False
2026-09-14 15:28:42,2873,2026-09-14 15:21:27,0,2026-09-14 15:21:27,False,,bajo,False
2026-09-14 15:28:42,2899,2026-09-14 15:27:08,0,2026-09-14 15:27:08,True,2026-09-14 11:00:02,bajo,True
2026-09-14 15:28:42,2900,2025-03-13 16:18:25,0,2025-03-13 16:18:25,False,,bajo,False
2026-09-14 15:28:42,2912,2026-09-14 13:26:10,0,2026-09-14 13:26:10,False,,bajo,True
2026-09-14 15:28:42,2913,2026-09-11 21:13:15,0,2026-09-11 21:13:15,False,,bajo,False
2026-09-14 15:28:42,2928,2026-09-14 09:21:13,0,2026-09-14 09:21:13,False,,alto,True
2026-09-14 15:28:42,2934,2026-09-14 15:24:56,0,2026-09-14 15:24:56,True,2026-09-14 12:46:50,bajo,False
2026-09-14 15:28:42,2943,2026-09-14 15:27:32,0,2026-09-14 15:27:32,False,,bajo,True
2026-09-14 15:28:42,2945,2026-09-11 16:38:25,0,2026-09-11 16:38:25,False,,bajo,False
2026-09-14 15:28:42,2947,2026-09-14 15:27:31,0,2026-09-14 15:27:31,True,2026-09-14 13:03:00,bajo,True
2026-09-14 15:28:42,2956,2026-09-13 18:48:57,0,2026-09-13 18:48:57,False,,bajo,False
2026-09-14 15:28:42,2958,2026-09-14 09:19:35,0,2026-09-14 09:19:35,False,,alto,True
2026-09-14 15:28:42,2968,2026-09-14 15:27:06,0,2026-09-14 15:27:06,False,,bajo,True
2026-09-14 15:28:42,3040,2026-09-14 15:26:41,0,2026-09-14 15:26:41,False,,bajo,True
2026-09-14 15:28:42,3052,2026-09-14 15:26:53,0,2026-09-14 15:26:53,True,2026-09-14 12:50:02,bajo,False
2026-09-14 15:28:42,3053,2026-09-14 14:45:54,0,2026-09-13 10:57:12,True,2026-09-14 14:45:54,bajo,True
2026-09-14 15:28:42,3069,2026-09-13 09:07:18,0,2026-09-13 09:07:18,False,,bajo,True
2026-09-14 15:28:42,3083,2026-09-13 20:26:03,0,2026-09-13 20:26:03,False,,bajo,False
2026-09-14 15:28:42,3092,2026-09-14 15:26:39,0,2026-09-14 15:26:39,False,,bajo,False
2026-09-14 15:28:42,3123,2026-09-14 15:27:04,0,2026-09-14 15:27:04,True,2026-09-14 11:27:41,bajo,False
2026-09-14 15:28:42,3126,2026-09-14 14:41:27,0,2026-09-14 14:41:27,False,,bajo,False
2026-09-14 15:28:42,3166,2026-09-13 20:44:20,0,2026-09-13 20:44:20,False,,bajo,True
2026-09-14 15:28:42,3182,2026-09-14 15:16:23,0,2026-09-14 15:16:23,True,2026-09-14 14:01:22,bajo,False
2026-09-14 15:28:42,3196,2026-09-14 15:26:58,0,2026-09-14 15:26:58,False,,bajo,True
2026-09-14 15:28:42,3200,2026-09-14 14:36:41,0,2026-09-13 14:32:36,True,2026-09-14 14:36:41,bajo,False
2026-09-14 15:28:42,3206,2026-09-12 14:30:42,0,2026-09-12 14:30:42,False,,bajo,False
2026-09-14 15:28:42,3218,2026-09-14 07:52:59,0,2026-09-14 07:52:59,False,,bajo,False
2026-09-14 15:28:42,3220,2026-09-13 16:28:49,0,2026-09-13 16:28:49,False,,bajo,False
2026-09-14 15:28:42,3221,2026-09-14 15:25:35,0,2026-09-14 15:25:35,False,,alto,True
2026-09-14 15:28:42,3238,2026-09-13 14:10:17,0,2026-09-13 14:10:17,False,,bajo,True
2026-09-14 15:28:42,3241,2026-09-11 09:56:52,0,2026-09-11 09:56:52,False,,bajo,True
2026-09-14 15:28:42,3246,2026-09-14 15:27:02,0,2026-09-14 15:27:02,True,2026-09-14 11:33:02,bajo,True
2026-09-14 15:28:42,3252,2026-09-14 15:25:19,0,2026-09-14 15:25:19,False,,bajo,False
2026-09-14 15:28:42,3261,2026-09-14 15:18:22,0,2026-09-14 15:18:22,False,,bajo,False
2026-09-14 15:28:42,4016,2026-09-14 14:12:51,0,2026-09-14 14:12:51,False,,bajo,True
2026-09-14 15:28:42,4027,2026-09-12 18:42:16,0,2026-09-12 18:42:16,False,,bajo,False
2026-09-14 15:28:42,2304,2026-09-12 22:00:54,1,2026-09-12 22:00:54,False,,bajo,False
2026-09-14 15:28:42,2332,2026-09-14 15:22:11,1,2026-09-14 15:22:11,True,2026-09-14 13:09:57,bajo,False
2026-09-14 15:28:42,2359,2026-09-14 15:21:48,1,2026-09-14 15:21:48,True,2026-09-14 12:37:11,bajo,False
2026-09-14 15:28:42,2361,2025-03-13 16:03:26,1,2025-03-13 16:03:26,False,,bajo,False
2026-09-14 15:28:42,2384,2026-09-12 05:48:44,1,2026-09-12 05:48:44,False,,bajo,False
2026-09-14 15:28:42,2394,2026-09-12 20:30:30,1,2026-09-12 20:30:30,False,,alto,False
2026-09-14 15:28:42,2395,2026-09-14 15:18:23,1,2026-09-14 15:18:23,True,2026-09-14 12:24:23,bajo,True
2026-09-14 15:28:42,2405,2026-09-14 15:26:43,1,2026-09-14 15:26:43,False,,bajo,False
2026-09-14 15:28:42,2447,2026-09-11 18:05:13,1,2026-09-11 18:05:13,False,,bajo,True
2026-09-14 15:28:42,2448,2026-09-13 10:10:25,1,2026-09-13 10:10:25,False,,bajo,False
2026-09-14 15:28:42,2449,2026-09-14 15:26:44,1,2026-09-14 15:26:44,False,,bajo,False
2026-09-14 15:28:42,2450,2026-09-12 11:10:57,1,2026-09-12 11:10:57,False,,bajo,False
2026-09-14 15:28:42,2453,2026-09-13 12:43:20,1,2026-09-13 12:43:20,False,,bajo,False
2026-09-14 15:28:42,2454,2026-09-14 15:26:23,1,2026-09-14 15:26:23,True,2026-09-14 13:51:39,bajo,False
2026-09-14 15:28:42,2457,2026-09-13 13:05:45,1,2026-09-13 13:05:45,False,,bajo,False
2026-09-14 15:28:42,2478,2026-09-13 19:18:35,1,2026-09-13 19:18:35,False,,bajo,True
2026-09-14 15:28:42,2487,2026-09-14 13:57:56,1,2026-09-12 10:14:16,True,2026-09-14 13:57:56,bajo,False
2026-09-14 15:28:42,2490,2025-03-13 16:03:27,1,2025-03-13 16:03:27,False,,bajo,False
2026-09-14 15:28:42,2493,2025-03-13 16:03:26,1,2025-03-13 16:03:26,False,,bajo,False
2026-09-14 15:28:42,2499,2026-06-03 06:29:57,1,2026-06-03 06:29:57,False,,bajo,False
2026-09-14 15:28:42,2505,2026-09-11 19:20:36,1,2026-09-11 19:20:36,False,,bajo,False
2026-09-14 15:28:42,2507,2026-09-10 14:03:19,1,2026-09-10 14:03:19,False,,bajo,False
2026-09-14 15:28:42,2508,2026-09-14 14:16:35,1,2026-09-13 17:20:00,True,2026-09-14 14:16:35,bajo,False
2026-09-14 15:28:42,2517,2026-09-12 14:52:58,1,2026-09-12 14:52:58,False,,bajo,False
2026-09-14 15:28:42,2518,2026-09-14 07:00:11,1,2026-09-14 07:00:11,False,,bajo,False
2026-09-14 15:28:42,2520,2026-09-14 15:20:55,1,2026-09-14 15:20:55,True,2026-09-14 12:57:07,bajo,True
2026-09-14 15:28:42,2525,2026-09-14 15:16:22,1,2026-09-14 15:16:22,True,2026-09-14 12:17:38,bajo,False
2026-09-14 15:28:42,2526,2026-09-11 08:43:35,1,2026-09-11 08:43:35,False,,bajo,False
2026-09-14 15:28:42,2529,2026-09-14 15:23:05,1,2026-09-14 15:23:05,True,2026-09-14 12:47:50,bajo,False
2026-09-14 15:28:42,2530,2026-09-13 00:07:19,1,2026-09-13 00:07:19,False,,bajo,False
2026-09-14 15:28:42,2534,2026-09-14 15:23:18,1,2026-09-14 15:23:18,True,2026-09-14 11:42:23,bajo,False
2026-09-14 15:28:42,2536,2026-09-11 00:12:23,1,2026-09-11 00:12:23,False,,bajo,False
2026-09-14 15:28:42,2539,2025-03-13 16:03:27,1,2025-03-13 16:03:27,False,,bajo,False
2026-09-14 15:28:42,2547,2026-09-14 15:25:20,1,2026-09-14 15:25:20,True,2026-09-14 11:41:27,bajo,False
2026-09-14 15:28:42,2548,2026-09-14 10:38:03,1,2026-09-14 10:38:03,False,,bajo,False
2026-09-14 15:28:42,2552,2026-09-13 08:33:30,1,2026-09-13 08:33:30,False,,bajo,False
2026-09-14 15:28:42,2557,2026-09-14 09:05:53,1,2026-09-14 09:05:53,False,,bajo,False
2026-09-14 15:28:42,2563,2026-09-12 17:15:29,1,2026-09-12 17:15:29,False,,bajo,False
2026-09-14 15:28:42,2571,2026-09-12 08:46:43,1,2026-09-12 08:46:43,False,,alto,False
2026-09-14 15:28:42,2580,2026-09-14 13:30:50,1,2026-09-14 13:30:50,False,,bajo,False
2026-09-14 15:28:42,2609,2026-09-11 06:51:47,1,2026-09-11 06:51:47,False,,bajo,True
2026-09-14 15:28:42,2610,2026-09-12 07:24:00,1,2026-09-12 07:24:00,False,,bajo,False
2026-09-14 15:28:42,2620,2026-09-13 11:51:37,1,2026-09-13 11:51:37,False,,bajo,False
2026-09-14 15:28:42,2622,2026-09-14 15:26:39,1,2026-09-14 15:26:39,True,2026-09-14 13:05:58,bajo,False
2026-09-14 15:28:42,2630,2026-09-14 09:03:22,1,2026-09-14 09:03:22,False,,bajo,False
2026-09-14 15:28:42,2647,2026-09-14 15:24:41,1,2026-09-14 15:24:41,False,,bajo,True
2026-09-14 15:28:42,2662,2026-09-12 13:44:37,1,2026-09-12 13:44:37,False,,bajo,False
2026-09-14 15:28:42,2677,2026-09-12 14:45:57,1,2026-09-12 14:45:57,False,,bajo,True
2026-09-14 15:28:42,2683,2026-09-13 12:56:49,1,2026-09-13 12:56:49,False,,bajo,True
2026-09-14 15:28:42,2685,2026-09-14 15:25:48,1,2026-09-14 15:25:48,False,,bajo,True
2026-09-14 15:28:42,2689,2026-09-13 06:21:29,1,2026-09-13 06:21:29,False,,bajo,False
2026-09-14 15:28:42,2690,2026-09-12 21:36:29,1,2026-09-12 21:36:29,False,,bajo,False
2026-09-14 15:28:42,2694,2025-03-13 16:03:26,1,2025-03-13 16:03:26,False,,bajo,False
2026-09-14 15:28:42,2698,2026-09-14 15:09:04,1,2026-09-14 15:09:04,True,2026-09-14 13:14:22,alto,False
2026-09-14 15:28:42,2703,2026-09-13 12:13:51,1,2026-09-13 12:13:51,False,,bajo,False
2026-09-14 15:28:42,2711,2026-09-13 09:48:26,1,2026-09-13 09:48:26,False,,bajo,False
2026-09-14 15:28:42,2715,2026-09-11 22:17:18,1,2026-09-11 22:17:18,False,,bajo,False
2026-09-14 15:28:42,2716,2026-09-12 09:06:18,1,2026-09-12 09:06:18,False,,bajo,False
2026-09-14 15:28:42,2742,2026-09-11 13:43:43,1,2026-09-11 13:43:43,False,,bajo,False
2026-09-14 15:28:42,2747,2026-09-14 13:50:15,1,2026-09-13 00:10:18,True,2026-09-14 13:50:15,bajo,False
2026-09-14 15:28:42,2764,2026-09-14 14:31:23,1,2026-09-14 14:31:23,False,,bajo,True
2026-09-14 15:28:42,2765,2026-09-14 14:10:10,1,2026-09-13 11:21:56,True,2026-09-14 14:10:10,bajo,False
2026-09-14 15:28:42,2772,2026-09-13 10:35:03,1,2026-09-13 10:35:03,False,,alto,False
2026-09-14 15:28:42,2774,2026-09-13 21:47:53,1,2026-09-13 21:47:53,False,,bajo,True
2026-09-14 15:28:42,2776,2026-09-12 21:57:38,1,2026-09-12 21:57:38,False,,bajo,False
2026-09-14 15:28:42,2779,2026-09-13 13:45:55,1,2026-09-13 13:45:55,False,,bajo,False
2026-09-14 15:28:42,2783,2026-09-14 13:03:31,1,2026-09-14 13:03:31,False,,bajo,False
2026-09-14 15:28:42,2784,2026-09-14 02:32:01,1,2026-09-14 02:32:01,False,,bajo,False
2026-09-14 15:28:42,2788,2026-09-10 18:20:44,1,2026-09-10 18:20:44,False,,bajo,False
2026-09-14 15:28:42,2793,2026-09-14 15:23:18,1,2026-09-14 15:23:18,False,,bajo,False
2026-09-14 15:28:42,2798,2026-09-13 03:30:48,1,2026-09-13 03:30:48,False,,bajo,False
2026-09-14 15:28:42,2802,2026-09-14 14:56:11,1,2026-09-14 14:56:11,False,,alto,False
2026-09-14 15:28:42,2805,2026-09-14 15:22:25,1,2026-09-14 15:22:25,True,2026-09-14 11:29:30,bajo,False
2026-09-14 15:28:42,2806,2026-09-14 11:56:32,1,2026-09-14 11:56:32,False,,bajo,False
2026-09-14 15:28:42,2811,2026-09-07 12:01:53,1,2026-09-07 12:01:53,False,,bajo,False
2026-09-14 15:28:42,2861,2026-06-03 08:53:58,1,2026-06-03 08:53:58,False,,bajo,False
2026-09-14 15:28:42,2870,2026-09-14 09:20:18,1,2026-09-14 09:20:18,False,,bajo,False
2026-09-14 15:28:42,2873,2026-09-10 18:58:26,1,2026-09-10 18:58:26,False,,bajo,False
2026-09-14 15:28:42,2899,2026-09-14 14:44:43,1,2026-09-14 14:44:43,False,,bajo,False
2026-09-14 15:28:42,2900,2025-03-13 16:18:25,1,2025-03-13 16:18:25,False,,bajo,False
2026-09-14 15:28:42,2912,2026-09-14 15:21:10,1,2026-09-14 15:21:10,True,2026-09-14 11:58:44,bajo,False
2026-09-14 15:28:42,2913,2026-09-13 12:14:26,1,2026-09-13 12:14:26,False,,bajo,False
2026-09-14 15:28:42,2928,2026-09-14 15:18:52,1,2026-09-14 15:18:52,False,,alto,False
2026-09-14 15:28:42,2934,2026-09-14 11:18:31,1,2026-09-14 11:18:31,False,,bajo,False
2026-09-14 15:28:42,2943,2026-09-14 15:27:10,1,2026-09-14 15:27:10,False,,bajo,True
2026-09-14 15:28:42,2945,2026-09-14 13:52:01,1,2026-09-14 13:52:01,False,,bajo,False
2026-09-14 15:28:42,2956,2026-09-13 12:14:39,1,2026-09-13 12:14:39,False,,medio,True
2026-09-14 15:28:42,2958,2026-09-14 08:03:16,1,2026-09-14 08:03:16,False,,medio,False
2026-09-14 15:28:42,2968,2026-09-14 15:27:34,1,2026-09-14 15:27:34,False,,bajo,True
2026-09-14 15:28:42,3040,2026-09-11 16:55:10,1,2026-09-11 16:55:10,False,,bajo,False
2026-09-14 15:28:42,3053,2026-09-14 15:26:02,1,2026-09-14 15:26:02,True,2026-09-14 14:05:44,bajo,False
2026-09-14 15:28:42,3069,2026-09-14 14:48:06,1,2026-09-14 14:48:06,False,,bajo,True
2026-09-14 15:28:42,3083,2026-09-14 15:21:43,1,2026-09-14 15:21:43,False,,bajo,True
2026-09-14 15:28:42,3092,2026-09-14 15:07:38,1,2026-09-14 15:07:38,True,2026-09-14 14:21:44,bajo,False
2026-09-14 15:28:42,3123,2026-09-13 13:08:49,1,2026-09-13 13:08:49,False,,bajo,False
2026-09-14 15:28:42,3126,2026-09-14 14:27:54,1,2026-09-14 14:27:54,False,,bajo,False
2026-09-14 15:28:42,3166,2026-06-03 07:30:20,1,2026-06-03 07:30:20,False,,bajo,False
2026-09-14 15:28:42,3182,2026-09-14 11:34:11,1,2026-09-14 09:07:42,True,2026-09-14 11:34:11,bajo,False
2026-09-14 15:28:42,3200,2026-09-13 12:56:35,1,2026-09-13 12:56:35,False,,bajo,False
2026-09-14 15:28:42,3206,2026-09-14 14:09:39,1,2026-09-14 14:09:39,False,,bajo,False
2026-09-14 15:28:42,3218,2026-09-13 14:03:44,1,2026-09-13 14:03:44,False,,bajo,True
2026-09-14 15:28:42,3220,2026-09-14 09:08:08,1,2026-09-14 09:08:08,False,,bajo,False
2026-09-14 15:28:42,3221,2026-09-14 15:02:39,1,2026-09-14 15:02:39,False,,bajo,False
2026-09-14 15:28:42,3241,2026-09-14 15:01:29,1,2026-09-14 15:01:29,False,,bajo,False
2026-09-14 15:28:42,3246,2026-09-14 15:25:25,1,2026-09-14 15:25:25,True,2026-09-14 12:05:30,bajo,False
2026-09-14 15:28:42,3252,2026-09-13 23:16:20,1,2026-09-13 23:16:20,False,,bajo,False
2026-09-14 15:28:42,3261,2026-09-14 14:39:08,1,2026-09-13 09:05:14,True,2026-09-14 14:39:08,bajo,False
2026-09-14 15:28:42,3269,2026-09-14 14:29:51,1,2026-09-14 14:29:51,False,,bajo,False
2026-09-14 15:28:42,4016,2026-09-13 14:48:45,1,2026-09-13 14:48:45,False,,bajo,True
2026-09-14 15:28:42,4027,2026-09-14 06:35:12,1,2026-09-14 06:35:12,False,,bajo,False
2026-09-14 15:28:42,2292,2026-06-03 08:02:35,2,2026-06-03 08:02:35,False,,bajo,False
2026-09-14 15:28:42,2329,2026-06-03 08:44:35,2,2026-06-03 08:44:35,False,,bajo,False
2026-09-14 15:28:42,2454,2026-06-03 07:16:12,2,2026-06-03 07:16:12,False,,bajo,False
2026-09-14 15:28:42,2470,2026-06-03 08:25:54,2,2026-06-03 08:25:54,False,,bajo,False
2026-09-14 15:28:42,2479,2026-06-03 08:24:44,2,2026-06-03 08:24:44,False,,bajo,False
2026-09-14 15:28:42,2499,2026-06-03 06:29:57,2,2026-06-03 06:29:57,False,,bajo,False
2026-09-14 15:28:42,2507,2026-06-03 08:14:57,2,2026-06-03 08:14:57,False,,bajo,False
2026-09-14 15:28:42,2517,2026-06-03 07:30:55,2,2026-06-03 07:30:55,False,,bajo,False
2026-09-14 15:28:42,2532,2026-06-03 07:22:58,2,2026-06-03 07:22:58,False,,bajo,False
2026-09-14 15:28:42,2563,2026-06-03 08:43:14,2,2026-06-03 08:43:14,False,,bajo,False
2026-09-14 15:28:42,2620,2026-06-03 08:51:25,2,2026-06-03 08:51:25,False,,bajo,False
2026-09-14 15:28:42,2947,2026-06-03 07:46:53,2,2026-06-03 07:46:53,False,,bajo,False
2026-09-14 15:28:42,2968,2026-06-03 08:29:04,2,2026-06-03 08:29:04,False,,bajo,False
2026-09-14 15:28:42,3196,2026-06-03 06:38:18,2,2026-06-03 06:38:18,False,,bajo,False
2026-09-14 15:28:42,3206,2026-06-03 08:23:59,2,2026-06-03 08:23:59,False,,bajo,False
2026-09-14 15:28:42,2395,2026-06-03 08:40:16,3,2026-06-03 08:40:16,False,,bajo,False
2026-09-14 15:28:42,2405,2026-06-03 07:27:56,3,2026-06-03 07:27:56,False,,bajo,False
2026-09-14 15:28:42,2517,2026-06-03 07:30:55,3,2026-06-03 07:30:55,False,,bajo,False
2026-09-14 15:28:42,2529,2026-06-03 07:46:28,3,2026-06-03 07:46:28,False,,bajo,False
2026-09-14 15:28:42,2620,2026-06-03 08:51:25,3,2026-06-03 08:51:25,False,,bajo,False
2026-09-14 15:28:42,2630,2026-06-03 08:21:10,3,2026-06-03 08:21:10,False,,bajo,False
2026-09-14 15:28:42,2703,2026-06-03 07:20:39,3,2026-06-03 07:20:39,False,,bajo,False
2026-09-14 15:28:42,3053,2026-06-03 07:52:09,3,2026-06-03 07:52:09,False,,bajo,False
2026-09-14 15:28:42,3252,2026-06-03 06:40:45,3,2026-06-03 06:40:45,False,,bajo,False
2026-09-14 15:28:42,2228,2026-09-13 12:50:10,0,2026-09-13 12:50:10,False,,alto,False
2026-09-14 15:28:42,2291,2026-09-13 11:34:43,0,2026-09-13 11:34:43,False,,bajo,False
2026-09-14 15:28:42,2295,2026-09-14 15:27:55,0,2026-09-14 15:27:55,True,2026-09-14 14:19:42,bajo,True
2026-09-14 15:28:42,2297,2026-09-13 11:17:00,0,2026-09-13 11:17:00,False,,bajo,False
2026-09-14 15:28:42,2305,2026-09-14 15:28:08,0,2026-09-14 15:28:08,False,,alto,False
2026-09-14 15:28:42,2306,2026-09-13 12:07:09,0,2026-09-13 12:07:09,False,,alto,True
2026-09-14 15:28:42,2307,2026-09-13 05:35:04,0,2026-09-13 05:35:04,False,,bajo,False
2026-09-14 15:28:42,2308,2026-09-13 09:24:45,0,2026-09-13 09:24:45,False,,bajo,False
2026-09-14 15:28:42,2408,2026-09-12 19:58:26,0,2026-09-12 19:58:26,False,,medio,False
2026-09-14 15:28:42,2409,2025-05-07 18:03:24,0,2025-05-07 18:03:24,False,,bajo,False
2026-09-14 15:28:42,2416,2026-09-13 14:58:53,0,2026-09-13 14:58:53,False,,bajo,False
2026-09-14 15:28:42,2417,2026-09-13 08:14:46,0,2026-09-13 08:14:46,False,,medio,True
2026-09-14 15:28:42,2455,2026-09-14 07:38:32,0,2026-09-14 07:38:32,False,,bajo,False
2026-09-14 15:28:42,2462,2026-09-13 01:23:33,0,2026-09-13 01:23:33,False,,bajo,False
2026-09-14 15:28:42,2486,2026-09-13 10:06:06,0,2026-09-13 10:06:06,False,,bajo,True
2026-09-14 15:28:42,2489,2026-09-12 23:14:42,0,2026-09-12 23:14:42,False,,bajo,True
2026-09-14 15:28:42,2522,2026-09-13 17:56:57,0,2026-09-13 17:56:57,False,,bajo,False
2026-09-14 15:28:42,2523,2026-09-13 17:35:12,0,2026-09-13 17:35:12,False,,bajo,True
2026-09-14 15:28:42,2543,2026-09-14 15:27:52,0,2026-09-14 15:27:52,True,2026-09-14 14:10:18,alto,False
2026-09-14 15:28:42,2555,2026-09-12 20:09:06,0,2026-09-12 20:09:06,False,,bajo,False
2026-09-14 15:28:42,2556,2026-09-14 14:28:11,0,2026-09-13 08:20:24,True,2026-09-14 14:28:11,bajo,True
2026-09-14 15:28:42,2578,2026-09-12 15:23:17,0,2026-09-12 15:23:17,False,,alto,False
2026-09-14 15:28:42,2584,2026-09-14 15:27:50,0,2026-09-14 15:27:50,True,2026-09-14 11:13:51,bajo,True
2026-09-14 15:28:42,2597,2026-09-14 14:51:51,0,2026-09-14 14:51:51,True,2026-09-14 13:32:11,medio,False
2026-09-14 15:28:42,2598,2026-09-14 15:26:48,0,2026-09-14 15:26:48,True,2026-09-14 13:41:32,bajo,True
2026-09-14 15:28:42,2600,2026-09-13 11:34:01,0,2026-09-13 11:34:01,False,,bajo,True
2026-09-14 15:28:42,2612,2026-09-13 08:14:20,0,2026-09-13 08:14:20,False,,bajo,False
2026-09-14 15:28:42,2615,2026-09-12 22:19:19,0,2026-09-12 22:19:19,False,,alto,True
2026-09-14 15:28:42,2633,2026-09-12 22:23:52,0,2026-09-12 22:23:52,False,,alto,True
2026-09-14 15:28:42,2640,2026-09-12 22:56:15,0,2026-09-12 22:56:15,False,,medio,False
2026-09-14 15:28:42,2643,2026-09-13 04:42:50,0,2026-09-13 04:42:50,False,,bajo,False
2026-09-14 15:28:42,2648,2026-09-14 15:26:42,0,2026-09-14 15:26:42,True,2026-09-14 14:17:02,alto,True
2026-09-14 15:28:42,2651,2025-03-13 16:03:26,0,2025-03-13 16:03:26,False,,bajo,False
2026-09-14 15:28:42,2652,2026-09-13 07:45:00,0,2026-09-13 07:45:00,False,,bajo,False
2026-09-14 15:28:42,2656,2026-09-13 01:49:04,0,2026-09-13 01:49:04,False,,bajo,False
2026-09-14 15:28:42,2657,2026-09-12 21:25:44,0,2026-09-12 21:25:44,False,,alto,False
2026-09-14 15:28:42,2658,2025-03-13 16:03:26,0,2025-03-13 16:03:26,False,,bajo,False
2026-09-14 15:28:42,2663,2026-09-14 14:01:36,0,2026-09-14 14:01:36,False,,bajo,False
2026-09-14 15:28:42,2679,2026-09-13 14:16:50,0,2026-09-13 14:16:50,False,,alto,False
2026-09-14 15:28:42,2697,2026-09-12 19:27:31,0,2026-09-12 19:27:31,False,,bajo,False
2026-09-14 15:28:42,2709,2026-09-12 21:29:25,0,2026-09-12 21:29:25,False,,bajo,False
2026-09-14 15:28:42,2729,2026-09-14 15:27:12,0,2026-09-14 15:27:12,True,2026-09-14 14:17:02,alto,False
2026-09-14 15:28:42,2740,2026-09-14 13:31:01,0,2026-09-14 13:31:01,True,2026-09-14 11:16:31,bajo,False
2026-09-14 15:28:42,2753,2026-09-14 15:02:39,0,2026-09-14 15:02:39,True,2026-09-14 12:26:37,bajo,False
2026-09-14 15:28:42,2763,2026-09-13 07:57:21,0,2026-09-13 07:57:21,False,,medio,False
2026-09-14 15:28:42,2769,2026-09-12 15:39:53,0,2026-09-12 15:39:53,False,,bajo,False
2026-09-14 15:28:42,2782,2026-09-13 22:01:36,0,2026-09-13 22:01:36,False,,bajo,False
2026-09-14 15:28:42,2786,2026-09-13 06:14:05,0,2026-09-13 06:14:05,False,,alto,True
2026-09-14 15:28:42,2789,2026-09-12 06:14:02,0,2026-09-12 06:14:02,False,,bajo,False
2026-09-14 15:28:42,2792,2026-09-14 14:57:19,0,2026-09-14 14:57:19,True,2026-09-14 11:17:54,bajo,True
2026-09-14 15:28:42,2794,2026-09-13 15:30:38,0,2026-09-13 15:30:38,False,,bajo,False
2026-09-14 15:28:42,2800,2026-09-12 21:24:40,0,2026-09-12 21:24:40,False,,medio,False
2026-09-14 15:28:42,2825,2026-09-12 11:31:40,0,2026-09-12 11:31:40,False,,bajo,False
2026-09-14 15:28:42,2829,2026-09-14 12:54:09,0,2026-09-14 12:54:09,False,,medio,True
2026-09-14 15:28:42,2853,2026-09-13 11:59:26,0,2026-09-13 11:59:26,False,,bajo,False
2026-09-14 15:28:42,2856,2026-09-12 17:57:03,0,2026-09-12 17:57:03,False,,bajo,False
2026-09-14 15:28:42,2866,2026-09-13 13:51:19,0,2026-09-13 13:51:19,False,,bajo,False
2026-09-14 15:28:42,2867,2026-09-13 13:35:03,0,2026-09-13 13:35:03,False,,bajo,False
2026-09-14 15:28:42,2877,2026-09-14 15:28:04,0,2026-09-14 15:28:04,True,2026-09-14 13:13:18,medio,False
2026-09-14 15:28:42,2905,2026-09-14 15:27:04,0,2026-09-14 15:27:04,False,,medio,True
2026-09-14 15:28:42,2909,2026-09-13 21:53:02,0,2026-09-13 21:53:02,False,,bajo,True
2026-09-14 15:28:42,2910,2026-09-14 15:27:49,0,2026-09-14 15:27:49,False,,bajo,False
2026-09-14 15:28:42,2916,2026-09-14 13:48:17,0,2026-09-13 07:04:01,True,2026-09-14 13:48:17,alto,False
2026-09-14 15:28:42,2941,2026-09-12 08:17:23,0,2026-09-12 08:17:23,False,,bajo,False
2026-09-14 15:28:42,2942,2026-09-14 13:45:41,0,2026-09-13 20:44:21,True,2026-09-14 13:45:41,bajo,True
2026-09-14 15:28:42,2946,2026-09-14 13:30:48,0,2026-09-14 13:30:48,True,2026-09-14 11:15:40,alto,True
2026-09-14 15:28:42,2950,2026-09-14 14:42:53,0,2026-09-14 14:42:53,False,,bajo,False
2026-09-14 15:28:42,2951,2026-09-14 11:32:57,0,2026-09-14 11:32:57,False,,bajo,False
2026-09-14 15:28:42,2954,2026-09-14 15:23:41,0,2026-09-14 15:23:41,False,,bajo,False
2026-09-14 15:28:42,2959,2026-09-12 14:19:16,0,2026-09-12 14:19:16,False,,bajo,False
2026-09-14 15:28:42,2989,2026-09-14 15:26:30,0,2026-09-14 15:26:30,True,2026-09-14 13:19:44,alto,True
2026-09-14 15:28:42,2991,2026-09-14 15:28:06,0,2026-09-14 15:28:06,True,2026-09-14 13:19:44,bajo,True
2026-09-14 15:28:42,3005,2026-09-13 10:26:37,0,2026-09-13 10:26:37,False,,bajo,True
2026-09-14 15:28:42,3012,2026-09-12 20:47:45,0,2026-09-12 20:47:45,False,,bajo,False
2026-09-14 15:28:42,3023,2026-09-14 15:21:39,0,2026-09-14 15:21:39,True,2026-09-14 12:23:29,bajo,True
2026-09-14 15:28:42,3032,2026-09-13 11:44:41,0,2026-09-13 11:44:41,False,,medio,False
2026-09-14 15:28:42,3043,2026-09-12 23:16:40,0,2026-09-12 23:16:40,False,,bajo,False
2026-09-14 15:28:42,3044,2026-09-13 14:53:04,0,2026-09-13 14:53:04,False,,alto,True
2026-09-14 15:28:42,3050,2026-09-13 18:46:47,0,2026-09-13 18:46:47,False,,alto,False
2026-09-14 15:28:42,3055,2026-09-13 09:42:31,0,2026-09-13 09:42:31,False,,alto,False
2026-09-14 15:28:42,3063,2026-09-13 02:42:04,0,2026-09-13 02:42:04,False,,bajo,False
2026-09-14 15:28:42,3066,2026-09-13 07:13:32,0,2026-09-13 07:13:32,False,,medio,False
2026-09-14 15:28:42,3073,2026-09-14 15:27:55,0,2026-09-14 15:27:55,True,2026-09-14 13:08:03,alto,True
2026-09-14 15:28:42,3077,2026-09-14 15:27:54,0,2026-09-14 15:27:54,True,2026-09-14 14:07:45,alto,False
2026-09-14 15:28:42,3081,2026-09-14 14:45:25,0,2026-09-13 09:42:27,True,2026-09-14 14:45:25,bajo,False
2026-09-14 15:28:42,3090,2026-09-14 13:33:35,0,2026-09-14 13:33:35,False,,bajo,False
2026-09-14 15:28:42,3095,2026-09-13 08:27:30,0,2026-09-13 08:27:30,False,,bajo,True
2026-09-14 15:28:42,3098,2026-09-14 15:26:57,0,2026-09-14 15:26:57,True,2026-09-14 13:36:33,bajo,False
2026-09-14 15:28:42,3102,2026-09-14 15:27:48,0,2026-09-14 15:27:48,True,2026-09-14 13:48:17,medio,False
2026-09-14 15:28:42,3115,2026-09-13 15:52:36,0,2026-09-13 15:52:36,False,,bajo,False
2026-09-14 15:28:42,3116,2025-03-13 16:03:27,0,2025-03-13 16:03:27,False,,bajo,False
2026-09-14 15:28:42,3124,2026-09-13 07:44:39,0,2026-09-13 07:44:39,False,,alto,False
2026-09-14 15:28:42,3133,2026-09-14 15:27:42,0,2026-09-14 15:27:42,False,,bajo,True
2026-09-14 15:28:42,3134,2026-09-14 15:28:11,0,2026-09-14 15:28:11,True,2026-09-14 14:37:12,medio,True
2026-09-14 15:28:42,3135,2026-09-13 07:43:27,0,2026-09-13 07:43:27,False,,medio,False
2026-09-14 15:28:42,3140,2026-09-13 08:35:03,0,2026-09-13 08:35:03,False,,bajo,True
2026-09-14 15:28:42,3149,2026-09-14 15:27:57,0,2026-09-14 15:27:57,False,,alto,False
2026-09-14 15:28:42,3158,2026-09-14 13:09:30,0,2026-09-12 15:37:10,True,2026-09-14 13:09:30,medio,False
2026-09-14 15:28:42,3168,2025-03-13 16:03:26,0,2025-03-13 16:03:26,False,,bajo,False
2026-09-14 15:28:42,3171,2026-09-14 13:59:00,0,2026-09-14 13:59:00,False,,bajo,True
2026-09-14 15:28:42,3192,2026-09-14 15:27:18,0,2026-09-14 15:27:18,True,2026-09-14 13:52:37,bajo,True
2026-09-14 15:28:42,3211,2026-09-13 10:25:45,0,2026-09-13 10:25:45,False,,bajo,False
2026-09-14 15:28:42,3212,2026-09-14 15:22:10,0,2026-09-14 15:22:10,False,,bajo,False
2026-09-14 15:28:42,3213,2026-09-14 15:27:42,0,2026-09-14 15:27:42,True,2026-09-14 12:24:10,bajo,True
2026-09-14 15:28:42,3234,2026-09-14 00:14:44,0,2026-09-14 00:14:44,False,,bajo,False
2026-09-14 15:28:42,3237,2026-09-14 13:36:33,0,2026-09-13 19:15:33,True,2026-09-14 13:36:33,bajo,False
2026-09-14 15:28:42,3251,2026-09-12 16:20:43,0,2026-09-12 16:20:43,False,,bajo,False
2026-09-14 15:28:42,3258,2026-08-03 14:55:48,0,2026-08-03 14:55:48,False,,alto,False
2026-09-14 15:28:42,3267,2026-09-14 11:56:47,0,2026-09-14 11:56:47,False,,bajo,False
2026-09-14 15:28:42,4023,2026-09-14 14:36:32,0,2026-09-14 14:36:32,True,2026-09-14 11:14:51,alto,False
2026-09-14 15:28:42,4026,2026-09-14 15:04:02,0,2026-09-14 15:04:02,True,2026-09-14 11:17:13,bajo,False
2026-09-14 15:28:42,4029,2026-09-12 19:30:50,0,2026-09-12 19:30:50,False,,bajo,True
2026-09-14 15:28:42,2291,2026-09-14 01:04:13,1,2026-09-14 01:04:13,False,,bajo,True
2026-09-14 15:28:42,2297,2026-09-13 20:41:17,1,2026-09-13 20:41:17,False,,bajo,False
2026-09-14 15:28:42,2305,2026-09-14 14:55:43,1,2026-09-14 14:55:43,False,,bajo,False
2026-09-14 15:28:42,2306,2026-09-14 15:22:36,1,2026-09-14 15:22:36,True,2026-09-14 12:04:46,bajo,False
2026-09-14 15:28:42,2307,2026-09-14 15:27:53,1,2026-09-14 15:27:53,True,2026-09-14 12:55:44,alto,False
2026-09-14 15:28:42,2308,2026-09-14 15:24:09,1,2026-09-14 15:24:09,True,2026-09-14 12:55:44,alto,False
2026-09-14 15:28:42,2408,2026-09-14 15:26:28,1,2026-09-14 15:26:28,True,2026-09-14 12:30:16,alto,False
2026-09-14 15:28:42,2409,2025-08-30 10:05:33,1,2025-08-30 10:05:33,False,,bajo,False
2026-09-14 15:28:42,2416,2026-09-14 15:25:47,1,2026-09-14 15:25:47,True,2026-09-14 11:50:15,alto,False
2026-09-14 15:28:42,2417,2026-09-14 15:27:34,1,2026-09-14 15:27:34,True,2026-09-14 13:57:41,alto,False
2026-09-14 15:28:42,2455,2026-09-14 14:08:58,1,2026-09-14 07:44:30,True,2026-09-14 14:08:58,bajo,False
2026-09-14 15:28:42,2486,2026-09-14 15:21:46,1,2026-09-14 15:21:46,False,,bajo,False
2026-09-14 15:28:42,2489,2025-08-27 05:35:03,1,2025-08-27 05:35:03,False,,bajo,False
2026-09-14 15:28:42,2523,2025-03-13 16:03:26,1,2025-03-13 16:03:26,False,,bajo,False
2026-09-14 15:28:42,2543,2026-09-14 15:21:09,1,2026-09-14 15:21:09,True,2026-09-14 14:10:18,alto,False
2026-09-14 15:28:42,2555,2026-09-14 13:41:32,1,2026-09-12 11:49:51,True,2026-09-14 13:41:32,bajo,False
2026-09-14 15:28:42,2578,2026-09-13 23:54:04,1,2026-09-13 23:54:04,False,,alto,False
2026-09-14 15:28:42,2584,2026-09-13 12:42:41,1,2026-09-13 12:42:41,False,,bajo,False
2026-09-14 15:28:42,2597,2026-09-14 15:24:18,1,2026-09-14 15:24:18,True,2026-09-14 13:32:11,alto,False
2026-09-14 15:28:42,2600,2026-09-14 02:35:44,1,2026-09-14 02:35:44,False,,bajo,False
2026-09-14 15:28:42,2612,2026-09-13 23:17:32,1,2026-09-13 23:17:32,False,,bajo,False
2026-09-14 15:28:42,2640,2026-09-14 06:08:55,1,2026-09-14 06:08:55,False,,alto,False
2026-09-14 15:28:42,2643,2026-09-14 15:26:49,1,2026-09-14 15:26:49,True,2026-09-14 14:29:21,alto,False
2026-09-14 15:28:42,2648,2026-07-03 08:32:22,1,2026-07-03 08:32:22,False,,bajo,False
2026-09-14 15:28:42,2651,2026-09-14 01:22:55,1,2026-09-14 01:22:55,False,,bajo,False
2026-09-14 15:28:42,2656,2026-09-14 15:00:22,1,2026-09-14 15:00:22,True,2026-09-14 13:17:19,bajo,False
2026-09-14 15:28:42,2657,2026-09-13 20:57:09,1,2026-09-13 20:57:09,False,,bajo,False
2026-09-14 15:28:42,2658,2026-09-13 21:28:53,1,2026-09-13 21:28:53,False,,bajo,False
2026-09-14 15:28:42,2663,2026-09-14 15:21:20,1,2026-09-14 15:21:20,True,2026-09-14 12:52:09,bajo,False
2026-09-14 15:28:42,2679,2026-09-14 14:57:12,1,2026-09-14 14:57:12,True,2026-09-14 12:00:18,bajo,False
2026-09-14 15:28:42,2697,2026-09-14 15:24:06,1,2026-09-14 15:24:06,True,2026-09-14 12:34:13,alto,False
2026-09-14 15:28:42,2709,2026-09-13 21:45:36,1,2026-09-13 21:45:36,False,,bajo,False
2026-09-14 15:28:42,2729,2026-09-14 15:01:54,1,2026-09-14 15:01:54,True,2026-09-14 14:18:33,alto,False
2026-09-14 15:28:42,2740,2026-09-14 13:55:45,1,2026-09-14 13:55:45,True,2026-09-14 11:16:31,bajo,False
2026-09-14 15:28:42,2753,2026-09-14 14:57:52,1,2026-09-14 14:57:52,True,2026-09-14 12:26:37,bajo,False
2026-09-14 15:28:42,2763,2026-09-12 10:26:00,1,2026-09-12 10:26:00,False,,bajo,False
2026-09-14 15:28:42,2769,2026-09-13 21:07:57,1,2026-09-13 21:07:57,False,,alto,False
2026-09-14 15:28:42,2782,2026-09-14 07:00:46,1,2026-09-14 07:00:46,False,,alto,False
2026-09-14 15:28:42,2786,2026-09-14 15:21:37,1,2026-09-14 15:21:37,True,2026-09-14 13:15:09,bajo,False
2026-09-14 15:28:42,2789,2026-09-12 09:34:14,1,2026-09-12 09:34:14,False,,bajo,False
2026-09-14 15:28:42,2792,2026-09-14 15:00:41,1,2026-09-14 15:00:41,True,2026-09-14 11:17:54,bajo,True
2026-09-14 15:28:42,2794,2026-09-14 15:26:22,1,2026-09-14 15:26:22,True,2026-09-14 13:33:51,alto,False
2026-09-14 15:28:42,2800,2026-09-14 15:19:03,1,2026-09-14 15:19:03,True,2026-09-14 13:02:07,alto,False
2026-09-14 15:28:42,2825,2026-09-14 10:44:43,1,2026-09-14 10:44:43,False,,bajo,False
2026-09-14 15:28:42,2829,2026-09-14 15:22:19,1,2026-09-14 15:22:19,False,,alto,False
2026-09-14 15:28:42,2853,2025-03-13 16:03:26,1,2025-03-13 16:03:26,False,,bajo,False
2026-09-14 15:28:42,2856,2026-09-13 21:27:07,1,2026-09-13 21:27:07,False,,bajo,False
2026-09-14 15:28:42,2866,2026-09-14 10:59:29,1,2026-09-14 10:59:29,False,,bajo,False
2026-09-14 15:28:42,2867,2026-09-14 08:00:36,1,2026-09-14 08:00:36,False,,bajo,False
2026-09-14 15:28:42,2877,2026-09-14 15:25:01,1,2026-09-14 15:25:01,True,2026-09-14 13:13:18,alto,False
2026-09-14 15:28:42,2905,2026-09-14 15:23:37,1,2026-09-14 15:23:37,True,2026-09-14 12:12:43,bajo,False
2026-09-14 15:28:42,2909,2026-09-13 18:07:22,1,2026-09-13 18:07:22,False,,bajo,True
2026-09-14 15:28:42,2910,2026-09-14 15:20:05,1,2026-09-14 15:20:05,False,,alto,False
2026-09-14 15:28:42,2916,2026-09-14 04:53:01,1,2026-09-14 04:53:01,False,,alto,False
2026-09-14 15:28:42,2941,2026-09-12 13:33:46,1,2026-09-12 13:33:46,False,,bajo,False
2026-09-14 15:28:42,2942,2026-09-14 13:45:41,1,2026-09-12 17:22:16,True,2026-09-14 13:45:41,bajo,False
2026-09-14 15:28:42,2946,2026-09-14 15:24:47,1,2026-09-14 15:24:47,True,2026-09-14 11:15:40,alto,False
2026-09-14 15:28:42,2950,2026-09-14 08:19:42,1,2026-09-14 08:19:42,False,,bajo,False
2026-09-14 15:28:42,2951,2026-09-14 15:19:07,1,2026-09-14 15:19:07,False,,bajo,False
2026-09-14 15:28:42,2954,2026-09-14 12:26:21,1,2026-09-14 12:26:21,False,,bajo,False
2026-09-14 15:28:42,2959,2026-09-12 10:44:00,1,2026-09-12 10:44:00,False,,bajo,False
2026-09-14 15:28:42,2989,2026-06-03 00:01:32,1,2026-06-03 00:01:32,False,,bajo,False
2026-09-14 15:28:42,2991,2026-06-03 00:11:39,1,2026-06-03 00:11:39,False,,bajo,False
2026-09-14 15:28:42,3005,2026-09-14 14:18:33,1,2026-09-12 16:13:45,True,2026-09-14 14:18:33,medio,False
2026-09-14 15:28:42,3012,2026-09-13 21:12:17,1,2026-09-13 21:12:17,False,,bajo,False
2026-09-14 15:28:42,3023,2026-09-14 13:41:12,1,2026-09-14 13:41:12,True,2026-09-14 12:23:29,bajo,False
2026-09-14 15:28:42,3032,2026-09-13 20:04:21,1,2026-09-13 20:04:21,False,,bajo,False
2026-09-14 15:28:42,3043,2026-09-13 00:04:00,1,2026-09-13 00:04:00,False,,bajo,False
2026-09-14 15:28:42,3050,2025-03-13 16:03:26,1,2025-03-13 16:03:26,False,,bajo,False
2026-09-14 15:28:42,3055,2026-09-14 15:12:17,1,2026-09-14 15:12:17,True,2026-09-14 14:04:06,alto,False
2026-09-14 15:28:42,3063,2026-09-13 20:28:21,1,2026-09-13 20:28:21,False,,medio,False
2026-09-14 15:28:42,3066,2026-09-14 14:45:25,1,2026-09-13 22:06:22,True,2026-09-14 14:45:25,bajo,False
2026-09-14 15:28:42,3073,2026-09-14 13:08:03,1,2026-09-14 07:49:11,True,2026-09-14 13:08:03,medio,False
2026-09-14 15:28:42,3077,2026-09-14 15:26:31,1,2026-09-14 15:26:31,True,2026-09-14 14:07:45,bajo,False
2026-09-14 15:28:42,3081,2026-09-14 14:45:25,1,2026-09-14 08:42:45,True,2026-09-14 14:45:25,bajo,False
2026-09-14 15:28:42,3090,2026-09-14 08:57:48,1,2026-09-14 08:57:48,False,,bajo,False
2026-09-14 15:28:42,3095,2026-09-14 14:20:52,1,2026-09-13 22:01:40,True,2026-09-14 14:20:52,alto,False
2026-09-14 15:28:42,3098,2026-09-14 13:36:33,1,2026-09-12 15:02:36,True,2026-09-14 13:36:33,bajo,False
2026-09-14 15:28:42,3115,2026-09-12 16:34:53,1,2026-09-12 16:34:53,False,,bajo,False
2026-09-14 15:28:42,3124,2026-09-14 15:18:29,1,2026-09-14 15:18:29,True,2026-09-14 12:44:57,bajo,False
2026-09-14 15:28:42,3133,2026-09-14 15:20:20,1,2026-09-14 15:20:20,False,,bajo,False
2026-09-14 15:28:42,3134,2026-09-14 14:37:12,1,2026-09-14 06:30:24,True,2026-09-14 14:37:12,bajo,False
2026-09-14 15:28:42,3135,2026-09-13 21:45:13,1,2026-09-13 21:45:13,False,,bajo,False
2026-09-14 15:28:42,3149,2026-09-14 15:26:26,1,2026-09-14 15:26:26,False,,alto,False
2026-09-14 15:28:42,3158,2026-09-14 15:00:30,1,2026-09-14 15:00:30,True,2026-09-14 13:09:30,bajo,False
2026-09-14 15:28:42,3171,2026-09-13 07:17:45,1,2026-09-13 07:17:45,False,,bajo,False
2026-09-14 15:28:42,3212,2026-09-14 07:41:56,1,2026-09-14 07:41:56,False,,medio,False
2026-09-14 15:28:42,3213,2026-09-14 15:10:33,1,2026-09-14 15:10:33,True,2026-09-14 12:24:10,bajo,False
2026-09-14 15:28:42,3258,2026-09-14 15:26:44,1,2026-09-14 15:26:44,True,2026-09-14 13:16:17,bajo,False
2026-09-14 15:28:42,3267,2026-09-13 21:20:01,1,2026-09-13 21:20:01,False,,bajo,False
2026-09-14 15:28:42,3276,2026-09-14 08:07:03,1,2026-09-14 08:07:03,False,,bajo,False
2026-09-14 15:28:42,4023,2026-09-14 11:54:24,1,2026-09-14 11:54:24,True,2026-09-14 11:14:51,alto,False
2026-09-14 15:28:42,4026,2026-09-14 13:08:42,1,2026-09-14 13:08:42,True,2026-09-14 11:17:13,medio,True
2026-09-14 15:28:42,4029,2026-09-14 15:16:03,1,2026-09-14 15:16:03,True,2026-09-14 13:57:41,medio,False
2026-09-14 15:28:42,2228,2026-06-03 08:18:35,2,2026-06-03 08:18:35,False,,bajo,False
2026-09-14 15:28:42,2305,2026-06-03 06:05:23,2,2026-06-03 06:05:23,False,,bajo,False
2026-09-14 15:28:42,2455,2026-06-03 08:41:04,2,2026-06-03 08:41:04,False,,bajo,False
2026-09-14 15:28:42,2462,2026-08-13 15:52:51,2,2026-08-13 15:52:51,False,,bajo,False
2026-09-14 15:28:42,2489,2026-06-03 02:55:41,2,2026-06-03 02:55:41,False,,bajo,False
2026-09-14 15:28:42,2556,2026-06-03 08:33:18,2,2026-06-03 08:33:18,False,,bajo,False
2026-09-14 15:28:42,2633,2026-06-03 08:07:23,2,2026-06-03 08:07:23,False,,bajo,False
2026-09-14 15:28:42,2648,2026-06-03 00:17:04,2,2026-06-03 00:17:04,False,,bajo,False
2026-09-14 15:28:42,2657,2026-06-03 06:00:43,2,2026-06-03 06:00:43,False,,bajo,False
2026-09-14 15:28:42,2763,2026-06-03 08:29:55,2,2026-06-03 08:29:55,False,,bajo,False
2026-09-14 15:28:42,2905,2026-06-03 06:33:05,2,2026-06-03 06:33:05,False,,bajo,False
2026-09-14 15:28:42,2950,2026-08-25 15:00:09,2,2026-08-25 15:00:09,False,,alto,False
2026-09-14 15:28:42,3055,2026-06-03 06:12:12,2,2026-06-03 06:12:12,False,,bajo,False
2026-09-14 15:28:42,3063,2026-06-03 08:39:31,2,2026-06-03 08:39:31,False,,bajo,False
2026-09-14 15:28:42,3134,2026-06-03 06:13:07,2,2026-06-03 06:13:07,False,,bajo,False
2026-09-14 15:28:42,3192,2026-06-03 06:29:23,2,2026-06-03 06:29:23,False,,bajo,False
2026-09-14 15:28:42,3194,2026-06-03 08:28:56,2,2026-06-03 08:28:56,False,,bajo,False
2026-09-14 15:28:42,3211,2026-06-03 07:21:15,2,2026-06-03 07:21:15,False,,bajo,False
2026-09-14 15:28:42,3213,2026-07-22 03:30:47,2,2026-07-22 03:30:47,False,,bajo,False
2026-09-14 15:28:42,3237,2026-06-03 08:08:14,2,2026-06-03 08:08:14,False,,bajo,False
2026-09-14 15:28:42,2348,2026-09-14 15:23:41,0,2026-09-14 15:23:41,False,,bajo,True
2026-09-14 15:28:42,2353,2026-09-14 15:28:11,0,2026-09-14 15:28:11,True,2026-09-14 11:41:10,alto,False
2026-09-14 15:28:42,2355,2026-09-14 15:28:05,0,2026-09-14 15:28:05,False,,alto,False
2026-09-14 15:28:42,2356,2026-09-14 15:26:32,0,2026-09-14 15:26:32,True,2026-09-14 11:10:25,bajo,False
2026-09-14 15:28:42,2535,2026-09-14 15:26:32,0,2026-09-14 15:26:32,True,2026-09-14 11:14:00,bajo,False
2026-09-14 15:28:42,2549,2026-09-14 15:26:49,0,2026-09-14 15:26:49,False,,bajo,False
2026-09-14 15:28:42,2564,2026-09-14 15:27:45,0,2026-09-14 15:27:45,True,2026-09-14 13:59:15,bajo,False
2026-09-14 15:28:42,2577,2026-09-14 15:14:33,0,2026-09-14 15:14:33,False,,bajo,True
2026-09-14 15:28:42,2585,2026-09-14 15:27:24,0,2026-09-14 15:27:24,True,2026-09-14 13:59:11,bajo,False
2026-09-14 15:28:42,2589,2026-09-14 15:26:53,0,2026-09-14 15:26:53,False,,bajo,False
2026-09-14 15:28:42,2595,2026-09-14 13:59:22,0,2026-09-14 13:59:22,False,,bajo,False
2026-09-14 15:28:42,2605,2026-09-14 15:28:13,0,2026-09-14 15:28:13,True,2026-09-14 12:01:31,alto,False
2026-09-14 15:28:42,2624,2026-09-14 15:14:10,0,2026-09-14 15:14:10,False,,medio,True
2026-09-14 15:28:42,2636,2026-09-14 15:26:56,0,2026-09-14 15:26:56,True,2026-09-14 11:21:45,bajo,False
2026-09-14 15:28:42,2637,2026-09-14 15:24:15,0,2026-09-14 15:24:15,True,2026-09-14 11:21:30,bajo,False
2026-09-14 15:28:42,2638,2025-03-13 16:03:26,0,2025-03-13 16:03:26,False,,bajo,False
2026-09-14 15:28:42,2641,2026-09-14 15:27:25,0,2026-09-14 15:27:25,True,2026-09-14 11:21:45,bajo,False
2026-09-14 15:28:42,2644,2026-09-14 15:27:49,0,2026-09-14 15:27:49,True,2026-09-14 12:58:50,bajo,False
2026-09-14 15:28:42,2650,2026-04-03 16:21:31,0,2026-04-03 16:21:31,False,,bajo,False
2026-09-14 15:28:42,2672,2026-08-18 03:18:38,0,2026-08-18 03:18:38,False,,bajo,False
2026-09-14 15:28:42,2674,2026-09-14 15:26:34,0,2026-09-14 15:26:34,True,2026-09-14 13:23:57,bajo,False
2026-09-14 15:28:42,2684,2026-09-14 15:27:13,0,2026-09-14 15:27:13,True,2026-09-14 12:34:44,bajo,False
2026-09-14 15:28:42,2692,2026-09-14 15:27:23,0,2026-09-14 15:27:23,True,2026-09-14 11:36:55,bajo,False
2026-09-14 15:28:42,2720,2026-09-14 15:26:39,0,2026-09-14 15:26:39,False,,bajo,False
2026-09-14 15:28:42,2886,2026-09-14 15:27:48,0,2026-09-14 15:27:48,True,2026-09-14 10:23:46,bajo,True
2026-09-14 15:28:42,3000,2026-09-14 08:51:46,0,2026-09-14 08:51:46,False,,bajo,True
2026-09-14 15:28:42,3001,2026-09-14 15:26:15,0,2026-09-14 15:26:15,True,2026-09-14 13:25:03,bajo,True
2026-09-14 15:28:42,3007,2026-09-14 15:25:36,0,2026-09-14 15:25:36,True,2026-09-14 13:02:36,bajo,True
2026-09-14 15:28:42,3015,2026-09-14 15:20:19,0,2026-09-14 15:20:19,False,,bajo,False
2026-09-14 15:28:42,3034,2026-09-14 14:44:50,0,2026-09-13 19:06:24,True,2026-09-14 14:44:50,bajo,False
2026-09-14 15:28:42,3091,2026-09-13 20:26:44,0,2026-09-13 20:26:44,False,,bajo,False
2026-09-14 15:28:42,3125,2026-09-14 15:27:10,0,2026-09-14 15:27:10,False,,bajo,True
2026-09-14 15:28:42,3236,2026-09-14 11:01:14,0,2026-09-14 11:01:14,False,,bajo,False
2026-09-14 15:28:42,3275,2026-09-08 15:55:01,0,2026-09-08 15:55:01,False,,bajo,False
2026-09-14 15:28:42,2348,2026-09-13 18:21:23,1,2026-09-13 18:21:23,False,,bajo,False
2026-09-14 15:28:42,2353,2026-09-14 13:21:45,1,2026-09-14 13:21:45,True,2026-09-14 10:39:43,alto,True
2026-09-14 15:28:42,2355,2026-09-12 20:20:30,1,2026-09-12 20:20:30,False,,medio,True
2026-09-14 15:28:42,2356,2026-09-14 13:48:01,1,2026-09-14 13:48:01,False,,bajo,True
2026-09-14 15:28:42,2535,2026-09-14 13:00:32,1,2026-09-14 13:00:32,False,,bajo,True
2026-09-14 15:28:42,2549,2026-09-14 08:34:08,1,2026-09-14 08:34:08,False,,bajo,False
2026-09-14 15:28:42,2564,2026-09-14 15:11:49,1,2026-09-14 15:11:49,False,,bajo,False
2026-09-14 15:28:42,2577,2026-09-12 15:44:40,1,2026-09-12 15:44:40,False,,bajo,False
2026-09-14 15:28:42,2585,2025-12-11 16:55:33,1,2025-12-11 16:55:33,False,,bajo,False
2026-09-14 15:28:42,2589,2026-09-13 06:52:16,1,2026-09-13 06:52:16,False,,bajo,False
2026-09-14 15:28:42,2595,2026-09-13 12:32:38,1,2026-09-13 12:32:38,False,,medio,False
2026-09-14 15:28:42,2605,2026-09-14 12:10:14,1,2026-09-14 12:10:14,False,,bajo,False
2026-09-14 15:28:42,2624,2026-09-14 12:11:39,1,2026-09-14 12:11:39,False,,medio,False
2026-09-14 15:28:42,2636,2026-09-14 15:09:36,1,2026-09-14 15:09:36,False,,bajo,False
2026-09-14 15:28:42,2637,2026-09-14 13:28:18,1,2026-09-14 13:28:18,False,,bajo,True
2026-09-14 15:28:42,2638,2025-03-13 16:03:26,1,2025-03-13 16:03:26,False,,bajo,False
2026-09-14 15:28:42,2641,2026-09-12 13:35:23,1,2026-09-12 13:35:23,False,,bajo,False
2026-09-14 15:28:42,2644,2026-09-14 12:40:20,1,2026-09-14 12:40:20,False,,bajo,True
2026-09-14 15:28:42,2650,2025-12-17 11:02:46,1,2025-12-17 11:02:46,False,,bajo,False
2026-09-14 15:28:42,2672,2026-08-18 10:46:23,1,2026-08-18 10:46:23,False,,bajo,False
2026-09-14 15:28:42,2674,2026-09-14 15:23:18,1,2026-09-14 15:23:18,True,2026-09-14 11:22:01,bajo,False
2026-09-14 15:28:42,2684,2026-09-14 15:21:28,1,2026-09-14 15:21:28,False,,bajo,True
2026-09-14 15:28:42,2692,2026-09-14 12:52:07,1,2026-09-14 12:52:07,False,,alto,True
2026-09-14 15:28:42,2720,2026-09-13 12:23:31,1,2026-09-13 12:23:31,False,,bajo,False
2026-09-14 15:28:42,2886,2026-09-14 15:23:34,1,2026-09-14 15:23:34,False,,bajo,True
2026-09-14 15:28:42,3000,2026-09-14 15:27:01,1,2026-09-14 15:27:01,False,,bajo,True
2026-09-14 15:28:42,3001,2026-01-05 08:26:33,1,2026-01-05 08:26:33,False,,bajo,False
2026-09-14 15:28:42,3007,2026-09-14 14:59:59,1,2026-09-14 14:59:59,False,,bajo,False
2026-09-14 15:28:42,3015,2026-09-14 11:52:49,1,2026-09-14 11:52:49,False,,bajo,False
2026-09-14 15:28:42,3034,2026-09-14 15:24:29,1,2026-09-14 15:24:29,True,2026-09-14 11:11:25,bajo,False
2026-09-14 15:28:42,3091,2026-09-13 10:10:20,1,2026-09-13 10:10:20,False,,bajo,False
2026-09-14 15:28:42,3125,2026-09-12 22:39:56,1,2026-09-12 22:39:56,False,,bajo,False
2026-09-14 15:28:42,3236,2026-09-13 10:40:48,1,2026-09-13 10:40:48,False,,bajo,False
2026-09-14 15:28:42,3275,2026-09-14 12:08:12,1,2026-09-14 12:08:12,False,,bajo,False
2026-09-14 15:28:42,2589,2025-03-13 16:03:26,2,2025-03-13 16:03:26,False,,bajo,False
2026-09-14 15:28:42,2333,2026-06-03 07:34:42,0,2026-06-03 07:34:42,False,,bajo,False
2026-09-14 15:28:42,2338,2026-09-14 15:25:30,0,2026-09-14 15:25:30,True,2026-09-14 11:54:15,alto,False
2026-09-14 15:28:42,2345,2026-09-14 15:27:58,0,2026-09-14 15:27:58,False,,bajo,False
2026-09-14 15:28:42,2346,2026-09-14 15:26:36,0,2026-09-14 15:26:36,True,2026-09-14 11:23:32,bajo,False
2026-09-14 15:28:42,2425,2026-09-14 15:26:11,0,2026-09-14 15:26:11,False,,bajo,False
2026-09-14 15:28:42,2444,2026-09-14 15:27:13,0,2026-09-14 15:27:13,False,,bajo,False
2026-09-14 15:28:42,2481,2026-09-14 15:27:20,0,2026-09-14 15:27:20,False,,bajo,False
2026-09-14 15:28:42,2502,2026-09-12 23:23:41,0,2026-09-12 23:23:41,False,,alto,False
2026-09-14 15:28:42,2514,2026-09-14 15:28:00,0,2026-09-14 15:28:00,True,2026-09-14 11:04:03,medio,False
2026-09-14 15:28:42,2515,2026-09-14 15:26:01,0,2026-09-14 15:26:01,True,2026-09-14 10:43:11,bajo,False
2026-09-14 15:28:42,2537,2026-09-14 14:28:49,0,2026-09-14 14:28:49,False,,bajo,False
2026-09-14 15:28:42,2601,2026-09-14 15:27:37,0,2026-09-14 15:27:37,False,,alto,False
2026-09-14 15:28:42,2617,2026-09-14 15:26:22,0,2026-09-14 15:26:22,False,,bajo,False
2026-09-14 15:28:42,2618,2026-09-14 15:11:17,0,2026-09-14 15:11:17,True,2026-09-14 12:42:06,alto,False
2026-09-14 15:28:42,2645,2026-09-14 15:27:47,0,2026-09-14 15:27:47,False,,bajo,False
2026-09-14 15:28:42,2725,2026-09-14 15:27:59,0,2026-09-14 15:27:59,False,,bajo,False
2026-09-14 15:28:42,2727,2026-09-14 15:24:41,0,2026-09-14 15:24:41,False,,bajo,False
2026-09-14 15:28:42,2787,2026-09-14 15:27:33,0,2026-09-14 15:27:33,True,2026-09-14 12:38:22,bajo,True
2026-09-14 15:28:42,2883,2026-09-14 15:27:34,0,2026-09-14 15:27:34,False,,bajo,False
2026-09-14 15:28:42,2885,2026-09-14 14:23:34,0,2026-09-14 12:40:05,True,2026-09-14 14:23:34,bajo,True
2026-09-14 15:28:42,2888,2026-09-14 15:24:56,0,2026-09-14 15:24:56,True,2026-09-14 11:35:06,bajo,False
2026-09-14 15:28:42,2957,2026-09-14 13:54:42,0,2026-09-14 13:54:42,True,2026-09-14 12:48:53,alto,False
2026-09-14 15:28:42,2960,2026-09-14 15:25:18,0,2026-09-14 15:25:18,True,2026-09-14 11:34:24,medio,False
2026-09-14 15:28:42,3003,2026-09-14 15:27:35,0,2026-09-14 15:27:35,True,2026-09-14 10:21:25,bajo,False
2026-09-14 15:28:42,3004,2026-09-14 15:27:27,0,2026-09-14 15:27:27,False,,bajo,False
2026-09-14 15:28:42,3047,2026-09-14 14:51:36,0,2026-09-14 14:51:36,False,,bajo,False
2026-09-14 15:28:42,3062,2026-09-14 15:27:59,0,2026-09-14 15:27:59,True,2026-09-14 12:40:04,bajo,False
2026-09-14 15:28:42,3071,2026-09-12 20:59:48,0,2026-09-12 20:59:48,False,,bajo,False
2026-09-14 15:28:42,3136,2026-09-14 15:27:32,0,2026-09-14 15:27:32,False,,bajo,False
2026-09-14 15:28:42,3174,2026-09-14 15:27:54,0,2026-09-14 15:27:54,False,,bajo,False
2026-09-14 15:28:42,3175,2026-09-14 15:27:33,0,2026-09-14 15:27:33,False,,bajo,True
2026-09-14 15:28:42,3262,2026-09-13 09:06:45,0,2026-09-13 09:06:45,False,,alto,True
2026-09-14 15:28:42,3277,2026-09-14 15:28:01,0,2026-09-14 15:28:01,True,2026-09-14 11:33:44,bajo,False
2026-09-14 15:28:42,2333,2026-06-03 07:34:43,1,2026-06-03 07:34:43,False,,bajo,False
2026-09-14 15:28:42,2338,2026-09-12 21:01:59,1,2026-09-12 21:01:59,False,,alto,False
2026-09-14 15:28:42,2345,2026-09-12 15:30:43,1,2026-09-12 15:30:43,False,,bajo,False
2026-09-14 15:28:42,2346,2026-09-14 14:36:00,1,2026-09-14 14:36:00,False,,bajo,True
2026-09-14 15:28:42,2425,2026-09-14 15:22:43,1,2026-09-14 15:22:43,False,,bajo,False
2026-09-14 15:28:42,2444,2026-09-14 15:24:00,1,2026-09-14 15:24:00,False,,bajo,False
2026-09-14 15:28:42,2481,2026-09-12 16:43:38,1,2026-09-12 16:43:38,False,,bajo,False
2026-09-14 15:28:42,2502,2026-09-12 22:03:07,1,2026-09-12 22:03:07,False,,alto,False
2026-09-14 15:28:42,2514,2026-09-12 19:07:56,1,2026-09-12 19:07:56,False,,bajo,False
2026-09-14 15:28:42,2515,2026-09-14 12:53:25,1,2026-09-14 12:53:25,False,,bajo,True
2026-09-14 15:28:42,2537,2026-09-14 15:20:00,1,2026-09-14 15:20:00,False,,medio,False
2026-09-14 15:28:42,2601,2026-09-12 23:02:39,1,2026-09-12 23:02:39,False,,alto,False
2026-09-14 15:28:42,2617,2026-09-14 15:05:33,1,2026-09-14 15:05:33,False,,bajo,False
2026-09-14 15:28:42,2618,2026-09-14 13:54:43,1,2026-09-14 13:54:43,False,,alto,False
2026-09-14 15:28:42,2645,2026-09-12 19:31:19,1,2026-09-12 19:31:19,False,,bajo,False
2026-09-14 15:28:42,2725,2026-09-14 15:25:39,1,2026-09-14 15:25:39,False,,bajo,False
2026-09-14 15:28:42,2727,2026-09-14 15:00:24,1,2026-09-14 15:00:24,False,,bajo,True
2026-09-14 15:28:42,2787,2026-09-14 15:24:02,1,2026-09-14 15:24:02,True,2026-09-14 12:38:22,bajo,False
2026-09-14 15:28:42,2883,2026-09-14 13:29:44,1,2026-09-14 13:29:44,False,,bajo,False
2026-09-14 15:28:42,2885,2026-09-14 14:23:34,1,2026-09-12 20:48:34,True,2026-09-14 14:23:34,bajo,True
2026-09-14 15:28:42,2888,2026-09-14 15:22:10,1,2026-09-14 15:22:10,False,,bajo,False
2026-09-14 15:28:42,2957,2026-09-14 13:54:42,1,2026-09-14 13:54:42,True,2026-09-14 12:48:53,alto,False
2026-09-14 15:28:42,2960,2026-09-14 15:26:57,1,2026-09-14 15:26:57,True,2026-09-14 11:34:24,medio,False
2026-09-14 15:28:42,3003,2026-09-13 07:38:55,1,2026-09-13 07:38:55,False,,bajo,True
2026-09-14 15:28:42,3004,2026-06-03 08:58:20,1,2026-06-03 08:58:20,False,,bajo,False
2026-09-14 15:28:42,3047,2026-09-13 21:31:14,1,2026-09-13 21:31:14,False,,bajo,False
2026-09-14 15:28:42,3062,2026-09-14 13:19:21,1,2026-09-14 13:19:21,False,,bajo,False
2026-09-14 15:28:42,3071,2026-09-12 21:00:27,1,2026-09-12 21:00:27,False,,bajo,False
2026-09-14 15:28:42,3136,2026-09-14 15:22:16,1,2026-09-14 15:22:16,False,,bajo,False
2026-09-14 15:28:42,3174,2026-09-14 15:21:51,1,2026-09-14 15:21:51,False,,bajo,False
2026-09-14 15:28:42,3175,2026-06-03 07:27:38,1,2026-06-03 07:27:38,False,,bajo,False
2026-09-14 15:28:42,3262,2026-09-12 22:10:16,1,2026-09-12 22:10:16,False,,bajo,True
2026-09-14 15:28:42,3277,2026-09-14 12:27:34,1,2026-09-14 12:27:34,False,,bajo,False
2026-09-14 15:28:42,2537,2025-03-13 16:03:26,2,2025-03-13 16:03:26,False,,bajo,False
2026-09-14 15:28:42,2249,2026-09-14 15:16:12,0,2026-09-14 15:16:12,False,,medio,True
2026-09-14 15:28:42,2251,2026-09-14 15:26:27,0,2026-09-14 15:26:27,False,,alto,True
2026-09-14 15:28:42,2339,2026-09-14 15:26:59,0,2026-09-14 15:26:59,False,,bajo,True
2026-09-14 15:28:42,2341,2026-09-14 15:25:08,0,2026-09-14 15:25:08,True,2026-09-14 10:50:53,bajo,True
2026-09-14 15:28:42,2350,2026-09-14 15:27:57,0,2026-09-14 15:27:57,False,,bajo,True
2026-09-14 15:28:42,2364,2026-09-14 15:27:46,0,2026-09-14 15:27:46,False,,bajo,True
2026-09-14 15:28:42,2386,2026-09-14 15:28:07,0,2026-09-14 15:28:07,False,,bajo,True
2026-09-14 15:28:42,2388,2026-09-14 15:26:27,0,2026-09-14 15:26:27,False,,bajo,True
2026-09-14 15:28:42,2390,2026-09-14 15:28:12,0,2026-09-14 15:28:12,False,,alto,True
2026-09-14 15:28:42,2472,2026-09-14 15:27:25,0,2026-09-14 15:27:25,False,,bajo,True
2026-09-14 15:28:42,2500,2026-09-14 15:26:19,0,2026-09-14 15:26:19,False,,medio,True
2026-09-14 15:28:42,2528,2026-09-14 15:28:15,0,2026-09-14 15:28:15,False,,alto,True
2026-09-14 15:28:42,2559,2026-09-14 15:21:59,0,2026-09-14 15:21:59,False,,medio,True
2026-09-14 15:28:42,2603,2026-09-14 15:27:25,0,2026-09-14 15:27:25,False,,medio,True
2026-09-14 15:28:42,2616,2026-09-14 15:27:18,0,2026-09-14 15:27:18,False,,bajo,True
2026-09-14 15:28:42,2627,2026-09-14 15:22:12,0,2026-09-14 15:22:12,False,,medio,False
2026-09-14 15:28:42,2642,2026-09-14 15:26:47,0,2026-09-14 15:26:47,False,,bajo,True
2026-09-14 15:28:42,2646,2026-09-14 15:28:16,0,2026-09-14 15:28:16,False,,bajo,False
2026-09-14 15:28:42,2688,2026-09-14 15:27:10,0,2026-09-14 15:27:10,False,,alto,True
2026-09-14 15:28:42,2804,2026-09-14 14:51:59,0,2026-09-14 14:51:59,False,,alto,False
2026-09-14 15:28:42,2857,2026-09-14 15:28:02,0,2026-09-14 15:28:02,False,,medio,True
2026-09-14 15:28:42,2868,2026-09-14 15:28:25,0,2026-09-14 15:28:25,False,,bajo,False
2026-09-14 15:28:42,2911,2026-09-14 15:27:18,0,2026-09-14 15:27:18,True,2026-09-14 12:25:59,bajo,True
2026-09-14 15:28:42,2974,2026-09-14 15:22:41,0,2026-09-14 15:22:41,True,2026-09-14 10:27:07,bajo,True
2026-09-14 15:28:42,2977,2026-09-14 15:24:59,0,2026-09-14 15:24:59,False,,alto,True
2026-09-14 15:28:42,2979,2026-09-14 15:27:03,0,2026-09-14 15:27:03,False,,bajo,True
2026-09-14 15:28:42,2980,2026-09-14 15:28:17,0,2026-09-14 15:28:17,True,2026-09-14 13:20:01,bajo,True
2026-09-14 15:28:42,2981,2026-09-14 15:27:04,0,2026-09-14 15:27:04,False,,bajo,True
2026-09-14 15:28:42,2982,2026-09-14 15:26:46,0,2026-09-14 15:26:46,False,,bajo,True
2026-09-14 15:28:42,3046,2026-09-14 15:19:38,0,2026-09-14 15:19:38,False,,bajo,False
2026-09-14 15:28:42,3257,2026-09-13 21:45:25,0,2026-09-13 21:45:25,False,,bajo,True
2026-09-14 15:28:42,2249,2026-09-14 12:13:13,1,2026-09-14 12:13:13,False,,medio,True
2026-09-14 15:28:42,2251,2026-09-14 14:06:51,1,2026-09-14 14:06:51,False,,alto,True
2026-09-14 15:28:42,2339,2026-09-14 13:56:41,1,2026-09-14 13:56:41,False,,bajo,True
2026-09-14 15:28:42,2350,2026-09-14 14:39:06,1,2026-09-14 14:39:06,False,,bajo,True
2026-09-14 15:28:42,2364,2026-09-14 12:34:03,1,2026-09-14 12:34:03,False,,alto,True
2026-09-14 15:28:42,2472,2026-09-14 14:07:43,1,2026-09-14 14:07:43,False,,alto,True
2026-09-14 15:28:42,2500,2026-09-14 15:22:11,1,2026-09-14 15:22:11,False,,alto,True
2026-09-14 15:28:42,2528,2026-09-14 15:27:54,1,2026-09-14 15:27:54,False,,medio,True
2026-09-14 15:28:42,2559,2026-09-14 15:17:43,1,2026-09-14 15:17:43,True,2026-09-14 10:49:15,medio,False
2026-09-14 15:28:42,2603,2026-09-14 11:56:58,1,2026-09-14 11:56:58,False,,bajo,True
2026-09-14 15:28:42,2616,2026-09-14 14:41:36,1,2026-09-14 14:41:36,False,,bajo,False
2026-09-14 15:28:42,2627,2026-09-14 11:46:41,1,2026-09-14 11:46:41,False,,medio,True
2026-09-14 15:28:42,2642,2026-09-14 14:46:41,1,2026-09-14 14:46:41,False,,bajo,True
2026-09-14 15:28:42,2646,2026-09-14 14:12:41,1,2026-09-14 14:12:41,False,,alto,False
2026-09-14 15:28:42,2688,2026-09-14 12:29:00,1,2026-09-14 12:29:00,False,,medio,True
2026-09-14 15:28:42,2804,2026-09-14 12:09:17,1,2026-09-14 12:09:17,False,,bajo,True
2026-09-14 15:28:42,2857,2026-09-14 15:19:41,1,2026-09-14 15:19:41,False,,medio,True
2026-09-14 15:28:42,2868,2026-09-14 15:25:31,1,2026-09-14 15:25:31,False,,bajo,False
2026-09-14 15:28:42,2911,2026-09-14 14:05:05,1,2026-09-14 14:05:05,True,2026-09-14 12:25:59,bajo,False
2026-09-14 15:28:42,2974,2026-09-14 15:21:36,1,2026-09-14 15:21:36,False,,bajo,True
2026-09-14 15:28:42,2977,2026-09-14 11:48:15,1,2026-09-14 11:48:15,False,,alto,True
2026-09-14 15:28:42,2979,2026-09-14 15:25:30,1,2026-09-14 15:25:30,False,,alto,True
2026-09-14 15:28:42,2980,2026-09-14 14:50:22,1,2026-09-14 14:50:22,True,2026-09-14 14:46:34,bajo,False
2026-09-14 15:28:42,2981,2026-09-14 15:25:19,1,2026-09-14 15:25:19,False,,bajo,True
2026-09-14 15:28:42,2982,2026-09-14 15:06:53,1,2026-09-14 15:06:53,False,,bajo,True
2026-09-14 15:28:42,3257,2026-09-12 21:54:46,1,2026-09-12 21:54:46,False,,bajo,True
2026-09-14 15:28:42,2364,2026-06-03 08:18:32,2,2026-06-03 08:18:32,False,,bajo,False
2026-09-14 15:28:42,2390,2026-06-03 06:18:03,2,2026-06-03 06:18:03,False,,bajo,False
2026-09-14 15:28:42,2472,2026-06-03 06:36:25,2,2026-06-03 06:36:25,False,,bajo,False
2026-09-14 15:28:42,2627,2026-06-03 01:47:48,2,2026-06-03 01:47:48,False,,bajo,False
2026-09-14 15:28:42,1724,2026-09-14 15:27:15,0,2026-09-14 15:27:15,False,,bajo,False
2026-09-14 15:28:42,1744,2026-09-14 15:28:09,0,2026-09-14 15:28:09,False,,bajo,True
2026-09-14 15:28:42,1766,2026-09-14 15:26:28,0,2026-09-14 15:26:28,True,2026-09-14 10:17:13,bajo,False
2026-09-14 15:28:42,1784,2026-09-14 15:26:31,0,2026-09-14 15:26:31,False,,bajo,True
2026-09-14 15:28:42,1805,2026-09-14 15:26:20,0,2026-09-14 15:26:20,True,2026-09-14 11:36:58,bajo,True
2026-09-14 15:28:42,1806,2026-09-14 15:27:45,0,2026-09-14 15:27:45,False,,bajo,True
2026-09-14 15:28:42,1824,2026-09-14 15:26:26,0,2026-09-14 15:26:26,True,2026-09-14 12:07:56,bajo,False
2026-09-14 15:28:42,1844,2026-09-14 15:26:50,0,2026-09-14 15:26:50,True,2026-09-14 10:19:46,bajo,True
2026-09-14 15:28:42,1845,2026-09-14 15:26:32,0,2026-09-14 15:26:32,True,2026-09-14 11:02:09,bajo,True
2026-09-14 15:28:42,1846,2026-09-14 15:25:33,0,2026-09-14 15:25:33,False,,bajo,True
2026-09-14 15:28:42,1887,2026-09-14 15:26:17,0,2026-09-14 15:26:17,False,,bajo,True
2026-09-14 15:28:42,1924,2026-09-14 12:07:56,0,2026-09-13 18:54:54,True,2026-09-14 12:07:56,bajo,False
2026-09-14 15:28:42,1926,2026-09-14 15:28:02,0,2026-09-14 15:28:02,False,,bajo,True
2026-09-14 15:28:42,1927,2026-09-14 10:01:33,0,2026-09-14 10:01:33,False,,bajo,False
2026-09-14 15:28:42,1928,2026-09-14 15:27:48,0,2026-09-14 15:27:48,False,,bajo,True
2026-09-14 15:28:42,1944,2026-09-14 15:26:15,0,2026-09-14 15:26:15,False,,bajo,True
2026-09-14 15:28:42,1945,2026-09-14 15:26:14,0,2026-09-14 15:26:14,False,,bajo,True
2026-09-14 15:28:42,1964,2026-09-14 15:27:54,0,2026-09-14 15:27:54,True,2026-09-14 12:14:07,alto,True
2026-09-14 15:28:42,1965,2026-09-14 15:27:54,0,2026-09-14 15:27:54,True,2026-09-14 12:38:32,bajo,True
2026-09-14 15:28:42,1984,2026-09-14 15:28:09,0,2026-09-14 15:28:09,False,,bajo,True
2026-09-14 15:28:42,2190,2026-09-14 15:26:17,0,2026-09-14 15:26:17,True,2026-09-14 10:54:10,bajo,True
2026-09-14 15:28:42,2192,2026-09-14 15:27:46,0,2026-09-14 15:27:46,True,2026-09-14 12:38:32,bajo,True
2026-09-14 15:28:42,2193,2026-09-14 15:27:33,0,2026-09-14 15:27:33,True,2026-09-14 10:57:57,bajo,False
2026-09-14 15:28:42,2204,2026-09-14 15:27:40,0,2026-09-14 15:27:40,False,,bajo,True
2026-09-14 15:28:42,2205,2026-09-13 17:13:11,0,2026-09-13 17:13:11,False,,bajo,False
2026-09-14 15:28:42,2207,2026-09-14 15:26:05,0,2026-09-14 15:26:05,False,,alto,True
2026-09-14 15:28:42,2208,2026-09-14 15:28:09,0,2026-09-14 15:28:09,False,,bajo,True
2026-09-14 15:28:42,2224,2026-09-14 15:28:12,0,2026-09-14 15:28:12,False,,bajo,True
2026-09-14 15:28:42,2225,2026-09-14 15:27:40,0,2026-09-14 15:27:40,False,,bajo,True
2026-09-14 15:28:42,2227,2026-09-14 15:27:23,0,2026-09-14 15:27:23,False,,bajo,True
2026-09-14 15:28:42,2229,2026-09-14 15:26:58,0,2026-09-14 15:26:58,False,,bajo,True
2026-09-14 15:28:42,2230,2026-09-14 15:27:25,0,2026-09-14 15:27:25,False,,alto,True
2026-09-14 15:28:42,2250,2026-09-14 04:02:39,0,2026-09-14 04:02:39,False,,bajo,True
2026-09-14 15:28:42,2264,2026-09-14 15:27:41,0,2026-09-14 15:27:41,False,,bajo,True
2026-09-14 15:28:42,2268,2026-09-14 15:27:35,0,2026-09-14 15:27:35,True,2026-09-14 12:14:07,bajo,True
2026-09-14 15:28:42,2284,2026-09-12 09:30:37,0,2026-09-12 09:30:37,False,,bajo,True
2026-09-14 15:28:42,2317,2026-09-14 15:23:00,0,2026-09-14 15:23:00,False,,bajo,True
2026-09-14 15:28:42,2326,2026-09-14 15:27:19,0,2026-09-14 15:27:19,False,,bajo,True
2026-09-14 15:28:42,2327,2026-09-14 15:27:56,0,2026-09-14 15:27:56,False,,bajo,True
2026-09-14 15:28:42,2330,2026-09-14 15:27:24,0,2026-09-14 15:27:24,False,,bajo,False
2026-09-14 15:28:42,2335,2026-09-14 15:27:03,0,2026-09-14 15:27:03,False,,bajo,True
2026-09-14 15:28:42,2391,2026-09-14 15:27:50,0,2026-09-14 15:27:50,True,2026-09-14 12:58:36,bajo,False
2026-09-14 15:28:42,2404,2026-09-12 23:43:31,0,2026-09-12 23:43:31,False,,bajo,True
2026-09-14 15:28:42,2411,2026-09-14 15:28:13,0,2026-09-14 15:28:13,True,2026-09-14 14:34:56,bajo,False
2026-09-14 15:28:42,2415,2026-09-14 13:18:34,0,2026-09-13 11:07:05,True,2026-09-14 13:18:34,bajo,True
2026-09-14 15:28:42,2424,2025-03-13 16:03:26,0,2025-03-13 16:03:26,False,,bajo,False
2026-09-14 15:28:42,2446,2026-09-14 15:25:11,0,2026-09-14 15:25:11,False,,bajo,True
2026-09-14 15:28:42,2459,2026-09-14 11:02:35,0,2026-09-14 11:02:35,False,,bajo,True
2026-09-14 15:28:42,2464,2026-09-14 15:28:13,0,2026-09-14 15:28:13,False,,bajo,True
2026-09-14 15:28:42,2465,2026-09-14 15:28:04,0,2026-09-14 15:28:04,False,,bajo,False
2026-09-14 15:28:42,2466,2026-09-14 00:00:14,0,2026-09-14 00:00:14,False,,bajo,False
2026-09-14 15:28:42,2468,2026-09-14 15:23:58,0,2026-09-14 15:23:58,False,,bajo,True
2026-09-14 15:28:42,2471,2026-09-14 15:25:55,0,2026-09-14 15:25:55,False,,bajo,True
2026-09-14 15:28:42,2475,2026-09-14 15:26:06,0,2026-09-14 15:26:06,False,,bajo,True
2026-09-14 15:28:42,2476,2026-09-14 15:27:58,0,2026-09-14 15:27:58,False,,bajo,True
2026-09-14 15:28:42,2482,2026-09-14 15:02:20,0,2026-09-14 15:02:20,True,2026-09-14 11:37:32,bajo,True
2026-09-14 15:28:42,2484,2026-09-14 15:25:44,0,2026-09-14 15:25:44,False,,bajo,True
2026-09-14 15:28:42,2485,2026-09-14 15:27:37,0,2026-09-14 15:27:37,False,,bajo,True
2026-09-14 15:28:42,2492,2026-09-14 15:27:02,0,2026-09-14 15:27:02,True,2026-09-14 13:51:58,bajo,True
2026-09-14 15:28:42,2516,2026-09-13 09:16:45,0,2026-09-13 09:16:45,False,,bajo,False
2026-09-14 15:28:42,2519,2026-09-14 13:02:07,0,2026-09-14 10:02:41,True,2026-09-14 13:02:07,bajo,True
2026-09-14 15:28:42,2565,2026-09-14 13:36:26,0,2026-09-13 12:25:09,True,2026-09-14 13:36:26,bajo,False
2026-09-14 15:28:42,2567,2026-09-12 21:08:49,0,2026-09-12 21:08:49,False,,bajo,True
2026-09-14 15:28:42,2575,2026-09-14 15:28:08,0,2026-09-14 15:28:08,True,2026-09-14 11:17:35,bajo,True
2026-09-14 15:28:42,2582,2026-09-14 15:27:59,0,2026-09-14 15:27:59,True,2026-09-14 13:14:59,bajo,False
2026-09-14 15:28:42,2590,2026-09-14 15:27:47,0,2026-09-14 15:27:47,False,,bajo,False
2026-09-14 15:28:42,2592,2026-09-14 15:27:21,0,2026-09-14 15:27:21,True,2026-09-14 13:30:18,alto,True
2026-09-14 15:28:42,2593,2026-09-14 07:59:58,0,2026-09-14 07:59:58,False,,bajo,True
2026-09-14 15:28:42,2654,2026-09-14 15:25:55,0,2026-09-14 15:25:55,False,,bajo,True
2026-09-14 15:28:42,2665,2026-09-14 15:24:10,0,2026-09-14 15:24:10,False,,bajo,True
2026-09-14 15:28:42,2668,2026-09-14 14:30:11,0,2026-09-14 14:30:11,True,2026-09-14 12:44:25,bajo,False
2026-09-14 15:28:42,2678,2026-09-14 15:26:22,0,2026-09-14 15:26:22,False,,bajo,True
2026-09-14 15:28:42,2693,2026-09-14 14:41:29,0,2026-09-13 20:57:11,True,2026-09-14 14:41:29,bajo,True
2026-09-14 15:28:42,2701,2026-09-14 15:24:28,0,2026-09-14 15:24:28,False,,bajo,True
2026-09-14 15:28:42,2706,2026-09-14 15:27:37,0,2026-09-14 15:27:37,False,,alto,False
2026-09-14 15:28:42,2718,2026-09-13 14:31:31,0,2026-09-13 14:31:31,False,,bajo,False
2026-09-14 15:28:42,2722,2026-09-13 19:00:00,0,2026-09-13 19:00:00,False,,medio,False
2026-09-14 15:28:42,2724,2026-09-14 15:27:37,0,2026-09-14 15:27:37,True,2026-09-14 13:56:00,alto,False
2026-09-14 15:28:42,2726,2025-03-13 16:03:26,0,2025-03-13 16:03:26,False,,bajo,False
2026-09-14 15:28:42,2730,2026-09-14 15:28:05,0,2026-09-14 15:28:05,False,,alto,True
2026-09-14 15:28:42,2743,2026-09-14 15:26:32,0,2026-09-14 15:26:32,False,,medio,True
2026-09-14 15:28:42,2744,2026-09-14 15:26:29,0,2026-09-14 15:26:29,True,2026-09-14 14:05:47,bajo,True
2026-09-14 15:28:42,2751,2026-09-12 21:55:23,0,2026-09-12 21:55:23,False,,bajo,False
2026-09-14 15:28:42,2754,2026-09-14 15:27:33,0,2026-09-14 15:27:33,False,,bajo,True
2026-09-14 15:28:42,2760,2026-09-14 15:27:53,0,2026-09-14 15:27:53,False,,alto,True
2026-09-14 15:28:42,2768,2026-09-14 15:27:46,0,2026-09-14 15:27:46,False,,bajo,True
2026-09-14 15:28:42,2770,2026-09-14 15:24:27,0,2026-09-14 15:24:27,False,,alto,True
2026-09-14 15:28:42,2773,2026-09-14 15:26:36,0,2026-09-14 15:26:36,True,2026-09-14 14:05:47,alto,True
2026-09-14 15:28:42,2777,2025-03-13 16:03:26,0,2025-03-13 16:03:26,False,,bajo,False
2026-09-14 15:28:42,2780,2026-09-13 19:55:41,0,2026-09-13 19:55:41,False,,bajo,False
2026-09-14 15:28:42,2781,2026-09-14 02:21:47,0,2026-09-14 02:21:47,False,,bajo,False
2026-09-14 15:28:42,2790,2026-09-14 14:38:49,0,2026-09-13 14:35:36,True,2026-09-14 14:38:49,bajo,True
2026-09-14 15:28:42,2791,2026-09-10 17:13:06,0,2026-09-10 17:13:06,False,,bajo,True
2026-09-14 15:28:42,2796,2026-09-14 08:09:09,0,2026-09-14 08:09:09,False,,bajo,False
2026-09-14 15:28:42,2803,2026-09-14 15:27:32,0,2026-09-14 15:27:32,True,2026-09-14 11:28:29,bajo,True
2026-09-14 15:28:42,2807,2026-09-13 16:35:35,0,2026-09-13 16:35:35,False,,bajo,False
2026-09-14 15:28:42,2808,2026-09-14 15:21:35,0,2026-09-14 15:21:35,False,,bajo,True
2026-09-14 15:28:42,2810,2026-09-14 14:23:33,0,2026-09-14 10:46:40,True,2026-09-14 14:23:33,bajo,True
2026-09-14 15:28:42,2830,2026-09-14 14:33:43,0,2026-09-14 14:33:43,False,,bajo,False
2026-09-14 15:28:42,2858,2026-09-13 12:16:55,0,2026-09-13 12:16:55,False,,bajo,True
2026-09-14 15:28:42,2904,2026-09-13 14:33:49,0,2026-09-13 14:33:49,False,,bajo,False
2026-09-14 15:28:42,2922,2026-09-14 15:27:24,0,2026-09-14 15:27:24,False,,bajo,True
2026-09-14 15:28:42,2926,2026-09-14 15:10:01,0,2026-09-14 15:10:01,False,,bajo,True
2026-09-14 15:28:42,2929,2026-09-14 15:27:04,0,2026-09-14 15:27:04,False,,alto,True
2026-09-14 15:28:42,2935,2026-09-14 15:26:05,0,2026-09-14 15:26:05,True,2026-09-14 11:17:35,bajo,True
2026-09-14 15:28:42,2937,2026-09-14 15:26:12,0,2026-09-14 15:26:12,False,,bajo,True
2026-09-14 15:28:42,2961,2026-02-27 08:12:26,0,2026-02-27 08:12:26,False,,bajo,False
2026-09-14 15:28:42,2971,2026-09-14 08:30:54,0,2026-09-14 08:30:54,False,,bajo,True
2026-09-14 15:28:42,2972,2026-09-14 15:21:56,0,2026-09-14 15:21:56,False,,bajo,True
2026-09-14 15:28:42,2973,2026-09-14 10:39:23,0,2026-09-14 10:39:23,False,,bajo,False
2026-09-14 15:28:42,2975,2026-09-14 15:28:07,0,2026-09-14 15:28:07,False,,bajo,True
2026-09-14 15:28:42,2978,2026-09-14 15:27:30,0,2026-09-14 15:27:30,False,,bajo,True
2026-09-14 15:28:42,2983,2026-09-14 15:27:09,0,2026-09-14 15:27:09,False,,bajo,True
2026-09-14 15:28:42,2984,2026-09-14 13:06:37,0,2026-09-12 01:33:54,True,2026-09-14 13:06:37,bajo,False
2026-09-14 15:28:42,2985,2026-09-14 15:27:48,0,2026-09-14 15:27:48,False,,bajo,False
2026-09-14 15:28:42,2986,2026-09-14 15:27:07,0,2026-09-14 15:27:07,False,,bajo,False
2026-09-14 15:28:42,2987,2026-09-14 15:27:53,0,2026-09-14 15:27:53,False,,bajo,True
2026-09-14 15:28:42,2988,2026-09-14 15:26:08,0,2026-09-14 15:26:08,True,2026-09-14 11:22:11,bajo,True
2026-09-14 15:28:42,2993,2026-09-14 15:26:57,0,2026-09-14 15:26:57,False,,bajo,True
2026-09-14 15:28:42,2994,2026-09-14 15:26:30,0,2026-09-14 15:26:30,False,,bajo,True
2026-09-14 15:28:42,2996,2026-09-14 12:03:13,0,2026-09-13 17:33:52,True,2026-09-14 12:03:13,alto,True
2026-09-14 15:28:42,2998,2026-09-14 15:27:22,0,2026-09-14 15:27:22,False,,bajo,True
2026-09-14 15:28:42,3002,2026-09-14 15:28:13,0,2026-09-14 15:28:13,True,2026-09-14 12:07:47,bajo,True
2026-09-14 15:28:42,3009,2026-09-14 15:28:09,0,2026-09-14 15:28:09,False,,bajo,True
2026-09-14 15:28:42,3010,2026-09-14 15:27:33,0,2026-09-14 15:27:33,False,,bajo,True
2026-09-14 15:28:42,3011,2026-09-14 15:27:07,0,2026-09-14 15:27:07,False,,bajo,True
2026-09-14 15:28:42,3013,2026-09-14 15:12:27,0,2026-09-14 15:12:27,True,2026-09-14 12:03:13,bajo,True
2026-09-14 15:28:42,3020,2026-09-14 08:59:53,0,2026-09-14 08:59:53,False,,bajo,False
2026-09-14 15:28:42,3022,2026-09-14 15:22:11,0,2026-09-14 15:22:11,False,,bajo,True
2026-09-14 15:28:42,3024,2026-09-14 15:27:48,0,2026-09-14 15:27:48,True,2026-09-14 11:33:19,bajo,True
2026-09-14 15:28:42,3026,2026-09-14 15:24:53,0,2026-09-14 15:24:53,False,,bajo,False
2026-09-14 15:28:42,3027,2026-09-14 15:26:22,0,2026-09-14 15:26:22,True,2026-09-14 10:29:16,bajo,True
2026-09-14 15:28:42,3029,2026-09-14 15:24:09,0,2026-09-14 15:24:09,False,,bajo,True
2026-09-14 15:28:42,3036,2025-03-13 16:18:25,0,2025-03-13 16:18:25,False,,bajo,False
2026-09-14 15:28:42,3039,2026-09-13 15:20:18,0,2026-09-13 15:20:18,False,,bajo,False
2026-09-14 15:28:42,3060,2026-09-14 15:27:43,0,2026-09-14 15:27:43,True,2026-09-14 10:39:17,bajo,True
2026-09-14 15:28:42,3064,2026-09-14 15:28:06,0,2026-09-14 15:28:06,False,,bajo,True
2026-09-14 15:28:42,3065,2026-09-14 15:27:52,0,2026-09-14 15:27:52,False,,bajo,True
2026-09-14 15:28:42,3074,2026-09-14 14:36:35,0,2026-09-14 14:36:35,False,,bajo,True
2026-09-14 15:28:42,3076,2026-09-12 17:19:40,0,2026-09-12 17:19:40,False,,bajo,False
2026-09-14 15:28:42,3079,2026-09-14 15:27:19,0,2026-09-14 15:27:19,False,,bajo,True
2026-09-14 15:28:42,3084,2026-09-14 11:43:05,0,2026-09-14 11:43:05,False,,bajo,False
2026-09-14 15:28:42,3086,2026-09-14 15:26:39,0,2026-09-14 15:26:39,False,,alto,False
2026-09-14 15:28:42,3087,2026-09-13 19:12:15,0,2026-09-13 19:12:15,False,,alto,False
2026-09-14 15:28:42,3099,2026-09-14 15:27:30,0,2026-09-14 15:27:30,False,,bajo,True
2026-09-14 15:28:42,3101,2026-09-13 20:01:26,0,2026-09-13 20:01:26,False,,bajo,False
2026-09-14 15:28:42,3117,2026-09-14 14:42:43,0,2026-09-14 14:42:43,False,,bajo,True
2026-09-14 15:28:42,3121,2026-09-14 14:00:00,0,2026-09-14 14:00:00,False,,bajo,True
2026-09-14 15:28:42,3132,2026-09-14 12:27:28,0,2026-09-14 12:27:28,False,,bajo,True
2026-09-14 15:28:42,3138,2026-09-14 15:27:30,0,2026-09-14 15:27:30,False,,bajo,True
2026-09-14 15:28:42,3141,2026-09-14 15:28:10,0,2026-09-14 15:28:10,False,,bajo,False
2026-09-14 15:28:42,3144,2026-09-14 14:58:16,0,2026-09-14 14:58:16,False,,bajo,True
2026-09-14 15:28:42,3145,2026-09-14 14:26:21,0,2026-09-14 13:39:12,True,2026-09-14 14:26:21,bajo,True
2026-09-14 15:28:42,3146,2026-09-14 15:27:23,0,2026-09-14 15:27:23,False,,bajo,True
2026-09-14 15:28:42,3151,2026-09-14 08:59:33,0,2026-09-14 08:59:33,False,,alto,False
2026-09-14 15:28:42,3154,2026-09-14 15:26:31,0,2026-09-14 15:26:31,False,,bajo,False
2026-09-14 15:28:42,3155,2026-09-14 15:26:45,0,2026-09-14 15:26:45,False,,bajo,True
2026-09-14 15:28:42,3159,2026-09-14 15:24:24,0,2026-09-14 15:24:24,False,,bajo,True
2026-09-14 15:28:42,3160,2026-09-14 13:02:23,0,2026-09-14 13:02:23,False,,bajo,False
2026-09-14 15:28:42,3161,2026-09-13 11:03:36,0,2026-09-13 11:03:36,False,,bajo,False
2026-09-14 15:28:42,3162,2026-09-14 15:27:45,0,2026-09-14 15:27:45,False,,bajo,True
2026-09-14 15:28:42,3169,2026-09-14 08:54:36,0,2026-09-14 08:54:36,False,,bajo,False
2026-09-14 15:28:42,3172,2026-09-14 15:22:41,0,2026-09-14 15:22:41,False,,bajo,True
2026-09-14 15:28:42,3178,2026-09-14 15:24:48,0,2026-09-14 15:24:48,False,,bajo,True
2026-09-14 15:28:42,3184,2026-09-14 15:26:34,0,2026-09-14 15:26:34,False,,bajo,False
2026-09-14 15:28:42,3185,2026-09-14 15:25:24,0,2026-09-14 15:25:24,False,,bajo,True
2026-09-14 15:28:42,3186,2026-09-14 15:28:12,0,2026-09-14 15:28:12,True,2026-09-14 12:47:44,alto,False
2026-09-14 15:28:42,3187,2026-08-23 09:50:03,0,2026-08-23 09:50:03,False,,bajo,True
2026-09-14 15:28:42,3191,2026-09-14 15:22:40,0,2026-09-14 15:22:40,False,,bajo,True
2026-09-14 15:28:42,3199,2026-09-14 15:26:02,0,2026-09-14 15:26:02,False,,bajo,True
2026-09-14 15:28:42,3202,2026-09-14 15:22:21,0,2026-09-14 15:22:21,False,,bajo,True
2026-09-14 15:28:42,3203,2026-09-14 15:27:10,0,2026-09-14 15:27:10,True,2026-09-14 10:29:16,bajo,False
2026-09-14 15:28:42,3204,2026-09-14 15:27:51,0,2026-09-14 15:27:51,False,,bajo,True
2026-09-14 15:28:42,3207,2026-09-14 15:25:33,0,2026-09-14 15:25:33,False,,bajo,True
2026-09-14 15:28:42,3208,2026-09-14 11:31:47,0,2026-09-14 11:31:47,False,,bajo,False
2026-09-14 15:28:42,3216,2026-09-14 15:24:43,0,2026-09-14 15:24:43,False,,medio,False
2026-09-14 15:28:42,3222,2026-09-13 21:49:23,0,2026-09-13 21:49:23,False,,bajo,False
2026-09-14 15:28:42,3224,2026-09-14 14:31:10,0,2026-09-14 14:31:10,False,,bajo,True
2026-09-14 15:28:42,3225,2026-09-11 16:23:24,0,2026-09-11 16:23:24,False,,bajo,False
2026-09-14 15:28:42,3227,2026-09-14 14:44:45,0,2026-09-14 14:44:45,False,,bajo,True
2026-09-14 15:28:42,3232,2026-09-14 15:27:32,0,2026-09-14 15:27:32,False,,bajo,True
2026-09-14 15:28:42,3239,2026-09-12 22:17:31,0,2026-09-12 22:17:31,False,,bajo,False
2026-09-14 15:28:42,3242,2026-09-14 15:26:56,0,2026-09-14 15:26:56,False,,bajo,True
2026-09-14 15:28:42,3243,2026-09-11 21:02:20,0,2026-09-11 21:02:20,False,,alto,True
2026-09-14 15:28:42,3244,2026-09-14 15:13:13,0,2026-09-14 15:13:13,False,,bajo,True
2026-09-14 15:28:42,3253,2026-09-14 15:16:19,0,2026-09-14 15:16:19,False,,bajo,True
2026-09-14 15:28:42,3259,2026-09-14 15:27:15,0,2026-09-14 15:27:15,False,,medio,True
2026-09-14 15:28:42,3264,2026-09-14 15:13:59,0,2026-09-14 15:13:59,True,2026-09-14 14:16:25,bajo,True
2026-09-14 15:28:42,3266,2026-09-14 09:35:29,0,2026-09-14 09:35:29,False,,bajo,True
2026-09-14 15:28:42,4018,2026-09-13 07:44:48,0,2026-09-13 07:44:48,False,,bajo,False
2026-09-14 15:28:42,4024,2026-09-14 11:43:13,0,2026-09-14 11:43:13,False,,bajo,False
2026-09-14 15:28:42,1724,2026-09-14 15:25:12,1,2026-09-14 15:25:12,False,,bajo,False
2026-09-14 15:28:42,1744,2026-09-14 15:23:02,1,2026-09-14 15:23:02,False,,bajo,False
2026-09-14 15:28:42,1766,2026-06-03 03:27:01,1,2026-06-03 03:27:01,False,,bajo,False
2026-09-14 15:28:42,1784,2026-06-03 03:29:57,1,2026-06-03 03:29:57,False,,bajo,False
2026-09-14 15:28:42,1805,2026-06-03 08:20:37,1,2026-06-03 08:20:37,False,,bajo,False
2026-09-14 15:28:42,1806,2026-09-14 14:23:16,1,2026-09-14 14:23:16,False,,bajo,False
2026-09-14 15:28:42,1824,2026-06-03 08:35:59,1,2026-06-03 08:35:59,False,,bajo,False
2026-09-14 15:28:42,1844,2026-09-14 11:40:39,1,2026-09-14 11:40:39,False,,bajo,False
2026-09-14 15:28:42,1845,2026-06-03 08:35:31,1,2026-06-03 08:35:31,False,,bajo,False
2026-09-14 15:28:42,1846,2026-09-13 22:11:33,1,2026-09-13 22:11:33,False,,bajo,False
2026-09-14 15:28:42,1887,2026-09-14 09:38:33,1,2026-09-14 09:38:33,False,,bajo,True
2026-09-14 15:28:42,1924,2026-09-14 14:43:08,1,2026-09-14 14:43:08,False,,bajo,False
2026-09-14 15:28:42,1926,2026-09-13 18:26:53,1,2026-09-13 18:26:53,False,,bajo,False
2026-09-14 15:28:42,1927,2026-09-14 15:12:15,1,2026-09-14 15:12:15,False,,bajo,False
2026-09-14 15:28:42,1928,2026-09-14 15:01:31,1,2026-09-14 15:01:31,False,,bajo,False
2026-09-14 15:28:42,1945,2026-09-14 12:03:01,1,2026-09-14 12:03:01,False,,bajo,False
2026-09-14 15:28:42,1964,2026-09-14 14:49:56,1,2026-09-14 14:49:56,False,,alto,False
2026-09-14 15:28:42,1965,2026-09-14 15:27:59,1,2026-09-14 15:27:59,False,,bajo,False
2026-09-14 15:28:42,1984,2026-09-14 15:20:55,1,2026-09-14 15:20:55,False,,bajo,False
2026-09-14 15:28:42,2190,2026-09-14 09:16:16,1,2026-09-14 09:16:16,False,,bajo,False
2026-09-14 15:28:42,2192,2026-09-14 15:26:18,1,2026-09-14 15:26:18,False,,bajo,False
2026-09-14 15:28:42,2193,2026-09-13 04:15:12,1,2026-09-13 04:15:12,False,,bajo,False
2026-09-14 15:28:42,2204,2026-09-13 08:49:33,1,2026-09-13 08:49:33,False,,bajo,False
2026-09-14 15:28:42,2205,2026-09-14 08:45:04,1,2026-09-14 08:45:04,False,,bajo,False
2026-09-14 15:28:42,2207,2026-09-13 15:44:58,1,2026-09-13 15:44:58,False,,bajo,False
2026-09-14 15:28:42,2208,2026-09-12 18:08:58,1,2026-09-12 18:08:58,False,,bajo,False
2026-09-14 15:28:42,2224,2026-09-12 21:03:29,1,2026-09-12 21:03:29,False,,bajo,False
2026-09-14 15:28:42,2225,2026-09-14 15:20:47,1,2026-09-14 15:20:47,False,,bajo,False
2026-09-14 15:28:42,2227,2026-09-14 15:24:13,1,2026-09-14 15:24:13,False,,bajo,False
2026-09-14 15:28:42,2230,2026-09-12 18:30:22,1,2026-09-12 18:30:22,False,,bajo,False
2026-09-14 15:28:42,2250,2026-09-14 01:42:22,1,2026-09-14 01:42:22,False,,bajo,True
2026-09-14 15:28:42,2264,2026-09-14 15:09:28,1,2026-09-14 15:09:28,False,,bajo,True
2026-09-14 15:28:42,2268,2026-09-12 23:05:35,1,2026-09-12 23:05:35,False,,bajo,False
2026-09-14 15:28:42,2284,2026-09-14 15:27:33,1,2026-09-14 15:27:33,False,,bajo,True
2026-09-14 15:28:42,2317,2026-09-14 15:23:00,1,2026-09-14 15:23:00,False,,bajo,False
2026-09-14 15:28:42,2326,2026-09-14 15:27:19,1,2026-09-14 15:27:19,False,,bajo,False
2026-09-14 15:28:42,2327,2026-09-13 20:37:20,1,2026-09-13 20:37:20,False,,bajo,False
2026-09-14 15:28:42,2330,2026-09-14 15:24:14,1,2026-09-14 15:24:14,False,,bajo,False
2026-09-14 15:28:42,2335,2026-09-14 14:30:47,1,2026-09-14 14:30:47,False,,bajo,False
2026-09-14 15:28:42,2391,2026-09-14 12:41:21,1,2026-09-14 12:41:21,False,,bajo,False
2026-09-14 15:28:42,2404,2026-09-12 16:36:57,1,2026-09-12 16:36:57,False,,bajo,False
2026-09-14 15:28:42,2415,2026-09-14 12:09:47,1,2026-09-14 12:09:47,False,,bajo,False
2026-09-14 15:28:42,2424,2025-03-13 16:03:26,1,2025-03-13 16:03:26,False,,bajo,False
2026-09-14 15:28:42,2446,2026-09-14 15:23:00,1,2026-09-14 15:23:00,False,,bajo,False
2026-09-14 15:28:42,2459,2026-09-13 16:48:14,1,2026-09-13 16:48:14,False,,bajo,False
2026-09-14 15:28:42,2464,2026-09-14 13:40:14,1,2026-09-14 13:40:14,False,,bajo,False
2026-09-14 15:28:42,2465,2026-09-14 15:20:18,1,2026-09-14 15:20:18,False,,bajo,False
2026-09-14 15:28:42,2466,2026-09-12 21:06:27,1,2026-09-12 21:06:27,False,,bajo,False
2026-09-14 15:28:42,2468,2026-09-13 13:35:59,1,2026-09-13 13:35:59,False,,bajo,True
2026-09-14 15:28:42,2471,2026-09-14 15:18:30,1,2026-09-14 15:18:30,False,,bajo,False
2026-09-14 15:28:42,2475,2026-09-14 08:47:45,1,2026-09-14 08:47:45,False,,bajo,False
2026-09-14 15:28:42,2476,2026-09-14 09:32:18,1,2026-09-14 09:32:18,False,,bajo,False
2026-09-14 15:28:42,2482,2026-09-14 15:28:07,1,2026-09-14 15:28:07,True,2026-09-14 11:37:32,medio,True
2026-09-14 15:28:42,2484,2026-09-14 15:13:49,1,2026-09-14 15:13:49,False,,bajo,False
2026-09-14 15:28:42,2485,2026-09-14 15:12:34,1,2026-09-14 15:12:34,False,,bajo,True
2026-09-14 15:28:42,2492,2026-09-14 08:34:29,1,2026-09-14 08:34:29,False,,bajo,False
2026-09-14 15:28:42,2516,2026-09-14 15:22:20,1,2026-09-14 15:22:20,False,,bajo,False
2026-09-14 15:28:42,2519,2026-09-13 18:10:11,1,2026-09-13 18:10:11,False,,bajo,False
2026-09-14 15:28:42,2565,2026-09-14 14:33:08,1,2026-09-14 14:33:08,False,,bajo,False
2026-09-14 15:28:42,2567,2026-09-14 14:07:42,1,2026-09-14 14:07:42,False,,bajo,False
2026-09-14 15:28:42,2575,2026-09-14 08:42:26,1,2026-09-14 08:42:26,False,,bajo,False
2026-09-14 15:28:42,2582,2026-09-14 07:46:56,1,2026-09-14 07:46:56,False,,bajo,False
2026-09-14 15:28:42,2590,2026-09-14 09:57:47,1,2026-09-14 09:57:47,False,,bajo,False
2026-09-14 15:28:42,2592,2026-09-14 14:33:05,1,2026-09-14 14:33:05,False,,bajo,True
2026-09-14 15:28:42,2593,2026-09-14 08:28:39,1,2026-09-14 08:28:39,False,,bajo,False
2026-09-14 15:28:42,2654,2026-09-14 15:28:29,1,2026-09-14 15:28:29,False,,bajo,True
2026-09-14 15:28:42,2665,2026-09-14 14:45:44,1,2026-09-14 14:45:44,False,,bajo,False
2026-09-14 15:28:42,2668,2026-09-12 12:50:58,1,2026-09-12 12:50:58,False,,bajo,False
2026-09-14 15:28:42,2678,2026-09-14 15:24:18,1,2026-09-14 15:24:18,False,,bajo,False
2026-09-14 15:28:42,2693,2026-09-14 15:23:18,1,2026-09-14 15:23:18,False,,bajo,False
2026-09-14 15:28:42,2701,2026-09-14 15:24:28,1,2026-09-14 15:24:28,False,,bajo,False
2026-09-14 15:28:42,2706,2026-09-14 10:26:35,1,2026-09-14 10:26:35,False,,bajo,False
2026-09-14 15:28:42,2718,2026-09-13 15:19:43,1,2026-09-13 15:19:43,False,,bajo,False
2026-09-14 15:28:42,2722,2026-09-13 20:37:55,1,2026-09-13 20:37:55,False,,alto,False
2026-09-14 15:28:42,2724,2026-09-14 02:36:09,1,2026-09-14 02:36:09,False,,bajo,False
2026-09-14 15:28:42,2726,2025-03-13 16:03:26,1,2025-03-13 16:03:26,False,,bajo,False
2026-09-14 15:28:42,2730,2026-06-03 08:24:07,1,2026-06-03 08:24:07,False,,bajo,False
2026-09-14 15:28:42,2743,2026-09-14 15:25:28,1,2026-09-14 15:25:28,False,,bajo,True
2026-09-14 15:28:42,2744,2026-09-14 00:51:39,1,2026-09-14 00:51:39,False,,bajo,False
2026-09-14 15:28:42,2751,2026-09-13 10:14:51,1,2026-09-13 10:14:51,False,,bajo,False
2026-09-14 15:28:42,2754,2026-06-03 08:25:11,1,2026-06-03 08:25:11,False,,bajo,False
2026-09-14 15:28:42,2768,2026-06-03 08:23:19,1,2026-06-03 08:23:19,False,,bajo,False
2026-09-14 15:28:42,2770,2025-03-13 16:03:26,1,2025-03-13 16:03:26,False,,bajo,False
2026-09-14 15:28:42,2773,2026-09-14 15:20:19,1,2026-09-14 15:20:19,False,,alto,True
2026-09-14 15:28:42,2777,2025-03-13 16:03:26,1,2025-03-13 16:03:26,False,,bajo,False
2026-09-14 15:28:42,2780,2026-09-13 18:32:47,1,2026-09-13 18:32:47,False,,bajo,False
2026-09-14 15:28:42,2781,2026-09-13 18:31:24,1,2026-09-13 18:31:24,False,,bajo,False
2026-09-14 15:28:42,2790,2026-09-13 17:33:08,1,2026-09-13 17:33:08,False,,bajo,False
2026-09-14 15:28:42,2791,2026-09-10 00:17:20,1,2026-09-10 00:17:20,False,,bajo,False
2026-09-14 15:28:42,2796,2026-09-14 06:26:52,1,2026-09-14 06:26:52,False,,bajo,False
2026-09-14 15:28:42,2803,2026-09-14 09:52:49,1,2026-09-14 09:52:49,False,,bajo,False
2026-09-14 15:28:42,2807,2026-09-14 14:29:08,1,2026-09-14 14:29:08,False,,bajo,False
2026-09-14 15:28:42,2808,2026-09-13 00:52:47,1,2026-09-13 00:52:47,False,,bajo,False
2026-09-14 15:28:42,2810,2026-09-14 15:11:06,1,2026-09-14 15:11:06,False,,bajo,True
2026-09-14 15:28:42,2830,2026-09-12 16:03:34,1,2026-09-12 16:03:34,False,,bajo,False
2026-09-14 15:28:42,2858,2026-09-14 07:28:05,1,2026-09-14 07:28:05,False,,alto,False
2026-09-14 15:28:42,2904,2026-09-12 15:01:10,1,2026-09-12 15:01:10,False,,bajo,False
2026-09-14 15:28:42,2922,2026-06-03 07:54:30,1,2026-06-03 07:54:30,False,,bajo,False
2026-09-14 15:28:42,2926,2026-09-14 15:07:14,1,2026-09-14 15:07:14,False,,bajo,False
2026-09-14 15:28:42,2929,2026-09-14 15:27:36,1,2026-09-14 15:27:36,False,,medio,False
2026-09-14 15:28:42,2935,2026-09-14 15:19:35,1,2026-09-14 15:19:35,False,,bajo,False
2026-09-14 15:28:42,2937,2026-09-14 15:20:56,1,2026-09-14 15:20:56,False,,bajo,False
2026-09-14 15:28:42,2961,2026-02-27 08:12:26,1,2026-02-27 08:12:26,False,,bajo,False
2026-09-14 15:28:42,2971,2026-09-13 08:16:10,1,2026-09-13 08:16:10,False,,bajo,False
2026-09-14 15:28:42,2972,2026-09-14 12:43:01,1,2026-09-14 12:43:01,False,,bajo,False
2026-09-14 15:28:42,2973,2026-09-14 09:34:15,1,2026-09-14 09:34:15,False,,bajo,False
2026-09-14 15:28:42,2975,2026-09-10 17:33:58,1,2026-09-10 17:33:58,False,,bajo,False
2026-09-14 15:28:42,2978,2026-09-14 15:18:30,1,2026-09-14 15:18:30,False,,bajo,True
2026-09-14 15:28:42,2983,2026-09-14 14:54:55,1,2026-09-14 14:54:55,False,,bajo,False
2026-09-14 15:28:42,2984,2026-09-11 19:15:09,1,2026-09-11 19:15:09,False,,bajo,False
2026-09-14 15:28:42,2985,2026-09-14 15:14:03,1,2026-09-14 15:14:03,False,,bajo,False
2026-09-14 15:28:42,2986,2026-09-12 17:58:35,1,2026-09-12 17:58:35,False,,bajo,False
2026-09-14 15:28:42,2987,2026-09-13 14:14:45,1,2026-09-13 14:14:45,False,,bajo,False
2026-09-14 15:28:42,2988,2026-09-14 15:26:07,1,2026-09-14 15:26:07,False,,bajo,False
2026-09-14 15:28:42,2993,2026-09-13 10:38:27,1,2026-09-13 10:38:27,False,,alto,False
2026-09-14 15:28:42,2994,2026-09-11 16:41:00,1,2026-09-11 16:41:00,False,,bajo,False
2026-09-14 15:28:42,2996,2026-09-13 15:45:08,1,2026-09-13 15:45:08,False,,bajo,False
2026-09-14 15:28:42,2998,2026-09-14 13:23:03,1,2026-09-14 13:23:03,True,2026-09-14 13:04:59,bajo,True
2026-09-14 15:28:42,3002,2026-09-14 14:42:16,1,2026-09-14 14:42:16,True,2026-09-14 12:07:47,bajo,False
2026-09-14 15:28:42,3009,2026-09-12 20:15:24,1,2026-09-12 20:15:24,False,,bajo,False
2026-09-14 15:28:42,3010,2026-09-13 19:06:28,1,2026-09-13 19:06:28,False,,bajo,False
2026-09-14 15:28:42,3011,2026-09-14 11:18:03,1,2026-09-14 11:18:03,False,,bajo,False
2026-09-14 15:28:42,3013,2026-09-13 16:31:28,1,2026-09-13 16:31:28,False,,bajo,False
2026-09-14 15:28:42,3020,2026-09-14 15:21:52,1,2026-09-14 15:21:52,False,,bajo,False
2026-09-14 15:28:42,3022,2026-09-14 15:22:02,1,2026-09-14 15:22:02,False,,alto,False
2026-09-14 15:28:42,3024,2026-09-14 15:25:33,1,2026-09-14 15:25:33,False,,bajo,False
2026-09-14 15:28:42,3026,2026-09-14 07:01:27,1,2026-09-14 07:01:27,False,,bajo,False
2026-09-14 15:28:42,3027,2026-09-12 14:18:21,1,2026-09-12 14:18:21,False,,bajo,False
2026-09-14 15:28:42,3029,2026-09-14 12:40:08,1,2026-09-14 12:40:08,False,,bajo,False
2026-09-14 15:28:42,3036,2025-03-13 16:18:25,1,2025-03-13 16:18:25,False,,bajo,False
2026-09-14 15:28:42,3039,2026-09-13 12:38:46,1,2026-09-13 12:38:46,False,,medio,False
2026-09-14 15:28:42,3060,2026-09-14 07:04:08,1,2026-09-14 07:04:08,False,,bajo,False
2026-09-14 15:28:42,3064,2026-09-14 15:20:31,1,2026-09-14 15:20:31,False,,bajo,True
2026-09-14 15:28:42,3065,2026-06-03 06:29:32,1,2026-06-03 06:29:32,False,,bajo,False
2026-09-14 15:28:42,3074,2026-09-13 11:09:15,1,2026-09-13 11:09:15,False,,bajo,False
2026-09-14 15:28:42,3076,2026-09-13 22:03:22,1,2026-09-13 22:03:22,False,,bajo,False
2026-09-14 15:28:42,3079,2026-09-12 23:29:48,1,2026-09-12 23:29:48,False,,bajo,False
2026-09-14 15:28:42,3084,2026-09-14 15:25:52,1,2026-09-14 15:25:52,False,,bajo,False
2026-09-14 15:28:42,3086,2026-09-14 15:13:08,1,2026-09-14 15:13:08,False,,bajo,False
2026-09-14 15:28:42,3087,2026-09-13 19:13:54,1,2026-09-13 19:13:54,False,,bajo,False
2026-09-14 15:28:42,3099,2026-09-14 15:26:27,1,2026-09-14 15:26:27,False,,alto,False
2026-09-14 15:28:42,3101,2026-09-11 18:29:28,1,2026-09-11 18:29:28,False,,bajo,False
2026-09-14 15:28:42,3117,2026-09-14 14:55:24,1,2026-09-14 14:55:24,False,,bajo,False
2026-09-14 15:28:42,3121,2026-09-14 12:50:57,1,2026-09-14 12:50:57,False,,bajo,False
2026-09-14 15:28:42,3132,2026-09-13 05:25:23,1,2026-09-13 05:25:23,False,,bajo,False
2026-09-14 15:28:42,3138,2026-09-13 08:08:12,1,2026-09-13 08:08:12,False,,bajo,False
2026-09-14 15:28:42,3141,2026-09-14 09:16:17,1,2026-09-14 09:16:17,False,,bajo,False
2026-09-14 15:28:42,3144,2026-09-14 15:18:16,1,2026-09-14 15:18:16,False,,bajo,False
2026-09-14 15:28:42,3145,2026-09-13 16:40:18,1,2026-09-13 16:40:18,False,,bajo,False
2026-09-14 15:28:42,3146,2026-09-14 14:56:39,1,2026-09-14 14:56:39,False,,bajo,False
2026-09-14 15:28:42,3151,2026-09-13 18:08:19,1,2026-09-13 18:08:19,False,,bajo,False
2026-09-14 15:28:42,3154,2026-09-13 03:50:21,1,2026-09-13 03:50:21,False,,bajo,False
2026-09-14 15:28:42,3155,2026-09-14 15:18:23,1,2026-09-14 15:18:23,True,2026-09-14 12:19:36,bajo,False
2026-09-14 15:28:42,3159,2026-09-12 23:59:38,1,2026-09-12 23:59:38,False,,bajo,False
2026-09-14 15:28:42,3160,2026-09-13 14:54:23,1,2026-09-13 14:54:23,False,,bajo,False
2026-09-14 15:28:42,3161,2026-09-14 08:19:46,1,2026-09-14 08:19:46,False,,bajo,False
2026-09-14 15:28:42,3162,2026-06-03 06:14:04,1,2026-06-03 06:14:04,False,,bajo,False
2026-09-14 15:28:42,3169,2026-09-14 15:24:12,1,2026-09-14 15:24:12,False,,bajo,False
2026-09-14 15:28:42,3172,2026-09-12 11:33:47,1,2026-09-12 11:33:47,False,,bajo,False
2026-09-14 15:28:42,3178,2026-09-14 15:21:57,1,2026-09-14 15:21:57,False,,bajo,True
2026-09-14 15:28:42,3184,2026-09-14 13:22:34,1,2026-09-14 13:22:34,False,,bajo,False
2026-09-14 15:28:42,3185,2026-09-14 15:18:26,1,2026-09-14 15:18:26,False,,alto,False
2026-09-14 15:28:42,3187,2026-09-14 15:23:39,1,2026-09-14 15:23:39,False,,bajo,False
2026-09-14 15:28:42,3191,2026-09-13 08:41:08,1,2026-09-13 08:41:08,False,,bajo,True
2026-09-14 15:28:42,3199,2026-09-14 15:10:38,1,2026-09-14 15:10:38,False,,bajo,True
2026-09-14 15:28:42,3202,2026-09-14 14:30:21,1,2026-09-14 14:30:21,False,,bajo,False
2026-09-14 15:28:42,3203,2026-09-13 09:41:43,1,2026-09-13 09:41:43,False,,bajo,False
2026-09-14 15:28:42,3204,2026-09-14 15:21:51,1,2026-09-14 15:21:51,False,,bajo,False
2026-09-14 15:28:42,3207,2026-09-14 15:05:31,1,2026-09-14 15:05:31,False,,bajo,False
2026-09-14 15:28:42,3208,2026-09-14 15:26:09,1,2026-09-14 15:26:09,True,2026-09-14 13:08:48,bajo,True
2026-09-14 15:28:42,3216,2026-09-14 14:12:06,1,2026-09-14 14:12:06,False,,medio,True
2026-09-14 15:28:42,3222,2026-09-13 12:17:27,1,2026-09-13 12:17:27,False,,bajo,False
2026-09-14 15:28:42,3224,2026-09-14 15:28:11,1,2026-09-14 15:28:11,False,,bajo,True
2026-09-14 15:28:42,3225,2026-09-10 15:34:31,1,2026-09-10 15:34:31,False,,bajo,False
2026-09-14 15:28:42,3227,2026-09-12 20:18:49,1,2026-09-12 20:18:49,False,,bajo,False
2026-09-14 15:28:42,3232,2026-09-14 10:40:06,1,2026-09-14 10:40:06,False,,bajo,True
2026-09-14 15:28:42,3239,2026-09-14 12:58:00,1,2026-09-14 12:58:00,False,,bajo,False
2026-09-14 15:28:42,3242,2026-09-14 15:10:56,1,2026-09-14 15:10:56,False,,bajo,False
2026-09-14 15:28:42,3243,2026-09-14 07:02:04,1,2026-09-14 07:02:04,False,,bajo,False
2026-09-14 15:28:42,3244,2026-09-14 14:36:53,1,2026-09-14 14:36:53,False,,bajo,False
2026-09-14 15:28:42,3259,2026-09-14 15:01:59,1,2026-09-14 15:01:59,False,,medio,False
2026-09-14 15:28:42,3264,2026-09-14 09:38:08,1,2026-09-14 09:38:08,False,,bajo,False
2026-09-14 15:28:42,3266,2026-09-14 15:28:21,1,2026-09-14 15:28:21,False,,bajo,False
2026-09-14 15:28:42,4018,2026-09-12 18:33:26,1,2026-09-12 18:33:26,False,,bajo,False
2026-09-14 15:28:42,4024,2026-09-13 00:33:17,1,2026-09-13 00:33:17,False,,bajo,False
2026-09-14 15:28:42,1724,2026-06-03 08:15:44,2,2026-06-03 08:15:44,False,,bajo,False
2026-09-14 15:28:42,1744,2026-06-03 06:32:42,2,2026-06-03 06:32:42,False,,bajo,False
2026-09-14 15:28:42,1766,2026-06-03 17:35:31,2,2026-06-03 17:35:31,False,,bajo,False
2026-09-14 15:28:42,1784,2026-06-03 17:31:00,2,2026-06-03 17:31:00,False,,bajo,False
2026-09-14 15:28:42,1805,2026-06-03 17:31:00,2,2026-06-03 17:31:00,False,,bajo,False
2026-09-14 15:28:42,1824,2026-06-03 17:31:00,2,2026-06-03 17:31:00,False,,bajo,False
2026-09-14 15:28:42,1844,2026-06-03 17:31:00,2,2026-06-03 17:31:00,False,,bajo,False
2026-09-14 15:28:42,1845,2026-06-03 17:31:27,2,2026-06-03 17:31:27,False,,bajo,False
2026-09-14 15:28:42,1887,2026-08-05 15:28:49,2,2026-08-05 15:28:49,False,,bajo,False
2026-09-14 15:28:42,1924,2026-06-03 17:31:00,2,2026-06-03 17:31:00,False,,bajo,False
2026-09-14 15:28:42,1926,2026-06-03 06:42:55,2,2026-06-03 06:42:55,False,,bajo,False
2026-09-14 15:28:42,1944,2026-06-03 17:31:00,2,2026-06-03 17:31:00,False,,bajo,False
2026-09-14 15:28:42,1945,2026-09-09 10:38:27,2,2026-09-09 10:38:27,False,,bajo,False
2026-09-14 15:28:42,2190,2025-03-13 16:03:26,2,2025-03-13 16:03:26,False,,bajo,False
2026-09-14 15:28:42,2193,2026-06-03 17:33:58,2,2026-06-03 17:33:58,False,,bajo,False
2026-09-14 15:28:42,2205,2026-06-02 08:49:39,2,2026-06-02 08:49:39,False,,bajo,False
2026-09-14 15:28:42,2208,2026-07-20 15:35:36,2,2026-07-20 15:35:36,False,,bajo,False
2026-09-14 15:28:42,2224,2026-06-03 08:23:23,2,2026-06-03 08:23:23,False,,bajo,False
2026-09-14 15:28:42,2229,2026-06-03 07:24:01,2,2026-06-03 07:24:01,False,,bajo,False
2026-09-14 15:28:42,2250,2026-06-03 08:23:15,2,2026-06-03 08:23:15,False,,bajo,False
2026-09-14 15:28:42,2335,2026-06-03 06:08:53,2,2026-06-03 06:08:53,False,,bajo,False
2026-09-14 15:28:42,2411,2026-06-03 08:44:37,2,2026-06-03 08:44:37,False,,bajo,False
2026-09-14 15:28:42,2465,2026-06-03 06:28:44,2,2026-06-03 06:28:44,False,,bajo,False
2026-09-14 15:28:42,2466,2025-03-13 16:03:26,2,2025-03-13 16:03:26,False,,bajo,False
2026-09-14 15:28:42,2468,2026-06-03 08:40:08,2,2026-06-03 08:40:08,False,,bajo,False
2026-09-14 15:28:42,2706,2026-06-03 05:15:51,2,2026-06-03 05:15:51,False,,bajo,False
2026-09-14 15:28:42,2724,2026-08-22 11:08:53,2,2026-08-22 11:08:53,False,,bajo,False
2026-09-14 15:28:42,2730,2026-06-03 08:24:08,2,2026-06-03 08:24:08,False,,bajo,False
2026-09-14 15:28:42,2743,2026-06-03 08:33:58,2,2026-06-03 08:33:58,False,,bajo,False
2026-09-14 15:28:42,2744,2026-06-03 08:26:24,2,2026-06-03 08:26:24,False,,bajo,False
2026-09-14 15:28:42,2768,2026-06-03 08:23:19,2,2026-06-03 08:23:19,False,,bajo,False
2026-09-14 15:28:42,2770,2026-06-03 08:28:44,2,2026-06-03 08:28:44,False,,bajo,False
2026-09-14 15:28:42,2773,2026-06-03 08:42:23,2,2026-06-03 08:42:23,False,,bajo,False
2026-09-14 15:28:42,2780,2026-06-03 08:31:16,2,2026-06-03 08:31:16,False,,bajo,False
2026-09-14 15:28:42,2781,2026-06-03 08:39:47,2,2026-06-03 08:39:47,False,,bajo,False
2026-09-14 15:28:42,2922,2026-06-03 07:54:30,2,2026-06-03 07:54:30,False,,bajo,False
2026-09-14 15:28:42,2983,2026-06-03 08:26:35,2,2026-06-03 08:26:35,False,,bajo,False
2026-09-14 15:28:42,2993,2026-05-28 08:20:47,2,2026-05-28 08:20:47,False,,bajo,False
2026-09-14 15:28:42,3002,2025-03-13 16:03:26,2,2025-03-13 16:03:26,False,,bajo,False
2026-09-14 15:28:42,3020,2026-06-03 08:31:34,2,2026-06-03 08:31:34,False,,bajo,False
2026-09-14 15:28:42,3065,2026-06-03 06:29:32,2,2026-06-03 06:29:32,False,,bajo,False
2026-09-14 15:28:42,3086,2026-06-03 08:38:54,2,2026-06-03 08:38:54,False,,bajo,False
2026-09-14 15:28:42,3087,2026-06-03 02:06:08,2,2026-06-03 02:06:08,False,,bajo,False
2026-09-14 15:28:42,3151,2026-06-03 07:25:54,2,2026-06-03 07:25:54,False,,bajo,False
2026-09-14 15:28:42,3160,2026-06-03 03:28:18,2,2026-06-03 03:28:18,False,,bajo,False
2026-09-14 15:28:42,3199,2026-06-03 08:41:17,2,2026-06-03 08:41:17,False,,bajo,False
2026-09-14 15:28:42,3203,2026-06-03 08:22:47,2,2026-06-03 08:22:47,False,,bajo,False
2026-09-14 15:28:42,3204,2026-06-03 07:54:17,2,2026-06-03 07:54:17,False,,bajo,False
2026-09-14 15:28:42,3207,2026-06-03 07:05:01,2,2026-06-03 07:05:01,False,,bajo,False
2026-09-14 15:28:42,3227,2025-03-13 16:03:26,2,2025-03-13 16:03:26,False,,bajo,False
2026-09-14 15:28:42,1846,2026-06-03 08:24:16,3,2026-06-03 08:24:16,False,,bajo,False
2026-09-14 15:28:42,2193,2026-06-03 03:28:55,3,2026-06-03 03:28:55,False,,bajo,False
2026-09-14 15:28:42,2208,2026-06-03 08:31:26,3,2026-06-03 08:31:26,False,,bajo,False
2026-09-14 15:28:42,2330,2026-06-03 07:45:12,3,2026-06-03 07:45:12,False,,bajo,False
2026-09-14 15:28:42,2415,2026-06-03 08:47:45,3,2026-06-03 08:47:45,False,,bajo,False
2026-09-14 15:28:42,2466,2026-06-03 08:38:32,3,2026-06-03 08:38:32,False,,bajo,False
2026-09-14 15:28:42,2582,2026-06-03 08:15:54,3,2026-06-03 08:15:54,False,,bajo,False
2026-09-14 15:28:42,2665,2026-06-03 07:10:20,3,2026-06-03 07:10:20,False,,bajo,False
2026-09-14 15:28:42,2718,2026-06-03 07:28:18,3,2026-06-03 07:28:18,False,,bajo,False
2026-09-14 15:28:42,2722,2026-06-03 06:10:37,3,2026-06-03 06:10:37,False,,bajo,False
2026-09-14 15:28:42,2751,2026-06-03 07:40:08,3,2026-06-03 07:40:08,False,,bajo,False
2026-09-14 15:28:42,2858,2026-06-03 00:31:15,3,2026-06-03 00:31:15,False,,bajo,False
2026-09-14 15:28:42,2993,2026-05-28 08:20:47,3,2026-05-28 08:20:47,False,,bajo,False
2026-09-14 15:28:42,2994,2026-06-03 07:45:41,3,2026-06-03 07:45:41,False,,bajo,False
2026-09-14 15:28:42,3010,2026-06-03 08:19:28,3,2026-06-03 08:19:28,False,,bajo,False
2026-09-14 15:28:42,3011,2026-06-03 08:45:02,3,2026-06-03 08:45:02,False,,bajo,False
2026-09-14 15:28:42,3024,2026-06-03 07:31:40,3,2026-06-03 07:31:40,False,,bajo,False
2026-09-14 15:28:42,3026,2026-06-03 08:11:53,3,2026-06-03 08:11:53,False,,bajo,False
2026-09-14 15:28:42,3027,2026-06-03 08:24:41,3,2026-06-03 08:24:41,False,,bajo,False
2026-09-14 15:28:42,3074,2026-06-03 06:59:32,3,2026-06-03 06:59:32,False,,bajo,False
2026-09-14 15:28:42,3079,2026-06-03 07:50:16,3,2026-06-03 07:50:16,False,,bajo,False
2026-09-14 15:28:42,3086,2026-06-03 08:38:54,3,2026-06-03 08:38:54,False,,bajo,False
2026-09-14 15:28:42,3087,2026-06-03 02:06:08,3,2026-06-03 02:06:08,False,,bajo,False
2026-09-14 15:28:42,3132,2026-06-03 08:15:52,3,2026-06-03 08:15:52,False,,bajo,False
2026-09-14 15:28:42,3160,2026-06-03 03:28:18,3,2026-06-03 03:28:18,False,,bajo,False
2026-09-14 15:28:42,3172,2026-06-03 08:52:22,3,2026-06-03 08:52:22,False,,bajo,False
2026-09-14 15:28:42,3203,2026-06-03 17:31:00,3,2026-06-03 17:31:00,False,,bajo,False
2026-09-14 15:28:42,3204,2026-06-03 07:54:17,3,2026-06-03 07:54:17,False,,bajo,False
2026-09-14 15:28:42,3207,2026-06-03 07:05:01,3,2026-06-03 07:05:01,False,,bajo,False
2026-09-14 15:28:42,3222,2026-06-03 08:54:14,3,2026-06-03 08:54:14,False,,bajo,False
2026-09-14 15:28:42,2362,2026-09-14 15:28:04,0,2026-09-14 15:28:04,False,,bajo,True
2026-09-14 15:28:42,2815,2026-09-14 15:26:43,0,2026-09-14 15:26:43,True,2026-09-14 13:28:38,bajo,False
2026-09-14 15:28:42,2817,2026-09-14 15:28:06,0,2026-09-14 15:28:06,False,,bajo,True
2026-09-14 15:28:42,2818,2026-09-14 15:28:35,0,2026-09-14 15:28:35,True,2026-09-14 13:27:55,bajo,False
2026-09-14 15:28:42,2820,2026-09-14 15:27:58,0,2026-09-14 15:27:58,False,,bajo,True
2026-09-14 15:28:42,2821,2026-09-14 15:28:15,0,2026-09-14 15:28:15,False,,medio,True
2026-09-14 15:28:42,2822,2026-09-14 15:28:11,0,2026-09-14 15:28:11,False,,medio,True
2026-09-14 15:28:42,2823,2026-09-13 08:29:09,0,2026-09-13 08:29:09,False,,bajo,True
2026-09-14 15:28:42,2824,2026-09-12 19:41:36,0,2026-09-12 19:41:36,False,,bajo,True
2026-09-14 15:28:42,2827,2026-09-14 15:28:17,0,2026-09-14 15:28:17,False,,bajo,True
2026-09-14 15:28:42,2828,2026-08-27 14:39:54,0,2026-08-27 14:39:54,False,,bajo,False
2026-09-14 15:28:42,2833,2026-09-14 14:18:39,0,2026-09-14 14:18:39,False,,alto,False
2026-09-14 15:28:42,2931,2026-09-14 15:28:34,0,2026-09-14 15:28:34,False,,medio,False
2026-09-14 15:28:42,2932,2026-09-14 15:27:27,0,2026-09-14 15:27:27,True,2026-09-14 13:41:00,bajo,False
2026-09-14 15:28:42,2949,2026-09-14 15:28:05,0,2026-09-14 15:28:05,False,,bajo,False
2026-09-14 15:28:42,2952,2026-09-12 09:52:13,0,2026-09-12 09:52:13,False,,bajo,False
2026-09-14 15:28:42,2953,2026-09-11 18:37:54,0,2026-09-11 18:37:54,False,,bajo,False
2026-09-14 15:28:42,2969,2026-09-14 15:28:28,0,2026-09-14 15:28:28,False,,bajo,True
2026-09-14 15:28:42,2995,2026-09-14 15:27:22,0,2026-09-14 15:27:22,False,,bajo,False
2026-09-14 15:28:42,3017,2026-09-14 13:40:11,0,2026-09-13 19:06:10,True,2026-09-14 13:40:11,bajo,False
2026-09-14 15:28:42,3021,2026-09-14 15:27:41,0,2026-09-14 15:27:41,False,,bajo,False
2026-09-14 15:28:42,3068,2026-09-14 15:28:35,0,2026-09-14 15:28:35,False,,bajo,False
2026-09-14 15:28:42,3080,2026-09-13 20:04:54,0,2026-09-13 20:04:54,False,,bajo,True
2026-09-14 15:28:42,3089,2026-09-14 15:28:11,0,2026-09-14 15:28:11,False,,bajo,False
2026-09-14 15:28:42,3111,2026-09-14 15:28:29,0,2026-09-14 15:28:29,False,,bajo,True
2026-09-14 15:28:42,3112,2026-09-14 15:28:01,0,2026-09-14 15:28:01,False,,medio,False
2026-09-14 15:28:42,3142,2026-09-12 13:26:53,0,2026-09-12 13:26:53,False,,bajo,False
2026-09-14 15:28:42,3181,2026-09-14 15:25:29,0,2026-09-14 15:25:29,False,,bajo,True
2026-09-14 15:28:42,3205,2026-09-14 15:28:13,0,2026-09-14 15:28:13,False,,bajo,False
2026-09-14 15:28:42,3233,2026-09-14 15:27:17,0,2026-09-14 15:27:17,False,,bajo,False
2026-09-14 15:28:42,2362,2026-09-14 15:24:24,1,2026-09-14 15:24:24,False,,bajo,True
2026-09-14 15:28:42,2815,2026-09-14 13:23:44,1,2026-09-14 13:23:44,False,,bajo,False
2026-09-14 15:28:42,2817,2026-09-14 15:28:07,1,2026-09-14 15:28:07,True,2026-09-14 13:26:47,bajo,False
2026-09-14 15:28:42,2818,2026-09-14 15:24:35,1,2026-09-14 15:24:35,True,2026-09-14 13:27:55,bajo,False
2026-09-14 15:28:42,2820,2026-06-03 07:57:34,1,2026-06-03 07:57:34,False,,bajo,False
2026-09-14 15:28:42,2821,2026-09-14 15:21:58,1,2026-09-14 15:21:58,False,,alto,True
2026-09-14 15:28:42,2822,2026-09-14 15:28:10,1,2026-09-14 15:28:10,False,,alto,False
2026-09-14 15:28:42,2823,2026-09-14 12:52:47,1,2026-09-14 12:52:47,False,,bajo,True
2026-09-14 15:28:42,2824,2026-09-14 15:23:47,1,2026-09-14 15:23:47,False,,bajo,False
2026-09-14 15:28:42,2827,2026-09-14 15:12:40,1,2026-09-14 15:12:40,True,2026-09-14 13:24:45,bajo,False
2026-09-14 15:28:42,2828,2026-09-14 15:23:33,1,2026-09-14 15:23:33,True,2026-09-14 10:48:52,bajo,False
2026-09-14 15:28:42,2833,2026-09-13 15:48:24,1,2026-09-13 15:48:24,False,,alto,False
2026-09-14 15:28:42,2931,2026-09-14 15:27:13,1,2026-09-14 15:27:13,False,,medio,True
2026-09-14 15:28:42,2932,2026-09-14 15:22:30,1,2026-09-14 15:22:30,True,2026-09-14 13:41:00,bajo,True
2026-09-14 15:28:42,2949,2026-09-14 08:48:36,1,2026-09-14 08:48:36,False,,bajo,False
2026-09-14 15:28:42,2952,2026-09-12 07:42:42,1,2026-09-12 07:42:42,False,,bajo,False
2026-09-14 15:28:42,2953,2026-09-14 14:40:02,1,2026-09-14 14:40:02,False,,bajo,False
2026-09-14 15:28:42,2969,2026-09-14 15:19:21,1,2026-09-14 15:19:21,True,2026-09-14 11:24:30,bajo,False
2026-09-14 15:28:42,2995,2026-09-13 09:44:00,1,2026-09-13 09:44:00,False,,bajo,False
2026-09-14 15:28:42,3017,2026-09-14 13:40:11,1,2026-09-14 08:20:33,True,2026-09-14 13:40:11,bajo,False
2026-09-14 15:28:42,3021,2026-09-11 10:05:28,1,2026-09-11 10:05:28,False,,bajo,False
2026-09-14 15:28:42,3068,2026-09-14 11:07:33,1,2026-09-14 11:07:33,False,,bajo,False
2026-09-14 15:28:42,3080,2026-09-13 19:23:31,1,2026-09-13 19:23:31,False,,bajo,False
2026-09-14 15:28:42,3089,2026-09-14 14:36:09,1,2026-09-14 14:36:09,False,,bajo,False
2026-09-14 15:28:42,3111,2026-09-14 14:53:21,1,2026-09-14 14:53:21,False,,bajo,False
2026-09-14 15:28:42,3112,2026-09-14 14:34:08,1,2026-09-14 14:34:08,False,,bajo,False
2026-09-14 15:28:42,3142,2026-09-14 09:25:11,1,2026-09-14 09:25:11,False,,bajo,False
2026-09-14 15:28:42,3181,2026-09-14 15:20:22,1,2026-09-14 15:20:22,False,,bajo,False
2026-09-14 15:28:42,3233,2026-09-14 14:48:28,1,2026-09-14 14:48:28,False,,bajo,True
2026-09-14 15:28:42,2736,2026-09-14 15:28:32,0,2026-09-14 15:28:32,False,,bajo,True
2026-09-14 15:28:42,2755,2026-09-14 15:28:14,0,2026-09-14 15:28:14,False,,bajo,True
2026-09-14 15:28:42,2908,2026-09-14 15:27:03,0,2026-09-14 15:27:03,False,,bajo,True
2026-09-14 15:28:42,3072,2025-03-13 16:03:26,0,2025-03-13 16:03:26,False,,bajo,False
2026-09-14 15:28:42,3100,2026-09-14 15:27:03,0,2026-09-14 15:27:03,False,,bajo,True
2026-09-14 15:28:42,3170,2026-09-13 07:17:05,0,2026-09-13 07:17:05,False,,bajo,False
2026-09-14 15:28:42,2736,2026-09-14 15:25:59,1,2026-09-14 15:25:59,False,,bajo,False
2026-09-14 15:28:42,2755,2026-09-14 13:19:39,1,2026-09-14 13:19:39,False,,bajo,True
2026-09-14 15:28:42,2908,2026-09-14 15:23:28,1,2026-09-14 15:23:28,False,,bajo,False
2026-09-14 15:28:42,3072,2025-03-13 16:03:26,1,2025-03-13 16:03:26,False,,bajo,False
2026-09-14 15:28:42,3100,2026-09-14 15:14:03,1,2026-09-14 15:14:03,False,,bajo,False
2026-09-14 15:28:42,3170,2026-09-12 12:01:56,1,2026-09-12 12:01:56,False,,bajo,False
