fecha_captura,fecha_datos,distrito_id,distrito_codigo,distrito_nombre,producto_general,producto,familia,familia_codigo,cliente,volumen_programado,canal,grupo,atendida
2026-10-01 00:24:20,2026-09-30,11,AMZ,Amazonico,Diesel,DIESEL OIL NACIONAL EESS,Diesel Oil Nacional,DIESEL_NACIONAL,TRIANGULO ORIENTAL,7000.0,VENTAS,,True
2026-10-01 00:24:20,2026-09-30,11,AMZ,Amazonico,Diesel,DIESEL OIL NACIONAL EESS,Diesel Oil Nacional,DIESEL_NACIONAL,INTEGRACION RIBERALTA S.R.L.,15000.0,VENTAS,,False
2026-10-01 00:24:20,2026-09-30,11,AMZ,Amazonico,Diesel,DIESEL OIL NACIONAL EESS,Diesel Oil Nacional,DIESEL_NACIONAL,HIDROCARBUROS VACA DIEZ S.R.L,10000.0,VENTAS,,False
2026-10-01 00:24:20,2026-09-30,11,AMZ,Amazonico,Diesel,DIESEL OIL NACIONAL EESS,Diesel Oil Nacional,DIESEL_NACIONAL,ESTACION DE SERVICIO IMANOL,15000.0,VENTAS,,False
2026-10-01 00:24:20,2026-09-30,11,AMZ,Amazonico,Diesel,DIESEL OIL NACIONAL EESS,Diesel Oil Nacional,DIESEL_NACIONAL,ESTACION DE SERVICIO AMAZONAS S.R.L.,15000.0,VENTAS,,False
2026-10-01 00:24:20,2026-09-30,11,AMZ,Amazonico,Diesel,DIESEL OIL NACIONAL EESS,Diesel Oil Nacional,DIESEL_NACIONAL,HEROES DEL CHACO,24000.0,TRANSFERENCIAS,,False
2026-10-01 00:24:20,2026-09-30,11,AMZ,Amazonico,Gasolina,GASOLINA ESPECIAL EESS,Gasolina Especial,GASOLINA_ESPECIAL,TRIANGULO ORIENTAL,5000.0,VENTAS,,True
2026-10-01 00:24:20,2026-09-30,11,AMZ,Amazonico,Gasolina,GASOLINA ESPECIAL EESS,Gasolina Especial,GASOLINA_ESPECIAL,INTEGRACION RIBERALTA S.R.L.,15000.0,VENTAS,,False
2026-10-01 00:24:20,2026-09-30,11,AMZ,Amazonico,Gasolina,GASOLINA ESPECIAL EESS,Gasolina Especial,GASOLINA_ESPECIAL,HIDROCARBUROS VACA DIEZ S.R.L,10000.0,VENTAS,,False
2026-10-01 00:24:20,2026-09-30,11,AMZ,Amazonico,Gasolina,GASOLINA ESPECIAL EESS,Gasolina Especial,GASOLINA_ESPECIAL,ESTACION DE SERVICIO IMANOL,15000.0,VENTAS,,False
2026-10-01 00:24:20,2026-09-30,11,AMZ,Amazonico,Gasolina,GASOLINA ESPECIAL EESS,Gasolina Especial,GASOLINA_ESPECIAL,ESTACION DE SERVICIO GASPETROL S.R.L.,15000.0,VENTAS,,False
2026-10-01 00:24:20,2026-09-30,11,AMZ,Amazonico,Gasolina,GASOLINA ESPECIAL EESS,Gasolina Especial,GASOLINA_ESPECIAL,ESTACION DE SERVICIO AMAZONAS S.R.L.,15000.0,VENTAS,,False
2026-10-01 00:24:20,2026-09-30,11,AMZ,Amazonico,Gasolina,GASOLINA ESPECIAL EESS,Gasolina Especial,GASOLINA_ESPECIAL,HEROES DEL CHACO,15000.0,TRANSFERENCIAS,,False
2026-10-01 00:24:20,2026-09-30,17,BER,Bermejo,Diesel,DIESEL OIL IMPORTADO EESS,Diesel Oil Importado,DIESEL_IMPORTADO,ESTACION DE SERVICIO RIO BERMEJO,9000.0,VENTAS,,True
2026-10-01 00:24:20,2026-09-30,17,BER,Bermejo,Diesel,DIESEL OIL IMPORTADO EESS,Diesel Oil Importado,DIESEL_IMPORTADO,ESTACION DE SERVICIO EL CHORRO,12000.0,VENTAS,,True
2026-10-01 00:24:20,2026-09-30,17,BER,Bermejo,Diesel,DIESEL OIL IMPORTADO EESS,Diesel Oil Importado,DIESEL_IMPORTADO,ESTACION DE SERVICIO BERMEJO,9000.0,TRANSFERENCIAS,,False
2026-10-01 00:24:20,2026-09-30,17,BER,Bermejo,Gasolina,GASOLINA ESPECIAL EESS,Gasolina Especial,GASOLINA_ESPECIAL,ESTACION DE SERVICIO RIO BERMEJO,4000.0,VENTAS,,True
2026-10-01 00:24:20,2026-09-30,17,BER,Bermejo,Gasolina,GASOLINA ESPECIAL EESS,Gasolina Especial,GASOLINA_ESPECIAL,ESTACION DE SERVICIO EL CHORRO,4000.0,VENTAS,,True
2026-10-01 00:24:20,2026-09-30,17,BER,Bermejo,Gasolina,GASOLINA ESPECIAL EESS,Gasolina Especial,GASOLINA_ESPECIAL,ESTACION DE SERVICIO BERMEJO,4000.0,TRANSFERENCIAS,,False
2026-10-01 00:24:20,2026-09-30,20,CHU,Chuquisaca,Diesel,DIESEL OIL NACIONAL EESS,Diesel Oil Nacional,DIESEL_NACIONAL,EOSO TREBOL SRL-MARCELO LOAYZA ERQUICIA,24000.0,VENTAS,,True
2026-10-01 00:24:20,2026-09-30,20,CHU,Chuquisaca,Diesel,DIESEL OIL NACIONAL EESS,Diesel Oil Nacional,DIESEL_NACIONAL,EOSO SAN ANTONIO - INVERSIONES JANA S.A.,20000.0,VENTAS,,False
2026-10-01 00:24:20,2026-09-30,20,CHU,Chuquisaca,Diesel,DIESEL OIL NACIONAL EESS,Diesel Oil Nacional,DIESEL_NACIONAL,EOSO OQHARIKUNA SRL - BRIGITTE PLEYER,20000.0,VENTAS,,True
2026-10-01 00:24:20,2026-09-30,20,CHU,Chuquisaca,Diesel,DIESEL OIL NACIONAL EESS,Diesel Oil Nacional,DIESEL_NACIONAL,EOSO NAYLER - ROSARIO ALCOCER GUEVARA,20000.0,VENTAS,,True
2026-10-01 00:24:20,2026-09-30,20,CHU,Chuquisaca,Diesel,DIESEL OIL NACIONAL EESS,Diesel Oil Nacional,DIESEL_NACIONAL,EOSO MESA VERDE - JOSE ANTONIO CANEDO C.,20000.0,VENTAS,,True
2026-10-01 00:24:20,2026-09-30,20,CHU,Chuquisaca,Diesel,DIESEL OIL NACIONAL EESS,Diesel Oil Nacional,DIESEL_NACIONAL,EOSO MARIA ALEJANDRA - JACINTO VEDIA B.,20000.0,VENTAS,,False
2026-10-01 00:24:20,2026-09-30,20,CHU,Chuquisaca,Diesel,DIESEL OIL NACIONAL EESS,Diesel Oil Nacional,DIESEL_NACIONAL,EOSO EL MORRO - CARLA ANDREA HIGUERAS URQUIZU,25000.0,VENTAS,,True
2026-10-01 00:24:20,2026-09-30,20,CHU,Chuquisaca,Diesel,DIESEL OIL NACIONAL EESS,Diesel Oil Nacional,DIESEL_NACIONAL,EE.SS. SUPER GRIFO I - CORINA PACENCIO VARGAS,12000.0,VENTAS,,True
2026-10-01 00:24:20,2026-09-30,20,CHU,Chuquisaca,Diesel,DIESEL OIL NACIONAL EESS,Diesel Oil Nacional,DIESEL_NACIONAL,E.S. AZARI - ATHINA ALEXIE HIGUERAS URQUIZU,20000.0,VENTAS,,False
2026-10-01 00:24:20,2026-09-30,20,CHU,Chuquisaca,Diesel,DIESEL OIL NACIONAL EESS,Diesel Oil Nacional,DIESEL_NACIONAL,COOPERATIVA DE TRANSPORTE DE CARGA NACIONAL E INTERNACIONAL MARISCAL SUCRE R.L.,24000.0,VENTAS,,False
2026-10-01 00:24:20,2026-09-30,20,CHU,Chuquisaca,Diesel,DIESEL OIL NACIONAL EESS,Diesel Oil Nacional,DIESEL_NACIONAL,EE SS OSTRIA GUTIERREZ,12000.0,TRANSFERENCIAS,,False
2026-10-01 00:24:20,2026-09-30,20,CHU,Chuquisaca,Diesel,DIESEL OIL NACIONAL EESS,Diesel Oil Nacional,DIESEL_NACIONAL,EE SS EL TEJAR,12000.0,TRANSFERENCIAS,,False
2026-10-01 00:24:20,2026-09-30,20,CHU,Chuquisaca,Gasolina,GASOLINA ESPECIAL EESS,Gasolina Especial,GASOLINA_ESPECIAL,EOSO TREBOL SRL-MARCELO LOAYZA ERQUICIA,24000.0,VENTAS,,True
2026-10-01 00:24:20,2026-09-30,20,CHU,Chuquisaca,Gasolina,GASOLINA ESPECIAL EESS,Gasolina Especial,GASOLINA_ESPECIAL,EOSO SAN ANTONIO - INVERSIONES JANA S.A.,40000.0,VENTAS,,True
2026-10-01 00:24:20,2026-09-30,20,CHU,Chuquisaca,Gasolina,GASOLINA ESPECIAL EESS,Gasolina Especial,GASOLINA_ESPECIAL,EOSO OQHARIKUNA SRL - BRIGITTE PLEYER,25000.0,VENTAS,,True
2026-10-01 00:24:20,2026-09-30,20,CHU,Chuquisaca,Gasolina,GASOLINA ESPECIAL EESS,Gasolina Especial,GASOLINA_ESPECIAL,EOSO NAYLER - ROSARIO ALCOCER GUEVARA,24000.0,VENTAS,,True
2026-10-01 00:24:20,2026-09-30,20,CHU,Chuquisaca,Gasolina,GASOLINA ESPECIAL EESS,Gasolina Especial,GASOLINA_ESPECIAL,EOSO MESA VERDE - JOSE ANTONIO CANEDO C.,20000.0,VENTAS,,True
2026-10-01 00:24:20,2026-09-30,20,CHU,Chuquisaca,Gasolina,GASOLINA ESPECIAL EESS,Gasolina Especial,GASOLINA_ESPECIAL,EOSO MARIA ALEJANDRA - JACINTO VEDIA B.,12000.0,VENTAS,,True
2026-10-01 00:24:20,2026-09-30,20,CHU,Chuquisaca,Gasolina,GASOLINA ESPECIAL EESS,Gasolina Especial,GASOLINA_ESPECIAL,EOSO JUANA AZURDUY - ROSARIO ALCOCER GUEVARA,24000.0,VENTAS,,True
2026-10-01 00:24:20,2026-09-30,20,CHU,Chuquisaca,Gasolina,GASOLINA ESPECIAL EESS,Gasolina Especial,GASOLINA_ESPECIAL,EOSO EL MORRO - CARLA ANDREA HIGUERAS URQUIZU,12500.0,VENTAS,,True
2026-10-01 00:24:20,2026-09-30,20,CHU,Chuquisaca,Gasolina,GASOLINA ESPECIAL EESS,Gasolina Especial,GASOLINA_ESPECIAL,EE.SS. SUPER GRIFO I - CORINA PACENCIO VARGAS,12000.0,VENTAS,,True
2026-10-01 00:24:20,2026-09-30,20,CHU,Chuquisaca,Gasolina,GASOLINA ESPECIAL EESS,Gasolina Especial,GASOLINA_ESPECIAL,E.S. AZARI - ATHINA ALEXIE HIGUERAS URQUIZU,12500.0,VENTAS,,True
2026-10-01 00:24:20,2026-09-30,20,CHU,Chuquisaca,Gasolina,GASOLINA ESPECIAL EESS,Gasolina Especial,GASOLINA_ESPECIAL,COOPERATIVA DE TRANSPORTE DE CARGA NACIONAL E INTERNACIONAL MARISCAL SUCRE R.L.,12000.0,VENTAS,,True
2026-10-01 00:24:20,2026-09-30,20,CHU,Chuquisaca,Gasolina,GASOLINA ESPECIAL EESS,Gasolina Especial,GASOLINA_ESPECIAL,EE SS OSTRIA GUTIERREZ,12000.0,TRANSFERENCIAS,,False
2026-10-01 00:24:20,2026-09-30,20,CHU,Chuquisaca,Gasolina,GASOLINA ESPECIAL EESS,Gasolina Especial,GASOLINA_ESPECIAL,EE SS EL TEJAR,12000.0,TRANSFERENCIAS,,False
2026-10-01 00:24:20,2026-09-30,10,COB,Cobija,Diesel,DIESEL OIL NACIONAL EESS,Diesel Oil Nacional,DIESEL_NACIONAL,EL PROGRESO,10000.0,TRANSFERENCIAS,,False
2026-10-01 00:24:20,2026-09-30,10,COB,Cobija,Gasolina,GASOLINA ESPECIAL EESS,Gasolina Especial,GASOLINA_ESPECIAL,LUCIO VILLCA CONDORI,18000.0,VENTAS,,False
2026-10-01 00:24:20,2026-09-30,10,COB,Cobija,Gasolina,GASOLINA ESPECIAL EESS,Gasolina Especial,GASOLINA_ESPECIAL,EºSº TISTY,18000.0,VENTAS,,False
2026-10-01 00:24:20,2026-09-30,10,COB,Cobija,Gasolina,GASOLINA ESPECIAL EESS,Gasolina Especial,GASOLINA_ESPECIAL,ESTACION DE SERVICIO COBIJA,15000.0,TRANSFERENCIAS,,False
2026-10-01 00:24:20,2026-09-30,10,COB,Cobija,Gasolina,GASOLINA ESPECIAL EESS,Gasolina Especial,GASOLINA_ESPECIAL,EL PROGRESO,15000.0,TRANSFERENCIAS,,False
2026-10-01 00:24:20,2026-09-30,19,CEN,Cochabamba,Diesel,DIESEL OIL NACIONAL EESS,Diesel Oil Nacional,DIESEL_NACIONAL,ESTACION DE SERVICIO PAPU S.R.L.,3000.0,VENTAS,,False
2026-10-01 00:24:20,2026-09-30,19,CEN,Cochabamba,Diesel,DIESEL OIL NACIONAL EESS,Diesel Oil Nacional,DIESEL_NACIONAL,"EST. DE SERV. ""SANTA MONICA"" S.R.L.",15000.0,VENTAS,,False
2026-10-01 00:24:20,2026-09-30,19,CEN,Cochabamba,Diesel,DIESEL OIL NACIONAL EESS,Diesel Oil Nacional,DIESEL_NACIONAL,TERMINAL DE BUSES COCHABAMBA S.A.,14000.0,VENTAS,,False
2026-10-01 00:24:20,2026-09-30,19,CEN,Cochabamba,Diesel,DIESEL OIL NACIONAL EESS,Diesel Oil Nacional,DIESEL_NACIONAL,SURTIDOR DE GASOLINA Y DIESEL COLOMI,16000.0,VENTAS,,False
2026-10-01 00:24:20,2026-09-30,19,CEN,Cochabamba,Diesel,DIESEL OIL NACIONAL EESS,Diesel Oil Nacional,DIESEL_NACIONAL,IMBRANJO S.R.L.,20000.0,VENTAS,,False
2026-10-01 00:24:20,2026-09-30,19,CEN,Cochabamba,Diesel,DIESEL OIL NACIONAL EESS,Diesel Oil Nacional,DIESEL_NACIONAL,ESTACION DE SERVICIO TICTI S.R.L.,16000.0,VENTAS,,False
2026-10-01 00:24:20,2026-09-30,19,CEN,Cochabamba,Diesel,DIESEL OIL NACIONAL EESS,Diesel Oil Nacional,DIESEL_NACIONAL,ESTACION DE SERVICIO LOS LIBERTADORES S.R.L.,10000.0,VENTAS,,False
2026-10-01 00:24:20,2026-09-30,19,CEN,Cochabamba,Diesel,DIESEL OIL NACIONAL EESS,Diesel Oil Nacional,DIESEL_NACIONAL,ESTACION DE SERVICIO LOS ALAMOS S.R.L.,32000.0,VENTAS,,False
2026-10-01 00:24:20,2026-09-30,19,CEN,Cochabamba,Diesel,DIESEL OIL NACIONAL EESS,Diesel Oil Nacional,DIESEL_NACIONAL,ESTACION DE SERVICIO COODPE S.R.L.,15000.0,VENTAS,,False
2026-10-01 00:24:20,2026-09-30,19,CEN,Cochabamba,Diesel,DIESEL OIL NACIONAL EESS,Diesel Oil Nacional,DIESEL_NACIONAL,ESTACION DE SERVICIO BEIJING S.R.L.,14000.0,VENTAS,,False
2026-10-01 00:24:20,2026-09-30,19,CEN,Cochabamba,Diesel,DIESEL OIL NACIONAL EESS,Diesel Oil Nacional,DIESEL_NACIONAL,ESTACION DE SERVICIO ANITA,20000.0,VENTAS,,False
2026-10-01 00:24:20,2026-09-30,19,CEN,Cochabamba,Diesel,DIESEL OIL NACIONAL EESS,Diesel Oil Nacional,DIESEL_NACIONAL,"ESTACION DE SERVICIO ""POJO""",12000.0,VENTAS,,False
2026-10-01 00:24:20,2026-09-30,19,CEN,Cochabamba,Diesel,DIESEL OIL NACIONAL EESS,Diesel Oil Nacional,DIESEL_NACIONAL,"EST. DE SERV. ""VILLA OBRAJES""",20000.0,VENTAS,,True
2026-10-01 00:24:20,2026-09-30,19,CEN,Cochabamba,Diesel,DIESEL OIL NACIONAL EESS,Diesel Oil Nacional,DIESEL_NACIONAL,"EST. DE SERV. ""URKUPINA"" - ALBERTO OPORTO",16000.0,VENTAS,,False
2026-10-01 00:24:20,2026-09-30,19,CEN,Cochabamba,Diesel,DIESEL OIL NACIONAL EESS,Diesel Oil Nacional,DIESEL_NACIONAL,"EST. DE SERV. ""URKUPINA I""- ALBERTO OPORTO L.",6000.0,VENTAS,,False
2026-10-01 00:24:20,2026-09-30,19,CEN,Cochabamba,Diesel,DIESEL OIL NACIONAL EESS,Diesel Oil Nacional,DIESEL_NACIONAL,"EST. DE SERV. ""TRANS SACABA S.A.""",14000.0,VENTAS,,False
2026-10-01 00:24:20,2026-09-30,19,CEN,Cochabamba,Diesel,DIESEL OIL NACIONAL EESS,Diesel Oil Nacional,DIESEL_NACIONAL,"EST. DE SERV. ""TRANS SACABA S.A. II""",18000.0,VENTAS,,True
2026-10-01 00:24:20,2026-09-30,19,CEN,Cochabamba,Diesel,DIESEL OIL NACIONAL EESS,Diesel Oil Nacional,DIESEL_NACIONAL,"EST. DE SERV. ""TIQUIPAYA"" - VENICIA ALANEZ JIMENES",6000.0,VENTAS,,True
2026-10-01 00:24:20,2026-09-30,19,CEN,Cochabamba,Diesel,DIESEL OIL NACIONAL EESS,Diesel Oil Nacional,DIESEL_NACIONAL,"EST. DE SERV. ""SUTICOLLO""",22000.0,VENTAS,,False
2026-10-01 00:24:20,2026-09-30,19,CEN,Cochabamba,Diesel,DIESEL OIL NACIONAL EESS,Diesel Oil Nacional,DIESEL_NACIONAL,"EST. DE SERV. ""SURTIDOR CAMPERO""",12000.0,VENTAS,,False
2026-10-01 00:24:20,2026-09-30,19,CEN,Cochabamba,Diesel,DIESEL OIL NACIONAL EESS,Diesel Oil Nacional,DIESEL_NACIONAL,"EST. DE SERV. ""SIPE SIPE S.R.L.""",32000.0,VENTAS,,False
2026-10-01 00:24:20,2026-09-30,19,CEN,Cochabamba,Diesel,DIESEL OIL NACIONAL EESS,Diesel Oil Nacional,DIESEL_NACIONAL,"EST. DE SERV. ""SENOR SANTIAGO"" - E. DELGADILLO",8000.0,VENTAS,,True
2026-10-01 00:24:20,2026-09-30,19,CEN,Cochabamba,Diesel,DIESEL OIL NACIONAL EESS,Diesel Oil Nacional,DIESEL_NACIONAL,"EST. DE SERV. ""SAN JUAN BAUTISTA S.R.L.""",12000.0,VENTAS,,False
2026-10-01 00:24:20,2026-09-30,19,CEN,Cochabamba,Diesel,DIESEL OIL NACIONAL EESS,Diesel Oil Nacional,DIESEL_NACIONAL,"EST. DE SERV. ""SAN JORGE CBBA S.R.L.""",30000.0,VENTAS,,False
2026-10-01 00:24:20,2026-09-30,19,CEN,Cochabamba,Diesel,DIESEL OIL NACIONAL EESS,Diesel Oil Nacional,DIESEL_NACIONAL,"EST. DE SERV. ""RIOJA""",10000.0,VENTAS,,True
2026-10-01 00:24:20,2026-09-30,19,CEN,Cochabamba,Diesel,DIESEL OIL NACIONAL EESS,Diesel Oil Nacional,DIESEL_NACIONAL,"EST. DE SERV. ""REFINERIA""- SIMON RODRIGO FERRUFINO",6000.0,VENTAS,,False
2026-10-01 00:24:20,2026-09-30,19,CEN,Cochabamba,Diesel,DIESEL OIL NACIONAL EESS,Diesel Oil Nacional,DIESEL_NACIONAL,"EST. DE SERV. ""PETROGAS S.R.L.""",14000.0,VENTAS,,False
2026-10-01 00:24:20,2026-09-30,19,CEN,Cochabamba,Diesel,DIESEL OIL NACIONAL EESS,Diesel Oil Nacional,DIESEL_NACIONAL,"EST. DE SERV. ""PAROTANI""",28000.0,VENTAS,,False
2026-10-01 00:24:20,2026-09-30,19,CEN,Cochabamba,Diesel,DIESEL OIL NACIONAL EESS,Diesel Oil Nacional,DIESEL_NACIONAL,"EST. DE SERV. ""PARAJE 24.7 SRL""",22000.0,VENTAS,,False
2026-10-01 00:24:20,2026-09-30,19,CEN,Cochabamba,Diesel,DIESEL OIL NACIONAL EESS,Diesel Oil Nacional,DIESEL_NACIONAL,"EST. DE SERV. ""PARAJE 24.7 SRL SUC. 1""",10000.0,VENTAS,,False
2026-10-01 00:24:20,2026-09-30,19,CEN,Cochabamba,Diesel,DIESEL OIL NACIONAL EESS,Diesel Oil Nacional,DIESEL_NACIONAL,"EST. DE SERV. ""NISSAN"" - SIMON FERRUFINO",8000.0,VENTAS,,False
2026-10-01 00:24:20,2026-09-30,19,CEN,Cochabamba,Diesel,DIESEL OIL NACIONAL EESS,Diesel Oil Nacional,DIESEL_NACIONAL,"EST. DE SERV. ""MONTERREY S.R.L.""",24000.0,VENTAS,,True
2026-10-01 00:24:20,2026-09-30,19,CEN,Cochabamba,Diesel,DIESEL OIL NACIONAL EESS,Diesel Oil Nacional,DIESEL_NACIONAL,"EST. DE SERV. ""MIZQUE"" - DIOGENES MONTENEGRO P.",10000.0,VENTAS,,False
2026-10-01 00:24:20,2026-09-30,19,CEN,Cochabamba,Diesel,DIESEL OIL NACIONAL EESS,Diesel Oil Nacional,DIESEL_NACIONAL,"EST. DE SERV. ""MAX MAMANGUENO"" - E. MELGAREJO",8000.0,VENTAS,,False
2026-10-01 00:24:20,2026-09-30,19,CEN,Cochabamba,Diesel,DIESEL OIL NACIONAL EESS,Diesel Oil Nacional,DIESEL_NACIONAL,"EST. DE SERV. ""LOS ALPES""-BERTHA CAMACHO RICALDEZ",8000.0,VENTAS,,False
2026-10-01 00:24:20,2026-09-30,19,CEN,Cochabamba,Diesel,DIESEL OIL NACIONAL EESS,Diesel Oil Nacional,DIESEL_NACIONAL,"EST. DE SERV. ""LORETO"" SUC. 1",14000.0,VENTAS,,False
2026-10-01 00:24:20,2026-09-30,19,CEN,Cochabamba,Diesel,DIESEL OIL NACIONAL EESS,Diesel Oil Nacional,DIESEL_NACIONAL,"EST. DE SERV. ""ITAPAYA"" - ALBERTO AMURRIO F.",12000.0,VENTAS,,False
2026-10-01 00:24:20,2026-09-30,19,CEN,Cochabamba,Diesel,DIESEL OIL NACIONAL EESS,Diesel Oil Nacional,DIESEL_NACIONAL,"EST. DE SERV. ""ISABEL CHAVEZ""",12000.0,VENTAS,,False
2026-10-01 00:24:20,2026-09-30,19,CEN,Cochabamba,Diesel,DIESEL OIL NACIONAL EESS,Diesel Oil Nacional,DIESEL_NACIONAL,"EST. DE SERV. ""IQUIRCOLLO S.R.L.""",32000.0,VENTAS,,True
2026-10-01 00:24:20,2026-09-30,19,CEN,Cochabamba,Diesel,DIESEL OIL NACIONAL EESS,Diesel Oil Nacional,DIESEL_NACIONAL,"EST. DE SERV. ""GASNOR S.R.L.""",6000.0,VENTAS,,False
2026-10-01 00:24:20,2026-09-30,19,CEN,Cochabamba,Diesel,DIESEL OIL NACIONAL EESS,Diesel Oil Nacional,DIESEL_NACIONAL,"EST. DE SERV. ""FORTALEZA ENERGY S.R.L.""",6000.0,VENTAS,,True
2026-10-01 00:24:20,2026-09-30,19,CEN,Cochabamba,Diesel,DIESEL OIL NACIONAL EESS,Diesel Oil Nacional,DIESEL_NACIONAL,"EST. DE SERV. ""EQGAS"" S.R.L.",8000.0,VENTAS,,True
2026-10-01 00:24:20,2026-09-30,19,CEN,Cochabamba,Diesel,DIESEL OIL NACIONAL EESS,Diesel Oil Nacional,DIESEL_NACIONAL,"EST. DE SERV. ""EPIZANA""",12000.0,VENTAS,,False
2026-10-01 00:24:20,2026-09-30,19,CEN,Cochabamba,Diesel,DIESEL OIL NACIONAL EESS,Diesel Oil Nacional,DIESEL_NACIONAL,"EST. DE SERV. ""EL VIAJERO SRL""",24000.0,VENTAS,,True
2026-10-01 00:24:20,2026-09-30,19,CEN,Cochabamba,Diesel,DIESEL OIL NACIONAL EESS,Diesel Oil Nacional,DIESEL_NACIONAL,"EST. DE SERV. ""EL MANANTIAL SRL""",6000.0,VENTAS,,False
2026-10-01 00:24:20,2026-09-30,19,CEN,Cochabamba,Diesel,DIESEL OIL NACIONAL EESS,Diesel Oil Nacional,DIESEL_NACIONAL,"EST. DE SERV. ""EL CRISTO"" - CRISTIAN SABAG",8000.0,VENTAS,,False
2026-10-01 00:24:20,2026-09-30,19,CEN,Cochabamba,Diesel,DIESEL OIL NACIONAL EESS,Diesel Oil Nacional,DIESEL_NACIONAL,"EST. DE SERV. ""DISEL S.R.L.""",28000.0,VENTAS,,False
2026-10-01 00:24:20,2026-09-30,19,CEN,Cochabamba,Diesel,DIESEL OIL NACIONAL EESS,Diesel Oil Nacional,DIESEL_NACIONAL,"EST. DE SERV. ""DISEL S.R.L. I""",32000.0,VENTAS,,False
2026-10-01 00:24:20,2026-09-30,19,CEN,Cochabamba,Diesel,DIESEL OIL NACIONAL EESS,Diesel Oil Nacional,DIESEL_NACIONAL,"EST. DE SERV. ""DAYANA""",12000.0,VENTAS,,False
2026-10-01 00:24:20,2026-09-30,19,CEN,Cochabamba,Diesel,DIESEL OIL NACIONAL EESS,Diesel Oil Nacional,DIESEL_NACIONAL,"EST. DE SERV. ""COMERCIALIZADORA QK S.R.L.""",10000.0,VENTAS,,True
2026-10-01 00:24:20,2026-09-30,19,CEN,Cochabamba,Diesel,DIESEL OIL NACIONAL EESS,Diesel Oil Nacional,DIESEL_NACIONAL,"EST. DE SERV. ""COCHABAMBA""",32000.0,VENTAS,,True
2026-10-01 00:24:20,2026-09-30,19,CEN,Cochabamba,Diesel,DIESEL OIL NACIONAL EESS,Diesel Oil Nacional,DIESEL_NACIONAL,"EST. DE SERV. ""COCHABAMBA S.R.L. SUC. 1""",12000.0,VENTAS,,True
2026-10-01 00:24:20,2026-09-30,19,CEN,Cochabamba,Diesel,DIESEL OIL NACIONAL EESS,Diesel Oil Nacional,DIESEL_NACIONAL,"EST. DE SERV. ""CITY TRUCK FH S.R.L.""",17000.0,VENTAS,,True
2026-10-01 00:24:20,2026-09-30,19,CEN,Cochabamba,Diesel,DIESEL OIL NACIONAL EESS,Diesel Oil Nacional,DIESEL_NACIONAL,"EST. DE SERV. ""CIRCUITO BOLIVIA S.A.""",10000.0,VENTAS,,False
2026-10-01 00:24:20,2026-09-30,19,CEN,Cochabamba,Diesel,DIESEL OIL NACIONAL EESS,Diesel Oil Nacional,DIESEL_NACIONAL,"EST. DE SERV. ""CHULLPANI"" - TORRICO AGUILAR JOSE M",14000.0,VENTAS,,False
2026-10-01 00:24:20,2026-09-30,19,CEN,Cochabamba,Diesel,DIESEL OIL NACIONAL EESS,Diesel Oil Nacional,DIESEL_NACIONAL,"EST. DE SERV. ""CHINATA S.R.L.""",20000.0,VENTAS,,False
2026-10-01 00:24:20,2026-09-30,19,CEN,Cochabamba,Diesel,DIESEL OIL NACIONAL EESS,Diesel Oil Nacional,DIESEL_NACIONAL,"EST. DE SERV. ""CHIMBOCO""",22000.0,VENTAS,,False
2026-10-01 00:24:20,2026-09-30,19,CEN,Cochabamba,Diesel,DIESEL OIL NACIONAL EESS,Diesel Oil Nacional,DIESEL_NACIONAL,"EST. DE SERV. ""C.G.C. SRL""",28000.0,VENTAS,,True
2026-10-01 00:24:20,2026-09-30,19,CEN,Cochabamba,Diesel,DIESEL OIL NACIONAL EESS,Diesel Oil Nacional,DIESEL_NACIONAL,"EST. DE SERV. ""ARANI"" - ZULMA ROJAS",12000.0,VENTAS,,False
2026-10-01 00:24:20,2026-09-30,19,CEN,Cochabamba,Diesel,DIESEL OIL NACIONAL EESS,Diesel Oil Nacional,DIESEL_NACIONAL,"EST. DE SERV. ""AEROPUERTO S.R.L.""",12000.0,VENTAS,,True
2026-10-01 00:24:20,2026-09-30,19,CEN,Cochabamba,Diesel,DIESEL OIL NACIONAL EESS,Diesel Oil Nacional,DIESEL_NACIONAL,"EST. DE SERV. ""ADRIAN""",11000.0,VENTAS,,False
2026-10-01 00:24:20,2026-09-30,19,CEN,Cochabamba,Diesel,DIESEL OIL NACIONAL EESS,Diesel Oil Nacional,DIESEL_NACIONAL,"EST. DE SERV. ""24 DE SEPTIEMBRE S.R.L.""",11000.0,VENTAS,,False
2026-10-01 00:24:20,2026-09-30,19,CEN,Cochabamba,Diesel,DIESEL OIL NACIONAL EESS,Diesel Oil Nacional,DIESEL_NACIONAL,COMERCIALIZADORA DE SERVICIOS LUBRISHOP S.R.L.,6000.0,VENTAS,,False
2026-10-01 00:24:20,2026-09-30,19,CEN,Cochabamba,Diesel,DIESEL OIL NACIONAL EESS,Diesel Oil Nacional,DIESEL_NACIONAL,CENTRO DE SERVICIOS VALLEPUNATA S.R.L.,8000.0,VENTAS,,False
2026-10-01 00:24:20,2026-09-30,19,CEN,Cochabamba,Diesel,DIESEL OIL NACIONAL EESS,Diesel Oil Nacional,DIESEL_NACIONAL,E S CALA CALA,8000.0,TRANSFERENCIAS,,False
2026-10-01 00:24:20,2026-09-30,19,CEN,Cochabamba,Gasolina,GASOLINA ESPECIAL EESS,Gasolina Especial,GASOLINA_ESPECIAL,TERMINAL DE BUSES COCHABAMBA S.A.,10000.0,VENTAS,,True
2026-10-01 00:24:20,2026-09-30,19,CEN,Cochabamba,Gasolina,GASOLINA ESPECIAL EESS,Gasolina Especial,GASOLINA_ESPECIAL,SURTIDOR DE GASOLINA Y DIESEL COLOMI,14000.0,VENTAS,,True
2026-10-01 00:24:20,2026-09-30,19,CEN,Cochabamba,Gasolina,GASOLINA ESPECIAL EESS,Gasolina Especial,GASOLINA_ESPECIAL,PETROCEL S.R.L.,12000.0,VENTAS,,False
2026-10-01 00:24:20,2026-09-30,19,CEN,Cochabamba,Gasolina,GASOLINA ESPECIAL EESS,Gasolina Especial,GASOLINA_ESPECIAL,KHORA ESTACION DE SERVICIO - MEDRANO ARNEZ JAIME,6000.0,VENTAS,,False
2026-10-01 00:24:20,2026-09-30,19,CEN,Cochabamba,Gasolina,GASOLINA ESPECIAL EESS,Gasolina Especial,GASOLINA_ESPECIAL,IMBRANJO S.R.L.,14000.0,VENTAS,,False
2026-10-01 00:24:20,2026-09-30,19,CEN,Cochabamba,Gasolina,GASOLINA ESPECIAL EESS,Gasolina Especial,GASOLINA_ESPECIAL,FEDEX CHACO,6000.0,VENTAS,,True
2026-10-01 00:24:20,2026-09-30,19,CEN,Cochabamba,Gasolina,GASOLINA ESPECIAL EESS,Gasolina Especial,GASOLINA_ESPECIAL,ESTACION DE SERVICIO TICTI S.R.L.,12000.0,VENTAS,,True
2026-10-01 00:24:20,2026-09-30,19,CEN,Cochabamba,Gasolina,GASOLINA ESPECIAL EESS,Gasolina Especial,GASOLINA_ESPECIAL,ESTACION DE SERVICIO LOS LIBERTADORES S.R.L.,10000.0,VENTAS,,True
2026-10-01 00:24:20,2026-09-30,19,CEN,Cochabamba,Gasolina,GASOLINA ESPECIAL EESS,Gasolina Especial,GASOLINA_ESPECIAL,ESTACION DE SERVICIO LOS ALAMOS S.R.L.,14000.0,VENTAS,,False
2026-10-01 00:24:20,2026-09-30,19,CEN,Cochabamba,Gasolina,GASOLINA ESPECIAL EESS,Gasolina Especial,GASOLINA_ESPECIAL,ESTACION DE SERVICIO COODPE S.R.L.,12000.0,VENTAS,,False
2026-10-01 00:24:20,2026-09-30,19,CEN,Cochabamba,Gasolina,GASOLINA ESPECIAL EESS,Gasolina Especial,GASOLINA_ESPECIAL,ESTACION DE SERVICIO CAPITAN VICTOR USTARIZ S.R.L.,12000.0,VENTAS,,False
2026-10-01 00:24:20,2026-09-30,19,CEN,Cochabamba,Gasolina,GASOLINA ESPECIAL EESS,Gasolina Especial,GASOLINA_ESPECIAL,ESTACION DE SERVICIO BEIJING S.R.L.,14000.0,VENTAS,,False
2026-10-01 00:24:20,2026-09-30,19,CEN,Cochabamba,Gasolina,GASOLINA ESPECIAL EESS,Gasolina Especial,GASOLINA_ESPECIAL,ESTACION DE SERVICIO ANITA,16000.0,VENTAS,,False
2026-10-01 00:24:20,2026-09-30,19,CEN,Cochabamba,Gasolina,GASOLINA ESPECIAL EESS,Gasolina Especial,GASOLINA_ESPECIAL,"ESTACION DE SERVICIO ""POJO""",12000.0,VENTAS,,False
2026-10-01 00:24:20,2026-09-30,19,CEN,Cochabamba,Gasolina,GASOLINA ESPECIAL EESS,Gasolina Especial,GASOLINA_ESPECIAL,"EST. DE SERV. ""VILLA OBRAJES""",10000.0,VENTAS,,False
2026-10-01 00:24:20,2026-09-30,19,CEN,Cochabamba,Gasolina,GASOLINA ESPECIAL EESS,Gasolina Especial,GASOLINA_ESPECIAL,"EST. DE SERV. ""URKUPINA"" - ALBERTO OPORTO",10000.0,VENTAS,,False
2026-10-01 00:24:20,2026-09-30,19,CEN,Cochabamba,Gasolina,GASOLINA ESPECIAL EESS,Gasolina Especial,GASOLINA_ESPECIAL,"EST. DE SERV. ""URKUPINA I""- ALBERTO OPORTO L.",12000.0,VENTAS,,False
2026-10-01 00:24:20,2026-09-30,19,CEN,Cochabamba,Gasolina,GASOLINA ESPECIAL EESS,Gasolina Especial,GASOLINA_ESPECIAL,"EST. DE SERV. ""TRANS SACABA S.A. II""",10000.0,VENTAS,,False
2026-10-01 00:24:20,2026-09-30,19,CEN,Cochabamba,Gasolina,GASOLINA ESPECIAL EESS,Gasolina Especial,GASOLINA_ESPECIAL,"EST. DE SERV. ""TIQUIPAYA"" - VENICIA ALANEZ JIMENES",6000.0,VENTAS,,True
2026-10-01 00:24:20,2026-09-30,19,CEN,Cochabamba,Gasolina,GASOLINA ESPECIAL EESS,Gasolina Especial,GASOLINA_ESPECIAL,"EST. DE SERV. ""SUTICOLLO""",12000.0,VENTAS,,False
2026-10-01 00:24:20,2026-09-30,19,CEN,Cochabamba,Gasolina,GASOLINA ESPECIAL EESS,Gasolina Especial,GASOLINA_ESPECIAL,"EST. DE SERV. ""SURTIDOR CAMPERO""",8000.0,VENTAS,,False
2026-10-01 00:24:20,2026-09-30,19,CEN,Cochabamba,Gasolina,GASOLINA ESPECIAL EESS,Gasolina Especial,GASOLINA_ESPECIAL,"EST. DE SERV. ""SIPE SIPE S.R.L.""",14000.0,VENTAS,,True
2026-10-01 00:24:20,2026-09-30,19,CEN,Cochabamba,Gasolina,GASOLINA ESPECIAL EESS,Gasolina Especial,GASOLINA_ESPECIAL,"EST. DE SERV. ""SENOR SANTIAGO"" - E. DELGADILLO",10000.0,VENTAS,,True
2026-10-01 00:24:20,2026-09-30,19,CEN,Cochabamba,Gasolina,GASOLINA ESPECIAL EESS,Gasolina Especial,GASOLINA_ESPECIAL,"EST. DE SERV. ""SENOR SANTIAGO SUC. 1"" - E. DELGADILLO",10000.0,VENTAS,,True
2026-10-01 00:24:20,2026-09-30,19,CEN,Cochabamba,Gasolina,GASOLINA ESPECIAL EESS,Gasolina Especial,GASOLINA_ESPECIAL,"EST. DE SERV. ""SANTA MONICA"" S.R.L.",10000.0,VENTAS,,True
2026-10-01 00:24:20,2026-09-30,19,CEN,Cochabamba,Gasolina,GASOLINA ESPECIAL EESS,Gasolina Especial,GASOLINA_ESPECIAL,"EST. DE SERV. ""SAN JUAN BAUTISTA S.R.L.""",12000.0,VENTAS,,True
2026-10-01 00:24:20,2026-09-30,19,CEN,Cochabamba,Gasolina,GASOLINA ESPECIAL EESS,Gasolina Especial,GASOLINA_ESPECIAL,"EST. DE SERV. ""SAN JORGE CBBA S.R.L.""",14000.0,VENTAS,,False
2026-10-01 00:24:20,2026-09-30,19,CEN,Cochabamba,Gasolina,GASOLINA ESPECIAL EESS,Gasolina Especial,GASOLINA_ESPECIAL,"EST. DE SERV. ""RIOJA""",8000.0,VENTAS,,False
2026-10-01 00:24:20,2026-09-30,19,CEN,Cochabamba,Gasolina,GASOLINA ESPECIAL EESS,Gasolina Especial,GASOLINA_ESPECIAL,"EST. DE SERV. ""REFINERIA""- SIMON RODRIGO FERRUFINO",6000.0,VENTAS,,False
2026-10-01 00:24:20,2026-09-30,19,CEN,Cochabamba,Gasolina,GASOLINA ESPECIAL EESS,Gasolina Especial,GASOLINA_ESPECIAL,"EST. DE SERV. ""PORTALEZ S.R.L.""",18000.0,VENTAS,,False
2026-10-01 00:24:20,2026-09-30,19,CEN,Cochabamba,Gasolina,GASOLINA ESPECIAL EESS,Gasolina Especial,GASOLINA_ESPECIAL,"EST. DE SERV. ""PETROGAS S.R.L.""",6000.0,VENTAS,,True
2026-10-01 00:24:20,2026-09-30,19,CEN,Cochabamba,Gasolina,GASOLINA ESPECIAL EESS,Gasolina Especial,GASOLINA_ESPECIAL,"EST. DE SERV. ""PAROTANI""",12000.0,VENTAS,,False
2026-10-01 00:24:20,2026-09-30,19,CEN,Cochabamba,Gasolina,GASOLINA ESPECIAL EESS,Gasolina Especial,GASOLINA_ESPECIAL,"EST. DE SERV. ""PARAJE 24.7 SRL""",12000.0,VENTAS,,False
2026-10-01 00:24:20,2026-09-30,19,CEN,Cochabamba,Gasolina,GASOLINA ESPECIAL EESS,Gasolina Especial,GASOLINA_ESPECIAL,"EST. DE SERV. ""PARAJE 24.7 SRL SUC. 1""",10000.0,VENTAS,,False
2026-10-01 00:24:20,2026-09-30,19,CEN,Cochabamba,Gasolina,GASOLINA ESPECIAL EESS,Gasolina Especial,GASOLINA_ESPECIAL,"EST. DE SERV. ""PANAMERICANA"" SUCURSAL COCHABAMBA",10000.0,VENTAS,,False
2026-10-01 00:24:20,2026-09-30,19,CEN,Cochabamba,Gasolina,GASOLINA ESPECIAL EESS,Gasolina Especial,GASOLINA_ESPECIAL,"EST. DE SERV. ""NISSAN"" - SIMON FERRUFINO",8000.0,VENTAS,,False
2026-10-01 00:24:20,2026-09-30,19,CEN,Cochabamba,Gasolina,GASOLINA ESPECIAL EESS,Gasolina Especial,GASOLINA_ESPECIAL,"EST. DE SERV. ""MONTERREY S.R.L.""",10000.0,VENTAS,,False
2026-10-01 00:24:20,2026-09-30,19,CEN,Cochabamba,Gasolina,GASOLINA ESPECIAL EESS,Gasolina Especial,GASOLINA_ESPECIAL,"EST. DE SERV. ""MIZQUE"" - DIOGENES MONTENEGRO P.",12000.0,VENTAS,,False
2026-10-01 00:24:20,2026-09-30,19,CEN,Cochabamba,Gasolina,GASOLINA ESPECIAL EESS,Gasolina Especial,GASOLINA_ESPECIAL,"EST. DE SERV. ""MAX MAMANGUENO"" - E. MELGAREJO",6000.0,VENTAS,,False
2026-10-01 00:24:20,2026-09-30,19,CEN,Cochabamba,Gasolina,GASOLINA ESPECIAL EESS,Gasolina Especial,GASOLINA_ESPECIAL,"EST. DE SERV. ""LOS ALPES""-BERTHA CAMACHO RICALDEZ",12000.0,VENTAS,,False
2026-10-01 00:24:20,2026-09-30,19,CEN,Cochabamba,Gasolina,GASOLINA ESPECIAL EESS,Gasolina Especial,GASOLINA_ESPECIAL,"EST. DE SERV. ""LORETO"" SUC. 1",12000.0,VENTAS,,False
2026-10-01 00:24:20,2026-09-30,19,CEN,Cochabamba,Gasolina,GASOLINA ESPECIAL EESS,Gasolina Especial,GASOLINA_ESPECIAL,"EST. DE SERV. ""LA PATRIA S.R.L.""",6000.0,VENTAS,,False
2026-10-01 00:24:20,2026-09-30,19,CEN,Cochabamba,Gasolina,GASOLINA ESPECIAL EESS,Gasolina Especial,GASOLINA_ESPECIAL,"EST. DE SERV. ""LA MERCED S.R.L.""",8000.0,VENTAS,,False
2026-10-01 00:24:20,2026-09-30,19,CEN,Cochabamba,Gasolina,GASOLINA ESPECIAL EESS,Gasolina Especial,GASOLINA_ESPECIAL,"EST. DE SERV. ""ITAPAYA"" - ALBERTO AMURRIO F.",10000.0,VENTAS,,False
2026-10-01 00:24:20,2026-09-30,19,CEN,Cochabamba,Gasolina,GASOLINA ESPECIAL EESS,Gasolina Especial,GASOLINA_ESPECIAL,"EST. DE SERV. ""ISABEL CHAVEZ""",12000.0,VENTAS,,False
2026-10-01 00:24:20,2026-09-30,19,CEN,Cochabamba,Gasolina,GASOLINA ESPECIAL EESS,Gasolina Especial,GASOLINA_ESPECIAL,"EST. DE SERV. ""IQUIRCOLLO S.R.L.""",16000.0,VENTAS,,False
2026-10-01 00:24:20,2026-09-30,19,CEN,Cochabamba,Gasolina,GASOLINA ESPECIAL EESS,Gasolina Especial,GASOLINA_ESPECIAL,"EST. DE SERV. ""IQUIRCOLLO S.R.L. SUC. 1""",14000.0,VENTAS,,False
2026-10-01 00:24:20,2026-09-30,19,CEN,Cochabamba,Gasolina,GASOLINA ESPECIAL EESS,Gasolina Especial,GASOLINA_ESPECIAL,"EST. DE SERV. ""GASNOR S.R.L.""",8000.0,VENTAS,,True
2026-10-01 00:24:20,2026-09-30,19,CEN,Cochabamba,Gasolina,GASOLINA ESPECIAL EESS,Gasolina Especial,GASOLINA_ESPECIAL,"EST. DE SERV. ""FORTALEZA ENERGY S.R.L.""",6000.0,VENTAS,,False
2026-10-01 00:24:20,2026-09-30,19,CEN,Cochabamba,Gasolina,GASOLINA ESPECIAL EESS,Gasolina Especial,GASOLINA_ESPECIAL,"EST. DE SERV. ""EQGAS"" S.R.L.",8000.0,VENTAS,,False
2026-10-01 00:24:20,2026-09-30,19,CEN,Cochabamba,Gasolina,GASOLINA ESPECIAL EESS,Gasolina Especial,GASOLINA_ESPECIAL,"EST. DE SERV. ""EPIZANA""",12000.0,VENTAS,,False
2026-10-01 00:24:20,2026-09-30,19,CEN,Cochabamba,Gasolina,GASOLINA ESPECIAL EESS,Gasolina Especial,GASOLINA_ESPECIAL,"EST. DE SERV. ""EL MANANTIAL SUC. 2""",12000.0,VENTAS,,True
2026-10-01 00:24:20,2026-09-30,19,CEN,Cochabamba,Gasolina,GASOLINA ESPECIAL EESS,Gasolina Especial,GASOLINA_ESPECIAL,"EST. DE SERV. ""EL MANANTIAL SUC. 1""",10000.0,VENTAS,,True
2026-10-01 00:24:20,2026-09-30,19,CEN,Cochabamba,Gasolina,GASOLINA ESPECIAL EESS,Gasolina Especial,GASOLINA_ESPECIAL,"EST. DE SERV. ""EL MANANTIAL SRL""",10000.0,VENTAS,,False
2026-10-01 00:24:20,2026-09-30,19,CEN,Cochabamba,Gasolina,GASOLINA ESPECIAL EESS,Gasolina Especial,GASOLINA_ESPECIAL,"EST. DE SERV. ""EL CRISTO"" - CRISTIAN SABAG",28000.0,VENTAS,,False
2026-10-01 00:24:20,2026-09-30,19,CEN,Cochabamba,Gasolina,GASOLINA ESPECIAL EESS,Gasolina Especial,GASOLINA_ESPECIAL,"EST. DE SERV. ""DORBIGNI""",12000.0,VENTAS,,False
2026-10-01 00:24:20,2026-09-30,19,CEN,Cochabamba,Gasolina,GASOLINA ESPECIAL EESS,Gasolina Especial,GASOLINA_ESPECIAL,"EST. DE SERV. ""DISEL S.R.L.""",8000.0,VENTAS,,True
2026-10-01 00:24:20,2026-09-30,19,CEN,Cochabamba,Gasolina,GASOLINA ESPECIAL EESS,Gasolina Especial,GASOLINA_ESPECIAL,"EST. DE SERV. ""DISEL S.R.L. I""",8000.0,VENTAS,,False
2026-10-01 00:24:20,2026-09-30,19,CEN,Cochabamba,Gasolina,GASOLINA ESPECIAL EESS,Gasolina Especial,GASOLINA_ESPECIAL,"EST. DE SERV. ""DAYANA""",12000.0,VENTAS,,False
2026-10-01 00:24:20,2026-09-30,19,CEN,Cochabamba,Gasolina,GASOLINA ESPECIAL EESS,Gasolina Especial,GASOLINA_ESPECIAL,"EST. DE SERV. ""COMERCIALIZADORA QK S.R.L.""",10000.0,VENTAS,,True
2026-10-01 00:24:20,2026-09-30,19,CEN,Cochabamba,Gasolina,GASOLINA ESPECIAL EESS,Gasolina Especial,GASOLINA_ESPECIAL,"EST. DE SERV. ""COCHABAMBA""",14000.0,VENTAS,,False
2026-10-01 00:24:20,2026-09-30,19,CEN,Cochabamba,Gasolina,GASOLINA ESPECIAL EESS,Gasolina Especial,GASOLINA_ESPECIAL,"EST. DE SERV. ""COCHABAMBA S.R.L. SUC. 2""",12000.0,VENTAS,,False
2026-10-01 00:24:20,2026-09-30,19,CEN,Cochabamba,Gasolina,GASOLINA ESPECIAL EESS,Gasolina Especial,GASOLINA_ESPECIAL,"EST. DE SERV. ""COCHABAMBA S.R.L. SUC. 1""",12000.0,VENTAS,,False
2026-10-01 00:24:20,2026-09-30,19,CEN,Cochabamba,Gasolina,GASOLINA ESPECIAL EESS,Gasolina Especial,GASOLINA_ESPECIAL,"EST. DE SERV. ""CITY TRUCK FH S.R.L.""",10000.0,VENTAS,,False
2026-10-01 00:24:20,2026-09-30,19,CEN,Cochabamba,Gasolina,GASOLINA ESPECIAL EESS,Gasolina Especial,GASOLINA_ESPECIAL,"EST. DE SERV. ""CIRCUITO BOLIVIA S.A.""",14000.0,VENTAS,,True
2026-10-01 00:24:20,2026-09-30,19,CEN,Cochabamba,Gasolina,GASOLINA ESPECIAL EESS,Gasolina Especial,GASOLINA_ESPECIAL,"EST. DE SERV. ""CHULLPANI"" - TORRICO AGUILAR JOSE M",18000.0,VENTAS,,True
2026-10-01 00:24:20,2026-09-30,19,CEN,Cochabamba,Gasolina,GASOLINA ESPECIAL EESS,Gasolina Especial,GASOLINA_ESPECIAL,"EST. DE SERV. ""CHINATA S.R.L.""",10000.0,VENTAS,,False
2026-10-01 00:24:20,2026-09-30,19,CEN,Cochabamba,Gasolina,GASOLINA ESPECIAL EESS,Gasolina Especial,GASOLINA_ESPECIAL,"EST. DE SERV. ""CHIMBOCO""",14000.0,VENTAS,,False
2026-10-01 00:24:20,2026-09-30,19,CEN,Cochabamba,Gasolina,GASOLINA ESPECIAL EESS,Gasolina Especial,GASOLINA_ESPECIAL,"EST. DE SERV. ""C.G.C. SRL""",10000.0,VENTAS,,False
2026-10-01 00:24:20,2026-09-30,19,CEN,Cochabamba,Gasolina,GASOLINA ESPECIAL EESS,Gasolina Especial,GASOLINA_ESPECIAL,"EST. DE SERV. ""AYACUCHO""",12000.0,VENTAS,,True
2026-10-01 00:24:20,2026-09-30,19,CEN,Cochabamba,Gasolina,GASOLINA ESPECIAL EESS,Gasolina Especial,GASOLINA_ESPECIAL,"EST. DE SERV. ""ARANJUEZ""",16000.0,VENTAS,,False
2026-10-01 00:24:20,2026-09-30,19,CEN,Cochabamba,Gasolina,GASOLINA ESPECIAL EESS,Gasolina Especial,GASOLINA_ESPECIAL,"EST. DE SERV. ""ARANI"" - ZULMA ROJAS",12000.0,VENTAS,,False
2026-10-01 00:24:20,2026-09-30,19,CEN,Cochabamba,Gasolina,GASOLINA ESPECIAL EESS,Gasolina Especial,GASOLINA_ESPECIAL,"EST. DE SERV. ""AEROPUERTO S.R.L.""",10000.0,VENTAS,,True
2026-10-01 00:24:20,2026-09-30,19,CEN,Cochabamba,Gasolina,GASOLINA ESPECIAL EESS,Gasolina Especial,GASOLINA_ESPECIAL,"EST. DE SERV. ""ADRIAN""",12000.0,VENTAS,,False
2026-10-01 00:24:20,2026-09-30,19,CEN,Cochabamba,Gasolina,GASOLINA ESPECIAL EESS,Gasolina Especial,GASOLINA_ESPECIAL,"EST. DE SERV. ""A.C.B. CARBURANTES SRL""",16000.0,VENTAS,,False
2026-10-01 00:24:20,2026-09-30,19,CEN,Cochabamba,Gasolina,GASOLINA ESPECIAL EESS,Gasolina Especial,GASOLINA_ESPECIAL,"EST. DE SERV. ""24 DE SEPTIEMBRE S.R.L.""",12000.0,VENTAS,,False
2026-10-01 00:24:20,2026-09-30,19,CEN,Cochabamba,Gasolina,GASOLINA ESPECIAL EESS,Gasolina Especial,GASOLINA_ESPECIAL,"EST. DE SERV. ""20 DE DICIEMBRE""",12000.0,VENTAS,,False
2026-10-01 00:24:20,2026-09-30,19,CEN,Cochabamba,Gasolina,GASOLINA ESPECIAL EESS,Gasolina Especial,GASOLINA_ESPECIAL,"EST. DE SERV. "" LAS PALMERAS S.R.L.""",10000.0,VENTAS,,False
2026-10-01 00:24:20,2026-09-30,19,CEN,Cochabamba,Gasolina,GASOLINA ESPECIAL EESS,Gasolina Especial,GASOLINA_ESPECIAL,COMERCIALIZADORA DE SERVICIOS LUBRISHOP S.R.L.,6000.0,VENTAS,,False
2026-10-01 00:24:20,2026-09-30,19,CEN,Cochabamba,Gasolina,GASOLINA ESPECIAL EESS,Gasolina Especial,GASOLINA_ESPECIAL,CENTRO DE SERVICIOS VALLEPUNATA S.R.L.,10000.0,VENTAS,,False
2026-10-01 00:24:20,2026-09-30,19,CEN,Cochabamba,Gasolina,GASOLINA ESPECIAL CF,Gasolina Especial,GASOLINA_ESPECIAL,EMPRESA MUNICIPAL DE AREAS VERDES Y RECREACION ALTERNATIVA EMAVRA,5000.0,VENTAS,,False
2026-10-01 00:24:20,2026-09-30,19,CEN,Cochabamba,Gasolina,GASOLINA ESPECIAL + CF,Gasolina Especial +,GASOLINA_ESPECIAL_MAS,EMPRESA MUNICIPAL DE AREAS VERDES Y RECREACION ALTERNATIVA EMAVRA,5000.0,VENTAS,,False
2026-10-01 00:24:20,2026-09-30,19,CEN,Cochabamba,Gasolina,GASOLINA ESPECIAL EESS,Gasolina Especial,GASOLINA_ESPECIAL,E S AMERICA,24000.0,TRANSFERENCIAS,,False
2026-10-01 00:24:20,2026-09-30,19,CEN,Cochabamba,Gasolina,GASOLINA ESPECIAL EESS,Gasolina Especial,GASOLINA_ESPECIAL,E S VALLE HERMOSO,30000.0,TRANSFERENCIAS,,False
2026-10-01 00:24:20,2026-09-30,19,CEN,Cochabamba,Gasolina,GASOLINA ESPECIAL EESS,Gasolina Especial,GASOLINA_ESPECIAL,E S CALA CALA,12000.0,TRANSFERENCIAS,,False
2026-10-01 00:24:20,2026-09-30,19,CEN,Cochabamba,Gasolina,GASOLINA ESPECIAL + EESS,Gasolina Especial +,GASOLINA_ESPECIAL_MAS,E S VALLE HERMOSO,28000.0,TRANSFERENCIAS,,False
2026-10-01 00:24:20,2026-09-30,19,CEN,Cochabamba,Gasolina,GASOLINA ESPECIAL + EESS,Gasolina Especial +,GASOLINA_ESPECIAL_MAS,E S CALA CALA,16000.0,TRANSFERENCIAS,,False
2026-10-01 00:24:20,2026-09-30,19,CEN,Cochabamba,Gasolina,GASOLINA ESPECIAL + EESS,Gasolina Especial +,GASOLINA_ESPECIAL_MAS,E S AMERICA,24000.0,TRANSFERENCIAS,,False
2026-10-01 00:24:20,2026-09-30,5,LPZ,Distrito Comercial La Paz,Diesel,DIESEL OIL IMPORTADO EESS,Diesel Oil Importado,DIESEL_IMPORTADO,ESTACIÓN DE SERVICIO ALIMARC INTER GAS BOLIVIA S.R.L.,56000.0,VENTAS,,False
2026-10-01 00:24:20,2026-09-30,5,LPZ,Distrito Comercial La Paz,Diesel,DIESEL OIL IMPORTADO EESS,Diesel Oil Importado,DIESEL_IMPORTADO,ELSA CHIPANA H. - EST. SERV. ECOPETROL,48000.0,VENTAS,,False
2026-10-01 00:24:20,2026-09-30,5,LPZ,Distrito Comercial La Paz,Diesel,DIESEL OIL IMPORTADO CF,Diesel Oil Importado,DIESEL_IMPORTADO,COOPERATIVA MINERA PUERTO SEGURO R.L.,19900.0,VENTAS,,False
2026-10-01 00:24:20,2026-09-30,5,LPZ,Distrito Comercial La Paz,Diesel,DIESEL OIL IMPORTADO CF,Diesel Oil Importado,DIESEL_IMPORTADO,COOPERATIVA MINERA AURÍFERA PAJONAL VILAQUE 1 R.L.,19900.0,VENTAS,,False
2026-10-01 00:24:20,2026-09-30,5,LPZ,Distrito Comercial La Paz,Diesel,DIESEL OIL IMPORTADO CF,Diesel Oil Importado,DIESEL_IMPORTADO,COOPERATIVA MINERA AURIFERA UNION CHUSI DOS R.L.,19900.0,VENTAS,,False
2026-10-01 00:24:20,2026-09-30,5,LPZ,Distrito Comercial La Paz,Diesel,DIESEL OIL IMPORTADO CF,Diesel Oil Importado,DIESEL_IMPORTADO,COOPERATIVA MINERA AURIFERA LUZ DE AMERICA R.L.,19900.0,VENTAS,,False
2026-10-01 00:24:20,2026-09-30,5,LPZ,Distrito Comercial La Paz,Diesel,DIESEL OIL IMPORTADO EESS,Diesel Oil Importado,DIESEL_IMPORTADO,ESTACION DE SERVICIO CHALLAPAMPA S.R.L.,12152.0,VENTAS,,False
2026-10-01 00:24:20,2026-09-30,5,LPZ,Distrito Comercial La Paz,Diesel,DIESEL OIL NACIONAL EESS,Diesel Oil Nacional,DIESEL_NACIONAL,SOCIEDAD PERLA ANDINA S.R.L.,24000.0,VENTAS,,False
2026-10-01 00:24:20,2026-09-30,5,LPZ,Distrito Comercial La Paz,Diesel,DIESEL OIL NACIONAL EESS,Diesel Oil Nacional,DIESEL_NACIONAL,SANTA ROSA PERLA DEL BENI S.R.L.,24000.0,VENTAS,,False
2026-10-01 00:24:20,2026-09-30,5,LPZ,Distrito Comercial La Paz,Diesel,DIESEL OIL NACIONAL EESS,Diesel Oil Nacional,DIESEL_NACIONAL,PANAMERICANA INTERNACIONAL S.R.L. PAINTER S.R.L.,24000.0,VENTAS,,False
2026-10-01 00:24:20,2026-09-30,5,LPZ,Distrito Comercial La Paz,Diesel,DIESEL OIL NACIONAL EESS,Diesel Oil Nacional,DIESEL_NACIONAL,MARIO ALVAREZ M. EST. SERV. ALVAPETROL,24000.0,VENTAS,,True
2026-10-01 00:24:20,2026-09-30,5,LPZ,Distrito Comercial La Paz,Diesel,DIESEL OIL NACIONAL EESS,Diesel Oil Nacional,DIESEL_NACIONAL,IVAN MATIAS V. - EST. SERV. REYES MATIAS,24000.0,VENTAS,,False
2026-10-01 00:24:20,2026-09-30,5,LPZ,Distrito Comercial La Paz,Diesel,DIESEL OIL NACIONAL EESS,Diesel Oil Nacional,DIESEL_NACIONAL,GABY PACO CH. - EST. SERV. COLQUEPATA,24000.0,VENTAS,,False
2026-10-01 00:24:20,2026-09-30,5,LPZ,Distrito Comercial La Paz,Diesel,DIESEL OIL NACIONAL EESS,Diesel Oil Nacional,DIESEL_NACIONAL,FREDY LIMACHI CHALLCO - EST. SERV. DON LEO,24000.0,VENTAS,,False
2026-10-01 00:24:20,2026-09-30,5,LPZ,Distrito Comercial La Paz,Diesel,DIESEL OIL NACIONAL EESS,Diesel Oil Nacional,DIESEL_NACIONAL,ESTACIÓN DE SERVICIO KONANI S.R.L.,24000.0,VENTAS,,False
2026-10-01 00:24:20,2026-09-30,5,LPZ,Distrito Comercial La Paz,Diesel,DIESEL OIL NACIONAL EESS,Diesel Oil Nacional,DIESEL_NACIONAL,ESTACION DE SERVICIOS YARA S.R.L.,24000.0,VENTAS,,False
2026-10-01 00:24:20,2026-09-30,5,LPZ,Distrito Comercial La Paz,Diesel,DIESEL OIL NACIONAL EESS,Diesel Oil Nacional,DIESEL_NACIONAL,ESTACION DE SERVICIO TEOPONTE S.R.L.,24000.0,VENTAS,,False
2026-10-01 00:24:20,2026-09-30,5,LPZ,Distrito Comercial La Paz,Diesel,DIESEL OIL NACIONAL EESS,Diesel Oil Nacional,DIESEL_NACIONAL,ESTACION DE SERVICIO PARAISO TROPICAL,24000.0,VENTAS,,True
2026-10-01 00:24:20,2026-09-30,5,LPZ,Distrito Comercial La Paz,Diesel,DIESEL OIL NACIONAL EESS,Diesel Oil Nacional,DIESEL_NACIONAL,ESTACION DE SERVICIO ISSUCADELA S.R.L,24000.0,VENTAS,,True
2026-10-01 00:24:20,2026-09-30,5,LPZ,Distrito Comercial La Paz,Diesel,DIESEL OIL NACIONAL EESS,Diesel Oil Nacional,DIESEL_NACIONAL,ESTACION DE SERVICIO GERENCIA AYMARA S.R.L.,24000.0,VENTAS,,False
2026-10-01 00:24:20,2026-09-30,5,LPZ,Distrito Comercial La Paz,Diesel,DIESEL OIL NACIONAL EESS,Diesel Oil Nacional,DIESEL_NACIONAL,ESTACION DE SERVICIO ESPIGA DE ORO S.R.L.,24000.0,VENTAS,,False
2026-10-01 00:24:20,2026-09-30,5,LPZ,Distrito Comercial La Paz,Diesel,DIESEL OIL NACIONAL EESS,Diesel Oil Nacional,DIESEL_NACIONAL,EST. SERV. IRIARTE SAN BORJA,24000.0,VENTAS,,False
2026-10-01 00:24:20,2026-09-30,5,LPZ,Distrito Comercial La Paz,Diesel,DIESEL OIL NACIONAL EESS,Diesel Oil Nacional,DIESEL_NACIONAL,EST. SERV. DESAGUADERO S.R.L.,24000.0,VENTAS,,True
2026-10-01 00:24:20,2026-09-30,5,LPZ,Distrito Comercial La Paz,Diesel,DIESEL OIL NACIONAL EESS,Diesel Oil Nacional,DIESEL_NACIONAL,EST. SERV. CRUCE LURIBAY S.R.L.,24000.0,VENTAS,,False
2026-10-01 00:24:20,2026-09-30,5,LPZ,Distrito Comercial La Paz,Diesel,DIESEL OIL NACIONAL EESS,Diesel Oil Nacional,DIESEL_NACIONAL,CANIAX S.R.L.,24000.0,VENTAS,,False
2026-10-01 00:24:20,2026-09-30,5,LPZ,Distrito Comercial La Paz,Diesel,DIESEL OIL IMPORTADO EESS,Diesel Oil Importado,DIESEL_IMPORTADO,NEW PETROL BOLIVIA SUCURSAL 2,24000.0,VENTAS,,True
2026-10-01 00:24:20,2026-09-30,5,LPZ,Distrito Comercial La Paz,Diesel,DIESEL OIL IMPORTADO EESS,Diesel Oil Importado,DIESEL_IMPORTADO,INTEGRACION Y PROGRESO COMUNITARIO S.R.L.,5000.0,VENTAS,,False
2026-10-01 00:24:20,2026-09-30,5,LPZ,Distrito Comercial La Paz,Diesel,DIESEL OIL IMPORTADO EESS,Diesel Oil Importado,DIESEL_IMPORTADO,ZURSIL S.R.L. - E.S.T.,36000.0,VENTAS,,False
2026-10-01 00:24:20,2026-09-30,5,LPZ,Distrito Comercial La Paz,Diesel,DIESEL OIL IMPORTADO EESS,Diesel Oil Importado,DIESEL_IMPORTADO,MARIA PATZI-EST. SERV. VARELA,24000.0,VENTAS,,True
2026-10-01 00:24:20,2026-09-30,5,LPZ,Distrito Comercial La Paz,Diesel,DIESEL OIL IMPORTADO EESS,Diesel Oil Importado,DIESEL_IMPORTADO,GREGORIO CUENTAS M. EST. SERV. DRAGON DE ORO,12000.0,VENTAS,,True
2026-10-01 00:24:20,2026-09-30,5,LPZ,Distrito Comercial La Paz,Diesel,DIESEL OIL IMPORTADO EESS,Diesel Oil Importado,DIESEL_IMPORTADO,GAS SAN FELIPE S.R.L.,24000.0,VENTAS,,True
2026-10-01 00:24:20,2026-09-30,5,LPZ,Distrito Comercial La Paz,Diesel,DIESEL OIL IMPORTADO EESS,Diesel Oil Importado,DIESEL_IMPORTADO,ESTACIÓN DE SERVICIO LAS ROSAS S.R.L.,18000.0,VENTAS,,True
2026-10-01 00:24:20,2026-09-30,5,LPZ,Distrito Comercial La Paz,Diesel,DIESEL OIL IMPORTADO EESS,Diesel Oil Importado,DIESEL_IMPORTADO,ESTACION DE SERVICIOS NIMAGASBOL S.R.L.,36000.0,VENTAS,,True
2026-10-01 00:24:20,2026-09-30,5,LPZ,Distrito Comercial La Paz,Diesel,DIESEL OIL IMPORTADO EESS,Diesel Oil Importado,DIESEL_IMPORTADO,ESTACION DE SERVICIO ZOFRI S.R.L.,36000.0,VENTAS,,True
2026-10-01 00:24:20,2026-09-30,5,LPZ,Distrito Comercial La Paz,Diesel,DIESEL OIL IMPORTADO EESS,Diesel Oil Importado,DIESEL_IMPORTADO,ESTACION DE SERVICIO TEJADA TRIANGULAR,18000.0,VENTAS,,True
2026-10-01 00:24:20,2026-09-30,5,LPZ,Distrito Comercial La Paz,Diesel,DIESEL OIL IMPORTADO EESS,Diesel Oil Importado,DIESEL_IMPORTADO,ESTACION DE SERVICIO SEÑOR DE MAYO S.R.L.,24000.0,VENTAS,,False
2026-10-01 00:24:20,2026-09-30,5,LPZ,Distrito Comercial La Paz,Diesel,DIESEL OIL IMPORTADO EESS,Diesel Oil Importado,DIESEL_IMPORTADO,ESTACION DE SERVICIO SAN SEBASTIAN S.R.L.,36000.0,VENTAS,,True
2026-10-01 00:24:20,2026-09-30,5,LPZ,Distrito Comercial La Paz,Diesel,DIESEL OIL IMPORTADO EESS,Diesel Oil Importado,DIESEL_IMPORTADO,ESTACION DE SERVICIO LOS ROSALES,18000.0,VENTAS,,False
2026-10-01 00:24:20,2026-09-30,5,LPZ,Distrito Comercial La Paz,Diesel,DIESEL OIL IMPORTADO EESS,Diesel Oil Importado,DIESEL_IMPORTADO,ESTACION DE SERVICIO FULL TANK S.R.L.,24000.0,VENTAS,,False
2026-10-01 00:24:20,2026-09-30,5,LPZ,Distrito Comercial La Paz,Diesel,DIESEL OIL IMPORTADO EESS,Diesel Oil Importado,DIESEL_IMPORTADO,ESTACION DE SERVICIO CALUYO S.R.L.,24000.0,VENTAS,,False
2026-10-01 00:24:20,2026-09-30,5,LPZ,Distrito Comercial La Paz,Diesel,DIESEL OIL IMPORTADO EESS,Diesel Oil Importado,DIESEL_IMPORTADO,ESTACION DE SERVICIO C. REDENTOR S.R.L.,36000.0,VENTAS,,False
2026-10-01 00:24:20,2026-09-30,5,LPZ,Distrito Comercial La Paz,Diesel,DIESEL OIL IMPORTADO EESS,Diesel Oil Importado,DIESEL_IMPORTADO,EST. SERV. VOLCAN S.R.L.,36000.0,VENTAS,,False
2026-10-01 00:24:20,2026-09-30,5,LPZ,Distrito Comercial La Paz,Diesel,DIESEL OIL IMPORTADO EESS,Diesel Oil Importado,DIESEL_IMPORTADO,EST. SERV. TEXAS S.R.L.,12000.0,VENTAS,,False
2026-10-01 00:24:20,2026-09-30,5,LPZ,Distrito Comercial La Paz,Diesel,DIESEL OIL IMPORTADO EESS,Diesel Oil Importado,DIESEL_IMPORTADO,EST. SERV. SURTIDORES UNITOURS LTDA.,18000.0,VENTAS,,False
2026-10-01 00:24:20,2026-09-30,5,LPZ,Distrito Comercial La Paz,Diesel,DIESEL OIL IMPORTADO EESS,Diesel Oil Importado,DIESEL_IMPORTADO,EST. SERV. SAN PABLO VILLA BOLIVAR S.R.L.,24000.0,VENTAS,,True
2026-10-01 00:24:20,2026-09-30,5,LPZ,Distrito Comercial La Paz,Diesel,DIESEL OIL IMPORTADO EESS,Diesel Oil Importado,DIESEL_IMPORTADO,EST. SERV. SALIDA LTDA,18000.0,VENTAS,,True
2026-10-01 00:24:20,2026-09-30,5,LPZ,Distrito Comercial La Paz,Diesel,DIESEL OIL IMPORTADO EESS,Diesel Oil Importado,DIESEL_IMPORTADO,EST. SERV. QHANTATI SRL.,36000.0,VENTAS,,False
2026-10-01 00:24:20,2026-09-30,5,LPZ,Distrito Comercial La Paz,Diesel,DIESEL OIL IMPORTADO EESS,Diesel Oil Importado,DIESEL_IMPORTADO,EST. SERV. PLAYA VERDE,24000.0,VENTAS,,True
2026-10-01 00:24:20,2026-09-30,5,LPZ,Distrito Comercial La Paz,Diesel,DIESEL OIL IMPORTADO EESS,Diesel Oil Importado,DIESEL_IMPORTADO,EST. SERV. PEREZ ROCHA SRL.,24000.0,VENTAS,,False
2026-10-01 00:24:20,2026-09-30,5,LPZ,Distrito Comercial La Paz,Diesel,DIESEL OIL IMPORTADO EESS,Diesel Oil Importado,DIESEL_IMPORTADO,EST. SERV. MARANATHA,24000.0,VENTAS,,False
2026-10-01 00:24:20,2026-09-30,5,LPZ,Distrito Comercial La Paz,Diesel,DIESEL OIL IMPORTADO EESS,Diesel Oil Importado,DIESEL_IMPORTADO,EST. SERV. M&G CAMINO REAL,24000.0,VENTAS,,False
2026-10-01 00:24:20,2026-09-30,5,LPZ,Distrito Comercial La Paz,Diesel,DIESEL OIL IMPORTADO EESS,Diesel Oil Importado,DIESEL_IMPORTADO,EST. SERV. LOS ANDES SRL,24000.0,VENTAS,,False
2026-10-01 00:24:20,2026-09-30,5,LPZ,Distrito Comercial La Paz,Diesel,DIESEL OIL IMPORTADO EESS,Diesel Oil Importado,DIESEL_IMPORTADO,EST. SERV. LAREDO SRL,36000.0,VENTAS,,False
2026-10-01 00:24:20,2026-09-30,5,LPZ,Distrito Comercial La Paz,Diesel,DIESEL OIL IMPORTADO EESS,Diesel Oil Importado,DIESEL_IMPORTADO,EST. SERV. INTEROCEANICO,24000.0,VENTAS,,False
2026-10-01 00:24:20,2026-09-30,5,LPZ,Distrito Comercial La Paz,Diesel,DIESEL OIL IMPORTADO EESS,Diesel Oil Importado,DIESEL_IMPORTADO,EST. SERV. ILLIMANI S.R.L.,24000.0,VENTAS,,False
2026-10-01 00:24:20,2026-09-30,5,LPZ,Distrito Comercial La Paz,Diesel,DIESEL OIL IMPORTADO EESS,Diesel Oil Importado,DIESEL_IMPORTADO,EST. SERV. GALAXIA S.R.L.,18000.0,VENTAS,,False
2026-10-01 00:24:20,2026-09-30,5,LPZ,Distrito Comercial La Paz,Diesel,DIESEL OIL IMPORTADO EESS,Diesel Oil Importado,DIESEL_IMPORTADO,EST. SERV. ESUR GHS LTDA.,12000.0,VENTAS,,False
2026-10-01 00:24:20,2026-09-30,5,LPZ,Distrito Comercial La Paz,Diesel,DIESEL OIL IMPORTADO EESS,Diesel Oil Importado,DIESEL_IMPORTADO,EST. SERV. EL PARAISO SRL.,24000.0,VENTAS,,False
2026-10-01 00:24:20,2026-09-30,5,LPZ,Distrito Comercial La Paz,Diesel,DIESEL OIL IMPORTADO EESS,Diesel Oil Importado,DIESEL_IMPORTADO,EST. SERV. CRISTO AUTO GAS SRL.,18000.0,VENTAS,,False
2026-10-01 00:24:20,2026-09-30,5,LPZ,Distrito Comercial La Paz,Diesel,DIESEL OIL IMPORTADO EESS,Diesel Oil Importado,DIESEL_IMPORTADO,EST. SERV. CHUSAMARCA,24000.0,VENTAS,,False
2026-10-01 00:24:20,2026-09-30,5,LPZ,Distrito Comercial La Paz,Diesel,DIESEL OIL IMPORTADO EESS,Diesel Oil Importado,DIESEL_IMPORTADO,EST. SERV. CHALY,24000.0,VENTAS,,True
2026-10-01 00:24:20,2026-09-30,5,LPZ,Distrito Comercial La Paz,Diesel,DIESEL OIL IMPORTADO EESS,Diesel Oil Importado,DIESEL_IMPORTADO,EST. SERV. CANDELARIA,36000.0,VENTAS,,False
2026-10-01 00:24:20,2026-09-30,5,LPZ,Distrito Comercial La Paz,Diesel,DIESEL OIL IMPORTADO EESS,Diesel Oil Importado,DIESEL_IMPORTADO,EST. SERV. BOLIVIA ZURSIL S.R.L.,12000.0,VENTAS,,False
2026-10-01 00:24:20,2026-09-30,5,LPZ,Distrito Comercial La Paz,Diesel,DIESEL OIL IMPORTADO EESS,Diesel Oil Importado,DIESEL_IMPORTADO,EST. SERV. BASSAM LTDA,20000.0,VENTAS,,False
2026-10-01 00:24:20,2026-09-30,5,LPZ,Distrito Comercial La Paz,Diesel,DIESEL OIL IMPORTADO EESS,Diesel Oil Importado,DIESEL_IMPORTADO,EST. SERV. APOSTOL SANTIAGO,24000.0,VENTAS,,True
2026-10-01 00:24:20,2026-09-30,5,LPZ,Distrito Comercial La Paz,Diesel,DIESEL OIL IMPORTADO EESS,Diesel Oil Importado,DIESEL_IMPORTADO,EST. SERV. ALTO LIMA S.R.L.,12000.0,VENTAS,,False
2026-10-01 00:24:20,2026-09-30,5,LPZ,Distrito Comercial La Paz,Diesel,DIESEL OIL IMPORTADO EESS,Diesel Oil Importado,DIESEL_IMPORTADO,EST. SERV. 6 DE MARZO,36000.0,VENTAS,,False
2026-10-01 00:24:20,2026-09-30,5,LPZ,Distrito Comercial La Paz,Diesel,DIESEL OIL IMPORTADO EESS,Diesel Oil Importado,DIESEL_IMPORTADO,ELDA S. AGUILAR V. - EST. SERV. JUAN PABLO II,36000.0,VENTAS,,False
2026-10-01 00:24:20,2026-09-30,5,LPZ,Distrito Comercial La Paz,Diesel,DIESEL OIL IMPORTADO EESS,Diesel Oil Importado,DIESEL_IMPORTADO,EDUARDO YUPANQUI Q.-EST. SERV. VENTILLA,24000.0,VENTAS,,False
2026-10-01 00:24:20,2026-09-30,5,LPZ,Distrito Comercial La Paz,Diesel,DIESEL OIL IMPORTADO EESS,Diesel Oil Importado,DIESEL_IMPORTADO,DISTRIBUIDORA DE GASOLINA Y LUBRICANTES SAN PABLO S.R.L.,12000.0,VENTAS,,False
2026-10-01 00:24:20,2026-09-30,5,LPZ,Distrito Comercial La Paz,Diesel,DIESEL OIL IMPORTADO EESS,Diesel Oil Importado,DIESEL_IMPORTADO,EST.SERV. CALACOTO,25000.0,TRANSFERENCIAS,,False
2026-10-01 00:24:20,2026-09-30,5,LPZ,Distrito Comercial La Paz,Gasolina,GASOLINA ESPECIAL EESS,Gasolina Especial,GASOLINA_ESPECIAL,PATRICIA QUIROZ SIRPA - PUESTO DE VENTA PATTY,24000.0,VENTAS,,False
2026-10-01 00:24:20,2026-09-30,5,LPZ,Distrito Comercial La Paz,Gasolina,GASOLINA ESPECIAL EESS,Gasolina Especial,GASOLINA_ESPECIAL,NEW PETROL BOLIVIA SUCURSAL 2,22000.0,VENTAS,,False
2026-10-01 00:24:20,2026-09-30,5,LPZ,Distrito Comercial La Paz,Gasolina,GASOLINA ESPECIAL EESS,Gasolina Especial,GASOLINA_ESPECIAL,"EMPRESA COMERCIALIZADORA, DISTRIBUIDORA DE SERVICIOS Y CARBURANTES ARUZCA MORALES S.R.L.",24000.0,VENTAS,,True
2026-10-01 00:24:20,2026-09-30,5,LPZ,Distrito Comercial La Paz,Gasolina,GASOLINA ESPECIAL EESS,Gasolina Especial,GASOLINA_ESPECIAL,EFRAIN LOPEZ LUCANA,22000.0,VENTAS,,False
2026-10-01 00:24:20,2026-09-30,5,LPZ,Distrito Comercial La Paz,Gasolina,GASOLINA ESPECIAL EESS,Gasolina Especial,GASOLINA_ESPECIAL,SILVIA TORREZ.- EST. SERV. TORREZ,22000.0,VENTAS,,False
2026-10-01 00:24:20,2026-09-30,5,LPZ,Distrito Comercial La Paz,Gasolina,GASOLINA ESPECIAL EESS,Gasolina Especial,GASOLINA_ESPECIAL,PANAMERICANA INTERNACIONAL S.R.L. PAINTER S.R.L.,22000.0,VENTAS,,True
2026-10-01 00:24:20,2026-09-30,5,LPZ,Distrito Comercial La Paz,Gasolina,GASOLINA ESPECIAL EESS,Gasolina Especial,GASOLINA_ESPECIAL,MARIO ALVAREZ M. EST. SERV. ALVAPETROL,22000.0,VENTAS,,False
2026-10-01 00:24:20,2026-09-30,5,LPZ,Distrito Comercial La Paz,Gasolina,GASOLINA ESPECIAL EESS,Gasolina Especial,GASOLINA_ESPECIAL,IVAN MATIAS V. - EST. SERV. REYES MATIAS,22000.0,VENTAS,,False
2026-10-01 00:24:20,2026-09-30,5,LPZ,Distrito Comercial La Paz,Gasolina,GASOLINA ESPECIAL EESS,Gasolina Especial,GASOLINA_ESPECIAL,GABY PACO CH. - EST. SERV. COLQUEPATA,22000.0,VENTAS,,True
2026-10-01 00:24:20,2026-09-30,5,LPZ,Distrito Comercial La Paz,Gasolina,GASOLINA ESPECIAL EESS,Gasolina Especial,GASOLINA_ESPECIAL,ESTACION DE SERVICIOS YARA S.R.L.,22000.0,VENTAS,,False
2026-10-01 00:24:20,2026-09-30,5,LPZ,Distrito Comercial La Paz,Gasolina,GASOLINA ESPECIAL EESS,Gasolina Especial,GASOLINA_ESPECIAL,ESTACION DE SERVICIO TIAHUANACU S.R.L.,30000.0,VENTAS,,False
2026-10-01 00:24:20,2026-09-30,5,LPZ,Distrito Comercial La Paz,Gasolina,GASOLINA ESPECIAL EESS,Gasolina Especial,GASOLINA_ESPECIAL,ESTACION DE SERVICIO MADAGASCAR S.R.L.,22000.0,VENTAS,,False
2026-10-01 00:24:20,2026-09-30,5,LPZ,Distrito Comercial La Paz,Gasolina,GASOLINA ESPECIAL EESS,Gasolina Especial,GASOLINA_ESPECIAL,ESTACION DE SERVICIO ISSUCADELA S.R.L,22000.0,VENTAS,,True
2026-10-01 00:24:20,2026-09-30,5,LPZ,Distrito Comercial La Paz,Gasolina,GASOLINA ESPECIAL EESS,Gasolina Especial,GASOLINA_ESPECIAL,ESTACION DE SERVICIO ESPIGA DE ORO S.R.L.,22000.0,VENTAS,,False
2026-10-01 00:24:20,2026-09-30,5,LPZ,Distrito Comercial La Paz,Gasolina,GASOLINA ESPECIAL EESS,Gasolina Especial,GASOLINA_ESPECIAL,EST. SERV. PLAYA VERDE,24000.0,VENTAS,,False
2026-10-01 00:24:20,2026-09-30,5,LPZ,Distrito Comercial La Paz,Gasolina,GASOLINA ESPECIAL EESS,Gasolina Especial,GASOLINA_ESPECIAL,EST. SERV. PALOS BLANCOS,22000.0,VENTAS,,False
2026-10-01 00:24:20,2026-09-30,5,LPZ,Distrito Comercial La Paz,Gasolina,GASOLINA ESPECIAL EESS,Gasolina Especial,GASOLINA_ESPECIAL,EST. SERV. GASOLCAMP S.R.L.,24000.0,VENTAS,,False
2026-10-01 00:24:20,2026-09-30,5,LPZ,Distrito Comercial La Paz,Gasolina,GASOLINA ESPECIAL EESS,Gasolina Especial,GASOLINA_ESPECIAL,EST. SERV. DESAGUADERO S.R.L.,22000.0,VENTAS,,False
2026-10-01 00:24:20,2026-09-30,5,LPZ,Distrito Comercial La Paz,Gasolina,GASOLINA ESPECIAL EESS,Gasolina Especial,GASOLINA_ESPECIAL,EST. SERV. BALLIVIAN,22000.0,VENTAS,,False
2026-10-01 00:24:20,2026-09-30,5,LPZ,Distrito Comercial La Paz,Gasolina,GASOLINA ESPECIAL EESS,Gasolina Especial,GASOLINA_ESPECIAL,EST. SERV. ADALUZ PETROL,22000.0,VENTAS,,True
2026-10-01 00:24:20,2026-09-30,5,LPZ,Distrito Comercial La Paz,Gasolina,GASOLINA ESPECIAL EESS,Gasolina Especial,GASOLINA_ESPECIAL,EST. SERV. ACHACACHI S.R.L.,20000.0,VENTAS,,False
2026-10-01 00:24:20,2026-09-30,5,LPZ,Distrito Comercial La Paz,Gasolina,GASOLINA ESPECIAL EESS,Gasolina Especial,GASOLINA_ESPECIAL,CANIAX S.R.L.,22000.0,VENTAS,,True
2026-10-01 00:24:20,2026-09-30,5,LPZ,Distrito Comercial La Paz,Gasolina,GASOLINA ESPECIAL + (S/DSI),Gasolina Especial +,GASOLINA_ESPECIAL_MAS,INTEGRACION Y PROGRESO COMUNITARIO S.R.L.,6000.0,VENTAS,,False
2026-10-01 00:24:20,2026-09-30,5,LPZ,Distrito Comercial La Paz,Gasolina,GASOLINA ESPECIAL + (S/DSI),Gasolina Especial +,GASOLINA_ESPECIAL_MAS,ZURSIL S.R.L. - E.S.T.,18000.0,VENTAS,,True
2026-10-01 00:24:20,2026-09-30,5,LPZ,Distrito Comercial La Paz,Gasolina,GASOLINA ESPECIAL + (S/DSI),Gasolina Especial +,GASOLINA_ESPECIAL_MAS,MARIA PATZI-EST. SERV. VARELA,24000.0,VENTAS,,True
2026-10-01 00:24:20,2026-09-30,5,LPZ,Distrito Comercial La Paz,Gasolina,GASOLINA ESPECIAL + (S/DSI),Gasolina Especial +,GASOLINA_ESPECIAL_MAS,GRUPO EMPRESARIAL VIRGEN DE LOS ALAMOS S.R.L.,24000.0,VENTAS,,True
2026-10-01 00:24:20,2026-09-30,5,LPZ,Distrito Comercial La Paz,Gasolina,GASOLINA ESPECIAL + (S/DSI),Gasolina Especial +,GASOLINA_ESPECIAL_MAS,GREGORIO CUENTAS M. EST. SERV. DRAGON DE ORO,24000.0,VENTAS,,False
2026-10-01 00:24:20,2026-09-30,5,LPZ,Distrito Comercial La Paz,Gasolina,GASOLINA ESPECIAL + (S/DSI),Gasolina Especial +,GASOLINA_ESPECIAL_MAS,GAS SAN FELIPE S.R.L.,24000.0,VENTAS,,False
2026-10-01 00:24:20,2026-09-30,5,LPZ,Distrito Comercial La Paz,Gasolina,GASOLINA ESPECIAL + (S/DSI),Gasolina Especial +,GASOLINA_ESPECIAL_MAS,ESTACIÓN DE SERVICIO LAS ROSAS S.R.L.,20000.0,VENTAS,,False
2026-10-01 00:24:20,2026-09-30,5,LPZ,Distrito Comercial La Paz,Gasolina,GASOLINA ESPECIAL + (S/DSI),Gasolina Especial +,GASOLINA_ESPECIAL_MAS,ESTACIÓN DE SERVICIO ALIMARC INTER GAS BOLIVIA S.R.L.,12000.0,VENTAS,,False
2026-10-01 00:24:20,2026-09-30,5,LPZ,Distrito Comercial La Paz,Gasolina,GASOLINA ESPECIAL + (S/DSI),Gasolina Especial +,GASOLINA_ESPECIAL_MAS,ESTACION DE SERVICIOS NIMAGASBOL S.R.L.,18000.0,VENTAS,,False
2026-10-01 00:24:20,2026-09-30,5,LPZ,Distrito Comercial La Paz,Gasolina,GASOLINA ESPECIAL + (S/DSI),Gasolina Especial +,GASOLINA_ESPECIAL_MAS,ESTACION DE SERVICIO ZOFRI S.R.L.,12000.0,VENTAS,,False
2026-10-01 00:24:20,2026-09-30,5,LPZ,Distrito Comercial La Paz,Gasolina,GASOLINA ESPECIAL + (S/DSI),Gasolina Especial +,GASOLINA_ESPECIAL_MAS,ESTACION DE SERVICIO TERRAGAS LTDA,24000.0,VENTAS,,True
2026-10-01 00:24:20,2026-09-30,5,LPZ,Distrito Comercial La Paz,Gasolina,GASOLINA ESPECIAL + (S/DSI),Gasolina Especial +,GASOLINA_ESPECIAL_MAS,ESTACION DE SERVICIO TEJADA TRIANGULAR,20000.0,VENTAS,,True
2026-10-01 00:24:20,2026-09-30,5,LPZ,Distrito Comercial La Paz,Gasolina,GASOLINA ESPECIAL + (S/DSI),Gasolina Especial +,GASOLINA_ESPECIAL_MAS,ESTACION DE SERVICIO SEÑOR DE MAYO S.R.L.,20000.0,VENTAS,,True
2026-10-01 00:24:20,2026-09-30,5,LPZ,Distrito Comercial La Paz,Gasolina,GASOLINA ESPECIAL + (S/DSI),Gasolina Especial +,GASOLINA_ESPECIAL_MAS,ESTACION DE SERVICIO SAN SEBASTIAN S.R.L.,18000.0,VENTAS,,False
2026-10-01 00:24:20,2026-09-30,5,LPZ,Distrito Comercial La Paz,Gasolina,GASOLINA ESPECIAL + (S/DSI),Gasolina Especial +,GASOLINA_ESPECIAL_MAS,ESTACION DE SERVICIO LOZA - MARCELINA AGUIRRE VDA. DE LOZA,24000.0,VENTAS,,False
2026-10-01 00:24:20,2026-09-30,5,LPZ,Distrito Comercial La Paz,Gasolina,GASOLINA ESPECIAL + (S/DSI),Gasolina Especial +,GASOLINA_ESPECIAL_MAS,ESTACION DE SERVICIO LOS ROSALES,24000.0,VENTAS,,False
2026-10-01 00:24:20,2026-09-30,5,LPZ,Distrito Comercial La Paz,Gasolina,GASOLINA ESPECIAL + (S/DSI),Gasolina Especial +,GASOLINA_ESPECIAL_MAS,ESTACION DE SERVICIO KORY INTI S.R.L.,24000.0,VENTAS,,False
2026-10-01 00:24:20,2026-09-30,5,LPZ,Distrito Comercial La Paz,Gasolina,GASOLINA ESPECIAL + (S/DSI),Gasolina Especial +,GASOLINA_ESPECIAL_MAS,ESTACION DE SERVICIO KANTUTA S.R.L.,48000.0,VENTAS,,False
2026-10-01 00:24:20,2026-09-30,5,LPZ,Distrito Comercial La Paz,Gasolina,GASOLINA ESPECIAL + (S/DSI),Gasolina Especial +,GASOLINA_ESPECIAL_MAS,ESTACION DE SERVICIO JACHA INTI S.R.L.,24000.0,VENTAS,,False
2026-10-01 00:24:20,2026-09-30,5,LPZ,Distrito Comercial La Paz,Gasolina,GASOLINA ESPECIAL + (S/DSI),Gasolina Especial +,GASOLINA_ESPECIAL_MAS,ESTACION DE SERVICIO FULL TANK S.R.L.,18000.0,VENTAS,,False
2026-10-01 00:24:20,2026-09-30,5,LPZ,Distrito Comercial La Paz,Gasolina,GASOLINA ESPECIAL + (S/DSI),Gasolina Especial +,GASOLINA_ESPECIAL_MAS,ESTACION DE SERVICIO CALUYO S.R.L.,20000.0,VENTAS,,True
2026-10-01 00:24:20,2026-09-30,5,LPZ,Distrito Comercial La Paz,Gasolina,GASOLINA ESPECIAL + (S/DSI),Gasolina Especial +,GASOLINA_ESPECIAL_MAS,ESTACION DE SERVICIO C. REDENTOR S.R.L.,18000.0,VENTAS,,True
2026-10-01 00:24:20,2026-09-30,5,LPZ,Distrito Comercial La Paz,Gasolina,GASOLINA ESPECIAL + (S/DSI),Gasolina Especial +,GASOLINA_ESPECIAL_MAS,EST. SERV. YUPANQUI,12000.0,VENTAS,,True
2026-10-01 00:24:20,2026-09-30,5,LPZ,Distrito Comercial La Paz,Gasolina,GASOLINA ESPECIAL + (S/DSI),Gasolina Especial +,GASOLINA_ESPECIAL_MAS,EST. SERV. VOLCAN S.R.L.,48000.0,VENTAS,,False
2026-10-01 00:24:20,2026-09-30,5,LPZ,Distrito Comercial La Paz,Gasolina,GASOLINA ESPECIAL + (S/DSI),Gasolina Especial +,GASOLINA_ESPECIAL_MAS,EST. SERV. TEXAS S.R.L.,20000.0,VENTAS,,True
2026-10-01 00:24:20,2026-09-30,5,LPZ,Distrito Comercial La Paz,Gasolina,GASOLINA ESPECIAL + (S/DSI),Gasolina Especial +,GASOLINA_ESPECIAL_MAS,EST. SERV. SOC. IND. COM. G.L.P.H. LTDA,20000.0,VENTAS,,True
2026-10-01 00:24:20,2026-09-30,5,LPZ,Distrito Comercial La Paz,Gasolina,GASOLINA ESPECIAL + (S/DSI),Gasolina Especial +,GASOLINA_ESPECIAL_MAS,EST. SERV. SIEMPRE A FULL MIRAFLORES S.R.L. (SAF),36000.0,VENTAS,,False
2026-10-01 00:24:20,2026-09-30,5,LPZ,Distrito Comercial La Paz,Gasolina,GASOLINA ESPECIAL + (S/DSI),Gasolina Especial +,GASOLINA_ESPECIAL_MAS,EST. SERV. SAN PABLO VILLA BOLIVAR S.R.L.,20000.0,VENTAS,,True
2026-10-01 00:24:20,2026-09-30,5,LPZ,Distrito Comercial La Paz,Gasolina,GASOLINA ESPECIAL + (S/DSI),Gasolina Especial +,GASOLINA_ESPECIAL_MAS,EST. SERV. SALIDA LTDA,18000.0,VENTAS,,False
2026-10-01 00:24:20,2026-09-30,5,LPZ,Distrito Comercial La Paz,Gasolina,GASOLINA ESPECIAL + (S/DSI),Gasolina Especial +,GASOLINA_ESPECIAL_MAS,EST. SERV. QHANTATI SRL.,24000.0,VENTAS,,True
2026-10-01 00:24:20,2026-09-30,5,LPZ,Distrito Comercial La Paz,Gasolina,GASOLINA ESPECIAL + (S/DSI),Gasolina Especial +,GASOLINA_ESPECIAL_MAS,EST. SERV. PEREZ ROCHA SRL.,20000.0,VENTAS,,True
2026-10-01 00:24:20,2026-09-30,5,LPZ,Distrito Comercial La Paz,Gasolina,GASOLINA ESPECIAL + (S/DSI),Gasolina Especial +,GASOLINA_ESPECIAL_MAS,EST. SERV. MOTORECO SRL.,36000.0,VENTAS,,False
2026-10-01 00:24:20,2026-09-30,5,LPZ,Distrito Comercial La Paz,Gasolina,GASOLINA ESPECIAL + (S/DSI),Gasolina Especial +,GASOLINA_ESPECIAL_MAS,EST. SERV. M&G CAMINO REAL,24000.0,VENTAS,,False
2026-10-01 00:24:20,2026-09-30,5,LPZ,Distrito Comercial La Paz,Gasolina,GASOLINA ESPECIAL + (S/DSI),Gasolina Especial +,GASOLINA_ESPECIAL_MAS,EST. SERV. LUBRICAN SRL,24000.0,VENTAS,,True
2026-10-01 00:24:20,2026-09-30,5,LPZ,Distrito Comercial La Paz,Gasolina,GASOLINA ESPECIAL + (S/DSI),Gasolina Especial +,GASOLINA_ESPECIAL_MAS,EST. SERV. LOS ANDES SRL,18000.0,VENTAS,,True
2026-10-01 00:24:20,2026-09-30,5,LPZ,Distrito Comercial La Paz,Gasolina,GASOLINA ESPECIAL + (S/DSI),Gasolina Especial +,GASOLINA_ESPECIAL_MAS,EST. SERV. LAREDO SRL,18000.0,VENTAS,,True
2026-10-01 00:24:20,2026-09-30,5,LPZ,Distrito Comercial La Paz,Gasolina,GASOLINA ESPECIAL + (S/DSI),Gasolina Especial +,GASOLINA_ESPECIAL_MAS,EST. SERV. JAIMES FREYRE,48000.0,VENTAS,,False
2026-10-01 00:24:20,2026-09-30,5,LPZ,Distrito Comercial La Paz,Gasolina,GASOLINA ESPECIAL + (S/DSI),Gasolina Especial +,GASOLINA_ESPECIAL_MAS,EST. SERV. INTEROCEANICO,20000.0,VENTAS,,False
2026-10-01 00:24:20,2026-09-30,5,LPZ,Distrito Comercial La Paz,Gasolina,GASOLINA ESPECIAL + (S/DSI),Gasolina Especial +,GASOLINA_ESPECIAL_MAS,EST. SERV. ILLIMANI S.R.L.,20000.0,VENTAS,,True
2026-10-01 00:24:20,2026-09-30,5,LPZ,Distrito Comercial La Paz,Gasolina,GASOLINA ESPECIAL + (S/DSI),Gasolina Especial +,GASOLINA_ESPECIAL_MAS,EST. SERV. GAS-MAY S.R.L.,24000.0,VENTAS,,False
2026-10-01 00:24:20,2026-09-30,5,LPZ,Distrito Comercial La Paz,Gasolina,GASOLINA ESPECIAL + (S/DSI),Gasolina Especial +,GASOLINA_ESPECIAL_MAS,EST. SERV. GAS CENTRO S.R.L.,18000.0,VENTAS,,True
2026-10-01 00:24:20,2026-09-30,5,LPZ,Distrito Comercial La Paz,Gasolina,GASOLINA ESPECIAL + (S/DSI),Gasolina Especial +,GASOLINA_ESPECIAL_MAS,EST. SERV. GALAXIA S.R.L.,24000.0,VENTAS,,False
2026-10-01 00:24:20,2026-09-30,5,LPZ,Distrito Comercial La Paz,Gasolina,GASOLINA ESPECIAL + (S/DSI),Gasolina Especial +,GASOLINA_ESPECIAL_MAS,EST. SERV. ESUR GHS LTDA.,24000.0,VENTAS,,False
2026-10-01 00:24:20,2026-09-30,5,LPZ,Distrito Comercial La Paz,Gasolina,GASOLINA ESPECIAL + (S/DSI),Gasolina Especial +,GASOLINA_ESPECIAL_MAS,EST. SERV. EMP. COM. HID. TUPAC KATARI S.R.L.,36000.0,VENTAS,,False
2026-10-01 00:24:20,2026-09-30,5,LPZ,Distrito Comercial La Paz,Gasolina,GASOLINA ESPECIAL + (S/DSI),Gasolina Especial +,GASOLINA_ESPECIAL_MAS,EST. SERV. EL PARAISO SRL.,24000.0,VENTAS,,True
2026-10-01 00:24:20,2026-09-30,5,LPZ,Distrito Comercial La Paz,Gasolina,GASOLINA ESPECIAL + (S/DSI),Gasolina Especial +,GASOLINA_ESPECIAL_MAS,EST. SERV. CUENTAS SAN PABLO II S.R.L.,24000.0,VENTAS,,True
2026-10-01 00:24:20,2026-09-30,5,LPZ,Distrito Comercial La Paz,Gasolina,GASOLINA ESPECIAL + (S/DSI),Gasolina Especial +,GASOLINA_ESPECIAL_MAS,EST. SERV. CRISTO AUTO GAS SRL.,24000.0,VENTAS,,True
2026-10-01 00:24:20,2026-09-30,5,LPZ,Distrito Comercial La Paz,Gasolina,GASOLINA ESPECIAL + (S/DSI),Gasolina Especial +,GASOLINA_ESPECIAL_MAS,EST. SERV. COSTANERA SRL.,24000.0,VENTAS,,False
2026-10-01 00:24:20,2026-09-30,5,LPZ,Distrito Comercial La Paz,Gasolina,GASOLINA ESPECIAL + (S/DSI),Gasolina Especial +,GASOLINA_ESPECIAL_MAS,EST. SERV. CHASQUIPAMPA S.R.L.,24000.0,VENTAS,,True
2026-10-01 00:24:20,2026-09-30,5,LPZ,Distrito Comercial La Paz,Gasolina,GASOLINA ESPECIAL + (S/DSI),Gasolina Especial +,GASOLINA_ESPECIAL_MAS,EST. SERV. CARSUR S.R.L.,48000.0,VENTAS,,False
2026-10-01 00:24:20,2026-09-30,5,LPZ,Distrito Comercial La Paz,Gasolina,GASOLINA ESPECIAL + (S/DSI),Gasolina Especial +,GASOLINA_ESPECIAL_MAS,EST. SERV. CANDELARIA,18000.0,VENTAS,,True
2026-10-01 00:24:20,2026-09-30,5,LPZ,Distrito Comercial La Paz,Gasolina,GASOLINA ESPECIAL + (S/DSI),Gasolina Especial +,GASOLINA_ESPECIAL_MAS,EST. SERV. BOLIVIA ZURSIL S.R.L.,12000.0,VENTAS,,False
2026-10-01 00:24:20,2026-09-30,5,LPZ,Distrito Comercial La Paz,Gasolina,GASOLINA ESPECIAL + (S/DSI),Gasolina Especial +,GASOLINA_ESPECIAL_MAS,EST. SERV. BASSAM LTDA,24000.0,VENTAS,,False
2026-10-01 00:24:20,2026-09-30,5,LPZ,Distrito Comercial La Paz,Gasolina,GASOLINA ESPECIAL + (S/DSI),Gasolina Especial +,GASOLINA_ESPECIAL_MAS,EST. SERV. APOSTOL SANTIAGO,20000.0,VENTAS,,False
2026-10-01 00:24:20,2026-09-30,5,LPZ,Distrito Comercial La Paz,Gasolina,GASOLINA ESPECIAL + (S/DSI),Gasolina Especial +,GASOLINA_ESPECIAL_MAS,EST. SERV. ALTO LIMA S.R.L.,12000.0,VENTAS,,True
2026-10-01 00:24:20,2026-09-30,5,LPZ,Distrito Comercial La Paz,Gasolina,GASOLINA ESPECIAL + (S/DSI),Gasolina Especial +,GASOLINA_ESPECIAL_MAS,EST. SERV. ACB SAN JORGE,24000.0,VENTAS,,False
2026-10-01 00:24:20,2026-09-30,5,LPZ,Distrito Comercial La Paz,Gasolina,GASOLINA ESPECIAL + (S/DSI),Gasolina Especial +,GASOLINA_ESPECIAL_MAS,EST. SERV. ACB CALACOTO,36000.0,VENTAS,,False
2026-10-01 00:24:20,2026-09-30,5,LPZ,Distrito Comercial La Paz,Gasolina,GASOLINA ESPECIAL + (S/DSI),Gasolina Especial +,GASOLINA_ESPECIAL_MAS,EST. SERV. 6 DE MARZO,12000.0,VENTAS,,False
2026-10-01 00:24:20,2026-09-30,5,LPZ,Distrito Comercial La Paz,Gasolina,GASOLINA ESPECIAL + (S/DSI),Gasolina Especial +,GASOLINA_ESPECIAL_MAS,ELSA CHIPANA H. - EST. SERV. ECOPETROL,18000.0,VENTAS,,True
2026-10-01 00:24:20,2026-09-30,5,LPZ,Distrito Comercial La Paz,Gasolina,GASOLINA ESPECIAL + (S/DSI),Gasolina Especial +,GASOLINA_ESPECIAL_MAS,ELDA S. AGUILAR V. - EST. SERV. JUAN PABLO II,24000.0,VENTAS,,True
2026-10-01 00:24:20,2026-09-30,5,LPZ,Distrito Comercial La Paz,Gasolina,GASOLINA ESPECIAL + (S/DSI),Gasolina Especial +,GASOLINA_ESPECIAL_MAS,DISTRIBUIDORA DE GASOLINA Y LUBRICANTES SAN PABLO S.R.L.,24000.0,VENTAS,,True
2026-10-01 00:24:20,2026-09-30,5,LPZ,Distrito Comercial La Paz,Gasolina,GASOLINA ESPECIAL + EESS,Gasolina Especial +,GASOLINA_ESPECIAL_MAS,EST. SERV. ACHACACHI,23000.0,TRANSFERENCIAS,,False
2026-10-01 00:24:20,2026-09-30,5,LPZ,Distrito Comercial La Paz,Gasolina,GASOLINA ESPECIAL + (S/DSI),Gasolina Especial +,GASOLINA_ESPECIAL_MAS,EST.SERV. URUGUAY,50000.0,TRANSFERENCIAS,,False
2026-10-01 00:24:20,2026-09-30,5,LPZ,Distrito Comercial La Paz,Gasolina,GASOLINA ESPECIAL + (S/DSI),Gasolina Especial +,GASOLINA_ESPECIAL_MAS,EST.SERV. SAN PEDRO,25000.0,TRANSFERENCIAS,,False
2026-10-01 00:24:20,2026-09-30,5,LPZ,Distrito Comercial La Paz,Gasolina,GASOLINA ESPECIAL + (S/DSI),Gasolina Especial +,GASOLINA_ESPECIAL_MAS,EST.SERV. ENTRE RIOS,25000.0,TRANSFERENCIAS,,False
2026-10-01 00:24:20,2026-09-30,5,LPZ,Distrito Comercial La Paz,Gasolina,GASOLINA ESPECIAL + (S/DSI),Gasolina Especial +,GASOLINA_ESPECIAL_MAS,EST.SERV. CALACOTO,50000.0,TRANSFERENCIAS,,False
2026-10-01 00:24:20,2026-09-30,12,GUA,Guayaramerin,Diesel,DIESEL OIL NACIONAL EESS,Diesel Oil Nacional,DIESEL_NACIONAL,TERESA DATZER C. - EST. SERV. LA PERLA DEL MAMORE,14000.0,VENTAS,,True
2026-10-01 00:24:20,2026-09-30,12,GUA,Guayaramerin,Diesel,DIESEL OIL NACIONAL EESS,Diesel Oil Nacional,DIESEL_NACIONAL,ESTACIÓN SERVICIO LAGO AZUL,11000.0,VENTAS,,True
2026-10-01 00:24:20,2026-09-30,12,GUA,Guayaramerin,Gasolina,GASOLINA ESPECIAL EESS,Gasolina Especial,GASOLINA_ESPECIAL,TERESA DATZER C. - EST. SERV. LA PERLA DEL MAMORE,8000.0,VENTAS,,True
2026-10-01 00:24:20,2026-09-30,12,GUA,Guayaramerin,Gasolina,GASOLINA ESPECIAL EESS,Gasolina Especial,GASOLINA_ESPECIAL,ESTACIÓN SERVICIO LAGO AZUL,8000.0,VENTAS,,True
2026-10-01 00:24:20,2026-09-30,12,GUA,Guayaramerin,Gasolina,GASOLINA ESPECIAL EESS,Gasolina Especial,GASOLINA_ESPECIAL,EE. SS. FEDERICO ROMAN,8000.0,TRANSFERENCIAS,,False
2026-10-01 00:24:20,2026-09-30,25,MON,Monteagudo,Diesel,DIESEL OIL NACIONAL EESS,Diesel Oil Nacional,DIESEL_NACIONAL,COOP. SAN JOSE OBRERO LTDA. EST.SERV. MONTEAGUDO,8000.0,VENTAS,,False
2026-10-01 00:24:20,2026-09-30,25,MON,Monteagudo,Diesel,DIESEL OIL NACIONAL EESS,Diesel Oil Nacional,DIESEL_NACIONAL,EST. SERV. LOS SAUCES,8000.0,TRANSFERENCIAS,,False
2026-10-01 00:24:20,2026-09-30,25,MON,Monteagudo,Diesel,DIESEL OIL NACIONAL EESS,Diesel Oil Nacional,DIESEL_NACIONAL,EE.SS MONTEAGUDO,10000.0,TRANSFERENCIAS,,False
2026-10-01 00:24:20,2026-09-30,25,MON,Monteagudo,Gasolina,GASOLINA ESPECIAL EESS,Gasolina Especial,GASOLINA_ESPECIAL,COOP. SAN JOSE OBRERO LTDA. EST.SERV. MONTEAGUDO,12000.0,VENTAS,,False
2026-10-01 00:24:20,2026-09-30,25,MON,Monteagudo,Gasolina,GASOLINA ESPECIAL EESS,Gasolina Especial,GASOLINA_ESPECIAL,EST. SERV. LOS SAUCES,8000.0,TRANSFERENCIAS,,False
2026-10-01 00:24:20,2026-09-30,25,MON,Monteagudo,Gasolina,GASOLINA ESPECIAL EESS,Gasolina Especial,GASOLINA_ESPECIAL,EE.SS MONTEAGUDO,8000.0,TRANSFERENCIAS,,False
2026-10-01 00:24:20,2026-09-30,9,ORU,Oruro,Diesel,DIESEL OIL IMPORTADO CF,Diesel Oil Importado,DIESEL_IMPORTADO,LA PODEROSA S.R.L.,10000.0,VENTAS,,True
2026-10-01 00:24:20,2026-09-30,9,ORU,Oruro,Diesel,DIESEL OIL NACIONAL EESS,Diesel Oil Nacional,DIESEL_NACIONAL,"ESTACION DE SERVICIOS ""QUIME"" S.R.L.",12000.0,VENTAS,,False
2026-10-01 00:24:20,2026-09-30,9,ORU,Oruro,Diesel,DIESEL OIL NACIONAL EESS,Diesel Oil Nacional,DIESEL_NACIONAL,ESTACION DE SERVICIO R.&.T. S.R.L.,12000.0,VENTAS,,False
2026-10-01 00:24:20,2026-09-30,9,ORU,Oruro,Diesel,DIESEL OIL NACIONAL EESS,Diesel Oil Nacional,DIESEL_NACIONAL,ESTACION DE SERVICIO FOR-CE S.R.L.,12000.0,VENTAS,,False
2026-10-01 00:24:20,2026-09-30,9,ORU,Oruro,Diesel,DIESEL OIL NACIONAL EESS,Diesel Oil Nacional,DIESEL_NACIONAL,ESTACION DE SERVICIO DELMAR,12000.0,VENTAS,,False
2026-10-01 00:24:20,2026-09-30,9,ORU,Oruro,Diesel,DIESEL OIL NACIONAL EESS,Diesel Oil Nacional,DIESEL_NACIONAL,ESTACION DE SERVICIO AZANAQUE S.R.L.,12000.0,VENTAS,,True
2026-10-01 00:24:20,2026-09-30,9,ORU,Oruro,Diesel,DIESEL OIL NACIONAL EESS,Diesel Oil Nacional,DIESEL_NACIONAL,EST.SERV.ROSMERY ROXANA MENDOZA PEÑALOZA,12000.0,VENTAS,,False
2026-10-01 00:24:20,2026-09-30,9,ORU,Oruro,Diesel,DIESEL OIL NACIONAL EESS,Diesel Oil Nacional,DIESEL_NACIONAL,EST. SERV PISIGA RICHARD COLQUE,16000.0,VENTAS,,False
2026-10-01 00:24:20,2026-09-30,9,ORU,Oruro,Diesel,DIESEL OIL NACIONAL EESS,Diesel Oil Nacional,DIESEL_NACIONAL,E.S. HECTOR C. FAJARDO MENDOZA,12000.0,VENTAS,,True
2026-10-01 00:24:20,2026-09-30,9,ORU,Oruro,Diesel,DIESEL OIL NACIONAL EESS,Diesel Oil Nacional,DIESEL_NACIONAL,DISTRIGAS ESTACION DE SERVICIO 6 DE AGOSTO S.R.L.- SUCURSAL CARACOLLO,12000.0,VENTAS,,False
2026-10-01 00:24:20,2026-09-30,9,ORU,Oruro,Diesel,DIESEL OIL IMPORTADO EESS,Diesel Oil Importado,DIESEL_IMPORTADO,RICARDO ALVAREZ A.-E.S.NTRA. SRA.DEL SOCAVON,24000.0,VENTAS,,True
2026-10-01 00:24:20,2026-09-30,9,ORU,Oruro,Diesel,DIESEL OIL IMPORTADO EESS,Diesel Oil Importado,DIESEL_IMPORTADO,REFINERIA ORIENTAL S.A.,24000.0,VENTAS,,True
2026-10-01 00:24:20,2026-09-30,9,ORU,Oruro,Diesel,DIESEL OIL IMPORTADO EESS,Diesel Oil Importado,DIESEL_IMPORTADO,MIRTHA QUEVEDO A.- QV2 SERVICE,36000.0,VENTAS,,True
2026-10-01 00:24:20,2026-09-30,9,ORU,Oruro,Diesel,DIESEL OIL IMPORTADO EESS,Diesel Oil Importado,DIESEL_IMPORTADO,ESTACION DE SERVICIO R Y G CIRCUNVALACION S.R.L.,24000.0,VENTAS,,False
2026-10-01 00:24:20,2026-09-30,9,ORU,Oruro,Diesel,DIESEL OIL IMPORTADO EESS,Diesel Oil Importado,DIESEL_IMPORTADO,ESTACION DE SERVICIO NICTINA S.R.L.,24000.0,VENTAS,,True
2026-10-01 00:24:20,2026-09-30,9,ORU,Oruro,Diesel,DIESEL OIL IMPORTADO EESS,Diesel Oil Importado,DIESEL_IMPORTADO,ESTACION DE SERVICIO ESPAÑA,20000.0,VENTAS,,False
2026-10-01 00:24:20,2026-09-30,9,ORU,Oruro,Diesel,DIESEL OIL IMPORTADO EESS,Diesel Oil Importado,DIESEL_IMPORTADO,ESTACION DE SERVICIO ATLANTIDA S.R.L.,12000.0,VENTAS,,False
2026-10-01 00:24:20,2026-09-30,9,ORU,Oruro,Diesel,DIESEL OIL IMPORTADO EESS,Diesel Oil Importado,DIESEL_IMPORTADO,ESTAC.DE SERV. NIÑO SALVADOR,24000.0,VENTAS,,False
2026-10-01 00:24:20,2026-09-30,9,ORU,Oruro,Diesel,DIESEL OIL IMPORTADO EESS,Diesel Oil Importado,DIESEL_IMPORTADO,ESTAC. DE SERV. SOCINBOL SRL,20000.0,VENTAS,,False
2026-10-01 00:24:20,2026-09-30,9,ORU,Oruro,Diesel,DIESEL OIL IMPORTADO EESS,Diesel Oil Importado,DIESEL_IMPORTADO,EST.SERV. VINTO MARCO TEJERINA,24000.0,VENTAS,,True
2026-10-01 00:24:20,2026-09-30,9,ORU,Oruro,Diesel,DIESEL OIL IMPORTADO EESS,Diesel Oil Importado,DIESEL_IMPORTADO,EST.DE SERVICIO ECCO SRL,24000.0,VENTAS,,True
2026-10-01 00:24:20,2026-09-30,9,ORU,Oruro,Diesel,DIESEL OIL IMPORTADO EESS,Diesel Oil Importado,DIESEL_IMPORTADO,E.SERV.INTERNACIONAL EXCEL SRL NORTE,24000.0,VENTAS,,False
2026-10-01 00:24:20,2026-09-30,9,ORU,Oruro,Diesel,DIESEL OIL IMPORTADO EESS,Diesel Oil Importado,DIESEL_IMPORTADO,E.S. EBEN EZER-PORFIRIO CHOQUE,24000.0,VENTAS,,True
2026-10-01 00:24:20,2026-09-30,9,ORU,Oruro,Diesel,DIESEL OIL IMPORTADO EESS,Diesel Oil Importado,DIESEL_IMPORTADO,DISTRIGAS ESTACION DE SERVICIO 6 DE AGOSTO S.R.L.- SUCURSAL 6 DE AGOSTO II,24000.0,VENTAS,,True
2026-10-01 00:24:20,2026-09-30,9,ORU,Oruro,Diesel,DIESEL OIL IMPORTADO EESS,Diesel Oil Importado,DIESEL_IMPORTADO,DISTRIGAS ESTACION DE SERVICIO 6 DE AGOSTO S.R.L.- SUCURSAL TACNA,14000.0,VENTAS,,False
2026-10-01 00:24:20,2026-09-30,9,ORU,Oruro,Diesel,DIESEL OIL NACIONAL EESS,Diesel Oil Nacional,DIESEL_NACIONAL,ESTACION DE SERVICIO UNCIA,16000.0,TRANSFERENCIAS,,False
2026-10-01 00:24:20,2026-09-30,9,ORU,Oruro,Diesel,DIESEL OIL NACIONAL EESS,Diesel Oil Nacional,DIESEL_NACIONAL,ESTACION DE SERVICIO LLALLAGUA I,12000.0,TRANSFERENCIAS,,False
2026-10-01 00:24:20,2026-09-30,9,ORU,Oruro,Diesel,DIESEL OIL NACIONAL EESS,Diesel Oil Nacional,DIESEL_NACIONAL,ESTACION DE SERVICIO LLALLAGUA,7000.0,TRANSFERENCIAS,,False
2026-10-01 00:24:20,2026-09-30,9,ORU,Oruro,Diesel,DIESEL OIL IMPORTADO EESS,Diesel Oil Importado,DIESEL_IMPORTADO,ESTACION DE SERVICIO SAN PEDRO,25000.0,TRANSFERENCIAS,,False
2026-10-01 00:24:20,2026-09-30,9,ORU,Oruro,Diesel,DIESEL OIL IMPORTADO EESS,Diesel Oil Importado,DIESEL_IMPORTADO,ESTACION DE SERVICIO CINCO ESQUINAS,12500.0,TRANSFERENCIAS,,False
2026-10-01 00:24:20,2026-09-30,9,ORU,Oruro,Gasolina,GASOLINA ESPECIAL EESS,Gasolina Especial,GASOLINA_ESPECIAL,ZONA COMERCIAL VILLAZON,25000.0,TRANSFERENCIAS,,False
2026-10-01 00:24:20,2026-09-30,9,ORU,Oruro,Gasolina,GASOLINA ESPECIAL EESS,Gasolina Especial,GASOLINA_ESPECIAL,ZONA COMERCIAL UYUNI,70000.0,TRANSFERENCIAS,,False
2026-10-01 00:24:20,2026-09-30,9,ORU,Oruro,Gasolina,GASOLINA ESPECIAL EESS,Gasolina Especial,GASOLINA_ESPECIAL,ESTACION DE SERVICIO SAN PEDRO,25000.0,TRANSFERENCIAS,,False
2026-10-01 00:24:20,2026-09-30,9,ORU,Oruro,Gasolina,GASOLINA ESPECIAL EESS,Gasolina Especial,GASOLINA_ESPECIAL,ESTACION DE SERVICIO MORELA,25000.0,TRANSFERENCIAS,,False
2026-10-01 00:24:20,2026-09-30,9,ORU,Oruro,Gasolina,GASOLINA ESPECIAL EESS,Gasolina Especial,GASOLINA_ESPECIAL,ESTACION DE SERVICIO LLALLAGUA I,17000.0,TRANSFERENCIAS,,False
2026-10-01 00:24:20,2026-09-30,9,ORU,Oruro,Gasolina,GASOLINA ESPECIAL EESS,Gasolina Especial,GASOLINA_ESPECIAL,ESTACION DE SERVICIO HUANUNI,7000.0,TRANSFERENCIAS,,False
2026-10-01 00:24:20,2026-09-30,9,ORU,Oruro,Gasolina,GASOLINA ESPECIAL EESS,Gasolina Especial,GASOLINA_ESPECIAL,ESTACION DE SERVICIO CINCO ESQUINAS,25000.0,TRANSFERENCIAS,,False
2026-10-01 00:24:20,2026-09-30,22,POT,Potosi,Diesel,DIESEL OIL NACIONAL EESS,Diesel Oil Nacional,DIESEL_NACIONAL,EE.SS. SUPER GRIFO,20000.0,VENTAS,,False
2026-10-01 00:24:20,2026-09-30,22,POT,Potosi,Diesel,DIESEL OIL NACIONAL EESS,Diesel Oil Nacional,DIESEL_NACIONAL,EE.SS. IMPERIAL POTOSI II,20000.0,VENTAS,,False
2026-10-01 00:24:20,2026-09-30,22,POT,Potosi,Diesel,DIESEL OIL NACIONAL EESS,Diesel Oil Nacional,DIESEL_NACIONAL,EE.SS. CONTRERAS,20000.0,VENTAS,,False
2026-10-01 00:24:20,2026-09-30,22,POT,Potosi,Diesel,DIESEL OIL IMPORTADO EESS,Diesel Oil Importado,DIESEL_IMPORTADO,EE.SS. TICKA LOMA,20000.0,VENTAS,,False
2026-10-01 00:24:20,2026-09-30,22,POT,Potosi,Diesel,DIESEL OIL IMPORTADO EESS,Diesel Oil Importado,DIESEL_IMPORTADO,EE.SS. SEÑOR DE LA VERA CRUZ S.R.L.,20000.0,VENTAS,,False
2026-10-01 00:24:20,2026-09-30,22,POT,Potosi,Diesel,DIESEL OIL IMPORTADO EESS,Diesel Oil Importado,DIESEL_IMPORTADO,EE.SS. POTOSI S.R.L.,20000.0,VENTAS,,False
2026-10-01 00:24:20,2026-09-30,22,POT,Potosi,Diesel,DIESEL OIL IMPORTADO EESS,Diesel Oil Importado,DIESEL_IMPORTADO,EE.SS. MONTE ROCA,20000.0,VENTAS,,False
2026-10-01 00:24:20,2026-09-30,22,POT,Potosi,Diesel,DIESEL OIL IMPORTADO EESS,Diesel Oil Importado,DIESEL_IMPORTADO,EE.SS. GUADALUPE POTOSI,20000.0,VENTAS,,False
2026-10-01 00:24:20,2026-09-30,22,POT,Potosi,Diesel,DIESEL OIL IMPORTADO EESS,Diesel Oil Importado,DIESEL_IMPORTADO,EE.SS. DELIA,20000.0,VENTAS,,False
2026-10-01 00:24:20,2026-09-30,22,POT,Potosi,Diesel,DIESEL OIL IMPORTADO EESS,Diesel Oil Importado,DIESEL_IMPORTADO,EE.SS. CARLOS V CAMINO POTOSI TARIJA,20000.0,VENTAS,,False
2026-10-01 00:24:20,2026-09-30,22,POT,Potosi,Diesel,DIESEL OIL IMPORTADO EESS,Diesel Oil Importado,DIESEL_IMPORTADO,EE.SS. CANTUMARCA,20000.0,VENTAS,,False
2026-10-01 00:24:20,2026-09-30,22,POT,Potosi,Diesel,DIESEL OIL NACIONAL EESS,Diesel Oil Nacional,DIESEL_NACIONAL,EE.SS. PADCOYO,22000.0,TRANSFERENCIAS,,False
2026-10-01 00:24:20,2026-09-30,22,POT,Potosi,Diesel,DIESEL OIL IMPORTADO EESS,Diesel Oil Importado,DIESEL_IMPORTADO,EE.SS. VILLA IMPERIAL,20000.0,TRANSFERENCIAS,,False
2026-10-01 00:24:20,2026-09-30,22,POT,Potosi,Gasolina,GASOLINA ESPECIAL EESS,Gasolina Especial,GASOLINA_ESPECIAL,EE.SS. TICKA LOMA,10000.0,VENTAS,,False
2026-10-01 00:24:20,2026-09-30,22,POT,Potosi,Gasolina,GASOLINA ESPECIAL EESS,Gasolina Especial,GASOLINA_ESPECIAL,EE.SS. SUPER GRIFO,4000.0,VENTAS,,False
2026-10-01 00:24:20,2026-09-30,22,POT,Potosi,Gasolina,GASOLINA ESPECIAL EESS,Gasolina Especial,GASOLINA_ESPECIAL,EE.SS. SEÑOR DE LA VERA CRUZ S.R.L.,10000.0,VENTAS,,False
2026-10-01 00:24:20,2026-09-30,22,POT,Potosi,Gasolina,GASOLINA ESPECIAL EESS,Gasolina Especial,GASOLINA_ESPECIAL,EE.SS. POTOSI S.R.L.,10000.0,VENTAS,,False
2026-10-01 00:24:20,2026-09-30,22,POT,Potosi,Gasolina,GASOLINA ESPECIAL EESS,Gasolina Especial,GASOLINA_ESPECIAL,EE.SS. MONTE ROCA,10000.0,VENTAS,,False
2026-10-01 00:24:20,2026-09-30,22,POT,Potosi,Gasolina,GASOLINA ESPECIAL EESS,Gasolina Especial,GASOLINA_ESPECIAL,EE.SS. IMPERIAL POTOSI II,4000.0,VENTAS,,False
2026-10-01 00:24:20,2026-09-30,22,POT,Potosi,Gasolina,GASOLINA ESPECIAL EESS,Gasolina Especial,GASOLINA_ESPECIAL,EE.SS. GUADALUPE POTOSI,4000.0,VENTAS,,False
2026-10-01 00:24:20,2026-09-30,22,POT,Potosi,Gasolina,GASOLINA ESPECIAL EESS,Gasolina Especial,GASOLINA_ESPECIAL,EE.SS. DELIA,10000.0,VENTAS,,False
2026-10-01 00:24:20,2026-09-30,22,POT,Potosi,Gasolina,GASOLINA ESPECIAL EESS,Gasolina Especial,GASOLINA_ESPECIAL,EE.SS. CONTRERAS,4000.0,VENTAS,,False
2026-10-01 00:24:20,2026-09-30,22,POT,Potosi,Gasolina,GASOLINA ESPECIAL EESS,Gasolina Especial,GASOLINA_ESPECIAL,EE.SS. CARLOS V CAMINO POTOSI TARIJA,10000.0,VENTAS,,False
2026-10-01 00:24:20,2026-09-30,22,POT,Potosi,Gasolina,GASOLINA ESPECIAL EESS,Gasolina Especial,GASOLINA_ESPECIAL,EE.SS. CANTUMARCA,10000.0,VENTAS,,False
2026-10-01 00:24:20,2026-09-30,22,POT,Potosi,Gasolina,GASOLINA ESPECIAL EESS,Gasolina Especial,GASOLINA_ESPECIAL,EE.SS. VILLA IMPERIAL,10000.0,TRANSFERENCIAS,,False
2026-10-01 00:24:20,2026-09-30,22,POT,Potosi,Gasolina,GASOLINA ESPECIAL EESS,Gasolina Especial,GASOLINA_ESPECIAL,EE.SS. TERMINAL DE BUSES,10000.0,TRANSFERENCIAS,,False
2026-10-01 00:24:20,2026-09-30,22,POT,Potosi,Gasolina,GASOLINA ESPECIAL EESS,Gasolina Especial,GASOLINA_ESPECIAL,EE.SS. BETANZOS,6000.0,TRANSFERENCIAS,,False
2026-10-01 00:24:20,2026-09-30,26,PVR,Puerto Villarroel,Diesel,DIESEL OIL NACIONAL EESS,Diesel Oil Nacional,DIESEL_NACIONAL,INVERSIONES Y SERVICIOS TRUJILLO ORELLANA S.R.L.,6000.0,VENTAS,,True
2026-10-01 00:24:20,2026-09-30,26,PVR,Puerto Villarroel,Diesel,DIESEL OIL NACIONAL EESS,Diesel Oil Nacional,DIESEL_NACIONAL,ESTACION DE SERVICIO TRUJILLO ORELLANA S.R.L.,6000.0,VENTAS,,True
2026-10-01 00:24:20,2026-09-30,26,PVR,Puerto Villarroel,Diesel,DIESEL OIL NACIONAL EESS,Diesel Oil Nacional,DIESEL_NACIONAL,ESTACION DE SERVICIO TRANS NACIONAL ETERAZAMA S.A,6000.0,VENTAS,,True
2026-10-01 00:24:20,2026-09-30,26,PVR,Puerto Villarroel,Diesel,DIESEL OIL NACIONAL EESS,Diesel Oil Nacional,DIESEL_NACIONAL,ESTACION DE SERVICIO FOX J.G.J. S.R.L.,6000.0,VENTAS,,True
2026-10-01 00:24:20,2026-09-30,26,PVR,Puerto Villarroel,Diesel,DIESEL OIL NACIONAL EESS,Diesel Oil Nacional,DIESEL_NACIONAL,ESTACION DE SERVICIO FATIMA S.R.L.,6000.0,VENTAS,,True
2026-10-01 00:24:20,2026-09-30,26,PVR,Puerto Villarroel,Diesel,DIESEL OIL NACIONAL EESS,Diesel Oil Nacional,DIESEL_NACIONAL,ESTACION DE SERVICIO ALEX SUCURSAL CBBA,6000.0,VENTAS,,True
2026-10-01 00:24:20,2026-09-30,26,PVR,Puerto Villarroel,Diesel,DIESEL OIL NACIONAL EESS,Diesel Oil Nacional,DIESEL_NACIONAL,EST. SERV. TRANS TRICOLOR NACIONAL S.A.,6000.0,VENTAS,,True
2026-10-01 00:24:20,2026-09-30,26,PVR,Puerto Villarroel,Diesel,DIESEL OIL NACIONAL EESS,Diesel Oil Nacional,DIESEL_NACIONAL,EST. SERV. SILVIA,6000.0,VENTAS,,True
2026-10-01 00:24:20,2026-09-30,26,PVR,Puerto Villarroel,Diesel,DIESEL OIL NACIONAL EESS,Diesel Oil Nacional,DIESEL_NACIONAL,EST. SERV. SAN MATEO S.R.L.,6000.0,VENTAS,,False
2026-10-01 00:24:20,2026-09-30,26,PVR,Puerto Villarroel,Diesel,DIESEL OIL NACIONAL EESS,Diesel Oil Nacional,DIESEL_NACIONAL,EST. SERV. EL TROPICO S.R.L.,6000.0,VENTAS,,True
2026-10-01 00:24:20,2026-09-30,26,PVR,Puerto Villarroel,Diesel,DIESEL OIL NACIONAL EESS,Diesel Oil Nacional,DIESEL_NACIONAL,EST. SERV. CHIMORE,6000.0,VENTAS,,True
2026-10-01 00:24:20,2026-09-30,26,PVR,Puerto Villarroel,Diesel,DIESEL OIL NACIONAL EESS,Diesel Oil Nacional,DIESEL_NACIONAL,EST. SERV. ALEX,6000.0,VENTAS,,True
2026-10-01 00:24:20,2026-09-30,26,PVR,Puerto Villarroel,Diesel,DIESEL OIL NACIONAL EESS,Diesel Oil Nacional,DIESEL_NACIONAL,CARRASCO S.R.L. COMERCIALIZADORA DE HIDROCARBUROS,6000.0,VENTAS,,True
2026-10-01 00:24:20,2026-09-30,26,PVR,Puerto Villarroel,Diesel,DIESEL OIL NACIONAL EESS,Diesel Oil Nacional,DIESEL_NACIONAL,ESTACION DE SERVICIO YPFB VILLA TUNARI,7500.0,TRANSFERENCIAS,,False
2026-10-01 00:24:20,2026-09-30,26,PVR,Puerto Villarroel,Gasolina,GASOLINA ESPECIAL + EESS,Gasolina Especial +,GASOLINA_ESPECIAL_MAS,INVERSIONES Y SERVICIOS TRUJILLO ORELLANA S.R.L.,12000.0,VENTAS,,True
2026-10-01 00:24:20,2026-09-30,26,PVR,Puerto Villarroel,Gasolina,GASOLINA ESPECIAL + EESS,Gasolina Especial +,GASOLINA_ESPECIAL_MAS,ESTACION DE SERVICIO TRUJILLO ORELLANA S.R.L.,12000.0,VENTAS,,True
2026-10-01 00:24:20,2026-09-30,26,PVR,Puerto Villarroel,Gasolina,GASOLINA ESPECIAL + EESS,Gasolina Especial +,GASOLINA_ESPECIAL_MAS,ESTACION DE SERVICIO TRANS NACIONAL ETERAZAMA S.A,12000.0,VENTAS,,True
2026-10-01 00:24:20,2026-09-30,26,PVR,Puerto Villarroel,Gasolina,GASOLINA ESPECIAL + EESS,Gasolina Especial +,GASOLINA_ESPECIAL_MAS,ESTACION DE SERVICIO FOX J.G.J. S.R.L.,12000.0,VENTAS,,True
2026-10-01 00:24:20,2026-09-30,26,PVR,Puerto Villarroel,Gasolina,GASOLINA ESPECIAL + EESS,Gasolina Especial +,GASOLINA_ESPECIAL_MAS,ESTACION DE SERVICIO FATIMA S.R.L.,15000.0,VENTAS,,True
2026-10-01 00:24:20,2026-09-30,26,PVR,Puerto Villarroel,Gasolina,GASOLINA ESPECIAL + EESS,Gasolina Especial +,GASOLINA_ESPECIAL_MAS,ESTACION DE SERVICIO ALEX SUCURSAL CBBA,12000.0,VENTAS,,True
2026-10-01 00:24:20,2026-09-30,26,PVR,Puerto Villarroel,Gasolina,GASOLINA ESPECIAL + EESS,Gasolina Especial +,GASOLINA_ESPECIAL_MAS,EST. SERV. TRANS TRICOLOR NACIONAL S.A.,12000.0,VENTAS,,True
2026-10-01 00:24:20,2026-09-30,26,PVR,Puerto Villarroel,Gasolina,GASOLINA ESPECIAL + EESS,Gasolina Especial +,GASOLINA_ESPECIAL_MAS,EST. SERV. SILVIA,12000.0,VENTAS,,True
2026-10-01 00:24:20,2026-09-30,26,PVR,Puerto Villarroel,Gasolina,GASOLINA ESPECIAL + EESS,Gasolina Especial +,GASOLINA_ESPECIAL_MAS,EST. SERV. SAN MATEO S.R.L.,12000.0,VENTAS,,True
2026-10-01 00:24:20,2026-09-30,26,PVR,Puerto Villarroel,Gasolina,GASOLINA ESPECIAL + EESS,Gasolina Especial +,GASOLINA_ESPECIAL_MAS,EST. SERV. EL TROPICO S.R.L.,12000.0,VENTAS,,True
2026-10-01 00:24:20,2026-09-30,26,PVR,Puerto Villarroel,Gasolina,GASOLINA ESPECIAL + EESS,Gasolina Especial +,GASOLINA_ESPECIAL_MAS,EST. SERV. CHIMORE,12000.0,VENTAS,,True
2026-10-01 00:24:20,2026-09-30,26,PVR,Puerto Villarroel,Gasolina,GASOLINA ESPECIAL + EESS,Gasolina Especial +,GASOLINA_ESPECIAL_MAS,EST. SERV. ALEX,12000.0,VENTAS,,True
2026-10-01 00:24:20,2026-09-30,26,PVR,Puerto Villarroel,Gasolina,GASOLINA ESPECIAL + EESS,Gasolina Especial +,GASOLINA_ESPECIAL_MAS,CARRASCO S.R.L. COMERCIALIZADORA DE HIDROCARBUROS,12000.0,VENTAS,,True
2026-10-01 00:24:20,2026-09-30,26,PVR,Puerto Villarroel,Gasolina,GASOLINA ESPECIAL + CF,Gasolina Especial +,GASOLINA_ESPECIAL_MAS,UNION INTEGRAL DE PRODUCTORES DE LA ISLA TODOS SANTOS UNIAPLES,15000.0,VENTAS,,True
2026-10-01 00:24:20,2026-09-30,26,PVR,Puerto Villarroel,Gasolina,GASOLINA ESPECIAL + EESS,Gasolina Especial +,GASOLINA_ESPECIAL_MAS,ESTACION DE SERVICIO YPFB VILLA TUNARI,16500.0,TRANSFERENCIAS,,False
2026-10-01 00:24:20,2026-09-30,4,SCZ,Santa Cruz,Diesel,DIESEL OIL IMPORTADO CF,Diesel Oil Importado,DIESEL_IMPORTADO,CELINA INVERSIONES S.A.,19900.0,VENTAS,,False
2026-10-01 00:24:20,2026-09-30,4,SCZ,Santa Cruz,Diesel,DIESEL OIL IMPORTADO CF,Diesel Oil Importado,DIESEL_IMPORTADO,CARLOS MIGUEL CONTRERAS MARAÑON,19900.0,VENTAS,,False
2026-10-01 00:24:20,2026-09-30,4,SCZ,Santa Cruz,Diesel,DIESEL OIL IMPORTADO CF,Diesel Oil Importado,DIESEL_IMPORTADO,HANA WIEBE GIESBRECHT,19900.0,VENTAS,,False
2026-10-01 00:24:20,2026-09-30,4,SCZ,Santa Cruz,Diesel,DIESEL OIL IMPORTADO CF,Diesel Oil Importado,DIESEL_IMPORTADO,YPFB CHACO S.A.,19900.0,VENTAS,,False
2026-10-01 00:24:20,2026-09-30,4,SCZ,Santa Cruz,Diesel,DIESEL OIL IMPORTADO CF,Diesel Oil Importado,DIESEL_IMPORTADO,YOZIL ADALID LOPEZ CARRILLO,19900.0,VENTAS,,False
2026-10-01 00:24:20,2026-09-30,4,SCZ,Santa Cruz,Diesel,DIESEL OIL IMPORTADO CF,Diesel Oil Importado,DIESEL_IMPORTADO,WELLDONE MINERALS S.R.L.,19900.0,VENTAS,,False
2026-10-01 00:24:20,2026-09-30,4,SCZ,Santa Cruz,Diesel,DIESEL OIL IMPORTADO CF,Diesel Oil Importado,DIESEL_IMPORTADO,SERGIO LUIS LEATTI,19900.0,VENTAS,,False
2026-10-01 00:24:20,2026-09-30,4,SCZ,Santa Cruz,Diesel,DIESEL OIL IMPORTADO CF,Diesel Oil Importado,DIESEL_IMPORTADO,RUBEN DARIO VARGAS JULIO,19900.0,VENTAS,,False
2026-10-01 00:24:20,2026-09-30,4,SCZ,Santa Cruz,Diesel,DIESEL OIL IMPORTADO CF,Diesel Oil Importado,DIESEL_IMPORTADO,PEDRO LOPEZ HUAYLLA,20000.0,VENTAS,,False
2026-10-01 00:24:20,2026-09-30,4,SCZ,Santa Cruz,Diesel,DIESEL OIL IMPORTADO CF,Diesel Oil Importado,DIESEL_IMPORTADO,MIANSER S.R.L.,19900.0,VENTAS,,False
2026-10-01 00:24:20,2026-09-30,4,SCZ,Santa Cruz,Diesel,DIESEL OIL IMPORTADO CF,Diesel Oil Importado,DIESEL_IMPORTADO,JOSE PARADA VILLAVICENCIO,19900.0,VENTAS,,False
2026-10-01 00:24:20,2026-09-30,4,SCZ,Santa Cruz,Diesel,DIESEL OIL IMPORTADO CF,Diesel Oil Importado,DIESEL_IMPORTADO,ENZO CAMBRUZZI SPITZ,19900.0,VENTAS,,True
2026-10-01 00:24:20,2026-09-30,4,SCZ,Santa Cruz,Diesel,DIESEL OIL IMPORTADO CF,Diesel Oil Importado,DIESEL_IMPORTADO,CIRO MISERENDINO JORDAN,20000.0,VENTAS,,False
2026-10-01 00:24:20,2026-09-30,4,SCZ,Santa Cruz,Diesel,DIESEL OIL IMPORTADO CF,Diesel Oil Importado,DIESEL_IMPORTADO,AGROPECUARIA LA ORACION S.A.,19900.0,VENTAS,,False
2026-10-01 00:24:20,2026-09-30,4,SCZ,Santa Cruz,Diesel,DIESEL OIL IMPORTADO CF,Diesel Oil Importado,DIESEL_IMPORTADO,AGROPECUARIA LA MADRUGADA S.A,19900.0,VENTAS,,False
2026-10-01 00:24:20,2026-09-30,4,SCZ,Santa Cruz,Diesel,DIESEL OIL IMPORTADO CF,Diesel Oil Importado,DIESEL_IMPORTADO,AGROPECUARIA EL REFUGIO S.A.,15000.0,VENTAS,,False
2026-10-01 00:24:20,2026-09-30,4,SCZ,Santa Cruz,Diesel,DIESEL OIL NACIONAL EESS,Diesel Oil Nacional,DIESEL_NACIONAL,SURTIDOR SANTIAGUITO - E. FABIOLA TORRICO C.,35000.0,VENTAS,COMARAPA,False
2026-10-01 00:24:20,2026-09-30,4,SCZ,Santa Cruz,Diesel,DIESEL OIL NACIONAL EESS,Diesel Oil Nacional,DIESEL_NACIONAL,SURTIDOR EL PATUJU - ROGELIO LA FUENTE OLIVERA,25000.0,VENTAS,SANTA ROSA DEL SARA,False
2026-10-01 00:24:20,2026-09-30,4,SCZ,Santa Cruz,Diesel,DIESEL OIL NACIONAL EESS,Diesel Oil Nacional,DIESEL_NACIONAL,SURTIDOR CHARAGUA,30000.0,VENTAS,CHARAGUA,False
2026-10-01 00:24:20,2026-09-30,4,SCZ,Santa Cruz,Diesel,DIESEL OIL NACIONAL EESS,Diesel Oil Nacional,DIESEL_NACIONAL,SURTIDOR ACIPA - SJ S.R.L.,30000.0,VENTAS,SAN JULIAN,False
2026-10-01 00:24:20,2026-09-30,4,SCZ,Santa Cruz,Diesel,DIESEL OIL NACIONAL EESS,Diesel Oil Nacional,DIESEL_NACIONAL,GOTEON S.R.L.,30000.0,VENTAS,PAILON,False
2026-10-01 00:24:20,2026-09-30,4,SCZ,Santa Cruz,Diesel,DIESEL OIL NACIONAL EESS,Diesel Oil Nacional,DIESEL_NACIONAL,ESTACION DE SERVICIO VELEZ-HEBERTH VELEZ CORTEZ,30000.0,VENTAS,MAIRANA,False
2026-10-01 00:24:20,2026-09-30,4,SCZ,Santa Cruz,Diesel,DIESEL OIL NACIONAL EESS,Diesel Oil Nacional,DIESEL_NACIONAL,ESTACION DE SERVICIO VALLES CRUCEÑOS,30000.0,VENTAS,MAIRANA,False
2026-10-01 00:24:20,2026-09-30,4,SCZ,Santa Cruz,Diesel,DIESEL OIL NACIONAL EESS,Diesel Oil Nacional,DIESEL_NACIONAL,ESTACION DE SERVICIO TORRIAYALA S.R.L.,20000.0,VENTAS,MONTERO,False
2026-10-01 00:24:20,2026-09-30,4,SCZ,Santa Cruz,Diesel,DIESEL OIL NACIONAL EESS,Diesel Oil Nacional,DIESEL_NACIONAL,ESTACION DE SERVICIO TIERRAS BAJAS SRL.,20000.0,VENTAS,4 CAÑADAS,False
2026-10-01 00:24:20,2026-09-30,4,SCZ,Santa Cruz,Diesel,DIESEL OIL NACIONAL EESS,Diesel Oil Nacional,DIESEL_NACIONAL,ESTACION DE SERVICIO SUR S.R.L. SUCURSAL MONTE VERDE,20000.0,VENTAS,MONTERO,True
2026-10-01 00:24:20,2026-09-30,4,SCZ,Santa Cruz,Diesel,DIESEL OIL NACIONAL EESS,Diesel Oil Nacional,DIESEL_NACIONAL,ESTACION DE SERVICIO SAN JOSE DE YAPACANI S.R.L.,30000.0,VENTAS,YAPACANI,False
2026-10-01 00:24:20,2026-09-30,4,SCZ,Santa Cruz,Diesel,DIESEL OIL NACIONAL EESS,Diesel Oil Nacional,DIESEL_NACIONAL,ESTACION DE SERVICIO SAN JAVIER-MARISOL NEGRETE AGUIRRE,30000.0,VENTAS,SAN JAVIER,False
2026-10-01 00:24:20,2026-09-30,4,SCZ,Santa Cruz,Diesel,DIESEL OIL NACIONAL EESS,Diesel Oil Nacional,DIESEL_NACIONAL,ESTACION DE SERVICIO RUTA NORTE S.R.L.,30000.0,VENTAS,WARNES,False
2026-10-01 00:24:20,2026-09-30,4,SCZ,Santa Cruz,Diesel,DIESEL OIL NACIONAL EESS,Diesel Oil Nacional,DIESEL_NACIONAL,ESTACION DE SERVICIO PIRAI S.R.L. SUCURSAL 1,25000.0,VENTAS,CABEZAS,False
2026-10-01 00:24:20,2026-09-30,4,SCZ,Santa Cruz,Diesel,DIESEL OIL NACIONAL EESS,Diesel Oil Nacional,DIESEL_NACIONAL,ESTACION DE SERVICIO PAULINA S.R.L.,15000.0,VENTAS,SAN RAMON,False
2026-10-01 00:24:20,2026-09-30,4,SCZ,Santa Cruz,Diesel,DIESEL OIL NACIONAL EESS,Diesel Oil Nacional,DIESEL_NACIONAL,ESTACION DE SERVICIO ORTIZ S.R.L.,30000.0,VENTAS,WARNES,False
2026-10-01 00:24:20,2026-09-30,4,SCZ,Santa Cruz,Diesel,DIESEL OIL NACIONAL EESS,Diesel Oil Nacional,DIESEL_NACIONAL,ESTACION DE SERVICIO MONTERO - MARIA DEL ROSARIO COLQUE QUIROZ,30000.0,VENTAS,MONTERO,True
2026-10-01 00:24:20,2026-09-30,4,SCZ,Santa Cruz,Diesel,DIESEL OIL NACIONAL EESS,Diesel Oil Nacional,DIESEL_NACIONAL,ESTACION DE SERVICIO MINERO-JHONNY QUINTEROS VASQUEZ,30000.0,VENTAS,MINERO,True
2026-10-01 00:24:20,2026-09-30,4,SCZ,Santa Cruz,Diesel,DIESEL OIL NACIONAL EESS,Diesel Oil Nacional,DIESEL_NACIONAL,ESTACION DE SERVICIO LA GUARDIA,35000.0,VENTAS,LA GUARDIA,False
2026-10-01 00:24:20,2026-09-30,4,SCZ,Santa Cruz,Diesel,DIESEL OIL NACIONAL EESS,Diesel Oil Nacional,DIESEL_NACIONAL,ESTACION DE SERVICIO FLORES-SIMONA FLORES FLORES,30000.0,VENTAS,SAN JULIAN,False
2026-10-01 00:24:20,2026-09-30,4,SCZ,Santa Cruz,Diesel,DIESEL OIL NACIONAL EESS,Diesel Oil Nacional,DIESEL_NACIONAL,ESTACION DE SERVICIO EL TINTO S.R.L.,30000.0,VENTAS,TRES CRUCES,True
2026-10-01 00:24:20,2026-09-30,4,SCZ,Santa Cruz,Diesel,DIESEL OIL NACIONAL EESS,Diesel Oil Nacional,DIESEL_NACIONAL,ESTACION DE SERVICIO EL MIRADOR - SONIA SORUCO ROCA,35000.0,VENTAS,GUARAYOS,True
2026-10-01 00:24:20,2026-09-30,4,SCZ,Santa Cruz,Diesel,DIESEL OIL NACIONAL EESS,Diesel Oil Nacional,DIESEL_NACIONAL,ESTACION DE SERVICIO EL JUNTE-ALEJANDRA MARIEL BALCAZAR PAZ,35000.0,VENTAS,SAN PABLO,True
2026-10-01 00:24:20,2026-09-30,4,SCZ,Santa Cruz,Diesel,DIESEL OIL NACIONAL EESS,Diesel Oil Nacional,DIESEL_NACIONAL,ESTACION DE SERVICIO EL JUNTE II-ALEJANDRA MARIEL BALCAZAR PAZ,30000.0,VENTAS,GUARAYOS,False
2026-10-01 00:24:20,2026-09-30,4,SCZ,Santa Cruz,Diesel,DIESEL OIL NACIONAL EESS,Diesel Oil Nacional,DIESEL_NACIONAL,ESTACION DE SERVICIO EL AGRICULTOR-CLAUDINA PILLCO LOZA,30000.0,VENTAS,MINERO,False
2026-10-01 00:24:20,2026-09-30,4,SCZ,Santa Cruz,Diesel,DIESEL OIL NACIONAL EESS,Diesel Oil Nacional,DIESEL_NACIONAL,ESTACION DE SERVICIO DURAZNERO-DANA FLORES DAVALOS,30000.0,VENTAS,TRES CRUCES,True
2026-10-01 00:24:20,2026-09-30,4,SCZ,Santa Cruz,Diesel,DIESEL OIL NACIONAL EESS,Diesel Oil Nacional,DIESEL_NACIONAL,ESTACION DE SERVICIO CONCEPCION SRL,35000.0,VENTAS,CONCEPCIÓN,True
2026-10-01 00:24:20,2026-09-30,4,SCZ,Santa Cruz,Diesel,DIESEL OIL NACIONAL EESS,Diesel Oil Nacional,DIESEL_NACIONAL,ESTACION DE SERVICIO COLINDRES-CARMEN MARY IRIARTE BARBA,35000.0,VENTAS,CHARAGUA,False
2026-10-01 00:24:20,2026-09-30,4,SCZ,Santa Cruz,Diesel,DIESEL OIL NACIONAL EESS,Diesel Oil Nacional,DIESEL_NACIONAL,ESTACION DE SERVICIO COCA-ENRRIQUE COCA LOPEZ,35000.0,VENTAS,YAPACANI,True
2026-10-01 00:24:20,2026-09-30,4,SCZ,Santa Cruz,Diesel,DIESEL OIL NACIONAL EESS,Diesel Oil Nacional,DIESEL_NACIONAL,ESTACION DE SERVICIO CHANE,35000.0,VENTAS,FERNANDEZ ALONSO,False
2026-10-01 00:24:20,2026-09-30,4,SCZ,Santa Cruz,Diesel,DIESEL OIL NACIONAL EESS,Diesel Oil Nacional,DIESEL_NACIONAL,ESTACION DE SERVICIO CASCABEL SUC. CUATRO CAÑADAS-YOHANA PAOLA VACA GUZMAN,35000.0,VENTAS,4 CAÑADAS,False
2026-10-01 00:24:20,2026-09-30,4,SCZ,Santa Cruz,Diesel,DIESEL OIL NACIONAL EESS,Diesel Oil Nacional,DIESEL_NACIONAL,ESTACION DE SERVICIO ARNEZ - LUIS ARNEZ ONOFRE,25000.0,VENTAS,SAN JULIAN,False
2026-10-01 00:24:20,2026-09-30,4,SCZ,Santa Cruz,Diesel,DIESEL OIL NACIONAL EESS,Diesel Oil Nacional,DIESEL_NACIONAL,ESTACION DE SERVICIO ANTO - ANTONIO CARLOS LORGIO JUSTINIANO SANTOS,35000.0,VENTAS,CERRO GRANDE,False
2026-10-01 00:24:20,2026-09-30,4,SCZ,Santa Cruz,Diesel,DIESEL OIL NACIONAL EESS,Diesel Oil Nacional,DIESEL_NACIONAL,ESTACION DE SERVICIO AGUAI S.R.L.,35000.0,VENTAS,FERNANDEZ ALONSO,False
2026-10-01 00:24:20,2026-09-30,4,SCZ,Santa Cruz,Diesel,DIESEL OIL NACIONAL EESS,Diesel Oil Nacional,DIESEL_NACIONAL,"ESTACION DE SERVICIO ""S.J"" S.R.L.",30000.0,VENTAS,MONTERO,False
2026-10-01 00:24:20,2026-09-30,4,SCZ,Santa Cruz,Diesel,DIESEL OIL NACIONAL EESS,Diesel Oil Nacional,DIESEL_NACIONAL,COMERCIALIZADORA DE HIDROCARBUROS ABJ S.R.L,30000.0,VENTAS,YAPACANI,False
2026-10-01 00:24:20,2026-09-30,4,SCZ,Santa Cruz,Diesel,DIESEL OIL NACIONAL EESS,Diesel Oil Nacional,DIESEL_NACIONAL,CENTRO DE COMERCIO SANTA RITAKM32 S.R.L.,35000.0,VENTAS,EL TORNO,False
2026-10-01 00:24:20,2026-09-30,4,SCZ,Santa Cruz,Diesel,DIESEL OIL IMPORTADO EESS,Diesel Oil Importado,DIESEL_IMPORTADO,YVU CENTRO DE SERVICIOS Y COMERCIO S.R.L.,20000.0,VENTAS,NORTE,True
2026-10-01 00:24:20,2026-09-30,4,SCZ,Santa Cruz,Diesel,DIESEL OIL IMPORTADO EESS,Diesel Oil Importado,DIESEL_IMPORTADO,VANGAS S.A,20000.0,VENTAS,OESTE,False
2026-10-01 00:24:20,2026-09-30,4,SCZ,Santa Cruz,Diesel,DIESEL OIL IMPORTADO EESS,Diesel Oil Importado,DIESEL_IMPORTADO,SURTIDOR VARDONA - SUSANA POEHLMANN GARCIA,35000.0,VENTAS,CENTRO,False
2026-10-01 00:24:20,2026-09-30,4,SCZ,Santa Cruz,Diesel,DIESEL OIL IMPORTADO EESS,Diesel Oil Importado,DIESEL_IMPORTADO,SURTIDOR EL PALMAR - DIONICIO CONDORI RODRIGUEZ,20000.0,VENTAS,SUR,False
2026-10-01 00:24:20,2026-09-30,4,SCZ,Santa Cruz,Diesel,DIESEL OIL IMPORTADO EESS,Diesel Oil Importado,DIESEL_IMPORTADO,SURTIDOR COTOCA - JOSE RAMIRO AYALA FLORES,20000.0,VENTAS,ESTE,True
2026-10-01 00:24:20,2026-09-30,4,SCZ,Santa Cruz,Diesel,DIESEL OIL IMPORTADO EESS,Diesel Oil Importado,DIESEL_IMPORTADO,SURTIDOR CLUBOL - RUTH JIMENEZ DE MONROY,10000.0,VENTAS,CENTRO,False
2026-10-01 00:24:20,2026-09-30,4,SCZ,Santa Cruz,Diesel,DIESEL OIL IMPORTADO EESS,Diesel Oil Importado,DIESEL_IMPORTADO,SERVICIOS GENERALES LA CAÑADA S.R.L.,20000.0,VENTAS,SUR,False
2026-10-01 00:24:20,2026-09-30,4,SCZ,Santa Cruz,Diesel,DIESEL OIL IMPORTADO EESS,Diesel Oil Importado,DIESEL_IMPORTADO,REFINERIA ORIENTAL S.A.-SUC. BARRIO LAZARETO,5000.0,VENTAS,CENTRO,False
2026-10-01 00:24:20,2026-09-30,4,SCZ,Santa Cruz,Diesel,DIESEL OIL IMPORTADO EESS,Diesel Oil Importado,DIESEL_IMPORTADO,REFINERIA ORIENTAL S.A. SUCURSAL MONTECRISTO,20000.0,VENTAS,ESTE,True
2026-10-01 00:24:20,2026-09-30,4,SCZ,Santa Cruz,Diesel,DIESEL OIL IMPORTADO EESS,Diesel Oil Importado,DIESEL_IMPORTADO,REFINERIA ORIENTAL S.A. SUC. NOR ESTE,10000.0,VENTAS,CENTRO,False
2026-10-01 00:24:20,2026-09-30,4,SCZ,Santa Cruz,Diesel,DIESEL OIL IMPORTADO EESS,Diesel Oil Importado,DIESEL_IMPORTADO,R&E 3000 S.R.L.,20000.0,VENTAS,SUR,True
2026-10-01 00:24:20,2026-09-30,4,SCZ,Santa Cruz,Diesel,DIESEL OIL IMPORTADO EESS,Diesel Oil Importado,DIESEL_IMPORTADO,LAS PALMAS S.R.L.,10000.0,VENTAS,CENTRO,False
2026-10-01 00:24:20,2026-09-30,4,SCZ,Santa Cruz,Diesel,DIESEL OIL IMPORTADO EESS,Diesel Oil Importado,DIESEL_IMPORTADO,GENEX S.A-SUCURSAL S.C ZONA GUARACACHI,15000.0,VENTAS,ESTE,False
2026-10-01 00:24:20,2026-09-30,4,SCZ,Santa Cruz,Diesel,DIESEL OIL IMPORTADO EESS,Diesel Oil Importado,DIESEL_IMPORTADO,GAS DEL ESTE S.R.L.,10000.0,VENTAS,CENTRO,False
2026-10-01 00:24:20,2026-09-30,4,SCZ,Santa Cruz,Diesel,DIESEL OIL IMPORTADO EESS,Diesel Oil Importado,DIESEL_IMPORTADO,ESTACION DE SERVICIOS VIRGEN DE COTOCA S.R.L.,25000.0,VENTAS,ESTE,True
2026-10-01 00:24:20,2026-09-30,4,SCZ,Santa Cruz,Diesel,DIESEL OIL IMPORTADO EESS,Diesel Oil Importado,DIESEL_IMPORTADO,ESTACION DE SERVICIO YOTAU S.R.L.,35000.0,VENTAS,SUR,True
2026-10-01 00:24:20,2026-09-30,4,SCZ,Santa Cruz,Diesel,DIESEL OIL IMPORTADO EESS,Diesel Oil Importado,DIESEL_IMPORTADO,ESTACION DE SERVICIO VERGARA - FABIOLA NOEMI ZORRILLO VERGARA,20000.0,VENTAS,ESTE,True
2026-10-01 00:24:20,2026-09-30,4,SCZ,Santa Cruz,Diesel,DIESEL OIL IMPORTADO EESS,Diesel Oil Importado,DIESEL_IMPORTADO,ESTACION DE SERVICIO URBARI SRL,10000.0,VENTAS,CENTRO,False
2026-10-01 00:24:20,2026-09-30,4,SCZ,Santa Cruz,Diesel,DIESEL OIL IMPORTADO EESS,Diesel Oil Importado,DIESEL_IMPORTADO,ESTACION DE SERVICIO TRES PASOS AL FRENTE - VITALIANO ROJAS OLIVERA,25000.0,VENTAS,ESTE,True
2026-10-01 00:24:20,2026-09-30,4,SCZ,Santa Cruz,Diesel,DIESEL OIL IMPORTADO EESS,Diesel Oil Importado,DIESEL_IMPORTADO,ESTACION DE SERVICIO TOTAITU N&T S.R.L.,35000.0,VENTAS,NORTE,True
2026-10-01 00:24:20,2026-09-30,4,SCZ,Santa Cruz,Diesel,DIESEL OIL IMPORTADO EESS,Diesel Oil Importado,DIESEL_IMPORTADO,ESTACION DE SERVICIO SUR S.R.L.-SUCURSAL ESTACION DE SERVICIO LA TECA,25000.0,VENTAS,ESTE,False
2026-10-01 00:24:20,2026-09-30,4,SCZ,Santa Cruz,Diesel,DIESEL OIL IMPORTADO EESS,Diesel Oil Importado,DIESEL_IMPORTADO,ESTACION DE SERVICIO SUR S.R.L. SUCURSAL 2,30000.0,VENTAS,NORTE,False
2026-10-01 00:24:20,2026-09-30,4,SCZ,Santa Cruz,Diesel,DIESEL OIL IMPORTADO EESS,Diesel Oil Importado,DIESEL_IMPORTADO,ESTACION DE SERVICIO SUR SRL SUCURSAL 3,30000.0,VENTAS,NORTE,False
2026-10-01 00:24:20,2026-09-30,4,SCZ,Santa Cruz,Diesel,DIESEL OIL IMPORTADO EESS,Diesel Oil Importado,DIESEL_IMPORTADO,ESTACION DE SERVICIO SANTOS DUMONT NOGALES,10000.0,VENTAS,CENTRO,False
2026-10-01 00:24:20,2026-09-30,4,SCZ,Santa Cruz,Diesel,DIESEL OIL IMPORTADO EESS,Diesel Oil Importado,DIESEL_IMPORTADO,ESTACION DE SERVICIO SANTA MARIA,10000.0,VENTAS,CENTRO,False
2026-10-01 00:24:20,2026-09-30,4,SCZ,Santa Cruz,Diesel,DIESEL OIL IMPORTADO EESS,Diesel Oil Importado,DIESEL_IMPORTADO,ESTACION DE SERVICIO SAN LUIS I,30000.0,VENTAS,SUR,False
2026-10-01 00:24:20,2026-09-30,4,SCZ,Santa Cruz,Diesel,DIESEL OIL IMPORTADO EESS,Diesel Oil Importado,DIESEL_IMPORTADO,ESTACION DE SERVICIO SAN LUIS,20000.0,VENTAS,SUR,False
2026-10-01 00:24:20,2026-09-30,4,SCZ,Santa Cruz,Diesel,DIESEL OIL IMPORTADO EESS,Diesel Oil Importado,DIESEL_IMPORTADO,ESTACION DE SERVICIO RIVERO - LUIS ANTONIO RIVERO AÑEZ,10000.0,VENTAS,CENTRO,False
2026-10-01 00:24:20,2026-09-30,4,SCZ,Santa Cruz,Diesel,DIESEL OIL IMPORTADO EESS,Diesel Oil Importado,DIESEL_IMPORTADO,ESTACION DE SERVICIO REYNALDO CORTEZ QUISPE,25000.0,VENTAS,SUR,False
2026-10-01 00:24:20,2026-09-30,4,SCZ,Santa Cruz,Diesel,DIESEL OIL IMPORTADO EESS,Diesel Oil Importado,DIESEL_IMPORTADO,ESTACION DE SERVICIO REFINERIA ORIENTAL S.A. - SUC. ZONA 4° ANILLO FRENTE A BUFALO PARK - SC,10000.0,VENTAS,CENTRO,False
2026-10-01 00:24:20,2026-09-30,4,SCZ,Santa Cruz,Diesel,DIESEL OIL IMPORTADO EESS,Diesel Oil Importado,DIESEL_IMPORTADO,ESTACION DE SERVICIO RADIAL 10 - HUGO FLORERO ORELLANA,20000.0,VENTAS,ESTE,False
2026-10-01 00:24:20,2026-09-30,4,SCZ,Santa Cruz,Diesel,DIESEL OIL IMPORTADO EESS,Diesel Oil Importado,DIESEL_IMPORTADO,ESTACION DE SERVICIO PIRAI S.R.L. SUC. DOBLE VIA LA GUARDIA ESQ. OCTAVO ANILLO,25000.0,VENTAS,SUR,False
2026-10-01 00:24:20,2026-09-30,4,SCZ,Santa Cruz,Diesel,DIESEL OIL IMPORTADO EESS,Diesel Oil Importado,DIESEL_IMPORTADO,ESTACION DE SERVICIO PANTANAL DEL ORIENTE-ALVARO LUIS AGUILAR ADRIAZOLA,30000.0,VENTAS,ESTE,False
2026-10-01 00:24:20,2026-09-30,4,SCZ,Santa Cruz,Diesel,DIESEL OIL IMPORTADO EESS,Diesel Oil Importado,DIESEL_IMPORTADO,ESTACION DE SERVICIO PALMASOLA,20000.0,VENTAS,SUR,False
2026-10-01 00:24:20,2026-09-30,4,SCZ,Santa Cruz,Diesel,DIESEL OIL IMPORTADO EESS,Diesel Oil Importado,DIESEL_IMPORTADO,ESTACION DE SERVICIO MORAGRANDE S.R.L. (SUC 1),20000.0,VENTAS,SUR,True
2026-10-01 00:24:20,2026-09-30,4,SCZ,Santa Cruz,Diesel,DIESEL OIL IMPORTADO EESS,Diesel Oil Importado,DIESEL_IMPORTADO,ESTACION DE SERVICIO MORAGRANDE S.R.L.,25000.0,VENTAS,SUR,False
2026-10-01 00:24:20,2026-09-30,4,SCZ,Santa Cruz,Diesel,DIESEL OIL IMPORTADO EESS,Diesel Oil Importado,DIESEL_IMPORTADO,ESTACION DE SERVICIO MONTAÑO S.R.L.,30000.0,VENTAS,SUR,False
2026-10-01 00:24:20,2026-09-30,4,SCZ,Santa Cruz,Diesel,DIESEL OIL IMPORTADO EESS,Diesel Oil Importado,DIESEL_IMPORTADO,ESTACION DE SERVICIO LOS MANGALES S.R.L.,20000.0,VENTAS,OESTE,True
2026-10-01 00:24:20,2026-09-30,4,SCZ,Santa Cruz,Diesel,DIESEL OIL IMPORTADO EESS,Diesel Oil Importado,DIESEL_IMPORTADO,ESTACION DE SERVICIO LOS COYUYOS-JULIA GONZALES,20000.0,VENTAS,NORTE,False
2026-10-01 00:24:20,2026-09-30,4,SCZ,Santa Cruz,Diesel,DIESEL OIL IMPORTADO EESS,Diesel Oil Importado,DIESEL_IMPORTADO,ESTACION DE SERVICIO LAS ORQUIDEAS S.R.L.,25000.0,VENTAS,SUR,False
2026-10-01 00:24:20,2026-09-30,4,SCZ,Santa Cruz,Diesel,DIESEL OIL IMPORTADO EESS,Diesel Oil Importado,DIESEL_IMPORTADO,ESTACION DE SERVICIO LAS CONCHAS S.R.L.-SUCURSAL LA ENCONADA,30000.0,VENTAS,PAILON,False
2026-10-01 00:24:20,2026-09-30,4,SCZ,Santa Cruz,Diesel,DIESEL OIL IMPORTADO EESS,Diesel Oil Importado,DIESEL_IMPORTADO,ESTACION DE SERVICIO LA COLORADA,25000.0,VENTAS,SUR,True
2026-10-01 00:24:20,2026-09-30,4,SCZ,Santa Cruz,Diesel,DIESEL OIL IMPORTADO EESS,Diesel Oil Importado,DIESEL_IMPORTADO,ESTACION DE SERVICIO LA CIMA,10000.0,VENTAS,CENTRO,False
2026-10-01 00:24:20,2026-09-30,4,SCZ,Santa Cruz,Diesel,DIESEL OIL IMPORTADO EESS,Diesel Oil Importado,DIESEL_IMPORTADO,ESTACION DE SERVICIO LA CHORRERA SRL,35000.0,VENTAS,SUR,True
2026-10-01 00:24:20,2026-09-30,4,SCZ,Santa Cruz,Diesel,DIESEL OIL IMPORTADO EESS,Diesel Oil Importado,DIESEL_IMPORTADO,ESTACION DE SERVICIO JOSE JALDIN S.R.L,20000.0,VENTAS,SUR,False
2026-10-01 00:24:20,2026-09-30,4,SCZ,Santa Cruz,Diesel,DIESEL OIL IMPORTADO EESS,Diesel Oil Importado,DIESEL_IMPORTADO,ESTACION DE SERVICIO GUAYACAN S.R.L.,20000.0,VENTAS,ESTE,True
2026-10-01 00:24:20,2026-09-30,4,SCZ,Santa Cruz,Diesel,DIESEL OIL IMPORTADO EESS,Diesel Oil Importado,DIESEL_IMPORTADO,ESTACION DE SERVICIO EMANUEL S.R.L.,35000.0,VENTAS,SUR,False
2026-10-01 00:24:20,2026-09-30,4,SCZ,Santa Cruz,Diesel,DIESEL OIL IMPORTADO EESS,Diesel Oil Importado,DIESEL_IMPORTADO,ESTACION DE SERVICIO ELISA S.R.L.,30000.0,VENTAS,SUR,True
2026-10-01 00:24:20,2026-09-30,4,SCZ,Santa Cruz,Diesel,DIESEL OIL IMPORTADO EESS,Diesel Oil Importado,DIESEL_IMPORTADO,ESTACION DE SERVICIO EL TROMPILLO,20000.0,VENTAS,SUR,False
2026-10-01 00:24:20,2026-09-30,4,SCZ,Santa Cruz,Diesel,DIESEL OIL IMPORTADO EESS,Diesel Oil Importado,DIESEL_IMPORTADO,ESTACION DE SERVICIO EL TERO TERO DE CHICHITA - RODRIGO REMY AQUINO ALVARADO,10000.0,VENTAS,CENTRO,False
2026-10-01 00:24:20,2026-09-30,4,SCZ,Santa Cruz,Diesel,DIESEL OIL IMPORTADO EESS,Diesel Oil Importado,DIESEL_IMPORTADO,ESTACION DE SERVICIO EL TAROPE - JHONNY AGUILAR ADRIAZOLA,20000.0,VENTAS,ESTE,False
2026-10-01 00:24:20,2026-09-30,4,SCZ,Santa Cruz,Diesel,DIESEL OIL IMPORTADO EESS,Diesel Oil Importado,DIESEL_IMPORTADO,ESTACION DE SERVICIO EL ARROYO S.R.L.,10000.0,VENTAS,CENTRO,False
2026-10-01 00:24:20,2026-09-30,4,SCZ,Santa Cruz,Diesel,DIESEL OIL IMPORTADO EESS,Diesel Oil Importado,DIESEL_IMPORTADO,ESTACION DE SERVICIO DICOR S.R.L.,20000.0,VENTAS,ESTE,False
2026-10-01 00:24:20,2026-09-30,4,SCZ,Santa Cruz,Diesel,DIESEL OIL IMPORTADO EESS,Diesel Oil Importado,DIESEL_IMPORTADO,ESTACION DE SERVICIO DAVILA S.R.L.,25000.0,VENTAS,SUR,False
2026-10-01 00:24:20,2026-09-30,4,SCZ,Santa Cruz,Diesel,DIESEL OIL IMPORTADO EESS,Diesel Oil Importado,DIESEL_IMPORTADO,ESTACION DE SERVICIO CLUB GAZEL S.R.L.,20000.0,VENTAS,SUR,True
2026-10-01 00:24:20,2026-09-30,4,SCZ,Santa Cruz,Diesel,DIESEL OIL IMPORTADO EESS,Diesel Oil Importado,DIESEL_IMPORTADO,ESTACION DE SERVICIO BI-OCEANICA S.R.L.,30000.0,VENTAS,NORTE,True
2026-10-01 00:24:20,2026-09-30,4,SCZ,Santa Cruz,Diesel,DIESEL OIL IMPORTADO EESS,Diesel Oil Importado,DIESEL_IMPORTADO,ESTACION DE SERVICIO APAZA-PATRICIA JORGE DE APAZA,20000.0,VENTAS,ESTE,False
2026-10-01 00:24:20,2026-09-30,4,SCZ,Santa Cruz,Diesel,DIESEL OIL IMPORTADO EESS,Diesel Oil Importado,DIESEL_IMPORTADO,ESTACION DE SERVICIO 3F OIL S.R.L.,30000.0,VENTAS,OESTE,False
2026-10-01 00:24:20,2026-09-30,4,SCZ,Santa Cruz,Diesel,DIESEL OIL IMPORTADO EESS,Diesel Oil Importado,DIESEL_IMPORTADO,"ESTACION DE SERVICIO ""GUAPAY"" S.R.L.",10000.0,VENTAS,CENTRO,False
2026-10-01 00:24:20,2026-09-30,4,SCZ,Santa Cruz,Diesel,DIESEL OIL IMPORTADO EESS,Diesel Oil Importado,DIESEL_IMPORTADO,EMPRESA DE SERVICIOS 8 DE NOVIEMBRE LTDA.,25000.0,VENTAS,SUR,False
2026-10-01 00:24:20,2026-09-30,4,SCZ,Santa Cruz,Diesel,DIESEL OIL IMPORTADO EESS,Diesel Oil Importado,DIESEL_IMPORTADO,"EMPRESA DAVILA IMPORTADORA-EXPORTADORA S.R.L. ""DAIMPORT - EXPORT LTDA""",30000.0,VENTAS,OESTE,False
2026-10-01 00:24:20,2026-09-30,4,SCZ,Santa Cruz,Diesel,DIESEL OIL IMPORTADO EESS,Diesel Oil Importado,DIESEL_IMPORTADO,COMPLEJO AUTOMOTRIZ VIRGEN DE URKUPIÑA S.R.L.,25000.0,VENTAS,ESTE,False
2026-10-01 00:24:20,2026-09-30,4,SCZ,Santa Cruz,Diesel,DIESEL OIL IMPORTADO EESS,Diesel Oil Importado,DIESEL_IMPORTADO,COMPAÑIA COMERCIAL DE GAS COMPRIMIDO C.G.C. S.R.L.,20000.0,VENTAS,SUR,False
2026-10-01 00:24:20,2026-09-30,4,SCZ,Santa Cruz,Diesel,DIESEL OIL IMPORTADO EESS,Diesel Oil Importado,DIESEL_IMPORTADO,CIA BOLIVIANA DE GAS NATURAL COMPRIMIDO GENEX SA,10000.0,VENTAS,CENTRO,False
2026-10-01 00:24:20,2026-09-30,4,SCZ,Santa Cruz,Diesel,DIESEL OIL IMPORTADO EESS,Diesel Oil Importado,DIESEL_IMPORTADO,CENTRO DE COMERCIO Y SERVICIOS VALDIVIA FERRUFINO S.R.L.,35000.0,VENTAS,SUR,False
2026-10-01 00:24:20,2026-09-30,4,SCZ,Santa Cruz,Diesel,DIESEL OIL IMPORTADO EESS,Diesel Oil Importado,DIESEL_IMPORTADO,BICENTENARIO SRL,35000.0,VENTAS,,True
2026-10-01 00:24:20,2026-09-30,4,SCZ,Santa Cruz,Diesel,DIESEL OIL IMPORTADO CF,Diesel Oil Importado,DIESEL_IMPORTADO,MARIA ANGELA MAGALHAES FORATTINI,19900.0,VENTAS,,True
2026-10-01 00:24:20,2026-09-30,4,SCZ,Santa Cruz,Diesel,DIESEL OIL IMPORTADO CF,Diesel Oil Importado,DIESEL_IMPORTADO,LUCIO PEREZ ROMERO,19900.0,VENTAS,,False
2026-10-01 00:24:20,2026-09-30,4,SCZ,Santa Cruz,Diesel,DIESEL OIL IMPORTADO CF,Diesel Oil Importado,DIESEL_IMPORTADO,KERIGMA INVERSIONES S.A.,19900.0,VENTAS,,False
2026-10-01 00:24:20,2026-09-30,4,SCZ,Santa Cruz,Diesel,DIESEL OIL IMPORTADO CF,Diesel Oil Importado,DIESEL_IMPORTADO,JOSE EDUARDO ROCHA CABRAL,19900.0,VENTAS,,True
2026-10-01 00:24:20,2026-09-30,4,SCZ,Santa Cruz,Diesel,DIESEL OIL IMPORTADO CF,Diesel Oil Importado,DIESEL_IMPORTADO,EMPRESA AGRICOLA Y GANADERA GUAPURUVU SRL,19900.0,VENTAS,,False
2026-10-01 00:24:20,2026-09-30,4,SCZ,Santa Cruz,Diesel,DIESEL OIL IMPORTADO CF,Diesel Oil Importado,DIESEL_IMPORTADO,COOPERATIVA MINERA AURIFERA NUEVA ESPERANZA DE SAN SIMON R.L.,19000.0,VENTAS,,False
2026-10-01 00:24:20,2026-09-30,4,SCZ,Santa Cruz,Diesel,DIESEL OIL IMPORTADO CF,Diesel Oil Importado,DIESEL_IMPORTADO,AGROPECUARIA ALGARROBAL S.A,19900.0,VENTAS,,True
2026-10-01 00:24:20,2026-09-30,4,SCZ,Santa Cruz,Diesel,DIESEL OIL IMPORTADO EESS,Diesel Oil Importado,DIESEL_IMPORTADO,E.S. CUARTO ANILLO,20000.0,TRANSFERENCIAS,SUR,False
2026-10-01 00:24:20,2026-09-30,4,SCZ,Santa Cruz,Diesel,DIESEL OIL NACIONAL EESS,Diesel Oil Nacional,DIESEL_NACIONAL,PUESTO DE VENTA SAIPINA,15000.0,TRANSFERENCIAS,SAIPINA,False
2026-10-01 00:24:20,2026-09-30,4,SCZ,Santa Cruz,Diesel,DIESEL OIL NACIONAL EESS,Diesel Oil Nacional,DIESEL_NACIONAL,E.S.I. SAN PEDRO DEL NORTE,25000.0,TRANSFERENCIAS,SAN PEDRO DEL NORTE,False
2026-10-01 00:24:20,2026-09-30,4,SCZ,Santa Cruz,Diesel,DIESEL OIL NACIONAL EESS,Diesel Oil Nacional,DIESEL_NACIONAL,E.S. SAN JULIAN,15000.0,TRANSFERENCIAS,SAN JULIAN,False
2026-10-01 00:24:20,2026-09-30,4,SCZ,Santa Cruz,Diesel,DIESEL OIL NACIONAL EESS,Diesel Oil Nacional,DIESEL_NACIONAL,E.S. GUARAYOS,35000.0,TRANSFERENCIAS,GUARAYOS,False
2026-10-01 00:24:20,2026-09-30,4,SCZ,Santa Cruz,Diesel,DIESEL OIL NACIONAL EESS,Diesel Oil Nacional,DIESEL_NACIONAL,E.S. COMARAPA,15000.0,TRANSFERENCIAS,COMARAPA,False
2026-10-01 00:24:20,2026-09-30,4,SCZ,Santa Cruz,Diesel,DIESEL OIL NACIONAL EESS,Diesel Oil Nacional,DIESEL_NACIONAL,E.S. CABEZAS,15000.0,TRANSFERENCIAS,CABEZAS,False
2026-10-01 00:24:20,2026-09-30,4,SCZ,Santa Cruz,Gasolina,GASOLINA ESPECIAL + EESS,Gasolina Especial +,GASOLINA_ESPECIAL_MAS,ESTACION DE SERVICIO EL BATO,20000.0,VENTAS,MONTERO,True
2026-10-01 00:24:20,2026-09-30,4,SCZ,Santa Cruz,Gasolina,GASOLINA ESPECIAL + CF,Gasolina Especial +,GASOLINA_ESPECIAL_MAS,EQUIPETROL S.A,15000.0,VENTAS,,True
2026-10-01 00:24:20,2026-09-30,4,SCZ,Santa Cruz,Gasolina,GASOLINA ESPECIAL + CF,Gasolina Especial +,GASOLINA_ESPECIAL_MAS,YPFB REFINACION,10000.0,VENTAS,,False
2026-10-01 00:24:20,2026-09-30,4,SCZ,Santa Cruz,Gasolina,GASOLINA ESPECIAL + CF,Gasolina Especial +,GASOLINA_ESPECIAL_MAS,AGROCOMANCHE S.R.L.,10000.0,VENTAS,,False
2026-10-01 00:24:20,2026-09-30,4,SCZ,Santa Cruz,Gasolina,GASOLINA ESPECIAL EESS,Gasolina Especial,GASOLINA_ESPECIAL,SURTIDOR CLUBOL - RUTH JIMENEZ DE MONROY,20000.0,VENTAS,CENTRO,True
2026-10-01 00:24:20,2026-09-30,4,SCZ,Santa Cruz,Gasolina,GASOLINA ESPECIAL EESS,Gasolina Especial,GASOLINA_ESPECIAL,SURTIDOR ACIPA - SJ S.R.L.,25000.0,VENTAS,SAN JULIAN,True
2026-10-01 00:24:20,2026-09-30,4,SCZ,Santa Cruz,Gasolina,GASOLINA ESPECIAL EESS,Gasolina Especial,GASOLINA_ESPECIAL,R&E 3000 S.R.L.,25000.0,VENTAS,SUR,True
2026-10-01 00:24:20,2026-09-30,4,SCZ,Santa Cruz,Gasolina,GASOLINA ESPECIAL EESS,Gasolina Especial,GASOLINA_ESPECIAL,ESTACION DE SERVICIO TOTAITU N&T S.R.L.,30000.0,VENTAS,NORTE,True
2026-10-01 00:24:20,2026-09-30,4,SCZ,Santa Cruz,Gasolina,GASOLINA ESPECIAL EESS,Gasolina Especial,GASOLINA_ESPECIAL,ESTACION DE SERVICIO SUR S.R.L.,30000.0,VENTAS,SUR,True
2026-10-01 00:24:20,2026-09-30,4,SCZ,Santa Cruz,Gasolina,GASOLINA ESPECIAL EESS,Gasolina Especial,GASOLINA_ESPECIAL,ESTACION DE SERVICIO SAN SILVESTRE,30000.0,VENTAS,PORTACHUELO,False
2026-10-01 00:24:20,2026-09-30,4,SCZ,Santa Cruz,Gasolina,GASOLINA ESPECIAL EESS,Gasolina Especial,GASOLINA_ESPECIAL,ESTACION DE SERVICIO SAN SALVADOR - SILVIA VARGAS CRESPO,25000.0,VENTAS,YAPACANI,True
2026-10-01 00:24:20,2026-09-30,4,SCZ,Santa Cruz,Gasolina,GASOLINA ESPECIAL EESS,Gasolina Especial,GASOLINA_ESPECIAL,ESTACION DE SERVICIO SAN LUIS I,20000.0,VENTAS,SUR,True
2026-10-01 00:24:20,2026-09-30,4,SCZ,Santa Cruz,Gasolina,GASOLINA ESPECIAL EESS,Gasolina Especial,GASOLINA_ESPECIAL,ESTACION DE SERVICIO REYNALDO CORTEZ QUISPE,20000.0,VENTAS,SUR,True
2026-10-01 00:24:20,2026-09-30,4,SCZ,Santa Cruz,Gasolina,GASOLINA ESPECIAL EESS,Gasolina Especial,GASOLINA_ESPECIAL,ESTACION DE SERVICIO REFINERIA ORIENTAL S.A. - SUC. ZONA 4° ANILLO FRENTE A BUFALO PARK - SC,30000.0,VENTAS,CENTRO,True
2026-10-01 00:24:20,2026-09-30,4,SCZ,Santa Cruz,Gasolina,GASOLINA ESPECIAL EESS,Gasolina Especial,GASOLINA_ESPECIAL,ESTACION DE SERVICIO QUINTO ANILLO S.R.L.,20000.0,VENTAS,SUR,True
2026-10-01 00:24:20,2026-09-30,4,SCZ,Santa Cruz,Gasolina,GASOLINA ESPECIAL EESS,Gasolina Especial,GASOLINA_ESPECIAL,ESTACION DE SERVICIO PANTANAL DEL ORIENTE-ALVARO LUIS AGUILAR ADRIAZOLA,25000.0,VENTAS,ESTE,True
2026-10-01 00:24:20,2026-09-30,4,SCZ,Santa Cruz,Gasolina,GASOLINA ESPECIAL EESS,Gasolina Especial,GASOLINA_ESPECIAL,ESTACION DE SERVICIO ORTIZ S.R.L.,30000.0,VENTAS,WARNES,True
2026-10-01 00:24:20,2026-09-30,4,SCZ,Santa Cruz,Gasolina,GASOLINA ESPECIAL EESS,Gasolina Especial,GASOLINA_ESPECIAL,ESTACION DE SERVICIO MORAGRANDE S.R.L. (SUC 1),20000.0,VENTAS,SUR,True
2026-10-01 00:24:20,2026-09-30,4,SCZ,Santa Cruz,Gasolina,GASOLINA ESPECIAL EESS,Gasolina Especial,GASOLINA_ESPECIAL,ESTACION DE SERVICIO MORAGRANDE S.R.L.,20000.0,VENTAS,SUR,True
2026-10-01 00:24:20,2026-09-30,4,SCZ,Santa Cruz,Gasolina,GASOLINA ESPECIAL EESS,Gasolina Especial,GASOLINA_ESPECIAL,ESTACION DE SERVICIO LOS COYUYOS-JULIA GONZALES,20000.0,VENTAS,NORTE,True
2026-10-01 00:24:20,2026-09-30,4,SCZ,Santa Cruz,Gasolina,GASOLINA ESPECIAL EESS,Gasolina Especial,GASOLINA_ESPECIAL,ESTACION DE SERVICIO LAS ORQUIDEAS S.R.L.,25000.0,VENTAS,SUR,True
2026-10-01 00:24:20,2026-09-30,4,SCZ,Santa Cruz,Gasolina,GASOLINA ESPECIAL EESS,Gasolina Especial,GASOLINA_ESPECIAL,ESTACION DE SERVICIO LA CHORRERA SRL,20000.0,VENTAS,SUR,True
2026-10-01 00:24:20,2026-09-30,4,SCZ,Santa Cruz,Gasolina,GASOLINA ESPECIAL EESS,Gasolina Especial,GASOLINA_ESPECIAL,ESTACION DE SERVICIO GUAYACAN S.R.L.,20000.0,VENTAS,ESTE,True
2026-10-01 00:24:20,2026-09-30,4,SCZ,Santa Cruz,Gasolina,GASOLINA ESPECIAL EESS,Gasolina Especial,GASOLINA_ESPECIAL,ESTACION DE SERVICIO EL TINTO S.R.L.,20000.0,VENTAS,TRES CRUCES,True
2026-10-01 00:24:20,2026-09-30,4,SCZ,Santa Cruz,Gasolina,GASOLINA ESPECIAL EESS,Gasolina Especial,GASOLINA_ESPECIAL,ESTACION DE SERVICIO DICOR S.R.L.,20000.0,VENTAS,ESTE,True
2026-10-01 00:24:20,2026-09-30,4,SCZ,Santa Cruz,Gasolina,GASOLINA ESPECIAL EESS,Gasolina Especial,GASOLINA_ESPECIAL,ESTACION DE SERVICIO BI-OCEANICA S.R.L.,30000.0,VENTAS,NORTE,True
2026-10-01 00:24:20,2026-09-30,4,SCZ,Santa Cruz,Gasolina,GASOLINA ESPECIAL EESS,Gasolina Especial,GASOLINA_ESPECIAL,ESTACION DE SERVICIO APAZA-PATRICIA JORGE DE APAZA,20000.0,VENTAS,ESTE,True
2026-10-01 00:24:20,2026-09-30,4,SCZ,Santa Cruz,Gasolina,GASOLINA ESPECIAL EESS,Gasolina Especial,GASOLINA_ESPECIAL,"ESTACION DE SERVICIO ""GUAPAY"" S.R.L.",20000.0,VENTAS,CENTRO,True
2026-10-01 00:24:20,2026-09-30,4,SCZ,Santa Cruz,Gasolina,GASOLINA ESPECIAL EESS,Gasolina Especial,GASOLINA_ESPECIAL,"EMPRESA DAVILA IMPORTADORA-EXPORTADORA S.R.L. ""DAIMPORT - EXPORT LTDA""",25000.0,VENTAS,OESTE,True
2026-10-01 00:24:20,2026-09-30,4,SCZ,Santa Cruz,Gasolina,GASOLINA ESPECIAL EESS,Gasolina Especial,GASOLINA_ESPECIAL,CENTRO DE COMERCIO Y SERVICIOS VALDIVIA FERRUFINO S.R.L.,20000.0,VENTAS,SUR,True
2026-10-01 00:24:20,2026-09-30,4,SCZ,Santa Cruz,Gasolina,GASOLINA ESPECIAL EESS,Gasolina Especial,GASOLINA_ESPECIAL,ABERI SRL,30000.0,VENTAS,TRES CRUCES,True
2026-10-01 00:24:20,2026-09-30,4,SCZ,Santa Cruz,Gasolina,GASOLINA ESPECIAL CF,Gasolina Especial,GASOLINA_ESPECIAL,BOLIQUIM S.R.L.,10000.0,VENTAS,,False
2026-10-01 00:24:20,2026-09-30,4,SCZ,Santa Cruz,Gasolina,GASOLINA ESPECIAL + EESS,Gasolina Especial +,GASOLINA_ESPECIAL_MAS,TARIFA S.R.L.,20000.0,VENTAS,MINERO,True
2026-10-01 00:24:20,2026-09-30,4,SCZ,Santa Cruz,Gasolina,GASOLINA ESPECIAL + EESS,Gasolina Especial +,GASOLINA_ESPECIAL_MAS,SURTIDOR VIRGEN DE CHARAGUA S.R.L.,20000.0,VENTAS,CHARAGUA,False
2026-10-01 00:24:20,2026-09-30,4,SCZ,Santa Cruz,Gasolina,GASOLINA ESPECIAL + EESS,Gasolina Especial +,GASOLINA_ESPECIAL_MAS,SURTIDOR SANTIAGUITO - E. FABIOLA TORRICO C.,25000.0,VENTAS,COMARAPA,True
2026-10-01 00:24:20,2026-09-30,4,SCZ,Santa Cruz,Gasolina,GASOLINA ESPECIAL + EESS,Gasolina Especial +,GASOLINA_ESPECIAL_MAS,SURTIDOR LOS NEGROS - NERY TABOADA CONTRERAS,20000.0,VENTAS,PAMPA GRANDE,True
2026-10-01 00:24:20,2026-09-30,4,SCZ,Santa Cruz,Gasolina,GASOLINA ESPECIAL + EESS,Gasolina Especial +,GASOLINA_ESPECIAL_MAS,SURTIDOR EL PATUJU - ROGELIO LA FUENTE OLIVERA,20000.0,VENTAS,SANTA ROSA DEL SARA,True
2026-10-01 00:24:20,2026-09-30,4,SCZ,Santa Cruz,Gasolina,GASOLINA ESPECIAL + EESS,Gasolina Especial +,GASOLINA_ESPECIAL_MAS,SURTIDOR CHARAGUA,20000.0,VENTAS,CHARAGUA,False
2026-10-01 00:24:20,2026-09-30,4,SCZ,Santa Cruz,Gasolina,GASOLINA ESPECIAL + EESS,Gasolina Especial +,GASOLINA_ESPECIAL_MAS,SAN JOAQUIN I S.R.L.,20000.0,VENTAS,LOS ANDES,False
2026-10-01 00:24:20,2026-09-30,4,SCZ,Santa Cruz,Gasolina,GASOLINA ESPECIAL + EESS,Gasolina Especial +,GASOLINA_ESPECIAL_MAS,PARTICIPACIONES E INVERSIONES EN GAS - PIGAS S.A.,20000.0,VENTAS,EL TORNO,True
2026-10-01 00:24:20,2026-09-30,4,SCZ,Santa Cruz,Gasolina,GASOLINA ESPECIAL + EESS,Gasolina Especial +,GASOLINA_ESPECIAL_MAS,MUYURINA LTDA,20000.0,VENTAS,MONTERO,True
2026-10-01 00:24:20,2026-09-30,4,SCZ,Santa Cruz,Gasolina,GASOLINA ESPECIAL + EESS,Gasolina Especial +,GASOLINA_ESPECIAL_MAS,JARAJORECHI S.R.L.,20000.0,VENTAS,MONTERO,True
2026-10-01 00:24:20,2026-09-30,4,SCZ,Santa Cruz,Gasolina,GASOLINA ESPECIAL + EESS,Gasolina Especial +,GASOLINA_ESPECIAL_MAS,GOTEON S.R.L.,20000.0,VENTAS,PAILON,True
2026-10-01 00:24:20,2026-09-30,4,SCZ,Santa Cruz,Gasolina,GASOLINA ESPECIAL + EESS,Gasolina Especial +,GASOLINA_ESPECIAL_MAS,ESTACION DE SERVICIO VELEZ-HEBERTH VELEZ CORTEZ,25000.0,VENTAS,MAIRANA,True
2026-10-01 00:24:20,2026-09-30,4,SCZ,Santa Cruz,Gasolina,GASOLINA ESPECIAL + EESS,Gasolina Especial +,GASOLINA_ESPECIAL_MAS,ESTACION DE SERVICIO VALLES CRUCEÑOS,25000.0,VENTAS,MAIRANA,True
2026-10-01 00:24:20,2026-09-30,4,SCZ,Santa Cruz,Gasolina,GASOLINA ESPECIAL + EESS,Gasolina Especial +,GASOLINA_ESPECIAL_MAS,ESTACION DE SERVICIO TORRIAYALA S.R.L.,20000.0,VENTAS,MONTERO,False
2026-10-01 00:24:20,2026-09-30,4,SCZ,Santa Cruz,Gasolina,GASOLINA ESPECIAL + EESS,Gasolina Especial +,GASOLINA_ESPECIAL_MAS,ESTACION DE SERVICIO TIERRAS BAJAS SRL.,20000.0,VENTAS,4 CAÑADAS,False
2026-10-01 00:24:20,2026-09-30,4,SCZ,Santa Cruz,Gasolina,GASOLINA ESPECIAL + EESS,Gasolina Especial +,GASOLINA_ESPECIAL_MAS,ESTACION DE SERVICIO SUR SRL-SUCURSAL 4,20000.0,VENTAS,GENERAL SAAVEDRA,False
2026-10-01 00:24:20,2026-09-30,4,SCZ,Santa Cruz,Gasolina,GASOLINA ESPECIAL + EESS,Gasolina Especial +,GASOLINA_ESPECIAL_MAS,ESTACION DE SERVICIO SUR S.R.L. SUCURSAL MONTE VERDE,20000.0,VENTAS,MONTERO,True
2026-10-01 00:24:20,2026-09-30,4,SCZ,Santa Cruz,Gasolina,GASOLINA ESPECIAL + EESS,Gasolina Especial +,GASOLINA_ESPECIAL_MAS,ESTACION DE SERVICIO SOMOS GAS SRL,30000.0,VENTAS,SATELITE NORTE,True
2026-10-01 00:24:20,2026-09-30,4,SCZ,Santa Cruz,Gasolina,GASOLINA ESPECIAL + EESS,Gasolina Especial +,GASOLINA_ESPECIAL_MAS,ESTACION DE SERVICIO SAYE S.R.L.,20000.0,VENTAS,CANANDOA,False
2026-10-01 00:24:20,2026-09-30,4,SCZ,Santa Cruz,Gasolina,GASOLINA ESPECIAL + EESS,Gasolina Especial +,GASOLINA_ESPECIAL_MAS,ESTACION DE SERVICIO SAN JOSE DE YAPACANI S.R.L.,20000.0,VENTAS,YAPACANI,False
2026-10-01 00:24:20,2026-09-30,4,SCZ,Santa Cruz,Gasolina,GASOLINA ESPECIAL + EESS,Gasolina Especial +,GASOLINA_ESPECIAL_MAS,ESTACION DE SERVICIO SAN JAVIER-MARISOL NEGRETE AGUIRRE,20000.0,VENTAS,SAN JAVIER,False
2026-10-01 00:24:20,2026-09-30,4,SCZ,Santa Cruz,Gasolina,GASOLINA ESPECIAL + EESS,Gasolina Especial +,GASOLINA_ESPECIAL_MAS,ESTACION DE SERVICIO RUTA NORTE S.R.L.,25000.0,VENTAS,WARNES,True
2026-10-01 00:24:20,2026-09-30,4,SCZ,Santa Cruz,Gasolina,GASOLINA ESPECIAL + EESS,Gasolina Especial +,GASOLINA_ESPECIAL_MAS,ESTACION DE SERVICIO PORTACHUELO LTDA,20000.0,VENTAS,PORTACHUELO,True
2026-10-01 00:24:20,2026-09-30,4,SCZ,Santa Cruz,Gasolina,GASOLINA ESPECIAL + EESS,Gasolina Especial +,GASOLINA_ESPECIAL_MAS,ESTACION DE SERVICIO PIRAI S.R.L. SUCURSAL 1,20000.0,VENTAS,CABEZAS,True
2026-10-01 00:24:20,2026-09-30,4,SCZ,Santa Cruz,Gasolina,GASOLINA ESPECIAL + EESS,Gasolina Especial +,GASOLINA_ESPECIAL_MAS,ESTACION DE SERVICIO PETRO VAL S.R.L.,20000.0,VENTAS,PAILON,False
2026-10-01 00:24:20,2026-09-30,4,SCZ,Santa Cruz,Gasolina,GASOLINA ESPECIAL + EESS,Gasolina Especial +,GASOLINA_ESPECIAL_MAS,ESTACION DE SERVICIO PAULINA S.R.L.,20000.0,VENTAS,SAN RAMON,True
2026-10-01 00:24:20,2026-09-30,4,SCZ,Santa Cruz,Gasolina,GASOLINA ESPECIAL + EESS,Gasolina Especial +,GASOLINA_ESPECIAL_MAS,ESTACION DE SERVICIO MONTERO - MARIA DEL ROSARIO COLQUE QUIROZ,20000.0,VENTAS,MONTERO,True
2026-10-01 00:24:20,2026-09-30,4,SCZ,Santa Cruz,Gasolina,GASOLINA ESPECIAL + EESS,Gasolina Especial +,GASOLINA_ESPECIAL_MAS,ESTACION DE SERVICIO MIRANDA S.R.L.,20000.0,VENTAS,MONTERO,True
2026-10-01 00:24:20,2026-09-30,4,SCZ,Santa Cruz,Gasolina,GASOLINA ESPECIAL + EESS,Gasolina Especial +,GASOLINA_ESPECIAL_MAS,ESTACION DE SERVICIO MINERO-JHONNY QUINTEROS VASQUEZ,20000.0,VENTAS,MINERO,True
2026-10-01 00:24:20,2026-09-30,4,SCZ,Santa Cruz,Gasolina,GASOLINA ESPECIAL + EESS,Gasolina Especial +,GASOLINA_ESPECIAL_MAS,ESTACION DE SERVICIO MACONDO,20000.0,VENTAS,FERNANDEZ ALONSO,False
2026-10-01 00:24:20,2026-09-30,4,SCZ,Santa Cruz,Gasolina,GASOLINA ESPECIAL + EESS,Gasolina Especial +,GASOLINA_ESPECIAL_MAS,ESTACION DE SERVICIO LOS BIBOSIS S.R.L.,20000.0,VENTAS,PORTACHUELO,True
2026-10-01 00:24:20,2026-09-30,4,SCZ,Santa Cruz,Gasolina,GASOLINA ESPECIAL + EESS,Gasolina Especial +,GASOLINA_ESPECIAL_MAS,ESTACION DE SERVICIO LAS CONCHAS S.R.L.,25000.0,VENTAS,4 CAÑADAS,False
2026-10-01 00:24:20,2026-09-30,4,SCZ,Santa Cruz,Gasolina,GASOLINA ESPECIAL + EESS,Gasolina Especial +,GASOLINA_ESPECIAL_MAS,ESTACION DE SERVICIO LA GUARDIA,35000.0,VENTAS,LA GUARDIA,True
2026-10-01 00:24:20,2026-09-30,4,SCZ,Santa Cruz,Gasolina,GASOLINA ESPECIAL + EESS,Gasolina Especial +,GASOLINA_ESPECIAL_MAS,ESTACION DE SERVICIO LA CUEVA - ROLANDO CHAVEZ VACA,20000.0,VENTAS,SAN RAMON,False
2026-10-01 00:24:20,2026-09-30,4,SCZ,Santa Cruz,Gasolina,GASOLINA ESPECIAL + EESS,Gasolina Especial +,GASOLINA_ESPECIAL_MAS,ESTACION DE SERVICIO KM. 75 S.R.L,20000.0,VENTAS,TRES CRUCES,True
2026-10-01 00:24:20,2026-09-30,4,SCZ,Santa Cruz,Gasolina,GASOLINA ESPECIAL + EESS,Gasolina Especial +,GASOLINA_ESPECIAL_MAS,ESTACION DE SERVICIO JATUMPAMPA SRL,20000.0,VENTAS,YAPACANI,False
2026-10-01 00:24:20,2026-09-30,4,SCZ,Santa Cruz,Gasolina,GASOLINA ESPECIAL + EESS,Gasolina Especial +,GASOLINA_ESPECIAL_MAS,ESTACION DE SERVICIO ICHILO SRL,20000.0,VENTAS,YAPACANI,False
2026-10-01 00:24:20,2026-09-30,4,SCZ,Santa Cruz,Gasolina,GASOLINA ESPECIAL + EESS,Gasolina Especial +,GASOLINA_ESPECIAL_MAS,ESTACION DE SERVICIO GASOCONCE - ENRIQUE SERAFIN SUAREZ CASTEDO,20000.0,VENTAS,CONCEPCIÓN,False
2026-10-01 00:24:20,2026-09-30,4,SCZ,Santa Cruz,Gasolina,GASOLINA ESPECIAL + EESS,Gasolina Especial +,GASOLINA_ESPECIAL_MAS,ESTACION DE SERVICIO GASCAR S.R.L.,25000.0,VENTAS,EL TORNO,True
2026-10-01 00:24:20,2026-09-30,4,SCZ,Santa Cruz,Gasolina,GASOLINA ESPECIAL + EESS,Gasolina Especial +,GASOLINA_ESPECIAL_MAS,ESTACION DE SERVICIO FLORES-SIMONA FLORES FLORES,20000.0,VENTAS,SAN JULIAN,True
2026-10-01 00:24:20,2026-09-30,4,SCZ,Santa Cruz,Gasolina,GASOLINA ESPECIAL + EESS,Gasolina Especial +,GASOLINA_ESPECIAL_MAS,ESTACION DE SERVICIO EUSE CRUZ,25000.0,VENTAS,VALLE GRANDE,True
2026-10-01 00:24:20,2026-09-30,4,SCZ,Santa Cruz,Gasolina,GASOLINA ESPECIAL + EESS,Gasolina Especial +,GASOLINA_ESPECIAL_MAS,ESTACION DE SERVICIO EL TAJIBO OKINAWA,20000.0,VENTAS,OKINAWA,True
2026-10-01 00:24:20,2026-09-30,4,SCZ,Santa Cruz,Gasolina,GASOLINA ESPECIAL + EESS,Gasolina Especial +,GASOLINA_ESPECIAL_MAS,ESTACION DE SERVICIO EL MIRADOR - SONIA SORUCO ROCA,20000.0,VENTAS,GUARAYOS,False
2026-10-01 00:24:20,2026-09-30,4,SCZ,Santa Cruz,Gasolina,GASOLINA ESPECIAL + EESS,Gasolina Especial +,GASOLINA_ESPECIAL_MAS,ESTACION DE SERVICIO EL JUNTE-ALEJANDRA MARIEL BALCAZAR PAZ,25000.0,VENTAS,SAN PABLO,True
2026-10-01 00:24:20,2026-09-30,4,SCZ,Santa Cruz,Gasolina,GASOLINA ESPECIAL + EESS,Gasolina Especial +,GASOLINA_ESPECIAL_MAS,ESTACION DE SERVICIO EL JUNTE II-ALEJANDRA MARIEL BALCAZAR PAZ,25000.0,VENTAS,GUARAYOS,False
2026-10-01 00:24:20,2026-09-30,4,SCZ,Santa Cruz,Gasolina,GASOLINA ESPECIAL + EESS,Gasolina Especial +,GASOLINA_ESPECIAL_MAS,ESTACION DE SERVICIO EL BIBOSI MANANTIAL-LIMBERT JIMENEZ JALDIN,20000.0,VENTAS,GUARAYOS,False
2026-10-01 00:24:20,2026-09-30,4,SCZ,Santa Cruz,Gasolina,GASOLINA ESPECIAL + EESS,Gasolina Especial +,GASOLINA_ESPECIAL_MAS,ESTACION DE SERVICIO EL BIBOSI - ROY RIDER LA FUENTE COLQUE,20000.0,VENTAS,,False
2026-10-01 00:24:20,2026-09-30,4,SCZ,Santa Cruz,Gasolina,GASOLINA ESPECIAL + EESS,Gasolina Especial +,GASOLINA_ESPECIAL_MAS,ESTACION DE SERVICIO EL AGRICULTOR-CLAUDINA PILLCO LOZA,20000.0,VENTAS,MINERO,False
2026-10-01 00:24:20,2026-09-30,4,SCZ,Santa Cruz,Gasolina,GASOLINA ESPECIAL + EESS,Gasolina Especial +,GASOLINA_ESPECIAL_MAS,ESTACION DE SERVICIO DURAZNERO-DANA FLORES DAVALOS,20000.0,VENTAS,TRES CRUCES,True
2026-10-01 00:24:20,2026-09-30,4,SCZ,Santa Cruz,Gasolina,GASOLINA ESPECIAL + EESS,Gasolina Especial +,GASOLINA_ESPECIAL_MAS,ESTACION DE SERVICIO DANA S.R.L.,20000.0,VENTAS,PAILON,False
2026-10-01 00:24:20,2026-09-30,4,SCZ,Santa Cruz,Gasolina,GASOLINA ESPECIAL + EESS,Gasolina Especial +,GASOLINA_ESPECIAL_MAS,ESTACION DE SERVICIO CONCEPCION SRL,25000.0,VENTAS,CONCEPCIÓN,False
2026-10-01 00:24:20,2026-09-30,4,SCZ,Santa Cruz,Gasolina,GASOLINA ESPECIAL + EESS,Gasolina Especial +,GASOLINA_ESPECIAL_MAS,ESTACION DE SERVICIO COLINDRES-CARMEN MARY IRIARTE BARBA,20000.0,VENTAS,CHARAGUA,True
2026-10-01 00:24:20,2026-09-30,4,SCZ,Santa Cruz,Gasolina,GASOLINA ESPECIAL + EESS,Gasolina Especial +,GASOLINA_ESPECIAL_MAS,ESTACION DE SERVICIO COCA-ENRRIQUE COCA LOPEZ,20000.0,VENTAS,YAPACANI,False
2026-10-01 00:24:20,2026-09-30,4,SCZ,Santa Cruz,Gasolina,GASOLINA ESPECIAL + EESS,Gasolina Especial +,GASOLINA_ESPECIAL_MAS,ESTACION DE SERVICIO CHANE,20000.0,VENTAS,FERNANDEZ ALONSO,False
2026-10-01 00:24:20,2026-09-30,4,SCZ,Santa Cruz,Gasolina,GASOLINA ESPECIAL + EESS,Gasolina Especial +,GASOLINA_ESPECIAL_MAS,ESTACION DE SERVICIO CASCABEL SUC. CUATRO CAÑADAS-YOHANA PAOLA VACA GUZMAN,20000.0,VENTAS,4 CAÑADAS,True
2026-10-01 00:24:20,2026-09-30,4,SCZ,Santa Cruz,Gasolina,GASOLINA ESPECIAL + EESS,Gasolina Especial +,GASOLINA_ESPECIAL_MAS,ESTACION DE SERVICIO CARLOS ANDRES FI S.R.L.,20000.0,VENTAS,SAN PEDRO DEL NORTE,False
2026-10-01 00:24:20,2026-09-30,4,SCZ,Santa Cruz,Gasolina,GASOLINA ESPECIAL + EESS,Gasolina Especial +,GASOLINA_ESPECIAL_MAS,ESTACION DE SERVICIO ARNEZ - LUIS ARNEZ ONOFRE,20000.0,VENTAS,SAN JULIAN,True
2026-10-01 00:24:20,2026-09-30,4,SCZ,Santa Cruz,Gasolina,GASOLINA ESPECIAL + EESS,Gasolina Especial +,GASOLINA_ESPECIAL_MAS,ESTACION DE SERVICIO ARACATACA,25000.0,VENTAS,MONTERO,False
2026-10-01 00:24:20,2026-09-30,4,SCZ,Santa Cruz,Gasolina,GASOLINA ESPECIAL + EESS,Gasolina Especial +,GASOLINA_ESPECIAL_MAS,ESTACION DE SERVICIO ANTO - ANTONIO CARLOS LORGIO JUSTINIANO SANTOS,20000.0,VENTAS,CERRO GRANDE,False
2026-10-01 00:24:20,2026-09-30,4,SCZ,Santa Cruz,Gasolina,GASOLINA ESPECIAL + EESS,Gasolina Especial +,GASOLINA_ESPECIAL_MAS,ESTACION DE SERVICIO AGUAI S.R.L.,20000.0,VENTAS,FERNANDEZ ALONSO,False
2026-10-01 00:24:20,2026-09-30,4,SCZ,Santa Cruz,Gasolina,GASOLINA ESPECIAL + EESS,Gasolina Especial +,GASOLINA_ESPECIAL_MAS,"ESTACION DE SERVICIO ""S.J"" S.R.L.",25000.0,VENTAS,MONTERO,True
2026-10-01 00:24:20,2026-09-30,4,SCZ,Santa Cruz,Gasolina,GASOLINA ESPECIAL + EESS,Gasolina Especial +,GASOLINA_ESPECIAL_MAS,"EE.SS. COOP. DE SERVICIOS PUBLICOS DE AGUA POTABLE Y ALCANTARILLADO ""MONTES CLAROS"" R.L.",25000.0,VENTAS,VALLE GRANDE,True
2026-10-01 00:24:20,2026-09-30,4,SCZ,Santa Cruz,Gasolina,GASOLINA ESPECIAL + EESS,Gasolina Especial +,GASOLINA_ESPECIAL_MAS,D-GAS S.A. SUCURSAL SANTA CRUZ,25000.0,VENTAS,WARNES,False
2026-10-01 00:24:20,2026-09-30,4,SCZ,Santa Cruz,Gasolina,GASOLINA ESPECIAL + EESS,Gasolina Especial +,GASOLINA_ESPECIAL_MAS,COMPAÑIA COMERCIALIZADORA BOLIVIANA DE HIDROCARBUROS CONFI S.R.L.,25000.0,VENTAS,BUENA VISTA,False
2026-10-01 00:24:20,2026-09-30,4,SCZ,Santa Cruz,Gasolina,GASOLINA ESPECIAL + EESS,Gasolina Especial +,GASOLINA_ESPECIAL_MAS,COMERCIALIZADORA DE HIDROCARBUROS ABJ S.R.L,25000.0,VENTAS,YAPACANI,True
2026-10-01 00:24:20,2026-09-30,4,SCZ,Santa Cruz,Gasolina,GASOLINA ESPECIAL + EESS,Gasolina Especial +,GASOLINA_ESPECIAL_MAS,CENTRO DE COMERCIO SANTA RITAKM32 S.R.L.,25000.0,VENTAS,EL TORNO,True
2026-10-01 00:24:20,2026-09-30,4,SCZ,Santa Cruz,Gasolina,GASOLINA ESPECIAL + CF,Gasolina Especial +,GASOLINA_ESPECIAL_MAS,CERVECERIA BOLIVIANA NACIONAL S.A.,16000.0,VENTAS,,False
2026-10-01 00:24:20,2026-09-30,4,SCZ,Santa Cruz,Gasolina,GASOLINA ESPECIAL + (S/DSI),Gasolina Especial +,GASOLINA_ESPECIAL_MAS,Z & Z LTDA,20000.0,VENTAS,CENTRO,True
2026-10-01 00:24:20,2026-09-30,4,SCZ,Santa Cruz,Gasolina,GASOLINA ESPECIAL + (S/DSI),Gasolina Especial +,GASOLINA_ESPECIAL_MAS,YVU CENTRO DE SERVICIOS Y COMERCIO S.R.L.,20000.0,VENTAS,NORTE,True
2026-10-01 00:24:20,2026-09-30,4,SCZ,Santa Cruz,Gasolina,GASOLINA ESPECIAL + (S/DSI),Gasolina Especial +,GASOLINA_ESPECIAL_MAS,VANGAS S.A,20000.0,VENTAS,OESTE,False
2026-10-01 00:24:20,2026-09-30,4,SCZ,Santa Cruz,Gasolina,GASOLINA ESPECIAL + (S/DSI),Gasolina Especial +,GASOLINA_ESPECIAL_MAS,SURTIDOR VARDONA - SUSANA POEHLMANN GARCIA,25000.0,VENTAS,CENTRO,True
2026-10-01 00:24:20,2026-09-30,4,SCZ,Santa Cruz,Gasolina,GASOLINA ESPECIAL + (S/DSI),Gasolina Especial +,GASOLINA_ESPECIAL_MAS,SURTIDOR EL PALMAR - DIONICIO CONDORI RODRIGUEZ,20000.0,VENTAS,SUR,False
2026-10-01 00:24:20,2026-09-30,4,SCZ,Santa Cruz,Gasolina,GASOLINA ESPECIAL + (S/DSI),Gasolina Especial +,GASOLINA_ESPECIAL_MAS,SURTIDOR COTOCA - JOSE RAMIRO AYALA FLORES,20000.0,VENTAS,ESTE,True
2026-10-01 00:24:20,2026-09-30,4,SCZ,Santa Cruz,Gasolina,GASOLINA ESPECIAL + (S/DSI),Gasolina Especial +,GASOLINA_ESPECIAL_MAS,SERVICIOS GENERALES LA CAÑADA S.R.L.,20000.0,VENTAS,SUR,True
2026-10-01 00:24:20,2026-09-30,4,SCZ,Santa Cruz,Gasolina,GASOLINA ESPECIAL + (S/DSI),Gasolina Especial +,GASOLINA_ESPECIAL_MAS,REFRIGAS S.R.L.,20000.0,VENTAS,ESTE,True
2026-10-01 00:24:20,2026-09-30,4,SCZ,Santa Cruz,Gasolina,GASOLINA ESPECIAL + (S/DSI),Gasolina Especial +,GASOLINA_ESPECIAL_MAS,REFINERIA ORIENTAL S.A.-SUC. TERCER ANILLO INTERNO FRENTE CANCHITA ROYAL,20000.0,VENTAS,SUR,True
2026-10-01 00:24:20,2026-09-30,4,SCZ,Santa Cruz,Gasolina,GASOLINA ESPECIAL + (S/DSI),Gasolina Especial +,GASOLINA_ESPECIAL_MAS,REFINERIA ORIENTAL S.A.-SUC. BARRIO LAZARETO,20000.0,VENTAS,CENTRO,True
2026-10-01 00:24:20,2026-09-30,4,SCZ,Santa Cruz,Gasolina,GASOLINA ESPECIAL + (S/DSI),Gasolina Especial +,GASOLINA_ESPECIAL_MAS,REFINERIA ORIENTAL S.A. SUCURSAL MONTECRISTO,20000.0,VENTAS,ESTE,True
2026-10-01 00:24:20,2026-09-30,4,SCZ,Santa Cruz,Gasolina,GASOLINA ESPECIAL + (S/DSI),Gasolina Especial +,GASOLINA_ESPECIAL_MAS,REFINERIA ORIENTAL S.A. SUC. NOR ESTE,20000.0,VENTAS,CENTRO,True
2026-10-01 00:24:20,2026-09-30,4,SCZ,Santa Cruz,Gasolina,GASOLINA ESPECIAL + (S/DSI),Gasolina Especial +,GASOLINA_ESPECIAL_MAS,REFINERIA ORIENTAL S.A.,25000.0,VENTAS,CENTRO,True
2026-10-01 00:24:20,2026-09-30,4,SCZ,Santa Cruz,Gasolina,GASOLINA ESPECIAL + (S/DSI),Gasolina Especial +,GASOLINA_ESPECIAL_MAS,LAS PALMAS S.R.L.,25000.0,VENTAS,CENTRO,False
2026-10-01 00:24:20,2026-09-30,4,SCZ,Santa Cruz,Gasolina,GASOLINA ESPECIAL + (S/DSI),Gasolina Especial +,GASOLINA_ESPECIAL_MAS,GENEX S.A. SUCURSAL ZONA NOR ESTE,20000.0,VENTAS,CENTRO,False
2026-10-01 00:24:20,2026-09-30,4,SCZ,Santa Cruz,Gasolina,GASOLINA ESPECIAL + (S/DSI),Gasolina Especial +,GASOLINA_ESPECIAL_MAS,GENEX S.A-SUCURSAL S.C ZONA GUARACACHI,20000.0,VENTAS,ESTE,True
2026-10-01 00:24:20,2026-09-30,4,SCZ,Santa Cruz,Gasolina,GASOLINA ESPECIAL + (S/DSI),Gasolina Especial +,GASOLINA_ESPECIAL_MAS,GENEX S.A SUCURSAL SANTA CRUZ ZONA SANTA ROSA,20000.0,VENTAS,SUR,False
2026-10-01 00:24:20,2026-09-30,4,SCZ,Santa Cruz,Gasolina,GASOLINA ESPECIAL + (S/DSI),Gasolina Especial +,GASOLINA_ESPECIAL_MAS,GENEX S.A SUCURSAL SANTA CRUZ ZONA LA RAMADA,20000.0,VENTAS,OESTE,False
2026-10-01 00:24:20,2026-09-30,4,SCZ,Santa Cruz,Gasolina,GASOLINA ESPECIAL + (S/DSI),Gasolina Especial +,GASOLINA_ESPECIAL_MAS,GENEX S.A SUCURSAL SANTA CRUZ ZONA ESTE,20000.0,VENTAS,ESTE,True
2026-10-01 00:24:20,2026-09-30,4,SCZ,Santa Cruz,Gasolina,GASOLINA ESPECIAL + (S/DSI),Gasolina Especial +,GASOLINA_ESPECIAL_MAS,GENEX S.A SUCURSAL S.C ZONA GUALBERTO VILLARROEL,25000.0,VENTAS,ESTE,True
2026-10-01 00:24:20,2026-09-30,4,SCZ,Santa Cruz,Gasolina,GASOLINA ESPECIAL + (S/DSI),Gasolina Especial +,GASOLINA_ESPECIAL_MAS,GASCO S.R.L.,20000.0,VENTAS,CENTRO,True
2026-10-01 00:24:20,2026-09-30,4,SCZ,Santa Cruz,Gasolina,GASOLINA ESPECIAL + (S/DSI),Gasolina Especial +,GASOLINA_ESPECIAL_MAS,GAS DEL ESTE S.R.L.,20000.0,VENTAS,CENTRO,False
2026-10-01 00:24:20,2026-09-30,4,SCZ,Santa Cruz,Gasolina,GASOLINA ESPECIAL + (S/DSI),Gasolina Especial +,GASOLINA_ESPECIAL_MAS,ESTACION DE SERVICIOS VIRGEN DE COTOCA S.R.L.,20000.0,VENTAS,ESTE,True
2026-10-01 00:24:20,2026-09-30,4,SCZ,Santa Cruz,Gasolina,GASOLINA ESPECIAL + (S/DSI),Gasolina Especial +,GASOLINA_ESPECIAL_MAS,ESTACION DE SERVICIO YOTAU S.R.L.,30000.0,VENTAS,SUR,True
2026-10-01 00:24:20,2026-09-30,4,SCZ,Santa Cruz,Gasolina,GASOLINA ESPECIAL + (S/DSI),Gasolina Especial +,GASOLINA_ESPECIAL_MAS,ESTACION DE SERVICIO VERGARA - FABIOLA NOEMI ZORRILLO VERGARA,20000.0,VENTAS,ESTE,True
2026-10-01 00:24:20,2026-09-30,4,SCZ,Santa Cruz,Gasolina,GASOLINA ESPECIAL + (S/DSI),Gasolina Especial +,GASOLINA_ESPECIAL_MAS,ESTACION DE SERVICIO URBARI SRL,20000.0,VENTAS,CENTRO,False
2026-10-01 00:24:20,2026-09-30,4,SCZ,Santa Cruz,Gasolina,GASOLINA ESPECIAL + (S/DSI),Gasolina Especial +,GASOLINA_ESPECIAL_MAS,ESTACION DE SERVICIO TRES PASOS AL FRENTE - VITALIANO ROJAS OLIVERA,30000.0,VENTAS,ESTE,False
2026-10-01 00:24:20,2026-09-30,4,SCZ,Santa Cruz,Gasolina,GASOLINA ESPECIAL + (S/DSI),Gasolina Especial +,GASOLINA_ESPECIAL_MAS,ESTACION DE SERVICIO SUR S.R.L.-SUCURSAL ESTACION DE SERVICIO LA TECA,25000.0,VENTAS,ESTE,True
2026-10-01 00:24:20,2026-09-30,4,SCZ,Santa Cruz,Gasolina,GASOLINA ESPECIAL + (S/DSI),Gasolina Especial +,GASOLINA_ESPECIAL_MAS,ESTACION DE SERVICIO SUR S.R.L. SUCURSAL 2,30000.0,VENTAS,NORTE,True
2026-10-01 00:24:20,2026-09-30,4,SCZ,Santa Cruz,Gasolina,GASOLINA ESPECIAL + (S/DSI),Gasolina Especial +,GASOLINA_ESPECIAL_MAS,ESTACION DE SERVICIO SUR S.R.L. SUCURSAL 1,20000.0,VENTAS,CENTRO,True
2026-10-01 00:24:20,2026-09-30,4,SCZ,Santa Cruz,Gasolina,GASOLINA ESPECIAL + (S/DSI),Gasolina Especial +,GASOLINA_ESPECIAL_MAS,ESTACION DE SERVICIO SUR SRL SUCURSAL 3,25000.0,VENTAS,NORTE,True
2026-10-01 00:24:20,2026-09-30,4,SCZ,Santa Cruz,Gasolina,GASOLINA ESPECIAL + (S/DSI),Gasolina Especial +,GASOLINA_ESPECIAL_MAS,ESTACION DE SERVICIO SANTOS DUMONT NOGALES,20000.0,VENTAS,CENTRO,True
2026-10-01 00:24:20,2026-09-30,4,SCZ,Santa Cruz,Gasolina,GASOLINA ESPECIAL + (S/DSI),Gasolina Especial +,GASOLINA_ESPECIAL_MAS,ESTACION DE SERVICIO SANTA MARIA,20000.0,VENTAS,CENTRO,True
2026-10-01 00:24:20,2026-09-30,4,SCZ,Santa Cruz,Gasolina,GASOLINA ESPECIAL + (S/DSI),Gasolina Especial +,GASOLINA_ESPECIAL_MAS,ESTACION DE SERVICIO SAN LUIS,25000.0,VENTAS,SUR,True
2026-10-01 00:24:20,2026-09-30,4,SCZ,Santa Cruz,Gasolina,GASOLINA ESPECIAL + (S/DSI),Gasolina Especial +,GASOLINA_ESPECIAL_MAS,ESTACION DE SERVICIO RIVERO - LUIS ANTONIO RIVERO AÑEZ,25000.0,VENTAS,CENTRO,True
2026-10-01 00:24:20,2026-09-30,4,SCZ,Santa Cruz,Gasolina,GASOLINA ESPECIAL + (S/DSI),Gasolina Especial +,GASOLINA_ESPECIAL_MAS,ESTACION DE SERVICIO RADIAL 10 - HUGO FLORERO ORELLANA,20000.0,VENTAS,ESTE,True
2026-10-01 00:24:20,2026-09-30,4,SCZ,Santa Cruz,Gasolina,GASOLINA ESPECIAL + (S/DSI),Gasolina Especial +,GASOLINA_ESPECIAL_MAS,ESTACION DE SERVICIO PIRAI S.R.L. SUC. DOBLE VIA LA GUARDIA ESQ. OCTAVO ANILLO,20000.0,VENTAS,SUR,True
2026-10-01 00:24:20,2026-09-30,4,SCZ,Santa Cruz,Gasolina,GASOLINA ESPECIAL + (S/DSI),Gasolina Especial +,GASOLINA_ESPECIAL_MAS,ESTACION DE SERVICIO PIRAI S.R.L.,25000.0,VENTAS,OESTE,True
2026-10-01 00:24:20,2026-09-30,4,SCZ,Santa Cruz,Gasolina,GASOLINA ESPECIAL + (S/DSI),Gasolina Especial +,GASOLINA_ESPECIAL_MAS,ESTACION DE SERVICIO PALMASOLA,20000.0,VENTAS,SUR,True
2026-10-01 00:24:20,2026-09-30,4,SCZ,Santa Cruz,Gasolina,GASOLINA ESPECIAL + (S/DSI),Gasolina Especial +,GASOLINA_ESPECIAL_MAS,ESTACION DE SERVICIO ORSA SRL-SUCURSAL 1,25000.0,VENTAS,PORONGO,True
2026-10-01 00:24:20,2026-09-30,4,SCZ,Santa Cruz,Gasolina,GASOLINA ESPECIAL + (S/DSI),Gasolina Especial +,GASOLINA_ESPECIAL_MAS,ESTACION DE SERVICIO ORSA S.R.L.,20000.0,VENTAS,CENTRO,True
2026-10-01 00:24:20,2026-09-30,4,SCZ,Santa Cruz,Gasolina,GASOLINA ESPECIAL + (S/DSI),Gasolina Especial +,GASOLINA_ESPECIAL_MAS,ESTACION DE SERVICIO MONTAÑO S.R.L.,20000.0,VENTAS,SUR,True
2026-10-01 00:24:20,2026-09-30,4,SCZ,Santa Cruz,Gasolina,GASOLINA ESPECIAL + (S/DSI),Gasolina Especial +,GASOLINA_ESPECIAL_MAS,ESTACION DE SERVICIO LOS MANGALES S.R.L.,25000.0,VENTAS,OESTE,True
2026-10-01 00:24:20,2026-09-30,4,SCZ,Santa Cruz,Gasolina,GASOLINA ESPECIAL + (S/DSI),Gasolina Especial +,GASOLINA_ESPECIAL_MAS,ESTACION DE SERVICIO LAS CONCHAS S.R.L.-SUCURSAL LA ENCONADA,20000.0,VENTAS,PAILON,True
2026-10-01 00:24:20,2026-09-30,4,SCZ,Santa Cruz,Gasolina,GASOLINA ESPECIAL + (S/DSI),Gasolina Especial +,GASOLINA_ESPECIAL_MAS,ESTACION DE SERVICIO LA COLORADA,20000.0,VENTAS,SUR,True
2026-10-01 00:24:20,2026-09-30,4,SCZ,Santa Cruz,Gasolina,GASOLINA ESPECIAL + (S/DSI),Gasolina Especial +,GASOLINA_ESPECIAL_MAS,ESTACION DE SERVICIO LA CIMA,20000.0,VENTAS,CENTRO,False
2026-10-01 00:24:20,2026-09-30,4,SCZ,Santa Cruz,Gasolina,GASOLINA ESPECIAL + (S/DSI),Gasolina Especial +,GASOLINA_ESPECIAL_MAS,ESTACION DE SERVICIO JOSE JALDIN S.R.L,20000.0,VENTAS,SUR,False
2026-10-01 00:24:20,2026-09-30,4,SCZ,Santa Cruz,Gasolina,GASOLINA ESPECIAL + (S/DSI),Gasolina Especial +,GASOLINA_ESPECIAL_MAS,ESTACION DE SERVICIO EMANUEL S.R.L.,20000.0,VENTAS,SUR,True
2026-10-01 00:24:20,2026-09-30,4,SCZ,Santa Cruz,Gasolina,GASOLINA ESPECIAL + (S/DSI),Gasolina Especial +,GASOLINA_ESPECIAL_MAS,ESTACION DE SERVICIO ELISA S.R.L.,20000.0,VENTAS,SUR,True
2026-10-01 00:24:20,2026-09-30,4,SCZ,Santa Cruz,Gasolina,GASOLINA ESPECIAL + (S/DSI),Gasolina Especial +,GASOLINA_ESPECIAL_MAS,ESTACION DE SERVICIO EL TROMPILLO,20000.0,VENTAS,SUR,True
2026-10-01 00:24:20,2026-09-30,4,SCZ,Santa Cruz,Gasolina,GASOLINA ESPECIAL + (S/DSI),Gasolina Especial +,GASOLINA_ESPECIAL_MAS,ESTACION DE SERVICIO EL TERO TERO DE CHICHITA - RODRIGO REMY AQUINO ALVARADO,20000.0,VENTAS,CENTRO,True
2026-10-01 00:24:20,2026-09-30,4,SCZ,Santa Cruz,Gasolina,GASOLINA ESPECIAL + (S/DSI),Gasolina Especial +,GASOLINA_ESPECIAL_MAS,ESTACION DE SERVICIO EL TAROPE - JHONNY AGUILAR ADRIAZOLA,20000.0,VENTAS,ESTE,True
2026-10-01 00:24:20,2026-09-30,4,SCZ,Santa Cruz,Gasolina,GASOLINA ESPECIAL + (S/DSI),Gasolina Especial +,GASOLINA_ESPECIAL_MAS,ESTACION DE SERVICIO EL GASOMETRO S.R.L.,20000.0,VENTAS,ESTE,True
2026-10-01 00:24:20,2026-09-30,4,SCZ,Santa Cruz,Gasolina,GASOLINA ESPECIAL + (S/DSI),Gasolina Especial +,GASOLINA_ESPECIAL_MAS,ESTACION DE SERVICIO EL ARROYO S.R.L.,30000.0,VENTAS,CENTRO,True
2026-10-01 00:24:20,2026-09-30,4,SCZ,Santa Cruz,Gasolina,GASOLINA ESPECIAL + (S/DSI),Gasolina Especial +,GASOLINA_ESPECIAL_MAS,ESTACION DE SERVICIO DAVILA S.R.L.,20000.0,VENTAS,SUR,True
2026-10-01 00:24:20,2026-09-30,4,SCZ,Santa Cruz,Gasolina,GASOLINA ESPECIAL + (S/DSI),Gasolina Especial +,GASOLINA_ESPECIAL_MAS,ESTACION DE SERVICIO CLUB GAZEL S.R.L.,20000.0,VENTAS,SUR,True
2026-10-01 00:24:20,2026-09-30,4,SCZ,Santa Cruz,Gasolina,GASOLINA ESPECIAL + (S/DSI),Gasolina Especial +,GASOLINA_ESPECIAL_MAS,ESTACION DE SERVICIO 3F OIL S.R.L.,20000.0,VENTAS,OESTE,True
2026-10-01 00:24:20,2026-09-30,4,SCZ,Santa Cruz,Gasolina,GASOLINA ESPECIAL + (S/DSI),Gasolina Especial +,GASOLINA_ESPECIAL_MAS,EMPRESA DE SERVICIOS 8 DE NOVIEMBRE LTDA.,20000.0,VENTAS,SUR,False
2026-10-01 00:24:20,2026-09-30,4,SCZ,Santa Cruz,Gasolina,GASOLINA ESPECIAL + (S/DSI),Gasolina Especial +,GASOLINA_ESPECIAL_MAS,COMPLEJO AUTOMOTRIZ VIRGEN DE URKUPIÑA S.R.L.,20000.0,VENTAS,ESTE,True
2026-10-01 00:24:20,2026-09-30,4,SCZ,Santa Cruz,Gasolina,GASOLINA ESPECIAL + (S/DSI),Gasolina Especial +,GASOLINA_ESPECIAL_MAS,COMPAÑIA COMERCIAL DE GAS COMPRIMIDO C.G.C. S.R.L.,20000.0,VENTAS,SUR,True
2026-10-01 00:24:20,2026-09-30,4,SCZ,Santa Cruz,Gasolina,GASOLINA ESPECIAL + (S/DSI),Gasolina Especial +,GASOLINA_ESPECIAL_MAS,CIA BOLIVIANA DE GAS NATURAL COMPRIMIDO GENEX SA,20000.0,VENTAS,CENTRO,True
2026-10-01 00:24:20,2026-09-30,4,SCZ,Santa Cruz,Gasolina,GASOLINA ESPECIAL + (S/DSI),Gasolina Especial +,GASOLINA_ESPECIAL_MAS,BICENTENARIO SRL,25000.0,VENTAS,,True
2026-10-01 00:24:20,2026-09-30,4,SCZ,Santa Cruz,Gasolina,GASOLINA ESPECIAL EESS,Gasolina Especial,GASOLINA_ESPECIAL,ZONA COMERCIAL PUERTO SUAREZ,24000.0,TRANSFERENCIAS,,False
2026-10-01 00:24:20,2026-09-30,4,SCZ,Santa Cruz,Gasolina,GASOLINA ESPECIAL EESS,Gasolina Especial,GASOLINA_ESPECIAL,PUESTO DE VENTA SAIPINA,20000.0,TRANSFERENCIAS,SAIPINA,False
2026-10-01 00:24:20,2026-09-30,4,SCZ,Santa Cruz,Gasolina,GASOLINA ESPECIAL EESS,Gasolina Especial,GASOLINA_ESPECIAL,E.S.I. SAN PEDRO DEL NORTE,25000.0,TRANSFERENCIAS,SAN PEDRO DEL NORTE,False
2026-10-01 00:24:20,2026-09-30,4,SCZ,Santa Cruz,Gasolina,GASOLINA ESPECIAL EESS,Gasolina Especial,GASOLINA_ESPECIAL,E.S. SAN JULIAN,40000.0,TRANSFERENCIAS,SAN JULIAN,False
2026-10-01 00:24:20,2026-09-30,4,SCZ,Santa Cruz,Gasolina,GASOLINA ESPECIAL EESS,Gasolina Especial,GASOLINA_ESPECIAL,E.S. MORA,20000.0,TRANSFERENCIAS,MORA,False
2026-10-01 00:24:20,2026-09-30,4,SCZ,Santa Cruz,Gasolina,GASOLINA ESPECIAL EESS,Gasolina Especial,GASOLINA_ESPECIAL,E.S. EL PARI,40000.0,TRANSFERENCIAS,CENTRO,False
2026-10-01 00:24:20,2026-09-30,4,SCZ,Santa Cruz,Gasolina,GASOLINA ESPECIAL EESS,Gasolina Especial,GASOLINA_ESPECIAL,E.S. COMARAPA,20000.0,TRANSFERENCIAS,COMARAPA,False
2026-10-01 00:24:20,2026-09-30,4,SCZ,Santa Cruz,Gasolina,GASOLINA ESPECIAL EESS,Gasolina Especial,GASOLINA_ESPECIAL,E.S. CABEZAS,15000.0,TRANSFERENCIAS,CABEZAS,False
2026-10-01 00:24:20,2026-09-30,4,SCZ,Santa Cruz,Gasolina,GASOLINA ESPECIAL + (S/DSI),Gasolina Especial +,GASOLINA_ESPECIAL_MAS,E.S. EL PARI,40000.0,TRANSFERENCIAS,CENTRO,False
2026-10-01 00:24:20,2026-09-30,4,SCZ,Santa Cruz,Gasolina,GASOLINA ESPECIAL + (S/DSI),Gasolina Especial +,GASOLINA_ESPECIAL_MAS,E.S. CUARTO ANILLO,40000.0,TRANSFERENCIAS,SUR,False
2026-10-01 00:24:20,2026-09-30,14,TAR,Tarija,Diesel,DIESEL OIL NACIONAL EESS,Diesel Oil Nacional,DIESEL_NACIONAL,SULMA CARDOZO TOLABA,15000.0,VENTAS,,False
2026-10-01 00:24:20,2026-09-30,14,TAR,Tarija,Diesel,DIESEL OIL IMPORTADO EESS,Diesel Oil Importado,DIESEL_IMPORTADO,TACUARANDI S.R.L.,18000.0,VENTAS,,False
2026-10-01 00:24:20,2026-09-30,14,TAR,Tarija,Diesel,DIESEL OIL IMPORTADO EESS,Diesel Oil Importado,DIESEL_IMPORTADO,SOINTA S.R.L.,5000.0,VENTAS,,False
2026-10-01 00:24:20,2026-09-30,14,TAR,Tarija,Diesel,DIESEL OIL IMPORTADO EESS,Diesel Oil Importado,DIESEL_IMPORTADO,ESTACION DE SERVICIO SAN JORGE S.R.L.,20000.0,VENTAS,,True
2026-10-01 00:24:20,2026-09-30,14,TAR,Tarija,Diesel,DIESEL OIL IMPORTADO EESS,Diesel Oil Importado,DIESEL_IMPORTADO,ESTACION DE SERVICIO MOTO MENDEZ S.R.L.,10000.0,VENTAS,,True
2026-10-01 00:24:20,2026-09-30,14,TAR,Tarija,Diesel,DIESEL OIL IMPORTADO EESS,Diesel Oil Importado,DIESEL_IMPORTADO,E.S. EL PORTILLO S.R.L.,20000.0,VENTAS,,True
2026-10-01 00:24:20,2026-09-30,14,TAR,Tarija,Diesel,DIESEL OIL IMPORTADO EESS,Diesel Oil Importado,DIESEL_IMPORTADO,E.S. EL MOLLE S.R.L.,10000.0,VENTAS,,False
2026-10-01 00:24:20,2026-09-30,14,TAR,Tarija,Diesel,DIESEL OIL IMPORTADO EESS,Diesel Oil Importado,DIESEL_IMPORTADO,E.S. AV. CIRCUNVALACION S.R.L.,12000.0,VENTAS,,True
2026-10-01 00:24:20,2026-09-30,14,TAR,Tarija,Diesel,DIESEL OIL IMPORTADO EESS,Diesel Oil Importado,DIESEL_IMPORTADO,CONCEPCION MARIO PIMENTEL CHOQUE E.S. DON DANIEL,22000.0,VENTAS,,False
2026-10-01 00:24:20,2026-09-30,14,TAR,Tarija,Diesel,DIESEL OIL NACIONAL EESS,Diesel Oil Nacional,DIESEL_NACIONAL,ESTACION DE SERVICIO PADCAYA - YPFB,12000.0,TRANSFERENCIAS,,False
2026-10-01 00:24:20,2026-09-30,14,TAR,Tarija,Diesel,DIESEL OIL IMPORTADO EESS,Diesel Oil Importado,DIESEL_IMPORTADO,ESTACION DE SERVICIO PRESIDENTE ARCE,12000.0,TRANSFERENCIAS,,False
2026-10-01 00:24:20,2026-09-30,14,TAR,Tarija,Diesel,DIESEL OIL IMPORTADO EESS,Diesel Oil Importado,DIESEL_IMPORTADO,ESTACION DE SERVICIO LAS AMERICAS YPFB,10000.0,TRANSFERENCIAS,,False
2026-10-01 00:24:20,2026-09-30,14,TAR,Tarija,Gasolina,GASOLINA ESPECIAL + EESS,Gasolina Especial +,GASOLINA_ESPECIAL_MAS,TACUARANDI S.R.L.,10000.0,VENTAS,,True
2026-10-01 00:24:20,2026-09-30,14,TAR,Tarija,Gasolina,GASOLINA ESPECIAL + EESS,Gasolina Especial +,GASOLINA_ESPECIAL_MAS,SOINTA S.R.L.,10000.0,VENTAS,,False
2026-10-01 00:24:20,2026-09-30,14,TAR,Tarija,Gasolina,GASOLINA ESPECIAL + EESS,Gasolina Especial +,GASOLINA_ESPECIAL_MAS,RENE BENITEZ OSORIO - E.S. PANAMERICANO,10000.0,VENTAS,,True
2026-10-01 00:24:20,2026-09-30,14,TAR,Tarija,Gasolina,GASOLINA ESPECIAL + EESS,Gasolina Especial +,GASOLINA_ESPECIAL_MAS,ESTACION DE SERVICIOS TARIJA S.R.L.,13000.0,VENTAS,,True
2026-10-01 00:24:20,2026-09-30,14,TAR,Tarija,Gasolina,GASOLINA ESPECIAL + EESS,Gasolina Especial +,GASOLINA_ESPECIAL_MAS,ESTACION DE SERVICIO SAN JORGE S.R.L.,10000.0,VENTAS,,True
2026-10-01 00:24:20,2026-09-30,14,TAR,Tarija,Gasolina,GASOLINA ESPECIAL + EESS,Gasolina Especial +,GASOLINA_ESPECIAL_MAS,ESTACION DE SERVICIO MOTO MENDEZ S.R.L.,10000.0,VENTAS,,True
2026-10-01 00:24:20,2026-09-30,14,TAR,Tarija,Gasolina,GASOLINA ESPECIAL + EESS,Gasolina Especial +,GASOLINA_ESPECIAL_MAS,E.S. LA TERMINAL S.A.,12000.0,VENTAS,,True
2026-10-01 00:24:20,2026-09-30,14,TAR,Tarija,Gasolina,GASOLINA ESPECIAL + EESS,Gasolina Especial +,GASOLINA_ESPECIAL_MAS,E.S. EL PORTILLO S.R.L.,10000.0,VENTAS,,False
2026-10-01 00:24:20,2026-09-30,14,TAR,Tarija,Gasolina,GASOLINA ESPECIAL + EESS,Gasolina Especial +,GASOLINA_ESPECIAL_MAS,E.S. EL MOLLE S.R.L.,10000.0,VENTAS,,True
2026-10-01 00:24:20,2026-09-30,14,TAR,Tarija,Gasolina,GASOLINA ESPECIAL + EESS,Gasolina Especial +,GASOLINA_ESPECIAL_MAS,E.S. AV. CIRCUNVALACION S.R.L.,13000.0,VENTAS,,True
2026-10-01 00:24:20,2026-09-30,14,TAR,Tarija,Gasolina,GASOLINA ESPECIAL + EESS,Gasolina Especial +,GASOLINA_ESPECIAL_MAS,CONCEPCION MARIO PIMENTEL CHOQUE E.S. DON DANIEL,10000.0,VENTAS,,True
2026-10-01 00:24:20,2026-09-30,14,TAR,Tarija,Gasolina,GASOLINA ESPECIAL + EESS,Gasolina Especial +,GASOLINA_ESPECIAL_MAS,AGRUPA S.R.L.,13000.0,VENTAS,,True
2026-10-01 00:24:20,2026-09-30,14,TAR,Tarija,Gasolina,GASOLINA ESPECIAL EESS,Gasolina Especial,GASOLINA_ESPECIAL,ESTACION DE SERVICIO PADCAYA - YPFB,10000.0,TRANSFERENCIAS,,False
2026-10-01 00:24:20,2026-09-30,14,TAR,Tarija,Gasolina,GASOLINA ESPECIAL EESS,Gasolina Especial,GASOLINA_ESPECIAL,ESTACION DE SERVICIO LAS AMERICAS YPFB,10000.0,TRANSFERENCIAS,,False
2026-10-01 00:24:20,2026-09-30,14,TAR,Tarija,Gasolina,GASOLINA ESPECIAL + EESS,Gasolina Especial +,GASOLINA_ESPECIAL_MAS,ESTACION DE SERVICIO PRESIDENTE ARCE,10000.0,TRANSFERENCIAS,,False
2026-10-01 00:24:20,2026-09-30,14,TAR,Tarija,Gasolina,GASOLINA ESPECIAL + EESS,Gasolina Especial +,GASOLINA_ESPECIAL_MAS,ESTACION DE SERVICIO LAS AMERICAS YPFB,10000.0,TRANSFERENCIAS,,False
2026-10-01 00:24:20,2026-09-30,13,TRI,Trinidad,Diesel,DIESEL OIL NACIONAL EESS,Diesel Oil Nacional,DIESEL_NACIONAL,EST. SERGIO F. IRIARTE M.,20000.0,VENTAS,,False
2026-10-01 00:24:20,2026-09-30,13,TRI,Trinidad,Diesel,DIESEL OIL NACIONAL EESS,Diesel Oil Nacional,DIESEL_NACIONAL,"EST. SERGIO F. IRIARTE ""PAITITI""",20000.0,VENTAS,,False
2026-10-01 00:24:20,2026-09-30,13,TRI,Trinidad,Diesel,DIESEL OIL NACIONAL EESS,Diesel Oil Nacional,DIESEL_NACIONAL,EST. ERCALUG - ABELARDO DENNY RIVERO R.,20000.0,VENTAS,,False
2026-10-01 00:24:20,2026-09-30,13,TRI,Trinidad,Diesel,DIESEL OIL NACIONAL EESS,Diesel Oil Nacional,DIESEL_NACIONAL,EST. EL OASIS - ADALBERTO DURAN NATUSCH,25000.0,VENTAS,,False
2026-10-01 00:24:20,2026-09-30,13,TRI,Trinidad,Diesel,DIESEL OIL NACIONAL EESS,Diesel Oil Nacional,DIESEL_NACIONAL,EE.SS MUSERUNA - CRISTIAN M. CHAVEZ VALDIVIA,8000.0,VENTAS,,False
2026-10-01 00:24:20,2026-09-30,13,TRI,Trinidad,Diesel,DIESEL OIL NACIONAL EESS,Diesel Oil Nacional,DIESEL_NACIONAL,ESTACION DE SERVICIO POMPEYA,7500.0,TRANSFERENCIAS,,False
2026-10-01 00:24:20,2026-09-30,13,TRI,Trinidad,Gasolina,GASOLINA ESPECIAL + EESS,Gasolina Especial +,GASOLINA_ESPECIAL_MAS,ESTACION DE SERVICIO LAS PALQUITAS S.R.L.,24000.0,VENTAS,,False
2026-10-01 00:24:20,2026-09-30,13,TRI,Trinidad,Gasolina,GASOLINA ESPECIAL + EESS,Gasolina Especial +,GASOLINA_ESPECIAL_MAS,EST. SERGIO F. IRIARTE M.,25000.0,VENTAS,,False
2026-10-01 00:24:20,2026-09-30,13,TRI,Trinidad,Gasolina,GASOLINA ESPECIAL + EESS,Gasolina Especial +,GASOLINA_ESPECIAL_MAS,"EST. SERGIO F. IRIARTE ""PAITITI""",25000.0,VENTAS,,False
2026-10-01 00:24:20,2026-09-30,13,TRI,Trinidad,Gasolina,GASOLINA ESPECIAL + EESS,Gasolina Especial +,GASOLINA_ESPECIAL_MAS,EST. ERCALUG - ABELARDO DENNY RIVERO R.,25000.0,VENTAS,,False
2026-10-01 00:24:20,2026-09-30,13,TRI,Trinidad,Gasolina,GASOLINA ESPECIAL + EESS,Gasolina Especial +,GASOLINA_ESPECIAL_MAS,EST. EL OASIS - ADALBERTO DURAN NATUSCH,25000.0,VENTAS,,False
2026-10-01 00:24:20,2026-09-30,13,TRI,Trinidad,Gasolina,GASOLINA ESPECIAL + EESS,Gasolina Especial +,GASOLINA_ESPECIAL_MAS,EE.SS MUSERUNA - CRISTIAN M. CHAVEZ VALDIVIA,16000.0,VENTAS,,False
2026-10-01 00:24:20,2026-09-30,13,TRI,Trinidad,Gasolina,GASOLINA ESPECIAL + EESS,Gasolina Especial +,GASOLINA_ESPECIAL_MAS,ESTACION DE SERVICIO POMPEYA,16500.0,TRANSFERENCIAS,,False
2026-10-01 00:24:20,2026-09-30,24,TUP,Tupiza,Diesel,DIESEL OIL NACIONAL EESS,Diesel Oil Nacional,DIESEL_NACIONAL,EE.SS. SANTIAGO DE COTAGAITA,10000.0,VENTAS,,False
2026-10-01 00:24:20,2026-09-30,24,TUP,Tupiza,Diesel,DIESEL OIL IMPORTADO EESS,Diesel Oil Importado,DIESEL_IMPORTADO,EE.SS. PETRO CENTER,30000.0,VENTAS,,False
2026-10-01 00:24:20,2026-09-30,24,TUP,Tupiza,Diesel,DIESEL OIL IMPORTADO EESS,Diesel Oil Importado,DIESEL_IMPORTADO,EE.SS. 4 DE JUNIO,30000.0,VENTAS,,False
2026-10-01 00:24:20,2026-09-30,24,TUP,Tupiza,Diesel,DIESEL OIL IMPORTADO EESS,Diesel Oil Importado,DIESEL_IMPORTADO,EE.SS. TUPIZA,10000.0,TRANSFERENCIAS,,False
2026-10-01 00:24:20,2026-09-30,24,TUP,Tupiza,Gasolina,GASOLINA ESPECIAL EESS,Gasolina Especial,GASOLINA_ESPECIAL,EE.SS. SANTIAGO DE COTAGAITA,4000.0,VENTAS,,False
2026-10-01 00:24:20,2026-09-30,24,TUP,Tupiza,Gasolina,GASOLINA ESPECIAL EESS,Gasolina Especial,GASOLINA_ESPECIAL,EE.SS. PETRO CENTER,7000.0,VENTAS,,False
2026-10-01 00:24:20,2026-09-30,24,TUP,Tupiza,Gasolina,GASOLINA ESPECIAL EESS,Gasolina Especial,GASOLINA_ESPECIAL,EE.SS. 4 DE JUNIO,7000.0,VENTAS,,False
2026-10-01 00:24:20,2026-09-30,24,TUP,Tupiza,Gasolina,GASOLINA ESPECIAL EESS,Gasolina Especial,GASOLINA_ESPECIAL,EE.SS. TUPIZA,7000.0,TRANSFERENCIAS,,False
2026-10-01 00:24:20,2026-09-30,23,UYU,Uyuni,Diesel,DIESEL OIL NACIONAL EESS,Diesel Oil Nacional,DIESEL_NACIONAL,EE.SS. TRES GIGANTES LTDA.,20000.0,VENTAS,,False
2026-10-01 00:24:20,2026-09-30,23,UYU,Uyuni,Diesel,DIESEL OIL NACIONAL EESS,Diesel Oil Nacional,DIESEL_NACIONAL,EE.SS. HOTEL DE SAL PLAYA BLANCA-COROMA,10000.0,VENTAS,,False
2026-10-01 00:24:20,2026-09-30,23,UYU,Uyuni,Diesel,DIESEL OIL IMPORTADO EESS,Diesel Oil Importado,DIESEL_IMPORTADO,EE.SS. SAN CRISTOBAL S.R.L.,15000.0,VENTAS,,False
2026-10-01 00:24:20,2026-09-30,23,UYU,Uyuni,Diesel,DIESEL OIL IMPORTADO EESS,Diesel Oil Importado,DIESEL_IMPORTADO,EE.SS. HOTEL DE SAL PLAYA BLANCA,15000.0,VENTAS,,False
2026-10-01 00:24:20,2026-09-30,23,UYU,Uyuni,Diesel,DIESEL OIL IMPORTADO EESS,Diesel Oil Importado,DIESEL_IMPORTADO,EE.SS. GRUPO COLQUE S.R.L.,15000.0,VENTAS,,False
2026-10-01 00:24:20,2026-09-30,23,UYU,Uyuni,Diesel,DIESEL OIL IMPORTADO EESS,Diesel Oil Importado,DIESEL_IMPORTADO,EE.SS. DISTRIGAS,15000.0,VENTAS,,False
2026-10-01 00:24:20,2026-09-30,23,UYU,Uyuni,Diesel,DIESEL OIL IMPORTADO CF,Diesel Oil Importado,DIESEL_IMPORTADO,TESORERA S.A.,8000.0,VENTAS,,False
2026-10-01 00:24:20,2026-09-30,23,UYU,Uyuni,Diesel,DIESEL OIL IMPORTADO CF,Diesel Oil Importado,DIESEL_IMPORTADO,G.A.M. COLCHA K,15000.0,VENTAS,,False
2026-10-01 00:24:20,2026-09-30,23,UYU,Uyuni,Diesel,DIESEL OIL IMPORTADO EESS,Diesel Oil Importado,DIESEL_IMPORTADO,EE.SS. UYUNI,20000.0,TRANSFERENCIAS,,False
2026-10-01 00:24:20,2026-09-30,23,UYU,Uyuni,Gasolina,GASOLINA ESPECIAL EESS,Gasolina Especial,GASOLINA_ESPECIAL,EE.SS. SAN CRISTOBAL S.R.L.,15000.0,VENTAS,,False
2026-10-01 00:24:20,2026-09-30,23,UYU,Uyuni,Gasolina,GASOLINA ESPECIAL EESS,Gasolina Especial,GASOLINA_ESPECIAL,EE.SS. HOTEL DE SAL PLAYA BLANCA-COROMA,10000.0,VENTAS,,False
2026-10-01 00:24:20,2026-09-30,23,UYU,Uyuni,Gasolina,GASOLINA ESPECIAL EESS,Gasolina Especial,GASOLINA_ESPECIAL,EE.SS. HOTEL DE SAL PLAYA BLANCA,21000.0,VENTAS,,False
2026-10-01 00:24:20,2026-09-30,23,UYU,Uyuni,Gasolina,GASOLINA ESPECIAL EESS,Gasolina Especial,GASOLINA_ESPECIAL,EE.SS. GRUPO COLQUE S.R.L.,10000.0,VENTAS,,False
2026-10-01 00:24:20,2026-09-30,23,UYU,Uyuni,Gasolina,GASOLINA ESPECIAL EESS,Gasolina Especial,GASOLINA_ESPECIAL,EE.SS. DISTRIGAS,35000.0,VENTAS,,False
2026-10-01 00:24:20,2026-09-30,23,UYU,Uyuni,Gasolina,GASOLINA ESPECIAL EESS,Gasolina Especial,GASOLINA_ESPECIAL,EE.SS. UYUNI,15000.0,TRANSFERENCIAS,,False
2026-10-01 00:24:20,2026-09-30,18,VLM,Villamontes,Diesel,DIESEL OIL IMPORTADO EESS,Diesel Oil Importado,DIESEL_IMPORTADO,ESTACION DE SERVICIO CAIGUAMI S.R.L. SUCURSAL 1,7000.0,VENTAS,,True
2026-10-01 00:24:20,2026-09-30,18,VLM,Villamontes,Diesel,DIESEL OIL IMPORTADO EESS,Diesel Oil Importado,DIESEL_IMPORTADO,ESTACION DE SERVICIO CAIGUAMI S.R.L.,15000.0,VENTAS,,True
2026-10-01 00:24:20,2026-09-30,18,VLM,Villamontes,Diesel,DIESEL OIL IMPORTADO EESS,Diesel Oil Importado,DIESEL_IMPORTADO,ENZO J. IRADY CESPEDES- E.S. EL CHANAR,10000.0,VENTAS,,True
2026-10-01 00:24:20,2026-09-30,18,VLM,Villamontes,Diesel,DIESEL OIL IMPORTADO EESS,Diesel Oil Importado,DIESEL_IMPORTADO,ESTACION DE SERVICIO PALOS BLANCOS,17000.0,TRANSFERENCIAS,,False
2026-10-01 00:24:20,2026-09-30,18,VLM,Villamontes,Gasolina,GASOLINA ESPECIAL EESS,Gasolina Especial,GASOLINA_ESPECIAL,ESTACION DE SERVICIO CAIGUAMI S.R.L. SUCURSAL 1,7000.0,VENTAS,,True
2026-10-01 00:24:20,2026-09-30,18,VLM,Villamontes,Gasolina,GASOLINA ESPECIAL EESS,Gasolina Especial,GASOLINA_ESPECIAL,ESTACION DE SERVICIO CAIGUAMI S.R.L.,7000.0,VENTAS,,True
2026-10-01 00:24:20,2026-09-30,18,VLM,Villamontes,Gasolina,GASOLINA ESPECIAL EESS,Gasolina Especial,GASOLINA_ESPECIAL,ENZO J. IRADY CESPEDES- E.S. EL CHANAR,5000.0,VENTAS,,True
2026-10-01 00:24:20,2026-09-30,18,VLM,Villamontes,Gasolina,GASOLINA ESPECIAL EESS,Gasolina Especial,GASOLINA_ESPECIAL,ESTACION DE SERVICIO PALOS BLANCOS,6000.0,TRANSFERENCIAS,,False
2026-10-01 00:24:20,2026-09-30,16,VLZ,Villazon,Diesel,DIESEL OIL IMPORTADO EESS,Diesel Oil Importado,DIESEL_IMPORTADO,EE.SS. VILLAZON,10000.0,VENTAS,,True
2026-10-01 00:24:20,2026-09-30,16,VLZ,Villazon,Diesel,DIESEL OIL IMPORTADO EESS,Diesel Oil Importado,DIESEL_IMPORTADO,EE.SS. COTRANSUD R.L.,15000.0,VENTAS,,True
2026-10-01 00:24:20,2026-09-30,16,VLZ,Villazon,Diesel,DIESEL OIL IMPORTADO EESS,Diesel Oil Importado,DIESEL_IMPORTADO,EE.SS. 20 DE MAYO LTDA.,18000.0,VENTAS,,True
2026-10-01 00:24:20,2026-09-30,16,VLZ,Villazon,Diesel,DIESEL OIL IMPORTADO EESS,Diesel Oil Importado,DIESEL_IMPORTADO,EE.SS. ANTOFAGASTA,12001.0,TRANSFERENCIAS,,False
2026-10-01 00:24:20,2026-09-30,15,YAC,Yacuiba,Diesel,DIESEL OIL IMPORTADO EESS,Diesel Oil Importado,DIESEL_IMPORTADO,VANGAS S.A.,9000.0,VENTAS,,False
2026-10-01 00:24:20,2026-09-30,15,YAC,Yacuiba,Diesel,DIESEL OIL IMPORTADO EESS,Diesel Oil Importado,DIESEL_IMPORTADO,IVAN ELIAS AQUINO ALVARADO E.S. TERO TERO,25000.0,VENTAS,,True
2026-10-01 00:24:20,2026-09-30,15,YAC,Yacuiba,Diesel,DIESEL OIL IMPORTADO EESS,Diesel Oil Importado,DIESEL_IMPORTADO,EST. SERV. M. WARRIOR S.R.L.,25000.0,VENTAS,,True
2026-10-01 00:24:20,2026-09-30,15,YAC,Yacuiba,Diesel,DIESEL OIL IMPORTADO EESS,Diesel Oil Importado,DIESEL_IMPORTADO,EST. SERV. COPACABANA SRL E.S. COPACABANA,25000.0,VENTAS,,True
2026-10-01 00:24:20,2026-09-30,15,YAC,Yacuiba,Diesel,DIESEL OIL IMPORTADO EESS,Diesel Oil Importado,DIESEL_IMPORTADO,ESTACION DE SERVICIO CARAPARI,12500.0,TRANSFERENCIAS,,False
2026-10-01 00:24:20,2026-09-30,15,YAC,Yacuiba,Gasolina,GASOLINA ESPECIAL EESS,Gasolina Especial,GASOLINA_ESPECIAL,VANGAS S.A.,4000.0,VENTAS,,True
2026-10-01 00:24:20,2026-09-30,15,YAC,Yacuiba,Gasolina,GASOLINA ESPECIAL EESS,Gasolina Especial,GASOLINA_ESPECIAL,IVAN ELIAS AQUINO ALVARADO E.S. TERO TERO,4000.0,VENTAS,,True
2026-10-01 00:24:20,2026-09-30,15,YAC,Yacuiba,Gasolina,GASOLINA ESPECIAL EESS,Gasolina Especial,GASOLINA_ESPECIAL,EST. SERV. M. WARRIOR S.R.L.,4000.0,VENTAS,,True
2026-10-01 00:24:20,2026-09-30,15,YAC,Yacuiba,Gasolina,GASOLINA ESPECIAL EESS,Gasolina Especial,GASOLINA_ESPECIAL,EST. SERV. COPACABANA SRL E.S. COPACABANA,4000.0,VENTAS,,True
2026-10-01 00:24:20,2026-09-30,15,YAC,Yacuiba,Gasolina,GASOLINA ESPECIAL EESS,Gasolina Especial,GASOLINA_ESPECIAL,ESTACION DE SERVICIO CARAPARI,5000.0,TRANSFERENCIAS,,False
2026-10-01 00:24:20,2026-09-30,15,YAC,Yacuiba,Gasolina,GASOLINA ESPECIAL EESS,Gasolina Especial,GASOLINA_ESPECIAL,ES.SS.SAN MARTIN,4000.0,TRANSFERENCIAS,,False
2026-10-01 00:24:20,2026-09-30,7,CAM,Zona Comercial Camiri,Diesel,DIESEL OIL NACIONAL EESS,Diesel Oil Nacional,DIESEL_NACIONAL,E° S° CORDILLERA,14000.0,VENTAS,,False
2026-10-01 00:24:20,2026-09-30,7,CAM,Zona Comercial Camiri,Diesel,DIESEL OIL NACIONAL EESS,Diesel Oil Nacional,DIESEL_NACIONAL,ESTACION DE SERVICIO PIRAI S.R.L. SUCURSAL 2,7000.0,VENTAS,,False
2026-10-01 00:24:20,2026-09-30,7,CAM,Zona Comercial Camiri,Diesel,DIESEL OIL NACIONAL EESS,Diesel Oil Nacional,DIESEL_NACIONAL,ESTACION DE SERVICIO CEDEÑO,7000.0,VENTAS,,False
2026-10-01 00:24:20,2026-09-30,7,CAM,Zona Comercial Camiri,Diesel,DIESEL OIL NACIONAL EESS,Diesel Oil Nacional,DIESEL_NACIONAL,ESTACION DE SERVICIO CAMIRIGAS SRL.,7000.0,VENTAS,,False
2026-10-01 00:24:20,2026-09-30,7,CAM,Zona Comercial Camiri,Diesel,DIESEL OIL NACIONAL EESS,Diesel Oil Nacional,DIESEL_NACIONAL,EE SS CORDILLERA LA WILLIAMS,7000.0,VENTAS,,False
2026-10-01 00:24:20,2026-09-30,7,CAM,Zona Comercial Camiri,Gasolina,GASOLINA ESPECIAL EESS,Gasolina Especial,GASOLINA_ESPECIAL,E° S° CORDILLERA,12000.0,VENTAS,,False
2026-10-01 00:24:20,2026-09-30,7,CAM,Zona Comercial Camiri,Gasolina,GASOLINA ESPECIAL EESS,Gasolina Especial,GASOLINA_ESPECIAL,ESTACION DE SERVICIO PIRAI S.R.L. SUCURSAL 2,3000.0,VENTAS,,False
2026-10-01 00:24:20,2026-09-30,7,CAM,Zona Comercial Camiri,Gasolina,GASOLINA ESPECIAL EESS,Gasolina Especial,GASOLINA_ESPECIAL,ESTACION DE SERVICIO CEDEÑO,6000.0,VENTAS,,False
2026-10-01 00:24:20,2026-09-30,7,CAM,Zona Comercial Camiri,Gasolina,GASOLINA ESPECIAL EESS,Gasolina Especial,GASOLINA_ESPECIAL,ESTACION DE SERVICIO CAMIRIGAS SRL.,6000.0,VENTAS,,False
2026-10-01 00:24:20,2026-09-30,7,CAM,Zona Comercial Camiri,Gasolina,GASOLINA ESPECIAL EESS,Gasolina Especial,GASOLINA_ESPECIAL,EE SS CORDILLERA LA WILLIAMS,6000.0,VENTAS,,False
2026-10-01 00:24:20,2026-09-30,8,SJC,Zona Comercial San Jose de Chiquitos,Diesel,DIESEL OIL NACIONAL EESS,Diesel Oil Nacional,DIESEL_NACIONAL,SURTIDOR GUAPOMO S.R.L.,20000.0,VENTAS,,False
2026-10-01 00:24:20,2026-09-30,8,SJC,Zona Comercial San Jose de Chiquitos,Diesel,DIESEL OIL NACIONAL EESS,Diesel Oil Nacional,DIESEL_NACIONAL,PUERTO S.R.L.,35000.0,VENTAS,,False
2026-10-01 00:24:20,2026-09-30,8,SJC,Zona Comercial San Jose de Chiquitos,Diesel,DIESEL OIL NACIONAL EESS,Diesel Oil Nacional,DIESEL_NACIONAL,E°S° CIRO ROMERO ESTRADA- ROMERO ESTRADA CIRO,15000.0,VENTAS,,False
2026-10-01 00:24:20,2026-09-30,8,SJC,Zona Comercial San Jose de Chiquitos,Diesel,DIESEL OIL NACIONAL EESS,Diesel Oil Nacional,DIESEL_NACIONAL,E° S° SAN IGNACIO DE VELASCO,10000.0,VENTAS,,False
2026-10-01 00:24:20,2026-09-30,8,SJC,Zona Comercial San Jose de Chiquitos,Diesel,DIESEL OIL NACIONAL EESS,Diesel Oil Nacional,DIESEL_NACIONAL,ESTACION DE SERVICIO CASIRIGEOPETROL S.R.L.,20000.0,VENTAS,,False
2026-10-01 00:24:20,2026-09-30,8,SJC,Zona Comercial San Jose de Chiquitos,Diesel,DIESEL OIL NACIONAL EESS,Diesel Oil Nacional,DIESEL_NACIONAL,"ESTACION DE SERVICIO ""GEOPETROL""",15000.0,VENTAS,,False
2026-10-01 00:24:20,2026-09-30,8,SJC,Zona Comercial San Jose de Chiquitos,Diesel,DIESEL OIL NACIONAL EESS,Diesel Oil Nacional,DIESEL_NACIONAL,"EST. DE SERVICIO ""EL CHIQUITANO""",20000.0,VENTAS,,False
2026-10-01 00:24:20,2026-09-30,8,SJC,Zona Comercial San Jose de Chiquitos,Diesel,DIESEL OIL IMPORTADO EESS,Diesel Oil Importado,DIESEL_IMPORTADO,"ESTACIÓN DE SERVICIO ""EL MANA"" S.R.L.",15000.0,VENTAS,,False
2026-10-01 00:24:20,2026-09-30,8,SJC,Zona Comercial San Jose de Chiquitos,Diesel,DIESEL OIL NACIONAL EESS,Diesel Oil Nacional,DIESEL_NACIONAL,EESS PUERTO QUIJARRO,20000.0,TRANSFERENCIAS,,False
2026-10-01 00:24:20,2026-09-30,8,SJC,Zona Comercial San Jose de Chiquitos,Diesel,DIESEL OIL NACIONAL EESS,Diesel Oil Nacional,DIESEL_NACIONAL,EESS MARISCAL SUCRE,15000.0,TRANSFERENCIAS,,False
2026-10-01 00:24:20,2026-09-30,8,SJC,Zona Comercial San Jose de Chiquitos,Diesel,DIESEL OIL NACIONAL EESS,Diesel Oil Nacional,DIESEL_NACIONAL,E.S. SAN JOSE DE CHIQUITOS,15000.0,TRANSFERENCIAS,,False
2026-10-01 03:15:43,2026-10-01,11,AMZ,Amazonico,Diesel,DIESEL OIL NACIONAL EESS,Diesel Oil Nacional,DIESEL_NACIONAL,INTEGRACION RIBERALTA S.R.L.,15000.0,VENTAS,,False
2026-10-01 03:15:43,2026-10-01,11,AMZ,Amazonico,Diesel,DIESEL OIL NACIONAL EESS,Diesel Oil Nacional,DIESEL_NACIONAL,HIDROCARBUROS VACA DIEZ S.R.L,10000.0,VENTAS,,False
2026-10-01 03:15:43,2026-10-01,11,AMZ,Amazonico,Diesel,DIESEL OIL NACIONAL EESS,Diesel Oil Nacional,DIESEL_NACIONAL,ESTACION DE SERVICIO IMANOL,15000.0,VENTAS,,False
2026-10-01 03:15:43,2026-10-01,11,AMZ,Amazonico,Diesel,DIESEL OIL NACIONAL EESS,Diesel Oil Nacional,DIESEL_NACIONAL,ESTACION DE SERVICIO AMAZONAS S.R.L.,15000.0,VENTAS,,False
2026-10-01 03:15:43,2026-10-01,11,AMZ,Amazonico,Diesel,DIESEL OIL NACIONAL EESS,Diesel Oil Nacional,DIESEL_NACIONAL,HEROES DEL CHACO,24000.0,TRANSFERENCIAS,,False
2026-10-01 03:15:43,2026-10-01,11,AMZ,Amazonico,Gasolina,GASOLINA ESPECIAL EESS,Gasolina Especial,GASOLINA_ESPECIAL,INTEGRACION RIBERALTA S.R.L.,15000.0,VENTAS,,False
2026-10-01 03:15:43,2026-10-01,11,AMZ,Amazonico,Gasolina,GASOLINA ESPECIAL EESS,Gasolina Especial,GASOLINA_ESPECIAL,HIDROCARBUROS VACA DIEZ S.R.L,10000.0,VENTAS,,False
2026-10-01 03:15:43,2026-10-01,11,AMZ,Amazonico,Gasolina,GASOLINA ESPECIAL EESS,Gasolina Especial,GASOLINA_ESPECIAL,ESTACION DE SERVICIO IMANOL,15000.0,VENTAS,,False
2026-10-01 03:15:43,2026-10-01,11,AMZ,Amazonico,Gasolina,GASOLINA ESPECIAL EESS,Gasolina Especial,GASOLINA_ESPECIAL,ESTACION DE SERVICIO GASPETROL S.R.L.,15000.0,VENTAS,,False
2026-10-01 03:15:43,2026-10-01,11,AMZ,Amazonico,Gasolina,GASOLINA ESPECIAL EESS,Gasolina Especial,GASOLINA_ESPECIAL,ESTACION DE SERVICIO AMAZONAS S.R.L.,15000.0,VENTAS,,False
2026-10-01 03:15:43,2026-10-01,11,AMZ,Amazonico,Gasolina,GASOLINA ESPECIAL EESS,Gasolina Especial,GASOLINA_ESPECIAL,HEROES DEL CHACO,16000.0,TRANSFERENCIAS,,False
2026-10-01 03:15:43,2026-10-01,20,CHU,Chuquisaca,Diesel,DIESEL OIL NACIONAL EESS,Diesel Oil Nacional,DIESEL_NACIONAL,EOSO NAYLER - ROSARIO ALCOCER GUEVARA,24000.0,VENTAS,,False
2026-10-01 03:15:43,2026-10-01,20,CHU,Chuquisaca,Diesel,DIESEL OIL NACIONAL EESS,Diesel Oil Nacional,DIESEL_NACIONAL,EOSO MESA VERDE - JOSE ANTONIO CANEDO C.,20000.0,VENTAS,,False
2026-10-01 03:15:43,2026-10-01,20,CHU,Chuquisaca,Diesel,DIESEL OIL NACIONAL EESS,Diesel Oil Nacional,DIESEL_NACIONAL,EOSO MARIA ALEJANDRA - JACINTO VEDIA B.,20000.0,VENTAS,,False
2026-10-01 03:15:43,2026-10-01,20,CHU,Chuquisaca,Diesel,DIESEL OIL NACIONAL EESS,Diesel Oil Nacional,DIESEL_NACIONAL,E.S. AZARI - ATHINA ALEXIE HIGUERAS URQUIZU,20000.0,VENTAS,,False
2026-10-01 03:15:43,2026-10-01,20,CHU,Chuquisaca,Diesel,DIESEL OIL NACIONAL EESS,Diesel Oil Nacional,DIESEL_NACIONAL,COOPERATIVA DE TRANSPORTE DE CARGA NACIONAL E INTERNACIONAL MARISCAL SUCRE R.L.,24000.0,VENTAS,,False
2026-10-01 03:15:43,2026-10-01,20,CHU,Chuquisaca,Gasolina,GASOLINA ESPECIAL EESS,Gasolina Especial,GASOLINA_ESPECIAL,EOSO MESA VERDE - JOSE ANTONIO CANEDO C.,20000.0,VENTAS,,False
2026-10-01 03:15:43,2026-10-01,20,CHU,Chuquisaca,Gasolina,GASOLINA ESPECIAL EESS,Gasolina Especial,GASOLINA_ESPECIAL,EOSO JUANA AZURDUY - ROSARIO ALCOCER GUEVARA,24000.0,VENTAS,,False
2026-10-01 03:15:43,2026-10-01,20,CHU,Chuquisaca,Gasolina,GASOLINA ESPECIAL EESS,Gasolina Especial,GASOLINA_ESPECIAL,E.S. AZARI - ATHINA ALEXIE HIGUERAS URQUIZU,12500.0,VENTAS,,False
2026-10-01 03:15:43,2026-10-01,10,COB,Cobija,Diesel,DIESEL OIL NACIONAL EESS,Diesel Oil Nacional,DIESEL_NACIONAL,EL PROGRESO,10000.0,TRANSFERENCIAS,,False
2026-10-01 03:15:43,2026-10-01,10,COB,Cobija,Gasolina,GASOLINA ESPECIAL EESS,Gasolina Especial,GASOLINA_ESPECIAL,LUCIO VILLCA CONDORI,18000.0,VENTAS,,False
2026-10-01 03:15:43,2026-10-01,10,COB,Cobija,Gasolina,GASOLINA ESPECIAL EESS,Gasolina Especial,GASOLINA_ESPECIAL,EÂºSÂº TISTY,18000.0,VENTAS,,False
2026-10-01 03:15:43,2026-10-01,10,COB,Cobija,Gasolina,GASOLINA ESPECIAL EESS,Gasolina Especial,GASOLINA_ESPECIAL,ESTACION DE SERVICIO COBIJA,15000.0,TRANSFERENCIAS,,False
2026-10-01 03:15:43,2026-10-01,10,COB,Cobija,Gasolina,GASOLINA ESPECIAL EESS,Gasolina Especial,GASOLINA_ESPECIAL,EL PROGRESO,15000.0,TRANSFERENCIAS,,False
2026-10-01 03:15:43,2026-10-01,19,CEN,Cochabamba,Diesel,DIESEL OIL NACIONAL EESS,Diesel Oil Nacional,DIESEL_NACIONAL,TERMINAL DE BUSES COCHABAMBA S.A.,14000.0,VENTAS,,False
2026-10-01 03:15:43,2026-10-01,19,CEN,Cochabamba,Diesel,DIESEL OIL NACIONAL EESS,Diesel Oil Nacional,DIESEL_NACIONAL,IMBRANJO S.R.L.,20000.0,VENTAS,,False
2026-10-01 03:15:43,2026-10-01,19,CEN,Cochabamba,Diesel,DIESEL OIL NACIONAL EESS,Diesel Oil Nacional,DIESEL_NACIONAL,ESTACIÃN DE SERVICIO VALLESANTIVAÃEZ S.R.L.,12000.0,VENTAS,,False
2026-10-01 03:15:43,2026-10-01,19,CEN,Cochabamba,Diesel,DIESEL OIL NACIONAL EESS,Diesel Oil Nacional,DIESEL_NACIONAL,ESTACIÃN DE SERVICIO FRANQUITO,12000.0,VENTAS,,False
2026-10-01 03:15:43,2026-10-01,19,CEN,Cochabamba,Diesel,DIESEL OIL NACIONAL EESS,Diesel Oil Nacional,DIESEL_NACIONAL,ESTACION DE SERVICIO TICTI S.R.L.,15000.0,VENTAS,,False
2026-10-01 03:15:43,2026-10-01,19,CEN,Cochabamba,Diesel,DIESEL OIL NACIONAL EESS,Diesel Oil Nacional,DIESEL_NACIONAL,ESTACION DE SERVICIO PAPU S.R.L.,12000.0,VENTAS,,False
2026-10-01 03:15:43,2026-10-01,19,CEN,Cochabamba,Diesel,DIESEL OIL NACIONAL EESS,Diesel Oil Nacional,DIESEL_NACIONAL,ESTACION DE SERVICIO OMEREQUE,12000.0,VENTAS,,False
2026-10-01 03:15:43,2026-10-01,19,CEN,Cochabamba,Diesel,DIESEL OIL NACIONAL EESS,Diesel Oil Nacional,DIESEL_NACIONAL,ESTACION DE SERVICIO LOS LIBERTADORES S.R.L.,12000.0,VENTAS,,False
2026-10-01 03:15:43,2026-10-01,19,CEN,Cochabamba,Diesel,DIESEL OIL NACIONAL EESS,Diesel Oil Nacional,DIESEL_NACIONAL,ESTACION DE SERVICIO LOS ALAMOS S.R.L.,30000.0,VENTAS,,False
2026-10-01 03:15:43,2026-10-01,19,CEN,Cochabamba,Diesel,DIESEL OIL NACIONAL EESS,Diesel Oil Nacional,DIESEL_NACIONAL,ESTACION DE SERVICIO BEIJING S.R.L.,14000.0,VENTAS,,False
2026-10-01 03:15:43,2026-10-01,19,CEN,Cochabamba,Diesel,DIESEL OIL NACIONAL EESS,Diesel Oil Nacional,DIESEL_NACIONAL,ESTACION DE SERVICIO ANITA,20000.0,VENTAS,,False
2026-10-01 03:15:43,2026-10-01,19,CEN,Cochabamba,Diesel,DIESEL OIL NACIONAL EESS,Diesel Oil Nacional,DIESEL_NACIONAL,"EST. DE SERV. ""VILLA OBRAJES""",20000.0,VENTAS,,False
2026-10-01 03:15:43,2026-10-01,19,CEN,Cochabamba,Diesel,DIESEL OIL NACIONAL EESS,Diesel Oil Nacional,DIESEL_NACIONAL,"EST. DE SERV. ""URKUPINA"" - ALBERTO OPORTO",15000.0,VENTAS,,False
2026-10-01 03:15:43,2026-10-01,19,CEN,Cochabamba,Diesel,DIESEL OIL NACIONAL EESS,Diesel Oil Nacional,DIESEL_NACIONAL,"EST. DE SERV. ""URKUPINA I""- ALBERTO OPORTO L.",6000.0,VENTAS,,False
2026-10-01 03:15:43,2026-10-01,19,CEN,Cochabamba,Diesel,DIESEL OIL NACIONAL EESS,Diesel Oil Nacional,DIESEL_NACIONAL,"EST. DE SERV. ""TRANS SACABA S.A.""",14000.0,VENTAS,,False
2026-10-01 03:15:43,2026-10-01,19,CEN,Cochabamba,Diesel,DIESEL OIL NACIONAL EESS,Diesel Oil Nacional,DIESEL_NACIONAL,"EST. DE SERV. ""TRANS SACABA S.A. II""",17000.0,VENTAS,,False
2026-10-01 03:15:43,2026-10-01,19,CEN,Cochabamba,Diesel,DIESEL OIL NACIONAL EESS,Diesel Oil Nacional,DIESEL_NACIONAL,"EST. DE SERV. ""TIRAQUE""",12000.0,VENTAS,,False
2026-10-01 03:15:43,2026-10-01,19,CEN,Cochabamba,Diesel,DIESEL OIL NACIONAL EESS,Diesel Oil Nacional,DIESEL_NACIONAL,"EST. DE SERV. ""TIQUIPAYA"" - VENICIA ALANEZ JIMENES",6000.0,VENTAS,,False
2026-10-01 03:15:43,2026-10-01,19,CEN,Cochabamba,Diesel,DIESEL OIL NACIONAL EESS,Diesel Oil Nacional,DIESEL_NACIONAL,"EST. DE SERV. ""SUTICOLLO""",22000.0,VENTAS,,False
2026-10-01 03:15:43,2026-10-01,19,CEN,Cochabamba,Diesel,DIESEL OIL NACIONAL EESS,Diesel Oil Nacional,DIESEL_NACIONAL,"EST. DE SERV. ""SURTIDOR CAMPERO""",12000.0,VENTAS,,False
2026-10-01 03:15:43,2026-10-01,19,CEN,Cochabamba,Diesel,DIESEL OIL NACIONAL EESS,Diesel Oil Nacional,DIESEL_NACIONAL,"EST. DE SERV. ""SIPE SIPE S.R.L.""",32000.0,VENTAS,,False
2026-10-01 03:15:43,2026-10-01,19,CEN,Cochabamba,Diesel,DIESEL OIL NACIONAL EESS,Diesel Oil Nacional,DIESEL_NACIONAL,"EST. DE SERV. ""SENOR SANTIAGO"" - E. DELGADILLO",6000.0,VENTAS,,False
2026-10-01 03:15:43,2026-10-01,19,CEN,Cochabamba,Diesel,DIESEL OIL NACIONAL EESS,Diesel Oil Nacional,DIESEL_NACIONAL,"EST. DE SERV. ""SANTA MONICA"" S.R.L.",8000.0,VENTAS,,False
2026-10-01 03:15:43,2026-10-01,19,CEN,Cochabamba,Diesel,DIESEL OIL NACIONAL EESS,Diesel Oil Nacional,DIESEL_NACIONAL,"EST. DE SERV. ""SAN JUAN BAUTISTA S.R.L.""",12000.0,VENTAS,,False
2026-10-01 03:15:43,2026-10-01,19,CEN,Cochabamba,Diesel,DIESEL OIL NACIONAL EESS,Diesel Oil Nacional,DIESEL_NACIONAL,"EST. DE SERV. ""SAN JORGE CBBA S.R.L.""",30000.0,VENTAS,,False
2026-10-01 03:15:43,2026-10-01,19,CEN,Cochabamba,Diesel,DIESEL OIL NACIONAL EESS,Diesel Oil Nacional,DIESEL_NACIONAL,"EST. DE SERV. ""RIOJA""",10000.0,VENTAS,,False
2026-10-01 03:15:43,2026-10-01,19,CEN,Cochabamba,Diesel,DIESEL OIL NACIONAL EESS,Diesel Oil Nacional,DIESEL_NACIONAL,"EST. DE SERV. ""REFINERIA""- SIMON RODRIGO FERRUFINO",6000.0,VENTAS,,False
2026-10-01 03:15:43,2026-10-01,19,CEN,Cochabamba,Diesel,DIESEL OIL NACIONAL EESS,Diesel Oil Nacional,DIESEL_NACIONAL,"EST. DE SERV. ""PETROGAS S.R.L.""",14000.0,VENTAS,,False
2026-10-01 03:15:43,2026-10-01,19,CEN,Cochabamba,Diesel,DIESEL OIL NACIONAL EESS,Diesel Oil Nacional,DIESEL_NACIONAL,"EST. DE SERV. ""PAROTANI""",28000.0,VENTAS,,False
2026-10-01 03:15:43,2026-10-01,19,CEN,Cochabamba,Diesel,DIESEL OIL NACIONAL EESS,Diesel Oil Nacional,DIESEL_NACIONAL,"EST. DE SERV. ""PAREDES VALLEJOS"" - JHONNY MILTON PAREDES VALLEJOS",12000.0,VENTAS,,False
2026-10-01 03:15:43,2026-10-01,19,CEN,Cochabamba,Diesel,DIESEL OIL NACIONAL EESS,Diesel Oil Nacional,DIESEL_NACIONAL,"EST. DE SERV. ""PARAJE 24.7 SRL""",22000.0,VENTAS,,False
2026-10-01 03:15:43,2026-10-01,19,CEN,Cochabamba,Diesel,DIESEL OIL NACIONAL EESS,Diesel Oil Nacional,DIESEL_NACIONAL,"EST. DE SERV. ""PARAJE 24.7 SRL SUC. 1""",10000.0,VENTAS,,False
2026-10-01 03:15:43,2026-10-01,19,CEN,Cochabamba,Diesel,DIESEL OIL NACIONAL EESS,Diesel Oil Nacional,DIESEL_NACIONAL,"EST. DE SERV. ""NISSAN"" - SIMON FERRUFINO",8000.0,VENTAS,,False
2026-10-01 03:15:43,2026-10-01,19,CEN,Cochabamba,Diesel,DIESEL OIL NACIONAL EESS,Diesel Oil Nacional,DIESEL_NACIONAL,"EST. DE SERV. ""MONTERREY S.R.L.""",24000.0,VENTAS,,False
2026-10-01 03:15:43,2026-10-01,19,CEN,Cochabamba,Diesel,DIESEL OIL NACIONAL EESS,Diesel Oil Nacional,DIESEL_NACIONAL,"EST. DE SERV. ""MIZQUE"" - DIOGENES MONTENEGRO P.",6000.0,VENTAS,,False
2026-10-01 03:15:43,2026-10-01,19,CEN,Cochabamba,Diesel,DIESEL OIL NACIONAL EESS,Diesel Oil Nacional,DIESEL_NACIONAL,"EST. DE SERV. ""MAX MAMANGUENO"" - E. MELGAREJO",6000.0,VENTAS,,False
2026-10-01 03:15:43,2026-10-01,19,CEN,Cochabamba,Diesel,DIESEL OIL NACIONAL EESS,Diesel Oil Nacional,DIESEL_NACIONAL,"EST. DE SERV. ""LOS ALPES""-BERTHA CAMACHO RICALDEZ",8000.0,VENTAS,,False
2026-10-01 03:15:43,2026-10-01,19,CEN,Cochabamba,Diesel,DIESEL OIL NACIONAL EESS,Diesel Oil Nacional,DIESEL_NACIONAL,"EST. DE SERV. ""LORETO"" SUC. 1",14000.0,VENTAS,,False
2026-10-01 03:15:43,2026-10-01,19,CEN,Cochabamba,Diesel,DIESEL OIL NACIONAL EESS,Diesel Oil Nacional,DIESEL_NACIONAL,"EST. DE SERV. ""LA MERCED S.R.L.""",12000.0,VENTAS,,False
2026-10-01 03:15:43,2026-10-01,19,CEN,Cochabamba,Diesel,DIESEL OIL NACIONAL EESS,Diesel Oil Nacional,DIESEL_NACIONAL,"EST. DE SERV. ""ITAPAYA"" - ALBERTO AMURRIO F.",12000.0,VENTAS,,False
2026-10-01 03:15:43,2026-10-01,19,CEN,Cochabamba,Diesel,DIESEL OIL NACIONAL EESS,Diesel Oil Nacional,DIESEL_NACIONAL,"EST. DE SERV. ""ISABEL CHAVEZ""",10000.0,VENTAS,,False
2026-10-01 03:15:43,2026-10-01,19,CEN,Cochabamba,Diesel,DIESEL OIL NACIONAL EESS,Diesel Oil Nacional,DIESEL_NACIONAL,"EST. DE SERV. ""IQUIRCOLLO S.R.L.""",32000.0,VENTAS,,False
2026-10-01 03:15:43,2026-10-01,19,CEN,Cochabamba,Diesel,DIESEL OIL NACIONAL EESS,Diesel Oil Nacional,DIESEL_NACIONAL,"EST. DE SERV. ""INVERSIONES VALLESUR S.A.""",12000.0,VENTAS,,False
2026-10-01 03:15:43,2026-10-01,19,CEN,Cochabamba,Diesel,DIESEL OIL NACIONAL EESS,Diesel Oil Nacional,DIESEL_NACIONAL,"EST. DE SERV. ""GASNOR S.R.L.""",6000.0,VENTAS,,False
2026-10-01 03:15:43,2026-10-01,19,CEN,Cochabamba,Diesel,DIESEL OIL NACIONAL EESS,Diesel Oil Nacional,DIESEL_NACIONAL,"EST. DE SERV. ""FORTALEZA ENERGY S.R.L.""",6000.0,VENTAS,,False
2026-10-01 03:15:43,2026-10-01,19,CEN,Cochabamba,Diesel,DIESEL OIL NACIONAL EESS,Diesel Oil Nacional,DIESEL_NACIONAL,"EST. DE SERV. ""EQGAS"" S.R.L.",8000.0,VENTAS,,False
2026-10-01 03:15:43,2026-10-01,19,CEN,Cochabamba,Diesel,DIESEL OIL NACIONAL EESS,Diesel Oil Nacional,DIESEL_NACIONAL,"EST. DE SERV. ""EPIZANA""",12000.0,VENTAS,,False
2026-10-01 03:15:43,2026-10-01,19,CEN,Cochabamba,Diesel,DIESEL OIL NACIONAL EESS,Diesel Oil Nacional,DIESEL_NACIONAL,"EST. DE SERV. ""EL VIAJERO SRL""",24000.0,VENTAS,,False
2026-10-01 03:15:43,2026-10-01,19,CEN,Cochabamba,Diesel,DIESEL OIL NACIONAL EESS,Diesel Oil Nacional,DIESEL_NACIONAL,"EST. DE SERV. ""EL MANANTIAL SRL""",8000.0,VENTAS,,False
2026-10-01 03:15:43,2026-10-01,19,CEN,Cochabamba,Diesel,DIESEL OIL NACIONAL EESS,Diesel Oil Nacional,DIESEL_NACIONAL,"EST. DE SERV. ""EL CRISTO"" - CRISTIAN SABAG",8000.0,VENTAS,,False
2026-10-01 03:15:43,2026-10-01,19,CEN,Cochabamba,Diesel,DIESEL OIL NACIONAL EESS,Diesel Oil Nacional,DIESEL_NACIONAL,"EST. DE SERV. ""DISEL S.R.L.""",28000.0,VENTAS,,False
2026-10-01 03:15:43,2026-10-01,19,CEN,Cochabamba,Diesel,DIESEL OIL NACIONAL EESS,Diesel Oil Nacional,DIESEL_NACIONAL,"EST. DE SERV. ""DISEL S.R.L. I""",32000.0,VENTAS,,False
2026-10-01 03:15:43,2026-10-01,19,CEN,Cochabamba,Diesel,DIESEL OIL NACIONAL EESS,Diesel Oil Nacional,DIESEL_NACIONAL,"EST. DE SERV. ""DAYANA""",12000.0,VENTAS,,False
2026-10-01 03:15:43,2026-10-01,19,CEN,Cochabamba,Diesel,DIESEL OIL NACIONAL EESS,Diesel Oil Nacional,DIESEL_NACIONAL,"EST. DE SERV. ""COMERCIALIZADORA QK S.R.L.""",10000.0,VENTAS,,False
2026-10-01 03:15:43,2026-10-01,19,CEN,Cochabamba,Diesel,DIESEL OIL NACIONAL EESS,Diesel Oil Nacional,DIESEL_NACIONAL,"EST. DE SERV. ""COCHABAMBA""",32000.0,VENTAS,,False
2026-10-01 03:15:43,2026-10-01,19,CEN,Cochabamba,Diesel,DIESEL OIL NACIONAL EESS,Diesel Oil Nacional,DIESEL_NACIONAL,"EST. DE SERV. ""COCHABAMBA S.R.L. SUC. 1""",14000.0,VENTAS,,False
2026-10-01 03:15:43,2026-10-01,19,CEN,Cochabamba,Diesel,DIESEL OIL NACIONAL EESS,Diesel Oil Nacional,DIESEL_NACIONAL,"EST. DE SERV. ""CITY TRUCK FH S.R.L.""",18000.0,VENTAS,,False
2026-10-01 03:15:43,2026-10-01,19,CEN,Cochabamba,Diesel,DIESEL OIL NACIONAL EESS,Diesel Oil Nacional,DIESEL_NACIONAL,"EST. DE SERV. ""CIRCUITO BOLIVIA S.A.""",8000.0,VENTAS,,False
2026-10-01 03:15:43,2026-10-01,19,CEN,Cochabamba,Diesel,DIESEL OIL NACIONAL EESS,Diesel Oil Nacional,DIESEL_NACIONAL,"EST. DE SERV. ""CHULLPANI"" - TORRICO AGUILAR JOSE M",14000.0,VENTAS,,False
2026-10-01 03:15:43,2026-10-01,19,CEN,Cochabamba,Diesel,DIESEL OIL NACIONAL EESS,Diesel Oil Nacional,DIESEL_NACIONAL,"EST. DE SERV. ""CHINATA S.R.L.""",20000.0,VENTAS,,False
2026-10-01 03:15:43,2026-10-01,19,CEN,Cochabamba,Diesel,DIESEL OIL NACIONAL EESS,Diesel Oil Nacional,DIESEL_NACIONAL,"EST. DE SERV. ""CHIMBOCO""",22000.0,VENTAS,,False
2026-10-01 03:15:43,2026-10-01,19,CEN,Cochabamba,Diesel,DIESEL OIL NACIONAL EESS,Diesel Oil Nacional,DIESEL_NACIONAL,"EST. DE SERV. ""C.G.C. SRL""",28000.0,VENTAS,,False
2026-10-01 03:15:43,2026-10-01,19,CEN,Cochabamba,Diesel,DIESEL OIL NACIONAL EESS,Diesel Oil Nacional,DIESEL_NACIONAL,"EST. DE SERV. ""ARISPE""",12000.0,VENTAS,,False
2026-10-01 03:15:43,2026-10-01,19,CEN,Cochabamba,Diesel,DIESEL OIL NACIONAL EESS,Diesel Oil Nacional,DIESEL_NACIONAL,"EST. DE SERV. ""AEROPUERTO S.R.L.""",12000.0,VENTAS,,False
2026-10-01 03:15:43,2026-10-01,19,CEN,Cochabamba,Diesel,DIESEL OIL NACIONAL EESS,Diesel Oil Nacional,DIESEL_NACIONAL,COMERCIALIZADORA DE SERVICIOS LUBRISHOP S.R.L.,8000.0,VENTAS,,False
2026-10-01 03:15:43,2026-10-01,19,CEN,Cochabamba,Diesel,DIESEL OIL NACIONAL EESS,Diesel Oil Nacional,DIESEL_NACIONAL,CENTRO DE SERVICIOS VALLEPUNATA S.R.L.,6000.0,VENTAS,,False
2026-10-01 03:15:43,2026-10-01,19,CEN,Cochabamba,Gasolina,GASOLINA ESPECIAL EESS,Gasolina Especial,GASOLINA_ESPECIAL,TERMINAL DE BUSES COCHABAMBA S.A.,10000.0,VENTAS,,False
2026-10-01 03:15:43,2026-10-01,19,CEN,Cochabamba,Gasolina,GASOLINA ESPECIAL EESS,Gasolina Especial,GASOLINA_ESPECIAL,PETROCEL S.R.L.,12000.0,VENTAS,,False
2026-10-01 03:15:43,2026-10-01,19,CEN,Cochabamba,Gasolina,GASOLINA ESPECIAL EESS,Gasolina Especial,GASOLINA_ESPECIAL,KHORA ESTACION DE SERVICIO - MEDRANO ARNEZ JAIME,6000.0,VENTAS,,False
2026-10-01 03:15:43,2026-10-01,19,CEN,Cochabamba,Gasolina,GASOLINA ESPECIAL EESS,Gasolina Especial,GASOLINA_ESPECIAL,IMBRANJO S.R.L.,14000.0,VENTAS,,False
2026-10-01 03:15:43,2026-10-01,19,CEN,Cochabamba,Gasolina,GASOLINA ESPECIAL EESS,Gasolina Especial,GASOLINA_ESPECIAL,ESTACIÃN DE SERVICIO VALLESANTIVAÃEZ S.R.L.,12000.0,VENTAS,,False
2026-10-01 03:15:43,2026-10-01,19,CEN,Cochabamba,Gasolina,GASOLINA ESPECIAL EESS,Gasolina Especial,GASOLINA_ESPECIAL,ESTACIÃN DE SERVICIO FRANQUITO,12000.0,VENTAS,,False
2026-10-01 03:15:43,2026-10-01,19,CEN,Cochabamba,Gasolina,GASOLINA ESPECIAL EESS,Gasolina Especial,GASOLINA_ESPECIAL,ESTACION DE SERVICIO TICTI S.R.L.,12000.0,VENTAS,,False
2026-10-01 03:15:43,2026-10-01,19,CEN,Cochabamba,Gasolina,GASOLINA ESPECIAL EESS,Gasolina Especial,GASOLINA_ESPECIAL,ESTACION DE SERVICIO PAPU S.R.L.,12000.0,VENTAS,,False
2026-10-01 03:15:43,2026-10-01,19,CEN,Cochabamba,Gasolina,GASOLINA ESPECIAL EESS,Gasolina Especial,GASOLINA_ESPECIAL,ESTACION DE SERVICIO OMEREQUE,12000.0,VENTAS,,False
2026-10-01 03:15:43,2026-10-01,19,CEN,Cochabamba,Gasolina,GASOLINA ESPECIAL EESS,Gasolina Especial,GASOLINA_ESPECIAL,ESTACION DE SERVICIO LOS LIBERTADORES S.R.L.,10000.0,VENTAS,,False
2026-10-01 03:15:43,2026-10-01,19,CEN,Cochabamba,Gasolina,GASOLINA ESPECIAL EESS,Gasolina Especial,GASOLINA_ESPECIAL,ESTACION DE SERVICIO LOS ALAMOS S.R.L.,14000.0,VENTAS,,False
2026-10-01 03:15:43,2026-10-01,19,CEN,Cochabamba,Gasolina,GASOLINA ESPECIAL EESS,Gasolina Especial,GASOLINA_ESPECIAL,ESTACION DE SERVICIO CAPITAN VICTOR USTARIZ S.R.L.,12000.0,VENTAS,,False
2026-10-01 03:15:43,2026-10-01,19,CEN,Cochabamba,Gasolina,GASOLINA ESPECIAL EESS,Gasolina Especial,GASOLINA_ESPECIAL,ESTACION DE SERVICIO BEIJING S.R.L.,14000.0,VENTAS,,False
2026-10-01 03:15:43,2026-10-01,19,CEN,Cochabamba,Gasolina,GASOLINA ESPECIAL EESS,Gasolina Especial,GASOLINA_ESPECIAL,ESTACION DE SERVICIO ANITA,16000.0,VENTAS,,False
2026-10-01 03:15:43,2026-10-01,19,CEN,Cochabamba,Gasolina,GASOLINA ESPECIAL EESS,Gasolina Especial,GASOLINA_ESPECIAL,"EST. DE SERV. ""VILLA OBRAJES""",10000.0,VENTAS,,False
2026-10-01 03:15:43,2026-10-01,19,CEN,Cochabamba,Gasolina,GASOLINA ESPECIAL EESS,Gasolina Especial,GASOLINA_ESPECIAL,"EST. DE SERV. ""URKUPINA"" - ALBERTO OPORTO",10000.0,VENTAS,,False
2026-10-01 03:15:43,2026-10-01,19,CEN,Cochabamba,Gasolina,GASOLINA ESPECIAL EESS,Gasolina Especial,GASOLINA_ESPECIAL,"EST. DE SERV. ""URKUPINA I""- ALBERTO OPORTO L.",12000.0,VENTAS,,False
2026-10-01 03:15:43,2026-10-01,19,CEN,Cochabamba,Gasolina,GASOLINA ESPECIAL EESS,Gasolina Especial,GASOLINA_ESPECIAL,"EST. DE SERV. ""TRANS SACABA S.A. II""",10000.0,VENTAS,,False
2026-10-01 03:15:43,2026-10-01,19,CEN,Cochabamba,Gasolina,GASOLINA ESPECIAL EESS,Gasolina Especial,GASOLINA_ESPECIAL,"EST. DE SERV. ""TIRAQUE""",12000.0,VENTAS,,False
2026-10-01 03:15:43,2026-10-01,19,CEN,Cochabamba,Gasolina,GASOLINA ESPECIAL EESS,Gasolina Especial,GASOLINA_ESPECIAL,"EST. DE SERV. ""TIQUIPAYA"" - VENICIA ALANEZ JIMENES",6000.0,VENTAS,,False
2026-10-01 03:15:43,2026-10-01,19,CEN,Cochabamba,Gasolina,GASOLINA ESPECIAL EESS,Gasolina Especial,GASOLINA_ESPECIAL,"EST. DE SERV. ""SURTIDOR CAMPERO""",10000.0,VENTAS,,False
2026-10-01 03:15:43,2026-10-01,19,CEN,Cochabamba,Gasolina,GASOLINA ESPECIAL EESS,Gasolina Especial,GASOLINA_ESPECIAL,"EST. DE SERV. ""SIPE SIPE S.R.L.""",14000.0,VENTAS,,False
2026-10-01 03:15:43,2026-10-01,19,CEN,Cochabamba,Gasolina,GASOLINA ESPECIAL EESS,Gasolina Especial,GASOLINA_ESPECIAL,"EST. DE SERV. ""SENOR SANTIAGO"" - E. DELGADILLO",10000.0,VENTAS,,False
2026-10-01 03:15:43,2026-10-01,19,CEN,Cochabamba,Gasolina,GASOLINA ESPECIAL EESS,Gasolina Especial,GASOLINA_ESPECIAL,"EST. DE SERV. ""SENOR SANTIAGO SUC. 1"" - E. DELGADILLO",10000.0,VENTAS,,False
2026-10-01 03:15:43,2026-10-01,19,CEN,Cochabamba,Gasolina,GASOLINA ESPECIAL EESS,Gasolina Especial,GASOLINA_ESPECIAL,"EST. DE SERV. ""SANTA MONICA"" S.R.L.",10000.0,VENTAS,,False
2026-10-01 03:15:43,2026-10-01,19,CEN,Cochabamba,Gasolina,GASOLINA ESPECIAL EESS,Gasolina Especial,GASOLINA_ESPECIAL,"EST. DE SERV. ""SAN JUAN BAUTISTA S.R.L.""",12000.0,VENTAS,,False
2026-10-01 03:15:43,2026-10-01,19,CEN,Cochabamba,Gasolina,GASOLINA ESPECIAL EESS,Gasolina Especial,GASOLINA_ESPECIAL,"EST. DE SERV. ""SAN JORGE CBBA S.R.L.""",14000.0,VENTAS,,False
2026-10-01 03:15:43,2026-10-01,19,CEN,Cochabamba,Gasolina,GASOLINA ESPECIAL EESS,Gasolina Especial,GASOLINA_ESPECIAL,"EST. DE SERV. ""RIOJA""",8000.0,VENTAS,,False
2026-10-01 03:15:43,2026-10-01,19,CEN,Cochabamba,Gasolina,GASOLINA ESPECIAL EESS,Gasolina Especial,GASOLINA_ESPECIAL,"EST. DE SERV. ""REFINERIA""- SIMON RODRIGO FERRUFINO",6000.0,VENTAS,,False
2026-10-01 03:15:43,2026-10-01,19,CEN,Cochabamba,Gasolina,GASOLINA ESPECIAL EESS,Gasolina Especial,GASOLINA_ESPECIAL,"EST. DE SERV. ""PORTALEZ S.R.L.""",18000.0,VENTAS,,False
2026-10-01 03:15:43,2026-10-01,19,CEN,Cochabamba,Gasolina,GASOLINA ESPECIAL EESS,Gasolina Especial,GASOLINA_ESPECIAL,"EST. DE SERV. ""PETROGAS S.R.L.""",6000.0,VENTAS,,False
2026-10-01 03:15:43,2026-10-01,19,CEN,Cochabamba,Gasolina,GASOLINA ESPECIAL EESS,Gasolina Especial,GASOLINA_ESPECIAL,"EST. DE SERV. ""PAREDES VALLEJOS"" - JHONNY MILTON PAREDES VALLEJOS",10000.0,VENTAS,,False
2026-10-01 03:15:43,2026-10-01,19,CEN,Cochabamba,Gasolina,GASOLINA ESPECIAL EESS,Gasolina Especial,GASOLINA_ESPECIAL,"EST. DE SERV. ""PARAJE 24.7 SRL""",12000.0,VENTAS,,False
2026-10-01 03:15:43,2026-10-01,19,CEN,Cochabamba,Gasolina,GASOLINA ESPECIAL EESS,Gasolina Especial,GASOLINA_ESPECIAL,"EST. DE SERV. ""PARAJE 24.7 SRL SUC. 1""",10000.0,VENTAS,,False
2026-10-01 03:15:43,2026-10-01,19,CEN,Cochabamba,Gasolina,GASOLINA ESPECIAL EESS,Gasolina Especial,GASOLINA_ESPECIAL,"EST. DE SERV. ""PANAMERICANA"" SUCURSAL COCHABAMBA",10000.0,VENTAS,,False
2026-10-01 03:15:43,2026-10-01,19,CEN,Cochabamba,Gasolina,GASOLINA ESPECIAL EESS,Gasolina Especial,GASOLINA_ESPECIAL,"EST. DE SERV. ""NISSAN"" - SIMON FERRUFINO",8000.0,VENTAS,,False
2026-10-01 03:15:43,2026-10-01,19,CEN,Cochabamba,Gasolina,GASOLINA ESPECIAL EESS,Gasolina Especial,GASOLINA_ESPECIAL,"EST. DE SERV. ""MONTERREY S.R.L.""",10000.0,VENTAS,,False
2026-10-01 03:15:43,2026-10-01,19,CEN,Cochabamba,Gasolina,GASOLINA ESPECIAL EESS,Gasolina Especial,GASOLINA_ESPECIAL,"EST. DE SERV. ""MIZQUE"" - DIOGENES MONTENEGRO P.",6000.0,VENTAS,,False
2026-10-01 03:15:43,2026-10-01,19,CEN,Cochabamba,Gasolina,GASOLINA ESPECIAL EESS,Gasolina Especial,GASOLINA_ESPECIAL,"EST. DE SERV. ""MAX MAMANGUENO"" - E. MELGAREJO",6000.0,VENTAS,,False
2026-10-01 03:15:43,2026-10-01,19,CEN,Cochabamba,Gasolina,GASOLINA ESPECIAL EESS,Gasolina Especial,GASOLINA_ESPECIAL,"EST. DE SERV. ""LOS ALPES""-BERTHA CAMACHO RICALDEZ",12000.0,VENTAS,,False
2026-10-01 03:15:43,2026-10-01,19,CEN,Cochabamba,Gasolina,GASOLINA ESPECIAL EESS,Gasolina Especial,GASOLINA_ESPECIAL,"EST. DE SERV. ""LORETO"" SUC. 1",10000.0,VENTAS,,False
2026-10-01 03:15:43,2026-10-01,19,CEN,Cochabamba,Gasolina,GASOLINA ESPECIAL EESS,Gasolina Especial,GASOLINA_ESPECIAL,"EST. DE SERV. ""LA PATRIA S.R.L.""",6000.0,VENTAS,,False
2026-10-01 03:15:43,2026-10-01,19,CEN,Cochabamba,Gasolina,GASOLINA ESPECIAL EESS,Gasolina Especial,GASOLINA_ESPECIAL,"EST. DE SERV. ""ITAPAYA"" - ALBERTO AMURRIO F.",8000.0,VENTAS,,False
2026-10-01 03:15:43,2026-10-01,19,CEN,Cochabamba,Gasolina,GASOLINA ESPECIAL EESS,Gasolina Especial,GASOLINA_ESPECIAL,"EST. DE SERV. ""ISABEL CHAVEZ""",12000.0,VENTAS,,False
2026-10-01 03:15:43,2026-10-01,19,CEN,Cochabamba,Gasolina,GASOLINA ESPECIAL EESS,Gasolina Especial,GASOLINA_ESPECIAL,"EST. DE SERV. ""IQUIRCOLLO S.R.L.""",16000.0,VENTAS,,False
2026-10-01 03:15:43,2026-10-01,19,CEN,Cochabamba,Gasolina,GASOLINA ESPECIAL EESS,Gasolina Especial,GASOLINA_ESPECIAL,"EST. DE SERV. ""IQUIRCOLLO S.R.L. SUC. 1""",14000.0,VENTAS,,False
2026-10-01 03:15:43,2026-10-01,19,CEN,Cochabamba,Gasolina,GASOLINA ESPECIAL EESS,Gasolina Especial,GASOLINA_ESPECIAL,"EST. DE SERV. ""INVERSIONES VALLESUR S.A.""",12000.0,VENTAS,,False
2026-10-01 03:15:43,2026-10-01,19,CEN,Cochabamba,Gasolina,GASOLINA ESPECIAL EESS,Gasolina Especial,GASOLINA_ESPECIAL,"EST. DE SERV. ""GASNOR S.R.L.""",8000.0,VENTAS,,False
2026-10-01 03:15:43,2026-10-01,19,CEN,Cochabamba,Gasolina,GASOLINA ESPECIAL EESS,Gasolina Especial,GASOLINA_ESPECIAL,"EST. DE SERV. ""FORTALEZA ENERGY S.R.L.""",6000.0,VENTAS,,False
2026-10-01 03:15:43,2026-10-01,19,CEN,Cochabamba,Gasolina,GASOLINA ESPECIAL EESS,Gasolina Especial,GASOLINA_ESPECIAL,"EST. DE SERV. ""EQGAS"" S.R.L.",8000.0,VENTAS,,False
2026-10-01 03:15:43,2026-10-01,19,CEN,Cochabamba,Gasolina,GASOLINA ESPECIAL EESS,Gasolina Especial,GASOLINA_ESPECIAL,"EST. DE SERV. ""EPIZANA""",12000.0,VENTAS,,False
2026-10-01 03:15:43,2026-10-01,19,CEN,Cochabamba,Gasolina,GASOLINA ESPECIAL EESS,Gasolina Especial,GASOLINA_ESPECIAL,"EST. DE SERV. ""EL MANANTIAL SUC. 2""",12000.0,VENTAS,,False
2026-10-01 03:15:43,2026-10-01,19,CEN,Cochabamba,Gasolina,GASOLINA ESPECIAL EESS,Gasolina Especial,GASOLINA_ESPECIAL,"EST. DE SERV. ""EL MANANTIAL SUC. 1""",10000.0,VENTAS,,False
2026-10-01 03:15:43,2026-10-01,19,CEN,Cochabamba,Gasolina,GASOLINA ESPECIAL EESS,Gasolina Especial,GASOLINA_ESPECIAL,"EST. DE SERV. ""EL MANANTIAL SRL""",10000.0,VENTAS,,False
2026-10-01 03:15:43,2026-10-01,19,CEN,Cochabamba,Gasolina,GASOLINA ESPECIAL EESS,Gasolina Especial,GASOLINA_ESPECIAL,"EST. DE SERV. ""EL CRISTO"" - CRISTIAN SABAG",28000.0,VENTAS,,False
2026-10-01 03:15:43,2026-10-01,19,CEN,Cochabamba,Gasolina,GASOLINA ESPECIAL EESS,Gasolina Especial,GASOLINA_ESPECIAL,"EST. DE SERV. ""DORBIGNI""",12000.0,VENTAS,,False
2026-10-01 03:15:43,2026-10-01,19,CEN,Cochabamba,Gasolina,GASOLINA ESPECIAL EESS,Gasolina Especial,GASOLINA_ESPECIAL,"EST. DE SERV. ""DISEL S.R.L.""",8000.0,VENTAS,,False
2026-10-01 03:15:43,2026-10-01,19,CEN,Cochabamba,Gasolina,GASOLINA ESPECIAL EESS,Gasolina Especial,GASOLINA_ESPECIAL,"EST. DE SERV. ""DISEL S.R.L. I""",8000.0,VENTAS,,False
2026-10-01 03:15:43,2026-10-01,19,CEN,Cochabamba,Gasolina,GASOLINA ESPECIAL EESS,Gasolina Especial,GASOLINA_ESPECIAL,"EST. DE SERV. ""DAYANA""",12000.0,VENTAS,,False
2026-10-01 03:15:43,2026-10-01,19,CEN,Cochabamba,Gasolina,GASOLINA ESPECIAL EESS,Gasolina Especial,GASOLINA_ESPECIAL,"EST. DE SERV. ""COMERCIALIZADORA QK S.R.L.""",10000.0,VENTAS,,False
2026-10-01 03:15:43,2026-10-01,19,CEN,Cochabamba,Gasolina,GASOLINA ESPECIAL EESS,Gasolina Especial,GASOLINA_ESPECIAL,"EST. DE SERV. ""COCHABAMBA""",14000.0,VENTAS,,False
2026-10-01 03:15:43,2026-10-01,19,CEN,Cochabamba,Gasolina,GASOLINA ESPECIAL EESS,Gasolina Especial,GASOLINA_ESPECIAL,"EST. DE SERV. ""COCHABAMBA S.R.L. SUC. 2""",12000.0,VENTAS,,False
2026-10-01 03:15:43,2026-10-01,19,CEN,Cochabamba,Gasolina,GASOLINA ESPECIAL EESS,Gasolina Especial,GASOLINA_ESPECIAL,"EST. DE SERV. ""COCHABAMBA S.R.L. SUC. 1""",12000.0,VENTAS,,False
2026-10-01 03:15:43,2026-10-01,19,CEN,Cochabamba,Gasolina,GASOLINA ESPECIAL EESS,Gasolina Especial,GASOLINA_ESPECIAL,"EST. DE SERV. ""CITY TRUCK FH S.R.L.""",10000.0,VENTAS,,False
2026-10-01 03:15:43,2026-10-01,19,CEN,Cochabamba,Gasolina,GASOLINA ESPECIAL EESS,Gasolina Especial,GASOLINA_ESPECIAL,"EST. DE SERV. ""CIRCUITO BOLIVIA S.A.""",14000.0,VENTAS,,False
2026-10-01 03:15:43,2026-10-01,19,CEN,Cochabamba,Gasolina,GASOLINA ESPECIAL EESS,Gasolina Especial,GASOLINA_ESPECIAL,"EST. DE SERV. ""CHULLPANI"" - TORRICO AGUILAR JOSE M",17000.0,VENTAS,,False
2026-10-01 03:15:43,2026-10-01,19,CEN,Cochabamba,Gasolina,GASOLINA ESPECIAL EESS,Gasolina Especial,GASOLINA_ESPECIAL,"EST. DE SERV. ""CHINATA S.R.L.""",10000.0,VENTAS,,False
2026-10-01 03:15:43,2026-10-01,19,CEN,Cochabamba,Gasolina,GASOLINA ESPECIAL EESS,Gasolina Especial,GASOLINA_ESPECIAL,"EST. DE SERV. ""CHIMBOCO""",14000.0,VENTAS,,False
2026-10-01 03:15:43,2026-10-01,19,CEN,Cochabamba,Gasolina,GASOLINA ESPECIAL EESS,Gasolina Especial,GASOLINA_ESPECIAL,"EST. DE SERV. ""C.G.C. SRL""",10000.0,VENTAS,,False
2026-10-01 03:15:43,2026-10-01,19,CEN,Cochabamba,Gasolina,GASOLINA ESPECIAL EESS,Gasolina Especial,GASOLINA_ESPECIAL,"EST. DE SERV. ""AYACUCHO""",12000.0,VENTAS,,False
2026-10-01 03:15:43,2026-10-01,19,CEN,Cochabamba,Gasolina,GASOLINA ESPECIAL EESS,Gasolina Especial,GASOLINA_ESPECIAL,"EST. DE SERV. ""ARISPE""",12000.0,VENTAS,,False
2026-10-01 03:15:43,2026-10-01,19,CEN,Cochabamba,Gasolina,GASOLINA ESPECIAL EESS,Gasolina Especial,GASOLINA_ESPECIAL,"EST. DE SERV. ""ARANJUEZ""",16000.0,VENTAS,,False
2026-10-01 03:15:43,2026-10-01,19,CEN,Cochabamba,Gasolina,GASOLINA ESPECIAL EESS,Gasolina Especial,GASOLINA_ESPECIAL,"EST. DE SERV. ""AEROPUERTO S.R.L.""",10000.0,VENTAS,,False
2026-10-01 03:15:43,2026-10-01,19,CEN,Cochabamba,Gasolina,GASOLINA ESPECIAL EESS,Gasolina Especial,GASOLINA_ESPECIAL,"EST. DE SERV. ""A.C.B. CARBURANTES SRL""",16000.0,VENTAS,,False
2026-10-01 03:15:43,2026-10-01,19,CEN,Cochabamba,Gasolina,GASOLINA ESPECIAL EESS,Gasolina Especial,GASOLINA_ESPECIAL,"EST. DE SERV. ""20 DE DICIEMBRE""",12000.0,VENTAS,,False
2026-10-01 03:15:43,2026-10-01,19,CEN,Cochabamba,Gasolina,GASOLINA ESPECIAL EESS,Gasolina Especial,GASOLINA_ESPECIAL,"EST. DE SERV. "" LAS PALMERAS S.R.L.""",10000.0,VENTAS,,False
2026-10-01 03:15:43,2026-10-01,19,CEN,Cochabamba,Gasolina,GASOLINA ESPECIAL EESS,Gasolina Especial,GASOLINA_ESPECIAL,COMERCIALIZADORA DE SERVICIOS LUBRISHOP S.R.L.,6000.0,VENTAS,,False
2026-10-01 03:15:43,2026-10-01,19,CEN,Cochabamba,Gasolina,GASOLINA ESPECIAL EESS,Gasolina Especial,GASOLINA_ESPECIAL,E S VALLE HERMOSO,24000.0,TRANSFERENCIAS,,False
2026-10-01 03:15:43,2026-10-01,19,CEN,Cochabamba,Gasolina,GASOLINA ESPECIAL EESS,Gasolina Especial,GASOLINA_ESPECIAL,E S CALA CALA,16000.0,TRANSFERENCIAS,,False
2026-10-01 03:15:43,2026-10-01,19,CEN,Cochabamba,Gasolina,GASOLINA ESPECIAL EESS,Gasolina Especial,GASOLINA_ESPECIAL,E S AMERICA,24000.0,TRANSFERENCIAS,,False
2026-10-01 03:15:43,2026-10-01,19,CEN,Cochabamba,Gasolina,GASOLINA ESPECIAL + EESS,Gasolina Especial +,GASOLINA_ESPECIAL_MAS,E S VALLE HERMOSO,24000.0,TRANSFERENCIAS,,False
2026-10-01 03:15:43,2026-10-01,19,CEN,Cochabamba,Gasolina,GASOLINA ESPECIAL + EESS,Gasolina Especial +,GASOLINA_ESPECIAL_MAS,E S CALA CALA,16000.0,TRANSFERENCIAS,,False
2026-10-01 03:15:43,2026-10-01,19,CEN,Cochabamba,Gasolina,GASOLINA ESPECIAL + EESS,Gasolina Especial +,GASOLINA_ESPECIAL_MAS,E S AMERICA,20000.0,TRANSFERENCIAS,,False
2026-10-01 03:15:43,2026-10-01,5,LPZ,Distrito Comercial La Paz,Gasolina,GASOLINA ESPECIAL + EESS,Gasolina Especial +,GASOLINA_ESPECIAL_MAS,OFELIA PLATA P. - EST. SERV. UMAMARCA,22000.0,VENTAS,,False
2026-10-01 03:15:43,2026-10-01,5,LPZ,Distrito Comercial La Paz,Gasolina,GASOLINA ESPECIAL + EESS,Gasolina Especial +,GASOLINA_ESPECIAL_MAS,OFELIA PLATA P. - EST. SERV. DARTAÃAN,22000.0,VENTAS,,False
2026-10-01 03:15:43,2026-10-01,5,LPZ,Distrito Comercial La Paz,Gasolina,GASOLINA ESPECIAL + EESS,Gasolina Especial +,GASOLINA_ESPECIAL_MAS,GASOLINERA HUATAJATA S.R.L.,22000.0,VENTAS,,False
2026-10-01 03:15:43,2026-10-01,5,LPZ,Distrito Comercial La Paz,Gasolina,GASOLINA ESPECIAL + EESS,Gasolina Especial +,GASOLINA_ESPECIAL_MAS,FREDY LIMACHI CHALLCO - EST. SERV. DON LEO,22000.0,VENTAS,,False
2026-10-01 03:15:43,2026-10-01,5,LPZ,Distrito Comercial La Paz,Gasolina,GASOLINA ESPECIAL + EESS,Gasolina Especial +,GASOLINA_ESPECIAL_MAS,ESTACIÃN DE SERVICIO ESCOMA S.R.L.,22000.0,VENTAS,,False
2026-10-01 03:15:43,2026-10-01,5,LPZ,Distrito Comercial La Paz,Gasolina,GASOLINA ESPECIAL + EESS,Gasolina Especial +,GASOLINA_ESPECIAL_MAS,ESTACION DE SERVICIO TOLAR S.R.L.,20000.0,VENTAS,,False
2026-10-01 03:15:43,2026-10-01,5,LPZ,Distrito Comercial La Paz,Gasolina,GASOLINA ESPECIAL + EESS,Gasolina Especial +,GASOLINA_ESPECIAL_MAS,ESTACION DE SERVICIO TEOPONTE S.R.L.,22000.0,VENTAS,,False
2026-10-01 03:15:43,2026-10-01,5,LPZ,Distrito Comercial La Paz,Gasolina,GASOLINA ESPECIAL + EESS,Gasolina Especial +,GASOLINA_ESPECIAL_MAS,ESTACION DE SERVICIO SURTIDOR TUMUPASA S.R.L.,22000.0,VENTAS,,False
2026-10-01 03:15:43,2026-10-01,5,LPZ,Distrito Comercial La Paz,Gasolina,GASOLINA ESPECIAL + EESS,Gasolina Especial +,GASOLINA_ESPECIAL_MAS,ESTACION DE SERVICIO PARAISO TROPICAL,24000.0,VENTAS,,False
2026-10-01 03:15:43,2026-10-01,5,LPZ,Distrito Comercial La Paz,Gasolina,GASOLINA ESPECIAL + EESS,Gasolina Especial +,GASOLINA_ESPECIAL_MAS,ESTACION DE SERVICIO MEJIA S.R.L.,22000.0,VENTAS,,False
2026-10-01 03:15:43,2026-10-01,5,LPZ,Distrito Comercial La Paz,Gasolina,GASOLINA ESPECIAL + EESS,Gasolina Especial +,GASOLINA_ESPECIAL_MAS,ESTACION DE SERVICIO MADIDI SAN BUENAVENTURA S.R.L.,30000.0,VENTAS,,False
2026-10-01 03:15:43,2026-10-01,5,LPZ,Distrito Comercial La Paz,Gasolina,GASOLINA ESPECIAL + EESS,Gasolina Especial +,GASOLINA_ESPECIAL_MAS,ESTACION DE SERVICIO HUANCANE Y TRANSPORTE S.R.L.,22000.0,VENTAS,,False
2026-10-01 03:15:43,2026-10-01,5,LPZ,Distrito Comercial La Paz,Gasolina,GASOLINA ESPECIAL + EESS,Gasolina Especial +,GASOLINA_ESPECIAL_MAS,ESTACION DE SERVICIO GASOLINERA CRUCE DE ORO S.R.L.,22000.0,VENTAS,,False
2026-10-01 03:15:43,2026-10-01,5,LPZ,Distrito Comercial La Paz,Gasolina,GASOLINA ESPECIAL + EESS,Gasolina Especial +,GASOLINA_ESPECIAL_MAS,ESTACION DE SERVICIO COTA PATA S.R.L.,22000.0,VENTAS,,False
2026-10-01 03:15:43,2026-10-01,5,LPZ,Distrito Comercial La Paz,Gasolina,GASOLINA ESPECIAL + EESS,Gasolina Especial +,GASOLINA_ESPECIAL_MAS,EST. SERV. SAN MIGUEL-IVAN L.,22000.0,VENTAS,,False
2026-10-01 03:15:43,2026-10-01,5,LPZ,Distrito Comercial La Paz,Gasolina,GASOLINA ESPECIAL + EESS,Gasolina Especial +,GASOLINA_ESPECIAL_MAS,EST. SERV. RIO MANIQUI - FATIMA FORERO B.,22000.0,VENTAS,,False
2026-10-01 03:15:43,2026-10-01,5,LPZ,Distrito Comercial La Paz,Gasolina,GASOLINA ESPECIAL + EESS,Gasolina Especial +,GASOLINA_ESPECIAL_MAS,EST. SERV. PALOS BLANCOS,36000.0,VENTAS,,False
2026-10-01 03:15:43,2026-10-01,5,LPZ,Distrito Comercial La Paz,Gasolina,GASOLINA ESPECIAL + EESS,Gasolina Especial +,GASOLINA_ESPECIAL_MAS,EST. SERV. NETANEL,22000.0,VENTAS,,False
2026-10-01 03:15:43,2026-10-01,5,LPZ,Distrito Comercial La Paz,Gasolina,GASOLINA ESPECIAL + EESS,Gasolina Especial +,GASOLINA_ESPECIAL_MAS,EST. SERV. LOZA DE ORO,22000.0,VENTAS,,False
2026-10-01 03:15:43,2026-10-01,5,LPZ,Distrito Comercial La Paz,Gasolina,GASOLINA ESPECIAL + EESS,Gasolina Especial +,GASOLINA_ESPECIAL_MAS,EST. SERV. CARRASCO S.R.L.,22000.0,VENTAS,,False
2026-10-01 03:15:43,2026-10-01,5,LPZ,Distrito Comercial La Paz,Gasolina,GASOLINA ESPECIAL + EESS,Gasolina Especial +,GASOLINA_ESPECIAL_MAS,EST. SERV. CARBURANTES SAN MIGUEL,22000.0,VENTAS,,False
2026-10-01 03:15:43,2026-10-01,5,LPZ,Distrito Comercial La Paz,Gasolina,GASOLINA ESPECIAL + (S/DSI),Gasolina Especial +,GASOLINA_ESPECIAL_MAS,ZURSIL S.R.L. - E.S.T.,18000.0,VENTAS,,False
2026-10-01 03:15:43,2026-10-01,5,LPZ,Distrito Comercial La Paz,Gasolina,GASOLINA ESPECIAL + (S/DSI),Gasolina Especial +,GASOLINA_ESPECIAL_MAS,GRUPO EMPRESARIAL VIRGEN DE LOS ALAMOS S.R.L.,36000.0,VENTAS,,False
2026-10-01 03:15:43,2026-10-01,5,LPZ,Distrito Comercial La Paz,Gasolina,GASOLINA ESPECIAL + (S/DSI),Gasolina Especial +,GASOLINA_ESPECIAL_MAS,GREGORIO CUENTAS M. EST. SERV. DRAGON DE ORO,24000.0,VENTAS,,False
2026-10-01 03:15:43,2026-10-01,5,LPZ,Distrito Comercial La Paz,Gasolina,GASOLINA ESPECIAL + (S/DSI),Gasolina Especial +,GASOLINA_ESPECIAL_MAS,GAS SAN FELIPE S.R.L.,24000.0,VENTAS,,False
2026-10-01 03:15:43,2026-10-01,5,LPZ,Distrito Comercial La Paz,Gasolina,GASOLINA ESPECIAL + (S/DSI),Gasolina Especial +,GASOLINA_ESPECIAL_MAS,ESTACIÃN DE SERVICIO LAS ROSAS S.R.L.,20000.0,VENTAS,,False
2026-10-01 03:15:43,2026-10-01,5,LPZ,Distrito Comercial La Paz,Gasolina,GASOLINA ESPECIAL + (S/DSI),Gasolina Especial +,GASOLINA_ESPECIAL_MAS,ESTACIÃN DE SERVICIO ALIMARC INTER GAS BOLIVIA S.R.L.,18000.0,VENTAS,,False
2026-10-01 03:15:43,2026-10-01,5,LPZ,Distrito Comercial La Paz,Gasolina,GASOLINA ESPECIAL + (S/DSI),Gasolina Especial +,GASOLINA_ESPECIAL_MAS,ESTACION DE SERVICIOS NIMAGASBOL S.R.L.,18000.0,VENTAS,,False
2026-10-01 03:15:43,2026-10-01,5,LPZ,Distrito Comercial La Paz,Gasolina,GASOLINA ESPECIAL + (S/DSI),Gasolina Especial +,GASOLINA_ESPECIAL_MAS,ESTACION DE SERVICIO ZOFRI S.R.L.,18000.0,VENTAS,,False
2026-10-01 03:15:43,2026-10-01,5,LPZ,Distrito Comercial La Paz,Gasolina,GASOLINA ESPECIAL + (S/DSI),Gasolina Especial +,GASOLINA_ESPECIAL_MAS,ESTACION DE SERVICIO TERRAGAS LTDA,24000.0,VENTAS,,False
2026-10-01 03:15:43,2026-10-01,5,LPZ,Distrito Comercial La Paz,Gasolina,GASOLINA ESPECIAL + (S/DSI),Gasolina Especial +,GASOLINA_ESPECIAL_MAS,ESTACION DE SERVICIO TEJADA TRIANGULAR,20000.0,VENTAS,,False
2026-10-01 03:15:43,2026-10-01,5,LPZ,Distrito Comercial La Paz,Gasolina,GASOLINA ESPECIAL + (S/DSI),Gasolina Especial +,GASOLINA_ESPECIAL_MAS,ESTACION DE SERVICIO SEÃOR DE MAYO S.R.L.,20000.0,VENTAS,,False
2026-10-01 03:15:43,2026-10-01,5,LPZ,Distrito Comercial La Paz,Gasolina,GASOLINA ESPECIAL + (S/DSI),Gasolina Especial +,GASOLINA_ESPECIAL_MAS,ESTACION DE SERVICIO SAN SEBASTIAN S.R.L.,18000.0,VENTAS,,False
2026-10-01 03:15:43,2026-10-01,5,LPZ,Distrito Comercial La Paz,Gasolina,GASOLINA ESPECIAL + (S/DSI),Gasolina Especial +,GASOLINA_ESPECIAL_MAS,ESTACION DE SERVICIO LOZA - MARCELINA AGUIRRE VDA. DE LOZA,24000.0,VENTAS,,False
2026-10-01 03:15:43,2026-10-01,5,LPZ,Distrito Comercial La Paz,Gasolina,GASOLINA ESPECIAL + (S/DSI),Gasolina Especial +,GASOLINA_ESPECIAL_MAS,ESTACION DE SERVICIO KANTUTA S.R.L.,24000.0,VENTAS,,False
2026-10-01 03:15:43,2026-10-01,5,LPZ,Distrito Comercial La Paz,Gasolina,GASOLINA ESPECIAL + (S/DSI),Gasolina Especial +,GASOLINA_ESPECIAL_MAS,ESTACION DE SERVICIO JACHA INTI S.R.L.,24000.0,VENTAS,,False
2026-10-01 03:15:43,2026-10-01,5,LPZ,Distrito Comercial La Paz,Gasolina,GASOLINA ESPECIAL + (S/DSI),Gasolina Especial +,GASOLINA_ESPECIAL_MAS,ESTACION DE SERVICIO FULL TANK S.R.L.,18000.0,VENTAS,,False
2026-10-01 03:15:43,2026-10-01,5,LPZ,Distrito Comercial La Paz,Gasolina,GASOLINA ESPECIAL + (S/DSI),Gasolina Especial +,GASOLINA_ESPECIAL_MAS,ESTACION DE SERVICIO CALUYO S.R.L.,20000.0,VENTAS,,False
2026-10-01 03:15:43,2026-10-01,5,LPZ,Distrito Comercial La Paz,Gasolina,GASOLINA ESPECIAL + (S/DSI),Gasolina Especial +,GASOLINA_ESPECIAL_MAS,ESTACION DE SERVICIO C. REDENTOR S.R.L.,12000.0,VENTAS,,False
2026-10-01 03:15:43,2026-10-01,5,LPZ,Distrito Comercial La Paz,Gasolina,GASOLINA ESPECIAL + (S/DSI),Gasolina Especial +,GASOLINA_ESPECIAL_MAS,EST. SERV. YUPANQUI,12000.0,VENTAS,,False
2026-10-01 03:15:43,2026-10-01,5,LPZ,Distrito Comercial La Paz,Gasolina,GASOLINA ESPECIAL + (S/DSI),Gasolina Especial +,GASOLINA_ESPECIAL_MAS,EST. SERV. VOLCAN S.R.L.,48000.0,VENTAS,,False
2026-10-01 03:15:43,2026-10-01,5,LPZ,Distrito Comercial La Paz,Gasolina,GASOLINA ESPECIAL + (S/DSI),Gasolina Especial +,GASOLINA_ESPECIAL_MAS,EST. SERV. TEXAS S.R.L.,20000.0,VENTAS,,False
2026-10-01 03:15:43,2026-10-01,5,LPZ,Distrito Comercial La Paz,Gasolina,GASOLINA ESPECIAL + (S/DSI),Gasolina Especial +,GASOLINA_ESPECIAL_MAS,EST. SERV. SURTIDORES UNITOURS LTDA.,12000.0,VENTAS,,False
2026-10-01 03:15:43,2026-10-01,5,LPZ,Distrito Comercial La Paz,Gasolina,GASOLINA ESPECIAL + (S/DSI),Gasolina Especial +,GASOLINA_ESPECIAL_MAS,EST. SERV. SOC. IND. COM. G.L.P.H. LTDA,24000.0,VENTAS,,False
2026-10-01 03:15:43,2026-10-01,5,LPZ,Distrito Comercial La Paz,Gasolina,GASOLINA ESPECIAL + (S/DSI),Gasolina Especial +,GASOLINA_ESPECIAL_MAS,EST. SERV. SIEMPRE A FULL MIRAFLORES S.R.L. (SAF),36000.0,VENTAS,,False
2026-10-01 03:15:43,2026-10-01,5,LPZ,Distrito Comercial La Paz,Gasolina,GASOLINA ESPECIAL + (S/DSI),Gasolina Especial +,GASOLINA_ESPECIAL_MAS,EST. SERV. SAN PABLO VILLA BOLIVAR S.R.L.,20000.0,VENTAS,,False
2026-10-01 03:15:43,2026-10-01,5,LPZ,Distrito Comercial La Paz,Gasolina,GASOLINA ESPECIAL + (S/DSI),Gasolina Especial +,GASOLINA_ESPECIAL_MAS,EST. SERV. SALIDA LTDA,20000.0,VENTAS,,False
2026-10-01 03:15:43,2026-10-01,5,LPZ,Distrito Comercial La Paz,Gasolina,GASOLINA ESPECIAL + (S/DSI),Gasolina Especial +,GASOLINA_ESPECIAL_MAS,EST. SERV. RACING GAS S.R.L.,12000.0,VENTAS,,False
2026-10-01 03:15:43,2026-10-01,5,LPZ,Distrito Comercial La Paz,Gasolina,GASOLINA ESPECIAL + (S/DSI),Gasolina Especial +,GASOLINA_ESPECIAL_MAS,EST. SERV. QHANTATI SRL.,24000.0,VENTAS,,False
2026-10-01 03:15:43,2026-10-01,5,LPZ,Distrito Comercial La Paz,Gasolina,GASOLINA ESPECIAL + (S/DSI),Gasolina Especial +,GASOLINA_ESPECIAL_MAS,EST. SERV. PLAYA VERDE,24000.0,VENTAS,,False
2026-10-01 03:15:43,2026-10-01,5,LPZ,Distrito Comercial La Paz,Gasolina,GASOLINA ESPECIAL + (S/DSI),Gasolina Especial +,GASOLINA_ESPECIAL_MAS,EST. SERV. PEREZ ROCHA SRL.,20000.0,VENTAS,,False
2026-10-01 03:15:43,2026-10-01,5,LPZ,Distrito Comercial La Paz,Gasolina,GASOLINA ESPECIAL + (S/DSI),Gasolina Especial +,GASOLINA_ESPECIAL_MAS,EST. SERV. MOTORECO SRL.,24000.0,VENTAS,,False
2026-10-01 03:15:43,2026-10-01,5,LPZ,Distrito Comercial La Paz,Gasolina,GASOLINA ESPECIAL + (S/DSI),Gasolina Especial +,GASOLINA_ESPECIAL_MAS,EST. SERV. MARANATHA,24000.0,VENTAS,,False
2026-10-01 03:15:43,2026-10-01,5,LPZ,Distrito Comercial La Paz,Gasolina,GASOLINA ESPECIAL + (S/DSI),Gasolina Especial +,GASOLINA_ESPECIAL_MAS,EST. SERV. M&G CAMINO REAL,24000.0,VENTAS,,False
2026-10-01 03:15:43,2026-10-01,5,LPZ,Distrito Comercial La Paz,Gasolina,GASOLINA ESPECIAL + (S/DSI),Gasolina Especial +,GASOLINA_ESPECIAL_MAS,EST. SERV. LUBRICAN SRL,24000.0,VENTAS,,False
2026-10-01 03:15:43,2026-10-01,5,LPZ,Distrito Comercial La Paz,Gasolina,GASOLINA ESPECIAL + (S/DSI),Gasolina Especial +,GASOLINA_ESPECIAL_MAS,EST. SERV. LAREDO SRL,18000.0,VENTAS,,False
2026-10-01 03:15:43,2026-10-01,5,LPZ,Distrito Comercial La Paz,Gasolina,GASOLINA ESPECIAL + (S/DSI),Gasolina Especial +,GASOLINA_ESPECIAL_MAS,EST. SERV. JAIMES FREYRE,24000.0,VENTAS,,False
2026-10-01 03:15:43,2026-10-01,5,LPZ,Distrito Comercial La Paz,Gasolina,GASOLINA ESPECIAL + (S/DSI),Gasolina Especial +,GASOLINA_ESPECIAL_MAS,EST. SERV. INTEROCEANICO,20000.0,VENTAS,,False
2026-10-01 03:15:43,2026-10-01,5,LPZ,Distrito Comercial La Paz,Gasolina,GASOLINA ESPECIAL + (S/DSI),Gasolina Especial +,GASOLINA_ESPECIAL_MAS,EST. SERV. ILLIMANI S.R.L.,20000.0,VENTAS,,False
2026-10-01 03:15:43,2026-10-01,5,LPZ,Distrito Comercial La Paz,Gasolina,GASOLINA ESPECIAL + (S/DSI),Gasolina Especial +,GASOLINA_ESPECIAL_MAS,EST. SERV. GAS-MAY S.R.L.,12000.0,VENTAS,,False
2026-10-01 03:15:43,2026-10-01,5,LPZ,Distrito Comercial La Paz,Gasolina,GASOLINA ESPECIAL + (S/DSI),Gasolina Especial +,GASOLINA_ESPECIAL_MAS,EST. SERV. GAS CENTRO S.R.L.,20000.0,VENTAS,,False
2026-10-01 03:15:43,2026-10-01,5,LPZ,Distrito Comercial La Paz,Gasolina,GASOLINA ESPECIAL + (S/DSI),Gasolina Especial +,GASOLINA_ESPECIAL_MAS,EST. SERV. ESUR GHS LTDA.,36000.0,VENTAS,,False
2026-10-01 03:15:43,2026-10-01,5,LPZ,Distrito Comercial La Paz,Gasolina,GASOLINA ESPECIAL + (S/DSI),Gasolina Especial +,GASOLINA_ESPECIAL_MAS,EST. SERV. EMP. COM. HID. TUPAC KATARI S.R.L.,24000.0,VENTAS,,False
2026-10-01 03:15:43,2026-10-01,5,LPZ,Distrito Comercial La Paz,Gasolina,GASOLINA ESPECIAL + (S/DSI),Gasolina Especial +,GASOLINA_ESPECIAL_MAS,EST. SERV. EL PARAISO SRL.,24000.0,VENTAS,,False
2026-10-01 03:15:43,2026-10-01,5,LPZ,Distrito Comercial La Paz,Gasolina,GASOLINA ESPECIAL + (S/DSI),Gasolina Especial +,GASOLINA_ESPECIAL_MAS,EST. SERV. CUENTAS SAN PABLO II S.R.L.,24000.0,VENTAS,,False
2026-10-01 03:15:43,2026-10-01,5,LPZ,Distrito Comercial La Paz,Gasolina,GASOLINA ESPECIAL + (S/DSI),Gasolina Especial +,GASOLINA_ESPECIAL_MAS,EST. SERV. CRISTO AUTO GAS SRL.,20000.0,VENTAS,,False
2026-10-01 03:15:43,2026-10-01,5,LPZ,Distrito Comercial La Paz,Gasolina,GASOLINA ESPECIAL + (S/DSI),Gasolina Especial +,GASOLINA_ESPECIAL_MAS,EST. SERV. COSTANERA SRL.,24000.0,VENTAS,,False
2026-10-01 03:15:43,2026-10-01,5,LPZ,Distrito Comercial La Paz,Gasolina,GASOLINA ESPECIAL + (S/DSI),Gasolina Especial +,GASOLINA_ESPECIAL_MAS,EST. SERV. CHUSAMARCA,12000.0,VENTAS,,False
2026-10-01 03:15:43,2026-10-01,5,LPZ,Distrito Comercial La Paz,Gasolina,GASOLINA ESPECIAL + (S/DSI),Gasolina Especial +,GASOLINA_ESPECIAL_MAS,EST. SERV. CHASQUIPAMPA S.R.L.,24000.0,VENTAS,,False
2026-10-01 03:15:43,2026-10-01,5,LPZ,Distrito Comercial La Paz,Gasolina,GASOLINA ESPECIAL + (S/DSI),Gasolina Especial +,GASOLINA_ESPECIAL_MAS,EST. SERV. CHALY,24000.0,VENTAS,,False
2026-10-01 03:15:43,2026-10-01,5,LPZ,Distrito Comercial La Paz,Gasolina,GASOLINA ESPECIAL + (S/DSI),Gasolina Especial +,GASOLINA_ESPECIAL_MAS,EST. SERV. CARSUR S.R.L.,24000.0,VENTAS,,False
2026-10-01 03:15:43,2026-10-01,5,LPZ,Distrito Comercial La Paz,Gasolina,GASOLINA ESPECIAL + (S/DSI),Gasolina Especial +,GASOLINA_ESPECIAL_MAS,EST. SERV. CANDELARIA,18000.0,VENTAS,,False
2026-10-01 03:15:43,2026-10-01,5,LPZ,Distrito Comercial La Paz,Gasolina,GASOLINA ESPECIAL + (S/DSI),Gasolina Especial +,GASOLINA_ESPECIAL_MAS,EST. SERV. BOLIVIA ZURSIL S.R.L.,12000.0,VENTAS,,False
2026-10-01 03:15:43,2026-10-01,5,LPZ,Distrito Comercial La Paz,Gasolina,GASOLINA ESPECIAL + (S/DSI),Gasolina Especial +,GASOLINA_ESPECIAL_MAS,EST. SERV. BASSAM LTDA,24000.0,VENTAS,,False
2026-10-01 03:15:43,2026-10-01,5,LPZ,Distrito Comercial La Paz,Gasolina,GASOLINA ESPECIAL + (S/DSI),Gasolina Especial +,GASOLINA_ESPECIAL_MAS,EST. SERV. APOSTOL SANTIAGO,20000.0,VENTAS,,False
2026-10-01 03:15:43,2026-10-01,5,LPZ,Distrito Comercial La Paz,Gasolina,GASOLINA ESPECIAL + (S/DSI),Gasolina Especial +,GASOLINA_ESPECIAL_MAS,EST. SERV. ALTO LIMA S.R.L.,20000.0,VENTAS,,False
2026-10-01 03:15:43,2026-10-01,5,LPZ,Distrito Comercial La Paz,Gasolina,GASOLINA ESPECIAL + (S/DSI),Gasolina Especial +,GASOLINA_ESPECIAL_MAS,EST. SERV. ACB SAN JORGE,24000.0,VENTAS,,False
2026-10-01 03:15:43,2026-10-01,5,LPZ,Distrito Comercial La Paz,Gasolina,GASOLINA ESPECIAL + (S/DSI),Gasolina Especial +,GASOLINA_ESPECIAL_MAS,EST. SERV. ACB CALACOTO,24000.0,VENTAS,,False
2026-10-01 03:15:43,2026-10-01,5,LPZ,Distrito Comercial La Paz,Gasolina,GASOLINA ESPECIAL + (S/DSI),Gasolina Especial +,GASOLINA_ESPECIAL_MAS,EST. SERV. 6 DE MARZO,12000.0,VENTAS,,False
2026-10-01 03:15:43,2026-10-01,5,LPZ,Distrito Comercial La Paz,Gasolina,GASOLINA ESPECIAL + (S/DSI),Gasolina Especial +,GASOLINA_ESPECIAL_MAS,ELSA CHIPANA H. - EST. SERV. ECOPETROL,12000.0,VENTAS,,False
2026-10-01 03:15:43,2026-10-01,5,LPZ,Distrito Comercial La Paz,Gasolina,GASOLINA ESPECIAL + (S/DSI),Gasolina Especial +,GASOLINA_ESPECIAL_MAS,ELDA S. AGUILAR V. - EST. SERV. JUAN PABLO II,36000.0,VENTAS,,False
2026-10-01 03:15:43,2026-10-01,5,LPZ,Distrito Comercial La Paz,Gasolina,GASOLINA ESPECIAL + (S/DSI),Gasolina Especial +,GASOLINA_ESPECIAL_MAS,DISTRIBUIDORA DE GASOLINA Y LUBRICANTES SAN PABLO S.R.L.,24000.0,VENTAS,,False
2026-10-01 03:15:43,2026-10-01,5,LPZ,Distrito Comercial La Paz,Gasolina,GASOLINA ESPECIAL + (S/DSI),Gasolina Especial +,GASOLINA_ESPECIAL_MAS,EST.SERV. URUGUAY,25000.0,TRANSFERENCIAS,,False
2026-10-01 03:15:43,2026-10-01,5,LPZ,Distrito Comercial La Paz,Gasolina,GASOLINA ESPECIAL + (S/DSI),Gasolina Especial +,GASOLINA_ESPECIAL_MAS,EST.SERV. SAN PEDRO,25000.0,TRANSFERENCIAS,,False
2026-10-01 03:15:43,2026-10-01,5,LPZ,Distrito Comercial La Paz,Gasolina,GASOLINA ESPECIAL + (S/DSI),Gasolina Especial +,GASOLINA_ESPECIAL_MAS,EST.SERV. ENTRE RIOS,25000.0,TRANSFERENCIAS,,False
2026-10-01 03:15:43,2026-10-01,5,LPZ,Distrito Comercial La Paz,Gasolina,GASOLINA ESPECIAL + (S/DSI),Gasolina Especial +,GASOLINA_ESPECIAL_MAS,EST.SERV. CALACOTO,20000.0,TRANSFERENCIAS,,False
2026-10-01 03:15:43,2026-10-01,12,GUA,Guayaramerin,Diesel,DIESEL OIL NACIONAL EESS,Diesel Oil Nacional,DIESEL_NACIONAL,TERESA DATZER C. - EST. SERV. LA PERLA DEL MAMORE,14000.0,VENTAS,,False
2026-10-01 03:15:43,2026-10-01,12,GUA,Guayaramerin,Diesel,DIESEL OIL NACIONAL EESS,Diesel Oil Nacional,DIESEL_NACIONAL,ESTACIÃN SERVICIO LAGO AZUL,11000.0,VENTAS,,False
2026-10-01 03:15:43,2026-10-01,12,GUA,Guayaramerin,Gasolina,GASOLINA ESPECIAL EESS,Gasolina Especial,GASOLINA_ESPECIAL,TERESA DATZER C. - EST. SERV. LA PERLA DEL MAMORE,8000.0,VENTAS,,False
2026-10-01 03:15:43,2026-10-01,12,GUA,Guayaramerin,Gasolina,GASOLINA ESPECIAL EESS,Gasolina Especial,GASOLINA_ESPECIAL,ESTACIÃN SERVICIO LAGO AZUL,8000.0,VENTAS,,False
2026-10-01 03:15:43,2026-10-01,12,GUA,Guayaramerin,Gasolina,GASOLINA ESPECIAL EESS,Gasolina Especial,GASOLINA_ESPECIAL,EE. SS. FEDERICO ROMAN,8000.0,TRANSFERENCIAS,,False
2026-10-01 03:15:43,2026-10-01,25,MON,Monteagudo,Diesel,DIESEL OIL NACIONAL EESS,Diesel Oil Nacional,DIESEL_NACIONAL,EST. SERV. MUYUPAMPA,5000.0,TRANSFERENCIAS,,False
2026-10-01 03:15:43,2026-10-01,25,MON,Monteagudo,Diesel,DIESEL OIL NACIONAL EESS,Diesel Oil Nacional,DIESEL_NACIONAL,EE.SS MONTEAGUDO,5000.0,TRANSFERENCIAS,,False
2026-10-01 03:15:43,2026-10-01,25,MON,Monteagudo,Gasolina,GASOLINA ESPECIAL EESS,Gasolina Especial,GASOLINA_ESPECIAL,EST. SERV. MUYUPAMPA,12000.0,TRANSFERENCIAS,,False
2026-10-01 03:15:43,2026-10-01,25,MON,Monteagudo,Gasolina,GASOLINA ESPECIAL EESS,Gasolina Especial,GASOLINA_ESPECIAL,EE.SS MONTEAGUDO,4000.0,TRANSFERENCIAS,,False
2026-10-01 03:15:43,2026-10-01,9,ORU,Oruro,Diesel,DIESEL OIL NACIONAL EESS,Diesel Oil Nacional,DIESEL_NACIONAL,"ESTACION DE SERVICIOS ""QUIME"" S.R.L.",12000.0,VENTAS,,False
2026-10-01 03:15:43,2026-10-01,9,ORU,Oruro,Diesel,DIESEL OIL NACIONAL EESS,Diesel Oil Nacional,DIESEL_NACIONAL,ESTACION DE SERVICIO GRAN PODER,12000.0,VENTAS,,False
2026-10-01 03:15:43,2026-10-01,9,ORU,Oruro,Diesel,DIESEL OIL NACIONAL EESS,Diesel Oil Nacional,DIESEL_NACIONAL,ESTACION DE SERVICIO FOR-CE S.R.L.,12000.0,VENTAS,,False
2026-10-01 03:15:43,2026-10-01,9,ORU,Oruro,Diesel,DIESEL OIL NACIONAL EESS,Diesel Oil Nacional,DIESEL_NACIONAL,ESTACION DE SERVICIO DELMAR,12000.0,VENTAS,,False
2026-10-01 03:15:43,2026-10-01,9,ORU,Oruro,Diesel,DIESEL OIL NACIONAL EESS,Diesel Oil Nacional,DIESEL_NACIONAL,ESTACION DE SERVICIO AZANAQUE S.R.L.,12000.0,VENTAS,,False
2026-10-01 03:15:43,2026-10-01,9,ORU,Oruro,Diesel,DIESEL OIL NACIONAL EESS,Diesel Oil Nacional,DIESEL_NACIONAL,EST.SERV.ROSMERY ROXANA MENDOZA PEÃALOZA,12000.0,VENTAS,,False
2026-10-01 03:15:43,2026-10-01,9,ORU,Oruro,Diesel,DIESEL OIL NACIONAL EESS,Diesel Oil Nacional,DIESEL_NACIONAL,EST. SERV PISIGA RICHARD COLQUE,16000.0,VENTAS,,False
2026-10-01 03:15:43,2026-10-01,9,ORU,Oruro,Diesel,DIESEL OIL NACIONAL EESS,Diesel Oil Nacional,DIESEL_NACIONAL,E.S. HECTOR C. FAJARDO MENDOZA,12000.0,VENTAS,,False
2026-10-01 03:15:43,2026-10-01,9,ORU,Oruro,Diesel,DIESEL OIL IMPORTADO EESS,Diesel Oil Importado,DIESEL_IMPORTADO,ESTACION DE SERVICIO ESPAÃA,20000.0,VENTAS,,False
2026-10-01 03:15:43,2026-10-01,9,ORU,Oruro,Diesel,DIESEL OIL NACIONAL EESS,Diesel Oil Nacional,DIESEL_NACIONAL,DISTRIGAS ESTACION DE SERVICIO 6 DE AGOSTO S.R.L.- SUCURSAL CARACOLLO,12000.0,VENTAS,,False
2026-10-01 03:15:43,2026-10-01,9,ORU,Oruro,Diesel,DIESEL OIL IMPORTADO EESS,Diesel Oil Importado,DIESEL_IMPORTADO,RICARDO ALVAREZ A.-E.S.NTRA. SRA.DEL SOCAVON,24000.0,VENTAS,,False
2026-10-01 03:15:43,2026-10-01,9,ORU,Oruro,Diesel,DIESEL OIL IMPORTADO EESS,Diesel Oil Importado,DIESEL_IMPORTADO,REFINERIA ORIENTAL S.A.,24000.0,VENTAS,,False
2026-10-01 03:15:43,2026-10-01,9,ORU,Oruro,Diesel,DIESEL OIL IMPORTADO EESS,Diesel Oil Importado,DIESEL_IMPORTADO,MIRTHA QUEVEDO A.- QV2 SERVICE,36000.0,VENTAS,,False
2026-10-01 03:15:43,2026-10-01,9,ORU,Oruro,Diesel,DIESEL OIL IMPORTADO EESS,Diesel Oil Importado,DIESEL_IMPORTADO,ESTACION DE SERVICIO R Y G CIRCUNVALACION S.R.L.,24000.0,VENTAS,,False
2026-10-01 03:15:43,2026-10-01,9,ORU,Oruro,Diesel,DIESEL OIL IMPORTADO EESS,Diesel Oil Importado,DIESEL_IMPORTADO,ESTACION DE SERVICIO NICTINA S.R.L.,24000.0,VENTAS,,False
2026-10-01 03:15:43,2026-10-01,9,ORU,Oruro,Diesel,DIESEL OIL IMPORTADO EESS,Diesel Oil Importado,DIESEL_IMPORTADO,ESTACION DE SERVICIO ATLANTIDA S.R.L.,12000.0,VENTAS,,False
2026-10-01 03:15:43,2026-10-01,9,ORU,Oruro,Diesel,DIESEL OIL IMPORTADO EESS,Diesel Oil Importado,DIESEL_IMPORTADO,ESTAC.DE SERV. NIÃO SALVADOR,24000.0,VENTAS,,False
2026-10-01 03:15:43,2026-10-01,9,ORU,Oruro,Diesel,DIESEL OIL IMPORTADO EESS,Diesel Oil Importado,DIESEL_IMPORTADO,ESTAC. DE SERV. SOCINBOL SRL,20000.0,VENTAS,,False
2026-10-01 03:15:43,2026-10-01,9,ORU,Oruro,Diesel,DIESEL OIL IMPORTADO EESS,Diesel Oil Importado,DIESEL_IMPORTADO,EST.SERV. VINTO MARCO TEJERINA,24000.0,VENTAS,,False
2026-10-01 03:15:43,2026-10-01,9,ORU,Oruro,Diesel,DIESEL OIL IMPORTADO EESS,Diesel Oil Importado,DIESEL_IMPORTADO,EST.DE SERVICIO ECCO SRL,24000.0,VENTAS,,False
2026-10-01 03:15:43,2026-10-01,9,ORU,Oruro,Diesel,DIESEL OIL IMPORTADO EESS,Diesel Oil Importado,DIESEL_IMPORTADO,E.SERV.INTERNACIONAL EXCEL SRL NORTE,24000.0,VENTAS,,False
2026-10-01 03:15:43,2026-10-01,9,ORU,Oruro,Diesel,DIESEL OIL IMPORTADO EESS,Diesel Oil Importado,DIESEL_IMPORTADO,E.S. EBEN EZER-PORFIRIO CHOQUE,24000.0,VENTAS,,False
2026-10-01 03:15:43,2026-10-01,9,ORU,Oruro,Diesel,DIESEL OIL IMPORTADO EESS,Diesel Oil Importado,DIESEL_IMPORTADO,DISTRIGAS ESTACION DE SERVICIO 6 DE AGOSTO S.R.L.- SUCURSAL 6 DE AGOSTO II,24000.0,VENTAS,,False
2026-10-01 03:15:43,2026-10-01,9,ORU,Oruro,Diesel,DIESEL OIL NACIONAL EESS,Diesel Oil Nacional,DIESEL_NACIONAL,ESTACION DE SERVICIO LLALLAGUA I,12000.0,TRANSFERENCIAS,,False
2026-10-01 03:15:43,2026-10-01,9,ORU,Oruro,Diesel,DIESEL OIL NACIONAL EESS,Diesel Oil Nacional,DIESEL_NACIONAL,ESTACION DE SERVICIO LLALLAGUA,7000.0,TRANSFERENCIAS,,False
2026-10-01 03:15:43,2026-10-01,9,ORU,Oruro,Diesel,DIESEL OIL IMPORTADO EESS,Diesel Oil Importado,DIESEL_IMPORTADO,ESTACION DE SERVICIO SAN PEDRO,25000.0,TRANSFERENCIAS,,False
2026-10-01 03:15:43,2026-10-01,9,ORU,Oruro,Gasolina,GASOLINA ESPECIAL EESS,Gasolina Especial,GASOLINA_ESPECIAL,RICARDO ALVAREZ A.-E.S.NTRA. SRA.DEL SOCAVON,9000.0,VENTAS,,False
2026-10-01 03:15:43,2026-10-01,9,ORU,Oruro,Gasolina,GASOLINA ESPECIAL EESS,Gasolina Especial,GASOLINA_ESPECIAL,REFINERIA ORIENTAL S.A.,9000.0,VENTAS,,False
2026-10-01 03:15:43,2026-10-01,9,ORU,Oruro,Gasolina,GASOLINA ESPECIAL EESS,Gasolina Especial,GASOLINA_ESPECIAL,MIRTHA QUEVEDO A.- QV2 SERVICE,12000.0,VENTAS,,False
2026-10-01 03:15:43,2026-10-01,9,ORU,Oruro,Gasolina,GASOLINA ESPECIAL EESS,Gasolina Especial,GASOLINA_ESPECIAL,ESTACION DE SERVICIO R Y G CIRCUNVALACION S.R.L.,9000.0,VENTAS,,False
2026-10-01 03:15:43,2026-10-01,9,ORU,Oruro,Gasolina,GASOLINA ESPECIAL EESS,Gasolina Especial,GASOLINA_ESPECIAL,ESTACION DE SERVICIO NICTINA S.R.L.,10000.0,VENTAS,,False
2026-10-01 03:15:43,2026-10-01,9,ORU,Oruro,Gasolina,GASOLINA ESPECIAL EESS,Gasolina Especial,GASOLINA_ESPECIAL,ESTACION DE SERVICIO ESPAÃA,9000.0,VENTAS,,False
2026-10-01 03:15:43,2026-10-01,9,ORU,Oruro,Gasolina,GASOLINA ESPECIAL EESS,Gasolina Especial,GASOLINA_ESPECIAL,ESTACION DE SERVICIO ATLANTIDA S.R.L.,12000.0,VENTAS,,False
2026-10-01 03:15:43,2026-10-01,9,ORU,Oruro,Gasolina,GASOLINA ESPECIAL EESS,Gasolina Especial,GASOLINA_ESPECIAL,ESTAC.DE SERV. NIÃO SALVADOR,9000.0,VENTAS,,False
2026-10-01 03:15:43,2026-10-01,9,ORU,Oruro,Gasolina,GASOLINA ESPECIAL EESS,Gasolina Especial,GASOLINA_ESPECIAL,ESTAC. DE SERV. SOCINBOL SRL,9000.0,VENTAS,,False
2026-10-01 03:15:43,2026-10-01,9,ORU,Oruro,Gasolina,GASOLINA ESPECIAL EESS,Gasolina Especial,GASOLINA_ESPECIAL,EST.SERV. VINTO MARCO TEJERINA,9000.0,VENTAS,,False
2026-10-01 03:15:43,2026-10-01,9,ORU,Oruro,Gasolina,GASOLINA ESPECIAL EESS,Gasolina Especial,GASOLINA_ESPECIAL,EST.DE SERVICIO ECCO SRL,9000.0,VENTAS,,False
2026-10-01 03:15:43,2026-10-01,9,ORU,Oruro,Gasolina,GASOLINA ESPECIAL EESS,Gasolina Especial,GASOLINA_ESPECIAL,E.SERV.INTERNACIONAL EXCEL SRL NORTE,9000.0,VENTAS,,False
2026-10-01 03:15:43,2026-10-01,9,ORU,Oruro,Gasolina,GASOLINA ESPECIAL EESS,Gasolina Especial,GASOLINA_ESPECIAL,E.S. EBEN EZER-PORFIRIO CHOQUE,9000.0,VENTAS,,False
2026-10-01 03:15:43,2026-10-01,9,ORU,Oruro,Gasolina,GASOLINA ESPECIAL EESS,Gasolina Especial,GASOLINA_ESPECIAL,DISTRIGAS ESTACION DE SERVICIO 6 DE AGOSTO S.R.L.- SUCURSAL 6 DE AGOSTO II,9000.0,VENTAS,,False
2026-10-01 03:15:43,2026-10-01,9,ORU,Oruro,Gasolina,GASOLINA ESPECIAL EESS,Gasolina Especial,GASOLINA_ESPECIAL,DISTRIGAS ESTACION DE SERVICIO 6 DE AGOSTO S.R.L.,10000.0,VENTAS,,False
2026-10-01 03:15:43,2026-10-01,9,ORU,Oruro,Gasolina,GASOLINA ESPECIAL EESS,Gasolina Especial,GASOLINA_ESPECIAL,DISTRIGAS ESTACION DE SERVICIO 6 DE AGOSTO S.R.L.- SUCURSAL TACNA,12000.0,VENTAS,,False
2026-10-01 03:15:43,2026-10-01,9,ORU,Oruro,Gasolina,GASOLINA ESPECIAL EESS,Gasolina Especial,GASOLINA_ESPECIAL,ESTACION DE SERVICIO SAN PEDRO,25000.0,TRANSFERENCIAS,,False
2026-10-01 03:15:43,2026-10-01,9,ORU,Oruro,Gasolina,GASOLINA ESPECIAL EESS,Gasolina Especial,GASOLINA_ESPECIAL,ESTACION DE SERVICIO MORELA,25000.0,TRANSFERENCIAS,,False
2026-10-01 03:15:43,2026-10-01,26,PVR,Puerto Villarroel,Gasolina,GASOLINA ESPECIAL + EESS,Gasolina Especial +,GASOLINA_ESPECIAL_MAS,PUESTO DE VENTA DE COMBUSTIBLES LIQUIDOS-CISTERNA MOVIL,3000.0,TRANSFERENCIAS,,False
2026-10-01 03:15:43,2026-10-01,4,SCZ,Santa Cruz,Diesel,DIESEL OIL NACIONAL EESS,Diesel Oil Nacional,DIESEL_NACIONAL,TARIFA S.R.L.,25000.0,VENTAS,MINERO,False
2026-10-01 03:15:43,2026-10-01,4,SCZ,Santa Cruz,Diesel,DIESEL OIL NACIONAL EESS,Diesel Oil Nacional,DIESEL_NACIONAL,SURTIDOR VIRGEN DE CHARAGUA S.R.L.,25000.0,VENTAS,CHARAGUA,False
2026-10-01 03:15:43,2026-10-01,4,SCZ,Santa Cruz,Diesel,DIESEL OIL NACIONAL EESS,Diesel Oil Nacional,DIESEL_NACIONAL,SURTIDOR LOS NEGROS - NERY TABOADA CONTRERAS,30000.0,VENTAS,PAMPA GRANDE,False
2026-10-01 03:15:43,2026-10-01,4,SCZ,Santa Cruz,Diesel,DIESEL OIL NACIONAL EESS,Diesel Oil Nacional,DIESEL_NACIONAL,SURTIDOR ACIPA - SJ S.R.L.,30000.0,VENTAS,SAN JULIAN,False
2026-10-01 03:15:43,2026-10-01,4,SCZ,Santa Cruz,Diesel,DIESEL OIL NACIONAL EESS,Diesel Oil Nacional,DIESEL_NACIONAL,SAN JOAQUIN I S.R.L.,30000.0,VENTAS,LOS ANDES,False
2026-10-01 03:15:43,2026-10-01,4,SCZ,Santa Cruz,Diesel,DIESEL OIL NACIONAL EESS,Diesel Oil Nacional,DIESEL_NACIONAL,PARTICIPACIONES E INVERSIONES EN GAS - PIGAS S.A.,30000.0,VENTAS,EL TORNO,False
2026-10-01 03:15:43,2026-10-01,4,SCZ,Santa Cruz,Diesel,DIESEL OIL NACIONAL EESS,Diesel Oil Nacional,DIESEL_NACIONAL,MUYURINA LTDA,30000.0,VENTAS,MONTERO,False
2026-10-01 03:15:43,2026-10-01,4,SCZ,Santa Cruz,Diesel,DIESEL OIL NACIONAL EESS,Diesel Oil Nacional,DIESEL_NACIONAL,JARAJORECHI S.R.L.,25000.0,VENTAS,MONTERO,False
2026-10-01 03:15:43,2026-10-01,4,SCZ,Santa Cruz,Diesel,DIESEL OIL NACIONAL EESS,Diesel Oil Nacional,DIESEL_NACIONAL,ESTACION DE SERVICIO SUR SRL-SUCURSAL 4,25000.0,VENTAS,GENERAL SAAVEDRA,False
2026-10-01 03:15:43,2026-10-01,4,SCZ,Santa Cruz,Diesel,DIESEL OIL NACIONAL EESS,Diesel Oil Nacional,DIESEL_NACIONAL,ESTACION DE SERVICIO SAYE S.R.L.,30000.0,VENTAS,CANANDOA,False
2026-10-01 03:15:43,2026-10-01,4,SCZ,Santa Cruz,Diesel,DIESEL OIL NACIONAL EESS,Diesel Oil Nacional,DIESEL_NACIONAL,ESTACION DE SERVICIO SAN SILVESTRE,35000.0,VENTAS,PORTACHUELO,False
2026-10-01 03:15:43,2026-10-01,4,SCZ,Santa Cruz,Diesel,DIESEL OIL NACIONAL EESS,Diesel Oil Nacional,DIESEL_NACIONAL,ESTACION DE SERVICIO SAN SALVADOR - SILVIA VARGAS CRESPO,30000.0,VENTAS,YAPACANI,False
2026-10-01 03:15:43,2026-10-01,4,SCZ,Santa Cruz,Diesel,DIESEL OIL NACIONAL EESS,Diesel Oil Nacional,DIESEL_NACIONAL,ESTACION DE SERVICIO PORTACHUELO LTDA,35000.0,VENTAS,PORTACHUELO,False
2026-10-01 03:15:43,2026-10-01,4,SCZ,Santa Cruz,Diesel,DIESEL OIL NACIONAL EESS,Diesel Oil Nacional,DIESEL_NACIONAL,ESTACION DE SERVICIO PETRO VAL S.R.L.,35000.0,VENTAS,PAILON,False
2026-10-01 03:15:43,2026-10-01,4,SCZ,Santa Cruz,Diesel,DIESEL OIL NACIONAL EESS,Diesel Oil Nacional,DIESEL_NACIONAL,ESTACION DE SERVICIO MIRANDA S.R.L.,30000.0,VENTAS,MONTERO,False
2026-10-01 03:15:43,2026-10-01,4,SCZ,Santa Cruz,Diesel,DIESEL OIL NACIONAL EESS,Diesel Oil Nacional,DIESEL_NACIONAL,ESTACION DE SERVICIO MACONDO,30000.0,VENTAS,FERNANDEZ ALONSO,False
2026-10-01 03:15:43,2026-10-01,4,SCZ,Santa Cruz,Diesel,DIESEL OIL NACIONAL EESS,Diesel Oil Nacional,DIESEL_NACIONAL,ESTACION DE SERVICIO LOS BIBOSIS S.R.L.,30000.0,VENTAS,PORTACHUELO,False
2026-10-01 03:15:43,2026-10-01,4,SCZ,Santa Cruz,Diesel,DIESEL OIL NACIONAL EESS,Diesel Oil Nacional,DIESEL_NACIONAL,ESTACION DE SERVICIO LAS CONCHAS S.R.L.,35000.0,VENTAS,4 CAÃADAS,False
2026-10-01 03:15:43,2026-10-01,4,SCZ,Santa Cruz,Diesel,DIESEL OIL NACIONAL EESS,Diesel Oil Nacional,DIESEL_NACIONAL,ESTACION DE SERVICIO LA CUEVA - ROLANDO CHAVEZ VACA,35000.0,VENTAS,SAN RAMON,False
2026-10-01 03:15:43,2026-10-01,4,SCZ,Santa Cruz,Diesel,DIESEL OIL NACIONAL EESS,Diesel Oil Nacional,DIESEL_NACIONAL,ESTACION DE SERVICIO KM. 75 S.R.L,25000.0,VENTAS,TRES CRUCES,False
2026-10-01 03:15:43,2026-10-01,4,SCZ,Santa Cruz,Diesel,DIESEL OIL NACIONAL EESS,Diesel Oil Nacional,DIESEL_NACIONAL,ESTACION DE SERVICIO JATUMPAMPA SRL,30000.0,VENTAS,YAPACANI,False
2026-10-01 03:15:43,2026-10-01,4,SCZ,Santa Cruz,Diesel,DIESEL OIL NACIONAL EESS,Diesel Oil Nacional,DIESEL_NACIONAL,ESTACION DE SERVICIO ICHILO SRL,30000.0,VENTAS,YAPACANI,False
2026-10-01 03:15:43,2026-10-01,4,SCZ,Santa Cruz,Diesel,DIESEL OIL NACIONAL EESS,Diesel Oil Nacional,DIESEL_NACIONAL,ESTACION DE SERVICIO GASOCONCE - ENRIQUE SERAFIN SUAREZ CASTEDO,30000.0,VENTAS,CONCEPCIÃN,False
2026-10-01 03:15:43,2026-10-01,4,SCZ,Santa Cruz,Diesel,DIESEL OIL NACIONAL EESS,Diesel Oil Nacional,DIESEL_NACIONAL,ESTACION DE SERVICIO GASCAR S.R.L.,30000.0,VENTAS,EL TORNO,False
2026-10-01 03:15:43,2026-10-01,4,SCZ,Santa Cruz,Diesel,DIESEL OIL NACIONAL EESS,Diesel Oil Nacional,DIESEL_NACIONAL,ESTACION DE SERVICIO EUSE CRUZ,30000.0,VENTAS,VALLE GRANDE,False
2026-10-01 03:15:43,2026-10-01,4,SCZ,Santa Cruz,Diesel,DIESEL OIL NACIONAL EESS,Diesel Oil Nacional,DIESEL_NACIONAL,ESTACION DE SERVICIO EL TAJIBO OKINAWA,35000.0,VENTAS,OKINAWA,False
2026-10-01 03:15:43,2026-10-01,4,SCZ,Santa Cruz,Diesel,DIESEL OIL NACIONAL EESS,Diesel Oil Nacional,DIESEL_NACIONAL,ESTACION DE SERVICIO EL JUNTE-ALEJANDRA MARIEL BALCAZAR PAZ,35000.0,VENTAS,SAN PABLO,False
2026-10-01 03:15:43,2026-10-01,4,SCZ,Santa Cruz,Diesel,DIESEL OIL NACIONAL EESS,Diesel Oil Nacional,DIESEL_NACIONAL,ESTACION DE SERVICIO EL BIBOSI MANANTIAL-LIMBERT JIMENEZ JALDIN,35000.0,VENTAS,GUARAYOS,False
2026-10-01 03:15:43,2026-10-01,4,SCZ,Santa Cruz,Diesel,DIESEL OIL NACIONAL EESS,Diesel Oil Nacional,DIESEL_NACIONAL,ESTACION DE SERVICIO EL BIBOSI - ROY RIDER LA FUENTE COLQUE,35000.0,VENTAS,,False
2026-10-01 03:15:43,2026-10-01,4,SCZ,Santa Cruz,Diesel,DIESEL OIL NACIONAL EESS,Diesel Oil Nacional,DIESEL_NACIONAL,ESTACION DE SERVICIO DANA S.R.L.,35000.0,VENTAS,PAILON,False
2026-10-01 03:15:43,2026-10-01,4,SCZ,Santa Cruz,Diesel,DIESEL OIL NACIONAL EESS,Diesel Oil Nacional,DIESEL_NACIONAL,ESTACION DE SERVICIO CARLOS ANDRES FI S.R.L.,35000.0,VENTAS,SAN PEDRO DEL NORTE,False
2026-10-01 03:15:43,2026-10-01,4,SCZ,Santa Cruz,Diesel,DIESEL OIL NACIONAL EESS,Diesel Oil Nacional,DIESEL_NACIONAL,ESTACION DE SERVICIO ARACATACA,35000.0,VENTAS,MONTERO,False
2026-10-01 03:15:43,2026-10-01,4,SCZ,Santa Cruz,Diesel,DIESEL OIL NACIONAL EESS,Diesel Oil Nacional,DIESEL_NACIONAL,"EE.SS. COOP. DE SERVICIOS PUBLICOS DE AGUA POTABLE Y ALCANTARILLADO ""MONTES CLAROS"" R.L.",30000.0,VENTAS,VALLE GRANDE,False
2026-10-01 03:15:43,2026-10-01,4,SCZ,Santa Cruz,Diesel,DIESEL OIL NACIONAL EESS,Diesel Oil Nacional,DIESEL_NACIONAL,D-GAS S.A. SUCURSAL SANTA CRUZ,30000.0,VENTAS,WARNES,False
2026-10-01 03:15:43,2026-10-01,4,SCZ,Santa Cruz,Diesel,DIESEL OIL NACIONAL EESS,Diesel Oil Nacional,DIESEL_NACIONAL,COMPAÃIA COMERCIALIZADORA BOLIVIANA DE HIDROCARBUROS CONFI S.R.L.,35000.0,VENTAS,BUENA VISTA,False
2026-10-01 03:15:43,2026-10-01,4,SCZ,Santa Cruz,Diesel,DIESEL OIL NACIONAL EESS,Diesel Oil Nacional,DIESEL_NACIONAL,ABERI SRL,35000.0,VENTAS,TRES CRUCES,False
2026-10-01 03:15:43,2026-10-01,4,SCZ,Santa Cruz,Diesel,DIESEL OIL IMPORTADO EESS,Diesel Oil Importado,DIESEL_IMPORTADO,Z & Z LTDA,10000.0,VENTAS,CENTRO,False
2026-10-01 03:15:43,2026-10-01,4,SCZ,Santa Cruz,Diesel,DIESEL OIL IMPORTADO EESS,Diesel Oil Importado,DIESEL_IMPORTADO,YVU CENTRO DE SERVICIOS Y COMERCIO S.R.L.,20000.0,VENTAS,NORTE,False
2026-10-01 03:15:43,2026-10-01,4,SCZ,Santa Cruz,Diesel,DIESEL OIL IMPORTADO EESS,Diesel Oil Importado,DIESEL_IMPORTADO,VANGAS S.A,20000.0,VENTAS,OESTE,False
2026-10-01 03:15:43,2026-10-01,4,SCZ,Santa Cruz,Diesel,DIESEL OIL IMPORTADO EESS,Diesel Oil Importado,DIESEL_IMPORTADO,SURTIDOR VARDONA - SUSANA POEHLMANN GARCIA,35000.0,VENTAS,CENTRO,False
2026-10-01 03:15:43,2026-10-01,4,SCZ,Santa Cruz,Diesel,DIESEL OIL IMPORTADO EESS,Diesel Oil Importado,DIESEL_IMPORTADO,SURTIDOR EL PALMAR - DIONICIO CONDORI RODRIGUEZ,20000.0,VENTAS,SUR,False
2026-10-01 03:15:43,2026-10-01,4,SCZ,Santa Cruz,Diesel,DIESEL OIL IMPORTADO EESS,Diesel Oil Importado,DIESEL_IMPORTADO,SURTIDOR COTOCA - JOSE RAMIRO AYALA FLORES,20000.0,VENTAS,ESTE,False
2026-10-01 03:15:43,2026-10-01,4,SCZ,Santa Cruz,Diesel,DIESEL OIL IMPORTADO EESS,Diesel Oil Importado,DIESEL_IMPORTADO,SURTIDOR CLUBOL - RUTH JIMENEZ DE MONROY,10000.0,VENTAS,CENTRO,False
2026-10-01 03:15:43,2026-10-01,4,SCZ,Santa Cruz,Diesel,DIESEL OIL IMPORTADO EESS,Diesel Oil Importado,DIESEL_IMPORTADO,SERVICIOS GENERALES LA CAÃADA S.R.L.,20000.0,VENTAS,SUR,False
2026-10-01 03:15:43,2026-10-01,4,SCZ,Santa Cruz,Diesel,DIESEL OIL IMPORTADO EESS,Diesel Oil Importado,DIESEL_IMPORTADO,REFINERIA ORIENTAL S.A.-SUC. BARRIO LAZARETO,10000.0,VENTAS,CENTRO,False
2026-10-01 03:15:43,2026-10-01,4,SCZ,Santa Cruz,Diesel,DIESEL OIL IMPORTADO EESS,Diesel Oil Importado,DIESEL_IMPORTADO,REFINERIA ORIENTAL S.A. SUCURSAL MONTECRISTO,20000.0,VENTAS,ESTE,False
2026-10-01 03:15:43,2026-10-01,4,SCZ,Santa Cruz,Diesel,DIESEL OIL IMPORTADO EESS,Diesel Oil Importado,DIESEL_IMPORTADO,REFINERIA ORIENTAL S.A. SUC. NOR ESTE,10000.0,VENTAS,CENTRO,False
2026-10-01 03:15:43,2026-10-01,4,SCZ,Santa Cruz,Diesel,DIESEL OIL IMPORTADO EESS,Diesel Oil Importado,DIESEL_IMPORTADO,R&E 3000 S.R.L.,20000.0,VENTAS,SUR,False
2026-10-01 03:15:43,2026-10-01,4,SCZ,Santa Cruz,Diesel,DIESEL OIL IMPORTADO EESS,Diesel Oil Importado,DIESEL_IMPORTADO,LAS PALMAS S.R.L.,10000.0,VENTAS,CENTRO,False
2026-10-01 03:15:43,2026-10-01,4,SCZ,Santa Cruz,Diesel,DIESEL OIL IMPORTADO EESS,Diesel Oil Importado,DIESEL_IMPORTADO,GENEX S.A-SUCURSAL S.C ZONA GUARACACHI,15000.0,VENTAS,ESTE,False
2026-10-01 03:15:43,2026-10-01,4,SCZ,Santa Cruz,Diesel,DIESEL OIL IMPORTADO EESS,Diesel Oil Importado,DIESEL_IMPORTADO,GAS DEL ESTE S.R.L.,10000.0,VENTAS,CENTRO,False
2026-10-01 03:15:43,2026-10-01,4,SCZ,Santa Cruz,Diesel,DIESEL OIL IMPORTADO EESS,Diesel Oil Importado,DIESEL_IMPORTADO,ESTACION DE SERVICIOS VIRGEN DE COTOCA S.R.L.,25000.0,VENTAS,ESTE,False
2026-10-01 03:15:43,2026-10-01,4,SCZ,Santa Cruz,Diesel,DIESEL OIL IMPORTADO EESS,Diesel Oil Importado,DIESEL_IMPORTADO,ESTACION DE SERVICIO YOTAU S.R.L.,35000.0,VENTAS,SUR,False
2026-10-01 03:15:43,2026-10-01,4,SCZ,Santa Cruz,Diesel,DIESEL OIL IMPORTADO EESS,Diesel Oil Importado,DIESEL_IMPORTADO,ESTACION DE SERVICIO VERGARA - FABIOLA NOEMI ZORRILLO VERGARA,20000.0,VENTAS,ESTE,False
2026-10-01 03:15:43,2026-10-01,4,SCZ,Santa Cruz,Diesel,DIESEL OIL IMPORTADO EESS,Diesel Oil Importado,DIESEL_IMPORTADO,ESTACION DE SERVICIO URBARI SRL,10000.0,VENTAS,CENTRO,False
2026-10-01 03:15:43,2026-10-01,4,SCZ,Santa Cruz,Diesel,DIESEL OIL IMPORTADO EESS,Diesel Oil Importado,DIESEL_IMPORTADO,ESTACION DE SERVICIO TRES PASOS AL FRENTE - VITALIANO ROJAS OLIVERA,25000.0,VENTAS,ESTE,False
2026-10-01 03:15:43,2026-10-01,4,SCZ,Santa Cruz,Diesel,DIESEL OIL IMPORTADO EESS,Diesel Oil Importado,DIESEL_IMPORTADO,ESTACION DE SERVICIO TOTAITU N&T S.R.L.,35000.0,VENTAS,NORTE,False
2026-10-01 03:15:43,2026-10-01,4,SCZ,Santa Cruz,Diesel,DIESEL OIL IMPORTADO EESS,Diesel Oil Importado,DIESEL_IMPORTADO,ESTACION DE SERVICIO SUR S.R.L.-SUCURSAL ESTACION DE SERVICIO LA TECA,25000.0,VENTAS,ESTE,False
2026-10-01 03:15:43,2026-10-01,4,SCZ,Santa Cruz,Diesel,DIESEL OIL IMPORTADO EESS,Diesel Oil Importado,DIESEL_IMPORTADO,ESTACION DE SERVICIO SUR S.R.L. SUCURSAL 2,30000.0,VENTAS,NORTE,False
2026-10-01 03:15:43,2026-10-01,4,SCZ,Santa Cruz,Diesel,DIESEL OIL IMPORTADO EESS,Diesel Oil Importado,DIESEL_IMPORTADO,ESTACION DE SERVICIO SUR SRL SUCURSAL 3,30000.0,VENTAS,NORTE,False
2026-10-01 03:15:43,2026-10-01,4,SCZ,Santa Cruz,Diesel,DIESEL OIL IMPORTADO EESS,Diesel Oil Importado,DIESEL_IMPORTADO,ESTACION DE SERVICIO SANTOS DUMONT NOGALES,10000.0,VENTAS,CENTRO,False
2026-10-01 03:15:43,2026-10-01,4,SCZ,Santa Cruz,Diesel,DIESEL OIL IMPORTADO EESS,Diesel Oil Importado,DIESEL_IMPORTADO,ESTACION DE SERVICIO SANTA MARIA,10000.0,VENTAS,CENTRO,False
2026-10-01 03:15:43,2026-10-01,4,SCZ,Santa Cruz,Diesel,DIESEL OIL IMPORTADO EESS,Diesel Oil Importado,DIESEL_IMPORTADO,ESTACION DE SERVICIO SAN LUIS I,30000.0,VENTAS,SUR,False
2026-10-01 03:15:43,2026-10-01,4,SCZ,Santa Cruz,Diesel,DIESEL OIL IMPORTADO EESS,Diesel Oil Importado,DIESEL_IMPORTADO,ESTACION DE SERVICIO SAN LUIS,20000.0,VENTAS,SUR,False
2026-10-01 03:15:43,2026-10-01,4,SCZ,Santa Cruz,Diesel,DIESEL OIL IMPORTADO EESS,Diesel Oil Importado,DIESEL_IMPORTADO,ESTACION DE SERVICIO RIVERO - LUIS ANTONIO RIVERO AÃEZ,10000.0,VENTAS,CENTRO,False
2026-10-01 03:15:43,2026-10-01,4,SCZ,Santa Cruz,Diesel,DIESEL OIL IMPORTADO EESS,Diesel Oil Importado,DIESEL_IMPORTADO,ESTACION DE SERVICIO REYNALDO CORTEZ QUISPE,25000.0,VENTAS,SUR,False
2026-10-01 03:15:43,2026-10-01,4,SCZ,Santa Cruz,Diesel,DIESEL OIL IMPORTADO EESS,Diesel Oil Importado,DIESEL_IMPORTADO,ESTACION DE SERVICIO REFINERIA ORIENTAL S.A. - SUC. ZONA 4Â° ANILLO FRENTE A BUFALO PARK - SC,10000.0,VENTAS,CENTRO,False
2026-10-01 03:15:43,2026-10-01,4,SCZ,Santa Cruz,Diesel,DIESEL OIL IMPORTADO EESS,Diesel Oil Importado,DIESEL_IMPORTADO,ESTACION DE SERVICIO RADIAL 10 - HUGO FLORERO ORELLANA,20000.0,VENTAS,ESTE,False
2026-10-01 03:15:43,2026-10-01,4,SCZ,Santa Cruz,Diesel,DIESEL OIL IMPORTADO EESS,Diesel Oil Importado,DIESEL_IMPORTADO,ESTACION DE SERVICIO QUINTO ANILLO S.R.L.,35000.0,VENTAS,SUR,False
2026-10-01 03:15:43,2026-10-01,4,SCZ,Santa Cruz,Diesel,DIESEL OIL IMPORTADO EESS,Diesel Oil Importado,DIESEL_IMPORTADO,ESTACION DE SERVICIO PIRAI S.R.L. SUC. DOBLE VIA LA GUARDIA ESQ. OCTAVO ANILLO,25000.0,VENTAS,SUR,False
2026-10-01 03:15:43,2026-10-01,4,SCZ,Santa Cruz,Diesel,DIESEL OIL IMPORTADO EESS,Diesel Oil Importado,DIESEL_IMPORTADO,ESTACION DE SERVICIO PANTANAL DEL ORIENTE-ALVARO LUIS AGUILAR ADRIAZOLA,35000.0,VENTAS,ESTE,False
2026-10-01 03:15:43,2026-10-01,4,SCZ,Santa Cruz,Diesel,DIESEL OIL IMPORTADO EESS,Diesel Oil Importado,DIESEL_IMPORTADO,ESTACION DE SERVICIO PALMASOLA,20000.0,VENTAS,SUR,False
2026-10-01 03:15:43,2026-10-01,4,SCZ,Santa Cruz,Diesel,DIESEL OIL IMPORTADO EESS,Diesel Oil Importado,DIESEL_IMPORTADO,ESTACION DE SERVICIO ORSA SRL-SUCURSAL 1,35000.0,VENTAS,PORONGO,False
2026-10-01 03:15:43,2026-10-01,4,SCZ,Santa Cruz,Diesel,DIESEL OIL IMPORTADO EESS,Diesel Oil Importado,DIESEL_IMPORTADO,ESTACION DE SERVICIO MORAGRANDE S.R.L. (SUC 1),20000.0,VENTAS,SUR,False
2026-10-01 03:15:43,2026-10-01,4,SCZ,Santa Cruz,Diesel,DIESEL OIL IMPORTADO EESS,Diesel Oil Importado,DIESEL_IMPORTADO,ESTACION DE SERVICIO MORAGRANDE S.R.L.,25000.0,VENTAS,SUR,False
2026-10-01 03:15:43,2026-10-01,4,SCZ,Santa Cruz,Diesel,DIESEL OIL IMPORTADO EESS,Diesel Oil Importado,DIESEL_IMPORTADO,ESTACION DE SERVICIO MONTAÃO S.R.L.,30000.0,VENTAS,SUR,False
2026-10-01 03:15:43,2026-10-01,4,SCZ,Santa Cruz,Diesel,DIESEL OIL IMPORTADO EESS,Diesel Oil Importado,DIESEL_IMPORTADO,ESTACION DE SERVICIO LOS MANGALES S.R.L.,20000.0,VENTAS,OESTE,False
2026-10-01 03:15:43,2026-10-01,4,SCZ,Santa Cruz,Diesel,DIESEL OIL IMPORTADO EESS,Diesel Oil Importado,DIESEL_IMPORTADO,ESTACION DE SERVICIO LOS COYUYOS-JULIA GONZALES,20000.0,VENTAS,NORTE,False
2026-10-01 03:15:43,2026-10-01,4,SCZ,Santa Cruz,Diesel,DIESEL OIL IMPORTADO EESS,Diesel Oil Importado,DIESEL_IMPORTADO,ESTACION DE SERVICIO LAS ORQUIDEAS S.R.L.,35000.0,VENTAS,SUR,False
2026-10-01 03:15:43,2026-10-01,4,SCZ,Santa Cruz,Diesel,DIESEL OIL IMPORTADO EESS,Diesel Oil Importado,DIESEL_IMPORTADO,ESTACION DE SERVICIO LAS CONCHAS S.R.L.-SUCURSAL LA ENCONADA,35000.0,VENTAS,PAILON,False
2026-10-01 03:15:43,2026-10-01,4,SCZ,Santa Cruz,Diesel,DIESEL OIL IMPORTADO EESS,Diesel Oil Importado,DIESEL_IMPORTADO,ESTACION DE SERVICIO LA COLORADA,35000.0,VENTAS,SUR,False
2026-10-01 03:15:43,2026-10-01,4,SCZ,Santa Cruz,Diesel,DIESEL OIL IMPORTADO EESS,Diesel Oil Importado,DIESEL_IMPORTADO,ESTACION DE SERVICIO LA CIMA,10000.0,VENTAS,CENTRO,False
2026-10-01 03:15:43,2026-10-01,4,SCZ,Santa Cruz,Diesel,DIESEL OIL IMPORTADO EESS,Diesel Oil Importado,DIESEL_IMPORTADO,ESTACION DE SERVICIO LA CHORRERA SRL,35000.0,VENTAS,SUR,False
2026-10-01 03:15:43,2026-10-01,4,SCZ,Santa Cruz,Diesel,DIESEL OIL IMPORTADO EESS,Diesel Oil Importado,DIESEL_IMPORTADO,ESTACION DE SERVICIO JOSE JALDIN S.R.L,20000.0,VENTAS,SUR,False
2026-10-01 03:15:43,2026-10-01,4,SCZ,Santa Cruz,Diesel,DIESEL OIL IMPORTADO EESS,Diesel Oil Importado,DIESEL_IMPORTADO,ESTACION DE SERVICIO GUAYACAN S.R.L.,20000.0,VENTAS,ESTE,False
2026-10-01 03:15:43,2026-10-01,4,SCZ,Santa Cruz,Diesel,DIESEL OIL IMPORTADO EESS,Diesel Oil Importado,DIESEL_IMPORTADO,ESTACION DE SERVICIO EMANUEL S.R.L.,35000.0,VENTAS,SUR,False
2026-10-01 03:15:43,2026-10-01,4,SCZ,Santa Cruz,Diesel,DIESEL OIL IMPORTADO EESS,Diesel Oil Importado,DIESEL_IMPORTADO,ESTACION DE SERVICIO ELISA S.R.L.,35000.0,VENTAS,SUR,False
2026-10-01 03:15:43,2026-10-01,4,SCZ,Santa Cruz,Diesel,DIESEL OIL IMPORTADO EESS,Diesel Oil Importado,DIESEL_IMPORTADO,ESTACION DE SERVICIO EL TROMPILLO,20000.0,VENTAS,SUR,False
2026-10-01 03:15:43,2026-10-01,4,SCZ,Santa Cruz,Diesel,DIESEL OIL IMPORTADO EESS,Diesel Oil Importado,DIESEL_IMPORTADO,ESTACION DE SERVICIO EL TERO TERO DE CHICHITA - RODRIGO REMY AQUINO ALVARADO,10000.0,VENTAS,CENTRO,False
2026-10-01 03:15:43,2026-10-01,4,SCZ,Santa Cruz,Diesel,DIESEL OIL IMPORTADO EESS,Diesel Oil Importado,DIESEL_IMPORTADO,ESTACION DE SERVICIO EL TAROPE - JHONNY AGUILAR ADRIAZOLA,20000.0,VENTAS,ESTE,False
2026-10-01 03:15:43,2026-10-01,4,SCZ,Santa Cruz,Diesel,DIESEL OIL IMPORTADO EESS,Diesel Oil Importado,DIESEL_IMPORTADO,ESTACION DE SERVICIO EL ARROYO S.R.L.,10000.0,VENTAS,CENTRO,False
2026-10-01 03:15:43,2026-10-01,4,SCZ,Santa Cruz,Diesel,DIESEL OIL IMPORTADO EESS,Diesel Oil Importado,DIESEL_IMPORTADO,ESTACION DE SERVICIO DICOR S.R.L.,20000.0,VENTAS,ESTE,False
2026-10-01 03:15:43,2026-10-01,4,SCZ,Santa Cruz,Diesel,DIESEL OIL IMPORTADO EESS,Diesel Oil Importado,DIESEL_IMPORTADO,ESTACION DE SERVICIO DAVILA S.R.L.,25000.0,VENTAS,SUR,False
2026-10-01 03:15:43,2026-10-01,4,SCZ,Santa Cruz,Diesel,DIESEL OIL IMPORTADO EESS,Diesel Oil Importado,DIESEL_IMPORTADO,ESTACION DE SERVICIO CLUB GAZEL S.R.L.,20000.0,VENTAS,SUR,False
2026-10-01 03:15:43,2026-10-01,4,SCZ,Santa Cruz,Diesel,DIESEL OIL IMPORTADO EESS,Diesel Oil Importado,DIESEL_IMPORTADO,ESTACION DE SERVICIO BI-OCEANICA S.R.L.,35000.0,VENTAS,NORTE,False
2026-10-01 03:15:43,2026-10-01,4,SCZ,Santa Cruz,Diesel,DIESEL OIL IMPORTADO EESS,Diesel Oil Importado,DIESEL_IMPORTADO,ESTACION DE SERVICIO APAZA-PATRICIA JORGE DE APAZA,20000.0,VENTAS,ESTE,False
2026-10-01 03:15:43,2026-10-01,4,SCZ,Santa Cruz,Diesel,DIESEL OIL IMPORTADO EESS,Diesel Oil Importado,DIESEL_IMPORTADO,ESTACION DE SERVICIO 3F OIL S.R.L.,30000.0,VENTAS,OESTE,False
2026-10-01 03:15:43,2026-10-01,4,SCZ,Santa Cruz,Diesel,DIESEL OIL IMPORTADO EESS,Diesel Oil Importado,DIESEL_IMPORTADO,"ESTACION DE SERVICIO ""GUAPAY"" S.R.L.",10000.0,VENTAS,CENTRO,False
2026-10-01 03:15:43,2026-10-01,4,SCZ,Santa Cruz,Diesel,DIESEL OIL IMPORTADO EESS,Diesel Oil Importado,DIESEL_IMPORTADO,EMPRESA DE SERVICIOS 8 DE NOVIEMBRE LTDA.,25000.0,VENTAS,SUR,False
2026-10-01 03:15:43,2026-10-01,4,SCZ,Santa Cruz,Diesel,DIESEL OIL IMPORTADO EESS,Diesel Oil Importado,DIESEL_IMPORTADO,"EMPRESA DAVILA IMPORTADORA-EXPORTADORA S.R.L. ""DAIMPORT - EXPORT LTDA""",30000.0,VENTAS,OESTE,False
2026-10-01 03:15:43,2026-10-01,4,SCZ,Santa Cruz,Diesel,DIESEL OIL IMPORTADO EESS,Diesel Oil Importado,DIESEL_IMPORTADO,COMPLEJO AUTOMOTRIZ VIRGEN DE URKUPIÃA S.R.L.,25000.0,VENTAS,ESTE,False
2026-10-01 03:15:43,2026-10-01,4,SCZ,Santa Cruz,Diesel,DIESEL OIL IMPORTADO EESS,Diesel Oil Importado,DIESEL_IMPORTADO,COMPAÃIA COMERCIAL DE GAS COMPRIMIDO C.G.C. S.R.L.,20000.0,VENTAS,SUR,False
2026-10-01 03:15:43,2026-10-01,4,SCZ,Santa Cruz,Diesel,DIESEL OIL IMPORTADO EESS,Diesel Oil Importado,DIESEL_IMPORTADO,CIA BOLIVIANA DE GAS NATURAL COMPRIMIDO GENEX SA,10000.0,VENTAS,CENTRO,False
2026-10-01 03:15:43,2026-10-01,4,SCZ,Santa Cruz,Diesel,DIESEL OIL IMPORTADO EESS,Diesel Oil Importado,DIESEL_IMPORTADO,CENTRO DE COMERCIO Y SERVICIOS VALDIVIA FERRUFINO S.R.L.,35000.0,VENTAS,SUR,False
2026-10-01 03:15:43,2026-10-01,4,SCZ,Santa Cruz,Diesel,DIESEL OIL IMPORTADO EESS,Diesel Oil Importado,DIESEL_IMPORTADO,BICENTENARIO SRL,35000.0,VENTAS,,False
2026-10-01 03:15:43,2026-10-01,4,SCZ,Santa Cruz,Gasolina,GASOLINA ESPECIAL + EESS,Gasolina Especial +,GASOLINA_ESPECIAL_MAS,SURTIDOR ACIPA - SJ S.R.L.,25000.0,VENTAS,SAN JULIAN,False
2026-10-01 03:15:43,2026-10-01,4,SCZ,Santa Cruz,Gasolina,GASOLINA ESPECIAL + EESS,Gasolina Especial +,GASOLINA_ESPECIAL_MAS,JARAJORECHI S.R.L.,25000.0,VENTAS,MONTERO,False
2026-10-01 03:15:43,2026-10-01,4,SCZ,Santa Cruz,Gasolina,GASOLINA ESPECIAL + EESS,Gasolina Especial +,GASOLINA_ESPECIAL_MAS,ESTACION DE SERVICIO TORRIAYALA S.R.L.,25000.0,VENTAS,MONTERO,False
2026-10-01 03:15:43,2026-10-01,4,SCZ,Santa Cruz,Gasolina,GASOLINA ESPECIAL + EESS,Gasolina Especial +,GASOLINA_ESPECIAL_MAS,ESTACION DE SERVICIO SUR SRL-SUCURSAL 4,25000.0,VENTAS,GENERAL SAAVEDRA,False
2026-10-01 03:15:43,2026-10-01,4,SCZ,Santa Cruz,Gasolina,GASOLINA ESPECIAL + EESS,Gasolina Especial +,GASOLINA_ESPECIAL_MAS,ESTACION DE SERVICIO SOMOS GAS SRL,30000.0,VENTAS,SATELITE NORTE,False
2026-10-01 03:15:43,2026-10-01,4,SCZ,Santa Cruz,Gasolina,GASOLINA ESPECIAL + EESS,Gasolina Especial +,GASOLINA_ESPECIAL_MAS,ESTACION DE SERVICIO SAN SALVADOR - SILVIA VARGAS CRESPO,25000.0,VENTAS,YAPACANI,False
2026-10-01 03:15:43,2026-10-01,4,SCZ,Santa Cruz,Gasolina,GASOLINA ESPECIAL + EESS,Gasolina Especial +,GASOLINA_ESPECIAL_MAS,ESTACION DE SERVICIO SAN JAVIER-MARISOL NEGRETE AGUIRRE,25000.0,VENTAS,SAN JAVIER,False
2026-10-01 03:15:43,2026-10-01,4,SCZ,Santa Cruz,Gasolina,GASOLINA ESPECIAL + EESS,Gasolina Especial +,GASOLINA_ESPECIAL_MAS,ESTACION DE SERVICIO PORTACHUELO LTDA,25000.0,VENTAS,PORTACHUELO,False
2026-10-01 03:15:43,2026-10-01,4,SCZ,Santa Cruz,Gasolina,GASOLINA ESPECIAL + EESS,Gasolina Especial +,GASOLINA_ESPECIAL_MAS,ESTACION DE SERVICIO PETRO VAL S.R.L.,25000.0,VENTAS,PAILON,False
2026-10-01 03:15:43,2026-10-01,4,SCZ,Santa Cruz,Gasolina,GASOLINA ESPECIAL + EESS,Gasolina Especial +,GASOLINA_ESPECIAL_MAS,ESTACION DE SERVICIO PAULINA S.R.L.,25000.0,VENTAS,SAN RAMON,False
2026-10-01 03:15:43,2026-10-01,4,SCZ,Santa Cruz,Gasolina,GASOLINA ESPECIAL + EESS,Gasolina Especial +,GASOLINA_ESPECIAL_MAS,ESTACION DE SERVICIO MONTERO - MARIA DEL ROSARIO COLQUE QUIROZ,25000.0,VENTAS,MONTERO,False
2026-10-01 03:15:43,2026-10-01,4,SCZ,Santa Cruz,Gasolina,GASOLINA ESPECIAL + EESS,Gasolina Especial +,GASOLINA_ESPECIAL_MAS,ESTACION DE SERVICIO MINERO-JHONNY QUINTEROS VASQUEZ,25000.0,VENTAS,MINERO,False
2026-10-01 03:15:43,2026-10-01,4,SCZ,Santa Cruz,Gasolina,GASOLINA ESPECIAL + EESS,Gasolina Especial +,GASOLINA_ESPECIAL_MAS,ESTACION DE SERVICIO MACONDO,20000.0,VENTAS,FERNANDEZ ALONSO,False
2026-10-01 03:15:43,2026-10-01,4,SCZ,Santa Cruz,Gasolina,GASOLINA ESPECIAL + EESS,Gasolina Especial +,GASOLINA_ESPECIAL_MAS,ESTACION DE SERVICIO LAS CONCHAS S.R.L.,25000.0,VENTAS,4 CAÃADAS,False
2026-10-01 03:15:43,2026-10-01,4,SCZ,Santa Cruz,Gasolina,GASOLINA ESPECIAL + EESS,Gasolina Especial +,GASOLINA_ESPECIAL_MAS,ESTACION DE SERVICIO LA CUEVA - ROLANDO CHAVEZ VACA,25000.0,VENTAS,SAN RAMON,False
2026-10-01 03:15:43,2026-10-01,4,SCZ,Santa Cruz,Gasolina,GASOLINA ESPECIAL + EESS,Gasolina Especial +,GASOLINA_ESPECIAL_MAS,ESTACION DE SERVICIO GASOCONCE - ENRIQUE SERAFIN SUAREZ CASTEDO,25000.0,VENTAS,CONCEPCIÃN,False
2026-10-01 03:15:43,2026-10-01,4,SCZ,Santa Cruz,Gasolina,GASOLINA ESPECIAL + EESS,Gasolina Especial +,GASOLINA_ESPECIAL_MAS,ESTACION DE SERVICIO FLORES-SIMONA FLORES FLORES,25000.0,VENTAS,SAN JULIAN,False
2026-10-01 03:15:43,2026-10-01,4,SCZ,Santa Cruz,Gasolina,GASOLINA ESPECIAL + EESS,Gasolina Especial +,GASOLINA_ESPECIAL_MAS,ESTACION DE SERVICIO EUSE CRUZ,30000.0,VENTAS,VALLE GRANDE,False
2026-10-01 03:15:43,2026-10-01,4,SCZ,Santa Cruz,Gasolina,GASOLINA ESPECIAL + EESS,Gasolina Especial +,GASOLINA_ESPECIAL_MAS,ESTACION DE SERVICIO EL TINTO S.R.L.,25000.0,VENTAS,TRES CRUCES,False
2026-10-01 03:15:43,2026-10-01,4,SCZ,Santa Cruz,Gasolina,GASOLINA ESPECIAL + EESS,Gasolina Especial +,GASOLINA_ESPECIAL_MAS,ESTACION DE SERVICIO EL TAJIBO OKINAWA,25000.0,VENTAS,OKINAWA,False
2026-10-01 03:15:43,2026-10-01,4,SCZ,Santa Cruz,Gasolina,GASOLINA ESPECIAL + EESS,Gasolina Especial +,GASOLINA_ESPECIAL_MAS,ESTACION DE SERVICIO EL MIRADOR - SONIA SORUCO ROCA,25000.0,VENTAS,GUARAYOS,False
2026-10-01 03:15:43,2026-10-01,4,SCZ,Santa Cruz,Gasolina,GASOLINA ESPECIAL + EESS,Gasolina Especial +,GASOLINA_ESPECIAL_MAS,ESTACION DE SERVICIO EL BIBOSI MANANTIAL-LIMBERT JIMENEZ JALDIN,25000.0,VENTAS,GUARAYOS,False
2026-10-01 03:15:43,2026-10-01,4,SCZ,Santa Cruz,Gasolina,GASOLINA ESPECIAL + EESS,Gasolina Especial +,GASOLINA_ESPECIAL_MAS,ESTACION DE SERVICIO EL BIBOSI - ROY RIDER LA FUENTE COLQUE,25000.0,VENTAS,,False
2026-10-01 03:15:43,2026-10-01,4,SCZ,Santa Cruz,Gasolina,GASOLINA ESPECIAL + EESS,Gasolina Especial +,GASOLINA_ESPECIAL_MAS,ESTACION DE SERVICIO EL BATO,25000.0,VENTAS,MONTERO,False
2026-10-01 03:15:43,2026-10-01,4,SCZ,Santa Cruz,Gasolina,GASOLINA ESPECIAL + EESS,Gasolina Especial +,GASOLINA_ESPECIAL_MAS,ESTACION DE SERVICIO DURAZNERO-DANA FLORES DAVALOS,25000.0,VENTAS,TRES CRUCES,False
2026-10-01 03:15:43,2026-10-01,4,SCZ,Santa Cruz,Gasolina,GASOLINA ESPECIAL + EESS,Gasolina Especial +,GASOLINA_ESPECIAL_MAS,ESTACION DE SERVICIO COCA-ENRRIQUE COCA LOPEZ,25000.0,VENTAS,YAPACANI,False
2026-10-01 03:15:43,2026-10-01,4,SCZ,Santa Cruz,Gasolina,GASOLINA ESPECIAL + EESS,Gasolina Especial +,GASOLINA_ESPECIAL_MAS,ESTACION DE SERVICIO CHANE,25000.0,VENTAS,FERNANDEZ ALONSO,False
2026-10-01 03:15:43,2026-10-01,4,SCZ,Santa Cruz,Gasolina,GASOLINA ESPECIAL + EESS,Gasolina Especial +,GASOLINA_ESPECIAL_MAS,ESTACION DE SERVICIO CASCABEL SUC. CUATRO CAÃADAS-YOHANA PAOLA VACA GUZMAN,25000.0,VENTAS,4 CAÃADAS,False
2026-10-01 03:15:43,2026-10-01,4,SCZ,Santa Cruz,Gasolina,GASOLINA ESPECIAL + EESS,Gasolina Especial +,GASOLINA_ESPECIAL_MAS,ESTACION DE SERVICIO ANTO - ANTONIO CARLOS LORGIO JUSTINIANO SANTOS,25000.0,VENTAS,CERRO GRANDE,False
2026-10-01 03:15:43,2026-10-01,4,SCZ,Santa Cruz,Gasolina,GASOLINA ESPECIAL + EESS,Gasolina Especial +,GASOLINA_ESPECIAL_MAS,ESTACION DE SERVICIO AGUAI S.R.L.,25000.0,VENTAS,FERNANDEZ ALONSO,False
2026-10-01 03:15:43,2026-10-01,4,SCZ,Santa Cruz,Gasolina,GASOLINA ESPECIAL + EESS,Gasolina Especial +,GASOLINA_ESPECIAL_MAS,"ESTACION DE SERVICIO ""S.J"" S.R.L.",25000.0,VENTAS,MONTERO,False
2026-10-01 03:15:43,2026-10-01,4,SCZ,Santa Cruz,Gasolina,GASOLINA ESPECIAL + EESS,Gasolina Especial +,GASOLINA_ESPECIAL_MAS,ABERI SRL,25000.0,VENTAS,TRES CRUCES,False
2026-10-01 03:15:43,2026-10-01,4,SCZ,Santa Cruz,Gasolina,GASOLINA ESPECIAL + (S/DSI),Gasolina Especial +,GASOLINA_ESPECIAL_MAS,Z & Z LTDA,20000.0,VENTAS,CENTRO,False
2026-10-01 03:15:43,2026-10-01,4,SCZ,Santa Cruz,Gasolina,GASOLINA ESPECIAL + (S/DSI),Gasolina Especial +,GASOLINA_ESPECIAL_MAS,YVU CENTRO DE SERVICIOS Y COMERCIO S.R.L.,25000.0,VENTAS,NORTE,False
2026-10-01 03:15:43,2026-10-01,4,SCZ,Santa Cruz,Gasolina,GASOLINA ESPECIAL + (S/DSI),Gasolina Especial +,GASOLINA_ESPECIAL_MAS,VANGAS S.A,20000.0,VENTAS,OESTE,False
2026-10-01 03:15:43,2026-10-01,4,SCZ,Santa Cruz,Gasolina,GASOLINA ESPECIAL + (S/DSI),Gasolina Especial +,GASOLINA_ESPECIAL_MAS,SURTIDOR VARDONA - SUSANA POEHLMANN GARCIA,20000.0,VENTAS,CENTRO,False
2026-10-01 03:15:43,2026-10-01,4,SCZ,Santa Cruz,Gasolina,GASOLINA ESPECIAL + (S/DSI),Gasolina Especial +,GASOLINA_ESPECIAL_MAS,SURTIDOR EL PALMAR - DIONICIO CONDORI RODRIGUEZ,20000.0,VENTAS,SUR,False
2026-10-01 03:15:43,2026-10-01,4,SCZ,Santa Cruz,Gasolina,GASOLINA ESPECIAL + (S/DSI),Gasolina Especial +,GASOLINA_ESPECIAL_MAS,SURTIDOR COTOCA - JOSE RAMIRO AYALA FLORES,25000.0,VENTAS,ESTE,False
2026-10-01 03:15:43,2026-10-01,4,SCZ,Santa Cruz,Gasolina,GASOLINA ESPECIAL + (S/DSI),Gasolina Especial +,GASOLINA_ESPECIAL_MAS,SURTIDOR CLUBOL - RUTH JIMENEZ DE MONROY,25000.0,VENTAS,CENTRO,False
2026-10-01 03:15:43,2026-10-01,4,SCZ,Santa Cruz,Gasolina,GASOLINA ESPECIAL + (S/DSI),Gasolina Especial +,GASOLINA_ESPECIAL_MAS,SERVICIOS GENERALES LA CAÃADA S.R.L.,20000.0,VENTAS,SUR,False
2026-10-01 03:15:43,2026-10-01,4,SCZ,Santa Cruz,Gasolina,GASOLINA ESPECIAL + (S/DSI),Gasolina Especial +,GASOLINA_ESPECIAL_MAS,REFRIGAS S.R.L.,20000.0,VENTAS,ESTE,False
2026-10-01 03:15:43,2026-10-01,4,SCZ,Santa Cruz,Gasolina,GASOLINA ESPECIAL + (S/DSI),Gasolina Especial +,GASOLINA_ESPECIAL_MAS,REFINERIA ORIENTAL S.A.-SUC. TERCER ANILLO INTERNO FRENTE CANCHITA ROYAL,20000.0,VENTAS,SUR,False
2026-10-01 03:15:43,2026-10-01,4,SCZ,Santa Cruz,Gasolina,GASOLINA ESPECIAL + (S/DSI),Gasolina Especial +,GASOLINA_ESPECIAL_MAS,REFINERIA ORIENTAL S.A.-SUC. BARRIO LAZARETO,25000.0,VENTAS,CENTRO,False
2026-10-01 03:15:43,2026-10-01,4,SCZ,Santa Cruz,Gasolina,GASOLINA ESPECIAL + (S/DSI),Gasolina Especial +,GASOLINA_ESPECIAL_MAS,REFINERIA ORIENTAL S.A. SUCURSAL MONTECRISTO,20000.0,VENTAS,ESTE,False
2026-10-01 03:15:43,2026-10-01,4,SCZ,Santa Cruz,Gasolina,GASOLINA ESPECIAL + (S/DSI),Gasolina Especial +,GASOLINA_ESPECIAL_MAS,REFINERIA ORIENTAL S.A. SUC. NOR ESTE,25000.0,VENTAS,CENTRO,False
2026-10-01 03:15:43,2026-10-01,4,SCZ,Santa Cruz,Gasolina,GASOLINA ESPECIAL + (S/DSI),Gasolina Especial +,GASOLINA_ESPECIAL_MAS,REFINERIA ORIENTAL S.A.,25000.0,VENTAS,CENTRO,False
2026-10-01 03:15:43,2026-10-01,4,SCZ,Santa Cruz,Gasolina,GASOLINA ESPECIAL + (S/DSI),Gasolina Especial +,GASOLINA_ESPECIAL_MAS,R&E 3000 S.R.L.,25000.0,VENTAS,SUR,False
2026-10-01 03:15:43,2026-10-01,4,SCZ,Santa Cruz,Gasolina,GASOLINA ESPECIAL + (S/DSI),Gasolina Especial +,GASOLINA_ESPECIAL_MAS,LAS PALMAS S.R.L.,25000.0,VENTAS,CENTRO,False
2026-10-01 03:15:43,2026-10-01,4,SCZ,Santa Cruz,Gasolina,GASOLINA ESPECIAL + (S/DSI),Gasolina Especial +,GASOLINA_ESPECIAL_MAS,GENEX S.A. SUCURSAL ZONA NOR ESTE,20000.0,VENTAS,CENTRO,False
2026-10-01 03:15:43,2026-10-01,4,SCZ,Santa Cruz,Gasolina,GASOLINA ESPECIAL + (S/DSI),Gasolina Especial +,GASOLINA_ESPECIAL_MAS,GENEX S.A-SUCURSAL S.C ZONA GUARACACHI,20000.0,VENTAS,ESTE,False
2026-10-01 03:15:43,2026-10-01,4,SCZ,Santa Cruz,Gasolina,GASOLINA ESPECIAL + (S/DSI),Gasolina Especial +,GASOLINA_ESPECIAL_MAS,GENEX S.A SUCURSAL SANTA CRUZ ZONA SANTA ROSA,20000.0,VENTAS,SUR,False
2026-10-01 03:15:43,2026-10-01,4,SCZ,Santa Cruz,Gasolina,GASOLINA ESPECIAL + (S/DSI),Gasolina Especial +,GASOLINA_ESPECIAL_MAS,GENEX S.A SUCURSAL SANTA CRUZ ZONA LA RAMADA,20000.0,VENTAS,OESTE,False
2026-10-01 03:15:43,2026-10-01,4,SCZ,Santa Cruz,Gasolina,GASOLINA ESPECIAL + (S/DSI),Gasolina Especial +,GASOLINA_ESPECIAL_MAS,GENEX S.A SUCURSAL SANTA CRUZ ZONA ESTE,20000.0,VENTAS,ESTE,False
2026-10-01 03:15:43,2026-10-01,4,SCZ,Santa Cruz,Gasolina,GASOLINA ESPECIAL + (S/DSI),Gasolina Especial +,GASOLINA_ESPECIAL_MAS,GENEX S.A SUCURSAL S.C ZONA GUALBERTO VILLARROEL,25000.0,VENTAS,ESTE,False
2026-10-01 03:15:43,2026-10-01,4,SCZ,Santa Cruz,Gasolina,GASOLINA ESPECIAL + (S/DSI),Gasolina Especial +,GASOLINA_ESPECIAL_MAS,GASCO S.R.L.,20000.0,VENTAS,CENTRO,False
2026-10-01 03:15:43,2026-10-01,4,SCZ,Santa Cruz,Gasolina,GASOLINA ESPECIAL + (S/DSI),Gasolina Especial +,GASOLINA_ESPECIAL_MAS,GAS DEL ESTE S.R.L.,20000.0,VENTAS,CENTRO,False
2026-10-01 03:15:43,2026-10-01,4,SCZ,Santa Cruz,Gasolina,GASOLINA ESPECIAL + (S/DSI),Gasolina Especial +,GASOLINA_ESPECIAL_MAS,ESTACION DE SERVICIOS VIRGEN DE COTOCA S.R.L.,25000.0,VENTAS,ESTE,False
2026-10-01 03:15:43,2026-10-01,4,SCZ,Santa Cruz,Gasolina,GASOLINA ESPECIAL + (S/DSI),Gasolina Especial +,GASOLINA_ESPECIAL_MAS,ESTACION DE SERVICIO YOTAU S.R.L.,25000.0,VENTAS,SUR,False
2026-10-01 03:15:43,2026-10-01,4,SCZ,Santa Cruz,Gasolina,GASOLINA ESPECIAL + (S/DSI),Gasolina Especial +,GASOLINA_ESPECIAL_MAS,ESTACION DE SERVICIO VERGARA - FABIOLA NOEMI ZORRILLO VERGARA,25000.0,VENTAS,ESTE,False
2026-10-01 03:15:43,2026-10-01,4,SCZ,Santa Cruz,Gasolina,GASOLINA ESPECIAL + (S/DSI),Gasolina Especial +,GASOLINA_ESPECIAL_MAS,ESTACION DE SERVICIO URBARI SRL,25000.0,VENTAS,CENTRO,False
2026-10-01 03:15:43,2026-10-01,4,SCZ,Santa Cruz,Gasolina,GASOLINA ESPECIAL + (S/DSI),Gasolina Especial +,GASOLINA_ESPECIAL_MAS,ESTACION DE SERVICIO TRES PASOS AL FRENTE - VITALIANO ROJAS OLIVERA,30000.0,VENTAS,ESTE,False
2026-10-01 03:15:43,2026-10-01,4,SCZ,Santa Cruz,Gasolina,GASOLINA ESPECIAL + (S/DSI),Gasolina Especial +,GASOLINA_ESPECIAL_MAS,ESTACION DE SERVICIO TOTAITU N&T S.R.L.,30000.0,VENTAS,NORTE,False
2026-10-01 03:15:43,2026-10-01,4,SCZ,Santa Cruz,Gasolina,GASOLINA ESPECIAL + (S/DSI),Gasolina Especial +,GASOLINA_ESPECIAL_MAS,ESTACION DE SERVICIO SUR S.R.L.-SUCURSAL ESTACION DE SERVICIO LA TECA,25000.0,VENTAS,ESTE,False
2026-10-01 03:15:43,2026-10-01,4,SCZ,Santa Cruz,Gasolina,GASOLINA ESPECIAL + (S/DSI),Gasolina Especial +,GASOLINA_ESPECIAL_MAS,ESTACION DE SERVICIO SUR S.R.L. SUCURSAL 2,20000.0,VENTAS,NORTE,False
2026-10-01 03:15:43,2026-10-01,4,SCZ,Santa Cruz,Gasolina,GASOLINA ESPECIAL + (S/DSI),Gasolina Especial +,GASOLINA_ESPECIAL_MAS,ESTACION DE SERVICIO SUR S.R.L. SUCURSAL 1,20000.0,VENTAS,CENTRO,False
2026-10-01 03:15:43,2026-10-01,4,SCZ,Santa Cruz,Gasolina,GASOLINA ESPECIAL + (S/DSI),Gasolina Especial +,GASOLINA_ESPECIAL_MAS,ESTACION DE SERVICIO SUR S.R.L.,20000.0,VENTAS,SUR,False
2026-10-01 03:15:43,2026-10-01,4,SCZ,Santa Cruz,Gasolina,GASOLINA ESPECIAL + (S/DSI),Gasolina Especial +,GASOLINA_ESPECIAL_MAS,ESTACION DE SERVICIO SUR SRL SUCURSAL 3,25000.0,VENTAS,NORTE,False
2026-10-01 03:15:43,2026-10-01,4,SCZ,Santa Cruz,Gasolina,GASOLINA ESPECIAL + (S/DSI),Gasolina Especial +,GASOLINA_ESPECIAL_MAS,ESTACION DE SERVICIO SANTOS DUMONT NOGALES,20000.0,VENTAS,CENTRO,False
2026-10-01 03:15:43,2026-10-01,4,SCZ,Santa Cruz,Gasolina,GASOLINA ESPECIAL + (S/DSI),Gasolina Especial +,GASOLINA_ESPECIAL_MAS,ESTACION DE SERVICIO SANTA MARIA,20000.0,VENTAS,CENTRO,False
2026-10-01 03:15:43,2026-10-01,4,SCZ,Santa Cruz,Gasolina,GASOLINA ESPECIAL + (S/DSI),Gasolina Especial +,GASOLINA_ESPECIAL_MAS,ESTACION DE SERVICIO SAN LUIS I,20000.0,VENTAS,SUR,False
2026-10-01 03:15:43,2026-10-01,4,SCZ,Santa Cruz,Gasolina,GASOLINA ESPECIAL + (S/DSI),Gasolina Especial +,GASOLINA_ESPECIAL_MAS,ESTACION DE SERVICIO SAN LUIS,25000.0,VENTAS,SUR,False
2026-10-01 03:15:43,2026-10-01,4,SCZ,Santa Cruz,Gasolina,GASOLINA ESPECIAL + (S/DSI),Gasolina Especial +,GASOLINA_ESPECIAL_MAS,ESTACION DE SERVICIO RIVERO - LUIS ANTONIO RIVERO AÃEZ,25000.0,VENTAS,CENTRO,False
2026-10-01 03:15:43,2026-10-01,4,SCZ,Santa Cruz,Gasolina,GASOLINA ESPECIAL + (S/DSI),Gasolina Especial +,GASOLINA_ESPECIAL_MAS,ESTACION DE SERVICIO REYNALDO CORTEZ QUISPE,25000.0,VENTAS,SUR,False
2026-10-01 03:15:43,2026-10-01,4,SCZ,Santa Cruz,Gasolina,GASOLINA ESPECIAL + (S/DSI),Gasolina Especial +,GASOLINA_ESPECIAL_MAS,ESTACION DE SERVICIO REFINERIA ORIENTAL S.A. - SUC. ZONA 4Â° ANILLO FRENTE A BUFALO PARK - SC,25000.0,VENTAS,CENTRO,False
2026-10-01 03:15:43,2026-10-01,4,SCZ,Santa Cruz,Gasolina,GASOLINA ESPECIAL + (S/DSI),Gasolina Especial +,GASOLINA_ESPECIAL_MAS,ESTACION DE SERVICIO RADIAL 10 - HUGO FLORERO ORELLANA,25000.0,VENTAS,ESTE,False
2026-10-01 03:15:43,2026-10-01,4,SCZ,Santa Cruz,Gasolina,GASOLINA ESPECIAL + (S/DSI),Gasolina Especial +,GASOLINA_ESPECIAL_MAS,ESTACION DE SERVICIO QUINTO ANILLO S.R.L.,25000.0,VENTAS,SUR,False
2026-10-01 03:15:43,2026-10-01,4,SCZ,Santa Cruz,Gasolina,GASOLINA ESPECIAL + (S/DSI),Gasolina Especial +,GASOLINA_ESPECIAL_MAS,ESTACION DE SERVICIO PIRAI S.R.L. SUC. DOBLE VIA LA GUARDIA ESQ. OCTAVO ANILLO,25000.0,VENTAS,SUR,False
2026-10-01 03:15:43,2026-10-01,4,SCZ,Santa Cruz,Gasolina,GASOLINA ESPECIAL + (S/DSI),Gasolina Especial +,GASOLINA_ESPECIAL_MAS,ESTACION DE SERVICIO PIRAI S.R.L.,20000.0,VENTAS,OESTE,False
2026-10-01 03:15:43,2026-10-01,4,SCZ,Santa Cruz,Gasolina,GASOLINA ESPECIAL + (S/DSI),Gasolina Especial +,GASOLINA_ESPECIAL_MAS,ESTACION DE SERVICIO PANTANAL DEL ORIENTE-ALVARO LUIS AGUILAR ADRIAZOLA,25000.0,VENTAS,ESTE,False
2026-10-01 03:15:43,2026-10-01,4,SCZ,Santa Cruz,Gasolina,GASOLINA ESPECIAL + (S/DSI),Gasolina Especial +,GASOLINA_ESPECIAL_MAS,ESTACION DE SERVICIO PALMASOLA,20000.0,VENTAS,SUR,False
2026-10-01 03:15:43,2026-10-01,4,SCZ,Santa Cruz,Gasolina,GASOLINA ESPECIAL + (S/DSI),Gasolina Especial +,GASOLINA_ESPECIAL_MAS,ESTACION DE SERVICIO ORSA SRL-SUCURSAL 1,25000.0,VENTAS,PORONGO,False
2026-10-01 03:15:43,2026-10-01,4,SCZ,Santa Cruz,Gasolina,GASOLINA ESPECIAL + (S/DSI),Gasolina Especial +,GASOLINA_ESPECIAL_MAS,ESTACION DE SERVICIO ORSA S.R.L.,20000.0,VENTAS,CENTRO,False
2026-10-01 03:15:43,2026-10-01,4,SCZ,Santa Cruz,Gasolina,GASOLINA ESPECIAL + (S/DSI),Gasolina Especial +,GASOLINA_ESPECIAL_MAS,ESTACION DE SERVICIO MORAGRANDE S.R.L. (SUC 1),25000.0,VENTAS,SUR,False
2026-10-01 03:15:43,2026-10-01,4,SCZ,Santa Cruz,Gasolina,GASOLINA ESPECIAL + (S/DSI),Gasolina Especial +,GASOLINA_ESPECIAL_MAS,ESTACION DE SERVICIO MORAGRANDE S.R.L.,20000.0,VENTAS,SUR,False
2026-10-01 03:15:43,2026-10-01,4,SCZ,Santa Cruz,Gasolina,GASOLINA ESPECIAL + (S/DSI),Gasolina Especial +,GASOLINA_ESPECIAL_MAS,ESTACION DE SERVICIO MONTAÃO S.R.L.,25000.0,VENTAS,SUR,False
2026-10-01 03:15:43,2026-10-01,4,SCZ,Santa Cruz,Gasolina,GASOLINA ESPECIAL + (S/DSI),Gasolina Especial +,GASOLINA_ESPECIAL_MAS,ESTACION DE SERVICIO LOS MANGALES S.R.L.,25000.0,VENTAS,OESTE,False
2026-10-01 03:15:43,2026-10-01,4,SCZ,Santa Cruz,Gasolina,GASOLINA ESPECIAL + (S/DSI),Gasolina Especial +,GASOLINA_ESPECIAL_MAS,ESTACION DE SERVICIO LOS COYUYOS-JULIA GONZALES,20000.0,VENTAS,NORTE,False
2026-10-01 03:15:43,2026-10-01,4,SCZ,Santa Cruz,Gasolina,GASOLINA ESPECIAL + (S/DSI),Gasolina Especial +,GASOLINA_ESPECIAL_MAS,ESTACION DE SERVICIO LAS ORQUIDEAS S.R.L.,25000.0,VENTAS,SUR,False
2026-10-01 03:15:43,2026-10-01,4,SCZ,Santa Cruz,Gasolina,GASOLINA ESPECIAL + (S/DSI),Gasolina Especial +,GASOLINA_ESPECIAL_MAS,ESTACION DE SERVICIO LAS CONCHAS S.R.L.-SUCURSAL LA ENCONADA,25000.0,VENTAS,PAILON,False
2026-10-01 03:15:43,2026-10-01,4,SCZ,Santa Cruz,Gasolina,GASOLINA ESPECIAL + (S/DSI),Gasolina Especial +,GASOLINA_ESPECIAL_MAS,ESTACION DE SERVICIO LA COLORADA,25000.0,VENTAS,SUR,False
2026-10-01 03:15:43,2026-10-01,4,SCZ,Santa Cruz,Gasolina,GASOLINA ESPECIAL + (S/DSI),Gasolina Especial +,GASOLINA_ESPECIAL_MAS,ESTACION DE SERVICIO LA CIMA,25000.0,VENTAS,CENTRO,False
2026-10-01 03:15:43,2026-10-01,4,SCZ,Santa Cruz,Gasolina,GASOLINA ESPECIAL + (S/DSI),Gasolina Especial +,GASOLINA_ESPECIAL_MAS,ESTACION DE SERVICIO LA CHORRERA SRL,25000.0,VENTAS,SUR,False
2026-10-01 03:15:43,2026-10-01,4,SCZ,Santa Cruz,Gasolina,GASOLINA ESPECIAL + (S/DSI),Gasolina Especial +,GASOLINA_ESPECIAL_MAS,ESTACION DE SERVICIO JOSE JALDIN S.R.L,20000.0,VENTAS,SUR,False
2026-10-01 03:15:43,2026-10-01,4,SCZ,Santa Cruz,Gasolina,GASOLINA ESPECIAL + (S/DSI),Gasolina Especial +,GASOLINA_ESPECIAL_MAS,ESTACION DE SERVICIO GUAYACAN S.R.L.,25000.0,VENTAS,ESTE,False
2026-10-01 03:15:43,2026-10-01,4,SCZ,Santa Cruz,Gasolina,GASOLINA ESPECIAL + (S/DSI),Gasolina Especial +,GASOLINA_ESPECIAL_MAS,ESTACION DE SERVICIO EMANUEL S.R.L.,20000.0,VENTAS,SUR,False
2026-10-01 03:15:43,2026-10-01,4,SCZ,Santa Cruz,Gasolina,GASOLINA ESPECIAL + (S/DSI),Gasolina Especial +,GASOLINA_ESPECIAL_MAS,ESTACION DE SERVICIO ELISA S.R.L.,25000.0,VENTAS,SUR,False
2026-10-01 03:15:43,2026-10-01,4,SCZ,Santa Cruz,Gasolina,GASOLINA ESPECIAL + (S/DSI),Gasolina Especial +,GASOLINA_ESPECIAL_MAS,ESTACION DE SERVICIO EL TROMPILLO,25000.0,VENTAS,SUR,False
2026-10-01 03:15:43,2026-10-01,4,SCZ,Santa Cruz,Gasolina,GASOLINA ESPECIAL + (S/DSI),Gasolina Especial +,GASOLINA_ESPECIAL_MAS,ESTACION DE SERVICIO EL TERO TERO DE CHICHITA - RODRIGO REMY AQUINO ALVARADO,20000.0,VENTAS,CENTRO,False
2026-10-01 03:15:43,2026-10-01,4,SCZ,Santa Cruz,Gasolina,GASOLINA ESPECIAL + (S/DSI),Gasolina Especial +,GASOLINA_ESPECIAL_MAS,ESTACION DE SERVICIO EL TAROPE - JHONNY AGUILAR ADRIAZOLA,20000.0,VENTAS,ESTE,False
2026-10-01 03:15:43,2026-10-01,4,SCZ,Santa Cruz,Gasolina,GASOLINA ESPECIAL + (S/DSI),Gasolina Especial +,GASOLINA_ESPECIAL_MAS,ESTACION DE SERVICIO EL GASOMETRO S.R.L.,25000.0,VENTAS,ESTE,False
2026-10-01 03:15:43,2026-10-01,4,SCZ,Santa Cruz,Gasolina,GASOLINA ESPECIAL + (S/DSI),Gasolina Especial +,GASOLINA_ESPECIAL_MAS,ESTACION DE SERVICIO EL ARROYO S.R.L.,25000.0,VENTAS,CENTRO,False
2026-10-01 03:15:43,2026-10-01,4,SCZ,Santa Cruz,Gasolina,GASOLINA ESPECIAL + (S/DSI),Gasolina Especial +,GASOLINA_ESPECIAL_MAS,ESTACION DE SERVICIO DICOR S.R.L.,25000.0,VENTAS,ESTE,False
2026-10-01 03:15:43,2026-10-01,4,SCZ,Santa Cruz,Gasolina,GASOLINA ESPECIAL + (S/DSI),Gasolina Especial +,GASOLINA_ESPECIAL_MAS,ESTACION DE SERVICIO DAVILA S.R.L.,30000.0,VENTAS,SUR,False
2026-10-01 03:15:43,2026-10-01,4,SCZ,Santa Cruz,Gasolina,GASOLINA ESPECIAL + (S/DSI),Gasolina Especial +,GASOLINA_ESPECIAL_MAS,ESTACION DE SERVICIO CLUB GAZEL S.R.L.,30000.0,VENTAS,SUR,False
2026-10-01 03:15:43,2026-10-01,4,SCZ,Santa Cruz,Gasolina,GASOLINA ESPECIAL + (S/DSI),Gasolina Especial +,GASOLINA_ESPECIAL_MAS,ESTACION DE SERVICIO BIOCEANICA-JOSE GREGORIO QUIROZ UREÃA,20000.0,VENTAS,,False
2026-10-01 03:15:43,2026-10-01,4,SCZ,Santa Cruz,Gasolina,GASOLINA ESPECIAL + (S/DSI),Gasolina Especial +,GASOLINA_ESPECIAL_MAS,ESTACION DE SERVICIO BI-OCEANICA S.R.L.,30000.0,VENTAS,NORTE,False
2026-10-01 03:15:43,2026-10-01,4,SCZ,Santa Cruz,Gasolina,GASOLINA ESPECIAL + (S/DSI),Gasolina Especial +,GASOLINA_ESPECIAL_MAS,ESTACION DE SERVICIO APAZA-PATRICIA JORGE DE APAZA,20000.0,VENTAS,ESTE,False
2026-10-01 03:15:43,2026-10-01,4,SCZ,Santa Cruz,Gasolina,GASOLINA ESPECIAL + (S/DSI),Gasolina Especial +,GASOLINA_ESPECIAL_MAS,ESTACION DE SERVICIO 3F OIL S.R.L.,25000.0,VENTAS,OESTE,False
2026-10-01 03:15:43,2026-10-01,4,SCZ,Santa Cruz,Gasolina,GASOLINA ESPECIAL + (S/DSI),Gasolina Especial +,GASOLINA_ESPECIAL_MAS,"ESTACION DE SERVICIO ""GUAPAY"" S.R.L.",20000.0,VENTAS,CENTRO,False
2026-10-01 03:15:43,2026-10-01,4,SCZ,Santa Cruz,Gasolina,GASOLINA ESPECIAL + (S/DSI),Gasolina Especial +,GASOLINA_ESPECIAL_MAS,EMPRESA DE SERVICIOS 8 DE NOVIEMBRE LTDA.,20000.0,VENTAS,SUR,False
2026-10-01 03:15:43,2026-10-01,4,SCZ,Santa Cruz,Gasolina,GASOLINA ESPECIAL + (S/DSI),Gasolina Especial +,GASOLINA_ESPECIAL_MAS,"EMPRESA DAVILA IMPORTADORA-EXPORTADORA S.R.L. ""DAIMPORT - EXPORT LTDA""",25000.0,VENTAS,OESTE,False
2026-10-01 03:15:43,2026-10-01,4,SCZ,Santa Cruz,Gasolina,GASOLINA ESPECIAL + (S/DSI),Gasolina Especial +,GASOLINA_ESPECIAL_MAS,COMPLEJO AUTOMOTRIZ VIRGEN DE URKUPIÃA S.R.L.,20000.0,VENTAS,ESTE,False
2026-10-01 03:15:43,2026-10-01,4,SCZ,Santa Cruz,Gasolina,GASOLINA ESPECIAL + (S/DSI),Gasolina Especial +,GASOLINA_ESPECIAL_MAS,COMPAÃIA COMERCIAL DE GAS COMPRIMIDO C.G.C. S.R.L.,20000.0,VENTAS,SUR,False
2026-10-01 03:15:43,2026-10-01,4,SCZ,Santa Cruz,Gasolina,GASOLINA ESPECIAL + (S/DSI),Gasolina Especial +,GASOLINA_ESPECIAL_MAS,CIA BOLIVIANA DE GAS NATURAL COMPRIMIDO GENEX SA,20000.0,VENTAS,CENTRO,False
2026-10-01 03:15:43,2026-10-01,4,SCZ,Santa Cruz,Gasolina,GASOLINA ESPECIAL + (S/DSI),Gasolina Especial +,GASOLINA_ESPECIAL_MAS,CENTRO DE COMERCIO Y SERVICIOS VALDIVIA FERRUFINO S.R.L.,20000.0,VENTAS,SUR,False
2026-10-01 03:15:43,2026-10-01,4,SCZ,Santa Cruz,Gasolina,GASOLINA ESPECIAL + (S/DSI),Gasolina Especial +,GASOLINA_ESPECIAL_MAS,BICENTENARIO SRL,25000.0,VENTAS,,False
2026-10-01 03:15:43,2026-10-01,4,SCZ,Santa Cruz,Gasolina,GASOLINA ESPECIAL EESS,Gasolina Especial,GASOLINA_ESPECIAL,E.S. EL PARI,40000.0,TRANSFERENCIAS,CENTRO,False
2026-10-01 03:15:43,2026-10-01,4,SCZ,Santa Cruz,Gasolina,GASOLINA ESPECIAL + (S/DSI),Gasolina Especial +,GASOLINA_ESPECIAL_MAS,E.S. EL PARI,40000.0,TRANSFERENCIAS,CENTRO,False
2026-10-01 03:15:43,2026-10-01,14,TAR,Tarija,Diesel,DIESEL OIL NACIONAL EESS,Diesel Oil Nacional,DIESEL_NACIONAL,ESTACION DE SERVICIO CINTI S.R.L.,17000.0,VENTAS,,False
2026-10-01 03:15:43,2026-10-01,14,TAR,Tarija,Diesel,DIESEL OIL IMPORTADO EESS,Diesel Oil Importado,DIESEL_IMPORTADO,TACUARANDI S.R.L.,18000.0,VENTAS,,False
2026-10-01 03:15:43,2026-10-01,14,TAR,Tarija,Diesel,DIESEL OIL IMPORTADO EESS,Diesel Oil Importado,DIESEL_IMPORTADO,SOINTA S.R.L.,5000.0,VENTAS,,False
2026-10-01 03:15:43,2026-10-01,14,TAR,Tarija,Diesel,DIESEL OIL IMPORTADO EESS,Diesel Oil Importado,DIESEL_IMPORTADO,ESTACION DE SERVICIO SAN JORGE S.R.L.,20000.0,VENTAS,,False
2026-10-01 03:15:43,2026-10-01,14,TAR,Tarija,Diesel,DIESEL OIL IMPORTADO EESS,Diesel Oil Importado,DIESEL_IMPORTADO,ESTACION DE SERVICIO MOTO MENDEZ S.R.L.,10000.0,VENTAS,,False
2026-10-01 03:15:43,2026-10-01,14,TAR,Tarija,Diesel,DIESEL OIL IMPORTADO EESS,Diesel Oil Importado,DIESEL_IMPORTADO,E.S. EL PORTILLO S.R.L.,20000.0,VENTAS,,False
2026-10-01 03:15:43,2026-10-01,14,TAR,Tarija,Diesel,DIESEL OIL IMPORTADO EESS,Diesel Oil Importado,DIESEL_IMPORTADO,E.S. EL MOLLE S.R.L.,10000.0,VENTAS,,False
2026-10-01 03:15:43,2026-10-01,14,TAR,Tarija,Diesel,DIESEL OIL IMPORTADO EESS,Diesel Oil Importado,DIESEL_IMPORTADO,E.S. AV. CIRCUNVALACION S.R.L.,12000.0,VENTAS,,False
2026-10-01 03:15:43,2026-10-01,14,TAR,Tarija,Diesel,DIESEL OIL IMPORTADO EESS,Diesel Oil Importado,DIESEL_IMPORTADO,CONCEPCION MARIO PIMENTEL CHOQUE E.S. DON DANIEL,12000.0,VENTAS,,False
2026-10-01 03:15:43,2026-10-01,14,TAR,Tarija,Diesel,DIESEL OIL IMPORTADO EESS,Diesel Oil Importado,DIESEL_IMPORTADO,ESTACION DE SERVICIO PRESIDENTE ARCE,17000.0,TRANSFERENCIAS,,False
2026-10-01 03:15:43,2026-10-01,14,TAR,Tarija,Diesel,DIESEL OIL IMPORTADO EESS,Diesel Oil Importado,DIESEL_IMPORTADO,ESTACION DE SERVICIO LAS AMERICAS YPFB,10000.0,TRANSFERENCIAS,,False
2026-10-01 03:15:43,2026-10-01,14,TAR,Tarija,Gasolina,GASOLINA ESPECIAL + EESS,Gasolina Especial +,GASOLINA_ESPECIAL_MAS,TACUARANDI S.R.L.,10000.0,VENTAS,,False
2026-10-01 03:15:43,2026-10-01,14,TAR,Tarija,Gasolina,GASOLINA ESPECIAL + EESS,Gasolina Especial +,GASOLINA_ESPECIAL_MAS,SOINTA S.R.L.,10000.0,VENTAS,,False
2026-10-01 03:15:43,2026-10-01,14,TAR,Tarija,Gasolina,GASOLINA ESPECIAL + EESS,Gasolina Especial +,GASOLINA_ESPECIAL_MAS,RENE BENITEZ OSORIO - E.S. PANAMERICANO,10000.0,VENTAS,,False
2026-10-01 03:15:43,2026-10-01,14,TAR,Tarija,Gasolina,GASOLINA ESPECIAL + EESS,Gasolina Especial +,GASOLINA_ESPECIAL_MAS,ESTACION DE SERVICIOS TARIJA S.R.L.,13000.0,VENTAS,,False
2026-10-01 03:15:43,2026-10-01,14,TAR,Tarija,Gasolina,GASOLINA ESPECIAL + EESS,Gasolina Especial +,GASOLINA_ESPECIAL_MAS,ESTACION DE SERVICIO SAN JORGE S.R.L.,10000.0,VENTAS,,False
2026-10-01 03:15:43,2026-10-01,14,TAR,Tarija,Gasolina,GASOLINA ESPECIAL + EESS,Gasolina Especial +,GASOLINA_ESPECIAL_MAS,ESTACION DE SERVICIO MOTO MENDEZ S.R.L.,10000.0,VENTAS,,False
2026-10-01 03:15:43,2026-10-01,14,TAR,Tarija,Gasolina,GASOLINA ESPECIAL + EESS,Gasolina Especial +,GASOLINA_ESPECIAL_MAS,E.S. LA TERMINAL S.A.,12000.0,VENTAS,,False
2026-10-01 03:15:43,2026-10-01,14,TAR,Tarija,Gasolina,GASOLINA ESPECIAL + EESS,Gasolina Especial +,GASOLINA_ESPECIAL_MAS,E.S. EL PORTILLO S.R.L.,10000.0,VENTAS,,False
2026-10-01 03:15:43,2026-10-01,14,TAR,Tarija,Gasolina,GASOLINA ESPECIAL + EESS,Gasolina Especial +,GASOLINA_ESPECIAL_MAS,E.S. EL MOLLE S.R.L.,10000.0,VENTAS,,False
2026-10-01 03:15:43,2026-10-01,14,TAR,Tarija,Gasolina,GASOLINA ESPECIAL + EESS,Gasolina Especial +,GASOLINA_ESPECIAL_MAS,E.S. AV. CIRCUNVALACION S.R.L.,13000.0,VENTAS,,False
2026-10-01 03:15:43,2026-10-01,14,TAR,Tarija,Gasolina,GASOLINA ESPECIAL + EESS,Gasolina Especial +,GASOLINA_ESPECIAL_MAS,CONCEPCION MARIO PIMENTEL CHOQUE E.S. DON DANIEL,10000.0,VENTAS,,False
2026-10-01 03:15:43,2026-10-01,14,TAR,Tarija,Gasolina,GASOLINA ESPECIAL + EESS,Gasolina Especial +,GASOLINA_ESPECIAL_MAS,AGRUPA S.R.L.,13000.0,VENTAS,,False
2026-10-01 03:15:43,2026-10-01,14,TAR,Tarija,Gasolina,GASOLINA ESPECIAL + EESS,Gasolina Especial +,GASOLINA_ESPECIAL_MAS,ESTACION DE SERVICIO PRESIDENTE ARCE,10000.0,TRANSFERENCIAS,,False
2026-10-01 03:15:43,2026-10-01,14,TAR,Tarija,Gasolina,GASOLINA ESPECIAL + EESS,Gasolina Especial +,GASOLINA_ESPECIAL_MAS,ESTACION DE SERVICIO LAS AMERICAS YPFB,10000.0,TRANSFERENCIAS,,False
2026-10-01 03:15:43,2026-10-01,13,TRI,Trinidad,Diesel,DIESEL OIL NACIONAL EESS,Diesel Oil Nacional,DIESEL_NACIONAL,ESTACION DE SERVICIO POMPEYA,7500.0,TRANSFERENCIAS,,False
2026-10-01 03:15:43,2026-10-01,13,TRI,Trinidad,Gasolina,GASOLINA ESPECIAL + EESS,Gasolina Especial +,GASOLINA_ESPECIAL_MAS,ESTACION DE SERVICIO POMPEYA,16500.0,TRANSFERENCIAS,,False
2026-10-01 03:15:43,2026-10-01,23,UYU,Uyuni,Diesel,DIESEL OIL NACIONAL EESS,Diesel Oil Nacional,DIESEL_NACIONAL,EE.SS. HOTEL DE SAL PLAYA BLANCA-COROMA,10000.0,VENTAS,,False
2026-10-01 03:15:43,2026-10-01,23,UYU,Uyuni,Diesel,DIESEL OIL IMPORTADO EESS,Diesel Oil Importado,DIESEL_IMPORTADO,EE.SS. SAN CRISTOBAL S.R.L.,15000.0,VENTAS,,False
2026-10-01 03:15:43,2026-10-01,23,UYU,Uyuni,Diesel,DIESEL OIL IMPORTADO EESS,Diesel Oil Importado,DIESEL_IMPORTADO,EE.SS. HOTEL DE SAL PLAYA BLANCA,15000.0,VENTAS,,False
2026-10-01 03:15:43,2026-10-01,23,UYU,Uyuni,Diesel,DIESEL OIL IMPORTADO EESS,Diesel Oil Importado,DIESEL_IMPORTADO,EE.SS. GRUPO COLQUE S.R.L.,15000.0,VENTAS,,False
2026-10-01 03:15:43,2026-10-01,23,UYU,Uyuni,Diesel,DIESEL OIL IMPORTADO EESS,Diesel Oil Importado,DIESEL_IMPORTADO,EE.SS. DISTRIGAS,15000.0,VENTAS,,False
2026-10-01 03:15:43,2026-10-01,23,UYU,Uyuni,Diesel,DIESEL OIL IMPORTADO EESS,Diesel Oil Importado,DIESEL_IMPORTADO,EE.SS. UYUNI,20000.0,TRANSFERENCIAS,,False
2026-10-01 03:15:43,2026-10-01,23,UYU,Uyuni,Gasolina,GASOLINA ESPECIAL EESS,Gasolina Especial,GASOLINA_ESPECIAL,EE.SS. SAN CRISTOBAL S.R.L.,15000.0,VENTAS,,False
2026-10-01 03:15:43,2026-10-01,23,UYU,Uyuni,Gasolina,GASOLINA ESPECIAL EESS,Gasolina Especial,GASOLINA_ESPECIAL,EE.SS. HOTEL DE SAL PLAYA BLANCA-COROMA,10000.0,VENTAS,,False
2026-10-01 03:15:43,2026-10-01,23,UYU,Uyuni,Gasolina,GASOLINA ESPECIAL EESS,Gasolina Especial,GASOLINA_ESPECIAL,EE.SS. HOTEL DE SAL PLAYA BLANCA,15000.0,VENTAS,,False
2026-10-01 03:15:43,2026-10-01,23,UYU,Uyuni,Gasolina,GASOLINA ESPECIAL EESS,Gasolina Especial,GASOLINA_ESPECIAL,EE.SS. GRUPO COLQUE S.R.L.,10000.0,VENTAS,,False
2026-10-01 03:15:43,2026-10-01,23,UYU,Uyuni,Gasolina,GASOLINA ESPECIAL EESS,Gasolina Especial,GASOLINA_ESPECIAL,EE.SS. DISTRIGAS,10000.0,VENTAS,,False
2026-10-01 03:15:43,2026-10-01,23,UYU,Uyuni,Gasolina,GASOLINA ESPECIAL EESS,Gasolina Especial,GASOLINA_ESPECIAL,EE.SS. UYUNI,15000.0,TRANSFERENCIAS,,False
2026-10-01 03:15:43,2026-10-01,16,VLZ,Villazon,Diesel,DIESEL OIL IMPORTADO EESS,Diesel Oil Importado,DIESEL_IMPORTADO,EE.SS. ANTOFAGASTA,20000.0,TRANSFERENCIAS,,False
2026-10-01 03:15:43,2026-10-01,15,YAC,Yacuiba,Diesel,DIESEL OIL IMPORTADO EESS,Diesel Oil Importado,DIESEL_IMPORTADO,VANGAS S.A.,9000.0,VENTAS,,False
2026-10-01 03:15:43,2026-10-01,15,YAC,Yacuiba,Diesel,DIESEL OIL IMPORTADO EESS,Diesel Oil Importado,DIESEL_IMPORTADO,IVAN ELIAS AQUINO ALVARADO E.S. TERO TERO,25000.0,VENTAS,,False
2026-10-01 03:15:43,2026-10-01,15,YAC,Yacuiba,Diesel,DIESEL OIL IMPORTADO EESS,Diesel Oil Importado,DIESEL_IMPORTADO,EST. SERV. M. WARRIOR S.R.L.,25000.0,VENTAS,,False
2026-10-01 03:15:43,2026-10-01,15,YAC,Yacuiba,Diesel,DIESEL OIL IMPORTADO EESS,Diesel Oil Importado,DIESEL_IMPORTADO,EST. SERV. COPACABANA SRL E.S. COPACABANA,25000.0,VENTAS,,False
2026-10-01 03:15:43,2026-10-01,7,CAM,Zona Comercial Camiri,Diesel,DIESEL OIL NACIONAL EESS,Diesel Oil Nacional,DIESEL_NACIONAL,EÂ° SÂ° CORDILLERA,7000.0,VENTAS,,False
2026-10-01 03:15:43,2026-10-01,7,CAM,Zona Comercial Camiri,Diesel,DIESEL OIL NACIONAL EESS,Diesel Oil Nacional,DIESEL_NACIONAL,ESTACION DE SERVICIO PIRAI S.R.L. SUCURSAL 2,7000.0,VENTAS,,False
2026-10-01 03:15:43,2026-10-01,7,CAM,Zona Comercial Camiri,Diesel,DIESEL OIL NACIONAL EESS,Diesel Oil Nacional,DIESEL_NACIONAL,ESTACION DE SERVICIO CEDEÃO,7000.0,VENTAS,,False
2026-10-01 03:15:43,2026-10-01,7,CAM,Zona Comercial Camiri,Diesel,DIESEL OIL NACIONAL EESS,Diesel Oil Nacional,DIESEL_NACIONAL,ESTACION DE SERVICIO CAMIRIGAS SRL.,7000.0,VENTAS,,False
2026-10-01 03:15:43,2026-10-01,7,CAM,Zona Comercial Camiri,Diesel,DIESEL OIL NACIONAL EESS,Diesel Oil Nacional,DIESEL_NACIONAL,EE SS CORDILLERA LA WILLIAMS,7000.0,VENTAS,,False
2026-10-01 03:15:43,2026-10-01,7,CAM,Zona Comercial Camiri,Gasolina,GASOLINA ESPECIAL EESS,Gasolina Especial,GASOLINA_ESPECIAL,EÂ° SÂ° CORDILLERA,6000.0,VENTAS,,False
2026-10-01 03:15:43,2026-10-01,7,CAM,Zona Comercial Camiri,Gasolina,GASOLINA ESPECIAL EESS,Gasolina Especial,GASOLINA_ESPECIAL,ESTACION DE SERVICIO PIRAI S.R.L. SUCURSAL 2,6000.0,VENTAS,,False
2026-10-01 03:15:43,2026-10-01,7,CAM,Zona Comercial Camiri,Gasolina,GASOLINA ESPECIAL EESS,Gasolina Especial,GASOLINA_ESPECIAL,ESTACION DE SERVICIO CEDEÃO,6000.0,VENTAS,,False
2026-10-01 03:15:43,2026-10-01,7,CAM,Zona Comercial Camiri,Gasolina,GASOLINA ESPECIAL EESS,Gasolina Especial,GASOLINA_ESPECIAL,ESTACION DE SERVICIO CAMIRIGAS SRL.,6000.0,VENTAS,,False
2026-10-01 03:15:43,2026-10-01,7,CAM,Zona Comercial Camiri,Gasolina,GASOLINA ESPECIAL EESS,Gasolina Especial,GASOLINA_ESPECIAL,EE SS CORDILLERA LA WILLIAMS,6000.0,VENTAS,,False
