fecha_captura,fecha_datos,distrito_id,distrito_codigo,distrito_nombre,producto_general,producto_despachado,familia,familia_codigo,cliente,estacion,placa_despacho,cantidad_despachada,unidad,fecha_despacho_programado,fecha_despacho_efectivo,fecha_despacho_efectivo_hora,despacho_confirmado,fecha_despacho_difiere_de_programado,ambito,grupo,gps
2026-10-01 00:24:20,2026-09-30,11,AMZ,Amazonico,Diesel,DIESEL OIL,Diesel Oil Nacional,DIESEL_NACIONAL,TRIANGULO ORIENTAL,TRIANGULO ORIENTAL,391-GDX,7000.0,L,2026-09-30,2026-09-30,2026-09-30T17:30:33.820000+00:00,True,False,,,True
2026-10-01 00:24:20,2026-09-30,11,AMZ,Amazonico,Diesel,DIESEL OIL,Diesel Oil Nacional,DIESEL_NACIONAL,ESTACION DE SERVICIO AMAZONAS S.R.L.,ESTACION DE SERVICIO AMAZONAS S.R.L.,301-YZT,7000.0,L,2026-09-30,2026-09-30,2026-09-30T17:48:00.813000+00:00,True,False,Provincia,,True
2026-10-01 00:24:20,2026-09-30,11,AMZ,Amazonico,Diesel,DIESEL OIL,Diesel Oil Nacional,DIESEL_NACIONAL,HIDROCARBUROS VACA DIEZ S.R.L,HIDROCARBUROS VACA DIEZ S.R.L,2517-EAD,7000.0,L,2026-09-30,2026-09-30,2026-09-30T13:23:33.240000+00:00,True,False,Provincia,,True
2026-10-01 00:24:20,2026-09-30,11,AMZ,Amazonico,Diesel,DIESEL OIL,Diesel Oil Nacional,DIESEL_NACIONAL,ESTACION DE SERVICIO IMANOL,ESTACION DE SERVICIO IMANOL,1055-UNU,7000.0,L,2026-09-30,2026-09-30,2026-09-30T13:41:53.763000+00:00,True,False,,,True
2026-10-01 00:24:20,2026-09-30,11,AMZ,Amazonico,Diesel,DIESEL OIL,Diesel Oil Nacional,DIESEL_NACIONAL,INTEGRACION RIBERALTA S.R.L.,INTEGRACION RIBERALTA S.R.L.,3033-YBT,7000.0,L,2026-09-30,2026-09-30,2026-09-30T13:40:50.800000+00:00,True,False,,,True
2026-10-01 00:24:20,2026-09-30,11,AMZ,Amazonico,Gasolina,GASOLINA ESPECIAL,Gasolina Especial,GASOLINA_ESPECIAL,TRIANGULO ORIENTAL,TRIANGULO ORIENTAL,391-GDX,5000.0,L,2026-09-30,2026-09-30,2026-09-30T17:30:33.820000+00:00,True,False,,,True
2026-10-01 00:24:20,2026-09-30,11,AMZ,Amazonico,Gasolina,GASOLINA ESPECIAL,Gasolina Especial,GASOLINA_ESPECIAL,ESTACION DE SERVICIO AMAZONAS S.R.L.,ESTACION DE SERVICIO AMAZONAS S.R.L.,301-YZT,5000.0,L,2026-09-30,2026-09-30,2026-09-30T15:14:08.677000+00:00,True,False,Provincia,,True
2026-10-01 00:24:20,2026-09-30,11,AMZ,Amazonico,Gasolina,GASOLINA ESPECIAL,Gasolina Especial,GASOLINA_ESPECIAL,ESTACION DE SERVICIO GASPETROL S.R.L.,ESTACION DE SERVICIO GASPETROL S.R.L.,1394-TNT,5000.0,L,2026-09-30,2026-09-30,2026-09-30T15:38:41.693000+00:00,True,False,Provincia,,True
2026-10-01 00:24:20,2026-09-30,11,AMZ,Amazonico,Gasolina,GASOLINA ESPECIAL,Gasolina Especial,GASOLINA_ESPECIAL,HIDROCARBUROS VACA DIEZ S.R.L,HIDROCARBUROS VACA DIEZ S.R.L,2517-EAD,5000.0,L,2026-09-30,2026-09-30,2026-09-30T13:23:33.240000+00:00,True,False,Provincia,,True
2026-10-01 00:24:20,2026-09-30,11,AMZ,Amazonico,Gasolina,GASOLINA ESPECIAL,Gasolina Especial,GASOLINA_ESPECIAL,ESTACION DE SERVICIO IMANOL,ESTACION DE SERVICIO IMANOL,1055-UNU,5000.0,L,2026-09-30,2026-09-30,2026-09-30T13:41:53.763000+00:00,True,False,,,True
2026-10-01 00:24:20,2026-09-30,11,AMZ,Amazonico,Gasolina,GASOLINA ESPECIAL,Gasolina Especial,GASOLINA_ESPECIAL,INTEGRACION RIBERALTA S.R.L.,INTEGRACION RIBERALTA S.R.L.,3033-YBT,5000.0,L,2026-09-30,2026-09-30,2026-09-30T13:40:50.800000+00:00,True,False,,,True
2026-10-01 00:24:20,2026-09-30,17,BER,Bermejo,Diesel,DIESEL OIL IMPORTADO EESS,Diesel Oil Importado,DIESEL_IMPORTADO,ESTACION DE SERVICIO RIO BERMEJO,ESTACION DE SERVICIO RIO BERMEJO,2587-YPC,9000.0,L,2026-09-30,2026-09-30,,True,False,,,True
2026-10-01 00:24:20,2026-09-30,17,BER,Bermejo,Diesel,DIESEL OIL IMPORTADO EESS,Diesel Oil Importado,DIESEL_IMPORTADO,ESTACION DE SERVICIO EL CHORRO,ESTACION DE SERVICIO EL CHORRO,353-GBI,12000.0,L,2026-09-30,2026-09-30,,True,False,,,True
2026-10-01 00:24:20,2026-09-30,17,BER,Bermejo,Gasolina,GASOLINA ESPECIAL EESS,Gasolina Especial,GASOLINA_ESPECIAL,ESTACION DE SERVICIO RIO BERMEJO,ESTACION DE SERVICIO RIO BERMEJO,2587-YPC,4000.0,L,2026-09-30,2026-09-30,,True,False,,,True
2026-10-01 00:24:20,2026-09-30,17,BER,Bermejo,Gasolina,GASOLINA ESPECIAL EESS,Gasolina Especial,GASOLINA_ESPECIAL,ESTACION DE SERVICIO EL CHORRO,ESTACION DE SERVICIO EL CHORRO,353-GBI,4000.0,L,2026-09-30,2026-09-30,,True,False,,,True
2026-10-01 00:24:20,2026-09-30,20,CHU,Chuquisaca,Diesel,DIESEL OIL NACIONAL EESS,Diesel Oil Nacional,DIESEL_NACIONAL,COOPERATIVA DE TRANSPORTE DE CARGA NACIONAL E INTERNACIONAL MARISCAL SUCRE R.L.,COOPERATIVA DE TRANSPORTE DE CARGA NACIONAL E INTERNACIONAL MARISCAL SUCRE R.L.,4066-KKD,12000.0,L,2026-09-30,2026-09-30,2026-10-01T02:06:14.130000+00:00,True,False,,,True
2026-10-01 00:24:20,2026-09-30,20,CHU,Chuquisaca,Diesel,DIESEL OIL NACIONAL EESS,Diesel Oil Nacional,DIESEL_NACIONAL,EOSO OQHARIKUNA SRL - BRIGITTE PLEYER,EOSO OQHARIKUNA SRL - BRIGITTE PLEYER,4724-GXS,20000.0,L,2026-09-30,2026-09-30,2026-09-30T17:38:08.370000+00:00,True,False,Ciudad,,True
2026-10-01 00:24:20,2026-09-30,20,CHU,Chuquisaca,Diesel,DIESEL OIL NACIONAL EESS,Diesel Oil Nacional,DIESEL_NACIONAL,EOSO EL MORRO - CARLA ANDREA HIGUERAS URQUIZU,EOSO EL MORRO - CARLA ANDREA HIGUERAS URQUIZU,2681-FZK,25000.0,L,2026-09-30,2026-09-30,2026-09-30T17:37:00.320000+00:00,True,False,Ciudad,,False
2026-10-01 00:24:20,2026-09-30,20,CHU,Chuquisaca,Diesel,DIESEL OIL NACIONAL EESS,Diesel Oil Nacional,DIESEL_NACIONAL,E.S. AZARI - ATHINA ALEXIE HIGUERAS URQUIZU,E.S. AZARI - ATHINA ALEXIE HIGUERAS URQUIZU,2681-FZK,10000.0,L,2026-09-30,2026-09-30,2026-09-30T17:37:00.320000+00:00,True,False,Ciudad,,False
2026-10-01 00:24:20,2026-09-30,20,CHU,Chuquisaca,Diesel,DIESEL OIL NACIONAL EESS,Diesel Oil Nacional,DIESEL_NACIONAL,EOSO TREBOL SRL-MARCELO LOAYZA ERQUICIA,EOSO TREBOL SRL-MARCELO LOAYZA ERQUICIA,2721-NIH,24000.0,L,2026-09-30,2026-09-30,2026-09-30T16:01:52.160000+00:00,True,False,Ciudad,,True
2026-10-01 00:24:20,2026-09-30,20,CHU,Chuquisaca,Diesel,DIESEL OIL NACIONAL EESS,Diesel Oil Nacional,DIESEL_NACIONAL,EOSO MARIA ALEJANDRA - JACINTO VEDIA B.,EOSO MARIA ALEJANDRA - JACINTO VEDIA B.,567-YYA,12000.0,L,2026-09-30,2026-09-30,2026-09-30T15:18:12.793000+00:00,True,False,Ciudad,,True
2026-10-01 00:24:20,2026-09-30,20,CHU,Chuquisaca,Diesel,DIESEL OIL NACIONAL EESS,Diesel Oil Nacional,DIESEL_NACIONAL,EOSO NAYLER - ROSARIO ALCOCER GUEVARA,EOSO NAYLER - ROSARIO ALCOCER GUEVARA,3856-PSU,20000.0,L,2026-09-30,2026-09-30,2026-09-30T15:07:32.853000+00:00,True,False,Ciudad,,True
2026-10-01 00:24:20,2026-09-30,20,CHU,Chuquisaca,Diesel,DIESEL OIL NACIONAL EESS,Diesel Oil Nacional,DIESEL_NACIONAL,EOSO MESA VERDE - JOSE ANTONIO CANEDO C.,EOSO MESA VERDE - JOSE ANTONIO CANEDO C.,1287-YCA,20000.0,L,2026-09-30,2026-09-30,2026-09-30T13:35:21.533000+00:00,True,False,,,True
2026-10-01 00:24:20,2026-09-30,20,CHU,Chuquisaca,Diesel,DIESEL OIL NACIONAL EESS,Diesel Oil Nacional,DIESEL_NACIONAL,EE.SS. SUPER GRIFO I - CORINA PACENCIO VARGAS,EE.SS. SUPER GRIFO I - CORINA PACENCIO VARGAS,1337-HZX,12000.0,L,2026-09-30,2026-09-30,2026-09-30T12:09:00.050000+00:00,True,False,,,True
2026-10-01 00:24:20,2026-09-30,20,CHU,Chuquisaca,Gasolina,GASOLINA ESPECIAL EESS,Gasolina Especial,GASOLINA_ESPECIAL,COOPERATIVA DE TRANSPORTE DE CARGA NACIONAL E INTERNACIONAL MARISCAL SUCRE R.L.,COOPERATIVA DE TRANSPORTE DE CARGA NACIONAL E INTERNACIONAL MARISCAL SUCRE R.L.,4066-KKD,12000.0,L,2026-09-30,2026-09-30,2026-10-01T02:06:14.130000+00:00,True,False,,,True
2026-10-01 00:24:20,2026-09-30,20,CHU,Chuquisaca,Gasolina,GASOLINA ESPECIAL EESS,Gasolina Especial,GASOLINA_ESPECIAL,EE.SS. SUPER GRIFO I - CORINA PACENCIO VARGAS,EE.SS. SUPER GRIFO I - CORINA PACENCIO VARGAS,1337-HZX,12000.0,L,2026-09-30,2026-09-30,2026-10-01T01:51:16.357000+00:00,True,False,,,True
2026-10-01 00:24:20,2026-09-30,20,CHU,Chuquisaca,Gasolina,GASOLINA ESPECIAL EESS,Gasolina Especial,GASOLINA_ESPECIAL,EOSO SAN ANTONIO - INVERSIONES JANA S.A.,EOSO SAN ANTONIO - INVERSIONES JANA S.A.,4494-HCF,15000.0,L,2026-09-30,2026-09-30,2026-10-01T01:31:42.780000+00:00,True,False,Ciudad,,True
2026-10-01 00:24:20,2026-09-30,20,CHU,Chuquisaca,Gasolina,GASOLINA ESPECIAL EESS,Gasolina Especial,GASOLINA_ESPECIAL,EOSO TREBOL SRL-MARCELO LOAYZA ERQUICIA,EOSO TREBOL SRL-MARCELO LOAYZA ERQUICIA,4994-EPK,24000.0,L,2026-09-30,2026-09-30,2026-10-01T01:21:34.033000+00:00,True,False,Ciudad,,True
2026-10-01 00:24:20,2026-09-30,20,CHU,Chuquisaca,Gasolina,GASOLINA ESPECIAL EESS,Gasolina Especial,GASOLINA_ESPECIAL,EOSO JUANA AZURDUY - ROSARIO ALCOCER GUEVARA,EOSO JUANA AZURDUY - ROSARIO ALCOCER GUEVARA,3856 PSU,12000.0,L,2026-09-30,2026-09-30,,True,False,Ciudad,,True
2026-10-01 00:24:20,2026-09-30,20,CHU,Chuquisaca,Gasolina,GASOLINA ESPECIAL EESS,Gasolina Especial,GASOLINA_ESPECIAL,EOSO NAYLER - ROSARIO ALCOCER GUEVARA,EOSO NAYLER - ROSARIO ALCOCER GUEVARA,3856 PSU,12000.0,L,2026-09-30,2026-09-30,,True,False,Ciudad,,True
2026-10-01 00:24:20,2026-09-30,20,CHU,Chuquisaca,Gasolina,GASOLINA ESPECIAL EESS,Gasolina Especial,GASOLINA_ESPECIAL,EOSO MESA VERDE - JOSE ANTONIO CANEDO C.,EOSO MESA VERDE - JOSE ANTONIO CANEDO C.,1287 YCA,20000.0,L,2026-09-30,2026-09-30,,True,False,,,True
2026-10-01 00:24:20,2026-09-30,20,CHU,Chuquisaca,Gasolina,GASOLINA ESPECIAL EESS,Gasolina Especial,GASOLINA_ESPECIAL,EOSO OQHARIKUNA SRL - BRIGITTE PLEYER,EOSO OQHARIKUNA SRL - BRIGITTE PLEYER,4724-GXS,25000.0,L,2026-09-30,2026-09-30,2026-09-30T13:51:09.123000+00:00,True,False,Ciudad,,True
2026-10-01 00:24:20,2026-09-30,20,CHU,Chuquisaca,Gasolina,GASOLINA ESPECIAL EESS,Gasolina Especial,GASOLINA_ESPECIAL,EOSO MARIA ALEJANDRA - JACINTO VEDIA B.,EOSO MARIA ALEJANDRA - JACINTO VEDIA B.,567-YYA,12000.0,L,2026-09-30,2026-09-30,2026-09-30T15:18:12.793000+00:00,True,False,Ciudad,,True
2026-10-01 00:24:20,2026-09-30,20,CHU,Chuquisaca,Gasolina,GASOLINA ESPECIAL EESS,Gasolina Especial,GASOLINA_ESPECIAL,EOSO EL MORRO - CARLA ANDREA HIGUERAS URQUIZU,EOSO EL MORRO - CARLA ANDREA HIGUERAS URQUIZU,2976-DGD,12500.0,L,2026-09-30,2026-09-30,2026-09-30T14:15:46.007000+00:00,True,False,Ciudad,,True
2026-10-01 00:24:20,2026-09-30,20,CHU,Chuquisaca,Gasolina,GASOLINA ESPECIAL EESS,Gasolina Especial,GASOLINA_ESPECIAL,E.S. AZARI - ATHINA ALEXIE HIGUERAS URQUIZU,E.S. AZARI - ATHINA ALEXIE HIGUERAS URQUIZU,2976-DGD,12500.0,L,2026-09-30,2026-09-30,2026-09-30T14:15:46.007000+00:00,True,False,Ciudad,,True
2026-10-01 00:24:20,2026-09-30,20,CHU,Chuquisaca,Gasolina,GASOLINA ESPECIAL EESS,Gasolina Especial,GASOLINA_ESPECIAL,EOSO NAYLER - ROSARIO ALCOCER GUEVARA,EOSO NAYLER - ROSARIO ALCOCER GUEVARA,3856-PSU,12000.0,L,2026-09-30,2026-09-30,2026-09-30T12:46:20.027000+00:00,True,False,Ciudad,,True
2026-10-01 00:24:20,2026-09-30,20,CHU,Chuquisaca,Gasolina,GASOLINA ESPECIAL EESS,Gasolina Especial,GASOLINA_ESPECIAL,EOSO JUANA AZURDUY - ROSARIO ALCOCER GUEVARA,EOSO JUANA AZURDUY - ROSARIO ALCOCER GUEVARA,3856-PSU,12000.0,L,2026-09-30,2026-09-30,2026-09-30T12:46:20.027000+00:00,True,False,Ciudad,,True
2026-10-01 00:24:20,2026-09-30,20,CHU,Chuquisaca,Gasolina,GASOLINA ESPECIAL EESS,Gasolina Especial,GASOLINA_ESPECIAL,EOSO SAN ANTONIO - INVERSIONES JANA S.A.,EOSO SAN ANTONIO - INVERSIONES JANA S.A.,4494-HCF,25000.0,L,2026-09-30,2026-09-30,2026-09-30T12:10:07.573000+00:00,True,False,Ciudad,,True
2026-10-01 00:24:20,2026-09-30,10,COB,Cobija,Gasolina,GASOLINA ESPECIAL EESS,Gasolina Especial,GASOLINA_ESPECIAL,LUCIO VILLCA CONDORI,LUCIO VILLCA CONDORI,1578HAK,12000.0,L,2026-09-30,2026-09-30,,True,False,Ciudad,,True
2026-10-01 00:24:20,2026-09-30,10,COB,Cobija,Gasolina,GASOLINA ESPECIAL EESS,Gasolina Especial,GASOLINA_ESPECIAL,EºSº TISTY,EºSº TISTY,1405 - HEL,10000.0,L,2026-09-30,2026-09-30,,True,False,Ciudad,,True
2026-10-01 00:24:20,2026-09-30,19,CEN,Cochabamba,Diesel,DIESEL OIL,Diesel Oil Nacional,DIESEL_NACIONAL,YPFB,ESTACION DE SERVICIO PAPU SRL,4207-GHL,3000.0,L,,2026-09-30,2026-09-30T20:50:03.390000+00:00,True,False,Provincia,,False
2026-10-01 00:24:20,2026-09-30,19,CEN,Cochabamba,Diesel,DIESEL OIL,Diesel Oil Nacional,DIESEL_NACIONAL,YPFB,LOS ALAMOS,5715-CHX,8000.0,L,,2026-09-30,2026-09-30T20:46:13.670000+00:00,True,False,,,True
2026-10-01 00:24:20,2026-09-30,19,CEN,Cochabamba,Diesel,DIESEL OIL,Diesel Oil Nacional,DIESEL_NACIONAL,YPFB,ESTACION DE SERVICIO POJO,5722-CGC,9000.0,L,,2026-09-30,2026-09-30T20:18:11.190000+00:00,True,False,Provincia,,True
2026-10-01 00:24:20,2026-09-30,19,CEN,Cochabamba,Diesel,DIESEL OIL NACIONAL EESS,Diesel Oil Nacional,DIESEL_NACIONAL,"EST. DE SERV. ""FORTALEZA ENERGY S.R.L.""","EST. DE SERV. ""FORTALEZA ENERGY S.R.L.""",945-CTP,6000.0,L,2026-09-30,2026-09-30,2026-09-30T10:55:28.467000+00:00,True,False,Provincia,,True
2026-10-01 00:24:20,2026-09-30,19,CEN,Cochabamba,Diesel,DIESEL OIL NACIONAL EESS,Diesel Oil Nacional,DIESEL_NACIONAL,"EST. DE SERV. ""LORETO"" SUC. 1","EST. DE SERV. ""LORETO"" SUC. 1",1198-ILI,6000.0,L,2026-09-30,2026-09-30,2026-09-30T10:50:02.233000+00:00,True,False,,,True
2026-10-01 00:24:20,2026-09-30,19,CEN,Cochabamba,Diesel,DIESEL OIL NACIONAL EESS,Diesel Oil Nacional,DIESEL_NACIONAL,"EST. DE SERV. ""ISABEL CHAVEZ""","EST. DE SERV. ""ISABEL CHAVEZ""",1198-ILI,6000.0,L,2026-09-30,2026-09-30,2026-09-30T10:50:02.233000+00:00,True,False,,,True
2026-10-01 00:24:20,2026-09-30,19,CEN,Cochabamba,Diesel,DIESEL OIL NACIONAL EESS,Diesel Oil Nacional,DIESEL_NACIONAL,"EST. DE SERV. ""CITY TRUCK FH S.R.L.""","EST. DE SERV. ""CITY TRUCK FH S.R.L.""",1250-ATC,17000.0,L,2026-09-30,2026-09-30,2026-09-30T10:45:11.820000+00:00,True,False,Provincia,,True
2026-10-01 00:24:20,2026-09-30,19,CEN,Cochabamba,Diesel,DIESEL OIL NACIONAL EESS,Diesel Oil Nacional,DIESEL_NACIONAL,"EST. DE SERV. ""COCHABAMBA S.R.L. SUC. 1""","EST. DE SERV. ""COCHABAMBA S.R.L. SUC. 1""",1442-GKB,12000.0,L,2026-09-30,2026-09-30,2026-09-30T10:27:54.500000+00:00,True,False,,,True
2026-10-01 00:24:20,2026-09-30,19,CEN,Cochabamba,Diesel,DIESEL OIL NACIONAL EESS,Diesel Oil Nacional,DIESEL_NACIONAL,"EST. DE SERV. ""COCHABAMBA""","EST. DE SERV. ""COCHABAMBA""",1442-GKB,6000.0,L,2026-09-30,2026-09-30,2026-09-30T10:27:54.500000+00:00,True,False,,,True
2026-10-01 00:24:20,2026-09-30,19,CEN,Cochabamba,Diesel,DIESEL OIL NACIONAL EESS,Diesel Oil Nacional,DIESEL_NACIONAL,"EST. DE SERV. ""COCHABAMBA""","EST. DE SERV. ""COCHABAMBA""",5715-CHX,26000.0,L,2026-09-30,2026-09-30,2026-09-30T10:25:29.200000+00:00,True,False,,,True
2026-10-01 00:24:20,2026-09-30,19,CEN,Cochabamba,Diesel,DIESEL OIL NACIONAL EESS,Diesel Oil Nacional,DIESEL_NACIONAL,"EST. DE SERV. ""EL VIAJERO SRL""","EST. DE SERV. ""EL VIAJERO SRL""",4119-RNN,24000.0,L,2026-09-30,2026-09-30,2026-09-30T10:22:35.173000+00:00,True,False,,,True
2026-10-01 00:24:20,2026-09-30,19,CEN,Cochabamba,Diesel,DIESEL OIL NACIONAL EESS,Diesel Oil Nacional,DIESEL_NACIONAL,SURTIDOR DE GASOLINA Y DIESEL COLOMI,SURTIDOR DE GASOLINA Y DIESEL COLOMI,4745-NHS,12000.0,L,2026-09-30,2026-09-30,2026-09-30T10:21:20.847000+00:00,True,False,,,True
2026-10-01 00:24:20,2026-09-30,19,CEN,Cochabamba,Diesel,DIESEL OIL NACIONAL EESS,Diesel Oil Nacional,DIESEL_NACIONAL,"EST. DE SERV. ""SENOR SANTIAGO"" - E. DELGADILLO","EST. DE SERV. ""SENOR SANTIAGO"" - E. DELGADILLO",2049-AXA,8000.0,L,2026-09-30,2026-09-30,2026-09-30T10:16:45.073000+00:00,True,False,,,True
2026-10-01 00:24:20,2026-09-30,19,CEN,Cochabamba,Diesel,DIESEL OIL NACIONAL EESS,Diesel Oil Nacional,DIESEL_NACIONAL,"EST. DE SERV. ""RIOJA""","EST. DE SERV. ""RIOJA""",2049-AXA,10000.0,L,2026-09-30,2026-09-30,2026-09-30T10:16:45.073000+00:00,True,False,,,True
2026-10-01 00:24:20,2026-09-30,19,CEN,Cochabamba,Diesel,DIESEL OIL NACIONAL EESS,Diesel Oil Nacional,DIESEL_NACIONAL,TERMINAL DE BUSES COCHABAMBA S.A.,TERMINAL DE BUSES COCHABAMBA S.A.,2043-SRX,8000.0,L,2026-09-30,2026-09-30,2026-09-30T10:12:53.823000+00:00,True,False,,,True
2026-10-01 00:24:20,2026-09-30,19,CEN,Cochabamba,Diesel,DIESEL OIL NACIONAL EESS,Diesel Oil Nacional,DIESEL_NACIONAL,"EST. DE SERV. ""SIPE SIPE S.R.L.""","EST. DE SERV. ""SIPE SIPE S.R.L.""",681-DLU,8000.0,L,2026-09-30,2026-09-30,2026-09-30T10:07:10.190000+00:00,True,False,,,True
2026-10-01 00:24:20,2026-09-30,19,CEN,Cochabamba,Diesel,DIESEL OIL NACIONAL EESS,Diesel Oil Nacional,DIESEL_NACIONAL,"EST. DE SERV. ""TIQUIPAYA"" - VENICIA ALANEZ JIMENES","EST. DE SERV. ""TIQUIPAYA"" - VENICIA ALANEZ JIMENES",3785-SDC,6000.0,L,2026-09-30,2026-09-30,2026-09-30T10:06:39.677000+00:00,True,False,Provincia,,True
2026-10-01 00:24:20,2026-09-30,19,CEN,Cochabamba,Diesel,DIESEL OIL NACIONAL EESS,Diesel Oil Nacional,DIESEL_NACIONAL,"EST. DE SERV. ""MONTERREY S.R.L.""","EST. DE SERV. ""MONTERREY S.R.L.""",2559-XTU,24000.0,L,2026-09-30,2026-09-30,2026-09-30T10:05:16.483000+00:00,True,False,Provincia,,True
2026-10-01 00:24:20,2026-09-30,19,CEN,Cochabamba,Diesel,DIESEL OIL NACIONAL EESS,Diesel Oil Nacional,DIESEL_NACIONAL,"EST. DE SERV. ""SAN JORGE CBBA S.R.L.""","EST. DE SERV. ""SAN JORGE CBBA S.R.L.""",623-GGF,24000.0,L,2026-09-30,2026-09-30,2026-09-30T10:05:00.250000+00:00,True,False,,,True
2026-10-01 00:24:20,2026-09-30,19,CEN,Cochabamba,Diesel,DIESEL OIL NACIONAL EESS,Diesel Oil Nacional,DIESEL_NACIONAL,"EST. DE SERV. ""VILLA OBRAJES""","EST. DE SERV. ""VILLA OBRAJES""",1057-RCA,20000.0,L,2026-09-30,2026-09-30,2026-09-30T10:00:47.187000+00:00,True,False,Provincia,,True
2026-10-01 00:24:20,2026-09-30,19,CEN,Cochabamba,Diesel,DIESEL OIL,Diesel Oil Nacional,DIESEL_NACIONAL,IMBRANJO S.R.L.,IMBRANJO S.R.L.,2337-IRB,10000.0,L,2026-09-30,2026-09-30,2026-09-30T10:40:37.253000+00:00,True,False,Provincia,,True
2026-10-01 00:24:20,2026-09-30,19,CEN,Cochabamba,Diesel,DIESEL OIL,Diesel Oil Nacional,DIESEL_NACIONAL,ESTACION DE SERVICIO ANITA,ESTACION DE SERVICIO ANITA,2741-BFG,12000.0,L,2026-09-30,2026-09-30,2026-09-30T10:26:18.877000+00:00,True,False,,,True
2026-10-01 00:24:20,2026-09-30,19,CEN,Cochabamba,Diesel,DIESEL OIL,Diesel Oil Nacional,DIESEL_NACIONAL,ESTACION DE SERVICIO TICTI S.R.L.,ESTACION DE SERVICIO TICTI S.R.L.,3824-IAF,8000.0,L,2026-09-30,2026-09-30,2026-09-30T10:16:15.097000+00:00,True,False,,,True
2026-10-01 00:24:20,2026-09-30,19,CEN,Cochabamba,Diesel,DIESEL OIL,Diesel Oil Nacional,DIESEL_NACIONAL,ESTACION DE SERVICIO LOS ALAMOS S.R.L.,ESTACION DE SERVICIO LOS ALAMOS S.R.L.,6227-DDT,24000.0,L,2026-09-30,2026-09-30,2026-09-30T10:36:57.330000+00:00,True,False,,,True
2026-10-01 00:24:20,2026-09-30,19,CEN,Cochabamba,Diesel,DIESEL OIL NACIONAL EESS,Diesel Oil Nacional,DIESEL_NACIONAL,"EST. DE SERV. ""C.G.C. SRL""","EST. DE SERV. ""C.G.C. SRL""",2086-CDR,28000.0,L,2026-09-30,2026-09-30,2026-09-30T14:01:14.910000+00:00,True,False,,,True
2026-10-01 00:24:20,2026-09-30,19,CEN,Cochabamba,Diesel,DIESEL OIL NACIONAL EESS,Diesel Oil Nacional,DIESEL_NACIONAL,"EST. DE SERV. ""DISEL S.R.L.""","EST. DE SERV. ""DISEL S.R.L.""",1035-CBN,6000.0,L,2026-09-30,2026-09-30,2026-09-30T13:59:54.367000+00:00,True,False,,,True
2026-10-01 00:24:20,2026-09-30,19,CEN,Cochabamba,Diesel,DIESEL OIL NACIONAL EESS,Diesel Oil Nacional,DIESEL_NACIONAL,"EST. DE SERV. ""AEROPUERTO S.R.L.""","EST. DE SERV. ""AEROPUERTO S.R.L.""",5710-ABA,12000.0,L,2026-09-30,2026-09-30,2026-09-30T13:56:55.490000+00:00,True,False,,,True
2026-10-01 00:24:20,2026-09-30,19,CEN,Cochabamba,Diesel,DIESEL OIL NACIONAL EESS,Diesel Oil Nacional,DIESEL_NACIONAL,"EST. DE SERV. ""IQUIRCOLLO S.R.L.""","EST. DE SERV. ""IQUIRCOLLO S.R.L.""",6429-RLK,20000.0,L,2026-09-30,2026-09-30,2026-09-30T13:55:53.483000+00:00,True,False,,,True
2026-10-01 00:24:20,2026-09-30,19,CEN,Cochabamba,Diesel,DIESEL OIL NACIONAL EESS,Diesel Oil Nacional,DIESEL_NACIONAL,"EST. DE SERV. ""CHIMBOCO""","EST. DE SERV. ""CHIMBOCO""",679-RCN,12000.0,L,2026-09-30,2026-09-30,2026-09-30T13:52:01.953000+00:00,True,False,,,True
2026-10-01 00:24:20,2026-09-30,19,CEN,Cochabamba,Diesel,DIESEL OIL NACIONAL EESS,Diesel Oil Nacional,DIESEL_NACIONAL,"EST. DE SERV. ""TRANS SACABA S.A. II""","EST. DE SERV. ""TRANS SACABA S.A. II""",5258-YSB,18000.0,L,2026-09-30,2026-09-30,2026-09-30T13:50:55.193000+00:00,True,False,,,True
2026-10-01 00:24:20,2026-09-30,19,CEN,Cochabamba,Diesel,DIESEL OIL NACIONAL EESS,Diesel Oil Nacional,DIESEL_NACIONAL,"EST. DE SERV. ""COMERCIALIZADORA QK S.R.L.""","EST. DE SERV. ""COMERCIALIZADORA QK S.R.L.""",1469-DIF,10000.0,L,2026-09-30,2026-09-30,2026-09-30T13:48:43.247000+00:00,True,False,,,True
2026-10-01 00:24:20,2026-09-30,19,CEN,Cochabamba,Diesel,DIESEL OIL NACIONAL EESS,Diesel Oil Nacional,DIESEL_NACIONAL,ESTACION DE SERVICIO LOS LIBERTADORES S.R.L.,ESTACION DE SERVICIO LOS LIBERTADORES S.R.L.,952-ZHP,5000.0,L,2026-09-30,2026-09-30,2026-09-30T13:31:41.690000+00:00,True,False,,,True
2026-10-01 00:24:20,2026-09-30,19,CEN,Cochabamba,Diesel,DIESEL OIL NACIONAL EESS,Diesel Oil Nacional,DIESEL_NACIONAL,"EST. DE SERV. ""ADRIAN""","EST. DE SERV. ""ADRIAN""",4151-PIA,8000.0,L,2026-09-30,2026-09-30,2026-09-30T11:04:13.150000+00:00,True,False,,,True
2026-10-01 00:24:20,2026-09-30,19,CEN,Cochabamba,Diesel,DIESEL OIL NACIONAL EESS,Diesel Oil Nacional,DIESEL_NACIONAL,"EST. DE SERV. ""EQGAS"" S.R.L.","EST. DE SERV. ""EQGAS"" S.R.L.",4151-PIA,8000.0,L,2026-09-30,2026-09-30,2026-09-30T11:04:13.150000+00:00,True,False,Provincia,,True
2026-10-01 00:24:20,2026-09-30,19,CEN,Cochabamba,Diesel,DIESEL OIL NACIONAL EESS,Diesel Oil Nacional,DIESEL_NACIONAL,"EST. DE SERV. ""DISEL S.R.L. I""","EST. DE SERV. ""DISEL S.R.L. I""",3079-GRD,24000.0,L,2026-09-30,2026-09-30,2026-09-30T10:59:49.697000+00:00,True,False,,,True
2026-10-01 00:24:20,2026-09-30,19,CEN,Cochabamba,Gasolina,GASOLINA ESPECIAL,Gasolina Especial,GASOLINA_ESPECIAL,YPFB,ESTACION DE SERVICIO CAPITAN VICTOR USTARIZ,5715-CHX,12000.0,L,,2026-09-30,2026-09-30T20:46:13.670000+00:00,True,False,Ciudad,,True
2026-10-01 00:24:20,2026-09-30,19,CEN,Cochabamba,Gasolina,GASOLINA ESPECIAL,Gasolina Especial,GASOLINA_ESPECIAL,YPFB,ESTACION DE SERVICIO POJO,5722-CGC,12000.0,L,,2026-09-30,2026-09-30T20:18:11.190000+00:00,True,False,Provincia,,True
2026-10-01 00:24:20,2026-09-30,19,CEN,Cochabamba,Gasolina,GASOLINA ESPECIAL,Gasolina Especial,GASOLINA_ESPECIAL,YPFB,COMERCIALIZADORA DE SERVICIOS LUBRISHOP S.R.L.,4119-RNN,6000.0,L,,2026-09-30,2026-09-30T18:29:40.690000+00:00,True,False,Provincia,,True
2026-10-01 00:24:20,2026-09-30,19,CEN,Cochabamba,Gasolina,GASOLINA ESPECIAL EESS,Gasolina Especial,GASOLINA_ESPECIAL,"EST. DE SERV. ""CHULLPANI"" - TORRICO AGUILAR JOSE M","EST. DE SERV. ""CHULLPANI"" - TORRICO AGUILAR JOSE M",6341-CUR,18000.0,L,2026-09-30,2026-09-30,2026-09-30T14:08:41.050000+00:00,True,False,Provincia,,True
2026-10-01 00:24:20,2026-09-30,19,CEN,Cochabamba,Gasolina,GASOLINA ESPECIAL EESS,Gasolina Especial,GASOLINA_ESPECIAL,ESTACION DE SERVICIO LOS LIBERTADORES S.R.L.,ESTACION DE SERVICIO LOS LIBERTADORES S.R.L.,952-ZHP,10000.0,L,2026-09-30,2026-09-30,2026-09-30T13:31:41.690000+00:00,True,False,,,True
2026-10-01 00:24:20,2026-09-30,19,CEN,Cochabamba,Gasolina,GASOLINA ESPECIAL EESS,Gasolina Especial,GASOLINA_ESPECIAL,SURTIDOR DE GASOLINA Y DIESEL COLOMI,SURTIDOR DE GASOLINA Y DIESEL COLOMI,4745-NHS,14000.0,L,2026-09-30,2026-09-30,2026-09-30T10:21:20.847000+00:00,True,False,,,True
2026-10-01 00:24:20,2026-09-30,19,CEN,Cochabamba,Gasolina,GASOLINA ESPECIAL,Gasolina Especial,GASOLINA_ESPECIAL,YPFB,IMBRANJO S.R.L.,2337-IRB,14000.0,L,,2026-09-30,2026-09-30T15:32:28.067000+00:00,True,False,Provincia,,True
2026-10-01 00:24:20,2026-09-30,19,CEN,Cochabamba,Gasolina,GASOLINA ESPECIAL EESS,Gasolina Especial,GASOLINA_ESPECIAL,"EST. DE SERV. ""EL MANANTIAL SUC. 2""","EST. DE SERV. ""EL MANANTIAL SUC. 2""",1036-RZH,12000.0,L,2026-09-30,2026-09-30,2026-09-30T14:06:30.387000+00:00,True,False,,,True
2026-10-01 00:24:20,2026-09-30,19,CEN,Cochabamba,Gasolina,GASOLINA ESPECIAL EESS,Gasolina Especial,GASOLINA_ESPECIAL,"EST. DE SERV. ""EL MANANTIAL SUC. 1""","EST. DE SERV. ""EL MANANTIAL SUC. 1""",1036-RZH,10000.0,L,2026-09-30,2026-09-30,2026-09-30T14:06:30.387000+00:00,True,False,,,True
2026-10-01 00:24:20,2026-09-30,19,CEN,Cochabamba,Gasolina,GASOLINA ESPECIAL EESS,Gasolina Especial,GASOLINA_ESPECIAL,"EST. DE SERV. ""PETROGAS S.R.L.""","EST. DE SERV. ""PETROGAS S.R.L.""",3147-FHD,6000.0,L,2026-09-30,2026-09-30,2026-09-30T14:03:56.007000+00:00,True,False,,,True
2026-10-01 00:24:20,2026-09-30,19,CEN,Cochabamba,Gasolina,GASOLINA ESPECIAL EESS,Gasolina Especial,GASOLINA_ESPECIAL,"EST. DE SERV. ""GASNOR S.R.L.""","EST. DE SERV. ""GASNOR S.R.L.""",3147-FHD,8000.0,L,2026-09-30,2026-09-30,2026-09-30T14:03:56.007000+00:00,True,False,,,True
2026-10-01 00:24:20,2026-09-30,19,CEN,Cochabamba,Gasolina,GASOLINA ESPECIAL EESS,Gasolina Especial,GASOLINA_ESPECIAL,"EST. DE SERV. ""DISEL S.R.L.""","EST. DE SERV. ""DISEL S.R.L.""",1035-CBN,8000.0,L,2026-09-30,2026-09-30,2026-09-30T13:59:54.367000+00:00,True,False,,,True
2026-10-01 00:24:20,2026-09-30,19,CEN,Cochabamba,Gasolina,GASOLINA ESPECIAL EESS,Gasolina Especial,GASOLINA_ESPECIAL,"EST. DE SERV. ""AEROPUERTO S.R.L.""","EST. DE SERV. ""AEROPUERTO S.R.L.""",5710-ABA,10000.0,L,2026-09-30,2026-09-30,2026-09-30T13:56:55.490000+00:00,True,False,,,True
2026-10-01 00:24:20,2026-09-30,19,CEN,Cochabamba,Gasolina,GASOLINA ESPECIAL EESS,Gasolina Especial,GASOLINA_ESPECIAL,"EST. DE SERV. ""CHIMBOCO""","EST. DE SERV. ""CHIMBOCO""",679-RCN,8000.0,L,2026-09-30,2026-09-30,2026-09-30T13:52:01.953000+00:00,True,False,,,True
2026-10-01 00:24:20,2026-09-30,19,CEN,Cochabamba,Gasolina,GASOLINA ESPECIAL EESS,Gasolina Especial,GASOLINA_ESPECIAL,"EST. DE SERV. ""CIRCUITO BOLIVIA S.A.""","EST. DE SERV. ""CIRCUITO BOLIVIA S.A.""",390-PEA,14000.0,L,2026-09-30,2026-09-30,2026-09-30T13:51:57.643000+00:00,True,False,,,True
2026-10-01 00:24:20,2026-09-30,19,CEN,Cochabamba,Gasolina,GASOLINA ESPECIAL EESS,Gasolina Especial,GASOLINA_ESPECIAL,"EST. DE SERV. ""COMERCIALIZADORA QK S.R.L.""","EST. DE SERV. ""COMERCIALIZADORA QK S.R.L.""",1469-DIF,10000.0,L,2026-09-30,2026-09-30,2026-09-30T13:48:43.247000+00:00,True,False,,,True
2026-10-01 00:24:20,2026-09-30,19,CEN,Cochabamba,Gasolina,GASOLINA ESPECIAL EESS,Gasolina Especial,GASOLINA_ESPECIAL,"EST. DE SERV. ""SANTA MONICA"" S.R.L.","EST. DE SERV. ""SANTA MONICA"" S.R.L.",2026-AAF,10000.0,L,2026-09-30,2026-09-30,2026-09-30T13:23:54.950000+00:00,True,False,Ciudad,,True
2026-10-01 00:24:20,2026-09-30,19,CEN,Cochabamba,Gasolina,GASOLINA ESPECIAL EESS,Gasolina Especial,GASOLINA_ESPECIAL,"EST. DE SERV. ""A.C.B. CARBURANTES SRL""","EST. DE SERV. ""A.C.B. CARBURANTES SRL""",2026-AAF,12000.0,L,2026-09-30,2026-09-30,2026-09-30T13:23:54.950000+00:00,True,False,,,True
2026-10-01 00:24:20,2026-09-30,19,CEN,Cochabamba,Gasolina,GASOLINA ESPECIAL EESS,Gasolina Especial,GASOLINA_ESPECIAL,"EST. DE SERV. ""EL CRISTO"" - CRISTIAN SABAG","EST. DE SERV. ""EL CRISTO"" - CRISTIAN SABAG",2318-SZS,24000.0,L,2026-09-30,2026-09-30,2026-09-30T13:16:45.343000+00:00,True,False,,,True
2026-10-01 00:24:20,2026-09-30,19,CEN,Cochabamba,Gasolina,GASOLINA ESPECIAL EESS,Gasolina Especial,GASOLINA_ESPECIAL,"EST. DE SERV. ""AYACUCHO""","EST. DE SERV. ""AYACUCHO""",4430-YZE,12000.0,L,2026-09-30,2026-09-30,2026-09-30T13:03:35.850000+00:00,True,False,,,True
2026-10-01 00:24:20,2026-09-30,19,CEN,Cochabamba,Gasolina,GASOLINA ESPECIAL EESS,Gasolina Especial,GASOLINA_ESPECIAL,FEDEX CHACO,FEDEX CHACO,1198-ILI,6000.0,L,2026-09-30,2026-09-30,2026-09-30T10:50:02.233000+00:00,True,False,,,True
2026-10-01 00:24:20,2026-09-30,19,CEN,Cochabamba,Gasolina,GASOLINA ESPECIAL EESS,Gasolina Especial,GASOLINA_ESPECIAL,TERMINAL DE BUSES COCHABAMBA S.A.,TERMINAL DE BUSES COCHABAMBA S.A.,2437-CZU,10000.0,L,2026-09-30,2026-09-30,2026-09-30T10:11:13.843000+00:00,True,False,,,True
2026-10-01 00:24:20,2026-09-30,19,CEN,Cochabamba,Gasolina,GASOLINA ESPECIAL EESS,Gasolina Especial,GASOLINA_ESPECIAL,"EST. DE SERV. ""SENOR SANTIAGO"" - E. DELGADILLO","EST. DE SERV. ""SENOR SANTIAGO"" - E. DELGADILLO",2437-CZU,10000.0,L,2026-09-30,2026-09-30,2026-09-30T10:11:13.843000+00:00,True,False,,,True
2026-10-01 00:24:20,2026-09-30,19,CEN,Cochabamba,Gasolina,GASOLINA ESPECIAL EESS,Gasolina Especial,GASOLINA_ESPECIAL,"EST. DE SERV. ""SIPE SIPE S.R.L.""","EST. DE SERV. ""SIPE SIPE S.R.L.""",681-DLU,14000.0,L,2026-09-30,2026-09-30,2026-09-30T10:07:10.190000+00:00,True,False,,,True
2026-10-01 00:24:20,2026-09-30,19,CEN,Cochabamba,Gasolina,GASOLINA ESPECIAL EESS,Gasolina Especial,GASOLINA_ESPECIAL,"EST. DE SERV. ""TIQUIPAYA"" - VENICIA ALANEZ JIMENES","EST. DE SERV. ""TIQUIPAYA"" - VENICIA ALANEZ JIMENES",3785-SDC,6000.0,L,2026-09-30,2026-09-30,2026-09-30T10:06:39.677000+00:00,True,False,Provincia,,True
2026-10-01 00:24:20,2026-09-30,19,CEN,Cochabamba,Gasolina,GASOLINA ESPECIAL EESS,Gasolina Especial,GASOLINA_ESPECIAL,"EST. DE SERV. ""SENOR SANTIAGO SUC. 1"" - E. DELGADILLO","EST. DE SERV. ""SENOR SANTIAGO SUC. 1"" - E. DELGADILLO",1179-NTT,10000.0,L,2026-09-30,2026-09-30,2026-09-30T09:59:36.397000+00:00,True,False,,,False
2026-10-01 00:24:20,2026-09-30,19,CEN,Cochabamba,Gasolina,GASOLINA ESPECIAL EESS,Gasolina Especial,GASOLINA_ESPECIAL,"EST. DE SERV. ""SAN JUAN BAUTISTA S.R.L.""","EST. DE SERV. ""SAN JUAN BAUTISTA S.R.L.""",4036-RHP,12000.0,L,2026-09-30,2026-09-30,2026-09-30T09:43:27.740000+00:00,True,False,Ciudad,,True
2026-10-01 00:24:20,2026-09-30,19,CEN,Cochabamba,Gasolina,GASOLINA ESPECIAL,Gasolina Especial,GASOLINA_ESPECIAL,ESTACION DE SERVICIO TICTI S.R.L.,ESTACION DE SERVICIO TICTI S.R.L.,3824-IAF,12000.0,L,2026-09-30,2026-09-30,2026-09-30T10:16:15.097000+00:00,True,False,,,True
2026-10-01 00:24:20,2026-09-30,19,CEN,Cochabamba,Gasolina,GASOLINA ESPECIAL,Gasolina Especial,GASOLINA_ESPECIAL,YPFB,LOS ALAMOS,6227-DDT,14000.0,L,,2026-09-30,2026-09-30T15:07:49.577000+00:00,True,False,,,True
2026-10-01 00:24:20,2026-09-30,19,CEN,Cochabamba,Gasolina,GASOLINA ESPECIAL,Gasolina Especial,GASOLINA_ESPECIAL,YPFB,ANITA,2741-BFG,16000.0,L,,2026-09-30,2026-09-30T14:45:25.593000+00:00,True,False,,,True
2026-10-01 00:24:20,2026-09-30,19,CEN,Cochabamba,Gasolina,GASOLINA ESPECIAL,Gasolina Especial,GASOLINA_ESPECIAL,YPFB,ESTACION DE SERVICIO BEIJING,2043-SRX,14000.0,L,,2026-09-30,2026-09-30T14:31:11.740000+00:00,True,False,Ciudad,,True
2026-10-01 00:24:20,2026-09-30,5,LPZ,Distrito Comercial La Paz,Diesel,DIESEL OIL,Diesel Oil Nacional,DIESEL_NACIONAL,YPFB,DISTRIBUIDORA DE GASOLINA Y LUBRICANTES SAN PABLO S.R.L.,632-RIB,12000.0,L,,2026-09-30,2026-10-01T02:45:58.750000+00:00,True,False,Ciudad,,True
2026-10-01 00:24:20,2026-09-30,5,LPZ,Distrito Comercial La Paz,Diesel,DIESEL OIL,Diesel Oil Nacional,DIESEL_NACIONAL,YPFB,ESTACION DE SERVICIO CHALLAPAMPA S.R.L.,2488-EXH,12152.0,L,,2026-09-30,2026-10-01T02:19:38.987000+00:00,True,False,Provincia,,True
2026-10-01 00:24:20,2026-09-30,5,LPZ,Distrito Comercial La Paz,Diesel,DIESEL OIL IMPORTADO EESS,Diesel Oil Importado,DIESEL_IMPORTADO,NEW PETROL BOLIVIA SUCURSAL 2,NEW PETROL BOLIVIA SUCURSAL 2,2444-KTY,24000.0,L,2026-09-30,2026-09-30,2026-10-01T00:13:20.613000+00:00,True,False,,,True
2026-10-01 00:24:20,2026-09-30,5,LPZ,Distrito Comercial La Paz,Diesel,DIESEL OIL NACIONAL EESS,Diesel Oil Nacional,DIESEL_NACIONAL,ESTACION DE SERVICIO PARAISO TROPICAL,ESTACION DE SERVICIO PARAISO TROPICAL,2532-UDH,24000.0,L,2026-09-30,2026-09-30,2026-09-30T23:38:00.420000+00:00,True,False,Provincia,,True
2026-10-01 00:24:20,2026-09-30,5,LPZ,Distrito Comercial La Paz,Diesel,DIESEL OIL IMPORTADO EESS,Diesel Oil Importado,DIESEL_IMPORTADO,EST. SERV. ALTO LIMA S.R.L.,EST. SERV. ALTO LIMA S.R.L.,1555-ULK,8000.0,L,2026-09-30,2026-09-30,2026-09-30T23:35:54.977000+00:00,True,False,Ciudad,,True
2026-10-01 00:24:20,2026-09-30,5,LPZ,Distrito Comercial La Paz,Diesel,DIESEL OIL IMPORTADO EESS,Diesel Oil Importado,DIESEL_IMPORTADO,EST. SERV. SAN PABLO VILLA BOLIVAR S.R.L.,EST. SERV. SAN PABLO VILLA BOLIVAR S.R.L.,496-HSR,24000.0,L,2026-09-30,2026-09-30,2026-09-30T23:23:44.507000+00:00,True,False,Ciudad,,True
2026-10-01 00:24:20,2026-09-30,5,LPZ,Distrito Comercial La Paz,Diesel,DIESEL OIL IMPORTADO EESS,Diesel Oil Importado,DIESEL_IMPORTADO,MARIANA J. CAMACHO RAMIREZ - PUESTO DE VENTA MIMARBOZO,MARIANA J. CAMACHO RAMIREZ - PUESTO DE VENTA MIMARBOZO,1528-CKF,24000.0,L,2026-09-29,2026-09-30,2026-09-30T22:57:14.603000+00:00,True,True,,,True
2026-10-01 00:24:20,2026-09-30,5,LPZ,Distrito Comercial La Paz,Diesel,DIESEL OIL,Diesel Oil Nacional,DIESEL_NACIONAL,ESTACION DE SERVICIO TEJADA TRIANGULAR,ESTACION DE SERVICIO TEJADA TRIANGULAR,1776-DNN,18000.0,L,2026-09-30,2026-09-30,2026-09-30T23:45:40.517000+00:00,True,False,Ciudad,,True
2026-10-01 00:24:20,2026-09-30,5,LPZ,Distrito Comercial La Paz,Diesel,DIESEL OIL NACIONAL EESS,Diesel Oil Nacional,DIESEL_NACIONAL,EST. SERV. PALOS BLANCOS,EST. SERV. PALOS BLANCOS,5229-ECH,24000.0,L,2026-09-29,2026-09-30,2026-10-01T01:07:59.563000+00:00,True,True,,,True
2026-10-01 00:24:20,2026-09-30,5,LPZ,Distrito Comercial La Paz,Diesel,DIESEL OIL IMPORTADO EESS,Diesel Oil Importado,DIESEL_IMPORTADO,MARIA PATZI-EST. SERV. VARELA,MARIA PATZI-EST. SERV. VARELA,2352-NHH,24000.0,L,2026-09-30,2026-09-30,2026-10-01T00:14:56.490000+00:00,True,False,Ciudad,,True
2026-10-01 00:24:20,2026-09-30,5,LPZ,Distrito Comercial La Paz,Diesel,DIESEL OIL NACIONAL EESS,Diesel Oil Nacional,DIESEL_NACIONAL,EST. SERV. UCHUMACHI,EST. SERV. UCHUMACHI,2384-PSR,12000.0,L,2026-09-29,2026-09-30,2026-09-30T22:48:11.820000+00:00,True,True,Provincia,,True
2026-10-01 00:24:20,2026-09-30,5,LPZ,Distrito Comercial La Paz,Diesel,DIESEL OIL IMPORTADO EESS,Diesel Oil Importado,DIESEL_IMPORTADO,ESTACION DE SERVICIO SAN SEBASTIAN S.R.L.,ESTACION DE SERVICIO SAN SEBASTIAN S.R.L.,2537-TEG,17500.0,L,2026-09-30,2026-09-30,2026-09-30T21:56:21.090000+00:00,True,False,,,True
2026-10-01 00:24:20,2026-09-30,5,LPZ,Distrito Comercial La Paz,Diesel,DIESEL OIL IMPORTADO EESS,Diesel Oil Importado,DIESEL_IMPORTADO,EST. SERV. ILLIMANI S.R.L.,EST. SERV. ILLIMANI S.R.L.,602-HER,12000.0,L,2026-09-30,2026-09-30,2026-09-30T21:46:58.813000+00:00,True,False,Ciudad,,True
2026-10-01 00:24:20,2026-09-30,5,LPZ,Distrito Comercial La Paz,Diesel,DIESEL OIL IMPORTADO EESS,Diesel Oil Importado,DIESEL_IMPORTADO,EST. SERV. CANDELARIA,EST. SERV. CANDELARIA,1397-CTU,24000.0,L,2026-09-30,2026-09-30,2026-09-30T21:26:59.160000+00:00,True,False,Ciudad,,True
2026-10-01 00:24:20,2026-09-30,5,LPZ,Distrito Comercial La Paz,Diesel,DIESEL OIL IMPORTADO EESS,Diesel Oil Importado,DIESEL_IMPORTADO,CHOROPAMPA S.R.L.,CHOROPAMPA S.R.L.,3437-LBK,24000.0,L,2026-09-29,2026-09-30,2026-09-30T21:12:50.313000+00:00,True,True,,,True
2026-10-01 00:24:20,2026-09-30,5,LPZ,Distrito Comercial La Paz,Diesel,DIESEL OIL IMPORTADO EESS,Diesel Oil Importado,DIESEL_IMPORTADO,EST. SERV. APOSTOL SANTIAGO,EST. SERV. APOSTOL SANTIAGO,1487-RYN,24000.0,L,2026-09-30,2026-09-30,2026-09-30T20:37:34.657000+00:00,True,False,Ciudad,,True
2026-10-01 00:24:20,2026-09-30,5,LPZ,Distrito Comercial La Paz,Diesel,DIESEL OIL IMPORTADO EESS,Diesel Oil Importado,DIESEL_IMPORTADO,ESTACION DE SERVICIOS NIMAGASBOL S.R.L.,ESTACION DE SERVICIOS NIMAGASBOL S.R.L.,5028-SLK,12000.0,L,2026-09-30,2026-09-30,2026-09-30T20:34:38.380000+00:00,True,False,Ciudad,,True
2026-10-01 00:24:20,2026-09-30,5,LPZ,Distrito Comercial La Paz,Diesel,DIESEL OIL NACIONAL EESS,Diesel Oil Nacional,DIESEL_NACIONAL,EST. SERV. DESAGUADERO S.R.L.,EST. SERV. DESAGUADERO S.R.L.,5631-BBE,24000.0,L,2026-09-30,2026-09-30,2026-09-30T20:11:13.453000+00:00,True,False,Provincia,,True
2026-10-01 00:24:20,2026-09-30,5,LPZ,Distrito Comercial La Paz,Diesel,DIESEL OIL NACIONAL EESS,Diesel Oil Nacional,DIESEL_NACIONAL,EST. SERV. GASOLCAMP S.R.L.,EST. SERV. GASOLCAMP S.R.L.,2741-NBE,24000.0,L,2026-09-29,2026-09-30,2026-09-30T20:04:17.220000+00:00,True,True,Provincia,,False
2026-10-01 00:24:20,2026-09-30,5,LPZ,Distrito Comercial La Paz,Diesel,DIESEL OIL IMPORTADO EESS,Diesel Oil Importado,DIESEL_IMPORTADO,ESTACION DE SERVICIO ZOFRI S.R.L.,ESTACION DE SERVICIO ZOFRI S.R.L.,1985-HGI,24000.0,L,2026-09-29,2026-09-30,2026-09-30T19:41:52.250000+00:00,True,True,Ciudad,,False
2026-10-01 00:24:20,2026-09-30,5,LPZ,Distrito Comercial La Paz,Diesel,DIESEL OIL IMPORTADO EESS,Diesel Oil Importado,DIESEL_IMPORTADO,GAS SAN FELIPE S.R.L.,GAS SAN FELIPE S.R.L.,5602-HKS,24000.0,L,2026-09-30,2026-09-30,2026-09-30T19:32:45.023000+00:00,True,False,Ciudad,,True
2026-10-01 00:24:20,2026-09-30,5,LPZ,Distrito Comercial La Paz,Diesel,DIESEL OIL IMPORTADO CF,Diesel Oil Importado,DIESEL_IMPORTADO,JAVIER CORDOVA TRUJILLO,JAVIER CORDOVA TRUJILLO,1564-KGN,19900.0,L,2026-09-29,2026-09-30,2026-09-30T18:59:45.733000+00:00,True,True,,,True
2026-10-01 00:24:20,2026-09-30,5,LPZ,Distrito Comercial La Paz,Diesel,DIESEL OIL IMPORTADO EESS,Diesel Oil Importado,DIESEL_IMPORTADO,EST. SERV. GAS-MAY S.R.L.,EST. SERV. GAS-MAY S.R.L.,1704-ESB,12000.0,L,2026-09-29,2026-09-30,2026-09-30T18:11:57.173000+00:00,True,True,Ciudad,,True
2026-10-01 00:24:20,2026-09-30,5,LPZ,Distrito Comercial La Paz,Diesel,DIESEL OIL IMPORTADO EESS,Diesel Oil Importado,DIESEL_IMPORTADO,EST. SERV. LAREDO SRL,EST. SERV. LAREDO SRL,419-LCF,12000.0,L,2026-09-30,2026-09-30,2026-09-30T17:57:12.620000+00:00,True,False,Ciudad,,True
2026-10-01 00:24:20,2026-09-30,5,LPZ,Distrito Comercial La Paz,Diesel,DIESEL OIL IMPORTADO EESS,Diesel Oil Importado,DIESEL_IMPORTADO,EST. SERV. PLAYA VERDE,EST. SERV. PLAYA VERDE,1089-ZGC 1,24000.0,L,2026-09-30,2026-09-30,2026-09-30T16:38:50.823000+00:00,True,False,Ciudad,,False
2026-10-01 00:24:20,2026-09-30,5,LPZ,Distrito Comercial La Paz,Diesel,DIESEL OIL NACIONAL EESS,Diesel Oil Nacional,DIESEL_NACIONAL,MARIO ALVAREZ M. EST. SERV. ALVAPETROL,MARIO ALVAREZ M. EST. SERV. ALVAPETROL,2485-IHX,24000.0,L,2026-09-30,2026-09-30,2026-09-30T16:32:47.400000+00:00,True,False,,,True
2026-10-01 00:24:20,2026-09-30,5,LPZ,Distrito Comercial La Paz,Diesel,DIESEL OIL IMPORTADO EESS,Diesel Oil Importado,DIESEL_IMPORTADO,ESTACION DE SERVICIO SAN SEBASTIAN S.R.L.,ESTACION DE SERVICIO SAN SEBASTIAN S.R.L.,2537-TEG,13000.0,L,2026-09-29,2026-09-30,2026-09-30T16:15:59.753000+00:00,True,True,,,True
2026-10-01 00:24:20,2026-09-30,5,LPZ,Distrito Comercial La Paz,Diesel,DIESEL OIL IMPORTADO EESS,Diesel Oil Importado,DIESEL_IMPORTADO,EST. SERV. EL PARAISO SRL.,EST. SERV. EL PARAISO SRL.,3831-BFB,12000.0,L,2026-09-30,2026-09-30,2026-09-30T15:54:53.157000+00:00,True,False,Ciudad,,True
2026-10-01 00:24:20,2026-09-30,5,LPZ,Distrito Comercial La Paz,Diesel,DIESEL OIL IMPORTADO EESS,Diesel Oil Importado,DIESEL_IMPORTADO,ELSA CHIPANA H. - EST. SERV. ECOPETROL,ELSA CHIPANA H. - EST. SERV. ECOPETROL,4563-ZEN 1,24000.0,L,2026-09-30,2026-09-30,2026-09-30T15:16:29.677000+00:00,True,False,,,False
2026-10-01 00:24:20,2026-09-30,5,LPZ,Distrito Comercial La Paz,Diesel,DIESEL OIL,Diesel Oil Nacional,DIESEL_NACIONAL,ESTACIÓN DE SERVICIO ALIMARC INTER GAS BOLIVIA S.R.L.,ESTACIÓN DE SERVICIO ALIMARC INTER GAS BOLIVIA S.R.L.,547-CKT,24000.0,L,2026-09-30,2026-09-30,2026-09-30T15:53:39.583000+00:00,True,False,Ciudad,,True
2026-10-01 00:24:20,2026-09-30,5,LPZ,Distrito Comercial La Paz,Diesel,DIESEL OIL IMPORTADO EESS,Diesel Oil Importado,DIESEL_IMPORTADO,ESTACION DE SERVICIO ZOFRI S.R.L.,ESTACION DE SERVICIO ZOFRI S.R.L.,1426-ETI,24000.0,L,2026-09-29,2026-09-30,2026-09-30T18:48:58.910000+00:00,True,True,Ciudad,,True
2026-10-01 00:24:20,2026-09-30,5,LPZ,Distrito Comercial La Paz,Diesel,DIESEL OIL IMPORTADO EESS,Diesel Oil Importado,DIESEL_IMPORTADO,EST. SERV. MARANATHA,EST. SERV. MARANATHA,3135-UDX,20000.0,L,2026-09-30,2026-09-30,2026-09-30T18:32:59.557000+00:00,True,False,Ciudad,,True
2026-10-01 00:24:20,2026-09-30,5,LPZ,Distrito Comercial La Paz,Diesel,DIESEL OIL NACIONAL EESS,Diesel Oil Nacional,DIESEL_NACIONAL,ESTACIÓN DE SERVICIO KONANI S.R.L.,ESTACIÓN DE SERVICIO KONANI S.R.L.,1552-PFH,12000.0,L,2026-09-30,2026-09-30,2026-09-30T17:30:55.623000+00:00,True,False,Provincia,,True
2026-10-01 00:24:20,2026-09-30,5,LPZ,Distrito Comercial La Paz,Diesel,DIESEL OIL IMPORTADO EESS,Diesel Oil Importado,DIESEL_IMPORTADO,EST. SERV. CHALY,EST. SERV. CHALY,2514-AZU,24000.0,L,2026-09-30,2026-09-30,2026-09-30T17:11:00.097000+00:00,True,False,,,True
2026-10-01 00:24:20,2026-09-30,5,LPZ,Distrito Comercial La Paz,Diesel,DIESEL OIL,Diesel Oil Nacional,DIESEL_NACIONAL,ESTACION DE SERVICIO ISSUCADELA S.R.L,ESTACION DE SERVICIO ISSUCADELA S.R.L,396-SGP,24000.0,L,2026-09-30,2026-09-30,2026-09-30T17:21:57.090000+00:00,True,False,Provincia,,True
2026-10-01 00:24:20,2026-09-30,5,LPZ,Distrito Comercial La Paz,Diesel,DIESEL OIL IMPORTADO EESS,Diesel Oil Importado,DIESEL_IMPORTADO,EST. SERV. SALIDA LTDA,EST. SERV. SALIDA LTDA,2701-TZH,18000.0,L,2026-09-30,2026-09-30,2026-09-30T14:25:42.663000+00:00,True,False,Ciudad,,True
2026-10-01 00:24:20,2026-09-30,5,LPZ,Distrito Comercial La Paz,Diesel,DIESEL OIL IMPORTADO EESS,Diesel Oil Importado,DIESEL_IMPORTADO,GREGORIO CUENTAS M. EST. SERV. DRAGON DE ORO,GREGORIO CUENTAS M. EST. SERV. DRAGON DE ORO,500-FYX,12000.0,L,2026-09-30,2026-09-30,2026-09-30T14:16:22.967000+00:00,True,False,Ciudad,,True
2026-10-01 00:24:20,2026-09-30,5,LPZ,Distrito Comercial La Paz,Diesel,DIESEL OIL IMPORTADO EESS,Diesel Oil Importado,DIESEL_IMPORTADO,ESTACION DE SERVICIOS NIMAGASBOL S.R.L.,ESTACION DE SERVICIOS NIMAGASBOL S.R.L.,5028-SLK,24000.0,L,2026-09-29,2026-09-30,2026-09-30T14:10:40.893000+00:00,True,True,Ciudad,,True
2026-10-01 00:24:20,2026-09-30,5,LPZ,Distrito Comercial La Paz,Diesel,DIESEL OIL IMPORTADO EESS,Diesel Oil Importado,DIESEL_IMPORTADO,EST. SERV. 6 DE MARZO,EST. SERV. 6 DE MARZO,328-LNP,24000.0,L,2026-09-29,2026-09-30,2026-09-30T14:01:31.393000+00:00,True,True,Ciudad,,True
2026-10-01 00:24:20,2026-09-30,5,LPZ,Distrito Comercial La Paz,Diesel,DIESEL OIL IMPORTADO EESS,Diesel Oil Importado,DIESEL_IMPORTADO,ESTACIÓN DE SERVICIO LAS ROSAS S.R.L.,ESTACIÓN DE SERVICIO LAS ROSAS S.R.L.,101-GEK,24000.0,L,2026-09-28,2026-09-30,2026-09-30T14:47:51.587000+00:00,True,True,,,True
2026-10-01 00:24:20,2026-09-30,5,LPZ,Distrito Comercial La Paz,Gasolina,GASOLINA ESPECIAL EESS,Gasolina Especial,GASOLINA_ESPECIAL,"EMPRESA COMERCIALIZADORA, DISTRIBUIDORA DE SERVICIOS Y CARBURANTES ARUZCA MORALES S.R.L.","EMPRESA COMERCIALIZADORA, DISTRIBUIDORA DE SERVICIOS Y CARBURANTES ARUZCA MORALES S.R.L.",1252-RLS,24000.0,L,2026-09-30,2026-09-30,2026-10-01T00:29:22.350000+00:00,True,False,,,True
2026-10-01 00:24:20,2026-09-30,5,LPZ,Distrito Comercial La Paz,Gasolina,GASOLINA ESPECIAL + (S/DSI),Gasolina Especial +,GASOLINA_ESPECIAL_MAS,EST. SERV. ALTO LIMA S.R.L.,EST. SERV. ALTO LIMA S.R.L.,1555-ULK,12000.0,L,2026-09-30,2026-09-30,2026-09-30T23:35:54.977000+00:00,True,False,Ciudad,,True
2026-10-01 00:24:20,2026-09-30,5,LPZ,Distrito Comercial La Paz,Gasolina,GASOLINA ESPECIAL + (S/DSI),Gasolina Especial +,GASOLINA_ESPECIAL_MAS,EST. SERV. CARSUR S.R.L.,EST. SERV. CARSUR S.R.L.,2484-PUD,24000.0,L,2026-09-30,2026-09-30,2026-09-30T23:21:24.053000+00:00,True,False,,,True
2026-10-01 00:24:20,2026-09-30,5,LPZ,Distrito Comercial La Paz,Gasolina,GASOLINA ESPECIAL,Gasolina Especial,GASOLINA_ESPECIAL,ESTACION DE SERVICIO ISSUCADELA S.R.L,ESTACION DE SERVICIO ISSUCADELA S.R.L,1054-YSB,22000.0,L,2026-09-30,2026-09-30,2026-09-30T23:44:20.613000+00:00,True,False,Provincia,,True
2026-10-01 00:24:20,2026-09-30,5,LPZ,Distrito Comercial La Paz,Gasolina,GASOLINA ESPECIAL,Gasolina Especial,GASOLINA_ESPECIAL,CANIAX S.R.L.,CANIAX S.R.L.,2378-EIG,22000.0,L,2026-09-30,2026-09-30,2026-09-30T23:18:08.107000+00:00,True,False,Provincia,,True
2026-10-01 00:24:20,2026-09-30,5,LPZ,Distrito Comercial La Paz,Gasolina,GASOLINA ESPECIAL EESS,Gasolina Especial,GASOLINA_ESPECIAL,EST. SERV. PALOS BLANCOS,EST. SERV. PALOS BLANCOS,5229-ECH,12000.0,L,2026-09-30,2026-09-30,2026-10-01T01:07:59.563000+00:00,True,False,,,True
2026-10-01 00:24:20,2026-09-30,5,LPZ,Distrito Comercial La Paz,Gasolina,GASOLINA ESPECIAL + (S/DSI),Gasolina Especial +,GASOLINA_ESPECIAL_MAS,ESTACION DE SERVICIO C. REDENTOR S.R.L.,ESTACION DE SERVICIO C. REDENTOR S.R.L.,323-KBD,18000.0,L,2026-09-30,2026-09-30,2026-10-01T00:11:34.920000+00:00,True,False,Ciudad,,True
2026-10-01 00:24:20,2026-09-30,5,LPZ,Distrito Comercial La Paz,Gasolina,GASOLINA ESPECIAL EESS,Gasolina Especial,GASOLINA_ESPECIAL,EST. SERV. ADALUZ PETROL,EST. SERV. ADALUZ PETROL,1183-LPL-1,22000.0,L,2026-09-30,2026-09-30,2026-09-30T22:33:11.023000+00:00,True,False,,,False
2026-10-01 00:24:20,2026-09-30,5,LPZ,Distrito Comercial La Paz,Gasolina,GASOLINA ESPECIAL + (S/DSI),Gasolina Especial +,GASOLINA_ESPECIAL_MAS,EST. SERV. TEXAS S.R.L.,EST. SERV. TEXAS S.R.L.,1222-TEK,20000.0,L,2026-09-30,2026-09-30,2026-09-30T22:24:23.640000+00:00,True,False,Ciudad,,True
2026-10-01 00:24:20,2026-09-30,5,LPZ,Distrito Comercial La Paz,Gasolina,GASOLINA ESPECIAL EESS,Gasolina Especial,GASOLINA_ESPECIAL,GABY PACO CH. - EST. SERV. COLQUEPATA,GABY PACO CH. - EST. SERV. COLQUEPATA,4475-NCX-1,22000.0,L,2026-09-30,2026-09-30,2026-09-30T22:07:24.813000+00:00,True,False,,,False
2026-10-01 00:24:20,2026-09-30,5,LPZ,Distrito Comercial La Paz,Gasolina,GASOLINA ESPECIAL + (S/DSI),Gasolina Especial +,GASOLINA_ESPECIAL_MAS,ELDA S. AGUILAR V. - EST. SERV. JUAN PABLO II,ELDA S. AGUILAR V. - EST. SERV. JUAN PABLO II,4457-NRI,24000.0,L,2026-09-30,2026-09-30,2026-09-30T21:50:26.617000+00:00,True,False,,,True
2026-10-01 00:24:20,2026-09-30,5,LPZ,Distrito Comercial La Paz,Gasolina,GASOLINA ESPECIAL + (S/DSI),Gasolina Especial +,GASOLINA_ESPECIAL_MAS,EST. SERV. PEREZ ROCHA SRL.,EST. SERV. PEREZ ROCHA SRL.,4745-PTB,20000.0,L,2026-09-30,2026-09-30,2026-09-30T21:42:18.070000+00:00,True,False,,,True
2026-10-01 00:24:20,2026-09-30,5,LPZ,Distrito Comercial La Paz,Gasolina,GASOLINA ESPECIAL EESS,Gasolina Especial,GASOLINA_ESPECIAL,EST. SERV. ACHACACHI S.R.L.,EST. SERV. ACHACACHI S.R.L.,542-PSF,20000.0,L,2026-09-30,2026-09-30,2026-09-30T21:25:10.570000+00:00,True,False,Provincia,,True
2026-10-01 00:24:20,2026-09-30,5,LPZ,Distrito Comercial La Paz,Gasolina,GASOLINA ESPECIAL + (S/DSI),Gasolina Especial +,GASOLINA_ESPECIAL_MAS,EST. SERV. CUENTAS SAN PABLO II S.R.L.,EST. SERV. CUENTAS SAN PABLO II S.R.L.,1189-EHP,24000.0,L,2026-09-30,2026-09-30,2026-09-30T21:11:46.583000+00:00,True,False,Ciudad,,True
2026-10-01 00:24:20,2026-09-30,5,LPZ,Distrito Comercial La Paz,Gasolina,GASOLINA ESPECIAL + (S/DSI),Gasolina Especial +,GASOLINA_ESPECIAL_MAS,ESTACION DE SERVICIO KANTUTA S.R.L.,ESTACION DE SERVICIO KANTUTA S.R.L.,557-XEF,24000.0,L,2026-09-30,2026-09-30,2026-09-30T21:04:58.773000+00:00,True,False,Ciudad,,True
2026-10-01 00:24:20,2026-09-30,5,LPZ,Distrito Comercial La Paz,Gasolina,GASOLINA ESPECIAL EESS,Gasolina Especial,GASOLINA_ESPECIAL,PANAMERICANA INTERNACIONAL S.R.L. PAINTER S.R.L.,PANAMERICANA INTERNACIONAL S.R.L. PAINTER S.R.L.,5165-AKL,22000.0,L,2026-09-30,2026-09-30,2026-09-30T20:59:10.623000+00:00,True,False,,,True
2026-10-01 00:24:20,2026-09-30,5,LPZ,Distrito Comercial La Paz,Gasolina,GASOLINA ESPECIAL + (S/DSI),Gasolina Especial +,GASOLINA_ESPECIAL_MAS,ESTACION DE SERVICIO CALUYO S.R.L.,ESTACION DE SERVICIO CALUYO S.R.L.,2315-AFR,20000.0,L,2026-09-30,2026-09-30,2026-09-30T20:22:09.220000+00:00,True,False,,,True
2026-10-01 00:24:20,2026-09-30,5,LPZ,Distrito Comercial La Paz,Gasolina,GASOLINA ESPECIAL + (S/DSI),Gasolina Especial +,GASOLINA_ESPECIAL_MAS,EST. SERV. LOS ANDES SRL,EST. SERV. LOS ANDES SRL,5632-ZYE,18000.0,L,2026-09-30,2026-09-30,2026-09-30T19:59:45.570000+00:00,True,False,Provincia,,True
2026-10-01 00:24:20,2026-09-30,5,LPZ,Distrito Comercial La Paz,Gasolina,GASOLINA ESPECIAL + (S/DSI),Gasolina Especial +,GASOLINA_ESPECIAL_MAS,EST. SERV. GAS CENTRO S.R.L.,EST. SERV. GAS CENTRO S.R.L.,589-NAK,18000.0,L,2026-09-30,2026-09-30,2026-09-30T19:34:58.670000+00:00,True,False,,,True
2026-10-01 00:24:20,2026-09-30,5,LPZ,Distrito Comercial La Paz,Gasolina,GASOLINA ESPECIAL + (S/DSI),Gasolina Especial +,GASOLINA_ESPECIAL_MAS,EST. SERV. CANDELARIA,EST. SERV. CANDELARIA,1106-PCH,18000.0,L,2026-09-30,2026-09-30,2026-09-30T19:30:31.550000+00:00,True,False,Ciudad,,True
2026-10-01 00:24:20,2026-09-30,5,LPZ,Distrito Comercial La Paz,Gasolina,GASOLINA ESPECIAL + IMPORTADA,Gasolina Especial +,GASOLINA_ESPECIAL_MAS,ESTACION DE SERVICIO TERRAGAS LTDA,ESTACION DE SERVICIO TERRAGAS LTDA,5361-TUF,24000.0,L,2026-09-30,2026-09-30,2026-09-30T19:48:07.607000+00:00,True,False,Provincia,,True
2026-10-01 00:24:20,2026-09-30,5,LPZ,Distrito Comercial La Paz,Gasolina,GASOLINA ESPECIAL EESS,Gasolina Especial,GASOLINA_ESPECIAL,EST. SERV. ESUR GHS LTDA.,EST. SERV. ESUR GHS LTDA.,908-YCP,12000.0,L,2026-09-28,2026-09-30,2026-09-30T19:56:49.913000+00:00,True,True,Ciudad,,False
2026-10-01 00:24:20,2026-09-30,5,LPZ,Distrito Comercial La Paz,Gasolina,GASOLINA ESPECIAL + IMPORTADA,Gasolina Especial +,GASOLINA_ESPECIAL_MAS,ZURSIL S.R.L. - E.S.T.,ZURSIL S.R.L. - E.S.T.,1604-NBE,18000.0,L,2026-09-30,2026-09-30,2026-09-30T22:17:07.877000+00:00,True,False,Ciudad,,True
2026-10-01 00:24:20,2026-09-30,5,LPZ,Distrito Comercial La Paz,Gasolina,GASOLINA ESPECIAL + (S/DSI),Gasolina Especial +,GASOLINA_ESPECIAL_MAS,ESTACION DE SERVICIO SEÑOR DE MAYO S.R.L.,ESTACION DE SERVICIO SEÑOR DE MAYO S.R.L.,551-HEL,20000.0,L,2026-09-30,2026-09-30,2026-09-30T18:14:00.563000+00:00,True,False,Ciudad,,True
2026-10-01 00:24:20,2026-09-30,5,LPZ,Distrito Comercial La Paz,Gasolina,GASOLINA ESPECIAL + (S/DSI),Gasolina Especial +,GASOLINA_ESPECIAL_MAS,EST. SERV. QHANTATI SRL.,EST. SERV. QHANTATI SRL.,815-XSR,24000.0,L,2026-09-30,2026-09-30,2026-09-30T18:02:37.123000+00:00,True,False,Provincia,,True
2026-10-01 00:24:20,2026-09-30,5,LPZ,Distrito Comercial La Paz,Gasolina,GASOLINA ESPECIAL + (S/DSI),Gasolina Especial +,GASOLINA_ESPECIAL_MAS,EST. SERV. SAN PABLO VILLA BOLIVAR S.R.L.,EST. SERV. SAN PABLO VILLA BOLIVAR S.R.L.,1792-TSD,20000.0,L,2026-09-30,2026-09-30,2026-09-30T16:53:28.313000+00:00,True,False,Ciudad,,True
2026-10-01 00:24:20,2026-09-30,5,LPZ,Distrito Comercial La Paz,Gasolina,GASOLINA ESPECIAL + (S/DSI),Gasolina Especial +,GASOLINA_ESPECIAL_MAS,MARIA PATZI-EST. SERV. VARELA,MARIA PATZI-EST. SERV. VARELA,2352-NHH,24000.0,L,2026-09-30,2026-09-30,2026-09-30T16:36:39.567000+00:00,True,False,Ciudad,,True
2026-10-01 00:24:20,2026-09-30,5,LPZ,Distrito Comercial La Paz,Gasolina,GASOLINA ESPECIAL + (S/DSI),Gasolina Especial +,GASOLINA_ESPECIAL_MAS,ESTACION DE SERVICIO SAN SEBASTIAN S.R.L.,ESTACION DE SERVICIO SAN SEBASTIAN S.R.L.,2537-TEG,17500.0,L,2026-09-30,2026-09-30,2026-09-30T16:15:59.753000+00:00,True,False,,,True
2026-10-01 00:24:20,2026-09-30,5,LPZ,Distrito Comercial La Paz,Gasolina,GASOLINA ESPECIAL + (S/DSI),Gasolina Especial +,GASOLINA_ESPECIAL_MAS,EST. SERV. YUPANQUI,EST. SERV. YUPANQUI,1444-FDT,12000.0,L,2026-09-30,2026-09-30,2026-09-30T16:02:42.483000+00:00,True,False,Ciudad,,True
2026-10-01 00:24:20,2026-09-30,5,LPZ,Distrito Comercial La Paz,Gasolina,GASOLINA ESPECIAL + (S/DSI),Gasolina Especial +,GASOLINA_ESPECIAL_MAS,EST. SERV. ILLIMANI S.R.L.,EST. SERV. ILLIMANI S.R.L.,602-HER,20000.0,L,2026-09-30,2026-09-30,2026-09-30T15:45:24.477000+00:00,True,False,Ciudad,,True
2026-10-01 00:24:20,2026-09-30,5,LPZ,Distrito Comercial La Paz,Gasolina,GASOLINA ESPECIAL + (S/DSI),Gasolina Especial +,GASOLINA_ESPECIAL_MAS,EST. SERV. LAREDO SRL,EST. SERV. LAREDO SRL,1600-HIP,18000.0,L,2026-09-30,2026-09-30,2026-09-30T15:39:12.060000+00:00,True,False,Ciudad,,True
2026-10-01 00:24:20,2026-09-30,5,LPZ,Distrito Comercial La Paz,Gasolina,GASOLINA ESPECIAL + (S/DSI),Gasolina Especial +,GASOLINA_ESPECIAL_MAS,GRUPO EMPRESARIAL VIRGEN DE LOS ALAMOS S.R.L.,GRUPO EMPRESARIAL VIRGEN DE LOS ALAMOS S.R.L.,4831-ETU,24000.0,L,2026-09-30,2026-09-30,2026-09-30T15:36:41.973000+00:00,True,False,,,True
2026-10-01 00:24:20,2026-09-30,5,LPZ,Distrito Comercial La Paz,Gasolina,GASOLINA ESPECIAL + (S/DSI),Gasolina Especial +,GASOLINA_ESPECIAL_MAS,EST. SERV. SOC. IND. COM. G.L.P.H. LTDA,EST. SERV. SOC. IND. COM. G.L.P.H. LTDA,671-SUX,20000.0,L,2026-09-30,2026-09-30,2026-09-30T15:11:35.747000+00:00,True,False,Ciudad,,True
2026-10-01 00:24:20,2026-09-30,5,LPZ,Distrito Comercial La Paz,Gasolina,GASOLINA ESPECIAL + (S/DSI),Gasolina Especial +,GASOLINA_ESPECIAL_MAS,EST. SERV. JAIMES FREYRE,EST. SERV. JAIMES FREYRE,1118-KLR,24000.0,L,2026-09-30,2026-09-30,2026-09-30T15:09:03.227000+00:00,True,False,Ciudad,,True
2026-10-01 00:24:20,2026-09-30,5,LPZ,Distrito Comercial La Paz,Gasolina,GASOLINA ESPECIAL + IMPORTADA,Gasolina Especial +,GASOLINA_ESPECIAL_MAS,DISTRIBUIDORA DE GASOLINA Y LUBRICANTES SAN PABLO S.R.L.,DISTRIBUIDORA DE GASOLINA Y LUBRICANTES SAN PABLO S.R.L.,632-RIB,24000.0,L,2026-09-30,2026-09-30,2026-09-30T17:35:27.837000+00:00,True,False,Ciudad,,True
2026-10-01 00:24:20,2026-09-30,5,LPZ,Distrito Comercial La Paz,Gasolina,GASOLINA ESPECIAL + IMPORTADA,Gasolina Especial +,GASOLINA_ESPECIAL_MAS,ESTACION DE SERVICIO TEJADA TRIANGULAR,ESTACION DE SERVICIO TEJADA TRIANGULAR,1776-DNN,20000.0,L,2026-09-30,2026-09-30,2026-09-30T16:44:50.193000+00:00,True,False,Ciudad,,True
2026-10-01 00:24:20,2026-09-30,5,LPZ,Distrito Comercial La Paz,Gasolina,GASOLINA ESPECIAL + (S/DSI),Gasolina Especial +,GASOLINA_ESPECIAL_MAS,EST. SERV. CRISTO AUTO GAS SRL.,EST. SERV. CRISTO AUTO GAS SRL.,2201-IRF,24000.0,L,2026-09-30,2026-09-30,2026-09-30T18:55:02.433000+00:00,True,False,Ciudad,,True
2026-10-01 00:24:20,2026-09-30,5,LPZ,Distrito Comercial La Paz,Gasolina,GASOLINA ESPECIAL + (S/DSI),Gasolina Especial +,GASOLINA_ESPECIAL_MAS,EST. SERV. EL PARAISO SRL.,EST. SERV. EL PARAISO SRL.,5352-FGB,24000.0,L,2026-09-30,2026-09-30,2026-09-30T18:53:02.993000+00:00,True,False,Ciudad,,True
2026-10-01 00:24:20,2026-09-30,5,LPZ,Distrito Comercial La Paz,Gasolina,GASOLINA ESPECIAL + (S/DSI),Gasolina Especial +,GASOLINA_ESPECIAL_MAS,ELSA CHIPANA H. - EST. SERV. ECOPETROL,ELSA CHIPANA H. - EST. SERV. ECOPETROL,829-XPG,18000.0,L,2026-09-30,2026-09-30,2026-09-30T18:45:43.897000+00:00,True,False,,,True
2026-10-01 00:24:20,2026-09-30,5,LPZ,Distrito Comercial La Paz,Gasolina,GASOLINA ESPECIAL + (S/DSI),Gasolina Especial +,GASOLINA_ESPECIAL_MAS,EST. SERV. CHASQUIPAMPA S.R.L.,EST. SERV. CHASQUIPAMPA S.R.L.,3030-TPF,24000.0,L,2026-09-30,2026-09-30,2026-09-30T17:28:35.070000+00:00,True,False,Ciudad,,True
2026-10-01 00:24:20,2026-09-30,5,LPZ,Distrito Comercial La Paz,Gasolina,GASOLINA ESPECIAL + (S/DSI),Gasolina Especial +,GASOLINA_ESPECIAL_MAS,EST. SERV. VOLCAN S.R.L.,EST. SERV. VOLCAN S.R.L.,3104-KDS,24000.0,L,2026-09-30,2026-09-30,2026-09-30T17:20:27.260000+00:00,True,False,Ciudad,,True
2026-10-01 00:24:20,2026-09-30,5,LPZ,Distrito Comercial La Paz,Gasolina,GASOLINA ESPECIAL + IMPORTADA,Gasolina Especial +,GASOLINA_ESPECIAL_MAS,EST. SERV. LUBRICAN SRL,EST. SERV. LUBRICAN SRL,2714-SNP,24000.0,L,2026-09-30,2026-09-30,2026-09-30T18:16:25.477000+00:00,True,False,Ciudad,,True
2026-10-01 00:24:20,2026-09-30,5,LPZ,Distrito Comercial La Paz,Gasolina,GASOLINA ESPECIAL,Gasolina Especial,GASOLINA_ESPECIAL,YPFB,PETROCEL S.R.L.,1442-GKB,12000.0,L,,2026-09-30,2026-09-30T19:21:46.717000+00:00,True,False,,,True
2026-10-01 00:24:20,2026-09-30,5,LPZ,Distrito Comercial La Paz,Gasolina,GASOLINA ESPECIAL + (S/DSI),Gasolina Especial +,GASOLINA_ESPECIAL_MAS,EST. SERV. ACB SAN JORGE,EST. SERV. ACB SAN JORGE,1853-KTP,20000.0,L,2026-09-29,2026-09-30,2026-09-30T14:43:21.077000+00:00,True,True,,,True
2026-10-01 00:24:20,2026-09-30,12,GUA,Guayaramerin,Diesel,DIESEL OIL NACIONAL EESS,Diesel Oil Nacional,DIESEL_NACIONAL,ESTACIÓN SERVICIO LAGO AZUL,ESTACIÓN SERVICIO LAGO AZUL,5739-FRI,11000.0,L,2026-09-30,2026-09-30,,True,False,,,True
2026-10-01 00:24:20,2026-09-30,12,GUA,Guayaramerin,Diesel,DIESEL OIL NACIONAL EESS,Diesel Oil Nacional,DIESEL_NACIONAL,TERESA DATZER C. - EST. SERV. LA PERLA DEL MAMORE,TERESA DATZER C. - EST. SERV. LA PERLA DEL MAMORE,2984-RZK,8000.0,L,2026-09-30,2026-09-30,,True,False,,,True
2026-10-01 00:24:20,2026-09-30,12,GUA,Guayaramerin,Gasolina,GASOLINA ESPECIAL EESS,Gasolina Especial,GASOLINA_ESPECIAL,ESTACIÓN SERVICIO LAGO AZUL,ESTACIÓN SERVICIO LAGO AZUL,5739-FRI,8000.0,L,2026-09-30,2026-09-30,,True,False,,,True
2026-10-01 00:24:20,2026-09-30,12,GUA,Guayaramerin,Gasolina,GASOLINA ESPECIAL EESS,Gasolina Especial,GASOLINA_ESPECIAL,TERESA DATZER C. - EST. SERV. LA PERLA DEL MAMORE,TERESA DATZER C. - EST. SERV. LA PERLA DEL MAMORE,2984-RZK,8000.0,L,2026-09-30,2026-09-30,,True,False,,,True
2026-10-01 00:24:20,2026-09-30,9,ORU,Oruro,Diesel,DIESEL OIL NACIONAL EESS,Diesel Oil Nacional,DIESEL_NACIONAL,ESTACION DE SERVICIO FOR-CE S.R.L.,ESTACION DE SERVICIO FOR-CE S.R.L.,1751-IKS,6000.0,L,2026-09-30,2026-09-30,2026-10-01T02:10:25.977000+00:00,True,False,,,True
2026-10-01 00:24:20,2026-09-30,9,ORU,Oruro,Diesel,DIESEL OIL NACIONAL EESS,Diesel Oil Nacional,DIESEL_NACIONAL,EST. SERV PISIGA RICHARD COLQUE,EST. SERV PISIGA RICHARD COLQUE,2422-DBS,14000.0,L,2026-09-30,2026-09-30,2026-10-01T01:49:50.297000+00:00,True,False,,,True
2026-10-01 00:24:20,2026-09-30,9,ORU,Oruro,Diesel,DIESEL OIL NACIONAL EESS,Diesel Oil Nacional,DIESEL_NACIONAL,E.S. HECTOR C. FAJARDO MENDOZA,E.S. HECTOR C. FAJARDO MENDOZA,2210-CXR,12000.0,L,2026-09-30,2026-09-30,2026-09-30T23:18:26.983000+00:00,True,False,Provincia,,True
2026-10-01 00:24:20,2026-09-30,9,ORU,Oruro,Diesel,DIESEL OIL IMPORTADO CF,Diesel Oil Importado,DIESEL_IMPORTADO,LA PODEROSA S.R.L.,LA PODEROSA S.R.L.,734-CRD,10000.0,L,2026-09-30,2026-09-30,2026-09-30T23:14:52.683000+00:00,True,False,,,True
2026-10-01 00:24:20,2026-09-30,9,ORU,Oruro,Diesel,DIESEL OIL IMPORTADO EESS,Diesel Oil Importado,DIESEL_IMPORTADO,RICARDO ALVAREZ A.-E.S.NTRA. SRA.DEL SOCAVON,RICARDO ALVAREZ A.-E.S.NTRA. SRA.DEL SOCAVON,2682-TZH,6000.0,L,2026-09-30,2026-09-30,2026-09-30T23:14:44.810000+00:00,True,False,,,True
2026-10-01 00:24:20,2026-09-30,9,ORU,Oruro,Diesel,DIESEL OIL NACIONAL EESS,Diesel Oil Nacional,DIESEL_NACIONAL,ESTACION DE SERVICIO AZANAQUE S.R.L.,ESTACION DE SERVICIO AZANAQUE S.R.L.,5776-PDA,12000.0,L,2026-09-30,2026-09-30,2026-09-30T23:13:05.757000+00:00,True,False,Provincia,,True
2026-10-01 00:24:20,2026-09-30,9,ORU,Oruro,Diesel,DIESEL OIL IMPORTADO EESS,Diesel Oil Importado,DIESEL_IMPORTADO,MIRTHA QUEVEDO A.- QV2 SERVICE,MIRTHA QUEVEDO A.- QV2 SERVICE,2210-CSE,12000.0,L,2026-09-30,2026-09-30,2026-09-30T23:12:14.360000+00:00,True,False,,,True
2026-10-01 00:24:20,2026-09-30,9,ORU,Oruro,Diesel,DIESEL OIL IMPORTADO EESS,Diesel Oil Importado,DIESEL_IMPORTADO,RICARDO ALVAREZ A.-E.S.NTRA. SRA.DEL SOCAVON,RICARDO ALVAREZ A.-E.S.NTRA. SRA.DEL SOCAVON,2682-TZH,12000.0,L,2026-09-30,2026-09-30,2026-09-30T19:49:48.257000+00:00,True,False,,,True
2026-10-01 00:24:20,2026-09-30,9,ORU,Oruro,Diesel,DIESEL OIL IMPORTADO EESS,Diesel Oil Importado,DIESEL_IMPORTADO,ESTAC.DE SERV. NIÑO SALVADOR,ESTAC.DE SERV. NIÑO SALVADOR,1140-DRG,18000.0,L,2026-09-30,2026-09-30,2026-09-30T16:30:25.630000+00:00,True,False,,,True
2026-10-01 00:24:20,2026-09-30,9,ORU,Oruro,Diesel,DIESEL OIL,Diesel Oil Nacional,DIESEL_NACIONAL,REFINERIA ORIENTAL S.A.,REFINERIA ORIENTAL S.A.,1012-USG,24000.0,L,2026-09-30,2026-09-30,2026-09-30T21:20:51.733000+00:00,True,False,,,True
2026-10-01 00:24:20,2026-09-30,9,ORU,Oruro,Diesel,DIESEL OIL IMPORTADO EESS,Diesel Oil Importado,DIESEL_IMPORTADO,E.SERV.INTERNACIONAL EXCEL SRL NORTE,E.SERV.INTERNACIONAL EXCEL SRL NORTE,604-ALA,18000.0,L,2026-09-30,2026-09-30,2026-09-30T20:46:50.500000+00:00,True,False,Ciudad,,True
2026-10-01 00:24:20,2026-09-30,9,ORU,Oruro,Diesel,DIESEL OIL IMPORTADO EESS,Diesel Oil Importado,DIESEL_IMPORTADO,ESTAC. DE SERV. SOCINBOL SRL,ESTAC. DE SERV. SOCINBOL SRL,1751-IKS,19000.0,L,2026-09-30,2026-09-30,2026-09-30T20:27:06.363000+00:00,True,False,,,True
2026-10-01 00:24:20,2026-09-30,9,ORU,Oruro,Diesel,DIESEL OIL IMPORTADO EESS,Diesel Oil Importado,DIESEL_IMPORTADO,DISTRIGAS ESTACION DE SERVICIO 6 DE AGOSTO S.R.L.- SUCURSAL TACNA,DISTRIGAS ESTACION DE SERVICIO 6 DE AGOSTO S.R.L.- SUCURSAL TACNA,5159-ETR,10000.0,L,2026-09-30,2026-09-30,2026-09-30T20:17:23.280000+00:00,True,False,,,True
2026-10-01 00:24:20,2026-09-30,9,ORU,Oruro,Diesel,DIESEL OIL IMPORTADO EESS,Diesel Oil Importado,DIESEL_IMPORTADO,DISTRIGAS ESTACION DE SERVICIO 6 DE AGOSTO S.R.L.- SUCURSAL 6 DE AGOSTO II,DISTRIGAS ESTACION DE SERVICIO 6 DE AGOSTO S.R.L.- SUCURSAL 6 DE AGOSTO II,5159-ETR,12000.0,L,2026-09-30,2026-09-30,2026-09-30T20:17:23.280000+00:00,True,False,,,True
2026-10-01 00:24:20,2026-09-30,9,ORU,Oruro,Diesel,DIESEL OIL IMPORTADO EESS,Diesel Oil Importado,DIESEL_IMPORTADO,MIRTHA QUEVEDO A.- QV2 SERVICE,MIRTHA QUEVEDO A.- QV2 SERVICE,2210-CSE,24000.0,L,2026-09-30,2026-09-30,2026-09-30T16:58:08.657000+00:00,True,False,,,True
2026-10-01 00:24:20,2026-09-30,9,ORU,Oruro,Diesel,DIESEL OIL IMPORTADO EESS,Diesel Oil Importado,DIESEL_IMPORTADO,EST.SERV. VINTO MARCO TEJERINA,EST.SERV. VINTO MARCO TEJERINA,3757-DRI,24000.0,L,2026-09-30,2026-09-30,2026-09-30T16:30:22.113000+00:00,True,False,,,True
2026-10-01 00:24:20,2026-09-30,9,ORU,Oruro,Diesel,DIESEL OIL,Diesel Oil Nacional,DIESEL_NACIONAL,ESTACION DE SERVICIO ESPAÑA,ESTACION DE SERVICIO ESPAÑA,604-ALA,6000.0,L,2026-09-30,2026-09-30,2026-09-30T20:46:50.500000+00:00,True,False,,,True
2026-10-01 00:24:20,2026-09-30,9,ORU,Oruro,Diesel,DIESEL OIL IMPORTADO EESS,Diesel Oil Importado,DIESEL_IMPORTADO,ESTACION DE SERVICIO NICTINA S.R.L.,ESTACION DE SERVICIO NICTINA S.R.L.,3996-GNC,24000.0,L,2026-09-30,2026-09-30,2026-09-30T16:29:13.067000+00:00,True,False,Ciudad,,False
2026-10-01 00:24:20,2026-09-30,9,ORU,Oruro,Diesel,DIESEL OIL IMPORTADO EESS,Diesel Oil Importado,DIESEL_IMPORTADO,EST.DE SERVICIO ECCO SRL,EST.DE SERVICIO ECCO SRL,5259-CAH,24000.0,L,2026-09-30,2026-09-30,2026-09-30T15:59:19.763000+00:00,True,False,,,True
2026-10-01 00:24:20,2026-09-30,9,ORU,Oruro,Diesel,DIESEL OIL IMPORTADO EESS,Diesel Oil Importado,DIESEL_IMPORTADO,E.S. EBEN EZER-PORFIRIO CHOQUE,E.S. EBEN EZER-PORFIRIO CHOQUE,3828-BEA,24000.0,L,2026-09-30,2026-09-30,2026-09-30T15:46:26.143000+00:00,True,False,,,True
2026-10-01 00:24:20,2026-09-30,9,ORU,Oruro,Diesel,DIESEL OIL IMPORTADO EESS,Diesel Oil Importado,DIESEL_IMPORTADO,DISTRIGAS ESTACION DE SERVICIO 6 DE AGOSTO S.R.L.- SUCURSAL 6 DE AGOSTO II,DISTRIGAS ESTACION DE SERVICIO 6 DE AGOSTO S.R.L.- SUCURSAL 6 DE AGOSTO II,5159-ETR,24000.0,L,2026-09-29,2026-09-30,2026-09-30T12:07:23.047000+00:00,True,True,,,True
2026-10-01 00:24:20,2026-09-30,9,ORU,Oruro,Diesel,DIESEL OIL,Diesel Oil Nacional,DIESEL_NACIONAL,ESTACION DE SERVICIO ATLANTIDA S.R.L.,ESTACION DE SERVICIO ATLANTIDA S.R.L.,2996-HLY,8000.0,L,2026-09-29,2026-09-30,2026-09-30T12:02:55.370000+00:00,True,True,,,True
2026-10-01 00:24:20,2026-09-30,9,ORU,Oruro,Gasolina,GASOLINA ESPECIAL EESS,Gasolina Especial,GASOLINA_ESPECIAL,ESTACION DE SERVICIO FOR-CE S.R.L.,ESTACION DE SERVICIO FOR-CE S.R.L.,1751-IKS,6000.0,L,2026-09-29,2026-09-30,2026-10-01T02:10:25.977000+00:00,True,True,,,True
2026-10-01 00:24:20,2026-09-30,22,POT,Potosi,Diesel,DIESEL OIL,Diesel Oil Nacional,DIESEL_NACIONAL,YPFB,EE SS Guadalupe Potosi,069-KIX,10000.0,L,,2026-09-30,2026-09-30T22:21:25.883000+00:00,True,False,Provincia,,True
2026-10-01 00:24:20,2026-09-30,22,POT,Potosi,Diesel,DIESEL OIL,Diesel Oil Nacional,DIESEL_NACIONAL,YPFB,EE SS Contreras,706-TZC,5000.0,L,,2026-09-30,2026-09-30T22:18:10.207000+00:00,True,False,Ciudad,,True
2026-10-01 00:24:20,2026-09-30,22,POT,Potosi,Diesel,DIESEL OIL,Diesel Oil Nacional,DIESEL_NACIONAL,YPFB,EE. SS. SUPER GRIFO,2428-GEN,20000.0,L,,2026-09-30,2026-09-30T21:23:06.380000+00:00,True,False,Ciudad,,True
2026-10-01 00:24:20,2026-09-30,22,POT,Potosi,Diesel,DIESEL OIL,Diesel Oil Nacional,DIESEL_NACIONAL,YPFB,EE SS Monte Roca,4483-XNH,20000.0,L,,2026-09-30,2026-09-30T21:17:54.740000+00:00,True,False,,,False
2026-10-01 00:24:20,2026-09-30,22,POT,Potosi,Diesel,DIESEL OIL,Diesel Oil Nacional,DIESEL_NACIONAL,YPFB,EE SS Guadalupe Potosi,069-KIX,10000.0,L,,2026-09-30,2026-09-30T21:14:37.927000+00:00,True,False,Provincia,,True
2026-10-01 00:24:20,2026-09-30,22,POT,Potosi,Diesel,DIESEL OIL,Diesel Oil Nacional,DIESEL_NACIONAL,YPFB,EE SS Imperial Potosi II,2323-HZA,20000.0,L,,2026-09-30,2026-09-30T21:13:22.393000+00:00,True,False,,,True
2026-10-01 00:24:20,2026-09-30,22,POT,Potosi,Diesel,DIESEL OIL,Diesel Oil Nacional,DIESEL_NACIONAL,YPFB,EE SS Contreras,706-TZC,15000.0,L,,2026-09-30,2026-09-30T20:00:57.333000+00:00,True,False,Ciudad,,True
2026-10-01 00:24:20,2026-09-30,22,POT,Potosi,Diesel,DIESEL OIL,Diesel Oil Nacional,DIESEL_NACIONAL,YPFB,EE SS Delia,2260-RAY,20000.0,L,,2026-09-30,2026-09-30T15:42:23.367000+00:00,True,False,Ciudad,,False
2026-10-01 00:24:20,2026-09-30,22,POT,Potosi,Diesel,DIESEL OIL,Diesel Oil Nacional,DIESEL_NACIONAL,YPFB,EE SS Ticka Loma,2449-GZF,20000.0,L,,2026-09-30,2026-09-30T14:49:36.187000+00:00,True,False,,,True
2026-10-01 00:24:20,2026-09-30,22,POT,Potosi,Diesel,DIESEL OIL,Diesel Oil Nacional,DIESEL_NACIONAL,YPFB,EE SS Potosi,3445-XLA,20000.0,L,,2026-09-30,2026-09-30T14:48:44.287000+00:00,True,False,,,True
2026-10-01 00:24:20,2026-09-30,22,POT,Potosi,Diesel,DIESEL OIL,Diesel Oil Nacional,DIESEL_NACIONAL,YPFB,EE.  SS. Cantumarca,4494-XCT,20000.0,L,,2026-09-30,2026-09-30T14:35:29.553000+00:00,True,False,,,False
2026-10-01 00:24:20,2026-09-30,22,POT,Potosi,Gasolina,GASOLINA ESPECIAL,Gasolina Especial,GASOLINA_ESPECIAL,YPFB,EE SS Contreras,706-TZC,4000.0,L,,2026-09-30,2026-09-30T22:18:10.207000+00:00,True,False,Ciudad,,True
2026-10-01 00:24:20,2026-09-30,22,POT,Potosi,Gasolina,GASOLINA ESPECIAL,Gasolina Especial,GASOLINA_ESPECIAL,YPFB,EE SS Guadalupe Potosi,069-KIX,4000.0,L,,2026-09-30,2026-09-30T21:14:37.927000+00:00,True,False,Provincia,,True
2026-10-01 00:24:20,2026-09-30,22,POT,Potosi,Gasolina,GASOLINA ESPECIAL,Gasolina Especial,GASOLINA_ESPECIAL,YPFB,EE.  SS. Cantumarca,4494-XCT,10000.0,L,,2026-09-30,2026-09-30T21:13:49.510000+00:00,True,False,,,False
2026-10-01 00:24:20,2026-09-30,22,POT,Potosi,Gasolina,GASOLINA ESPECIAL,Gasolina Especial,GASOLINA_ESPECIAL,YPFB,EE SS Imperial Potosi II,2323-HZA,4000.0,L,,2026-09-30,2026-09-30T21:13:22.393000+00:00,True,False,,,True
2026-10-01 00:24:20,2026-09-30,22,POT,Potosi,Gasolina,GASOLINA ESPECIAL,Gasolina Especial,GASOLINA_ESPECIAL,YPFB,EE. SS. SUPER GRIFO,2428-GEN,4000.0,L,,2026-09-30,2026-09-30T14:49:17.923000+00:00,True,False,Ciudad,,True
2026-10-01 00:24:20,2026-09-30,22,POT,Potosi,Gasolina,GASOLINA ESPECIAL,Gasolina Especial,GASOLINA_ESPECIAL,YPFB,EE SS Monte Roca,4483-XNH,10000.0,L,,2026-09-30,2026-09-30T14:34:51.033000+00:00,True,False,,,False
2026-10-01 00:24:20,2026-09-30,22,POT,Potosi,Gasolina,GASOLINA ESPECIAL,Gasolina Especial,GASOLINA_ESPECIAL,YPFB,EE SS Delia,2260-RAY,10000.0,L,,2026-09-30,2026-09-30T13:14:54.333000+00:00,True,False,Ciudad,,False
2026-10-01 00:24:20,2026-09-30,22,POT,Potosi,Gasolina,GASOLINA ESPECIAL,Gasolina Especial,GASOLINA_ESPECIAL,YPFB,EE SS Potosi,3445-XLA,10000.0,L,,2026-09-30,2026-09-30T13:07:46.440000+00:00,True,False,,,True
2026-10-01 00:24:20,2026-09-30,22,POT,Potosi,Gasolina,GASOLINA ESPECIAL,Gasolina Especial,GASOLINA_ESPECIAL,YPFB,EE SS Ticka Loma,2449-GZF,10000.0,L,,2026-09-30,2026-09-30T13:07:34.660000+00:00,True,False,,,True
2026-10-01 00:24:20,2026-09-30,26,PVR,Puerto Villarroel,Diesel,DIESEL OIL NACIONAL EESS,Diesel Oil Nacional,DIESEL_NACIONAL,INVERSIONES Y SERVICIOS TRUJILLO ORELLANA S.R.L.,INVERSIONES Y SERVICIOS TRUJILLO ORELLANA S.R.L.,1181-AXB,6000.0,L,2026-09-30,2026-09-30,2026-09-30T16:30:16.387000+00:00,True,False,,,True
2026-10-01 00:24:20,2026-09-30,26,PVR,Puerto Villarroel,Diesel,DIESEL OIL NACIONAL EESS,Diesel Oil Nacional,DIESEL_NACIONAL,CARRASCO S.R.L. COMERCIALIZADORA DE HIDROCARBUROS,CARRASCO S.R.L. COMERCIALIZADORA DE HIDROCARBUROS,4441-PNK,6000.0,L,2026-09-30,2026-09-30,2026-09-30T16:29:28.830000+00:00,True,False,,,True
2026-10-01 00:24:20,2026-09-30,26,PVR,Puerto Villarroel,Diesel,DIESEL OIL NACIONAL EESS,Diesel Oil Nacional,DIESEL_NACIONAL,EST. SERV. CHIMORE,EST. SERV. CHIMORE,2993-HKR,6000.0,L,2026-09-30,2026-09-30,2026-09-30T16:28:44.100000+00:00,True,False,,,True
2026-10-01 00:24:20,2026-09-30,26,PVR,Puerto Villarroel,Diesel,DIESEL OIL NACIONAL EESS,Diesel Oil Nacional,DIESEL_NACIONAL,EST. SERV. EL TROPICO S.R.L.,EST. SERV. EL TROPICO S.R.L.,5194-NGR,6000.0,L,2026-09-30,2026-09-30,2026-09-30T13:45:44.787000+00:00,True,False,,,True
2026-10-01 00:24:20,2026-09-30,26,PVR,Puerto Villarroel,Diesel,DIESEL OIL NACIONAL EESS,Diesel Oil Nacional,DIESEL_NACIONAL,EST. SERV. SILVIA,EST. SERV. SILVIA,311-BBL,6000.0,L,2026-09-30,2026-09-30,2026-09-30T13:45:04.407000+00:00,True,False,Provincia,,True
2026-10-01 00:24:20,2026-09-30,26,PVR,Puerto Villarroel,Diesel,DIESEL OIL NACIONAL EESS,Diesel Oil Nacional,DIESEL_NACIONAL,ESTACION DE SERVICIO TRUJILLO ORELLANA S.R.L.,ESTACION DE SERVICIO TRUJILLO ORELLANA S.R.L.,1443-BXI,6000.0,L,2026-09-30,2026-09-30,2026-09-30T13:44:27.170000+00:00,True,False,Provincia,,True
2026-10-01 00:24:20,2026-09-30,26,PVR,Puerto Villarroel,Diesel,DIESEL OIL NACIONAL EESS,Diesel Oil Nacional,DIESEL_NACIONAL,EST. SERV. ALEX,EST. SERV. ALEX,420-KLP,6000.0,L,2026-09-30,2026-09-30,2026-09-30T13:33:33.333000+00:00,True,False,,,True
2026-10-01 00:24:20,2026-09-30,26,PVR,Puerto Villarroel,Diesel,DIESEL OIL,Diesel Oil Nacional,DIESEL_NACIONAL,ESTACION DE SERVICIO FOX J.G.J. S.R.L.,ESTACION DE SERVICIO FOX J.G.J. S.R.L.,6355-EGD,6000.0,L,2026-09-30,2026-09-30,2026-09-30T16:34:12.437000+00:00,True,False,Provincia,,True
2026-10-01 00:24:20,2026-09-30,26,PVR,Puerto Villarroel,Diesel,DIESEL OIL,Diesel Oil Nacional,DIESEL_NACIONAL,ESTACION DE SERVICIO ALEX SUCURSAL CBBA,ESTACION DE SERVICIO ALEX SUCURSAL CBBA,5015-ZCX,6000.0,L,2026-09-30,2026-09-30,2026-09-30T16:32:28.323000+00:00,True,False,Provincia,,False
2026-10-01 00:24:20,2026-09-30,26,PVR,Puerto Villarroel,Diesel,DIESEL OIL,Diesel Oil Nacional,DIESEL_NACIONAL,ESTACION DE SERVICIO TRANS NACIONAL ETERAZAMA S.A,ESTACION DE SERVICIO TRANS NACIONAL ETERAZAMA S.A,4477-RBN,6000.0,L,2026-09-30,2026-09-30,2026-09-30T16:30:56.790000+00:00,True,False,,,True
2026-10-01 00:24:20,2026-09-30,26,PVR,Puerto Villarroel,Diesel,DIESEL OIL,Diesel Oil Nacional,DIESEL_NACIONAL,ESTACION DE SERVICIO FATIMA S.R.L.,ESTACION DE SERVICIO FATIMA S.R.L.,5782-TAR,6000.0,L,2026-09-30,2026-09-30,2026-09-30T13:34:16.243000+00:00,True,False,Provincia,,True
2026-10-01 00:24:20,2026-09-30,26,PVR,Puerto Villarroel,Diesel,DIESEL OIL NACIONAL EESS,Diesel Oil Nacional,DIESEL_NACIONAL,EST. SERV. TRANS TRICOLOR NACIONAL S.A.,EST. SERV. TRANS TRICOLOR NACIONAL S.A.,5204-UZX,6000.0,L,2026-09-30,2026-09-30,2026-09-30T16:33:07.637000+00:00,True,False,,,True
2026-10-01 00:24:20,2026-09-30,26,PVR,Puerto Villarroel,Gasolina,GASOLINA ESPECIAL + EESS,Gasolina Especial +,GASOLINA_ESPECIAL_MAS,INVERSIONES Y SERVICIOS TRUJILLO ORELLANA S.R.L.,INVERSIONES Y SERVICIOS TRUJILLO ORELLANA S.R.L.,1181-AXB,12000.0,L,2026-09-30,2026-09-30,2026-09-30T16:30:16.387000+00:00,True,False,,,True
2026-10-01 00:24:20,2026-09-30,26,PVR,Puerto Villarroel,Gasolina,GASOLINA ESPECIAL + EESS,Gasolina Especial +,GASOLINA_ESPECIAL_MAS,CARRASCO S.R.L. COMERCIALIZADORA DE HIDROCARBUROS,CARRASCO S.R.L. COMERCIALIZADORA DE HIDROCARBUROS,4441-PNK,12000.0,L,2026-09-30,2026-09-30,2026-09-30T16:29:28.830000+00:00,True,False,,,True
2026-10-01 00:24:20,2026-09-30,26,PVR,Puerto Villarroel,Gasolina,GASOLINA ESPECIAL + EESS,Gasolina Especial +,GASOLINA_ESPECIAL_MAS,EST. SERV. CHIMORE,EST. SERV. CHIMORE,2993-HKR,12000.0,L,2026-09-30,2026-09-30,2026-09-30T16:28:44.100000+00:00,True,False,,,True
2026-10-01 00:24:20,2026-09-30,26,PVR,Puerto Villarroel,Gasolina,GASOLINA ESPECIAL + EESS,Gasolina Especial +,GASOLINA_ESPECIAL_MAS,EST. SERV. EL TROPICO S.R.L.,EST. SERV. EL TROPICO S.R.L.,5194-NGR,12000.0,L,2026-09-30,2026-09-30,2026-09-30T13:45:44.787000+00:00,True,False,,,True
2026-10-01 00:24:20,2026-09-30,26,PVR,Puerto Villarroel,Gasolina,GASOLINA ESPECIAL + EESS,Gasolina Especial +,GASOLINA_ESPECIAL_MAS,EST. SERV. SILVIA,EST. SERV. SILVIA,311-BBL,12000.0,L,2026-09-30,2026-09-30,2026-09-30T13:45:04.407000+00:00,True,False,Provincia,,True
2026-10-01 00:24:20,2026-09-30,26,PVR,Puerto Villarroel,Gasolina,GASOLINA ESPECIAL + EESS,Gasolina Especial +,GASOLINA_ESPECIAL_MAS,ESTACION DE SERVICIO TRUJILLO ORELLANA S.R.L.,ESTACION DE SERVICIO TRUJILLO ORELLANA S.R.L.,1443-BXI,12000.0,L,2026-09-30,2026-09-30,2026-09-30T13:44:27.170000+00:00,True,False,Provincia,,True
2026-10-01 00:24:20,2026-09-30,26,PVR,Puerto Villarroel,Gasolina,GASOLINA ESPECIAL + EESS,Gasolina Especial +,GASOLINA_ESPECIAL_MAS,EST. SERV. ALEX,EST. SERV. ALEX,420-KLP,12000.0,L,2026-09-30,2026-09-30,2026-09-30T13:33:33.333000+00:00,True,False,,,True
2026-10-01 00:24:20,2026-09-30,26,PVR,Puerto Villarroel,Gasolina,GASOLINA ESPECIAL +,Gasolina Especial +,GASOLINA_ESPECIAL_MAS,ESTACION DE SERVICIO FOX J.G.J. S.R.L.,ESTACION DE SERVICIO FOX J.G.J. S.R.L.,6355-EGD,12000.0,L,2026-09-30,2026-09-30,2026-09-30T16:34:12.437000+00:00,True,False,Provincia,,True
2026-10-01 00:24:20,2026-09-30,26,PVR,Puerto Villarroel,Gasolina,GASOLINA ESPECIAL +,Gasolina Especial +,GASOLINA_ESPECIAL_MAS,ESTACION DE SERVICIO ALEX SUCURSAL CBBA,ESTACION DE SERVICIO ALEX SUCURSAL CBBA,5015-ZCX,12000.0,L,2026-09-30,2026-09-30,2026-09-30T16:32:28.323000+00:00,True,False,Provincia,,False
2026-10-01 00:24:20,2026-09-30,26,PVR,Puerto Villarroel,Gasolina,GASOLINA ESPECIAL +,Gasolina Especial +,GASOLINA_ESPECIAL_MAS,ESTACION DE SERVICIO TRANS NACIONAL ETERAZAMA S.A,ESTACION DE SERVICIO TRANS NACIONAL ETERAZAMA S.A,4477-RBN,12000.0,L,2026-09-30,2026-09-30,2026-09-30T16:30:56.790000+00:00,True,False,,,True
2026-10-01 00:24:20,2026-09-30,26,PVR,Puerto Villarroel,Gasolina,GASOLINA ESPECIAL +,Gasolina Especial +,GASOLINA_ESPECIAL_MAS,ESTACION DE SERVICIO FATIMA S.R.L.,ESTACION DE SERVICIO FATIMA S.R.L.,5782-TAR,15000.0,L,2026-09-30,2026-09-30,2026-09-30T13:34:16.243000+00:00,True,False,Provincia,,True
2026-10-01 00:24:20,2026-09-30,26,PVR,Puerto Villarroel,Gasolina,GASOLINA ESPECIAL + CF,Gasolina Especial +,GASOLINA_ESPECIAL_MAS,UNION INTEGRAL DE PRODUCTORES DE LA ISLA TODOS SANTOS UNIAPLES,UNION INTEGRAL DE PRODUCTORES DE LA ISLA TODOS SANTOS UNIAPLES,696-THG,15000.0,L,2026-09-30,2026-09-30,2026-09-30T16:34:37.180000+00:00,True,False,,,True
2026-10-01 00:24:20,2026-09-30,26,PVR,Puerto Villarroel,Gasolina,GASOLINA ESPECIAL + EESS,Gasolina Especial +,GASOLINA_ESPECIAL_MAS,EST. SERV. TRANS TRICOLOR NACIONAL S.A.,EST. SERV. TRANS TRICOLOR NACIONAL S.A.,5204-UZX,12000.0,L,2026-09-30,2026-09-30,2026-09-30T16:33:07.637000+00:00,True,False,,,True
2026-10-01 00:24:20,2026-09-30,26,PVR,Puerto Villarroel,Gasolina,GASOLINA ESPECIAL + EESS,Gasolina Especial +,GASOLINA_ESPECIAL_MAS,EST. SERV. SAN MATEO S.R.L.,EST. SERV. SAN MATEO S.R.L.,2267-YNL,12000.0,L,2026-09-30,2026-09-30,2026-09-30T16:33:35.517000+00:00,True,False,,,True
2026-10-01 00:24:20,2026-09-30,4,SCZ,Santa Cruz,Diesel,DIESEL OIL IMPORTADO EESS,Diesel Oil Importado,DIESEL_IMPORTADO,ESTACION DE SERVICIO VERGARA - FABIOLA NOEMI ZORRILLO VERGARA,ESTACION DE SERVICIO VERGARA - FABIOLA NOEMI ZORRILLO VERGARA,1184-YND,10000.0,L,2026-09-30,2026-09-30,2026-10-01T01:43:32.457000+00:00,True,False,Ciudad,ESTE,True
2026-10-01 00:24:20,2026-09-30,4,SCZ,Santa Cruz,Diesel,DIESEL OIL,Diesel Oil Nacional,DIESEL_NACIONAL,ESTACION DE SERVICIO CONCEPCION SRL,ESTACION DE SERVICIO CONCEPCION SRL,4713-YZU,20000.0,L,2026-09-30,2026-09-30,2026-10-01T01:31:23.360000+00:00,True,False,Provincia,CONCEPCIÓN,True
2026-10-01 00:24:20,2026-09-30,4,SCZ,Santa Cruz,Diesel,DIESEL OIL,Diesel Oil Nacional,DIESEL_NACIONAL,ESTACION DE SERVICIO MONTERO - MARIA DEL ROSARIO COLQUE QUIROZ,ESTACION DE SERVICIO MONTERO - MARIA DEL ROSARIO COLQUE QUIROZ,2297-ASK,20000.0,L,2026-09-30,2026-09-30,2026-10-01T02:00:04.917000+00:00,True,False,Provincia,MONTERO,True
2026-10-01 00:24:20,2026-09-30,4,SCZ,Santa Cruz,Diesel,DIESEL OIL IMPORTADO EESS,Diesel Oil Importado,DIESEL_IMPORTADO,ESTACION DE SERVICIO APAZA-PATRICIA JORGE DE APAZA,ESTACION DE SERVICIO APAZA-PATRICIA JORGE DE APAZA,2066-KRR,10000.0,L,2026-09-30,2026-09-30,2026-10-01T02:06:51.233000+00:00,True,False,Ciudad,ESTE,True
2026-10-01 00:24:20,2026-09-30,4,SCZ,Santa Cruz,Diesel,DIESEL OIL,Diesel Oil Nacional,DIESEL_NACIONAL,GOTEON S.R.L.,GOTEON S.R.L.,1082-GDH,10000.0,L,2026-09-30,2026-09-30,2026-10-01T02:05:30.867000+00:00,True,False,Provincia,PAILON,True
2026-10-01 00:24:20,2026-09-30,4,SCZ,Santa Cruz,Diesel,DIESEL OIL,Diesel Oil Nacional,DIESEL_NACIONAL,SURTIDOR COTOCA - JOSE RAMIRO AYALA FLORES,SURTIDOR COTOCA - JOSE RAMIRO AYALA FLORES,2338-FGD,20000.0,L,2026-09-30,2026-09-30,2026-10-01T01:56:17.243000+00:00,True,False,Ciudad,ESTE,True
2026-10-01 00:24:20,2026-09-30,4,SCZ,Santa Cruz,Diesel,DIESEL OIL,Diesel Oil Nacional,DIESEL_NACIONAL,YPFB,ESTACION DE SERVICIO SAN PEDRO DEL NORTE,859-SKC,10000.0,L,,2026-09-30,2026-10-01T02:17:36.807000+00:00,True,False,Provincia,,True
2026-10-01 00:24:20,2026-09-30,4,SCZ,Santa Cruz,Diesel,DIESEL OIL NACIONAL EESS,Diesel Oil Nacional,DIESEL_NACIONAL,ESTACION DE SERVICIO COCA-ENRRIQUE COCA LOPEZ,ESTACION DE SERVICIO COCA-ENRRIQUE COCA LOPEZ,2134-FYF,35000.0,L,2026-09-30,2026-09-30,2026-10-01T00:43:30.463000+00:00,True,False,Provincia,YAPACANI,False
2026-10-01 00:24:20,2026-09-30,4,SCZ,Santa Cruz,Diesel,DIESEL OIL NACIONAL EESS,Diesel Oil Nacional,DIESEL_NACIONAL,SURTIDOR VIRGEN DE CHARAGUA S.R.L.,SURTIDOR VIRGEN DE CHARAGUA S.R.L.,729-DLC,5000.0,L,2026-09-29,2026-09-30,2026-10-01T00:32:08.703000+00:00,True,True,Provincia,CHARAGUA,False
2026-10-01 00:24:20,2026-09-30,4,SCZ,Santa Cruz,Diesel,DIESEL OIL IMPORTADO CF,Diesel Oil Importado,DIESEL_IMPORTADO,AGROPECUARIA LA MADRUGADA S.A,AGROPECUARIA LA MADRUGADA S.A,814-CKS,19000.0,L,2026-09-30,2026-09-30,2026-10-01T00:18:31.990000+00:00,True,False,,,True
2026-10-01 00:24:20,2026-09-30,4,SCZ,Santa Cruz,Diesel,DIESEL OIL IMPORTADO CF,Diesel Oil Importado,DIESEL_IMPORTADO,EMPRESA AGRICOLA Y GANADERA GUAPURUVU SRL,EMPRESA AGRICOLA Y GANADERA GUAPURUVU SRL,884-LIG,15000.0,L,2026-09-30,2026-09-30,2026-10-01T00:13:04.130000+00:00,True,False,,,True
2026-10-01 00:24:20,2026-09-30,4,SCZ,Santa Cruz,Diesel,DIESEL OIL IMPORTADO CF,Diesel Oil Importado,DIESEL_IMPORTADO,AGROPECUARIA LA ORACION S.A.,AGROPECUARIA LA ORACION S.A.,2319-HAS,19000.0,L,2026-09-30,2026-09-30,2026-10-01T00:07:33.827000+00:00,True,False,,,True
2026-10-01 00:24:20,2026-09-30,4,SCZ,Santa Cruz,Diesel,DIESEL OIL NACIONAL EESS,Diesel Oil Nacional,DIESEL_NACIONAL,ESTACION DE SERVICIO CASCABEL SUC. CUATRO CAÑADAS-YOHANA PAOLA VACA GUZMAN,ESTACION DE SERVICIO CASCABEL SUC. CUATRO CAÑADAS-YOHANA PAOLA VACA GUZMAN,4124-YBX,15000.0,L,2026-09-30,2026-09-30,2026-09-30T23:51:46.840000+00:00,True,False,Provincia,4 CAÑADAS,True
2026-10-01 00:24:20,2026-09-30,4,SCZ,Santa Cruz,Diesel,DIESEL OIL NACIONAL EESS,Diesel Oil Nacional,DIESEL_NACIONAL,ESTACION DE SERVICIO EUSE CRUZ,ESTACION DE SERVICIO EUSE CRUZ,869-TZE,5000.0,L,2026-09-29,2026-09-30,2026-09-30T23:43:52.440000+00:00,True,True,Provincia,VALLE GRANDE,True
2026-10-01 00:24:20,2026-09-30,4,SCZ,Santa Cruz,Diesel,DIESEL OIL IMPORTADO EESS,Diesel Oil Importado,DIESEL_IMPORTADO,ESTACION DE SERVICIO SUR S.R.L. SUCURSAL 2,ESTACION DE SERVICIO SUR S.R.L. SUCURSAL 2,1390-DBC,20000.0,L,2026-09-30,2026-09-30,2026-09-30T23:37:47.360000+00:00,True,False,Ciudad,NORTE,True
2026-10-01 00:24:20,2026-09-30,4,SCZ,Santa Cruz,Diesel,DIESEL OIL IMPORTADO EESS,Diesel Oil Importado,DIESEL_IMPORTADO,ESTACION DE SERVICIO SUR SRL SUCURSAL 3,ESTACION DE SERVICIO SUR SRL SUCURSAL 3,1390-DBC,15000.0,L,2026-09-30,2026-09-30,2026-09-30T23:37:47.360000+00:00,True,False,Ciudad,NORTE,True
2026-10-01 00:24:20,2026-09-30,4,SCZ,Santa Cruz,Diesel,DIESEL OIL IMPORTADO CF,Diesel Oil Importado,DIESEL_IMPORTADO,MARIA ANGELA MAGALHAES FORATTINI,MARIA ANGELA MAGALHAES FORATTINI,126-CTT,19900.0,L,2026-09-30,2026-09-30,2026-09-30T23:33:56.017000+00:00,True,False,,,True
2026-10-01 00:24:20,2026-09-30,4,SCZ,Santa Cruz,Diesel,DIESEL OIL NACIONAL EESS,Diesel Oil Nacional,DIESEL_NACIONAL,SAN JOAQUIN I S.R.L.,SAN JOAQUIN I S.R.L.,1066-TLK,25000.0,L,2026-09-29,2026-09-30,2026-09-30T23:31:05.143000+00:00,True,True,Provincia,LOS ANDES,True
2026-10-01 00:24:20,2026-09-30,4,SCZ,Santa Cruz,Diesel,DIESEL OIL IMPORTADO EESS,Diesel Oil Importado,DIESEL_IMPORTADO,ESTACION DE SERVICIO LAS CONCHAS S.R.L.-SUCURSAL LA ENCONADA,ESTACION DE SERVICIO LAS CONCHAS S.R.L.-SUCURSAL LA ENCONADA,1275-RHG,10000.0,L,2026-09-30,2026-09-30,2026-09-30T23:10:56.403000+00:00,True,False,Provincia,PAILON,True
2026-10-01 00:24:20,2026-09-30,4,SCZ,Santa Cruz,Diesel,DIESEL OIL IMPORTADO CF,Diesel Oil Importado,DIESEL_IMPORTADO,ENZO CAMBRUZZI SPITZ,ENZO CAMBRUZZI SPITZ,3809-CPS,19900.0,L,2026-09-30,2026-09-30,2026-09-30T23:06:34.727000+00:00,True,False,,,True
2026-10-01 00:24:20,2026-09-30,4,SCZ,Santa Cruz,Diesel,DIESEL OIL IMPORTADO CF,Diesel Oil Importado,DIESEL_IMPORTADO,ANDRE RONALD LARSEN ZURITA,ANDRE RONALD LARSEN ZURITA,1008-DGC,19900.0,L,2026-09-29,2026-09-30,2026-09-30T23:00:54.243000+00:00,True,True,,,True
2026-10-01 00:24:20,2026-09-30,4,SCZ,Santa Cruz,Diesel,DIESEL OIL IMPORTADO EESS,Diesel Oil Importado,DIESEL_IMPORTADO,ESTACION DE SERVICIO QUINTO ANILLO S.R.L.,ESTACION DE SERVICIO QUINTO ANILLO S.R.L.,558-XDK,25000.0,L,2026-09-30,2026-09-30,2026-09-30T22:58:40.807000+00:00,True,False,Ciudad,SUR,False
2026-10-01 00:24:20,2026-09-30,4,SCZ,Santa Cruz,Diesel,DIESEL OIL IMPORTADO EESS,Diesel Oil Importado,DIESEL_IMPORTADO,ESTACION DE SERVICIO PIRAI S.R.L. SUC. DOBLE VIA LA GUARDIA ESQ. OCTAVO ANILLO,ESTACION DE SERVICIO PIRAI S.R.L. SUC. DOBLE VIA LA GUARDIA ESQ. OCTAVO ANILLO,4410-KXK,10000.0,L,2026-09-30,2026-09-30,2026-09-30T22:56:34.493000+00:00,True,False,Ciudad,SUR,True
2026-10-01 00:24:20,2026-09-30,4,SCZ,Santa Cruz,Diesel,DIESEL OIL IMPORTADO EESS,Diesel Oil Importado,DIESEL_IMPORTADO,ESTACION DE SERVICIO TRES PASOS AL FRENTE - VITALIANO ROJAS OLIVERA,ESTACION DE SERVICIO TRES PASOS AL FRENTE - VITALIANO ROJAS OLIVERA,5002-IBN,25000.0,L,2026-09-30,2026-09-30,2026-09-30T22:34:38.510000+00:00,True,False,Ciudad,ESTE,True
2026-10-01 00:24:20,2026-09-30,4,SCZ,Santa Cruz,Diesel,DIESEL OIL,Diesel Oil Nacional,DIESEL_NACIONAL,ESTACION DE SERVICIO DAVILA S.R.L.,ESTACION DE SERVICIO DAVILA S.R.L.,1445-CDA,15000.0,L,2026-09-30,2026-09-30,2026-09-30T22:54:36.247000+00:00,True,False,Ciudad,SUR,False
2026-10-01 00:24:20,2026-09-30,4,SCZ,Santa Cruz,Diesel,DIESEL OIL,Diesel Oil Nacional,DIESEL_NACIONAL,ESTACION DE SERVICIO SUR S.R.L. SUCURSAL MONTE VERDE,ESTACION DE SERVICIO SUR S.R.L. SUCURSAL MONTE VERDE,4410-LAU,20000.0,L,2026-09-30,2026-09-30,2026-09-30T22:28:54.030000+00:00,True,False,Provincia,MONTERO,True
2026-10-01 00:24:20,2026-09-30,4,SCZ,Santa Cruz,Diesel,DIESEL OIL,Diesel Oil Nacional,DIESEL_NACIONAL,REFINERIA ORIENTAL S.A. SUCURSAL MONTECRISTO,REFINERIA ORIENTAL S.A. SUCURSAL MONTECRISTO,4410-KXK,20000.0,L,2026-09-30,2026-09-30,2026-09-30T22:56:34.493000+00:00,True,False,Ciudad,ESTE,True
2026-10-01 00:24:20,2026-09-30,4,SCZ,Santa Cruz,Diesel,DIESEL OIL,Diesel Oil Nacional,DIESEL_NACIONAL,ESTACION DE SERVICIO DURAZNERO-DANA FLORES DAVALOS,ESTACION DE SERVICIO DURAZNERO-DANA FLORES DAVALOS,5638-CXH,30000.0,L,2026-09-30,2026-09-30,2026-09-30T22:43:58.893000+00:00,True,False,Provincia,TRES CRUCES,True
2026-10-01 00:24:20,2026-09-30,4,SCZ,Santa Cruz,Diesel,DIESEL OIL NACIONAL EESS,Diesel Oil Nacional,DIESEL_NACIONAL,SURTIDOR EL PATUJU - ROGELIO LA FUENTE OLIVERA,SURTIDOR EL PATUJU - ROGELIO LA FUENTE OLIVERA,1865-TSA,10000.0,L,2026-09-28,2026-09-30,2026-09-30T22:49:48.533000+00:00,True,True,Provincia,SANTA ROSA DEL SARA,True
2026-10-01 00:24:20,2026-09-30,4,SCZ,Santa Cruz,Diesel,DIESEL OIL,Diesel Oil Nacional,DIESEL_NACIONAL,YPFB,EESS YPFB San Jose de Chiquitos,1178-ZBP,15000.0,L,,2026-09-30,2026-09-30T22:35:34.007000+00:00,True,False,Provincia,,True
2026-10-01 00:24:20,2026-09-30,4,SCZ,Santa Cruz,Diesel,DIESEL OIL,Diesel Oil Nacional,DIESEL_NACIONAL,YPFB,YPFB ESTACION DE SERVICIO GUARAYOS,1709-CIU,35000.0,L,,2026-09-30,2026-09-30T22:07:30.313000+00:00,True,False,Provincia,,True
2026-10-01 00:24:20,2026-09-30,4,SCZ,Santa Cruz,Diesel,DIESEL OIL NACIONAL EESS,Diesel Oil Nacional,DIESEL_NACIONAL,ESTACION DE SERVICIO EL JUNTE-ALEJANDRA MARIEL BALCAZAR PAZ,ESTACION DE SERVICIO EL JUNTE-ALEJANDRA MARIEL BALCAZAR PAZ,468-RHE,35000.0,L,2026-09-30,2026-09-30,2026-09-30T21:58:34.797000+00:00,True,False,Provincia,SAN PABLO,True
2026-10-01 00:24:20,2026-09-30,4,SCZ,Santa Cruz,Diesel,DIESEL OIL NACIONAL EESS,Diesel Oil Nacional,DIESEL_NACIONAL,SURTIDOR CHARAGUA,SURTIDOR CHARAGUA,1308-IKG,20000.0,L,2026-09-30,2026-09-30,2026-09-30T21:46:22.600000+00:00,True,False,Provincia,CHARAGUA,True
2026-10-01 00:24:20,2026-09-30,4,SCZ,Santa Cruz,Diesel,DIESEL OIL,Diesel Oil Nacional,DIESEL_NACIONAL,ESTACION DE SERVICIO ELISA S.R.L.,ESTACION DE SERVICIO ELISA S.R.L.,5351-UAG,15000.0,L,2026-09-30,2026-09-30,2026-09-30T21:49:26.513000+00:00,True,False,Ciudad,SUR,True
2026-10-01 00:24:20,2026-09-30,4,SCZ,Santa Cruz,Diesel,DIESEL OIL NACIONAL EESS,Diesel Oil Nacional,DIESEL_NACIONAL,ESTACION DE SERVICIO CHANE,ESTACION DE SERVICIO CHANE,1074-IHH,20000.0,L,2026-09-30,2026-09-30,2026-09-30T21:23:26.653000+00:00,True,False,Provincia,FERNANDEZ ALONSO,True
2026-10-01 00:24:20,2026-09-30,4,SCZ,Santa Cruz,Diesel,DIESEL OIL NACIONAL EESS,Diesel Oil Nacional,DIESEL_NACIONAL,ESTACION DE SERVICIO EL TINTO S.R.L.,ESTACION DE SERVICIO EL TINTO S.R.L.,5305-YZL,10000.0,L,2026-09-30,2026-09-30,2026-09-30T21:16:54.170000+00:00,True,False,Provincia,TRES CRUCES,True
2026-10-01 00:24:20,2026-09-30,4,SCZ,Santa Cruz,Diesel,DIESEL OIL IMPORTADO EESS,Diesel Oil Importado,DIESEL_IMPORTADO,COMPLEJO AUTOMOTRIZ VIRGEN DE URKUPIÑA S.R.L.,COMPLEJO AUTOMOTRIZ VIRGEN DE URKUPIÑA S.R.L.,1135-RGC,15000.0,L,2026-09-30,2026-09-30,2026-09-30T20:58:14.550000+00:00,True,False,Ciudad,ESTE,True
2026-10-01 00:24:20,2026-09-30,4,SCZ,Santa Cruz,Diesel,DIESEL OIL NACIONAL EESS,Diesel Oil Nacional,DIESEL_NACIONAL,ESTACION DE SERVICIO FLORES-SIMONA FLORES FLORES,ESTACION DE SERVICIO FLORES-SIMONA FLORES FLORES,4059-FXU,15000.0,L,2026-09-30,2026-09-30,2026-09-30T20:31:10.297000+00:00,True,False,Provincia,SAN JULIAN,True
2026-10-01 00:24:20,2026-09-30,4,SCZ,Santa Cruz,Diesel,DIESEL OIL,Diesel Oil Nacional,DIESEL_NACIONAL,ESTACION DE SERVICIO YOTAU S.R.L.,ESTACION DE SERVICIO YOTAU S.R.L.,1066-ISS,20000.0,L,2026-09-30,2026-09-30,2026-09-30T21:03:02.743000+00:00,True,False,Ciudad,SUR,False
2026-10-01 00:24:20,2026-09-30,4,SCZ,Santa Cruz,Diesel,DIESEL OIL IMPORTADO EESS,Diesel Oil Importado,DIESEL_IMPORTADO,ESTACION DE SERVICIO SANTOS DUMONT NOGALES,ESTACION DE SERVICIO SANTOS DUMONT NOGALES,961-XHP,5000.0,L,2026-09-30,2026-09-30,,True,False,Ciudad,CENTRO,True
2026-10-01 00:24:20,2026-09-30,4,SCZ,Santa Cruz,Diesel,DIESEL OIL,Diesel Oil Nacional,DIESEL_NACIONAL,BICENTENARIO SRL,BICENTENARIO SRL,2434-YRP,25000.0,L,2026-09-30,2026-09-30,2026-09-30T20:49:20.180000+00:00,True,False,Provincia,,True
2026-10-01 00:24:20,2026-09-30,4,SCZ,Santa Cruz,Diesel,DIESEL OIL,Diesel Oil Nacional,DIESEL_NACIONAL,ESTACION DE SERVICIO MINERO-JHONNY QUINTEROS VASQUEZ,ESTACION DE SERVICIO MINERO-JHONNY QUINTEROS VASQUEZ,1176-UST,20000.0,L,2026-09-30,2026-09-30,2026-09-30T18:44:54.323000+00:00,True,False,Provincia,MINERO,True
2026-10-01 00:24:20,2026-09-30,4,SCZ,Santa Cruz,Diesel,DIESEL OIL,Diesel Oil Nacional,DIESEL_NACIONAL,ESTACION DE SERVICIO LA COLORADA,ESTACION DE SERVICIO LA COLORADA,2120-PKF,25000.0,L,2026-09-30,2026-09-30,2026-09-30T20:50:48.110000+00:00,True,False,Ciudad,SUR,False
2026-10-01 00:24:20,2026-09-30,4,SCZ,Santa Cruz,Diesel,DIESEL OIL,Diesel Oil Nacional,DIESEL_NACIONAL,ESTACION DE SERVICIO LOS MANGALES S.R.L.,ESTACION DE SERVICIO LOS MANGALES S.R.L.,1005-XLH,20000.0,L,2026-09-30,2026-09-30,2026-09-30T20:19:53.517000+00:00,True,False,Ciudad,OESTE,True
2026-10-01 00:24:20,2026-09-30,4,SCZ,Santa Cruz,Diesel,DIESEL OIL NACIONAL EESS,Diesel Oil Nacional,DIESEL_NACIONAL,ESTACION DE SERVICIO MINERO-JHONNY QUINTEROS VASQUEZ,ESTACION DE SERVICIO MINERO-JHONNY QUINTEROS VASQUEZ,1176-UST,5000.0,L,2026-09-28,2026-09-30,2026-09-30T18:44:54.323000+00:00,True,True,Provincia,MINERO,True
2026-10-01 00:24:20,2026-09-30,4,SCZ,Santa Cruz,Diesel,DIESEL OIL,Diesel Oil Nacional,DIESEL_NACIONAL,ESTACION DE SERVICIO TOTAITU N&T S.R.L.,ESTACION DE SERVICIO TOTAITU N&T S.R.L.,2390-XBX,15000.0,L,2026-09-30,2026-09-30,2026-09-30T20:06:54.590000+00:00,True,False,Ciudad,NORTE,True
2026-10-01 00:24:20,2026-09-30,4,SCZ,Santa Cruz,Diesel,DIESEL OIL,Diesel Oil Nacional,DIESEL_NACIONAL,ESTACION DE SERVICIO CLUB GAZEL S.R.L.,ESTACION DE SERVICIO CLUB GAZEL S.R.L.,2229-HLP,20000.0,L,2026-09-30,2026-09-30,2026-09-30T19:50:32.360000+00:00,True,False,Ciudad,SUR,True
2026-10-01 00:24:20,2026-09-30,4,SCZ,Santa Cruz,Diesel,DIESEL OIL,Diesel Oil Nacional,DIESEL_NACIONAL,ESTACION DE SERVICIO EMANUEL S.R.L.,ESTACION DE SERVICIO EMANUEL S.R.L.,2330-NLD,20000.0,L,2026-09-30,2026-09-30,2026-09-30T19:47:49.740000+00:00,True,False,Ciudad,SUR,True
2026-10-01 00:24:20,2026-09-30,4,SCZ,Santa Cruz,Diesel,DIESEL OIL NACIONAL EESS,Diesel Oil Nacional,DIESEL_NACIONAL,ESTACION DE SERVICIO EL MIRADOR - SONIA SORUCO ROCA,ESTACION DE SERVICIO EL MIRADOR - SONIA SORUCO ROCA,4803-IRB,15000.0,L,2026-09-30,2026-09-30,2026-09-30T19:20:49.423000+00:00,True,False,Provincia,GUARAYOS,True
2026-10-01 00:24:20,2026-09-30,4,SCZ,Santa Cruz,Diesel,DIESEL OIL IMPORTADO EESS,Diesel Oil Importado,DIESEL_IMPORTADO,ESTACION DE SERVICIO PANTANAL DEL ORIENTE-ALVARO LUIS AGUILAR ADRIAZOLA,ESTACION DE SERVICIO PANTANAL DEL ORIENTE-ALVARO LUIS AGUILAR ADRIAZOLA,584-RKD,25000.0,L,2026-09-30,2026-09-30,2026-09-30T18:13:41.783000+00:00,True,False,Ciudad,ESTE,True
2026-10-01 00:24:20,2026-09-30,4,SCZ,Santa Cruz,Diesel,DIESEL OIL,Diesel Oil Nacional,DIESEL_NACIONAL,ESTACION DE SERVICIO BI-OCEANICA S.R.L.,ESTACION DE SERVICIO BI-OCEANICA S.R.L.,4269-HNT,20000.0,L,2026-09-30,2026-09-30,2026-09-30T19:00:27.050000+00:00,True,False,Ciudad,NORTE,True
2026-10-01 00:24:20,2026-09-30,4,SCZ,Santa Cruz,Diesel,DIESEL OIL,Diesel Oil Nacional,DIESEL_NACIONAL,ESTACION DE SERVICIO LA CHORRERA SRL,ESTACION DE SERVICIO LA CHORRERA SRL,885-PZL,20000.0,L,2026-09-30,2026-09-30,2026-09-30T18:05:30.693000+00:00,True,False,Ciudad,SUR,True
2026-10-01 00:24:20,2026-09-30,4,SCZ,Santa Cruz,Diesel,DIESEL OIL,Diesel Oil Nacional,DIESEL_NACIONAL,ESTACION DE SERVICIO GUAYACAN S.R.L.,ESTACION DE SERVICIO GUAYACAN S.R.L.,1190-YPG,20000.0,L,2026-09-30,2026-09-30,2026-09-30T19:39:59.740000+00:00,True,False,Ciudad,ESTE,True
2026-10-01 00:24:20,2026-09-30,4,SCZ,Santa Cruz,Diesel,DIESEL OIL,Diesel Oil Nacional,DIESEL_NACIONAL,ESTACION DE SERVICIO LAS CONCHAS S.R.L.,ESTACION DE SERVICIO LAS CONCHAS S.R.L.,389-IPX,15000.0,L,2026-09-29,2026-09-30,2026-09-30T19:18:42.697000+00:00,True,True,Provincia,4 CAÑADAS,True
2026-10-01 00:24:20,2026-09-30,4,SCZ,Santa Cruz,Diesel,DIESEL OIL,Diesel Oil Nacional,DIESEL_NACIONAL,R&E 3000 S.R.L.,R&E 3000 S.R.L.,1197-ATI,20000.0,L,2026-09-29,2026-09-30,2026-09-30T18:26:37.690000+00:00,True,True,Ciudad,SUR,True
2026-10-01 00:24:20,2026-09-30,4,SCZ,Santa Cruz,Diesel,DIESEL OIL NACIONAL EESS,Diesel Oil Nacional,DIESEL_NACIONAL,SURTIDOR SANTIAGUITO - E. FABIOLA TORRICO C.,SURTIDOR SANTIAGUITO - E. FABIOLA TORRICO C.,2483-HPX,5000.0,L,2026-09-28,2026-09-30,2026-09-30T17:51:52.447000+00:00,True,True,Provincia,COMARAPA,True
2026-10-01 00:24:20,2026-09-30,4,SCZ,Santa Cruz,Diesel,DIESEL OIL IMPORTADO EESS,Diesel Oil Importado,DIESEL_IMPORTADO,ESTACION DE SERVICIO MONTAÑO S.R.L.,ESTACION DE SERVICIO MONTAÑO S.R.L.,3031-PAN,15000.0,L,2026-09-30,2026-09-30,2026-09-30T17:37:08.337000+00:00,True,False,Ciudad,SUR,True
2026-10-01 00:24:20,2026-09-30,4,SCZ,Santa Cruz,Diesel,DIESEL OIL,Diesel Oil Nacional,DIESEL_NACIONAL,YPFB,EE SS CABEZAS,1375-GBD,15000.0,L,,2026-09-30,2026-09-30T17:32:09.953000+00:00,True,False,Provincia,,True
2026-10-01 00:24:20,2026-09-30,4,SCZ,Santa Cruz,Diesel,DIESEL OIL IMPORTADO CF,Diesel Oil Importado,DIESEL_IMPORTADO,JOSE EDUARDO ROCHA CABRAL,JOSE EDUARDO ROCHA CABRAL,475-CBB,19900.0,L,2026-09-30,2026-09-30,2026-09-30T17:21:59.963000+00:00,True,False,,,True
2026-10-01 00:24:20,2026-09-30,4,SCZ,Santa Cruz,Diesel,DIESEL OIL IMPORTADO EESS,Diesel Oil Importado,DIESEL_IMPORTADO,ESTACION DE SERVICIO REYNALDO CORTEZ QUISPE,ESTACION DE SERVICIO REYNALDO CORTEZ QUISPE,5312-NXE,20000.0,L,2026-09-29,2026-09-30,2026-09-30T15:59:07.613000+00:00,True,True,Ciudad,SUR,True
2026-10-01 00:24:20,2026-09-30,4,SCZ,Santa Cruz,Diesel,DIESEL OIL IMPORTADO EESS,Diesel Oil Importado,DIESEL_IMPORTADO,ESTACION DE SERVICIO VERGARA - FABIOLA NOEMI ZORRILLO VERGARA,ESTACION DE SERVICIO VERGARA - FABIOLA NOEMI ZORRILLO VERGARA,1184-YND,20000.0,L,2026-09-29,2026-09-30,2026-09-30T12:14:16.227000+00:00,True,True,Ciudad,ESTE,True
2026-10-01 00:24:20,2026-09-30,4,SCZ,Santa Cruz,Diesel,DIESEL OIL NACIONAL EESS,Diesel Oil Nacional,DIESEL_NACIONAL,ESTACION DE SERVICIO EL JUNTE-ALEJANDRA MARIEL BALCAZAR PAZ,ESTACION DE SERVICIO EL JUNTE-ALEJANDRA MARIEL BALCAZAR PAZ,1631-HII,20000.0,L,2026-09-29,2026-09-30,2026-09-30T11:45:16.580000+00:00,True,True,Provincia,SAN PABLO,True
2026-10-01 00:24:20,2026-09-30,4,SCZ,Santa Cruz,Diesel,DIESEL OIL IMPORTADO EESS,Diesel Oil Importado,DIESEL_IMPORTADO,YVU CENTRO DE SERVICIOS Y COMERCIO S.R.L.,YVU CENTRO DE SERVICIOS Y COMERCIO S.R.L.,1060-PIT,20000.0,L,2026-09-29,2026-09-30,2026-09-30T10:56:58.077000+00:00,True,True,Ciudad,NORTE,True
2026-10-01 00:24:20,2026-09-30,4,SCZ,Santa Cruz,Diesel,DIESEL OIL,Diesel Oil Nacional,DIESEL_NACIONAL,ESTACION DE SERVICIO MORAGRANDE S.R.L. (SUC 1),ESTACION DE SERVICIO MORAGRANDE S.R.L. (SUC 1),2483-HBD,20000.0,L,2026-09-30,2026-09-30,2026-09-30T16:42:58.033000+00:00,True,False,Ciudad,SUR,True
2026-10-01 00:24:20,2026-09-30,4,SCZ,Santa Cruz,Diesel,DIESEL OIL,Diesel Oil Nacional,DIESEL_NACIONAL,ESTACION DE SERVICIO MORAGRANDE S.R.L.,ESTACION DE SERVICIO MORAGRANDE S.R.L.,2483-HBD,10000.0,L,2026-09-30,2026-09-30,2026-09-30T16:42:58.033000+00:00,True,False,Ciudad,SUR,True
2026-10-01 00:24:20,2026-09-30,4,SCZ,Santa Cruz,Diesel,DIESEL OIL,Diesel Oil Nacional,DIESEL_NACIONAL,SURTIDOR COTOCA - JOSE RAMIRO AYALA FLORES,SURTIDOR COTOCA - JOSE RAMIRO AYALA FLORES,2338-FGD,20000.0,L,2026-09-29,2026-09-30,2026-09-30T15:37:43.410000+00:00,True,True,Ciudad,ESTE,True
2026-10-01 00:24:20,2026-09-30,4,SCZ,Santa Cruz,Diesel,DIESEL OIL,Diesel Oil Nacional,DIESEL_NACIONAL,ESTACION DE SERVICIO TOTAITU N&T S.R.L.,ESTACION DE SERVICIO TOTAITU N&T S.R.L.,2390-XBX,15000.0,L,2026-09-29,2026-09-30,2026-09-30T11:10:21.790000+00:00,True,True,Ciudad,NORTE,True
2026-10-01 00:24:20,2026-09-30,4,SCZ,Santa Cruz,Diesel,DIESEL OIL,Diesel Oil Nacional,DIESEL_NACIONAL,ESTACION DE SERVICIOS VIRGEN DE COTOCA S.R.L.,ESTACION DE SERVICIOS VIRGEN DE COTOCA S.R.L.,1174-GCP,25000.0,L,2026-09-29,2026-09-30,2026-09-30T12:16:54.197000+00:00,True,True,Ciudad,ESTE,True
2026-10-01 00:24:20,2026-09-30,4,SCZ,Santa Cruz,Diesel,DIESEL OIL NACIONAL EESS,Diesel Oil Nacional,DIESEL_NACIONAL,ESTACION DE SERVICIO VALLES CRUCEÑOS,ESTACION DE SERVICIO VALLES CRUCEÑOS,1100-GFG,10000.0,L,2026-09-28,2026-09-30,2026-09-30T17:25:59.283000+00:00,True,True,Provincia,MAIRANA,True
2026-10-01 00:24:20,2026-09-30,4,SCZ,Santa Cruz,Diesel,DIESEL OIL NACIONAL EESS,Diesel Oil Nacional,DIESEL_NACIONAL,ESTACION DE SERVICIO EL BATO,ESTACION DE SERVICIO EL BATO,1502-UIR,5000.0,L,2026-09-29,2026-09-30,2026-09-30T17:09:29.210000+00:00,True,True,Provincia,MONTERO,True
2026-10-01 00:24:20,2026-09-30,4,SCZ,Santa Cruz,Diesel,DIESEL OIL IMPORTADO CF,Diesel Oil Importado,DIESEL_IMPORTADO,AGROPECUARIA ALGARROBAL S.A,AGROPECUARIA ALGARROBAL S.A,377-EDB,19900.0,L,2026-09-30,2026-09-30,2026-09-30T16:39:37.240000+00:00,True,False,,,True
2026-10-01 00:24:20,2026-09-30,4,SCZ,Santa Cruz,Diesel,DIESEL OIL,Diesel Oil Nacional,DIESEL_NACIONAL,ESTACION DE SERVICIO 3F OIL S.R.L.,ESTACION DE SERVICIO 3F OIL S.R.L.,953-UFL,20000.0,L,2026-09-29,2026-09-30,2026-09-30T12:58:57.290000+00:00,True,True,Ciudad,OESTE,True
2026-10-01 00:24:20,2026-09-30,4,SCZ,Santa Cruz,Diesel,DIESEL OIL IMPORTADO EESS,Diesel Oil Importado,DIESEL_IMPORTADO,ESTACION DE SERVICIO LOS COYUYOS-JULIA GONZALES,ESTACION DE SERVICIO LOS COYUYOS-JULIA GONZALES,3589-UKG,10000.0,L,2026-09-29,2026-09-30,2026-09-30T13:41:46.403000+00:00,True,True,Ciudad,NORTE,True
2026-10-01 00:24:20,2026-09-30,4,SCZ,Santa Cruz,Diesel,DIESEL OIL,Diesel Oil Nacional,DIESEL_NACIONAL,SURTIDOR VIRGEN DE CHARAGUA S.R.L.,SURTIDOR VIRGEN DE CHARAGUA S.R.L.,1148-XGX,20000.0,L,2026-09-29,2026-09-30,2026-09-30T13:34:08.137000+00:00,True,True,Provincia,CHARAGUA,True
2026-10-01 00:24:20,2026-09-30,4,SCZ,Santa Cruz,Gasolina,GASOLINA ESPECIAL CF,Gasolina Especial,GASOLINA_ESPECIAL,EQUIPETROL S.A,EQUIPETROL S.A,3444-YTK,15000.0,L,2026-09-30,2026-09-30,2026-10-01T02:56:51.643000+00:00,True,False,,,True
2026-10-01 00:24:20,2026-09-30,4,SCZ,Santa Cruz,Gasolina,GASOLINA ESPECIAL + EESS,Gasolina Especial +,GASOLINA_ESPECIAL_MAS,"ESTACION DE SERVICIO ""S.J"" S.R.L.","ESTACION DE SERVICIO ""S.J"" S.R.L.",3598-KXG,25000.0,L,2026-09-30,2026-09-30,2026-10-01T01:58:14.663000+00:00,True,False,Provincia,MONTERO,True
2026-10-01 00:24:20,2026-09-30,4,SCZ,Santa Cruz,Gasolina,GASOLINA ESPECIAL EESS,Gasolina Especial,GASOLINA_ESPECIAL,ESTACION DE SERVICIO SAN SALVADOR - SILVIA VARGAS CRESPO,ESTACION DE SERVICIO SAN SALVADOR - SILVIA VARGAS CRESPO,2307-HGK,25000.0,L,2026-09-30,2026-09-30,2026-10-01T01:52:32.460000+00:00,True,False,Provincia,YAPACANI,True
2026-10-01 00:24:20,2026-09-30,4,SCZ,Santa Cruz,Gasolina,GASOLINA ESPECIAL + EESS,Gasolina Especial +,GASOLINA_ESPECIAL_MAS,ESTACION DE SERVICIO EL BIBOSI - ROY RIDER LA FUENTE COLQUE,ESTACION DE SERVICIO EL BIBOSI - ROY RIDER LA FUENTE COLQUE,1330-AEN,10000.0,L,2026-09-30,2026-09-30,2026-10-01T01:40:09.073000+00:00,True,False,,,True
2026-10-01 00:24:20,2026-09-30,4,SCZ,Santa Cruz,Gasolina,GASOLINA ESPECIAL +,Gasolina Especial +,GASOLINA_ESPECIAL_MAS,JARAJORECHI S.R.L.,JARAJORECHI S.R.L.,863-XYY,20000.0,L,2026-09-30,2026-09-30,2026-10-01T01:54:51.987000+00:00,True,False,Provincia,MONTERO,True
2026-10-01 00:24:20,2026-09-30,4,SCZ,Santa Cruz,Gasolina,GASOLINA ESPECIAL +,Gasolina Especial +,GASOLINA_ESPECIAL_MAS,ESTACION DE SERVICIO LA GUARDIA,ESTACION DE SERVICIO LA GUARDIA,1803-YHK,20000.0,L,2026-09-30,2026-09-30,2026-10-01T01:48:58.513000+00:00,True,False,Provincia,LA GUARDIA,True
2026-10-01 00:24:20,2026-09-30,4,SCZ,Santa Cruz,Gasolina,GASOLINA ESPECIAL +,Gasolina Especial +,GASOLINA_ESPECIAL_MAS,ESTACION DE SERVICIO PIRAI S.R.L. SUCURSAL 1,ESTACION DE SERVICIO PIRAI S.R.L. SUCURSAL 1,1128-FUX,20000.0,L,2026-09-30,2026-09-30,2026-10-01T03:00:53.787000+00:00,True,False,Provincia,CABEZAS,True
2026-10-01 00:24:20,2026-09-30,4,SCZ,Santa Cruz,Gasolina,GASOLINA ESPECIAL +,Gasolina Especial +,GASOLINA_ESPECIAL_MAS,ESTACION DE SERVICIO MONTERO - MARIA DEL ROSARIO COLQUE QUIROZ,ESTACION DE SERVICIO MONTERO - MARIA DEL ROSARIO COLQUE QUIROZ,1330-AEN,20000.0,L,2026-09-30,2026-09-30,2026-10-01T01:40:09.073000+00:00,True,False,Provincia,MONTERO,True
2026-10-01 00:24:20,2026-09-30,4,SCZ,Santa Cruz,Gasolina,GASOLINA ESPECIAL,Gasolina Especial,GASOLINA_ESPECIAL,YPFB,ESTACION DE SERVICIO SAN SILVESTRE,2265-BKN,30000.0,L,,2026-09-30,2026-10-01T03:08:14.093000+00:00,True,False,Provincia,,True
2026-10-01 00:24:20,2026-09-30,4,SCZ,Santa Cruz,Gasolina,GASOLINA ESPECIAL +,Gasolina Especial +,GASOLINA_ESPECIAL_MAS,YPFB,PETRO VAL SRL.,1292-AKT,20000.0,L,,2026-09-30,2026-10-01T03:05:10.207000+00:00,True,False,Provincia,,False
2026-10-01 00:24:20,2026-09-30,4,SCZ,Santa Cruz,Gasolina,GASOLINA ESPECIAL + EESS,Gasolina Especial +,GASOLINA_ESPECIAL_MAS,CENTRO DE COMERCIO SANTA RITAKM32 S.R.L.,CENTRO DE COMERCIO SANTA RITAKM32 S.R.L.,3853-BSD,25000.0,L,2026-09-30,2026-09-30,2026-10-01T02:35:22.397000+00:00,True,False,Provincia,EL TORNO,True
2026-10-01 00:24:20,2026-09-30,4,SCZ,Santa Cruz,Gasolina,GASOLINA ESPECIAL +,Gasolina Especial +,GASOLINA_ESPECIAL_MAS,ESTACION DE SERVICIO EL TAJIBO OKINAWA,ESTACION DE SERVICIO EL TAJIBO OKINAWA,1122-SRR,20000.0,L,2026-09-30,2026-09-30,2026-10-01T02:10:31.540000+00:00,True,False,Provincia,OKINAWA,True
2026-10-01 00:24:20,2026-09-30,4,SCZ,Santa Cruz,Gasolina,GASOLINA ESPECIAL +,Gasolina Especial +,GASOLINA_ESPECIAL_MAS,PARTICIPACIONES E INVERSIONES EN GAS - PIGAS S.A.,PARTICIPACIONES E INVERSIONES EN GAS - PIGAS S.A.,1169-YKS,20000.0,L,2026-09-30,2026-09-30,2026-10-01T02:38:27.383000+00:00,True,False,Provincia,EL TORNO,True
2026-10-01 00:24:20,2026-09-30,4,SCZ,Santa Cruz,Gasolina,GASOLINA ESPECIAL +,Gasolina Especial +,GASOLINA_ESPECIAL_MAS,D-GAS S.A. SUCURSAL SANTA CRUZ,D-GAS S.A. SUCURSAL SANTA CRUZ,2511-RLA,20000.0,L,2026-09-30,2026-09-30,2026-10-01T02:12:49.330000+00:00,True,False,Provincia,WARNES,True
2026-10-01 00:24:20,2026-09-30,4,SCZ,Santa Cruz,Gasolina,GASOLINA ESPECIAL,Gasolina Especial,GASOLINA_ESPECIAL,YPFB,ESTACION DE SERVICIO SAN PEDRO DEL NORTE,859-SKC,10000.0,L,,2026-09-30,2026-10-01T02:17:36.807000+00:00,True,False,Provincia,,True
2026-10-01 00:24:20,2026-09-30,4,SCZ,Santa Cruz,Gasolina,GASOLINA ESPECIAL,Gasolina Especial,GASOLINA_ESPECIAL,YPFB,MORA,626-RAT,20000.0,L,,2026-09-30,2026-10-01T02:03:46.800000+00:00,True,False,Provincia,,True
2026-10-01 00:24:20,2026-09-30,4,SCZ,Santa Cruz,Gasolina,GASOLINA ESPECIAL + (S/DSI),Gasolina Especial +,GASOLINA_ESPECIAL_MAS,ESTACION DE SERVICIO SUR S.R.L. SUCURSAL 2,ESTACION DE SERVICIO SUR S.R.L. SUCURSAL 2,1493-PDD,20000.0,L,2026-09-30,2026-09-30,,True,False,Ciudad,NORTE,True
2026-10-01 00:24:20,2026-09-30,4,SCZ,Santa Cruz,Gasolina,GASOLINA ESPECIAL + (S/DSI),Gasolina Especial +,GASOLINA_ESPECIAL_MAS,ESTACION DE SERVICIO EL TROMPILLO,ESTACION DE SERVICIO EL TROMPILLO,1285-UKF,20000.0,L,2026-09-30,2026-09-30,,True,False,Ciudad,SUR,True
2026-10-01 00:24:20,2026-09-30,4,SCZ,Santa Cruz,Gasolina,GASOLINA ESPECIAL + (S/DSI),Gasolina Especial +,GASOLINA_ESPECIAL_MAS,GENEX S.A-SUCURSAL S.C ZONA GUARACACHI,GENEX S.A-SUCURSAL S.C ZONA GUARACACHI,878-ENK,20000.0,L,2026-09-30,2026-09-30,,True,False,Ciudad,ESTE,True
2026-10-01 00:24:20,2026-09-30,4,SCZ,Santa Cruz,Gasolina,GASOLINA ESPECIAL + (S/DSI),Gasolina Especial +,GASOLINA_ESPECIAL_MAS,GENEX S.A SUCURSAL SANTA CRUZ ZONA LA RAMADA,GENEX S.A SUCURSAL SANTA CRUZ ZONA LA RAMADA,1285-UKF,15000.0,L,2026-09-30,2026-09-30,,True,False,Ciudad,OESTE,True
2026-10-01 00:24:20,2026-09-30,4,SCZ,Santa Cruz,Gasolina,GASOLINA ESPECIAL + (S/DSI),Gasolina Especial +,GASOLINA_ESPECIAL_MAS,REFRIGAS S.R.L.,REFRIGAS S.R.L.,1123-RNR,20000.0,L,2026-09-30,2026-09-30,,True,False,Ciudad,ESTE,True
2026-10-01 00:24:20,2026-09-30,4,SCZ,Santa Cruz,Gasolina,GASOLINA ESPECIAL + EESS,Gasolina Especial +,GASOLINA_ESPECIAL_MAS,SURTIDOR VIRGEN DE CHARAGUA S.R.L.,SURTIDOR VIRGEN DE CHARAGUA S.R.L.,729-DLC,15000.0,L,2026-09-30,2026-09-30,2026-10-01T00:32:08.703000+00:00,True,False,Provincia,CHARAGUA,False
2026-10-01 00:24:20,2026-09-30,4,SCZ,Santa Cruz,Gasolina,GASOLINA ESPECIAL + EESS,Gasolina Especial +,GASOLINA_ESPECIAL_MAS,ESTACION DE SERVICIO EL JUNTE-ALEJANDRA MARIEL BALCAZAR PAZ,ESTACION DE SERVICIO EL JUNTE-ALEJANDRA MARIEL BALCAZAR PAZ,2883-XTL,25000.0,L,2026-09-30,2026-09-30,2026-10-01T00:28:56.890000+00:00,True,False,Provincia,SAN PABLO,True
2026-10-01 00:24:20,2026-09-30,4,SCZ,Santa Cruz,Gasolina,GASOLINA ESPECIAL + EESS,Gasolina Especial +,GASOLINA_ESPECIAL_MAS,TARIFA S.R.L.,TARIFA S.R.L.,1636-FLK,20000.0,L,2026-09-30,2026-09-30,2026-10-01T00:01:39.523000+00:00,True,False,Provincia,MINERO,True
2026-10-01 00:24:20,2026-09-30,4,SCZ,Santa Cruz,Gasolina,GASOLINA ESPECIAL + EESS,Gasolina Especial +,GASOLINA_ESPECIAL_MAS,ESTACION DE SERVICIO EUSE CRUZ,ESTACION DE SERVICIO EUSE CRUZ,869-TZE,25000.0,L,2026-09-30,2026-09-30,2026-09-30T23:43:52.440000+00:00,True,False,Provincia,VALLE GRANDE,True
2026-10-01 00:24:20,2026-09-30,4,SCZ,Santa Cruz,Gasolina,GASOLINA ESPECIAL + EESS,Gasolina Especial +,GASOLINA_ESPECIAL_MAS,"EE.SS. COOP. DE SERVICIOS PUBLICOS DE AGUA POTABLE Y ALCANTARILLADO ""MONTES CLAROS"" R.L.","EE.SS. COOP. DE SERVICIOS PUBLICOS DE AGUA POTABLE Y ALCANTARILLADO ""MONTES CLAROS"" R.L.",3134-RAX,25000.0,L,2026-09-30,2026-09-30,2026-09-30T23:39:54.123000+00:00,True,False,Provincia,VALLE GRANDE,True
2026-10-01 00:24:20,2026-09-30,4,SCZ,Santa Cruz,Gasolina,GASOLINA ESPECIAL + EESS,Gasolina Especial +,GASOLINA_ESPECIAL_MAS,ESTACION DE SERVICIO PORTACHUELO LTDA,ESTACION DE SERVICIO PORTACHUELO LTDA,599-AEA,20000.0,L,2026-09-30,2026-09-30,2026-09-30T23:32:50.273000+00:00,True,False,Provincia,PORTACHUELO,True
2026-10-01 00:24:20,2026-09-30,4,SCZ,Santa Cruz,Gasolina,GASOLINA ESPECIAL + EESS,Gasolina Especial +,GASOLINA_ESPECIAL_MAS,ESTACION DE SERVICIO CHANE,ESTACION DE SERVICIO CHANE,1094-EIF,15000.0,L,2026-09-30,2026-09-30,2026-09-30T23:29:50.550000+00:00,True,False,Provincia,FERNANDEZ ALONSO,True
2026-10-01 00:24:20,2026-09-30,4,SCZ,Santa Cruz,Gasolina,GASOLINA ESPECIAL + (S/DSI),Gasolina Especial +,GASOLINA_ESPECIAL_MAS,ESTACION DE SERVICIO LAS CONCHAS S.R.L.-SUCURSAL LA ENCONADA,ESTACION DE SERVICIO LAS CONCHAS S.R.L.-SUCURSAL LA ENCONADA,1275-RHG,20000.0,L,2026-09-30,2026-09-30,2026-09-30T23:10:56.403000+00:00,True,False,Provincia,PAILON,True
2026-10-01 00:24:20,2026-09-30,4,SCZ,Santa Cruz,Gasolina,GASOLINA ESPECIAL + EESS,Gasolina Especial +,GASOLINA_ESPECIAL_MAS,ESTACION DE SERVICIO ARACATACA,ESTACION DE SERVICIO ARACATACA,652-SRU,20000.0,L,2026-09-30,2026-09-30,2026-09-30T23:08:36.363000+00:00,True,False,Provincia,MONTERO,True
2026-10-01 00:24:20,2026-09-30,4,SCZ,Santa Cruz,Gasolina,GASOLINA ESPECIAL + EESS,Gasolina Especial +,GASOLINA_ESPECIAL_MAS,ESTACION DE SERVICIO ARNEZ - LUIS ARNEZ ONOFRE,ESTACION DE SERVICIO ARNEZ - LUIS ARNEZ ONOFRE,1163-LHT,20000.0,L,2026-09-30,2026-09-30,2026-09-30T23:05:08.140000+00:00,True,False,Provincia,SAN JULIAN,True
2026-10-01 00:24:20,2026-09-30,4,SCZ,Santa Cruz,Gasolina,GASOLINA ESPECIAL +,Gasolina Especial +,GASOLINA_ESPECIAL_MAS,ESTACION DE SERVICIO RUTA NORTE S.R.L.,ESTACION DE SERVICIO RUTA NORTE S.R.L.,3589-UKG,25000.0,L,2026-09-30,2026-09-30,2026-09-30T22:37:05.383000+00:00,True,False,Provincia,WARNES,True
2026-10-01 00:24:20,2026-09-30,4,SCZ,Santa Cruz,Gasolina,GASOLINA ESPECIAL +,Gasolina Especial +,GASOLINA_ESPECIAL_MAS,SURTIDOR LOS NEGROS - NERY TABOADA CONTRERAS,SURTIDOR LOS NEGROS - NERY TABOADA CONTRERAS,1871-FDS,20000.0,L,2026-09-30,2026-09-30,2026-09-30T22:19:53.703000+00:00,True,False,Provincia,PAMPA GRANDE,True
2026-10-01 00:24:20,2026-09-30,4,SCZ,Santa Cruz,Gasolina,GASOLINA ESPECIAL +,Gasolina Especial +,GASOLINA_ESPECIAL_MAS,COMERCIALIZADORA DE HIDROCARBUROS ABJ S.R.L,COMERCIALIZADORA DE HIDROCARBUROS ABJ S.R.L,6398-RNI,25000.0,L,2026-09-30,2026-09-30,2026-09-30T22:31:15.277000+00:00,True,False,Provincia,YAPACANI,True
2026-10-01 00:24:20,2026-09-30,4,SCZ,Santa Cruz,Gasolina,GASOLINA ESPECIAL + IMPORTADA,Gasolina Especial +,GASOLINA_ESPECIAL_MAS,ESTACION DE SERVICIO SUR S.R.L. SUCURSAL 1,ESTACION DE SERVICIO SUR S.R.L. SUCURSAL 1,1999-CDP,20000.0,L,2026-09-30,2026-09-30,2026-09-30T21:18:47.097000+00:00,True,False,Ciudad,CENTRO,True
2026-10-01 00:24:20,2026-09-30,4,SCZ,Santa Cruz,Gasolina,GASOLINA ESPECIAL +,Gasolina Especial +,GASOLINA_ESPECIAL_MAS,ESTACION DE SERVICIO SUR S.R.L. SUCURSAL MONTE VERDE,ESTACION DE SERVICIO SUR S.R.L. SUCURSAL MONTE VERDE,1095-ZCK,20000.0,L,2026-09-30,2026-09-30,2026-09-30T22:06:05.680000+00:00,True,False,Provincia,MONTERO,True
2026-10-01 00:24:20,2026-09-30,4,SCZ,Santa Cruz,Gasolina,GASOLINA ESPECIAL +,Gasolina Especial +,GASOLINA_ESPECIAL_MAS,SURTIDOR EL PATUJU - ROGELIO LA FUENTE OLIVERA,SURTIDOR EL PATUJU - ROGELIO LA FUENTE OLIVERA,1865-TSA,20000.0,L,2026-09-30,2026-09-30,2026-09-30T22:49:48.533000+00:00,True,False,Provincia,SANTA ROSA DEL SARA,True
2026-10-01 00:24:20,2026-09-30,4,SCZ,Santa Cruz,Gasolina,GASOLINA ESPECIAL + (S/DSI),Gasolina Especial +,GASOLINA_ESPECIAL_MAS,GENEX S.A SUCURSAL S.C ZONA GUALBERTO VILLARROEL,GENEX S.A SUCURSAL S.C ZONA GUALBERTO VILLARROEL,1166-FCU,15000.0,L,2026-09-30,2026-09-30,2026-09-30T21:56:57.997000+00:00,True,False,Ciudad,ESTE,True
2026-10-01 00:24:20,2026-09-30,4,SCZ,Santa Cruz,Gasolina,GASOLINA ESPECIAL + (S/DSI),Gasolina Especial +,GASOLINA_ESPECIAL_MAS,CIA BOLIVIANA DE GAS NATURAL COMPRIMIDO GENEX SA,CIA BOLIVIANA DE GAS NATURAL COMPRIMIDO GENEX SA,1166-FCU,20000.0,L,2026-09-30,2026-09-30,2026-09-30T21:56:57.997000+00:00,True,False,Ciudad,CENTRO,True
2026-10-01 00:24:20,2026-09-30,4,SCZ,Santa Cruz,Gasolina,GASOLINA ESPECIAL + EESS,Gasolina Especial +,GASOLINA_ESPECIAL_MAS,ESTACION DE SERVICIO MINERO-JHONNY QUINTEROS VASQUEZ,ESTACION DE SERVICIO MINERO-JHONNY QUINTEROS VASQUEZ,512-ZZA,20000.0,L,2026-09-30,2026-09-30,2026-09-30T21:54:29.307000+00:00,True,False,Provincia,MINERO,True
2026-10-01 00:24:20,2026-09-30,4,SCZ,Santa Cruz,Gasolina,GASOLINA ESPECIAL + IMPORTADA,Gasolina Especial +,GASOLINA_ESPECIAL_MAS,SERVICIOS GENERALES LA CAÑADA S.R.L.,SERVICIOS GENERALES LA CAÑADA S.R.L.,2215-HBF,20000.0,L,2026-09-30,2026-09-30,2026-09-30T21:42:59.990000+00:00,True,False,Ciudad,SUR,True
2026-10-01 00:24:20,2026-09-30,4,SCZ,Santa Cruz,Gasolina,GASOLINA ESPECIAL + (S/DSI),Gasolina Especial +,GASOLINA_ESPECIAL_MAS,Z & Z LTDA,Z & Z LTDA,2319-UPC,20000.0,L,2026-09-30,2026-09-30,2026-09-30T21:32:49.080000+00:00,True,False,Ciudad,CENTRO,True
2026-10-01 00:24:20,2026-09-30,4,SCZ,Santa Cruz,Gasolina,GASOLINA ESPECIAL + (S/DSI),Gasolina Especial +,GASOLINA_ESPECIAL_MAS,ESTACION DE SERVICIO PIRAI S.R.L.,ESTACION DE SERVICIO PIRAI S.R.L.,2447-AGD,15000.0,L,2026-09-30,2026-09-30,2026-09-30T21:28:06.170000+00:00,True,False,Ciudad,OESTE,True
2026-10-01 00:24:20,2026-09-30,4,SCZ,Santa Cruz,Gasolina,GASOLINA ESPECIAL + (S/DSI),Gasolina Especial +,GASOLINA_ESPECIAL_MAS,ESTACION DE SERVICIO PIRAI S.R.L. SUC. DOBLE VIA LA GUARDIA ESQ. OCTAVO ANILLO,ESTACION DE SERVICIO PIRAI S.R.L. SUC. DOBLE VIA LA GUARDIA ESQ. OCTAVO ANILLO,2447-AGD,20000.0,L,2026-09-30,2026-09-30,2026-09-30T21:28:06.170000+00:00,True,False,Ciudad,SUR,True
2026-10-01 00:24:20,2026-09-30,4,SCZ,Santa Cruz,Gasolina,GASOLINA ESPECIAL + (S/DSI),Gasolina Especial +,GASOLINA_ESPECIAL_MAS,ESTACION DE SERVICIO EL TERO TERO DE CHICHITA - RODRIGO REMY AQUINO ALVARADO,ESTACION DE SERVICIO EL TERO TERO DE CHICHITA - RODRIGO REMY AQUINO ALVARADO,2468-GTE,5000.0,L,2026-09-26,2026-09-30,2026-09-30T21:14:46.147000+00:00,True,True,Ciudad,CENTRO,False
2026-10-01 00:24:20,2026-09-30,4,SCZ,Santa Cruz,Gasolina,GASOLINA ESPECIAL + (S/DSI),Gasolina Especial +,GASOLINA_ESPECIAL_MAS,COMPLEJO AUTOMOTRIZ VIRGEN DE URKUPIÑA S.R.L.,COMPLEJO AUTOMOTRIZ VIRGEN DE URKUPIÑA S.R.L.,1135-RGC,20000.0,L,2026-09-30,2026-09-30,2026-09-30T20:58:14.550000+00:00,True,False,Ciudad,ESTE,True
2026-10-01 00:24:20,2026-09-30,4,SCZ,Santa Cruz,Gasolina,GASOLINA ESPECIAL + EESS,Gasolina Especial +,GASOLINA_ESPECIAL_MAS,ESTACION DE SERVICIO FLORES-SIMONA FLORES FLORES,ESTACION DE SERVICIO FLORES-SIMONA FLORES FLORES,4059-FXU,20000.0,L,2026-09-30,2026-09-30,2026-09-30T20:31:10.297000+00:00,True,False,Provincia,SAN JULIAN,True
2026-10-01 00:24:20,2026-09-30,4,SCZ,Santa Cruz,Gasolina,GASOLINA ESPECIAL + (S/DSI),Gasolina Especial +,GASOLINA_ESPECIAL_MAS,EMPRESA DE SERVICIOS 8 DE NOVIEMBRE LTDA.,EMPRESA DE SERVICIOS 8 DE NOVIEMBRE LTDA.,1831-SEK,15000.0,L,2026-09-30,2026-09-30,,True,False,Ciudad,SUR,True
2026-10-01 00:24:20,2026-09-30,4,SCZ,Santa Cruz,Gasolina,GASOLINA ESPECIAL + (S/DSI),Gasolina Especial +,GASOLINA_ESPECIAL_MAS,LAS PALMAS S.R.L.,LAS PALMAS S.R.L.,967-HFA,10000.0,L,2026-09-30,2026-09-30,,True,False,Ciudad,CENTRO,True
2026-10-01 00:24:20,2026-09-30,4,SCZ,Santa Cruz,Gasolina,GASOLINA ESPECIAL + (S/DSI),Gasolina Especial +,GASOLINA_ESPECIAL_MAS,GENEX S.A SUCURSAL SANTA CRUZ ZONA ESTE,GENEX S.A SUCURSAL SANTA CRUZ ZONA ESTE,851-SLG,20000.0,L,2026-09-30,2026-09-30,,True,False,Ciudad,ESTE,False
2026-10-01 00:24:20,2026-09-30,4,SCZ,Santa Cruz,Gasolina,GASOLINA ESPECIAL + (S/DSI),Gasolina Especial +,GASOLINA_ESPECIAL_MAS,SURTIDOR VARDONA - SUSANA POEHLMANN GARCIA,SURTIDOR VARDONA - SUSANA POEHLMANN GARCIA,863-RUI,25000.0,L,2026-09-30,2026-09-30,,True,False,Ciudad,CENTRO,True
2026-10-01 00:24:20,2026-09-30,4,SCZ,Santa Cruz,Gasolina,GASOLINA ESPECIAL + (S/DSI),Gasolina Especial +,GASOLINA_ESPECIAL_MAS,GENEX S.A SUCURSAL S.C ZONA GUALBERTO VILLARROEL,GENEX S.A SUCURSAL S.C ZONA GUALBERTO VILLARROEL,851-SLG,10000.0,L,2026-09-30,2026-09-30,,True,False,Ciudad,ESTE,False
2026-10-01 00:24:20,2026-09-30,4,SCZ,Santa Cruz,Gasolina,GASOLINA ESPECIAL + (S/DSI),Gasolina Especial +,GASOLINA_ESPECIAL_MAS,ESTACION DE SERVICIO VERGARA - FABIOLA NOEMI ZORRILLO VERGARA,ESTACION DE SERVICIO VERGARA - FABIOLA NOEMI ZORRILLO VERGARA,1184-YND,20000.0,L,2026-09-30,2026-09-30,,True,False,Ciudad,ESTE,True
2026-10-01 00:24:20,2026-09-30,4,SCZ,Santa Cruz,Gasolina,GASOLINA ESPECIAL +,Gasolina Especial +,GASOLINA_ESPECIAL_MAS,ESTACION DE SERVICIO PAULINA S.R.L.,ESTACION DE SERVICIO PAULINA S.R.L.,130-TKT,20000.0,L,2026-09-30,2026-09-30,2026-09-30T20:53:34.783000+00:00,True,False,Provincia,SAN RAMON,True
2026-10-01 00:24:20,2026-09-30,4,SCZ,Santa Cruz,Gasolina,GASOLINA ESPECIAL + (S/DSI),Gasolina Especial +,GASOLINA_ESPECIAL_MAS,ESTACION DE SERVICIO SANTOS DUMONT NOGALES,ESTACION DE SERVICIO SANTOS DUMONT NOGALES,961-XHP,5000.0,L,2026-09-30,2026-09-30,,True,False,Ciudad,CENTRO,True
2026-10-01 00:24:20,2026-09-30,4,SCZ,Santa Cruz,Gasolina,GASOLINA ESPECIAL + (S/DSI),Gasolina Especial +,GASOLINA_ESPECIAL_MAS,ESTACION DE SERVICIO ELISA S.R.L.,ESTACION DE SERVICIO ELISA S.R.L.,2291-ATI,20000.0,L,2026-09-30,2026-09-30,,True,False,Ciudad,SUR,True
2026-10-01 00:24:20,2026-09-30,4,SCZ,Santa Cruz,Gasolina,GASOLINA ESPECIAL +,Gasolina Especial +,GASOLINA_ESPECIAL_MAS,ESTACION DE SERVICIO MIRANDA S.R.L.,ESTACION DE SERVICIO MIRANDA S.R.L.,2522-BEF,20000.0,L,2026-09-30,2026-09-30,2026-09-30T20:36:27.037000+00:00,True,False,Provincia,MONTERO,True
2026-10-01 00:24:20,2026-09-30,4,SCZ,Santa Cruz,Gasolina,GASOLINA ESPECIAL + (S/DSI),Gasolina Especial +,GASOLINA_ESPECIAL_MAS,ESTACION DE SERVICIO EL TAROPE - JHONNY AGUILAR ADRIAZOLA,ESTACION DE SERVICIO EL TAROPE - JHONNY AGUILAR ADRIAZOLA,1744-UZH,20000.0,L,2026-09-30,2026-09-30,,True,False,Ciudad,ESTE,True
2026-10-01 00:24:20,2026-09-30,4,SCZ,Santa Cruz,Gasolina,GASOLINA ESPECIAL + (S/DSI),Gasolina Especial +,GASOLINA_ESPECIAL_MAS,COMPAÑIA COMERCIAL DE GAS COMPRIMIDO C.G.C. S.R.L.,COMPAÑIA COMERCIAL DE GAS COMPRIMIDO C.G.C. S.R.L.,2511-RLA,20000.0,L,2026-09-30,2026-09-30,,True,False,Ciudad,SUR,True
2026-10-01 00:24:20,2026-09-30,4,SCZ,Santa Cruz,Gasolina,GASOLINA ESPECIAL + (S/DSI),Gasolina Especial +,GASOLINA_ESPECIAL_MAS,SURTIDOR COTOCA - JOSE RAMIRO AYALA FLORES,SURTIDOR COTOCA - JOSE RAMIRO AYALA FLORES,2338-FGD,20000.0,L,2026-09-30,2026-09-30,,True,False,Ciudad,ESTE,True
2026-10-01 00:24:20,2026-09-30,4,SCZ,Santa Cruz,Gasolina,GASOLINA ESPECIAL + (S/DSI),Gasolina Especial +,GASOLINA_ESPECIAL_MAS,ESTACION DE SERVICIO SAN LUIS,ESTACION DE SERVICIO SAN LUIS,543-PUY,25000.0,L,2026-09-30,2026-09-30,,True,False,Ciudad,SUR,True
2026-10-01 00:24:20,2026-09-30,4,SCZ,Santa Cruz,Gasolina,GASOLINA ESPECIAL + IMPORTADA,Gasolina Especial +,GASOLINA_ESPECIAL_MAS,ESTACION DE SERVICIO PIRAI S.R.L.,ESTACION DE SERVICIO PIRAI S.R.L.,4530-GKD,10000.0,L,2026-09-30,2026-09-30,2026-09-30T18:47:38.150000+00:00,True,False,Ciudad,OESTE,True
2026-10-01 00:24:20,2026-09-30,4,SCZ,Santa Cruz,Gasolina,GASOLINA ESPECIAL + (S/DSI),Gasolina Especial +,GASOLINA_ESPECIAL_MAS,ESTACION DE SERVICIO LA CIMA,ESTACION DE SERVICIO LA CIMA,297-ACK,19900.0,L,2026-09-30,2026-09-30,,True,False,Ciudad,CENTRO,True
2026-10-01 00:24:20,2026-09-30,4,SCZ,Santa Cruz,Gasolina,GASOLINA ESPECIAL + (S/DSI),Gasolina Especial +,GASOLINA_ESPECIAL_MAS,ESTACION DE SERVICIO SANTA MARIA,ESTACION DE SERVICIO SANTA MARIA,1044-PLP,20000.0,L,2026-09-30,2026-09-30,,True,False,Ciudad,CENTRO,True
2026-10-01 00:24:20,2026-09-30,4,SCZ,Santa Cruz,Gasolina,GASOLINA ESPECIAL + (S/DSI),Gasolina Especial +,GASOLINA_ESPECIAL_MAS,ESTACION DE SERVICIO PALMASOLA,ESTACION DE SERVICIO PALMASOLA,514-HAC,20000.0,L,2026-09-30,2026-09-30,,True,False,Ciudad,SUR,False
2026-10-01 00:24:20,2026-09-30,4,SCZ,Santa Cruz,Gasolina,GASOLINA ESPECIAL + (S/DSI),Gasolina Especial +,GASOLINA_ESPECIAL_MAS,ESTACION DE SERVICIO 3F OIL S.R.L.,ESTACION DE SERVICIO 3F OIL S.R.L.,953-UFL,20000.0,L,2026-09-30,2026-09-30,,True,False,Ciudad,OESTE,True
2026-10-01 00:24:20,2026-09-30,4,SCZ,Santa Cruz,Gasolina,GASOLINA ESPECIAL + IMPORTADA,Gasolina Especial +,GASOLINA_ESPECIAL_MAS,ESTACION DE SERVICIO SUR S.R.L.-SUCURSAL ESTACION DE SERVICIO LA TECA,ESTACION DE SERVICIO SUR S.R.L.-SUCURSAL ESTACION DE SERVICIO LA TECA,1469-PUA,25000.0,L,2026-09-30,2026-09-30,2026-09-30T18:54:24.743000+00:00,True,False,Ciudad,ESTE,True
2026-10-01 00:24:20,2026-09-30,4,SCZ,Santa Cruz,Gasolina,GASOLINA ESPECIAL + IMPORTADA,Gasolina Especial +,GASOLINA_ESPECIAL_MAS,ESTACION DE SERVICIO SUR SRL SUCURSAL 3,ESTACION DE SERVICIO SUR SRL SUCURSAL 3,2801-BYP,25000.0,L,2026-09-30,2026-09-30,2026-09-30T20:40:58.050000+00:00,True,False,Ciudad,NORTE,True
2026-10-01 00:24:20,2026-09-30,4,SCZ,Santa Cruz,Gasolina,GASOLINA ESPECIAL + IMPORTADA,Gasolina Especial +,GASOLINA_ESPECIAL_MAS,ESTACION DE SERVICIO SUR S.R.L. SUCURSAL 2,ESTACION DE SERVICIO SUR S.R.L. SUCURSAL 2,2801-BYP,10000.0,L,2026-09-30,2026-09-30,2026-09-30T20:40:58.050000+00:00,True,False,Ciudad,NORTE,True
2026-10-01 00:24:20,2026-09-30,4,SCZ,Santa Cruz,Gasolina,GASOLINA ESPECIAL + IMPORTADA,Gasolina Especial +,GASOLINA_ESPECIAL_MAS,REFINERIA ORIENTAL S.A. SUCURSAL MONTECRISTO,REFINERIA ORIENTAL S.A. SUCURSAL MONTECRISTO,1469-PUA,10000.0,L,2026-09-30,2026-09-30,2026-09-30T18:54:24.743000+00:00,True,False,Ciudad,ESTE,True
2026-10-01 00:24:20,2026-09-30,4,SCZ,Santa Cruz,Gasolina,GASOLINA ESPECIAL + IMPORTADA,Gasolina Especial +,GASOLINA_ESPECIAL_MAS,REFINERIA ORIENTAL S.A.-SUC. BARRIO LAZARETO,REFINERIA ORIENTAL S.A.-SUC. BARRIO LAZARETO,1113-EAA,20000.0,L,2026-09-30,2026-09-30,2026-09-30T20:55:56.243000+00:00,True,False,Ciudad,CENTRO,True
2026-10-01 00:24:20,2026-09-30,4,SCZ,Santa Cruz,Gasolina,GASOLINA ESPECIAL + (S/DSI),Gasolina Especial +,GASOLINA_ESPECIAL_MAS,ESTACION DE SERVICIO RIVERO - LUIS ANTONIO RIVERO AÑEZ,ESTACION DE SERVICIO RIVERO - LUIS ANTONIO RIVERO AÑEZ,681-FDU,5000.0,L,2026-09-30,2026-09-30,,True,False,Ciudad,CENTRO,True
2026-10-01 00:24:20,2026-09-30,4,SCZ,Santa Cruz,Gasolina,GASOLINA ESPECIAL +,Gasolina Especial +,GASOLINA_ESPECIAL_MAS,ESTACION DE SERVICIO KM. 75 S.R.L,ESTACION DE SERVICIO KM. 75 S.R.L,1408-PLU,20000.0,L,2026-09-30,2026-09-30,2026-09-30T19:52:07.120000+00:00,True,False,Provincia,TRES CRUCES,True
2026-10-01 00:24:20,2026-09-30,4,SCZ,Santa Cruz,Gasolina,GASOLINA ESPECIAL +,Gasolina Especial +,GASOLINA_ESPECIAL_MAS,ESTACION DE SERVICIO GASCAR S.R.L.,ESTACION DE SERVICIO GASCAR S.R.L.,5342-KHY,25000.0,L,2026-09-30,2026-09-30,2026-09-30T20:02:53.837000+00:00,True,False,Provincia,EL TORNO,True
2026-10-01 00:24:20,2026-09-30,4,SCZ,Santa Cruz,Gasolina,GASOLINA ESPECIAL +,Gasolina Especial +,GASOLINA_ESPECIAL_MAS,GOTEON S.R.L.,GOTEON S.R.L.,453-IYH,20000.0,L,2026-09-30,2026-09-30,2026-09-30T19:44:40.997000+00:00,True,False,Provincia,PAILON,False
2026-10-01 00:24:20,2026-09-30,4,SCZ,Santa Cruz,Gasolina,GASOLINA ESPECIAL +,Gasolina Especial +,GASOLINA_ESPECIAL_MAS,ESTACION DE SERVICIO LOS BIBOSIS S.R.L.,ESTACION DE SERVICIO LOS BIBOSIS S.R.L.,5631-AZA,20000.0,L,2026-09-30,2026-09-30,2026-09-30T20:08:40.320000+00:00,True,False,Provincia,PORTACHUELO,True
2026-10-01 00:24:20,2026-09-30,4,SCZ,Santa Cruz,Gasolina,GASOLINA ESPECIAL +,Gasolina Especial +,GASOLINA_ESPECIAL_MAS,ESTACION DE SERVICIO DURAZNERO-DANA FLORES DAVALOS,ESTACION DE SERVICIO DURAZNERO-DANA FLORES DAVALOS,2182-HII,20000.0,L,2026-09-30,2026-09-30,2026-09-30T20:11:46.860000+00:00,True,False,Provincia,TRES CRUCES,True
2026-10-01 00:24:20,2026-09-30,4,SCZ,Santa Cruz,Gasolina,GASOLINA ESPECIAL + IMPORTADA,Gasolina Especial +,GASOLINA_ESPECIAL_MAS,REFINERIA ORIENTAL S.A.,REFINERIA ORIENTAL S.A.,4108-GPL,25000.0,L,2026-09-30,2026-09-30,2026-09-30T19:49:21.197000+00:00,True,False,Ciudad,CENTRO,True
2026-10-01 00:24:20,2026-09-30,4,SCZ,Santa Cruz,Gasolina,GASOLINA ESPECIAL,Gasolina Especial,GASOLINA_ESPECIAL,YPFB,EL PARI,4490-DHH,20000.0,L,,2026-09-30,2026-09-30T20:04:19.923000+00:00,True,False,Ciudad,,False
2026-10-01 00:24:20,2026-09-30,4,SCZ,Santa Cruz,Gasolina,GASOLINA ESPECIAL EESS,Gasolina Especial,GASOLINA_ESPECIAL,ESTACION DE SERVICIO REYNALDO CORTEZ QUISPE,ESTACION DE SERVICIO REYNALDO CORTEZ QUISPE,5312-NXE,20000.0,L,2026-09-30,2026-09-30,2026-09-30T19:35:22.873000+00:00,True,False,Ciudad,SUR,True
2026-10-01 00:24:20,2026-09-30,4,SCZ,Santa Cruz,Gasolina,GASOLINA ESPECIAL EESS,Gasolina Especial,GASOLINA_ESPECIAL,ESTACION DE SERVICIO REFINERIA ORIENTAL S.A. - SUC. ZONA 4° ANILLO FRENTE A BUFALO PARK - SC,ESTACION DE SERVICIO REFINERIA ORIENTAL S.A. - SUC. ZONA 4° ANILLO FRENTE A BUFALO PARK - SC,825-ATI,30000.0,L,2026-09-30,2026-09-30,2026-09-30T19:22:46.507000+00:00,True,False,Ciudad,CENTRO,True
2026-10-01 00:24:20,2026-09-30,4,SCZ,Santa Cruz,Gasolina,GASOLINA ESPECIAL + (S/DSI),Gasolina Especial +,GASOLINA_ESPECIAL_MAS,REFINERIA ORIENTAL S.A. SUC. NOR ESTE,REFINERIA ORIENTAL S.A. SUC. NOR ESTE,437-KYY,20000.0,L,2026-09-30,2026-09-30,2026-09-30T19:16:03.923000+00:00,True,False,Ciudad,CENTRO,True
2026-10-01 00:24:20,2026-09-30,4,SCZ,Santa Cruz,Gasolina,GASOLINA ESPECIAL + (S/DSI),Gasolina Especial +,GASOLINA_ESPECIAL_MAS,REFINERIA ORIENTAL S.A.-SUC. TERCER ANILLO INTERNO FRENTE CANCHITA ROYAL,REFINERIA ORIENTAL S.A.-SUC. TERCER ANILLO INTERNO FRENTE CANCHITA ROYAL,1388-TGA,20000.0,L,2026-09-30,2026-09-30,2026-09-30T18:58:01.607000+00:00,True,False,Ciudad,SUR,True
2026-10-01 00:24:20,2026-09-30,4,SCZ,Santa Cruz,Gasolina,GASOLINA ESPECIAL + (S/DSI),Gasolina Especial +,GASOLINA_ESPECIAL_MAS,YVU CENTRO DE SERVICIOS Y COMERCIO S.R.L.,YVU CENTRO DE SERVICIOS Y COMERCIO S.R.L.,1060-PIT,20000.0,L,2026-09-30,2026-09-30,2026-09-30T18:34:09.507000+00:00,True,False,Ciudad,NORTE,True
2026-10-01 00:24:20,2026-09-30,4,SCZ,Santa Cruz,Gasolina,GASOLINA ESPECIAL + (S/DSI),Gasolina Especial +,GASOLINA_ESPECIAL_MAS,ESTACION DE SERVICIO RADIAL 10 - HUGO FLORERO ORELLANA,ESTACION DE SERVICIO RADIAL 10 - HUGO FLORERO ORELLANA,948-PYS,20000.0,L,2026-09-30,2026-09-30,2026-09-30T18:17:59.677000+00:00,True,False,Ciudad,ESTE,True
2026-10-01 00:24:20,2026-09-30,4,SCZ,Santa Cruz,Gasolina,GASOLINA ESPECIAL + EESS,Gasolina Especial +,GASOLINA_ESPECIAL_MAS,ESTACION DE SERVICIO CASCABEL SUC. CUATRO CAÑADAS-YOHANA PAOLA VACA GUZMAN,ESTACION DE SERVICIO CASCABEL SUC. CUATRO CAÑADAS-YOHANA PAOLA VACA GUZMAN,466-RYE,20000.0,L,2026-09-30,2026-09-30,2026-09-30T18:02:52.577000+00:00,True,False,Provincia,4 CAÑADAS,True
2026-10-01 00:24:20,2026-09-30,4,SCZ,Santa Cruz,Gasolina,GASOLINA ESPECIAL + EESS,Gasolina Especial +,GASOLINA_ESPECIAL_MAS,SURTIDOR SANTIAGUITO - E. FABIOLA TORRICO C.,SURTIDOR SANTIAGUITO - E. FABIOLA TORRICO C.,2483-HPX,25000.0,L,2026-09-30,2026-09-30,2026-09-30T17:51:52.447000+00:00,True,False,Provincia,COMARAPA,True
2026-10-01 00:24:20,2026-09-30,4,SCZ,Santa Cruz,Gasolina,GASOLINA ESPECIAL +,Gasolina Especial +,GASOLINA_ESPECIAL_MAS,ESTACION DE SERVICIO MACONDO,ESTACION DE SERVICIO MACONDO,399-LZN,14000.0,L,2026-09-30,2026-09-30,2026-09-30T19:30:18.120000+00:00,True,False,Provincia,FERNANDEZ ALONSO,True
2026-10-01 00:24:20,2026-09-30,4,SCZ,Santa Cruz,Gasolina,GASOLINA ESPECIAL +,Gasolina Especial +,GASOLINA_ESPECIAL_MAS,ESTACION DE SERVICIO LAS CONCHAS S.R.L.,ESTACION DE SERVICIO LAS CONCHAS S.R.L.,389-IPX,15000.0,L,2026-09-30,2026-09-30,2026-09-30T19:18:42.697000+00:00,True,False,Provincia,4 CAÑADAS,True
2026-10-01 00:24:20,2026-09-30,4,SCZ,Santa Cruz,Gasolina,GASOLINA ESPECIAL +,Gasolina Especial +,GASOLINA_ESPECIAL_MAS,ESTACION DE SERVICIO COLINDRES-CARMEN MARY IRIARTE BARBA,ESTACION DE SERVICIO COLINDRES-CARMEN MARY IRIARTE BARBA,1170-DFK,15000.0,L,2026-09-30,2026-09-30,2026-09-30T18:09:23.987000+00:00,True,False,Provincia,CHARAGUA,True
2026-10-01 00:24:20,2026-09-30,4,SCZ,Santa Cruz,Gasolina,GASOLINA ESPECIAL + IMPORTADA,Gasolina Especial +,GASOLINA_ESPECIAL_MAS,GASCO S.R.L.,GASCO S.R.L.,514-HHE,20000.0,L,2026-09-30,2026-09-30,2026-09-30T19:25:08.617000+00:00,True,False,Ciudad,CENTRO,False
2026-10-01 00:24:20,2026-09-30,4,SCZ,Santa Cruz,Gasolina,GASOLINA ESPECIAL + IMPORTADA,Gasolina Especial +,GASOLINA_ESPECIAL_MAS,REFINERIA ORIENTAL S.A. SUCURSAL MONTECRISTO,REFINERIA ORIENTAL S.A. SUCURSAL MONTECRISTO,437-KYY,10000.0,L,2026-09-30,2026-09-30,2026-09-30T19:16:03.923000+00:00,True,False,Ciudad,ESTE,True
2026-10-01 00:24:20,2026-09-30,4,SCZ,Santa Cruz,Gasolina,GASOLINA ESPECIAL + IMPORTADA,Gasolina Especial +,GASOLINA_ESPECIAL_MAS,ESTACION DE SERVICIO LA COLORADA,ESTACION DE SERVICIO LA COLORADA,2120-PKF,20000.0,L,2026-09-30,2026-09-30,2026-09-30T18:16:01.413000+00:00,True,False,Ciudad,SUR,False
2026-10-01 00:24:20,2026-09-30,4,SCZ,Santa Cruz,Gasolina,GASOLINA ESPECIAL + IMPORTADA,Gasolina Especial +,GASOLINA_ESPECIAL_MAS,ESTACION DE SERVICIO DAVILA S.R.L.,ESTACION DE SERVICIO DAVILA S.R.L.,1445-CDA,20000.0,L,2026-09-30,2026-09-30,2026-09-30T18:32:10.363000+00:00,True,False,Ciudad,SUR,False
2026-10-01 00:24:20,2026-09-30,4,SCZ,Santa Cruz,Gasolina,GASOLINA ESPECIAL + EESS,Gasolina Especial +,GASOLINA_ESPECIAL_MAS,ESTACION DE SERVICIO COLINDRES-CARMEN MARY IRIARTE BARBA,ESTACION DE SERVICIO COLINDRES-CARMEN MARY IRIARTE BARBA,1170-DFK,20000.0,L,2026-09-26,2026-09-30,2026-09-30T18:09:23.987000+00:00,True,True,Provincia,CHARAGUA,True
2026-10-01 00:24:20,2026-09-30,4,SCZ,Santa Cruz,Gasolina,GASOLINA ESPECIAL,Gasolina Especial,GASOLINA_ESPECIAL,ABERI SRL,ABERI SRL,5305-ZAN,30000.0,L,2026-09-30,2026-09-30,2026-09-30T17:41:19.370000+00:00,True,False,Provincia,TRES CRUCES,True
2026-10-01 00:24:20,2026-09-30,4,SCZ,Santa Cruz,Gasolina,GASOLINA ESPECIAL +,Gasolina Especial +,GASOLINA_ESPECIAL_MAS,MUYURINA LTDA,MUYURINA LTDA,647-NPX,20000.0,L,2026-09-30,2026-09-30,2026-09-30T17:46:32.090000+00:00,True,False,Provincia,MONTERO,True
2026-10-01 00:24:20,2026-09-30,4,SCZ,Santa Cruz,Gasolina,GASOLINA ESPECIAL + (S/DSI),Gasolina Especial +,GASOLINA_ESPECIAL_MAS,ESTACION DE SERVICIO MONTAÑO S.R.L.,ESTACION DE SERVICIO MONTAÑO S.R.L.,3031-PAN,20000.0,L,2026-09-30,2026-09-30,2026-09-30T17:37:08.337000+00:00,True,False,Ciudad,SUR,True
2026-10-01 00:24:20,2026-09-30,4,SCZ,Santa Cruz,Gasolina,GASOLINA ESPECIAL,Gasolina Especial,GASOLINA_ESPECIAL,YPFB,EE SS CABEZAS,1375-GBD,15000.0,L,,2026-09-30,2026-09-30T17:32:09.953000+00:00,True,False,Provincia,,True
2026-10-01 00:24:20,2026-09-30,4,SCZ,Santa Cruz,Gasolina,GASOLINA ESPECIAL + EESS,Gasolina Especial +,GASOLINA_ESPECIAL_MAS,ESTACION DE SERVICIO SOMOS GAS SRL,ESTACION DE SERVICIO SOMOS GAS SRL,2257-EEE,30000.0,L,2026-09-30,2026-09-30,2026-09-30T17:28:59.313000+00:00,True,False,Provincia,SATELITE NORTE,False
2026-10-01 00:24:20,2026-09-30,4,SCZ,Santa Cruz,Gasolina,GASOLINA ESPECIAL + EESS,Gasolina Especial +,GASOLINA_ESPECIAL_MAS,ESTACION DE SERVICIO VELEZ-HEBERTH VELEZ CORTEZ,ESTACION DE SERVICIO VELEZ-HEBERTH VELEZ CORTEZ,2801-GAB,25000.0,L,2026-09-30,2026-09-30,2026-09-30T17:20:04.773000+00:00,True,False,Provincia,MAIRANA,False
2026-10-01 00:24:20,2026-09-30,4,SCZ,Santa Cruz,Gasolina,GASOLINA ESPECIAL EESS,Gasolina Especial,GASOLINA_ESPECIAL,SURTIDOR ACIPA - SJ S.R.L.,SURTIDOR ACIPA - SJ S.R.L.,6475-PAS,25000.0,L,2026-09-30,2026-09-30,2026-09-30T17:15:08.483000+00:00,True,False,Provincia,SAN JULIAN,True
2026-10-01 00:24:20,2026-09-30,4,SCZ,Santa Cruz,Gasolina,GASOLINA ESPECIAL + (S/DSI),Gasolina Especial +,GASOLINA_ESPECIAL_MAS,ESTACION DE SERVICIO ORSA SRL-SUCURSAL 1,ESTACION DE SERVICIO ORSA SRL-SUCURSAL 1,6453-URG,25000.0,L,2026-09-30,2026-09-30,2026-09-30T12:09:46.223000+00:00,True,False,Provincia,PORONGO,True
2026-10-01 00:24:20,2026-09-30,4,SCZ,Santa Cruz,Gasolina,GASOLINA ESPECIAL,Gasolina Especial,GASOLINA_ESPECIAL,ESTACION DE SERVICIO BI-OCEANICA S.R.L.,ESTACION DE SERVICIO BI-OCEANICA S.R.L.,4269-HNT,30000.0,L,2026-09-30,2026-09-30,2026-09-30T12:26:13.200000+00:00,True,False,Ciudad,NORTE,True
2026-10-01 00:24:20,2026-09-30,4,SCZ,Santa Cruz,Gasolina,GASOLINA ESPECIAL +,Gasolina Especial +,GASOLINA_ESPECIAL_MAS,ESTACION DE SERVICIO VALLES CRUCEÑOS,ESTACION DE SERVICIO VALLES CRUCEÑOS,1100-GFG,25000.0,L,2026-09-30,2026-09-30,2026-09-30T17:25:59.283000+00:00,True,False,Provincia,MAIRANA,True
2026-10-01 00:24:20,2026-09-30,4,SCZ,Santa Cruz,Gasolina,GASOLINA ESPECIAL,Gasolina Especial,GASOLINA_ESPECIAL,ESTACION DE SERVICIO LAS ORQUIDEAS S.R.L.,ESTACION DE SERVICIO LAS ORQUIDEAS S.R.L.,5351-UAG,25000.0,L,2026-09-30,2026-09-30,2026-09-30T12:21:22.097000+00:00,True,False,Ciudad,SUR,True
2026-10-01 00:24:20,2026-09-30,4,SCZ,Santa Cruz,Gasolina,GASOLINA ESPECIAL,Gasolina Especial,GASOLINA_ESPECIAL,"ESTACION DE SERVICIO ""GUAPAY"" S.R.L.","ESTACION DE SERVICIO ""GUAPAY"" S.R.L.",447-PSY,20000.0,L,2026-09-30,2026-09-30,2026-09-30T12:01:47.210000+00:00,True,False,Ciudad,CENTRO,True
2026-10-01 00:24:20,2026-09-30,4,SCZ,Santa Cruz,Gasolina,GASOLINA ESPECIAL,Gasolina Especial,GASOLINA_ESPECIAL,ESTACION DE SERVICIO MORAGRANDE S.R.L. (SUC 1),ESTACION DE SERVICIO MORAGRANDE S.R.L. (SUC 1),2483-HBD,20000.0,L,2026-09-30,2026-09-30,2026-09-30T11:55:23.607000+00:00,True,False,Ciudad,SUR,True
2026-10-01 00:24:20,2026-09-30,4,SCZ,Santa Cruz,Gasolina,GASOLINA ESPECIAL,Gasolina Especial,GASOLINA_ESPECIAL,ESTACION DE SERVICIO TOTAITU N&T S.R.L.,ESTACION DE SERVICIO TOTAITU N&T S.R.L.,1029-ZIN,30000.0,L,2026-09-30,2026-09-30,2026-09-30T11:33:46.657000+00:00,True,False,Ciudad,NORTE,True
2026-10-01 00:24:20,2026-09-30,4,SCZ,Santa Cruz,Gasolina,GASOLINA ESPECIAL + (S/DSI),Gasolina Especial +,GASOLINA_ESPECIAL_MAS,LAS PALMAS S.R.L.,LAS PALMAS S.R.L.,967-HFA,10000.0,L,2026-09-28,2026-09-30,2026-09-30T12:12:30.790000+00:00,True,True,Ciudad,CENTRO,True
2026-10-01 00:24:20,2026-09-30,4,SCZ,Santa Cruz,Gasolina,GASOLINA ESPECIAL + EESS,Gasolina Especial +,GASOLINA_ESPECIAL_MAS,ESTACION DE SERVICIO EL BATO,ESTACION DE SERVICIO EL BATO,1502-UIR,20000.0,L,2026-09-30,2026-09-30,2026-09-30T17:09:29.210000+00:00,True,False,Provincia,MONTERO,True
2026-10-01 00:24:20,2026-09-30,4,SCZ,Santa Cruz,Gasolina,GASOLINA ESPECIAL + (S/DSI),Gasolina Especial +,GASOLINA_ESPECIAL_MAS,ESTACION DE SERVICIO EL GASOMETRO S.R.L.,ESTACION DE SERVICIO EL GASOMETRO S.R.L.,1393-GFA,20000.0,L,2026-09-30,2026-09-30,2026-09-30T17:05:34.307000+00:00,True,False,Ciudad,ESTE,True
2026-10-01 00:24:20,2026-09-30,4,SCZ,Santa Cruz,Gasolina,GASOLINA ESPECIAL + (S/DSI),Gasolina Especial +,GASOLINA_ESPECIAL_MAS,ESTACION DE SERVICIO URBARI SRL,ESTACION DE SERVICIO URBARI SRL,375-KIH,19800.0,L,2026-09-30,2026-09-30,2026-09-30T17:02:17.030000+00:00,True,False,Ciudad,CENTRO,True
2026-10-01 00:24:20,2026-09-30,4,SCZ,Santa Cruz,Gasolina,GASOLINA ESPECIAL + (S/DSI),Gasolina Especial +,GASOLINA_ESPECIAL_MAS,ESTACION DE SERVICIO TRES PASOS AL FRENTE - VITALIANO ROJAS OLIVERA,ESTACION DE SERVICIO TRES PASOS AL FRENTE - VITALIANO ROJAS OLIVERA,2024-CIX,25000.0,L,2026-09-30,2026-09-30,2026-09-30T12:35:26.317000+00:00,True,False,Ciudad,ESTE,True
2026-10-01 00:24:20,2026-09-30,4,SCZ,Santa Cruz,Gasolina,GASOLINA ESPECIAL,Gasolina Especial,GASOLINA_ESPECIAL,ESTACION DE SERVICIO EL TINTO S.R.L.,ESTACION DE SERVICIO EL TINTO S.R.L.,303-DEH,20000.0,L,2026-09-30,2026-09-30,2026-09-30T16:32:49.167000+00:00,True,False,Provincia,TRES CRUCES,True
2026-10-01 00:24:20,2026-09-30,4,SCZ,Santa Cruz,Gasolina,GASOLINA ESPECIAL,Gasolina Especial,GASOLINA_ESPECIAL,ESTACION DE SERVICIO ORTIZ S.R.L.,ESTACION DE SERVICIO ORTIZ S.R.L.,2506-IHP,30000.0,L,2026-09-30,2026-09-30,2026-09-30T16:48:45.917000+00:00,True,False,Provincia,WARNES,True
2026-10-01 00:24:20,2026-09-30,4,SCZ,Santa Cruz,Gasolina,GASOLINA ESPECIAL + IMPORTADA,Gasolina Especial +,GASOLINA_ESPECIAL_MAS,ESTACION DE SERVICIO EL ARROYO S.R.L.,ESTACION DE SERVICIO EL ARROYO S.R.L.,1299-GNA,30000.0,L,2026-09-30,2026-09-30,2026-09-30T15:51:55.157000+00:00,True,False,Ciudad,CENTRO,True
2026-10-01 00:24:20,2026-09-30,4,SCZ,Santa Cruz,Gasolina,GASOLINA ESPECIAL,Gasolina Especial,GASOLINA_ESPECIAL,ESTACION DE SERVICIO SAN LUIS I,ESTACION DE SERVICIO SAN LUIS I,244-ANI,20000.0,L,2026-09-30,2026-09-30,2026-09-30T15:46:42.913000+00:00,True,False,Ciudad,SUR,True
2026-10-01 00:24:20,2026-09-30,4,SCZ,Santa Cruz,Gasolina,GASOLINA ESPECIAL + IMPORTADA,Gasolina Especial +,GASOLINA_ESPECIAL_MAS,ESTACION DE SERVICIO LOS MANGALES S.R.L.,ESTACION DE SERVICIO LOS MANGALES S.R.L.,1005-XLH,25000.0,L,2026-09-30,2026-09-30,2026-09-30T16:26:32.123000+00:00,True,False,Ciudad,OESTE,True
2026-10-01 00:24:20,2026-09-30,4,SCZ,Santa Cruz,Gasolina,GASOLINA ESPECIAL,Gasolina Especial,GASOLINA_ESPECIAL,ESTACION DE SERVICIO GUAYACAN S.R.L.,ESTACION DE SERVICIO GUAYACAN S.R.L.,727-YTY,20000.0,L,2026-09-30,2026-09-30,2026-09-30T15:26:30.707000+00:00,True,False,Ciudad,ESTE,True
2026-10-01 00:24:20,2026-09-30,4,SCZ,Santa Cruz,Gasolina,GASOLINA ESPECIAL + IMPORTADA,Gasolina Especial +,GASOLINA_ESPECIAL_MAS,ESTACION DE SERVICIOS VIRGEN DE COTOCA S.R.L.,ESTACION DE SERVICIOS VIRGEN DE COTOCA S.R.L.,3850-ANL,20000.0,L,2026-09-30,2026-09-30,2026-09-30T16:10:29.593000+00:00,True,False,Ciudad,ESTE,False
2026-10-01 00:24:20,2026-09-30,4,SCZ,Santa Cruz,Gasolina,GASOLINA ESPECIAL + IMPORTADA,Gasolina Especial +,GASOLINA_ESPECIAL_MAS,BICENTENARIO SRL,BICENTENARIO SRL,2434-YRP,25000.0,L,2026-09-30,2026-09-30,2026-09-30T16:35:12.833000+00:00,True,False,Provincia,,True
2026-10-01 00:24:20,2026-09-30,4,SCZ,Santa Cruz,Gasolina,GASOLINA ESPECIAL + IMPORTADA,Gasolina Especial +,GASOLINA_ESPECIAL_MAS,ESTACION DE SERVICIO CLUB GAZEL S.R.L.,ESTACION DE SERVICIO CLUB GAZEL S.R.L.,2229-HLP,20000.0,L,2026-09-30,2026-09-30,2026-09-30T16:28:20.043000+00:00,True,False,Ciudad,SUR,True
2026-10-01 00:24:20,2026-09-30,4,SCZ,Santa Cruz,Gasolina,GASOLINA ESPECIAL + IMPORTADA,Gasolina Especial +,GASOLINA_ESPECIAL_MAS,ESTACION DE SERVICIO EMANUEL S.R.L.,ESTACION DE SERVICIO EMANUEL S.R.L.,332-NTN,20000.0,L,2026-09-30,2026-09-30,2026-09-30T15:57:06.823000+00:00,True,False,Ciudad,SUR,True
2026-10-01 00:24:20,2026-09-30,4,SCZ,Santa Cruz,Gasolina,GASOLINA ESPECIAL,Gasolina Especial,GASOLINA_ESPECIAL,ESTACION DE SERVICIO LA CHORRERA SRL,ESTACION DE SERVICIO LA CHORRERA SRL,885-PZL,20000.0,L,2026-09-30,2026-09-30,2026-09-30T12:37:18.043000+00:00,True,False,Ciudad,SUR,True
2026-10-01 00:24:20,2026-09-30,4,SCZ,Santa Cruz,Gasolina,GASOLINA ESPECIAL + IMPORTADA,Gasolina Especial +,GASOLINA_ESPECIAL_MAS,ESTACION DE SERVICIO ORSA S.R.L.,ESTACION DE SERVICIO ORSA S.R.L.,5583-ADI,20000.0,L,2026-09-30,2026-09-30,2026-09-30T12:52:42.373000+00:00,True,False,Ciudad,CENTRO,True
2026-10-01 00:24:20,2026-09-30,4,SCZ,Santa Cruz,Gasolina,GASOLINA ESPECIAL + IMPORTADA,Gasolina Especial +,GASOLINA_ESPECIAL_MAS,ESTACION DE SERVICIO YOTAU S.R.L.,ESTACION DE SERVICIO YOTAU S.R.L.,3792-ENE,30000.0,L,2026-09-30,2026-09-30,2026-09-30T16:15:45.273000+00:00,True,False,Ciudad,SUR,True
2026-10-01 00:24:20,2026-09-30,4,SCZ,Santa Cruz,Gasolina,GASOLINA ESPECIAL + (S/DSI),Gasolina Especial +,GASOLINA_ESPECIAL_MAS,GASCO S.R.L.,GASCO S.R.L.,1128-FUX,5000.0,L,2026-09-28,2026-09-30,2026-09-30T12:31:32.147000+00:00,True,True,Ciudad,CENTRO,True
2026-10-01 00:24:20,2026-09-30,4,SCZ,Santa Cruz,Gasolina,GASOLINA ESPECIAL + (S/DSI),Gasolina Especial +,GASOLINA_ESPECIAL_MAS,ESTACION DE SERVICIO SUR S.R.L.,ESTACION DE SERVICIO SUR S.R.L.,1128-FUX,10000.0,L,2026-09-28,2026-09-30,2026-09-30T12:31:32.147000+00:00,True,True,Ciudad,SUR,True
2026-10-01 00:24:20,2026-09-30,4,SCZ,Santa Cruz,Gasolina,GASOLINA ESPECIAL + (S/DSI),Gasolina Especial +,GASOLINA_ESPECIAL_MAS,REFINERIA ORIENTAL S.A.-SUC. BARRIO LAZARETO,REFINERIA ORIENTAL S.A.-SUC. BARRIO LAZARETO,1128-FUX,5000.0,L,2026-09-28,2026-09-30,2026-09-30T12:31:32.147000+00:00,True,True,Ciudad,CENTRO,True
2026-10-01 00:24:20,2026-09-30,4,SCZ,Santa Cruz,Gasolina,GASOLINA ESPECIAL,Gasolina Especial,GASOLINA_ESPECIAL,YPFB,EL PARI,4490-DHH,20000.0,L,,2026-09-30,2026-09-30T16:07:52.537000+00:00,True,False,Ciudad,,False
2026-10-01 00:24:20,2026-09-30,4,SCZ,Santa Cruz,Gasolina,GASOLINA ESPECIAL + (S/DSI),Gasolina Especial +,GASOLINA_ESPECIAL_MAS,ESTACION DE SERVICIO RIVERO - LUIS ANTONIO RIVERO AÑEZ,ESTACION DE SERVICIO RIVERO - LUIS ANTONIO RIVERO AÑEZ,681-FDU,20000.0,L,2026-09-30,2026-09-30,2026-09-30T13:02:45.190000+00:00,True,False,Ciudad,CENTRO,True
2026-10-01 00:24:20,2026-09-30,4,SCZ,Santa Cruz,Gasolina,GASOLINA ESPECIAL EESS,Gasolina Especial,GASOLINA_ESPECIAL,SURTIDOR CLUBOL - RUTH JIMENEZ DE MONROY,SURTIDOR CLUBOL - RUTH JIMENEZ DE MONROY,5312-NXE,20000.0,L,2026-09-30,2026-09-30,2026-09-30T12:48:53.293000+00:00,True,False,Ciudad,CENTRO,True
2026-10-01 00:24:20,2026-09-30,4,SCZ,Santa Cruz,Gasolina,GASOLINA ESPECIAL,Gasolina Especial,GASOLINA_ESPECIAL,ESTACION DE SERVICIO QUINTO ANILLO S.R.L.,ESTACION DE SERVICIO QUINTO ANILLO S.R.L.,3018-UKU,20000.0,L,2026-09-30,2026-09-30,2026-09-30T12:55:55.650000+00:00,True,False,Ciudad,SUR,True
2026-10-01 00:24:20,2026-09-30,4,SCZ,Santa Cruz,Gasolina,GASOLINA ESPECIAL,Gasolina Especial,GASOLINA_ESPECIAL,ESTACION DE SERVICIO MORAGRANDE S.R.L.,ESTACION DE SERVICIO MORAGRANDE S.R.L.,1893-NTP,20000.0,L,2026-09-30,2026-09-30,2026-09-30T13:07:24.980000+00:00,True,False,Ciudad,SUR,True
2026-10-01 00:24:20,2026-09-30,4,SCZ,Santa Cruz,Gasolina,GASOLINA ESPECIAL + IMPORTADA,Gasolina Especial +,GASOLINA_ESPECIAL_MAS,YPFB,E.S. CUARTO ANILLO,2829-TND,20000.0,L,,2026-09-30,2026-09-30T15:49:12.553000+00:00,True,False,Ciudad,,False
2026-10-01 00:24:20,2026-09-30,4,SCZ,Santa Cruz,Gasolina,GASOLINA ESPECIAL EESS,Gasolina Especial,GASOLINA_ESPECIAL,ESTACION DE SERVICIO LOS COYUYOS-JULIA GONZALES,ESTACION DE SERVICIO LOS COYUYOS-JULIA GONZALES,3589-UKG,20000.0,L,2026-09-30,2026-09-30,2026-09-30T13:41:46.403000+00:00,True,False,Ciudad,NORTE,True
2026-10-01 00:24:20,2026-09-30,4,SCZ,Santa Cruz,Gasolina,GASOLINA ESPECIAL,Gasolina Especial,GASOLINA_ESPECIAL,CENTRO DE COMERCIO Y SERVICIOS VALDIVIA FERRUFINO S.R.L.,CENTRO DE COMERCIO Y SERVICIOS VALDIVIA FERRUFINO S.R.L.,3853-BSD,20000.0,L,2026-09-30,2026-09-30,2026-09-30T13:21:55.963000+00:00,True,False,Ciudad,SUR,True
2026-10-01 00:24:20,2026-09-30,4,SCZ,Santa Cruz,Gasolina,GASOLINA ESPECIAL EESS,Gasolina Especial,GASOLINA_ESPECIAL,ESTACION DE SERVICIO APAZA-PATRICIA JORGE DE APAZA,ESTACION DE SERVICIO APAZA-PATRICIA JORGE DE APAZA,2066-KRR,20000.0,L,2026-09-30,2026-09-30,2026-09-30T14:59:52.863000+00:00,True,False,Ciudad,ESTE,True
2026-10-01 00:24:20,2026-09-30,4,SCZ,Santa Cruz,Gasolina,GASOLINA ESPECIAL EESS,Gasolina Especial,GASOLINA_ESPECIAL,ESTACION DE SERVICIO PANTANAL DEL ORIENTE-ALVARO LUIS AGUILAR ADRIAZOLA,ESTACION DE SERVICIO PANTANAL DEL ORIENTE-ALVARO LUIS AGUILAR ADRIAZOLA,3605-GSK,25000.0,L,2026-09-30,2026-09-30,2026-09-30T13:58:33.630000+00:00,True,False,Ciudad,ESTE,True
2026-10-01 00:24:20,2026-09-30,4,SCZ,Santa Cruz,Gasolina,GASOLINA ESPECIAL,Gasolina Especial,GASOLINA_ESPECIAL,ESTACION DE SERVICIO SUR S.R.L.,ESTACION DE SERVICIO SUR S.R.L.,4410-KXK,30000.0,L,2026-09-30,2026-09-30,2026-09-30T14:23:03.187000+00:00,True,False,Ciudad,SUR,True
2026-10-01 00:24:20,2026-09-30,4,SCZ,Santa Cruz,Gasolina,GASOLINA ESPECIAL,Gasolina Especial,GASOLINA_ESPECIAL,ESTACION DE SERVICIO DICOR S.R.L.,ESTACION DE SERVICIO DICOR S.R.L.,301-SEE,20000.0,L,2026-09-30,2026-09-30,2026-09-30T14:38:41.943000+00:00,True,False,Ciudad,ESTE,True
2026-10-01 00:24:20,2026-09-30,4,SCZ,Santa Cruz,Gasolina,GASOLINA ESPECIAL,Gasolina Especial,GASOLINA_ESPECIAL,R&E 3000 S.R.L.,R&E 3000 S.R.L.,1197-ATI,25000.0,L,2026-09-30,2026-09-30,2026-09-30T14:15:03.090000+00:00,True,False,Ciudad,SUR,True
2026-10-01 00:24:20,2026-09-30,4,SCZ,Santa Cruz,Gasolina,GASOLINA ESPECIAL,Gasolina Especial,GASOLINA_ESPECIAL,"EMPRESA DAVILA IMPORTADORA-EXPORTADORA S.R.L. ""DAIMPORT - EXPORT LTDA""","EMPRESA DAVILA IMPORTADORA-EXPORTADORA S.R.L. ""DAIMPORT - EXPORT LTDA""",1383-DKA,25000.0,L,2026-09-30,2026-09-30,2026-09-30T13:48:41.107000+00:00,True,False,Ciudad,OESTE,True
2026-10-01 00:24:20,2026-09-30,14,TAR,Tarija,Diesel,DIESEL OIL IMPORTADO EESS,Diesel Oil Importado,DIESEL_IMPORTADO,E.S. AV. CIRCUNVALACION S.R.L.,E.S. AV. CIRCUNVALACION S.R.L.,855-AEC,12000.0,L,2026-09-30,2026-09-30,2026-09-30T18:45:15.203000+00:00,True,False,,,True
2026-10-01 00:24:20,2026-09-30,14,TAR,Tarija,Diesel,DIESEL OIL IMPORTADO EESS,Diesel Oil Importado,DIESEL_IMPORTADO,CONCEPCION MARIO PIMENTEL CHOQUE E.S. DON DANIEL,CONCEPCION MARIO PIMENTEL CHOQUE E.S. DON DANIEL,078-FGK,10000.0,L,2026-09-30,2026-09-30,2026-09-30T18:09:15.293000+00:00,True,False,,,True
2026-10-01 00:24:20,2026-09-30,14,TAR,Tarija,Diesel,DIESEL OIL IMPORTADO EESS,Diesel Oil Importado,DIESEL_IMPORTADO,TACUARANDI S.R.L.,TACUARANDI S.R.L.,2308-CGN,8000.0,L,2026-09-30,2026-09-30,2026-09-30T18:01:05.580000+00:00,True,False,,,True
2026-10-01 00:24:20,2026-09-30,14,TAR,Tarija,Diesel,DIESEL OIL IMPORTADO EESS,Diesel Oil Importado,DIESEL_IMPORTADO,E.S. EL PORTILLO S.R.L.,E.S. EL PORTILLO S.R.L.,4446-CKK,20000.0,L,2026-09-30,2026-09-30,2026-09-30T18:00:09.343000+00:00,True,False,,,True
2026-10-01 00:24:20,2026-09-30,14,TAR,Tarija,Diesel,DIESEL OIL IMPORTADO EESS,Diesel Oil Importado,DIESEL_IMPORTADO,ESTACION DE SERVICIO SAN JORGE S.R.L.,ESTACION DE SERVICIO SAN JORGE S.R.L.,3059-KYD,20000.0,L,2026-09-30,2026-09-30,2026-09-30T15:29:20.347000+00:00,True,False,,,True
2026-10-01 00:24:20,2026-09-30,14,TAR,Tarija,Diesel,DIESEL OIL IMPORTADO EESS,Diesel Oil Importado,DIESEL_IMPORTADO,ESTACION DE SERVICIO MOTO MENDEZ S.R.L.,ESTACION DE SERVICIO MOTO MENDEZ S.R.L.,729-URF,10000.0,L,2026-09-30,2026-09-30,2026-09-30T13:01:24.983000+00:00,True,False,,,True
2026-10-01 00:24:20,2026-09-30,14,TAR,Tarija,Gasolina,GASOLINA ESPECIAL + EESS,Gasolina Especial +,GASOLINA_ESPECIAL_MAS,E.S. LA TERMINAL S.A.,E.S. LA TERMINAL S.A.,371-LEG,12000.0,L,2026-09-30,2026-09-30,2026-09-30T10:45:43.597000+00:00,True,False,,,True
2026-10-01 00:24:20,2026-09-30,14,TAR,Tarija,Gasolina,GASOLINA ESPECIAL + EESS,Gasolina Especial +,GASOLINA_ESPECIAL_MAS,RENE BENITEZ OSORIO - E.S. PANAMERICANO,RENE BENITEZ OSORIO - E.S. PANAMERICANO,3059-KYD,10000.0,L,2026-09-30,2026-09-30,2026-09-30T13:02:34.407000+00:00,True,False,Ciudad,,True
2026-10-01 00:24:20,2026-09-30,14,TAR,Tarija,Gasolina,GASOLINA ESPECIAL + EESS,Gasolina Especial +,GASOLINA_ESPECIAL_MAS,ESTACION DE SERVICIO MOTO MENDEZ S.R.L.,ESTACION DE SERVICIO MOTO MENDEZ S.R.L.,729-URF,10000.0,L,2026-09-30,2026-09-30,2026-09-30T13:01:24.983000+00:00,True,False,,,True
2026-10-01 00:24:20,2026-09-30,14,TAR,Tarija,Gasolina,GASOLINA ESPECIAL + EESS,Gasolina Especial +,GASOLINA_ESPECIAL_MAS,ESTACION DE SERVICIOS TARIJA S.R.L.,ESTACION DE SERVICIOS TARIJA S.R.L.,371-LEG,13000.0,L,2026-09-30,2026-09-30,2026-09-30T12:37:39.057000+00:00,True,False,,,True
2026-10-01 00:24:20,2026-09-30,14,TAR,Tarija,Gasolina,GASOLINA ESPECIAL + EESS,Gasolina Especial +,GASOLINA_ESPECIAL_MAS,TACUARANDI S.R.L.,TACUARANDI S.R.L.,2308-CGN,10000.0,L,2026-09-30,2026-09-30,2026-09-30T12:10:28.987000+00:00,True,False,,,True
2026-10-01 00:24:20,2026-09-30,14,TAR,Tarija,Gasolina,GASOLINA ESPECIAL + EESS,Gasolina Especial +,GASOLINA_ESPECIAL_MAS,E.S. AV. CIRCUNVALACION S.R.L.,E.S. AV. CIRCUNVALACION S.R.L.,855-AEC,13000.0,L,2026-09-30,2026-09-30,2026-09-30T12:02:58.043000+00:00,True,False,,,True
2026-10-01 00:24:20,2026-09-30,14,TAR,Tarija,Gasolina,GASOLINA ESPECIAL + EESS,Gasolina Especial +,GASOLINA_ESPECIAL_MAS,CONCEPCION MARIO PIMENTEL CHOQUE E.S. DON DANIEL,CONCEPCION MARIO PIMENTEL CHOQUE E.S. DON DANIEL,2859-FBK,10000.0,L,2026-09-30,2026-09-30,2026-09-30T12:01:22.407000+00:00,True,False,,,True
2026-10-01 00:24:20,2026-09-30,14,TAR,Tarija,Gasolina,GASOLINA ESPECIAL + EESS,Gasolina Especial +,GASOLINA_ESPECIAL_MAS,E.S. EL MOLLE S.R.L.,E.S. EL MOLLE S.R.L.,6377-PFC,10000.0,L,2026-09-30,2026-09-30,2026-09-30T11:52:05.600000+00:00,True,False,,,True
2026-10-01 00:24:20,2026-09-30,14,TAR,Tarija,Gasolina,GASOLINA ESPECIAL + EESS,Gasolina Especial +,GASOLINA_ESPECIAL_MAS,AGRUPA S.R.L.,AGRUPA S.R.L.,4051-EFY,13000.0,L,2026-09-30,2026-09-30,2026-09-30T11:34:38.497000+00:00,True,False,,,True
2026-10-01 00:24:20,2026-09-30,14,TAR,Tarija,Gasolina,GASOLINA ESPECIAL + EESS,Gasolina Especial +,GASOLINA_ESPECIAL_MAS,ESTACION DE SERVICIO SAN JORGE S.R.L.,ESTACION DE SERVICIO SAN JORGE S.R.L.,3059-KYD,10000.0,L,2026-09-30,2026-09-30,2026-09-30T11:33:52.877000+00:00,True,False,,,True
2026-10-01 00:24:20,2026-09-30,13,TRI,Trinidad,Gasolina,GASOLINA ESPECIAL +,Gasolina Especial +,GASOLINA_ESPECIAL_MAS,YPFB,"EE.SS. ""LAS PALQUITAS""",400-DUG,24000.0,L,,2026-09-30,2026-09-30T18:55:10.143000+00:00,True,False,Provincia,,True
2026-10-01 00:24:20,2026-09-30,24,TUP,Tupiza,Diesel,DIESEL OIL,Diesel Oil Nacional,DIESEL_NACIONAL,YPFB,EE. SS. SANTIAGO DE COTAGAITA,3475-NNF,10000.0,L,,2026-09-30,2026-09-30T18:56:05.013000+00:00,True,False,,,True
2026-10-01 00:24:20,2026-09-30,24,TUP,Tupiza,Diesel,DIESEL OIL,Diesel Oil Nacional,DIESEL_NACIONAL,YPFB,EE. SS. PETRO CENTER,852-PGY,10000.0,L,,2026-09-30,2026-09-30T18:55:12.440000+00:00,True,False,Provincia,,True
2026-10-01 00:24:20,2026-09-30,24,TUP,Tupiza,Diesel,DIESEL OIL,Diesel Oil Nacional,DIESEL_NACIONAL,YPFB,EE. SS. 4 DE JUNIO,5646-UAD,10000.0,L,,2026-09-30,2026-09-30T18:43:49.187000+00:00,True,False,,,False
2026-10-01 00:24:20,2026-09-30,24,TUP,Tupiza,Diesel,DIESEL OIL,Diesel Oil Nacional,DIESEL_NACIONAL,YPFB,EE. SS. 4 DE JUNIO,1061-AIL,20000.0,L,,2026-09-30,2026-09-30T14:52:19.160000+00:00,True,False,,,False
2026-10-01 00:24:20,2026-09-30,24,TUP,Tupiza,Diesel,DIESEL OIL,Diesel Oil Nacional,DIESEL_NACIONAL,YPFB,EE. SS. PETRO CENTER,4093-PGD,10000.0,L,,2026-09-30,2026-09-30T14:49:09.610000+00:00,True,False,Provincia,,True
2026-10-01 00:24:20,2026-09-30,24,TUP,Tupiza,Gasolina,GASOLINA ESPECIAL,Gasolina Especial,GASOLINA_ESPECIAL,YPFB,EE. SS. PETRO CENTER,4093-PGD,7000.0,L,,2026-09-30,2026-09-30T20:58:39.550000+00:00,True,False,Provincia,,True
2026-10-01 00:24:20,2026-09-30,24,TUP,Tupiza,Gasolina,GASOLINA ESPECIAL,Gasolina Especial,GASOLINA_ESPECIAL,YPFB,EE. SS. SANTIAGO DE COTAGAITA,3475-NNF,4000.0,L,,2026-09-30,2026-09-30T18:56:05.013000+00:00,True,False,,,True
2026-10-01 00:24:20,2026-09-30,24,TUP,Tupiza,Gasolina,GASOLINA ESPECIAL,Gasolina Especial,GASOLINA_ESPECIAL,YPFB,EE. SS. 4 DE JUNIO,5646-UAD,7000.0,L,,2026-09-30,2026-09-30T18:43:49.187000+00:00,True,False,,,False
2026-10-01 00:24:20,2026-09-30,23,UYU,Uyuni,Diesel,DIESEL OIL,Diesel Oil Nacional,DIESEL_NACIONAL,YPFB,EE.SS. HOTEL DE SAL PLAYA BLANCA,5653-FUK,5000.0,L,,2026-09-30,2026-09-30T18:13:46.137000+00:00,True,False,Provincia,,True
2026-10-01 00:24:20,2026-09-30,23,UYU,Uyuni,Diesel,DIESEL OIL,Diesel Oil Nacional,DIESEL_NACIONAL,YPFB,EE.SS. GRUPO COLQUE S.R.L,3468-YFG,10000.0,L,,2026-09-30,2026-09-30T15:51:16.723000+00:00,True,False,Provincia,,True
2026-10-01 00:24:20,2026-09-30,23,UYU,Uyuni,Diesel,DIESEL OIL,Diesel Oil Nacional,DIESEL_NACIONAL,YPFB,EE.SS. TRES GIGANTES LTDA,6339-NAC,15000.0,L,,2026-09-30,2026-09-30T15:15:18.213000+00:00,True,False,,,True
2026-10-01 00:24:20,2026-09-30,23,UYU,Uyuni,Diesel,DIESEL OIL,Diesel Oil Nacional,DIESEL_NACIONAL,YPFB,EE.SS. SAN CRISTOBAL S.R.L,1755-ADU,5000.0,L,,2026-09-30,2026-09-30T15:12:35.333000+00:00,True,False,,,True
2026-10-01 00:24:20,2026-09-30,23,UYU,Uyuni,Diesel,DIESEL OIL,Diesel Oil Nacional,DIESEL_NACIONAL,YPFB,EE.SS. DISTRIGAS,2862-GIL,10000.0,L,,2026-09-30,2026-09-30T13:35:29.037000+00:00,True,False,Provincia,,True
2026-10-01 00:24:20,2026-09-30,23,UYU,Uyuni,Gasolina,GASOLINA ESPECIAL,Gasolina Especial,GASOLINA_ESPECIAL,YPFB,EE.SS. HOTEL DE SAL PLAYA BLANCA,545-AED,7000.0,L,,2026-09-30,2026-09-30T19:16:08.403000+00:00,True,False,Provincia,,True
2026-10-01 00:24:20,2026-09-30,23,UYU,Uyuni,Gasolina,GASOLINA ESPECIAL,Gasolina Especial,GASOLINA_ESPECIAL,YPFB,EE.SS. DISTRIGAS,2261-NHG,10000.0,L,,2026-09-30,2026-09-30T15:10:40.300000+00:00,True,False,Provincia,,True
2026-10-01 00:24:20,2026-09-30,18,VLM,Villamontes,Diesel,DIESEL OIL IMPORTADO EESS,Diesel Oil Importado,DIESEL_IMPORTADO,ESTACION DE SERVICIO CAIGUAMI S.R.L.,ESTACION DE SERVICIO CAIGUAMI S.R.L.,1993-HCL,15000.0,L,2026-09-30,2026-09-30,2026-09-30T14:58:56.127000+00:00,True,False,,,True
2026-10-01 00:24:20,2026-09-30,18,VLM,Villamontes,Diesel,DIESEL OIL IMPORTADO EESS,Diesel Oil Importado,DIESEL_IMPORTADO,ENZO J. IRADY CESPEDES- E.S. EL CHANAR,ENZO J. IRADY CESPEDES- E.S. EL CHANAR,1669-FAI,10000.0,L,2026-09-30,2026-09-30,2026-09-30T14:18:38.443000+00:00,True,False,Provincia,,True
2026-10-01 00:24:20,2026-09-30,18,VLM,Villamontes,Diesel,DIESEL OIL IMPORTADO EESS,Diesel Oil Importado,DIESEL_IMPORTADO,ESTACION DE SERVICIO CAIGUAMI S.R.L. SUCURSAL 1,ESTACION DE SERVICIO CAIGUAMI S.R.L. SUCURSAL 1,1669-FAI,7000.0,L,2026-09-30,2026-09-30,2026-09-30T14:18:38.443000+00:00,True,False,,,True
2026-10-01 00:24:20,2026-09-30,18,VLM,Villamontes,Gasolina,GASOLINA ESPECIAL EESS,Gasolina Especial,GASOLINA_ESPECIAL,ESTACION DE SERVICIO CAIGUAMI S.R.L.,ESTACION DE SERVICIO CAIGUAMI S.R.L.,1993-HCL,7000.0,L,2026-09-30,2026-09-30,2026-09-30T12:42:54.087000+00:00,True,False,,,True
2026-10-01 00:24:20,2026-09-30,18,VLM,Villamontes,Gasolina,GASOLINA ESPECIAL EESS,Gasolina Especial,GASOLINA_ESPECIAL,ENZO J. IRADY CESPEDES- E.S. EL CHANAR,ENZO J. IRADY CESPEDES- E.S. EL CHANAR,1669-FAI,5000.0,L,2026-09-30,2026-09-30,2026-09-30T12:19:11.923000+00:00,True,False,Provincia,,True
2026-10-01 00:24:20,2026-09-30,18,VLM,Villamontes,Gasolina,GASOLINA ESPECIAL EESS,Gasolina Especial,GASOLINA_ESPECIAL,ESTACION DE SERVICIO CAIGUAMI S.R.L. SUCURSAL 1,ESTACION DE SERVICIO CAIGUAMI S.R.L. SUCURSAL 1,1669-FAI,7000.0,L,2026-09-30,2026-09-30,2026-09-30T12:19:11.923000+00:00,True,False,,,True
2026-10-01 00:24:20,2026-09-30,16,VLZ,Villazon,Diesel,DIESEL OIL IMPORTADO EESS,Diesel Oil Importado,DIESEL_IMPORTADO,EE.SS. VILLAZON,EE.SS. VILLAZON,428-YGI,10000.0,L,2026-09-30,2026-09-30,,True,False,,,False
2026-10-01 00:24:20,2026-09-30,16,VLZ,Villazon,Diesel,DIESEL OIL IMPORTADO EESS,Diesel Oil Importado,DIESEL_IMPORTADO,EE.SS. 20 DE MAYO LTDA.,EE.SS. 20 DE MAYO LTDA.,377-TKN,9000.0,L,2026-09-30,2026-09-30,,True,False,,,True
2026-10-01 00:24:20,2026-09-30,16,VLZ,Villazon,Diesel,DIESEL OIL IMPORTADO EESS,Diesel Oil Importado,DIESEL_IMPORTADO,EE.SS. COTRANSUD R.L.,EE.SS. COTRANSUD R.L.,2686-IHN,5000.0,L,2026-09-30,2026-09-30,,True,False,,,True
2026-10-01 00:24:20,2026-09-30,15,YAC,Yacuiba,Diesel,DIESEL OIL IMPORTADO EESS,Diesel Oil Importado,DIESEL_IMPORTADO,EST. SERV. COPACABANA SRL E.S. COPACABANA,EST. SERV. COPACABANA SRL E.S. COPACABANA,2093 FBX,15000.0,L,2026-09-30,2026-09-30,,True,False,,,False
2026-10-01 00:24:20,2026-09-30,15,YAC,Yacuiba,Diesel,DIESEL OIL IMPORTADO EESS,Diesel Oil Importado,DIESEL_IMPORTADO,EST. SERV. M. WARRIOR S.R.L.,EST. SERV. M. WARRIOR S.R.L.,3854-TXS,25000.0,L,2026-09-30,2026-09-30,,True,False,,,True
2026-10-01 00:24:20,2026-09-30,15,YAC,Yacuiba,Diesel,DIESEL OIL IMPORTADO EESS,Diesel Oil Importado,DIESEL_IMPORTADO,IVAN ELIAS AQUINO ALVARADO E.S. TERO TERO,IVAN ELIAS AQUINO ALVARADO E.S. TERO TERO,673GBU,15000.0,L,2026-09-30,2026-09-30,,True,False,,,False
2026-10-01 00:24:20,2026-09-30,15,YAC,Yacuiba,Gasolina,GASOLINA ESPECIAL EESS,Gasolina Especial,GASOLINA_ESPECIAL,IVAN ELIAS AQUINO ALVARADO E.S. TERO TERO,IVAN ELIAS AQUINO ALVARADO E.S. TERO TERO,673GBU,4000.0,L,2026-09-30,2026-09-30,,True,False,,,False
2026-10-01 00:24:20,2026-09-30,15,YAC,Yacuiba,Gasolina,GASOLINA ESPECIAL EESS,Gasolina Especial,GASOLINA_ESPECIAL,VANGAS S.A.,VANGAS S.A.,1632-IYI,4000.0,L,2026-09-30,2026-09-30,,True,False,,,False
2026-10-01 00:24:20,2026-09-30,15,YAC,Yacuiba,Gasolina,GASOLINA ESPECIAL EESS,Gasolina Especial,GASOLINA_ESPECIAL,EST. SERV. M. WARRIOR S.R.L.,EST. SERV. M. WARRIOR S.R.L.,3854-TXS,4000.0,L,2026-09-30,2026-09-30,,True,False,,,True
2026-10-01 00:24:20,2026-09-30,15,YAC,Yacuiba,Gasolina,GASOLINA ESPECIAL EESS,Gasolina Especial,GASOLINA_ESPECIAL,EST. SERV. COPACABANA SRL E.S. COPACABANA,EST. SERV. COPACABANA SRL E.S. COPACABANA,1014-LRN,4000.0,L,2026-09-30,2026-09-30,,True,False,,,True
2026-10-01 00:24:20,2026-09-30,7,CAM,Zona Comercial Camiri,Diesel,DIESEL OIL,Diesel Oil Nacional,DIESEL_NACIONAL,YPFB,EE SS CEDEÑO,717-IFH,5000.0,L,,2026-09-30,2026-09-30T15:34:50.563000+00:00,True,False,,,True
2026-10-01 00:24:20,2026-09-30,7,CAM,Zona Comercial Camiri,Gasolina,GASOLINA ESPECIAL,Gasolina Especial,GASOLINA_ESPECIAL,YPFB,EE SS CEDEÑO,717-IFH,5000.0,L,,2026-09-30,2026-09-30T15:34:50.563000+00:00,True,False,,,True
2026-10-01 00:24:20,2026-09-30,8,SJC,Zona Comercial San Jose de Chiquitos,Diesel,DIESEL OIL,Diesel Oil Nacional,DIESEL_NACIONAL,YPFB,EESS GEOPETROL,792-LLE,15000.0,L,,2026-09-30,2026-09-30T22:43:11.800000+00:00,True,False,Provincia,,True
2026-10-01 00:24:20,2026-09-30,8,SJC,Zona Comercial San Jose de Chiquitos,Diesel,DIESEL OIL,Diesel Oil Nacional,DIESEL_NACIONAL,YPFB,EL MANA S.R.L,3452-SKB,15000.0,L,,2026-09-30,2026-09-30T22:34:05.227000+00:00,True,False,Provincia,,True
2026-10-01 00:24:20,2026-09-30,8,SJC,Zona Comercial San Jose de Chiquitos,Gasolina,GASOLINA ESPECIAL EESS,Gasolina Especial,GASOLINA_ESPECIAL,SURTIDOR GUAPOMO S.R.L.,SURTIDOR GUAPOMO S.R.L.,6238-IFE,34998.0,L,2026-01-03,2026-09-30,2026-09-30T15:20:00.973000+00:00,True,True,Provincia,,False
