fecha_actualizacion,id_eess,id_producto_bsa,fecha_ultima_venta,saldo_octano,saldo_bsa,saldo_planta
2026-07-27 00:03:36,1724,3,2026-06-03 08:15:44,-5801.03,0.0,-5801.03
2026-07-27 00:03:36,1724,7,2026-07-26 14:34:29,-547754.277,712.12,-537228.44
2026-07-27 00:03:36,1846,3,2026-06-03 08:24:16,-162433.969,0.0,-162433.969
2026-07-27 00:03:36,1846,7,2026-07-26 23:59:31,-1067404.128,14708.89,-1072915.838
2026-07-27 00:03:36,1945,2,2026-07-24 18:33:44,72641.902,90.474,72641.902
2026-07-27 00:03:36,1945,3,2026-06-03 07:12:27,79139.515,0.0,79139.515
2026-07-27 00:03:36,1945,7,2026-07-26 23:45:30,-251450.277,7424.178,-224460.969
2026-07-27 00:03:36,1945,10,2026-06-03 07:12:27,132265.715,0.0,146700.179
2026-07-27 00:03:36,1964,2,2026-07-27 00:00:26,3283609.0186,62932.25,3283609.0186
2026-07-27 00:03:36,1964,3,2026-06-03 08:55:14,62015.86,0.0,62015.86
2026-07-27 00:03:36,1964,7,2026-07-26 23:59:23,3392783.1894,89219.05,3392783.1894
2026-07-27 00:03:36,1964,10,2026-06-03 08:55:14,203413.3281,0.0,203413.3281
2026-07-27 00:03:36,1965,3,2026-06-03 07:01:17,-677.5161,0.0,-677.5161
2026-07-27 00:03:36,1965,7,2026-07-27 00:00:39,226287.7634,3002.0941,228313.7921
2026-07-27 00:03:36,2204,3,2026-06-03 07:41:42,-39377.836,0.0,-39377.836
2026-07-27 00:03:36,2204,7,2026-07-26 23:47:33,-395051.04,6082.437,-383172.52
2026-07-27 00:03:36,2205,3,2026-06-02 08:49:38,-25663.014,0.0,-25663.014
2026-07-27 00:03:36,2205,7,2026-07-26 23:52:25,-1074792.626,5311.329,-1065554.965
2026-07-27 00:03:36,2207,3,2026-06-03 08:24:50,-11659.982,0.0,-11659.982
2026-07-27 00:03:36,2207,7,2026-07-26 23:59:09,799838.547,36897.313,810369.035
2026-07-27 00:03:36,2208,2,2026-07-25 13:22:56,-654961.3465,5891.406,-654961.3465
2026-07-27 00:03:36,2208,3,2026-06-03 08:31:26,-101220.441,0.0,-101220.441
2026-07-27 00:03:36,2208,4,2026-06-03 08:31:26,0.0,0.0,0.0
2026-07-27 00:03:36,2208,7,2026-07-26 17:30:27,-521801.6311,7473.464,-504598.6981
2026-07-27 00:03:36,2208,8,2026-07-20 15:35:36,2614.851,60.943,2614.851
2026-07-27 00:03:36,2208,10,2026-06-03 08:31:26,563963.1731,0.0,531698.2631
2026-07-27 00:03:36,2224,3,2026-06-03 08:23:23,-6305.346,0.0,-6305.346
2026-07-27 00:03:36,2224,7,2026-07-26 23:56:53,-281233.0379,32994.376,-265010.5929
2026-07-27 00:03:36,2225,3,2026-06-03 08:04:19,-86000.579,0.0,-86000.579
2026-07-27 00:03:36,2225,7,2026-07-26 23:58:27,-982961.087,63.765,-962651.426
2026-07-27 00:03:36,2228,3,2026-06-25 08:35:15,14456.06,0.0,14456.06
2026-07-27 00:03:36,2228,7,2026-07-26 13:15:59,480946.325,11060.497,482459.846
2026-07-27 00:03:36,2230,3,2026-06-03 07:00:12,2292.791,0.0,2292.791
2026-07-27 00:03:36,2230,7,2026-07-26 23:57:25,5912.755,18132.146,5523.712
2026-07-27 00:03:36,2249,2,2026-07-25 17:49:08,-1157691.9482,10251.9544,-1162084.7861
2026-07-27 00:03:36,2249,3,2026-07-26 21:44:39,-223666.4677,2190.8253,-221835.1484
2026-07-27 00:03:36,2249,7,2026-06-03 05:29:21,0.0,0.0,0.0
2026-07-27 00:03:36,2251,3,2026-07-26 21:52:30,214856.5763,2760.4343,223570.1471
2026-07-27 00:03:36,2251,7,2026-06-03 08:22:05,0.0,0.0,0.0
2026-07-27 00:03:36,2264,2,2026-07-24 01:57:17,-408650.459,5562.465,-408650.459
2026-07-27 00:03:36,2264,10,2026-06-03 08:40:23,-44048.248,0.0,-42652.35
2026-07-27 00:03:36,2268,7,2026-07-26 23:59:34,-61988.456,9879.818,-61988.456
2026-07-27 00:03:36,2291,2,2026-07-26 16:08:52,-127470.114,4836.2564,-127470.3047
2026-07-27 00:03:36,2292,3,2026-06-23 13:56:40,-98158.828,0.0,-85556.815
2026-07-27 00:03:36,2292,7,2026-07-26 23:55:08,-1082785.986,17349.94,-1103060.696
2026-07-27 00:03:36,2295,3,2026-06-25 08:35:12,5827.7321,0.0,5827.7321
2026-07-27 00:03:36,2295,7,2026-07-26 08:44:28,-128479.037,4987.9036,-118632.1823
2026-07-27 00:03:36,2297,3,2026-07-04 22:47:32,35187.9024,-75.3305,35187.9024
2026-07-27 00:03:36,2297,7,2026-07-26 13:27:20,157648.6618,1277.0583,147220.4408
2026-07-27 00:03:36,2304,2,2026-07-25 11:15:34,-387069.0805,1143.9565,-387069.0805
2026-07-27 00:03:36,2304,10,2026-06-03 08:24:38,163627.1421,0.0,175848.871
2026-07-27 00:03:36,2305,2,2026-07-22 13:27:34,122799.832,520.0065,119459.0476
2026-07-27 00:03:36,2305,3,2026-06-03 06:05:23,0.0,0.0,0.0
2026-07-27 00:03:36,2305,7,2026-07-26 18:16:15,110332.2113,2728.5001,113585.9533
2026-07-27 00:03:36,2306,2,2026-07-25 15:01:14,99477.9829,6916.9091,106673.792
2026-07-27 00:03:36,2307,2,2026-07-25 12:49:50,742572.3187,10844.9864,777043.1357
2026-07-27 00:03:36,2308,2,2026-07-25 10:20:35,2708035.1823,37874.653,2718699.6538
2026-07-27 00:03:36,2317,2,2026-07-24 21:45:27,-1012.475,582.8483,2930.5625
2026-07-27 00:03:36,2317,3,2026-06-03 08:18:19,21540.6262,0.0,21540.6262
2026-07-27 00:03:36,2317,7,2026-07-26 23:35:53,352040.9867,10283.4773,353958.5523
2026-07-27 00:03:36,2330,2,2026-07-25 20:29:53,-1140410.0165,58069.89,-1140410.0165
2026-07-27 00:03:36,2330,10,2026-06-03 07:45:12,-52379.6297,0.0,-48319.6747
2026-07-27 00:03:36,2338,2,2026-07-25 21:21:29,15437.199,2127.341,28323.609
2026-07-27 00:03:36,2338,3,2026-07-25 15:49:26,63810.611,1330.182,53837.023
2026-07-27 00:03:36,2339,2,2026-07-25 14:02:46,489777.9767,5382.1365,493266.2712
2026-07-27 00:03:36,2341,7,2026-07-26 23:53:37,52596.8551,3026.0781,44388.8237
2026-07-27 00:03:36,2346,2,2026-07-25 15:29:24,-311789.322,7606.177,-306950.528
2026-07-27 00:03:36,2346,3,2026-07-25 17:29:11,43393.327,1364.853,62160.877
2026-07-27 00:03:36,2350,2,2026-07-25 14:28:54,788421.599,5761.6715,792485.3472
2026-07-27 00:03:36,2350,3,2026-07-26 21:55:47,382065.9855,968.8532,381899.1479
2026-07-27 00:03:36,2350,7,2026-06-03 06:46:14,0.0,0.0,0.0
2026-07-27 00:03:36,2353,2,2026-07-25 21:01:58,253373.9784,3.7354,279217.5595
2026-07-27 00:03:36,2353,3,2026-07-26 11:28:09,-30120.0728,723.3648,-28121.0728
2026-07-27 00:03:36,2353,7,2026-07-24 20:34:06,106395.6679,1448.4514,108503.7687
2026-07-27 00:03:36,2355,2,2026-07-26 07:20:00,-69236.1158,6074.5308,-69236.1158
2026-07-27 00:03:36,2355,3,2026-07-26 21:42:35,-22192.5451,107.0274,-22192.5451
2026-07-27 00:03:36,2355,7,2026-07-25 09:39:11,-39006.196,707.4812,-39006.196
2026-07-27 00:03:36,2359,3,2026-07-24 20:50:14,-191266.842,48000.0,-188793.646
2026-07-27 00:03:36,2359,7,2026-07-26 18:32:46,-2864122.481,584.394,-2861310.521
2026-07-27 00:03:36,2364,2,2026-07-25 15:04:20,-343576.5277,55708.762,-343093.3209
2026-07-27 00:03:36,2384,2,2026-07-25 08:43:11,-26288.0,967.618,-26288.0
2026-07-27 00:03:36,2384,3,2026-06-23 07:29:35,-39429.606,0.0,-35855.326
2026-07-27 00:03:36,2384,7,2026-07-26 23:49:48,-201766.2991,14225.857,-198844.1931
2026-07-27 00:03:36,2384,10,2026-06-03 07:14:42,50116.43,0.0,51545.068
2026-07-27 00:03:36,2386,3,2026-07-24 20:40:22,-1851573.9051,24269.1688,-1866529.6358
2026-07-27 00:03:36,2386,7,2026-07-26 23:49:14,-241544.1764,25763.5409,-241544.1764
2026-07-27 00:03:36,2388,3,2026-07-19 07:38:50,-116806.2324,0.0,-116806.2324
2026-07-27 00:03:36,2388,7,2026-07-26 23:19:17,-285625.314,11379.3478,-289867.5919
2026-07-27 00:03:36,2390,3,2026-07-24 17:07:47,429349.6438,12323.2963,434625.1347
2026-07-27 00:03:36,2390,7,2026-07-26 23:12:15,552247.1415,6748.0011,552247.1415
2026-07-27 00:03:36,2391,3,2026-06-09 13:00:35,35339.607,0.0,35339.607
2026-07-27 00:03:36,2391,7,2026-07-26 18:13:15,207553.196,1387.965,220895.653
2026-07-27 00:03:36,2394,2,2026-07-24 19:02:39,600402.4879,66850.3647,600402.4879
2026-07-27 00:03:36,2394,3,2026-07-26 20:00:23,23337.8306,7224.9268,23337.8306
2026-07-27 00:03:36,2394,7,2026-07-22 14:09:39,-52072.8814,96.7149,-40749.9857
2026-07-27 00:03:36,2394,10,2026-06-03 07:15:34,9039.8697,0.0,9093.2246
2026-07-27 00:03:36,2408,2,2026-07-25 19:15:42,443654.993,470.948,458484.172
2026-07-27 00:03:36,2416,2,2026-07-25 18:36:28,167185.441,0.003,173184.747
2026-07-27 00:03:36,2417,3,2026-06-24 21:44:46,7651.257,0.0,7651.257
2026-07-27 00:03:36,2417,7,2026-07-26 06:11:17,306913.314,5187.178,317494.528
2026-07-27 00:03:36,2425,2,2026-07-24 12:20:22,-3034899.5152,15000.0,-3034899.5152
2026-07-27 00:03:36,2425,3,2026-07-24 12:22:22,-1601656.0213,7000.0,-1601656.0213
2026-07-27 00:03:36,2455,3,2026-06-25 11:49:24,-27258.4132,0.0,-27258.4132
2026-07-27 00:03:36,2455,7,2026-07-26 10:11:28,16105.2932,108.0144,4351.9268
2026-07-27 00:03:36,2456,2,2026-07-25 21:18:11,303206.5286,878.3784,319584.0663
2026-07-27 00:03:36,2456,3,2026-07-25 04:14:11,46171.5497,19.7433,47359.7526
2026-07-27 00:03:36,2457,3,2026-06-29 17:15:03,39649.4768,0.0,39649.4768
2026-07-27 00:03:36,2457,7,2026-07-26 08:49:57,-1289.8739,1249.4973,2166.1204
2026-07-27 00:03:36,2459,2,2026-07-26 13:54:08,-1643880.8333,1471.5713,-1643880.8333
2026-07-27 00:03:36,2459,10,2026-06-03 08:23:30,-10729.441,0.0,-6854.1392
2026-07-27 00:03:36,2465,2,2026-07-23 22:00:23,-67968.7336,30.7205,-67968.7336
2026-07-27 00:03:36,2476,3,2026-06-03 06:00:57,283.8138,0.0,283.8138
2026-07-27 00:03:36,2476,7,2026-07-26 23:59:48,-97446.8804,20080.9877,-86614.5005
2026-07-27 00:03:36,2482,2,2026-07-26 16:29:48,-42978.1017,3762.041,-42257.123
2026-07-27 00:03:36,2482,3,2026-07-26 21:34:52,2171841.5893,2256.8524,2171762.6157
2026-07-27 00:03:36,2482,7,2025-03-13 16:03:26,-188.0,0.0,-188.0
2026-07-27 00:03:36,2486,3,2026-06-25 08:30:15,-35938.9957,0.0,-35938.9957
2026-07-27 00:03:36,2486,7,2026-07-26 11:33:30,-226062.0378,7961.1116,-218346.6688
2026-07-27 00:03:36,2487,3,2026-06-08 10:58:33,-31579.9725,0.0,-18590.3645
2026-07-27 00:03:36,2487,7,2026-07-26 18:49:58,-21398.6182,376.8039,-21398.6182
2026-07-27 00:03:36,2489,3,2026-06-25 07:34:49,47771.3544,0.0,47771.3544
2026-07-27 00:03:36,2489,7,2026-07-25 20:47:56,209612.886,301.5547,195435.942
2026-07-27 00:03:36,2499,3,2026-07-01 02:45:43,-142208.257,-16.51,-142208.257
2026-07-27 00:03:36,2499,7,2026-07-26 23:56:30,-996735.1803,14569.25,-949935.4686
2026-07-27 00:03:36,2500,2,2026-07-26 08:19:39,177365.097,27078.8975,179743.6543
2026-07-27 00:03:36,2500,3,2026-07-26 21:59:53,12750.1697,7494.2789,21983.1644
2026-07-27 00:03:36,2500,7,2026-06-03 08:14:04,0.0,0.0,0.0
2026-07-27 00:03:36,2502,3,2026-07-25 14:06:29,3305104.4509,392.0662,3295426.0414
2026-07-27 00:03:36,2505,3,2026-06-18 16:41:17,28705.308,0.0,28705.308
2026-07-27 00:03:36,2505,7,2026-07-26 13:17:54,-182497.04,1083.925,-186589.454
2026-07-27 00:03:36,2514,2,2026-07-26 15:01:04,223740.1514,15.7403,229713.3717
2026-07-27 00:03:36,2514,3,2026-07-26 14:36:37,162458.8873,1253.9406,166720.9908
2026-07-27 00:03:36,2515,2,2026-07-26 14:04:45,-13010.828,975.6673,-18424.1457
2026-07-27 00:03:36,2515,3,2026-07-26 14:17:53,1169191.0659,1363.4698,1154170.5066
2026-07-27 00:03:36,2517,3,2026-07-07 01:35:34,15839.2165,0.0,15839.2165
2026-07-27 00:03:36,2517,7,2026-07-26 09:01:26,-260115.0816,314.7964,-260115.0816
2026-07-27 00:03:36,2519,3,2026-06-09 23:04:12,71888.333,0.0,71888.333
2026-07-27 00:03:36,2519,7,2026-07-26 21:33:50,48317.015,23564.28,48151.057
2026-07-27 00:03:36,2525,2,2026-07-26 15:59:57,-59867.7311,251.8877,-59867.7311
2026-07-27 00:03:36,2525,3,2026-06-23 11:45:38,14081.7863,0.0,14081.7863
2026-07-27 00:03:36,2525,7,2026-07-26 19:58:38,-97993.1416,10664.2035,-96266.7034
2026-07-27 00:03:36,2525,10,2026-06-03 07:00:04,132370.6714,0.0,121130.4253
2026-07-27 00:03:36,2528,2,2026-07-26 21:57:05,92210.8528,14662.9466,93214.1509
2026-07-27 00:03:36,2528,3,2026-07-26 22:00:42,152299.1941,6019.0368,160177.2491
2026-07-27 00:03:36,2528,7,2026-06-03 06:20:28,0.0,0.0,0.0
2026-07-27 00:03:36,2531,2,2026-07-26 08:14:59,573790.1012,1180.1127,599326.2088
2026-07-27 00:03:36,2531,3,2026-07-26 08:21:59,958748.2566,25130.0449,963356.9463
2026-07-27 00:03:36,2535,3,2026-07-26 23:59:35,-257268.1527,1542.9618,-256430.0511
2026-07-27 00:03:36,2535,7,2026-07-25 13:58:53,-422414.6207,-311.0558,-424383.8989
2026-07-27 00:03:36,2537,2,2026-07-25 17:45:00,-7663.1964,385.5321,-6260.4151
2026-07-27 00:03:36,2537,3,2026-07-25 15:32:39,49487.9893,681.6203,51036.9476
2026-07-27 00:03:36,2543,2,2026-07-25 12:55:11,357918.741,125.546,363834.216
2026-07-27 00:03:36,2545,2,2026-07-26 20:56:39,-1230340.7213,4684.3776,-1198444.8098
2026-07-27 00:03:36,2547,3,2026-06-23 08:13:01,-16749.9405,0.0,-15354.2997
2026-07-27 00:03:36,2547,7,2026-07-25 19:18:39,-308923.285,726.3457,-293029.7519
2026-07-27 00:03:36,2551,2,2026-07-26 09:35:01,-277169.2635,13.5506,-244379.4841
2026-07-27 00:03:36,2551,3,2026-07-26 04:55:08,-2443308.71,9313.8007,-2331175.0799
2026-07-27 00:03:36,2552,2,2026-07-24 23:00:55,-58008.1586,60.2132,-58008.1586
2026-07-27 00:03:36,2552,3,2026-06-29 10:58:04,-40068.729,0.0,-46055.7694
2026-07-27 00:03:36,2552,7,2026-07-26 15:23:17,49121.5809,1185.2264,50083.3313
2026-07-27 00:03:36,2552,10,2026-06-03 07:13:13,8613.7686,0.0,550.2333
2026-07-27 00:03:36,2555,2,2026-07-25 10:51:50,-71440.0583,258.8208,-64817.4269
2026-07-27 00:03:36,2555,3,2026-06-24 19:57:23,-19366.0531,0.0,-19366.0531
2026-07-27 00:03:36,2555,7,2026-07-25 23:01:25,-220301.3729,419.219,-218771.2365
2026-07-27 00:03:36,2556,3,2026-06-25 08:25:06,29849.4677,0.0,29849.4677
2026-07-27 00:03:36,2556,7,2026-07-26 10:59:08,145851.3329,4433.5231,146223.0934
2026-07-27 00:03:36,2559,2,2026-07-26 10:13:00,236259.3115,1015.5788,239875.3789
2026-07-27 00:03:36,2559,3,2026-07-26 21:57:34,75297.6253,9591.5173,76215.9826
2026-07-27 00:03:36,2559,7,2026-06-03 08:00:22,0.0,0.0,0.0
2026-07-27 00:03:36,2564,2,2026-07-26 07:26:32,-110814.1901,1327.1223,-107004.6092
2026-07-27 00:03:36,2564,3,2026-07-26 15:30:43,234603.2198,26.7227,237102.027
2026-07-27 00:03:36,2564,7,2026-07-25 09:56:01,-68722.9807,726.5381,-59736.6621
2026-07-27 00:03:36,2567,2,2026-07-24 13:40:45,-971186.8065,278.516,-966695.7753
2026-07-27 00:03:36,2567,10,2026-06-03 08:57:48,-0.048,0.0,-0.048
2026-07-27 00:03:36,2571,2,2026-07-25 13:08:22,36280.2597,206.6299,36280.2597
2026-07-27 00:03:36,2571,10,2026-06-03 08:48:36,3282.92,0.0,3282.92
2026-07-27 00:03:36,2577,2,2026-07-26 13:33:55,-1397072.5518,12178.2222,-1397072.5518
2026-07-27 00:03:36,2578,2,2026-07-26 16:13:35,483652.3183,375.3407,485997.6873
2026-07-27 00:03:36,2584,3,2026-06-03 08:11:41,0.0,0.0,0.0
2026-07-27 00:03:36,2584,7,2026-07-26 18:04:53,-79304.7046,10969.2003,-78650.7046
2026-07-27 00:03:36,2585,3,2026-07-26 17:22:25,-567147.7163,-517.2952,-563378.9392
2026-07-27 00:03:36,2585,7,2026-07-25 09:51:14,-677749.4594,19665.8663,-664570.2592
2026-07-27 00:03:36,2590,3,2026-06-03 06:07:28,49948.16,0.0,49948.16
2026-07-27 00:03:36,2590,7,2026-07-26 23:51:49,-81062.11,9768.13,-81062.11
2026-07-27 00:03:36,2592,3,2026-06-03 08:32:59,-9599.9015,0.0,-9599.9015
2026-07-27 00:03:36,2592,7,2026-07-26 23:51:55,269838.6397,3840.5256,281800.9389
2026-07-27 00:03:36,2593,3,2026-06-03 08:48:31,-260092.2651,0.0,-260092.2651
2026-07-27 00:03:36,2593,7,2026-07-26 23:57:24,-4490038.8049,117475.3595,-4540356.4236
2026-07-27 00:03:36,2595,2,2026-07-26 12:57:20,-224382.311,559.6726,-224490.3506
2026-07-27 00:03:36,2595,3,2026-07-01 23:08:31,-33957.2315,0.0,-33957.2315
2026-07-27 00:03:36,2595,7,2026-07-26 20:22:42,-39575.8623,10258.4635,-39556.1673
2026-07-27 00:03:36,2597,3,2026-06-24 23:23:29,44695.738,0.0,44695.738
2026-07-27 00:03:36,2597,7,2026-07-25 20:12:18,168146.69,103.095,177758.899
2026-07-27 00:03:36,2598,3,2026-06-24 15:17:29,32099.5939,0.0,32099.5939
2026-07-27 00:03:36,2598,7,2026-07-25 23:54:50,-128054.0873,5932.918,-127996.0913
2026-07-27 00:03:36,2600,2,2026-07-25 17:56:17,6132.7025,1354.7825,-18266.0447
2026-07-27 00:03:36,2601,2,2026-07-26 20:14:42,205158.1114,2209.4096,206973.6654
2026-07-27 00:03:36,2601,3,2026-07-26 20:16:42,232579.6998,11151.6841,236751.3208
2026-07-27 00:03:36,2603,2,2026-07-26 16:13:25,14308.4623,5277.9218,14867.2634
2026-07-27 00:03:36,2603,3,2026-07-26 22:01:41,9623.9616,14239.5415,17769.683
2026-07-27 00:03:36,2603,7,2026-06-03 08:16:02,0.0,0.0,0.0
2026-07-27 00:03:36,2605,2,2026-07-25 21:20:39,774946.7376,538.7913,776094.8879
2026-07-27 00:03:36,2605,3,2026-07-26 11:04:03,35365.5904,181.9281,35571.2714
2026-07-27 00:03:36,2605,7,2026-07-24 22:13:41,59330.3066,1112.0916,59329.7003
2026-07-27 00:03:36,2609,3,2026-07-18 08:12:20,-57048.6469,0.0,-57048.6469
2026-07-27 00:03:36,2609,7,2026-07-26 22:21:09,-150776.6184,1645.5922,-138344.4779
2026-07-27 00:03:36,2615,3,2026-06-24 16:18:24,23818.6397,0.0,23818.6397
2026-07-27 00:03:36,2615,7,2026-07-25 17:15:35,308608.9985,5274.0437,301421.4415
2026-07-27 00:03:36,2616,3,2026-07-25 15:50:04,-261399.9364,22000.0,-258308.535
2026-07-27 00:03:36,2616,7,2026-07-26 23:58:27,-33138.2385,-18014.124,-33138.2385
2026-07-27 00:03:36,2617,3,2026-07-25 12:22:34,-624813.6904,994.4102,-597609.8689
2026-07-27 00:03:36,2618,2,2026-07-25 11:52:28,265705.9369,218.1187,270226.9852
2026-07-27 00:03:36,2618,3,2026-07-25 13:20:19,376152.3728,712.8297,390427.0254
2026-07-27 00:03:36,2624,3,2026-07-07 18:26:02,32260.673,0.0,32260.673
2026-07-27 00:03:36,2624,7,2026-07-26 18:55:18,70219.4563,11867.7737,70219.4563
2026-07-27 00:03:36,2627,2,2026-07-25 17:12:53,-429085.8723,5692.5929,-426470.3899
2026-07-27 00:03:36,2627,3,2026-07-25 21:18:02,-80650.225,519.377,-80630.225
2026-07-27 00:03:36,2627,7,2026-07-21 01:15:29,-242067.067,0.0,-238230.0752
2026-07-27 00:03:36,2636,3,2026-07-26 23:51:13,-140167.6775,1228.5458,-140311.6775
2026-07-27 00:03:36,2636,7,2026-07-26 21:36:35,-278123.5798,8700.7602,-271745.4862
2026-07-27 00:03:36,2637,3,2026-07-26 20:30:13,-57136.74,648.25,-56585.74
2026-07-27 00:03:36,2637,7,2026-07-25 09:04:13,-229302.13,695.99,-227082.29
2026-07-27 00:03:36,2640,2,2026-07-26 00:03:59,1138013.811,9127.081,1138013.49
2026-07-27 00:03:36,2640,3,2026-06-25 03:29:29,48476.868,0.0,48476.868
2026-07-27 00:03:36,2640,7,2026-07-26 04:05:06,262902.755,266.288,262729.859
2026-07-27 00:03:36,2642,2,2026-07-26 07:26:34,-547985.4068,82.1598,-534301.0608
2026-07-27 00:03:36,2643,2,2026-07-26 13:08:22,174300.5914,614.4307,180788.2868
2026-07-27 00:03:36,2643,3,2026-07-02 12:19:33,-1946.3247,-161.632,-1946.3247
2026-07-27 00:03:36,2643,7,2026-07-26 08:16:58,165685.4019,246.8667,165684.7675
2026-07-27 00:03:36,2644,2,2026-07-25 14:42:27,-333396.7547,236.3789,-331165.7547
2026-07-27 00:03:36,2644,3,2026-07-26 18:38:32,-963335.5869,47.1831,-961001.0714
2026-07-27 00:03:36,2644,7,2026-07-25 11:26:29,-1062756.4492,829.0153,-1062897.5728
2026-07-27 00:03:36,2645,3,2026-07-26 23:52:39,-935503.2097,41211.688,-917590.9046
2026-07-27 00:03:36,2646,2,2026-07-26 13:32:44,-242682.3409,16387.6672,-242217.9132
2026-07-27 00:03:36,2646,3,2026-07-25 21:35:26,-275866.0446,2682.2605,-275437.5434
2026-07-27 00:03:36,2646,7,2026-06-03 06:17:12,0.0,0.0,0.0
2026-07-27 00:03:36,2647,2,2026-07-26 13:24:17,-585117.7023,2453.923,-585117.7023
2026-07-27 00:03:36,2647,10,2026-06-03 06:14:35,1455.0785,0.0,1428.2484
2026-07-27 00:03:36,2648,3,2026-07-07 14:03:54,52368.3511,-23.4195,52368.3511
2026-07-27 00:03:36,2648,7,2026-07-25 18:53:59,358038.7593,73.5703,359749.4053
2026-07-27 00:03:36,2654,3,2026-06-03 00:01:57,-34626.408,0.0,-34626.408
2026-07-27 00:03:36,2654,7,2026-07-26 23:33:16,-2366447.576,4082.263,-2365088.488
2026-07-27 00:03:36,2657,3,2026-06-25 10:16:36,94139.9814,0.0,94139.9814
2026-07-27 00:03:36,2657,7,2026-07-26 01:34:13,752853.6786,20666.0335,750601.6726
2026-07-27 00:03:36,2668,3,2026-06-03 08:09:35,85204.4639,0.0,85204.4639
2026-07-27 00:03:36,2668,7,2026-07-26 21:22:11,-77559.0609,446.0822,-75655.2826
2026-07-27 00:03:36,2670,3,2026-07-26 22:07:07,-81291.1651,283.8028,-79690.3719
2026-07-27 00:03:36,2675,3,2026-07-25 17:07:53,-2096224.4672,5754.083,-2068657.2908
2026-07-27 00:03:36,2677,3,2026-07-15 16:21:55,119828.9504,0.0,119828.9504
2026-07-27 00:03:36,2677,7,2026-07-26 20:50:07,-239054.8154,7786.53,-92430.8152
2026-07-27 00:03:36,2688,2,2026-07-26 08:14:15,240032.1712,6084.2328,232973.097
2026-07-27 00:03:36,2688,3,2026-07-21 14:42:48,2483.4022,0.0,-2692.6528
2026-07-27 00:03:36,2688,7,2026-07-26 23:56:39,78342.679,12741.6523,78342.679
2026-07-27 00:03:36,2689,3,2026-07-03 08:01:28,-96635.0735,0.0,-89520.9913
2026-07-27 00:03:36,2689,7,2026-07-26 07:42:31,85309.6171,474.4875,85481.6586
2026-07-27 00:03:36,2697,2,2026-07-25 11:49:01,167532.086,39784.674,187880.636
2026-07-27 00:03:36,2697,3,2026-06-24 21:59:09,8790.341,0.0,8790.341
2026-07-27 00:03:36,2697,7,2026-07-25 17:28:04,405928.338,11777.83,415923.816
2026-07-27 00:03:36,2698,2,2026-07-25 06:08:42,-218138.8856,166.9079,-218138.8856
2026-07-27 00:03:36,2698,10,2026-06-03 07:51:18,45085.3121,0.0,45001.2993
2026-07-27 00:03:36,2704,2,2026-07-26 22:50:02,-120875.4169,350.1437,-121105.4169
2026-07-27 00:03:36,2706,3,2026-06-03 05:15:51,65137.2927,0.0,65137.2927
2026-07-27 00:03:36,2706,7,2026-07-26 23:57:51,1665165.9379,30303.1675,1664829.6026
2026-07-27 00:03:36,2711,2,2026-07-25 08:05:27,393003.4858,6.3825,393003.4858
2026-07-27 00:03:36,2711,3,2026-07-18 11:17:08,66391.2991,0.0,66391.2991
2026-07-27 00:03:36,2711,7,2026-07-25 10:22:36,58424.4231,72.1358,58424.4231
2026-07-27 00:03:36,2711,10,2026-06-03 07:01:45,161337.5346,0.0,165205.2857
2026-07-27 00:03:36,2718,3,2026-07-26 16:53:18,-668599.7941,662.4216,-656924.5078
2026-07-27 00:03:36,2718,7,2025-03-13 16:03:26,724.0,0.0,724.0
2026-07-27 00:03:36,2722,2,2026-07-25 21:25:58,459455.7237,977.1556,460463.4045
2026-07-27 00:03:36,2722,3,2026-07-26 12:35:49,371401.0643,325.2823,393331.7312
2026-07-27 00:03:36,2722,7,2026-06-03 06:10:37,0.0,0.0,0.0
2026-07-27 00:03:36,2722,10,2026-06-03 06:10:37,0.0,0.0,0.0
2026-07-27 00:03:36,2724,3,2026-06-03 08:22:13,-104485.854,0.0,-104485.854
2026-07-27 00:03:36,2724,7,2026-07-26 23:52:45,-43525.712,30504.14,-55294.659
2026-07-27 00:03:36,2727,2,2026-07-25 10:54:56,9562.8234,6949.5368,186025.173
2026-07-27 00:03:36,2727,3,2026-07-25 12:06:35,55719.6923,403.1374,438212.988
2026-07-27 00:03:36,2729,2,2026-07-25 10:44:40,231346.769,3.801,242974.939
2026-07-27 00:03:36,2729,3,2026-06-25 05:19:07,16382.759,0.0,16382.759
2026-07-27 00:03:36,2729,7,2026-07-26 11:32:14,369846.84,158.745,379304.061
2026-07-27 00:03:36,2730,3,2026-06-03 08:24:08,-70381.761,0.0,-70381.761
2026-07-27 00:03:36,2730,7,2026-07-26 23:57:47,20519.75,3417.746,24258.436
2026-07-27 00:03:36,2740,2,2026-07-26 10:52:07,-180431.6432,415.7719,-184097.6432
2026-07-27 00:03:36,2740,3,2026-06-03 08:50:37,16000.0,0.0,16000.0
2026-07-27 00:03:36,2740,7,2026-07-26 07:49:01,-304172.7642,3570.1825,-302977.9132
2026-07-27 00:03:36,2743,3,2026-06-03 08:33:58,1153.781,0.0,1153.781
2026-07-27 00:03:36,2743,7,2026-07-27 00:01:03,17230.188,4204.079,50714.742
2026-07-27 00:03:36,2753,2,2026-07-25 15:39:36,-396590.8124,12867.4849,-396583.8244
2026-07-27 00:03:36,2754,3,2026-06-19 15:45:48,61551.902,0.0,61551.902
2026-07-27 00:03:36,2754,7,2026-07-26 23:58:37,-116474.887,21386.099,-106928.575
2026-07-27 00:03:36,2760,3,2026-07-20 18:41:06,-9222.314,15000.0,-9222.314
2026-07-27 00:03:36,2760,7,2026-07-26 23:57:27,159590.904,17375.69,159590.904
2026-07-27 00:03:36,2763,2,2026-07-24 19:09:32,-16079.1903,826.8238,-16220.1905
2026-07-27 00:03:36,2763,3,2026-06-25 17:12:54,-4707.1257,0.0,-4707.1257
2026-07-27 00:03:36,2763,7,2026-07-25 07:39:27,51588.4933,128.3771,51537.2139
2026-07-27 00:03:36,2768,3,2026-06-03 08:23:19,18909.168,0.0,18909.168
2026-07-27 00:03:36,2768,7,2026-07-27 00:00:58,1796767.016,2790.482,1796766.726
2026-07-27 00:03:36,2769,2,2026-07-25 14:03:04,252716.431,23920.7201,252412.7597
2026-07-27 00:03:36,2773,2,2026-07-24 01:12:41,691707.1521,9551.1,691707.1521
2026-07-27 00:03:36,2773,3,2026-06-03 08:42:23,-22079.269,0.0,-22079.269
2026-07-27 00:03:36,2773,7,2026-07-26 23:56:05,1098997.498,11323.339,1099892.272
2026-07-27 00:03:36,2773,10,2026-07-04 16:39:54,428596.1948,0.0,421326.1948
2026-07-27 00:03:36,2781,3,2026-06-09 16:13:39,75539.087,0.0,75539.087
2026-07-27 00:03:36,2781,7,2026-07-25 13:34:38,77297.978,119.3,77297.748
2026-07-27 00:03:36,2782,3,2026-06-24 19:55:29,1884.7004,0.0,1884.7004
2026-07-27 00:03:36,2782,7,2026-07-26 14:10:31,81549.6472,217.9767,81765.7594
2026-07-27 00:03:36,2786,2,2026-07-25 12:38:03,25795.235,16026.5123,32235.9607
2026-07-27 00:03:36,2786,3,2026-06-25 18:56:27,-28181.3919,0.0,-28181.3919
2026-07-27 00:03:36,2786,7,2026-07-25 21:37:13,414613.3092,502.4267,417050.1588
2026-07-27 00:03:36,2789,2,2026-07-24 11:29:31,119576.2648,163.2342,118997.0039
2026-07-27 00:03:36,2789,3,2026-06-25 08:42:03,32230.3415,0.0,32230.3415
2026-07-27 00:03:36,2789,7,2026-07-25 09:56:15,108258.426,110.0064,110341.0508
2026-07-27 00:03:36,2793,2,2026-07-26 16:53:45,22833.811,6886.7134,22833.811
2026-07-27 00:03:36,2793,10,2026-06-03 00:52:18,78915.1501,0.0,78915.1501
2026-07-27 00:03:36,2794,2,2026-07-26 14:21:28,456143.1602,168.9485,457909.7515
2026-07-27 00:03:36,2794,3,2026-06-25 11:19:21,69946.7438,0.0,69946.7438
2026-07-27 00:03:36,2794,7,2026-07-26 08:25:43,436814.9679,289.2375,438257.4931
2026-07-27 00:03:36,2800,2,2026-07-26 12:45:35,362095.819,149.568,362693.019
2026-07-27 00:03:36,2800,3,2026-06-24 21:36:33,27274.349,0.0,27274.349
2026-07-27 00:03:36,2800,7,2026-07-26 06:12:43,241822.545,180.107,248428.375
2026-07-27 00:03:36,2803,2,2026-07-25 12:41:40,-810496.046,2712.303,-810496.046
2026-07-27 00:03:36,2803,10,2026-06-03 08:28:50,6582.141,0.0,6478.519
2026-07-27 00:03:36,2804,2,2026-07-25 14:25:33,11864.7904,4120.3216,17004.2329
2026-07-27 00:03:36,2804,3,2026-07-19 15:09:10,287856.5897,0.0,299262.7119
2026-07-27 00:03:36,2804,7,2026-07-26 21:20:10,28685.7998,12022.1068,28685.7998
2026-07-27 00:03:36,2805,2,2026-07-26 20:42:49,-159903.2,2224.4,-159903.2
2026-07-27 00:03:36,2805,3,2026-06-03 08:04:14,356.19,0.0,814.19
2026-07-27 00:03:36,2805,7,2026-07-26 22:46:20,-181885.1712,11092.81,-191219.5352
2026-07-27 00:03:36,2805,10,2026-06-03 08:04:14,92405.9332,0.0,80102.1592
2026-07-27 00:03:36,2808,2,2026-07-25 23:03:07,-553730.0225,36.9,-553730.0225
2026-07-27 00:03:36,2808,10,2026-06-03 08:45:00,101684.8878,0.0,79419.6098
2026-07-27 00:03:36,2821,2,2026-07-26 12:34:09,15440.7664,14033.8608,32220.0486
2026-07-27 00:03:36,2821,3,2026-07-26 15:40:56,86085.2349,5207.6174,93179.8288
2026-07-27 00:03:36,2821,10,2026-06-03 07:23:51,0.0,0.0,0.0
2026-07-27 00:03:36,2822,2,2026-07-26 11:19:07,22038.9539,3166.7419,38775.422
2026-07-27 00:03:36,2822,3,2026-07-26 17:24:53,370202.1891,17139.1437,385840.5964
2026-07-27 00:03:36,2824,2,2026-07-26 12:28:47,134846.0998,2213.9392,134846.0998
2026-07-27 00:03:36,2824,3,2026-07-19 08:02:40,34803.699,0.0,34803.699
2026-07-27 00:03:36,2824,7,2026-07-26 14:22:35,235959.7653,533.5568,235958.7653
2026-07-27 00:03:36,2824,10,2026-06-03 07:14:15,93172.0173,0.0,93172.0173
2026-07-27 00:03:36,2825,2,2026-07-24 17:21:50,-103492.4472,350.8489,-102255.5987
2026-07-27 00:03:36,2829,2,2026-07-25 13:10:58,138283.1869,57.1412,138283.1869
2026-07-27 00:03:36,2829,3,2026-06-24 07:57:10,11077.1089,0.0,11077.1089
2026-07-27 00:03:36,2829,7,2026-07-26 17:16:58,65137.1657,1107.4434,65137.1657
2026-07-27 00:03:36,2833,2,2026-07-26 22:25:38,287800.3211,20800.0,287800.3211
2026-07-27 00:03:36,2833,3,2026-07-19 12:40:04,153270.4325,-6951.7805,153270.4325
2026-07-27 00:03:36,2833,7,2026-07-26 22:26:35,409307.6192,128633.5735,425692.5242
2026-07-27 00:03:36,2833,10,2026-06-03 00:54:55,31780.001,0.0,31779.4074
2026-07-27 00:03:36,2856,3,2026-06-25 08:13:11,2733.8571,0.0,2733.8571
2026-07-27 00:03:36,2856,7,2026-07-26 08:34:19,34840.3472,298.8913,34900.573
2026-07-27 00:03:36,2857,2,2026-07-26 17:56:42,-73851.8547,5472.35,-74331.7339
2026-07-27 00:03:36,2857,3,2026-07-26 13:32:34,-156919.815,5723.17,-155434.8697
2026-07-27 00:03:36,2877,3,2026-06-25 08:58:56,163265.676,0.0,163265.676
2026-07-27 00:03:36,2877,7,2026-07-26 17:09:42,159389.447,290.221,159389.045
2026-07-27 00:03:36,2903,3,2026-07-26 21:34:27,-40510.1177,5613.4808,-29338.1054
2026-07-27 00:03:36,2905,2,2026-07-26 23:40:00,148138.1403,17289.47,284178.7801
2026-07-27 00:03:36,2911,2,2026-07-26 23:52:16,-222538.36,8678.66,-185796.42
2026-07-27 00:03:36,2916,2,2026-07-26 23:30:59,119347.8091,85.386,119121.6121
2026-07-27 00:03:36,2916,3,2026-06-26 12:27:41,27020.329,0.0,27020.329
2026-07-27 00:03:36,2916,7,2026-07-25 22:17:07,96239.683,359.086,97418.402
2026-07-27 00:03:36,2928,2,2026-07-26 09:49:18,1602387.3075,353.7652,1602387.3075
2026-07-27 00:03:36,2928,3,2026-07-16 11:01:39,489103.97,0.0,547799.6145
2026-07-27 00:03:36,2928,7,2026-07-26 19:25:19,4513331.4983,27841.3571,4513331.4983
2026-07-27 00:03:36,2928,10,2026-06-03 08:27:17,48508.4694,0.0,48888.456
2026-07-27 00:03:36,2929,3,2026-06-03 08:14:32,0.0398,0.0,0.0398
2026-07-27 00:03:36,2929,7,2026-07-26 22:07:03,85034.4082,12995.5708,87092.6827
2026-07-27 00:03:36,2931,2,2026-07-26 13:57:08,-500773.7347,4442.7267,-495820.2761
2026-07-27 00:03:36,2940,2,2026-07-26 21:49:25,-6031.0678,5988.4,-8251.4066
2026-07-27 00:03:36,2940,3,2026-07-26 21:40:51,-11486.6579,8748.29,-14720.9519
2026-07-27 00:03:36,2943,3,2026-07-10 06:51:31,-19289.3804,0.0,-19289.3804
2026-07-27 00:03:36,2943,7,2026-07-26 15:35:16,-660749.3663,6658.6878,-660749.3663
2026-07-27 00:03:36,2946,3,2026-06-03 06:26:53,0.0,0.0,0.0
2026-07-27 00:03:36,2946,7,2026-07-26 17:01:57,264402.4278,48838.2465,266062.9078
2026-07-27 00:03:36,2950,2,2026-07-25 16:39:57,327975.1335,985.1016,327974.3935
2026-07-27 00:03:36,2950,3,2026-06-25 16:24:47,20615.5343,0.0,20615.5343
2026-07-27 00:03:36,2950,7,2026-07-26 10:40:52,200332.6409,257.6548,200332.3759
2026-07-27 00:03:36,2954,2,2026-07-26 07:47:09,-337501.816,8365.733,-337482.168
2026-07-27 00:03:36,2954,3,2026-06-25 16:56:59,-1301.282,0.0,-1301.282
2026-07-27 00:03:36,2954,7,2026-07-26 17:31:15,-281348.833,12227.76,-279468.057
2026-07-27 00:03:36,2956,2,2026-07-26 21:53:46,-29489.8737,8191.6226,-29489.8737
2026-07-27 00:03:36,2956,10,2026-06-01 07:28:35,-17741.6375,0.0,24967.0104
2026-07-27 00:03:36,2957,2,2026-07-25 17:46:11,180425.8758,4819.58,180425.4044
2026-07-27 00:03:36,2957,3,2026-07-25 21:20:12,151595.0063,13746.45,162012.539
2026-07-27 00:03:36,2958,2,2026-07-26 23:58:55,127415.3647,2011.7255,127415.3647
2026-07-27 00:03:36,2958,3,2026-06-03 07:14:11,310861.2153,0.0,310956.3434
2026-07-27 00:03:36,2958,7,2026-07-26 19:34:07,331888.9833,16908.0709,348718.1595
2026-07-27 00:03:36,2958,10,2026-06-03 07:14:11,60435.569,0.0,60704.569
2026-07-27 00:03:36,2960,3,2026-07-25 10:37:02,2516.061,270.7316,2786.5156
2026-07-27 00:03:36,2974,2,2026-07-26 09:16:17,-686995.7148,6581.67,-688501.9115
2026-07-27 00:03:36,2974,3,2026-07-26 13:59:32,-241489.3236,8602.15,-236817.7497
2026-07-27 00:03:36,2974,7,2026-07-17 12:48:06,-260699.3893,0.0,-260699.3893
2026-07-27 00:03:36,2979,3,2026-07-26 23:47:20,-758565.2253,8471.76,-639111.2707
2026-07-27 00:03:36,2980,2,2026-07-26 19:01:36,-94414.7912,7986.6,-105504.2999
2026-07-27 00:03:36,2980,3,2026-07-26 23:27:17,-100525.6154,5598.42,-106429.6228
2026-07-27 00:03:36,2981,2,2026-07-26 23:47:57,-1206727.1134,10962.81,-1185048.9414
2026-07-27 00:03:36,2982,2,2026-07-25 19:43:09,-230183.0525,5035.6233,-228159.6779
2026-07-27 00:03:36,2982,3,2026-07-26 21:59:57,-255551.7088,7441.3726,-259569.0337
2026-07-27 00:03:36,2982,7,2026-06-03 08:35:10,0.0,0.0,0.0
2026-07-27 00:03:36,2989,3,2026-07-09 18:20:00,-22293.61,-25730.48,-22293.61
2026-07-27 00:03:36,2989,7,2026-07-26 23:30:48,535074.2245,273597.15,535093.9815
2026-07-27 00:03:36,2996,3,2026-06-03 06:57:36,7527.75,0.0,7527.75
2026-07-27 00:03:36,2996,7,2026-07-26 17:31:25,1195863.693,1812.244,1199956.06
2026-07-27 00:03:36,2998,3,2026-07-26 16:43:56,-1123254.9875,4766.6924,-1119191.8209
2026-07-27 00:03:36,2998,7,2026-06-03 08:46:38,0.0,0.0,0.0
2026-07-27 00:03:36,3005,3,2026-06-25 09:44:56,17302.543,0.0,17302.543
2026-07-27 00:03:36,3005,7,2026-07-26 09:01:55,218473.628,364.033,226931.867
2026-07-27 00:03:36,3011,2,2026-07-23 14:55:52,494498.6113,2968.406,914498.6113
2026-07-27 00:03:36,3011,10,2026-06-03 08:45:02,268421.73,0.0,342391.838
2026-07-27 00:03:36,3013,2,2026-07-24 21:53:41,-2142822.111,478.02,-2142822.111
2026-07-27 00:03:36,3013,10,2026-06-03 06:06:23,18399.806,0.0,-4002.27
2026-07-27 00:03:36,3021,2,2026-07-26 12:43:49,-833347.3696,13668.47,-804824.5809
2026-07-27 00:03:36,3021,3,2026-06-19 12:30:06,-531276.7539,-21001.8,-455174.6524
2026-07-27 00:03:36,3021,7,2026-07-26 17:41:44,36886.88,62226.13,36886.88
2026-07-27 00:03:36,3032,2,2026-07-26 19:04:35,376184.505,39368.889,379277.135
2026-07-27 00:03:36,3044,3,2025-07-04 06:41:44,52895.8553,0.0,52895.8553
2026-07-27 00:03:36,3044,7,2026-07-26 10:26:13,-15280.6051,5229.3231,-5761.957
2026-07-27 00:03:36,3050,3,2026-07-06 12:22:18,8883.4634,0.0,8883.4634
2026-07-27 00:03:36,3050,7,2026-07-26 15:33:59,183956.5881,114.309,189440.247
2026-07-27 00:03:36,3055,2,2026-07-26 23:59:10,430002.042,4.063,430076.998
2026-07-27 00:03:36,3055,3,2026-06-25 06:46:32,174080.895,0.0,174080.895
2026-07-27 00:03:36,3055,7,2026-07-26 10:59:39,262330.141,180.136,263282.469
2026-07-27 00:03:36,3063,2,2026-07-24 18:16:23,-57573.096,314.166,-57472.192
2026-07-27 00:03:36,3063,10,2026-06-03 08:39:31,0.0,0.0,0.0
2026-07-27 00:03:36,3065,7,2026-07-26 23:38:18,102005.3225,6936.3183,101573.7604
2026-07-27 00:03:36,3066,2,2026-07-26 02:18:30,-851155.259,2999.995,-849690.451
2026-07-27 00:03:36,3066,3,2026-06-24 18:13:58,11149.276,0.0,11149.276
2026-07-27 00:03:36,3066,7,2026-07-25 20:41:19,-806104.476,283.598,-806029.527
2026-07-27 00:03:36,3073,3,2026-06-03 01:26:54,0.0,0.0,0.0
2026-07-27 00:03:36,3073,7,2026-07-26 22:54:05,62549.3244,13624.4583,68833.6734
2026-07-27 00:03:36,3074,3,2026-06-03 06:59:32,1181.469,0.0,1181.469
2026-07-27 00:03:36,3074,7,2026-07-26 22:49:20,-49051.038,10810.483,-49051.038
2026-07-27 00:03:36,3077,3,2026-07-25 09:49:46,33481.3319,12000.0,33481.3319
2026-07-27 00:03:36,3077,7,2026-07-25 17:10:02,112297.9339,23.161,106994.2101
2026-07-27 00:03:36,3079,2,2026-07-25 14:36:25,-7751.807,3402.528,-7751.807
2026-07-27 00:03:36,3079,10,2026-06-03 07:50:16,13182.864,0.0,31577.96
2026-07-27 00:03:36,3081,2,2026-07-26 10:28:46,264211.624,0.002,266105.895
2026-07-27 00:03:36,3081,3,2026-06-24 18:36:07,32555.297,0.0,32555.297
2026-07-27 00:03:36,3081,7,2026-07-26 08:00:54,200038.996,808.085,200039.264
2026-07-27 00:03:36,3083,3,2026-07-21 18:09:33,-123307.1355,91.954,-123307.1355
2026-07-27 00:03:36,3083,7,2026-07-26 11:21:16,-363380.4032,1596.2307,-354250.6685
2026-07-27 00:03:36,3086,3,2026-06-03 08:38:54,-155081.9824,0.0,-155081.9824
2026-07-27 00:03:36,3086,7,2026-07-25 11:55:08,6314299.5359,100012.5542,6397303.3824
2026-07-27 00:03:36,3090,3,2026-06-26 07:27:02,-126555.408,0.0,-126555.408
2026-07-27 00:03:36,3090,7,2026-07-25 21:06:54,-917013.801,44.507,-907618.71
2026-07-27 00:03:36,3095,3,2026-06-25 10:53:14,6216.626,0.0,6216.626
2026-07-27 00:03:36,3095,7,2026-07-26 01:26:55,511861.7626,9641.459,513874.3456
2026-07-27 00:03:36,3098,2,2026-07-25 17:31:00,-118768.249,12000.0,-117320.315
2026-07-27 00:03:36,3098,3,2026-06-25 08:05:21,-24585.612,0.0,-24585.612
2026-07-27 00:03:36,3098,7,2026-07-26 14:28:15,-146646.291,134.366,-145417.326
2026-07-27 00:03:36,3099,3,2026-06-03 07:58:34,-228.814,0.0,-228.814
2026-07-27 00:03:36,3099,7,2026-07-27 00:00:44,-188566.203,16278.657,-174028.774
2026-07-27 00:03:36,3111,3,2026-07-02 15:59:16,-538581.846,0.0,-531173.1844
2026-07-27 00:03:36,3111,7,2026-07-26 23:30:25,-133996.25,16922.95,-133996.25
2026-07-27 00:03:36,3112,2,2026-07-25 20:52:57,-84002.595,189.04,-84002.595
2026-07-27 00:03:36,3112,3,2026-07-26 19:43:43,-125797.714,1562.46,-125797.714
2026-07-27 00:03:36,3115,2,2026-07-25 15:15:40,-39534.133,346.224,-36723.09
2026-07-27 00:03:36,3115,3,2026-06-25 14:54:56,-41856.347,0.0,-41856.347
2026-07-27 00:03:36,3115,7,2026-07-26 16:50:29,-133886.856,12559.728,-124937.564
2026-07-27 00:03:36,3119,2,2026-07-25 19:40:51,3454.3243,1098.2898,3431.7127
2026-07-27 00:03:36,3119,3,2026-07-26 20:46:22,-38099.2541,229.0665,-37625.5044
2026-07-27 00:03:36,3124,2,2026-07-25 15:11:10,-793146.3123,81.535,-802758.5643
2026-07-27 00:03:36,3133,2,2026-07-25 19:05:00,-976037.5672,281.0407,-975363.104
2026-07-27 00:03:36,3133,3,2026-06-25 11:36:24,-58078.6921,0.0,-58078.6921
2026-07-27 00:03:36,3133,7,2026-07-26 10:21:44,-939261.2276,3584.081,-933606.4924
2026-07-27 00:03:36,3134,3,2026-06-24 21:20:59,21035.599,0.0,21035.599
2026-07-27 00:03:36,3134,7,2026-07-26 06:25:14,259455.8669,5970.003,256545.6439
2026-07-27 00:03:36,3135,2,2026-07-25 11:58:21,844568.2964,307.694,863122.6214
2026-07-27 00:03:36,3135,3,2026-06-24 14:35:11,35328.842,0.0,35328.842
2026-07-27 00:03:36,3135,7,2026-07-25 19:17:17,157605.268,11971.623,159645.363
2026-07-27 00:03:36,3138,3,2026-06-07 17:44:23,-61663.18,0.0,-61663.18
2026-07-27 00:03:36,3138,7,2026-07-26 23:44:39,-2620864.156,4019.49,-2631890.315
2026-07-27 00:03:36,3149,2,2026-07-26 22:41:08,139524.0594,2085.9957,141435.1784
2026-07-27 00:03:36,3149,3,2026-06-03 06:29:31,28900.0,0.0,28900.0
2026-07-27 00:03:36,3149,7,2026-07-26 14:08:44,413119.493,17911.3482,415347.342
2026-07-27 00:03:36,3151,2,2026-07-26 14:53:55,156097.8831,469.431,156097.8831
2026-07-27 00:03:36,3158,2,2026-07-26 11:07:04,-17086.7682,3131.1331,-15824.5582
2026-07-27 00:03:36,3158,3,2026-06-25 21:46:05,32500.0,0.0,32500.0
2026-07-27 00:03:36,3158,7,2026-07-26 11:20:43,74795.7971,147.1894,74795.7971
2026-07-27 00:03:36,3164,3,2026-07-25 23:51:10,-179559.2842,6804.9361,-173004.2727
2026-07-27 00:03:36,3170,2,2026-07-25 18:21:24,-572169.5161,35.1142,-570791.9014
2026-07-27 00:03:36,3185,2,2026-07-25 09:37:11,-89024.9766,444.26,-83483.0226
2026-07-27 00:03:36,3186,7,2026-07-26 23:50:05,-164970.993,1641.5,-160488.73
2026-07-27 00:03:36,3191,2,2026-07-26 16:58:39,-69433.2305,770.3436,-69433.2305
2026-07-27 00:03:36,3191,10,2026-06-03 06:12:56,-1961.1055,0.0,-1961.1055
2026-07-27 00:03:36,3192,7,2026-07-26 00:39:42,113538.2295,5679.3713,124609.7575
2026-07-27 00:03:36,3207,3,2026-06-03 07:05:01,19799.7891,0.0,19799.7891
2026-07-27 00:03:36,3207,7,2026-07-26 23:56:15,-1616353.4548,18626.279,-1616353.2441
2026-07-27 00:03:36,3211,7,2026-07-26 10:08:20,-286663.2037,8874.0433,-285245.7717
2026-07-27 00:03:36,3212,3,2026-06-26 12:33:06,-66857.0031,0.0,-66857.0031
2026-07-27 00:03:36,3212,7,2026-07-26 21:51:06,-1235398.6637,1597.4715,-1235682.6637
2026-07-27 00:03:36,3216,2,2026-07-25 13:58:26,36383.1099,1774.0265,36378.2979
2026-07-27 00:03:36,3216,3,2026-06-03 06:27:54,0.0,0.0,0.0
2026-07-27 00:03:36,3216,7,2026-07-26 21:59:50,-5789.3427,2608.1829,-5798.7507
2026-07-27 00:03:36,3220,3,2026-07-25 21:54:54,-259594.7968,-3.2039,-259594.7968
2026-07-27 00:03:36,3220,7,2026-07-26 14:20:46,-658644.2727,12861.4763,-658644.2727
2026-07-27 00:03:36,3221,2,2026-07-26 21:06:02,-433865.714,4957.662,-433865.714
2026-07-27 00:03:36,3221,3,2026-07-18 13:56:38,-9248.826,0.0,-9248.826
2026-07-27 00:03:36,3221,7,2026-07-26 21:55:31,-203910.226,32264.613,-203910.226
2026-07-27 00:03:36,3221,10,2026-06-03 08:15:47,15336.974,0.0,15340.734
2026-07-27 00:03:36,3227,2,2026-07-24 15:58:39,-405025.7944,16874.991,-405025.7944
2026-07-27 00:03:36,3227,10,2026-06-03 08:54:27,-40451.576,0.0,-33421.184
2026-07-27 00:03:36,3233,2,2026-07-26 18:36:53,-1585251.8305,3802.8158,-1585251.8305
2026-07-27 00:03:36,3233,3,2026-06-30 21:36:42,-204471.6789,0.0,-204471.6789
2026-07-27 00:03:36,3233,7,2026-07-26 15:51:32,-469732.3905,445.8987,-470078.3905
2026-07-27 00:03:36,3233,10,2026-06-03 07:06:53,7048.5897,0.0,5556.5897
2026-07-27 00:03:36,3237,3,2026-06-25 07:48:55,-18416.1861,0.0,-18416.1861
2026-07-27 00:03:36,3237,7,2026-07-25 21:55:47,-134517.2504,50.2967,-133015.8994
2026-07-27 00:03:36,3241,2,2026-07-25 21:44:09,-662936.6204,11699.6395,-662936.6204
2026-07-27 00:03:36,3241,10,2026-06-03 08:54:21,26634.9232,0.0,26634.9232
2026-07-27 00:03:36,3242,2,2026-07-23 08:49:33,-857165.454,3.065,-857165.454
2026-07-27 00:03:36,3242,3,2026-06-03 08:29:11,0.057,0.0,0.057
2026-07-27 00:03:36,3242,7,2026-07-26 23:59:38,-1115470.563,14101.686,-1115470.563
2026-07-27 00:03:36,3242,10,2026-06-03 08:29:11,23781.056,0.0,23511.612
2026-07-27 00:03:36,3243,3,2025-03-13 16:03:26,0.0,0.0,0.0
2026-07-27 00:03:36,3243,7,2026-07-26 21:49:32,-36426.3908,98.702,-36426.3908
2026-07-27 00:03:36,3246,3,2026-06-30 23:05:52,-289645.6912,0.0,-289645.6912
2026-07-27 00:03:36,3246,7,2026-07-26 22:14:21,-2059470.2838,6321.1824,-2059470.2838
2026-07-27 00:03:36,3252,2,2026-07-25 20:38:23,-918470.5624,604.9685,-918470.5624
2026-07-27 00:03:36,3252,10,2026-06-03 06:40:45,4742.4018,0.0,4742.4018
2026-07-27 00:03:36,3259,2,2026-07-26 09:20:25,1429.6898,10977.6325,1429.6898
2026-07-27 00:03:36,3259,3,2026-07-26 21:59:11,-11119.9908,6819.0703,-11119.9908
2026-07-27 00:03:36,3262,2,2026-07-25 20:45:00,-19135.57,4456.15,-19135.57
2026-07-27 00:03:36,3262,3,2026-07-26 13:55:05,-9343.06,1344.92,-9343.06
2026-07-27 00:03:36,3267,2,2026-07-26 06:56:36,-23127.772,3971.7058,-23127.772
2026-07-27 00:03:36,3267,3,2026-06-25 11:55:01,-2415.5908,0.0,-2415.5908
2026-07-27 00:03:36,3267,7,2026-07-26 09:27:24,4132.7842,5918.4469,4132.7842
2026-07-27 00:03:36,3269,2,2026-07-26 23:05:42,12282.7208,125.1724,12282.7208
2026-07-27 00:03:36,3277,2,2026-07-25 17:55:00,-5271.7535,409.0909,-5271.7535
2026-07-27 00:03:36,3277,3,2026-07-26 12:27:30,10503.9831,117.8952,10503.9831
2026-07-27 00:03:36,4016,3,2026-07-16 08:55:39,-21706.1908,0.0,-21706.1908
2026-07-27 00:03:36,4016,7,2026-07-26 21:50:38,-290232.0663,4580.5067,-277039.2415
2026-07-27 00:03:36,4023,2,2026-07-22 14:33:59,-9336.7392,587.6517,-9090.7392
2026-07-27 00:03:36,4023,3,2026-06-03 08:43:09,0.0,0.0,0.0
2026-07-27 00:03:36,4023,7,2026-07-25 20:24:25,81767.0437,8693.3776,81767.0437
2026-07-27 00:03:36,4026,3,2026-06-03 06:24:58,34000.0,0.0,34000.0
2026-07-27 00:03:36,4026,7,2026-07-26 13:52:24,-6630.9548,13028.2921,-3948.6398
2026-07-27 00:03:36,4029,2,2026-07-25 16:15:25,145333.6163,110.0831,145332.8829
2026-07-27 00:03:36,4029,3,2026-06-24 22:29:17,12359.7094,0.0,12359.7094
2026-07-27 00:03:36,4029,7,2026-07-25 17:43:31,175497.0557,200.4983,175702.6801
2026-07-27 03:51:57,1724,3,2026-06-03 08:15:44,-5801.03,0.0,-5801.03
2026-07-27 03:51:57,1724,7,2026-07-26 14:34:29,-547754.277,712.12,-537228.44
2026-07-27 03:51:57,1846,3,2026-06-03 08:24:16,-162433.969,0.0,-162433.969
2026-07-27 03:51:57,1846,7,2026-07-27 03:13:51,-1067590.078,14522.94,-1073101.788
2026-07-27 03:51:57,1945,2,2026-07-24 18:33:44,72641.902,90.474,72641.902
2026-07-27 03:51:57,1945,3,2026-06-03 07:12:27,79139.515,0.0,79139.515
2026-07-27 03:51:57,1945,7,2026-07-27 03:47:39,-251766.257,7108.198,-224776.949
2026-07-27 03:51:57,1945,10,2026-06-03 07:12:27,132265.715,0.0,146700.179
2026-07-27 03:51:57,1964,2,2026-07-27 00:20:37,3283009.0186,62332.25,3283009.0186
2026-07-27 03:51:57,1964,3,2026-06-03 08:55:14,62015.86,0.0,62015.86
2026-07-27 03:51:57,1964,7,2026-07-27 03:41:16,3392350.9694,88786.83,3392350.9694
2026-07-27 03:51:57,1964,10,2026-06-03 08:55:14,203413.3281,0.0,203413.3281
2026-07-27 03:51:57,1965,3,2026-06-03 07:01:17,-677.5161,0.0,-677.5161
2026-07-27 03:51:57,1965,7,2026-07-27 03:14:36,226178.5695,2892.9002,228204.5982
2026-07-27 03:51:57,2204,3,2026-06-03 07:41:42,-39377.836,0.0,-39377.836
2026-07-27 03:51:57,2204,7,2026-07-27 02:36:47,-395188.246,5945.231,-383309.726
2026-07-27 03:51:57,2205,3,2026-06-02 08:49:38,-25663.014,0.0,-25663.014
2026-07-27 03:51:57,2205,7,2026-07-27 03:33:28,-1075224.94,4879.015,-1065987.279
2026-07-27 03:51:57,2207,3,2026-06-03 08:24:50,-11659.982,0.0,-11659.982
2026-07-27 03:51:57,2207,7,2026-07-27 03:40:51,799310.587,36369.353,809841.075
2026-07-27 03:51:57,2208,2,2026-07-25 13:22:56,-654961.3465,5891.406,-654961.3465
2026-07-27 03:51:57,2208,3,2026-06-03 08:31:26,-101220.441,0.0,-101220.441
2026-07-27 03:51:57,2208,4,2026-06-03 08:31:26,0.0,0.0,0.0
2026-07-27 03:51:57,2208,7,2026-07-26 17:30:27,-521801.6311,7473.464,-504598.6981
2026-07-27 03:51:57,2208,8,2026-07-20 15:35:36,2614.851,60.943,2614.851
2026-07-27 03:51:57,2208,10,2026-06-03 08:31:26,563963.1731,0.0,531698.2631
2026-07-27 03:51:57,2224,3,2026-06-03 08:23:23,-6305.346,0.0,-6305.346
2026-07-27 03:51:57,2224,7,2026-07-27 03:35:11,-282069.7129,32157.701,-265847.2679
2026-07-27 03:51:57,2228,3,2026-06-25 08:35:15,14456.06,0.0,14456.06
2026-07-27 03:51:57,2228,7,2026-07-26 13:15:59,480946.325,11060.497,482459.846
2026-07-27 03:51:57,2230,3,2026-06-03 07:00:12,2292.791,0.0,2292.791
2026-07-27 03:51:57,2230,7,2026-07-27 03:42:27,5494.583,17713.974,5105.54
2026-07-27 03:51:57,2249,2,2026-07-25 17:49:08,-1157691.9482,10251.9544,-1162084.7861
2026-07-27 03:51:57,2249,3,2026-07-26 21:44:39,-223666.4677,2190.8253,-221835.1484
2026-07-27 03:51:57,2249,7,2026-06-03 05:29:21,0.0,0.0,0.0
2026-07-27 03:51:57,2251,3,2026-07-26 21:52:30,214856.5763,2760.4343,223570.1471
2026-07-27 03:51:57,2251,7,2026-06-03 08:22:05,0.0,0.0,0.0
2026-07-27 03:51:57,2264,2,2026-07-24 01:57:17,-408650.459,5562.465,-408650.459
2026-07-27 03:51:57,2264,10,2026-06-03 08:40:23,-44048.248,0.0,-42652.35
2026-07-27 03:51:57,2268,7,2026-07-27 03:19:01,-62353.836,9514.438,-62353.836
2026-07-27 03:51:57,2291,2,2026-07-26 16:08:52,-127470.114,4836.2564,-127470.3047
2026-07-27 03:51:57,2292,3,2026-06-23 13:56:40,-98158.828,0.0,-85556.815
2026-07-27 03:51:57,2292,7,2026-07-27 03:12:14,-1083161.206,16974.72,-1103435.916
2026-07-27 03:51:57,2295,3,2026-06-25 08:35:12,5827.7321,0.0,5827.7321
2026-07-27 03:51:57,2295,7,2026-07-26 08:44:28,-128479.037,4987.9036,-118632.1823
2026-07-27 03:51:57,2297,3,2026-07-04 22:47:32,35187.9024,-75.3305,35187.9024
2026-07-27 03:51:57,2297,7,2026-07-26 13:27:20,157648.6618,1277.0583,147220.4408
2026-07-27 03:51:57,2304,2,2026-07-25 11:15:34,-387069.0805,1143.9565,-387069.0805
2026-07-27 03:51:57,2304,10,2026-06-03 08:24:38,163627.1421,0.0,175848.871
2026-07-27 03:51:57,2305,2,2026-07-22 13:27:34,122799.832,520.0065,119459.0476
2026-07-27 03:51:57,2305,3,2026-06-03 06:05:23,0.0,0.0,0.0
2026-07-27 03:51:57,2305,7,2026-07-26 18:16:15,110332.2113,2728.5001,113585.9533
2026-07-27 03:51:57,2306,2,2026-07-25 15:01:14,99477.9829,6916.9091,106673.792
2026-07-27 03:51:57,2307,2,2026-07-25 12:49:50,742572.3187,10844.9864,777043.1357
2026-07-27 03:51:57,2308,2,2026-07-25 10:20:35,2708035.1823,37874.653,2718699.6538
2026-07-27 03:51:57,2317,2,2026-07-24 21:45:27,-1012.475,582.8483,2930.5625
2026-07-27 03:51:57,2317,3,2026-06-03 08:18:19,21540.6262,0.0,21540.6262
2026-07-27 03:51:57,2317,7,2026-07-27 03:29:50,351652.7355,9895.2261,353570.3011
2026-07-27 03:51:57,2330,2,2026-07-25 20:29:53,-1140410.0165,58069.89,-1140410.0165
2026-07-27 03:51:57,2330,10,2026-06-03 07:45:12,-52379.6297,0.0,-48319.6747
2026-07-27 03:51:57,2338,2,2026-07-25 21:21:29,15437.199,2127.341,28323.609
2026-07-27 03:51:57,2338,3,2026-07-25 15:49:26,63810.611,1330.182,53837.023
2026-07-27 03:51:57,2339,2,2026-07-25 14:02:46,489777.9767,5382.1365,493266.2712
2026-07-27 03:51:57,2341,7,2026-07-27 03:03:54,52436.2474,2865.4704,44228.216
2026-07-27 03:51:57,2346,2,2026-07-25 15:29:24,-311789.322,7606.177,-306950.528
2026-07-27 03:51:57,2346,3,2026-07-25 17:29:11,43393.327,1364.853,62160.877
2026-07-27 03:51:57,2350,2,2026-07-25 14:28:54,788421.599,5761.6715,792485.3472
2026-07-27 03:51:57,2350,3,2026-07-26 21:55:47,382065.9855,968.8532,381899.1479
2026-07-27 03:51:57,2350,7,2026-06-03 06:46:14,0.0,0.0,0.0
2026-07-27 03:51:57,2353,2,2026-07-25 21:01:58,253373.9784,3.7354,279217.5595
2026-07-27 03:51:57,2353,3,2026-07-26 11:28:09,-30120.0728,723.3648,-28121.0728
2026-07-27 03:51:57,2353,7,2026-07-24 20:34:06,106395.6679,1448.4514,108503.7687
2026-07-27 03:51:57,2355,2,2026-07-26 07:20:00,-69236.1158,6074.5308,-69236.1158
2026-07-27 03:51:57,2355,3,2026-07-26 21:42:35,-22192.5451,107.0274,-22192.5451
2026-07-27 03:51:57,2355,7,2026-07-25 09:39:11,-39006.196,707.4812,-39006.196
2026-07-27 03:51:57,2359,3,2026-07-24 20:50:14,-191266.842,48000.0,-188793.646
2026-07-27 03:51:57,2359,7,2026-07-26 18:32:46,-2864122.481,584.394,-2861310.521
2026-07-27 03:51:57,2364,2,2026-07-25 15:04:20,-343576.5277,55708.762,-343093.3209
2026-07-27 03:51:57,2384,2,2026-07-25 08:43:11,-26288.0,967.618,-26288.0
2026-07-27 03:51:57,2384,3,2026-06-23 07:29:35,-39429.606,0.0,-35855.326
2026-07-27 03:51:57,2384,7,2026-07-27 03:49:23,-203306.0581,12686.098,-200383.9521
2026-07-27 03:51:57,2384,10,2026-06-03 07:14:42,50116.43,0.0,51545.068
2026-07-27 03:51:57,2386,3,2026-07-24 20:40:22,-1851573.9051,24269.1688,-1866529.6358
2026-07-27 03:51:57,2386,7,2026-07-27 03:21:46,-241817.7021,25490.0152,-241817.7021
2026-07-27 03:51:57,2388,3,2026-07-19 07:38:50,-116806.2324,0.0,-116806.2324
2026-07-27 03:51:57,2388,7,2026-07-27 03:40:19,-285765.4124,11239.2494,-290007.6903
2026-07-27 03:51:57,2390,3,2026-07-24 17:07:47,429349.6438,12323.2963,434625.1347
2026-07-27 03:51:57,2390,7,2026-07-26 23:12:15,552247.1415,6748.0011,552247.1415
2026-07-27 03:51:57,2391,3,2026-06-09 13:00:35,35339.607,0.0,35339.607
2026-07-27 03:51:57,2391,7,2026-07-26 18:13:15,207553.196,1387.965,220895.653
2026-07-27 03:51:57,2394,2,2026-07-24 19:02:39,600402.4879,66850.3647,600402.4879
2026-07-27 03:51:57,2394,3,2026-07-26 20:00:23,23337.8306,7224.9268,23337.8306
2026-07-27 03:51:57,2394,7,2026-07-22 14:09:39,-52072.8814,96.7149,-40749.9857
2026-07-27 03:51:57,2394,10,2026-06-03 07:15:34,9039.8697,0.0,9093.2246
2026-07-27 03:51:57,2408,2,2026-07-25 19:15:42,443654.993,470.948,458484.172
2026-07-27 03:51:57,2416,2,2026-07-25 18:36:28,167185.441,0.003,173184.747
2026-07-27 03:51:57,2417,3,2026-06-24 21:44:46,7651.257,0.0,7651.257
2026-07-27 03:51:57,2417,7,2026-07-26 06:11:17,306913.314,5187.178,317494.528
2026-07-27 03:51:57,2425,2,2026-07-24 12:20:22,-3034899.5152,15000.0,-3034899.5152
2026-07-27 03:51:57,2425,3,2026-07-24 12:22:22,-1601656.0213,7000.0,-1601656.0213
2026-07-27 03:51:57,2455,3,2026-06-25 11:49:24,-27258.4132,0.0,-27258.4132
2026-07-27 03:51:57,2455,7,2026-07-26 10:11:28,16105.2932,108.0144,4351.9268
2026-07-27 03:51:57,2456,2,2026-07-25 21:18:11,303206.5286,878.3784,319584.0663
2026-07-27 03:51:57,2456,3,2026-07-25 04:14:11,46171.5497,19.7433,47359.7526
2026-07-27 03:51:57,2457,3,2026-06-29 17:15:03,39649.4768,0.0,39649.4768
2026-07-27 03:51:57,2457,7,2026-07-26 08:49:57,-1289.8739,1249.4973,2166.1204
2026-07-27 03:51:57,2459,2,2026-07-26 13:54:08,-1643880.8333,1471.5713,-1643880.8333
2026-07-27 03:51:57,2459,10,2026-06-03 08:23:30,-10729.441,0.0,-6854.1392
2026-07-27 03:51:57,2465,2,2026-07-23 22:00:23,-67968.7336,30.7205,-67968.7336
2026-07-27 03:51:57,2476,3,2026-06-03 06:00:57,283.8138,0.0,283.8138
2026-07-27 03:51:57,2476,7,2026-07-27 03:48:43,-97868.0772,19659.7909,-87035.6973
2026-07-27 03:51:57,2482,2,2026-07-26 16:29:48,-42978.1017,3762.041,-42257.123
2026-07-27 03:51:57,2482,3,2026-07-26 21:34:52,2171841.5893,2256.8524,2171762.6157
2026-07-27 03:51:57,2482,7,2025-03-13 16:03:26,-188.0,0.0,-188.0
2026-07-27 03:51:57,2486,3,2026-06-25 08:30:15,-35938.9957,0.0,-35938.9957
2026-07-27 03:51:57,2486,7,2026-07-26 11:33:30,-226062.0378,7961.1116,-218346.6688
2026-07-27 03:51:57,2487,3,2026-06-08 10:58:33,-31579.9725,0.0,-18590.3645
2026-07-27 03:51:57,2487,7,2026-07-26 18:49:58,-21398.6182,376.8039,-21398.6182
2026-07-27 03:51:57,2489,3,2026-06-25 07:34:49,47771.3544,0.0,47771.3544
2026-07-27 03:51:57,2489,7,2026-07-25 20:47:56,209612.886,301.5547,195435.942
2026-07-27 03:51:57,2499,3,2026-07-01 02:45:43,-142208.257,-16.51,-142208.257
2026-07-27 03:51:57,2499,7,2026-07-27 03:46:29,-998221.223,13083.2073,-951421.5113
2026-07-27 03:51:57,2500,2,2026-07-26 08:19:39,177365.097,27078.8975,179743.6543
2026-07-27 03:51:57,2500,3,2026-07-26 21:59:53,12750.1697,7494.2789,21983.1644
2026-07-27 03:51:57,2500,7,2026-06-03 08:14:04,0.0,0.0,0.0
2026-07-27 03:51:57,2502,3,2026-07-25 14:06:29,3305104.4509,392.0662,3295426.0414
2026-07-27 03:51:57,2505,3,2026-06-18 16:41:17,28705.308,0.0,28705.308
2026-07-27 03:51:57,2505,7,2026-07-26 13:17:54,-182497.04,1083.925,-186589.454
2026-07-27 03:51:57,2514,2,2026-07-26 15:01:04,223740.1514,15.7403,229713.3717
2026-07-27 03:51:57,2514,3,2026-07-26 14:36:37,162458.8873,1253.9406,166720.9908
2026-07-27 03:51:57,2515,2,2026-07-26 14:04:45,-13010.828,975.6673,-18424.1457
2026-07-27 03:51:57,2515,3,2026-07-26 14:17:53,1169191.0659,1363.4698,1154170.5066
2026-07-27 03:51:57,2517,3,2026-07-07 01:35:34,15839.2165,0.0,15839.2165
2026-07-27 03:51:57,2517,7,2026-07-26 09:01:26,-260115.0816,314.7964,-260115.0816
2026-07-27 03:51:57,2519,3,2026-06-09 23:04:12,71888.333,0.0,71888.333
2026-07-27 03:51:57,2519,7,2026-07-26 21:33:50,48317.015,23564.28,48151.057
2026-07-27 03:51:57,2525,2,2026-07-26 15:59:57,-59867.7311,251.8877,-59867.7311
2026-07-27 03:51:57,2525,3,2026-06-23 11:45:38,14081.7863,0.0,14081.7863
2026-07-27 03:51:57,2525,7,2026-07-26 19:58:38,-97993.1416,10664.2035,-96266.7034
2026-07-27 03:51:57,2525,10,2026-06-03 07:00:04,132370.6714,0.0,121130.4253
2026-07-27 03:51:57,2528,2,2026-07-26 21:57:05,92210.8528,14662.9466,93214.1509
2026-07-27 03:51:57,2528,3,2026-07-26 22:00:42,152299.1941,6019.0368,160177.2491
2026-07-27 03:51:57,2528,7,2026-06-03 06:20:28,0.0,0.0,0.0
2026-07-27 03:51:57,2531,2,2026-07-26 08:14:59,573790.1012,1180.1127,599326.2088
2026-07-27 03:51:57,2531,3,2026-07-26 08:21:59,958748.2566,25130.0449,963356.9463
2026-07-27 03:51:57,2535,3,2026-07-27 00:35:33,-257751.93,1059.1845,-256913.8284
2026-07-27 03:51:57,2535,7,2026-07-25 13:58:53,-422414.6207,-311.0558,-424383.8989
2026-07-27 03:51:57,2537,2,2026-07-25 17:45:00,-7663.1964,385.5321,-6260.4151
2026-07-27 03:51:57,2537,3,2026-07-25 15:32:39,49487.9893,681.6203,51036.9476
2026-07-27 03:51:57,2543,2,2026-07-25 12:55:11,357918.741,125.546,363834.216
2026-07-27 03:51:57,2545,2,2026-07-26 20:56:39,-1230340.7213,4684.3776,-1198444.8098
2026-07-27 03:51:57,2547,3,2026-06-23 08:13:01,-16749.9405,0.0,-15354.2997
2026-07-27 03:51:57,2547,7,2026-07-25 19:18:39,-308923.285,726.3457,-293029.7519
2026-07-27 03:51:57,2551,2,2026-07-26 09:35:01,-277169.2635,13.5506,-244379.4841
2026-07-27 03:51:57,2551,3,2026-07-26 04:55:08,-2443308.71,9313.8007,-2331175.0799
2026-07-27 03:51:57,2552,2,2026-07-24 23:00:55,-58008.1586,60.2132,-58008.1586
2026-07-27 03:51:57,2552,3,2026-06-29 10:58:04,-40068.729,0.0,-46055.7694
2026-07-27 03:51:57,2552,7,2026-07-26 15:23:17,49121.5809,1185.2264,50083.3313
2026-07-27 03:51:57,2552,10,2026-06-03 07:13:13,8613.7686,0.0,550.2333
2026-07-27 03:51:57,2555,2,2026-07-25 10:51:50,-71440.0583,258.8208,-64817.4269
2026-07-27 03:51:57,2555,3,2026-06-24 19:57:23,-19366.0531,0.0,-19366.0531
2026-07-27 03:51:57,2555,7,2026-07-25 23:01:25,-220301.3729,419.219,-218771.2365
2026-07-27 03:51:57,2556,3,2026-06-25 08:25:06,29849.4677,0.0,29849.4677
2026-07-27 03:51:57,2556,7,2026-07-26 10:59:08,145851.3329,4433.5231,146223.0934
2026-07-27 03:51:57,2559,2,2026-07-26 10:13:00,236259.3115,1015.5788,239875.3789
2026-07-27 03:51:57,2559,3,2026-07-26 21:57:34,75297.6253,9591.5173,76215.9826
2026-07-27 03:51:57,2559,7,2026-06-03 08:00:22,0.0,0.0,0.0
2026-07-27 03:51:57,2564,2,2026-07-26 07:26:32,-110814.1901,1327.1223,-107004.6092
2026-07-27 03:51:57,2564,3,2026-07-26 15:30:43,234603.2198,26.7227,237102.027
2026-07-27 03:51:57,2564,7,2026-07-25 09:56:01,-68722.9807,726.5381,-59736.6621
2026-07-27 03:51:57,2567,2,2026-07-24 13:40:45,-971186.8065,278.516,-966695.7753
2026-07-27 03:51:57,2567,10,2026-06-03 08:57:48,-0.048,0.0,-0.048
2026-07-27 03:51:57,2571,2,2026-07-25 13:08:22,36280.2597,206.6299,36280.2597
2026-07-27 03:51:57,2571,10,2026-06-03 08:48:36,3282.92,0.0,3282.92
2026-07-27 03:51:57,2577,2,2026-07-26 13:33:55,-1397072.5518,12178.2222,-1397072.5518
2026-07-27 03:51:57,2578,2,2026-07-26 16:13:35,483652.3183,375.3407,485997.6873
2026-07-27 03:51:57,2584,3,2026-06-03 08:11:41,0.0,0.0,0.0
2026-07-27 03:51:57,2584,7,2026-07-26 18:04:53,-79304.7046,10969.2003,-78650.7046
2026-07-27 03:51:57,2585,3,2026-07-26 17:22:25,-567147.7163,-517.2952,-563378.9392
2026-07-27 03:51:57,2585,7,2026-07-25 09:51:14,-677749.4594,19665.8663,-664570.2592
2026-07-27 03:51:57,2590,3,2026-06-03 06:07:28,49948.16,0.0,49948.16
2026-07-27 03:51:57,2590,7,2026-07-27 03:21:54,-81144.86,9685.38,-81144.86
2026-07-27 03:51:57,2592,3,2026-06-03 08:32:59,-9599.9015,0.0,-9599.9015
2026-07-27 03:51:57,2592,7,2026-07-27 03:13:02,269495.7863,3497.6722,281458.0855
2026-07-27 03:51:57,2593,3,2026-06-03 08:48:31,-260092.2651,0.0,-260092.2651
2026-07-27 03:51:57,2593,7,2026-07-27 03:39:38,-4491194.7226,116319.4418,-4541512.3413
2026-07-27 03:51:57,2595,2,2026-07-26 12:57:20,-224382.311,559.6726,-224490.3506
2026-07-27 03:51:57,2595,3,2026-07-01 23:08:31,-33957.2315,0.0,-33957.2315
2026-07-27 03:51:57,2595,7,2026-07-26 20:22:42,-39575.8623,10258.4635,-39556.1673
2026-07-27 03:51:57,2597,3,2026-06-24 23:23:29,44695.738,0.0,44695.738
2026-07-27 03:51:57,2597,7,2026-07-25 20:12:18,168146.69,103.095,177758.899
2026-07-27 03:51:57,2598,3,2026-06-24 15:17:29,32099.5939,0.0,32099.5939
2026-07-27 03:51:57,2598,7,2026-07-25 23:54:50,-128054.0873,5932.918,-127996.0913
2026-07-27 03:51:57,2600,2,2026-07-25 17:56:17,6132.7025,1354.7825,-18266.0447
2026-07-27 03:51:57,2601,2,2026-07-26 20:14:42,205158.1114,2209.4096,206973.6654
2026-07-27 03:51:57,2601,3,2026-07-26 20:16:42,232579.6998,11151.6841,236751.3208
2026-07-27 03:51:57,2603,2,2026-07-26 16:13:25,14308.4623,5277.9218,14867.2634
2026-07-27 03:51:57,2603,3,2026-07-26 22:01:41,9623.9616,14239.5415,17769.683
2026-07-27 03:51:57,2603,7,2026-06-03 08:16:02,0.0,0.0,0.0
2026-07-27 03:51:57,2605,2,2026-07-25 21:20:39,774946.7376,538.7913,776094.8879
2026-07-27 03:51:57,2605,3,2026-07-26 11:04:03,35365.5904,181.9281,35571.2714
2026-07-27 03:51:57,2605,7,2026-07-24 22:13:41,59330.3066,1112.0916,59329.7003
2026-07-27 03:51:57,2609,3,2026-07-18 08:12:20,-57048.6469,0.0,-57048.6469
2026-07-27 03:51:57,2609,7,2026-07-26 22:21:09,-150776.6184,1645.5922,-138344.4779
2026-07-27 03:51:57,2615,3,2026-06-24 16:18:24,23818.6397,0.0,23818.6397
2026-07-27 03:51:57,2615,7,2026-07-25 17:15:35,308608.9985,5274.0437,301421.4415
2026-07-27 03:51:57,2616,3,2026-07-25 15:50:04,-261399.9364,22000.0,-258308.535
2026-07-27 03:51:57,2616,7,2026-07-27 03:25:31,-33248.1608,-18124.0463,-33248.1608
2026-07-27 03:51:57,2617,3,2026-07-25 12:22:34,-624813.6904,994.4102,-597609.8689
2026-07-27 03:51:57,2618,2,2026-07-25 11:52:28,265705.9369,218.1187,270226.9852
2026-07-27 03:51:57,2618,3,2026-07-25 13:20:19,376152.3728,712.8297,390427.0254
2026-07-27 03:51:57,2624,3,2026-07-07 18:26:02,32260.673,0.0,32260.673
2026-07-27 03:51:57,2624,7,2026-07-26 18:55:18,70219.4563,11867.7737,70219.4563
2026-07-27 03:51:57,2627,2,2026-07-25 17:12:53,-429085.8723,5692.5929,-426470.3899
2026-07-27 03:51:57,2627,3,2026-07-25 21:18:02,-80650.225,519.377,-80630.225
2026-07-27 03:51:57,2627,7,2026-07-21 01:15:29,-242067.067,0.0,-238230.0752
2026-07-27 03:51:57,2636,3,2026-07-26 23:51:13,-140167.6775,1228.5458,-140311.6775
2026-07-27 03:51:57,2636,7,2026-07-26 21:36:35,-278123.5798,8700.7602,-271745.4862
2026-07-27 03:51:57,2637,3,2026-07-26 20:30:13,-57136.74,648.25,-56585.74
2026-07-27 03:51:57,2637,7,2026-07-25 09:04:13,-229302.13,695.99,-227082.29
2026-07-27 03:51:57,2640,2,2026-07-26 00:03:59,1138013.811,9127.081,1138013.49
2026-07-27 03:51:57,2640,3,2026-06-25 03:29:29,48476.868,0.0,48476.868
2026-07-27 03:51:57,2640,7,2026-07-26 04:05:06,262902.755,266.288,262729.859
2026-07-27 03:51:57,2642,2,2026-07-26 07:26:34,-547985.4068,82.1598,-534301.0608
2026-07-27 03:51:57,2643,2,2026-07-26 13:08:22,174300.5914,614.4307,180788.2868
2026-07-27 03:51:57,2643,3,2026-07-02 12:19:33,-1946.3247,-161.632,-1946.3247
2026-07-27 03:51:57,2643,7,2026-07-26 08:16:58,165685.4019,246.8667,165684.7675
2026-07-27 03:51:57,2644,2,2026-07-25 14:42:27,-333396.7547,236.3789,-331165.7547
2026-07-27 03:51:57,2644,3,2026-07-26 18:38:32,-963335.5869,47.1831,-961001.0714
2026-07-27 03:51:57,2644,7,2026-07-25 11:26:29,-1062756.4492,829.0153,-1062897.5728
2026-07-27 03:51:57,2645,3,2026-07-26 23:52:39,-935503.2097,41211.688,-917590.9046
2026-07-27 03:51:57,2646,2,2026-07-26 13:32:44,-242682.3409,16387.6672,-242217.9132
2026-07-27 03:51:57,2646,3,2026-07-25 21:35:26,-275866.0446,2682.2605,-275437.5434
2026-07-27 03:51:57,2646,7,2026-06-03 06:17:12,0.0,0.0,0.0
2026-07-27 03:51:57,2647,2,2026-07-26 13:24:17,-585117.7023,2453.923,-585117.7023
2026-07-27 03:51:57,2647,10,2026-06-03 06:14:35,1455.0785,0.0,1428.2484
2026-07-27 03:51:57,2648,3,2026-07-07 14:03:54,52368.3511,-23.4195,52368.3511
2026-07-27 03:51:57,2648,7,2026-07-25 18:53:59,358038.7593,73.5703,359749.4053
2026-07-27 03:51:57,2654,3,2026-06-03 00:01:57,-34626.408,0.0,-34626.408
2026-07-27 03:51:57,2654,7,2026-07-27 02:22:03,-2366622.941,3906.898,-2365263.853
2026-07-27 03:51:57,2657,3,2026-06-25 10:16:36,94139.9814,0.0,94139.9814
2026-07-27 03:51:57,2657,7,2026-07-26 01:34:13,752853.6786,20666.0335,750601.6726
2026-07-27 03:51:57,2668,3,2026-06-03 08:09:35,85204.4639,0.0,85204.4639
2026-07-27 03:51:57,2668,7,2026-07-26 21:22:11,-77559.0609,446.0822,-75655.2826
2026-07-27 03:51:57,2670,3,2026-07-27 00:44:07,-81312.7154,262.2525,-79711.9222
2026-07-27 03:51:57,2675,3,2026-07-25 17:07:53,-2096224.4672,5754.083,-2068657.2908
2026-07-27 03:51:57,2677,3,2026-07-15 16:21:55,119828.9504,0.0,119828.9504
2026-07-27 03:51:57,2677,7,2026-07-26 20:50:07,-239054.8154,7786.53,-92430.8152
2026-07-27 03:51:57,2688,2,2026-07-26 08:14:15,240032.1712,6084.2328,232973.097
2026-07-27 03:51:57,2688,3,2026-07-21 14:42:48,2483.4022,0.0,-2692.6528
2026-07-27 03:51:57,2688,7,2026-07-26 23:56:39,78342.679,12741.6523,78342.679
2026-07-27 03:51:57,2689,3,2026-07-03 08:01:28,-96635.0735,0.0,-89520.9913
2026-07-27 03:51:57,2689,7,2026-07-26 07:42:31,85309.6171,474.4875,85481.6586
2026-07-27 03:51:57,2697,2,2026-07-25 11:49:01,167532.086,39784.674,187880.636
2026-07-27 03:51:57,2697,3,2026-06-24 21:59:09,8790.341,0.0,8790.341
2026-07-27 03:51:57,2697,7,2026-07-25 17:28:04,405928.338,11777.83,415923.816
2026-07-27 03:51:57,2698,2,2026-07-25 06:08:42,-218138.8856,166.9079,-218138.8856
2026-07-27 03:51:57,2698,10,2026-06-03 07:51:18,45085.3121,0.0,45001.2993
2026-07-27 03:51:57,2704,2,2026-07-26 22:50:02,-120875.4169,350.1437,-121105.4169
2026-07-27 03:51:57,2706,3,2026-06-03 05:15:51,65137.2927,0.0,65137.2927
2026-07-27 03:51:57,2706,7,2026-07-27 03:46:22,1664549.7633,29686.9929,1664213.428
2026-07-27 03:51:57,2711,2,2026-07-25 08:05:27,393003.4858,6.3825,393003.4858
2026-07-27 03:51:57,2711,3,2026-07-18 11:17:08,66391.2991,0.0,66391.2991
2026-07-27 03:51:57,2711,7,2026-07-25 10:22:36,58424.4231,72.1358,58424.4231
2026-07-27 03:51:57,2711,10,2026-06-03 07:01:45,161337.5346,0.0,165205.2857
2026-07-27 03:51:57,2718,3,2026-07-26 16:53:18,-668599.7941,662.4216,-656924.5078
2026-07-27 03:51:57,2718,7,2025-03-13 16:03:26,724.0,0.0,724.0
2026-07-27 03:51:57,2722,2,2026-07-25 21:25:58,459455.7237,977.1556,460463.4045
2026-07-27 03:51:57,2722,3,2026-07-26 12:35:49,371401.0643,325.2823,393331.7312
2026-07-27 03:51:57,2722,7,2026-06-03 06:10:37,0.0,0.0,0.0
2026-07-27 03:51:57,2722,10,2026-06-03 06:10:37,0.0,0.0,0.0
2026-07-27 03:51:57,2724,3,2026-06-03 08:22:13,-104485.854,0.0,-104485.854
2026-07-27 03:51:57,2724,7,2026-07-27 03:25:02,-44529.302,29500.55,-56298.249
2026-07-27 03:51:57,2727,2,2026-07-25 10:54:56,9562.8234,6949.5368,186025.173
2026-07-27 03:51:57,2727,3,2026-07-25 12:06:35,55719.6923,403.1374,438212.988
2026-07-27 03:51:57,2729,2,2026-07-25 10:44:40,231346.769,3.801,242974.939
2026-07-27 03:51:57,2729,3,2026-06-25 05:19:07,16382.759,0.0,16382.759
2026-07-27 03:51:57,2729,7,2026-07-26 11:32:14,369846.84,158.745,379304.061
2026-07-27 03:51:57,2730,3,2026-06-03 08:24:08,-70381.761,0.0,-70381.761
2026-07-27 03:51:57,2730,7,2026-07-27 03:24:54,20293.15,3191.146,24031.836
2026-07-27 03:51:57,2740,2,2026-07-26 10:52:07,-180431.6432,415.7719,-184097.6432
2026-07-27 03:51:57,2740,3,2026-06-03 08:50:37,16000.0,0.0,16000.0
2026-07-27 03:51:57,2740,7,2026-07-26 07:49:01,-304172.7642,3570.1825,-302977.9132
2026-07-27 03:51:57,2743,3,2026-06-03 08:33:58,1153.781,0.0,1153.781
2026-07-27 03:51:57,2743,7,2026-07-27 03:20:48,17037.268,4011.159,50521.822
2026-07-27 03:51:57,2753,2,2026-07-25 15:39:36,-396590.8124,12867.4849,-396583.8244
2026-07-27 03:51:57,2754,3,2026-06-19 15:45:48,61551.902,0.0,61551.902
2026-07-27 03:51:57,2754,7,2026-07-27 03:45:08,-116983.687,20877.299,-107437.375
2026-07-27 03:51:57,2760,3,2026-07-20 18:41:06,-9222.314,15000.0,-9222.314
2026-07-27 03:51:57,2760,7,2026-07-27 03:49:24,158868.554,16653.34,158868.554
2026-07-27 03:51:57,2763,2,2026-07-24 19:09:32,-16079.1903,826.8238,-16220.1905
2026-07-27 03:51:57,2763,3,2026-06-25 17:12:54,-4707.1257,0.0,-4707.1257
2026-07-27 03:51:57,2763,7,2026-07-25 07:39:27,51588.4933,128.3771,51537.2139
2026-07-27 03:51:57,2768,3,2026-06-03 08:23:19,18909.168,0.0,18909.168
2026-07-27 03:51:57,2768,7,2026-07-27 03:21:21,1796381.876,2405.342,1796381.586
2026-07-27 03:51:57,2769,2,2026-07-25 14:03:04,252716.431,23920.7201,252412.7597
2026-07-27 03:51:57,2773,2,2026-07-24 01:12:41,691707.1521,9551.1,691707.1521
2026-07-27 03:51:57,2773,3,2026-06-03 08:42:23,-22079.269,0.0,-22079.269
2026-07-27 03:51:57,2773,7,2026-07-27 02:19:41,1098659.468,10985.309,1099554.242
2026-07-27 03:51:57,2773,10,2026-07-04 16:39:54,428596.1948,0.0,421326.1948
2026-07-27 03:51:57,2781,3,2026-06-09 16:13:39,75539.087,0.0,75539.087
2026-07-27 03:51:57,2781,7,2026-07-25 13:34:38,77297.978,119.3,77297.748
2026-07-27 03:51:57,2782,3,2026-06-24 19:55:29,1884.7004,0.0,1884.7004
2026-07-27 03:51:57,2782,7,2026-07-26 14:10:31,81549.6472,217.9767,81765.7594
2026-07-27 03:51:57,2786,2,2026-07-25 12:38:03,25795.235,16026.5123,32235.9607
2026-07-27 03:51:57,2786,3,2026-06-25 18:56:27,-28181.3919,0.0,-28181.3919
2026-07-27 03:51:57,2786,7,2026-07-25 21:37:13,414613.3092,502.4267,417050.1588
2026-07-27 03:51:57,2789,2,2026-07-24 11:29:31,119576.2648,163.2342,118997.0039
2026-07-27 03:51:57,2789,3,2026-06-25 08:42:03,32230.3415,0.0,32230.3415
2026-07-27 03:51:57,2789,7,2026-07-25 09:56:15,108258.426,110.0064,110341.0508
2026-07-27 03:51:57,2793,2,2026-07-26 16:53:45,22833.811,6886.7134,22833.811
2026-07-27 03:51:57,2793,10,2026-06-03 00:52:18,78915.1501,0.0,78915.1501
2026-07-27 03:51:57,2794,2,2026-07-26 14:21:28,456143.1602,168.9485,457909.7515
2026-07-27 03:51:57,2794,3,2026-06-25 11:19:21,69946.7438,0.0,69946.7438
2026-07-27 03:51:57,2794,7,2026-07-26 08:25:43,436814.9679,289.2375,438257.4931
2026-07-27 03:51:57,2800,2,2026-07-26 12:45:35,362095.819,149.568,362693.019
2026-07-27 03:51:57,2800,3,2026-06-24 21:36:33,27274.349,0.0,27274.349
2026-07-27 03:51:57,2800,7,2026-07-26 06:12:43,241822.545,180.107,248428.375
2026-07-27 03:51:57,2803,2,2026-07-25 12:41:40,-810496.046,2712.303,-810496.046
2026-07-27 03:51:57,2803,10,2026-06-03 08:28:50,6582.141,0.0,6478.519
2026-07-27 03:51:57,2804,2,2026-07-25 14:25:33,11864.7904,4120.3216,17004.2329
2026-07-27 03:51:57,2804,3,2026-07-19 15:09:10,287856.5897,0.0,299262.7119
2026-07-27 03:51:57,2804,7,2026-07-26 21:20:10,28685.7998,12022.1068,28685.7998
2026-07-27 03:51:57,2805,2,2026-07-26 20:42:49,-159903.2,2224.4,-159903.2
2026-07-27 03:51:57,2805,3,2026-06-03 08:04:14,356.19,0.0,814.19
2026-07-27 03:51:57,2805,7,2026-07-26 22:46:20,-181885.1712,11092.81,-191219.5352
2026-07-27 03:51:57,2805,10,2026-06-03 08:04:14,92405.9332,0.0,80102.1592
2026-07-27 03:51:57,2808,2,2026-07-25 23:03:07,-553730.0225,36.9,-553730.0225
2026-07-27 03:51:57,2808,10,2026-06-03 08:45:00,101684.8878,0.0,79419.6098
2026-07-27 03:51:57,2821,2,2026-07-26 12:34:09,15440.7664,14033.8608,32220.0486
2026-07-27 03:51:57,2821,3,2026-07-26 15:40:56,86085.2349,5207.6174,93179.8288
2026-07-27 03:51:57,2821,10,2026-06-03 07:23:51,0.0,0.0,0.0
2026-07-27 03:51:57,2822,2,2026-07-26 11:19:07,22038.9539,3166.7419,38775.422
2026-07-27 03:51:57,2822,3,2026-07-26 17:24:53,370202.1891,17139.1437,385840.5964
2026-07-27 03:51:57,2824,2,2026-07-26 12:28:47,134846.0998,2213.9392,134846.0998
2026-07-27 03:51:57,2824,3,2026-07-19 08:02:40,34803.699,0.0,34803.699
2026-07-27 03:51:57,2824,7,2026-07-26 14:22:35,235959.7653,533.5568,235958.7653
2026-07-27 03:51:57,2824,10,2026-06-03 07:14:15,93172.0173,0.0,93172.0173
2026-07-27 03:51:57,2825,2,2026-07-24 17:21:50,-103492.4472,350.8489,-102255.5987
2026-07-27 03:51:57,2829,2,2026-07-25 13:10:58,138283.1869,57.1412,138283.1869
2026-07-27 03:51:57,2829,3,2026-06-24 07:57:10,11077.1089,0.0,11077.1089
2026-07-27 03:51:57,2829,7,2026-07-26 17:16:58,65137.1657,1107.4434,65137.1657
2026-07-27 03:51:57,2833,2,2026-07-26 22:25:38,287800.3211,20800.0,287800.3211
2026-07-27 03:51:57,2833,3,2026-07-19 12:40:04,153270.4325,-6951.7805,153270.4325
2026-07-27 03:51:57,2833,7,2026-07-26 22:26:35,409307.6192,128633.5735,425692.5242
2026-07-27 03:51:57,2833,10,2026-06-03 00:54:55,31780.001,0.0,31779.4074
2026-07-27 03:51:57,2856,3,2026-06-25 08:13:11,2733.8571,0.0,2733.8571
2026-07-27 03:51:57,2856,7,2026-07-26 08:34:19,34840.3472,298.8913,34900.573
2026-07-27 03:51:57,2857,2,2026-07-26 17:56:42,-73851.8547,5472.35,-74331.7339
2026-07-27 03:51:57,2857,3,2026-07-26 13:32:34,-156919.815,5723.17,-155434.8697
2026-07-27 03:51:57,2877,3,2026-06-25 08:58:56,163265.676,0.0,163265.676
2026-07-27 03:51:57,2877,7,2026-07-26 17:09:42,159389.447,290.221,159389.045
2026-07-27 03:51:57,2903,3,2026-07-26 21:34:27,-40510.1177,5613.4808,-29338.1054
2026-07-27 03:51:57,2905,2,2026-07-27 03:47:55,145361.4903,14512.82,281402.1301
2026-07-27 03:51:57,2911,2,2026-07-27 03:16:25,-223957.24,7259.78,-187215.3
2026-07-27 03:51:57,2916,2,2026-07-26 23:30:59,119347.8091,85.386,119121.6121
2026-07-27 03:51:57,2916,3,2026-06-26 12:27:41,27020.329,0.0,27020.329
2026-07-27 03:51:57,2916,7,2026-07-25 22:17:07,96239.683,359.086,97418.402
2026-07-27 03:51:57,2928,2,2026-07-26 09:49:18,1602387.3075,353.7652,1602387.3075
2026-07-27 03:51:57,2928,3,2026-07-16 11:01:39,489103.97,0.0,547799.6145
2026-07-27 03:51:57,2928,7,2026-07-26 19:25:19,4513331.4983,27841.3571,4513331.4983
2026-07-27 03:51:57,2928,10,2026-06-03 08:27:17,48508.4694,0.0,48888.456
2026-07-27 03:51:57,2929,3,2026-06-03 08:14:32,0.0398,0.0,0.0398
2026-07-27 03:51:57,2929,7,2026-07-26 22:07:03,85034.4082,12995.5708,87092.6827
2026-07-27 03:51:57,2931,2,2026-07-26 13:57:08,-500773.7347,4442.7267,-495820.2761
2026-07-27 03:51:57,2940,2,2026-07-26 21:49:25,-6031.0678,5988.4,-8251.4066
2026-07-27 03:51:57,2940,3,2026-07-26 21:40:51,-11486.6579,8748.29,-14720.9519
2026-07-27 03:51:57,2943,3,2026-07-10 06:51:31,-19289.3804,0.0,-19289.3804
2026-07-27 03:51:57,2943,7,2026-07-26 15:35:16,-660749.3663,6658.6878,-660749.3663
2026-07-27 03:51:57,2946,3,2026-06-03 06:26:53,0.0,0.0,0.0
2026-07-27 03:51:57,2946,7,2026-07-26 17:01:57,264402.4278,48838.2465,266062.9078
2026-07-27 03:51:57,2950,2,2026-07-25 16:39:57,327975.1335,985.1016,327974.3935
2026-07-27 03:51:57,2950,3,2026-06-25 16:24:47,20615.5343,0.0,20615.5343
2026-07-27 03:51:57,2950,7,2026-07-26 10:40:52,200332.6409,257.6548,200332.3759
2026-07-27 03:51:57,2954,2,2026-07-26 07:47:09,-337501.816,8365.733,-337482.168
2026-07-27 03:51:57,2954,3,2026-06-25 16:56:59,-1301.282,0.0,-1301.282
2026-07-27 03:51:57,2954,7,2026-07-26 17:31:15,-281348.833,12227.76,-279468.057
2026-07-27 03:51:57,2956,2,2026-07-26 21:53:46,-29489.8737,8191.6226,-29489.8737
2026-07-27 03:51:57,2956,10,2026-06-01 07:28:35,-17741.6375,0.0,24967.0104
2026-07-27 03:51:57,2957,2,2026-07-25 17:46:11,180425.8758,4819.58,180425.4044
2026-07-27 03:51:57,2957,3,2026-07-25 21:20:12,151595.0063,13746.45,162012.539
2026-07-27 03:51:57,2958,2,2026-07-27 00:05:27,127360.3382,1956.699,127360.3382
2026-07-27 03:51:57,2958,3,2026-06-03 07:14:11,310861.2153,0.0,310956.3434
2026-07-27 03:51:57,2958,7,2026-07-26 19:34:07,331888.9833,16908.0709,348718.1595
2026-07-27 03:51:57,2958,10,2026-06-03 07:14:11,60435.569,0.0,60704.569
2026-07-27 03:51:57,2960,3,2026-07-25 10:37:02,2516.061,270.7316,2786.5156
2026-07-27 03:51:57,2974,2,2026-07-26 09:16:17,-686995.7148,6581.67,-688501.9115
2026-07-27 03:51:57,2974,3,2026-07-26 13:59:32,-241489.3236,8602.15,-236817.7497
2026-07-27 03:51:57,2974,7,2026-07-17 12:48:06,-260699.3893,0.0,-260699.3893
2026-07-27 03:51:57,2979,3,2026-07-26 23:47:20,-758565.2253,8471.76,-639111.2707
2026-07-27 03:51:57,2980,2,2026-07-26 19:01:36,-94414.7912,7986.6,-105504.2999
2026-07-27 03:51:57,2980,3,2026-07-26 23:27:17,-100525.6154,5598.42,-106429.6228
2026-07-27 03:51:57,2981,2,2026-07-26 23:47:57,-1206727.1134,10962.81,-1185048.9414
2026-07-27 03:51:57,2982,2,2026-07-25 19:43:09,-230183.0525,5035.6233,-228159.6779
2026-07-27 03:51:57,2982,3,2026-07-26 21:59:57,-255551.7088,7441.3726,-259569.0337
2026-07-27 03:51:57,2982,7,2026-06-03 08:35:10,0.0,0.0,0.0
2026-07-27 03:51:57,2989,3,2026-07-09 18:20:00,-22293.61,-25730.48,-22293.61
2026-07-27 03:51:57,2989,7,2026-07-27 03:49:17,531404.3545,269927.28,531424.1115
2026-07-27 03:51:57,2996,3,2026-06-03 06:57:36,7527.75,0.0,7527.75
2026-07-27 03:51:57,2996,7,2026-07-26 17:31:25,1195863.693,1812.244,1199956.06
2026-07-27 03:51:57,2998,3,2026-07-26 16:43:56,-1123254.9875,4766.6924,-1119191.8209
2026-07-27 03:51:57,2998,7,2026-06-03 08:46:38,0.0,0.0,0.0
2026-07-27 03:51:57,3005,3,2026-06-25 09:44:56,17302.543,0.0,17302.543
2026-07-27 03:51:57,3005,7,2026-07-26 09:01:55,218473.628,364.033,226931.867
2026-07-27 03:51:57,3011,2,2026-07-23 14:55:52,494498.6113,2968.406,914498.6113
2026-07-27 03:51:57,3011,10,2026-06-03 08:45:02,268421.73,0.0,342391.838
2026-07-27 03:51:57,3013,2,2026-07-24 21:53:41,-2142822.111,478.02,-2142822.111
2026-07-27 03:51:57,3013,10,2026-06-03 06:06:23,18399.806,0.0,-4002.27
2026-07-27 03:51:57,3021,2,2026-07-26 12:43:49,-833347.3696,13668.47,-804824.5809
2026-07-27 03:51:57,3021,3,2026-06-19 12:30:06,-531276.7539,-21001.8,-455174.6524
2026-07-27 03:51:57,3021,7,2026-07-26 17:41:44,36886.88,62226.13,36886.88
2026-07-27 03:51:57,3032,2,2026-07-26 19:04:35,376184.505,39368.889,379277.135
2026-07-27 03:51:57,3044,3,2025-07-04 06:41:44,52895.8553,0.0,52895.8553
2026-07-27 03:51:57,3044,7,2026-07-26 10:26:13,-15280.6051,5229.3231,-5761.957
2026-07-27 03:51:57,3050,3,2026-07-06 12:22:18,8883.4634,0.0,8883.4634
2026-07-27 03:51:57,3050,7,2026-07-26 15:33:59,183956.5881,114.309,189440.247
2026-07-27 03:51:57,3055,2,2026-07-26 23:59:10,430002.042,4.063,430076.998
2026-07-27 03:51:57,3055,3,2026-06-25 06:46:32,174080.895,0.0,174080.895
2026-07-27 03:51:57,3055,7,2026-07-26 10:59:39,262330.141,180.136,263282.469
2026-07-27 03:51:57,3063,2,2026-07-24 18:16:23,-57573.096,314.166,-57472.192
2026-07-27 03:51:57,3063,10,2026-06-03 08:39:31,0.0,0.0,0.0
2026-07-27 03:51:57,3065,7,2026-07-27 00:23:47,101937.8024,6868.7982,101506.2403
2026-07-27 03:51:57,3066,2,2026-07-26 02:18:30,-851155.259,2999.995,-849690.451
2026-07-27 03:51:57,3066,3,2026-06-24 18:13:58,11149.276,0.0,11149.276
2026-07-27 03:51:57,3066,7,2026-07-25 20:41:19,-806104.476,283.598,-806029.527
2026-07-27 03:51:57,3073,3,2026-06-03 01:26:54,0.0,0.0,0.0
2026-07-27 03:51:57,3073,7,2026-07-26 22:54:05,62549.3244,13624.4583,68833.6734
2026-07-27 03:51:57,3074,3,2026-06-03 06:59:32,1181.469,0.0,1181.469
2026-07-27 03:51:57,3074,7,2026-07-27 03:49:42,-49528.046,10333.475,-49528.046
2026-07-27 03:51:57,3077,3,2026-07-25 09:49:46,33481.3319,12000.0,33481.3319
2026-07-27 03:51:57,3077,7,2026-07-25 17:10:02,112297.9339,23.161,106994.2101
2026-07-27 03:51:57,3079,2,2026-07-25 14:36:25,-7751.807,3402.528,-7751.807
2026-07-27 03:51:57,3079,10,2026-06-03 07:50:16,13182.864,0.0,31577.96
2026-07-27 03:51:57,3081,2,2026-07-26 10:28:46,264211.624,0.002,266105.895
2026-07-27 03:51:57,3081,3,2026-06-24 18:36:07,32555.297,0.0,32555.297
2026-07-27 03:51:57,3081,7,2026-07-26 08:00:54,200038.996,808.085,200039.264
2026-07-27 03:51:57,3083,3,2026-07-21 18:09:33,-123307.1355,91.954,-123307.1355
2026-07-27 03:51:57,3083,7,2026-07-26 11:21:16,-363380.4032,1596.2307,-354250.6685
2026-07-27 03:51:57,3086,3,2026-06-03 08:38:54,-155081.9824,0.0,-155081.9824
2026-07-27 03:51:57,3086,7,2026-07-25 11:55:08,6314299.5359,100012.5542,6397303.3824
2026-07-27 03:51:57,3090,3,2026-06-26 07:27:02,-126555.408,0.0,-126555.408
2026-07-27 03:51:57,3090,7,2026-07-25 21:06:54,-917013.801,44.507,-907618.71
2026-07-27 03:51:57,3095,3,2026-06-25 10:53:14,6216.626,0.0,6216.626
2026-07-27 03:51:57,3095,7,2026-07-26 01:26:55,511861.7626,9641.459,513874.3456
2026-07-27 03:51:57,3098,2,2026-07-25 17:31:00,-118768.249,12000.0,-117320.315
2026-07-27 03:51:57,3098,3,2026-06-25 08:05:21,-24585.612,0.0,-24585.612
2026-07-27 03:51:57,3098,7,2026-07-26 14:28:15,-146646.291,134.366,-145417.326
2026-07-27 03:51:57,3099,3,2026-06-03 07:58:34,-228.814,0.0,-228.814
2026-07-27 03:51:57,3099,7,2026-07-27 03:47:07,-189033.97,15810.89,-174496.541
2026-07-27 03:51:57,3111,3,2026-07-02 15:59:16,-538581.846,0.0,-531173.1844
2026-07-27 03:51:57,3111,7,2026-07-27 01:27:57,-134103.37,16815.83,-134103.37
2026-07-27 03:51:57,3112,2,2026-07-25 20:52:57,-84002.595,189.04,-84002.595
2026-07-27 03:51:57,3112,3,2026-07-26 19:43:43,-125797.714,1562.46,-125797.714
2026-07-27 03:51:57,3115,2,2026-07-25 15:15:40,-39534.133,346.224,-36723.09
2026-07-27 03:51:57,3115,3,2026-06-25 14:54:56,-41856.347,0.0,-41856.347
2026-07-27 03:51:57,3115,7,2026-07-26 16:50:29,-133886.856,12559.728,-124937.564
2026-07-27 03:51:57,3119,2,2026-07-25 19:40:51,3454.3243,1098.2898,3431.7127
2026-07-27 03:51:57,3119,3,2026-07-26 20:46:22,-38099.2541,229.0665,-37625.5044
2026-07-27 03:51:57,3124,2,2026-07-25 15:11:10,-793146.3123,81.535,-802758.5643
2026-07-27 03:51:57,3133,2,2026-07-25 19:05:00,-976037.5672,281.0407,-975363.104
2026-07-27 03:51:57,3133,3,2026-06-25 11:36:24,-58078.6921,0.0,-58078.6921
2026-07-27 03:51:57,3133,7,2026-07-26 10:21:44,-939261.2276,3584.081,-933606.4924
2026-07-27 03:51:57,3134,3,2026-06-24 21:20:59,21035.599,0.0,21035.599
2026-07-27 03:51:57,3134,7,2026-07-26 06:25:14,259455.8669,5970.003,256545.6439
2026-07-27 03:51:57,3135,2,2026-07-25 11:58:21,844568.2964,307.694,863122.6214
2026-07-27 03:51:57,3135,3,2026-06-24 14:35:11,35328.842,0.0,35328.842
2026-07-27 03:51:57,3135,7,2026-07-25 19:17:17,157605.268,11971.623,159645.363
2026-07-27 03:51:57,3138,3,2026-06-07 17:44:23,-61663.18,0.0,-61663.18
2026-07-27 03:51:57,3138,7,2026-07-27 03:21:59,-2621467.856,3415.79,-2632494.015
2026-07-27 03:51:57,3149,2,2026-07-27 03:29:37,139292.0186,1853.9549,141203.1376
2026-07-27 03:51:57,3149,3,2026-06-03 06:29:31,28900.0,0.0,28900.0
2026-07-27 03:51:57,3149,7,2026-07-26 14:08:44,413119.493,17911.3482,415347.342
2026-07-27 03:51:57,3151,2,2026-07-26 14:53:55,156097.8831,469.431,156097.8831
2026-07-27 03:51:57,3158,2,2026-07-26 11:07:04,-17086.7682,3131.1331,-15824.5582
2026-07-27 03:51:57,3158,3,2026-06-25 21:46:05,32500.0,0.0,32500.0
2026-07-27 03:51:57,3158,7,2026-07-26 11:20:43,74795.7971,147.1894,74795.7971
2026-07-27 03:51:57,3164,3,2026-07-25 23:51:10,-179559.2842,6804.9361,-173004.2727
2026-07-27 03:51:57,3170,2,2026-07-25 18:21:24,-572169.5161,35.1142,-570791.9014
2026-07-27 03:51:57,3185,2,2026-07-25 09:37:11,-89024.9766,444.26,-83483.0226
2026-07-27 03:51:57,3186,7,2026-07-27 01:50:10,-165589.373,1023.12,-161107.11
2026-07-27 03:51:57,3191,2,2026-07-26 16:58:39,-69433.2305,770.3436,-69433.2305
2026-07-27 03:51:57,3191,10,2026-06-03 06:12:56,-1961.1055,0.0,-1961.1055
2026-07-27 03:51:57,3192,7,2026-07-26 00:39:42,113538.2295,5679.3713,124609.7575
2026-07-27 03:51:57,3207,3,2026-06-03 07:05:01,19799.7891,0.0,19799.7891
2026-07-27 03:51:57,3207,7,2026-07-27 01:27:25,-1616369.2594,18610.4744,-1616369.0487
2026-07-27 03:51:57,3211,7,2026-07-26 10:08:20,-286663.2037,8874.0433,-285245.7717
2026-07-27 03:51:57,3212,3,2026-06-26 12:33:06,-66857.0031,0.0,-66857.0031
2026-07-27 03:51:57,3212,7,2026-07-26 21:51:06,-1235398.6637,1597.4715,-1235682.6637
2026-07-27 03:51:57,3216,2,2026-07-25 13:58:26,36383.1099,1774.0265,36378.2979
2026-07-27 03:51:57,3216,3,2026-06-03 06:27:54,0.0,0.0,0.0
2026-07-27 03:51:57,3216,7,2026-07-26 21:59:50,-5789.3427,2608.1829,-5798.7507
2026-07-27 03:51:57,3220,3,2026-07-25 21:54:54,-259594.7968,-3.2039,-259594.7968
2026-07-27 03:51:57,3220,7,2026-07-26 14:20:46,-658644.2727,12861.4763,-658644.2727
2026-07-27 03:51:57,3221,2,2026-07-26 21:06:02,-433865.714,4957.662,-433865.714
2026-07-27 03:51:57,3221,3,2026-07-18 13:56:38,-9248.826,0.0,-9248.826
2026-07-27 03:51:57,3221,7,2026-07-26 21:55:31,-203910.226,32264.613,-203910.226
2026-07-27 03:51:57,3221,10,2026-06-03 08:15:47,15336.974,0.0,15340.734
2026-07-27 03:51:57,3227,2,2026-07-24 15:58:39,-405025.7944,16874.991,-405025.7944
2026-07-27 03:51:57,3227,10,2026-06-03 08:54:27,-40451.576,0.0,-33421.184
2026-07-27 03:51:57,3233,2,2026-07-26 18:36:53,-1585251.8305,3802.8158,-1585251.8305
2026-07-27 03:51:57,3233,3,2026-06-30 21:36:42,-204471.6789,0.0,-204471.6789
2026-07-27 03:51:57,3233,7,2026-07-26 15:51:32,-469732.3905,445.8987,-470078.3905
2026-07-27 03:51:57,3233,10,2026-06-03 07:06:53,7048.5897,0.0,5556.5897
2026-07-27 03:51:57,3237,3,2026-06-25 07:48:55,-18416.1861,0.0,-18416.1861
2026-07-27 03:51:57,3237,7,2026-07-25 21:55:47,-134517.2504,50.2967,-133015.8994
2026-07-27 03:51:57,3241,2,2026-07-25 21:44:09,-662936.6204,11699.6395,-662936.6204
2026-07-27 03:51:57,3241,10,2026-06-03 08:54:21,26634.9232,0.0,26634.9232
2026-07-27 03:51:57,3242,2,2026-07-23 08:49:33,-857165.454,3.065,-857165.454
2026-07-27 03:51:57,3242,3,2026-06-03 08:29:11,0.057,0.0,0.057
2026-07-27 03:51:57,3242,7,2026-07-27 02:47:03,-1115644.761,13927.488,-1115644.761
2026-07-27 03:51:57,3242,10,2026-06-03 08:29:11,23781.056,0.0,23511.612
2026-07-27 03:51:57,3243,3,2025-03-13 16:03:26,0.0,0.0,0.0
2026-07-27 03:51:57,3243,7,2026-07-26 21:49:32,-36426.3908,98.702,-36426.3908
2026-07-27 03:51:57,3246,3,2026-06-30 23:05:52,-289645.6912,0.0,-289645.6912
2026-07-27 03:51:57,3246,7,2026-07-26 22:14:21,-2059470.2838,6321.1824,-2059470.2838
2026-07-27 03:51:57,3252,2,2026-07-25 20:38:23,-918470.5624,604.9685,-918470.5624
2026-07-27 03:51:57,3252,10,2026-06-03 06:40:45,4742.4018,0.0,4742.4018
2026-07-27 03:51:57,3259,2,2026-07-26 09:20:25,1429.6898,10977.6325,1429.6898
2026-07-27 03:51:57,3259,3,2026-07-26 21:59:11,-11119.9908,6819.0703,-11119.9908
2026-07-27 03:51:57,3262,2,2026-07-25 20:45:00,-19135.57,4456.15,-19135.57
2026-07-27 03:51:57,3262,3,2026-07-26 13:55:05,-9343.06,1344.92,-9343.06
2026-07-27 03:51:57,3267,2,2026-07-26 06:56:36,-23127.772,3971.7058,-23127.772
2026-07-27 03:51:57,3267,3,2026-06-25 11:55:01,-2415.5908,0.0,-2415.5908
2026-07-27 03:51:57,3267,7,2026-07-26 09:27:24,4132.7842,5918.4469,4132.7842
2026-07-27 03:51:57,3269,2,2026-07-26 23:05:42,12282.7208,125.1724,12282.7208
2026-07-27 03:51:57,3277,2,2026-07-25 17:55:00,-5271.7535,409.0909,-5271.7535
2026-07-27 03:51:57,3277,3,2026-07-26 12:27:30,10503.9831,117.8952,10503.9831
2026-07-27 03:51:57,4016,3,2026-07-16 08:55:39,-21706.1908,0.0,-21706.1908
2026-07-27 03:51:57,4016,7,2026-07-26 21:50:38,-290232.0663,4580.5067,-277039.2415
2026-07-27 03:51:57,4023,2,2026-07-22 14:33:59,-9336.7392,587.6517,-9090.7392
2026-07-27 03:51:57,4023,3,2026-06-03 08:43:09,0.0,0.0,0.0
2026-07-27 03:51:57,4023,7,2026-07-25 20:24:25,81767.0437,8693.3776,81767.0437
2026-07-27 03:51:57,4026,3,2026-06-03 06:24:58,34000.0,0.0,34000.0
2026-07-27 03:51:57,4026,7,2026-07-26 13:52:24,-6630.9548,13028.2921,-3948.6398
2026-07-27 03:51:57,4029,2,2026-07-25 16:15:25,145333.6163,110.0831,145332.8829
2026-07-27 03:51:57,4029,3,2026-06-24 22:29:17,12359.7094,0.0,12359.7094
2026-07-27 03:51:57,4029,7,2026-07-25 17:43:31,175497.0557,200.4983,175702.6801
2026-07-27 07:39:21,1724,3,2026-06-03 08:15:44,-5801.03,0.0,-5801.03
2026-07-27 07:39:21,1724,7,2026-07-26 14:34:29,-547754.277,712.12,-537228.44
2026-07-27 07:39:21,1846,3,2026-06-03 08:24:16,-162433.969,0.0,-162433.969
2026-07-27 07:39:21,1846,7,2026-07-27 07:37:44,-1068194.068,13918.95,-1073705.778
2026-07-27 07:39:21,1945,2,2026-07-24 18:33:44,72641.902,90.474,72641.902
2026-07-27 07:39:21,1945,3,2026-06-03 07:12:27,79139.515,0.0,79139.515
2026-07-27 07:39:21,1945,7,2026-07-27 07:38:13,-253278.921,5595.534,-226289.613
2026-07-27 07:39:21,1945,10,2026-06-03 07:12:27,132265.715,0.0,146700.179
2026-07-27 07:39:21,1964,2,2026-07-27 00:20:37,3283009.0186,62332.25,3283009.0186
2026-07-27 07:39:21,1964,3,2026-06-03 08:55:14,62015.86,0.0,62015.86
2026-07-27 07:39:21,1964,7,2026-07-27 07:37:51,3391239.0894,87674.95,3391239.0894
2026-07-27 07:39:21,1964,10,2026-06-03 08:55:14,203413.3281,0.0,203413.3281
2026-07-27 07:39:21,1965,3,2026-06-03 07:01:17,-677.5161,0.0,-677.5161
2026-07-27 07:39:21,1965,7,2026-07-27 07:37:36,225721.2519,2435.5826,227747.2806
2026-07-27 07:39:21,2204,3,2026-06-03 07:41:42,-39377.836,0.0,-39377.836
2026-07-27 07:39:21,2204,7,2026-07-27 07:38:02,-395692.173,5441.304,-383813.653
2026-07-27 07:39:21,2205,3,2026-06-02 08:49:38,-25663.014,0.0,-25663.014
2026-07-27 07:39:21,2205,7,2026-07-27 07:38:16,-1076374.321,3729.634,-1067136.66
2026-07-27 07:39:21,2207,3,2026-06-03 08:24:50,-11659.982,0.0,-11659.982
2026-07-27 07:39:21,2207,7,2026-07-27 07:38:01,798054.432,35113.198,808584.92
2026-07-27 07:39:21,2208,2,2026-07-25 13:22:56,-654961.3465,5891.406,-654961.3465
2026-07-27 07:39:21,2208,3,2026-06-03 08:31:26,-101220.441,0.0,-101220.441
2026-07-27 07:39:21,2208,4,2026-06-03 08:31:26,0.0,0.0,0.0
2026-07-27 07:39:21,2208,7,2026-07-26 17:30:27,-521801.6311,7473.464,-504598.6981
2026-07-27 07:39:21,2208,8,2026-07-20 15:35:36,2614.851,60.943,2614.851
2026-07-27 07:39:21,2208,10,2026-06-03 08:31:26,563963.1731,0.0,531698.2631
2026-07-27 07:39:21,2224,3,2026-06-03 08:23:23,-6305.346,0.0,-6305.346
2026-07-27 07:39:21,2224,7,2026-07-27 07:37:59,-282861.2699,31366.144,-266638.8249
2026-07-27 07:39:21,2228,3,2026-06-25 08:35:15,14456.06,0.0,14456.06
2026-07-27 07:39:21,2228,7,2026-07-26 13:15:59,480946.325,11060.497,482459.846
2026-07-27 07:39:21,2230,3,2026-06-03 07:00:12,2292.791,0.0,2292.791
2026-07-27 07:39:21,2230,7,2026-07-27 07:37:58,4118.004,16337.395,3728.961
2026-07-27 07:39:21,2249,2,2026-07-25 17:49:08,-1157691.9482,10251.9544,-1162084.7861
2026-07-27 07:39:21,2249,3,2026-07-27 07:24:28,-223896.4145,1960.8785,-222065.0952
2026-07-27 07:39:21,2249,7,2026-06-03 05:29:21,0.0,0.0,0.0
2026-07-27 07:39:21,2251,3,2026-07-27 07:37:10,214454.2318,2358.0898,223167.8026
2026-07-27 07:39:21,2251,7,2026-06-03 08:22:05,0.0,0.0,0.0
2026-07-27 07:39:21,2264,2,2026-07-24 01:57:17,-408650.459,5562.465,-408650.459
2026-07-27 07:39:21,2264,10,2026-06-03 08:40:23,-44048.248,0.0,-42652.35
2026-07-27 07:39:21,2268,7,2026-07-27 07:38:06,-63028.847,8839.427,-63028.847
2026-07-27 07:39:21,2291,2,2026-07-26 16:08:52,-127470.114,4836.2564,-127470.3047
2026-07-27 07:39:21,2292,3,2026-06-23 13:56:40,-98158.828,0.0,-85556.815
2026-07-27 07:39:21,2292,7,2026-07-27 07:37:35,-1084155.396,15980.53,-1104430.106
2026-07-27 07:39:21,2295,3,2026-06-25 08:35:12,5827.7321,0.0,5827.7321
2026-07-27 07:39:21,2295,7,2026-07-26 08:44:28,-128479.037,4987.9036,-118632.1823
2026-07-27 07:39:21,2297,3,2026-07-04 22:47:32,35187.9024,-75.3305,35187.9024
2026-07-27 07:39:21,2297,7,2026-07-26 13:27:20,157648.6618,1277.0583,147220.4408
2026-07-27 07:39:21,2304,2,2026-07-25 11:15:34,-387069.0805,1143.9565,-387069.0805
2026-07-27 07:39:21,2304,10,2026-06-03 08:24:38,163627.1421,0.0,175848.871
2026-07-27 07:39:21,2305,2,2026-07-22 13:27:34,122799.832,520.0065,119459.0476
2026-07-27 07:39:21,2305,3,2026-06-03 06:05:23,0.0,0.0,0.0
2026-07-27 07:39:21,2305,7,2026-07-27 07:29:36,109085.092,1481.3808,112338.834
2026-07-27 07:39:21,2306,2,2026-07-25 15:01:14,99477.9829,6916.9091,106673.792
2026-07-27 07:39:21,2307,2,2026-07-25 12:49:50,742572.3187,10844.9864,777043.1357
2026-07-27 07:39:21,2308,2,2026-07-27 07:34:53,2707696.4149,37535.8856,2718360.8864
2026-07-27 07:39:21,2317,2,2026-07-24 21:45:27,-1012.475,582.8483,2930.5625
2026-07-27 07:39:21,2317,3,2026-06-03 08:18:19,21540.6262,0.0,21540.6262
2026-07-27 07:39:21,2317,7,2026-07-27 07:33:56,351180.7558,9423.2464,353098.3214
2026-07-27 07:39:21,2330,2,2026-07-25 20:29:53,-1140410.0165,58069.89,-1140410.0165
2026-07-27 07:39:21,2330,10,2026-06-03 07:45:12,-52379.6297,0.0,-48319.6747
2026-07-27 07:39:21,2338,2,2026-07-25 21:21:29,15437.199,2127.341,28323.609
2026-07-27 07:39:21,2338,3,2026-07-25 15:49:26,63810.611,1330.182,53837.023
2026-07-27 07:39:21,2339,2,2026-07-25 14:02:46,489777.9767,5382.1365,493266.2712
2026-07-27 07:39:21,2341,7,2026-07-27 07:36:53,51843.5164,2272.7394,43635.485
2026-07-27 07:39:21,2346,2,2026-07-25 15:29:24,-311789.322,7606.177,-306950.528
2026-07-27 07:39:21,2346,3,2026-07-25 17:29:11,43393.327,1364.853,62160.877
2026-07-27 07:39:21,2350,2,2026-07-25 14:28:54,788421.599,5761.6715,792485.3472
2026-07-27 07:39:21,2350,3,2026-07-27 07:38:16,381713.1666,616.0343,381546.329
2026-07-27 07:39:21,2350,7,2026-06-03 06:46:14,0.0,0.0,0.0
2026-07-27 07:39:21,2353,2,2026-07-25 21:01:58,253373.9784,3.7354,279217.5595
2026-07-27 07:39:21,2353,3,2026-07-26 11:28:09,-30120.0728,723.3648,-28121.0728
2026-07-27 07:39:21,2353,7,2026-07-24 20:34:06,106395.6679,1448.4514,108503.7687
2026-07-27 07:39:21,2355,2,2026-07-26 07:20:00,-69236.1158,6074.5308,-69236.1158
2026-07-27 07:39:21,2355,3,2026-07-26 21:42:35,-22192.5451,107.0274,-22192.5451
2026-07-27 07:39:21,2355,7,2026-07-25 09:39:11,-39006.196,707.4812,-39006.196
2026-07-27 07:39:21,2359,3,2026-07-24 20:50:14,-191266.842,48000.0,-188793.646
2026-07-27 07:39:21,2359,7,2026-07-26 18:32:46,-2864122.481,584.394,-2861310.521
2026-07-27 07:39:21,2364,2,2026-07-25 15:04:20,-343576.5277,55708.762,-343093.3209
2026-07-27 07:39:21,2384,2,2026-07-25 08:43:11,-26288.0,967.618,-26288.0
2026-07-27 07:39:21,2384,3,2026-06-23 07:29:35,-39429.606,0.0,-35855.326
2026-07-27 07:39:21,2384,7,2026-07-27 07:37:45,-206727.7281,9264.428,-203805.6221
2026-07-27 07:39:21,2384,10,2026-06-03 07:14:42,50116.43,0.0,51545.068
2026-07-27 07:39:21,2386,3,2026-07-24 20:40:22,-1851573.9051,24269.1688,-1866529.6358
2026-07-27 07:39:21,2386,7,2026-07-27 07:38:06,-242363.5682,24944.1491,-242363.5682
2026-07-27 07:39:21,2388,3,2026-07-19 07:38:50,-116806.2324,0.0,-116806.2324
2026-07-27 07:39:21,2388,7,2026-07-27 07:37:55,-286106.4731,10898.1887,-290348.751
2026-07-27 07:39:21,2390,3,2026-07-24 17:07:47,429349.6438,12323.2963,434625.1347
2026-07-27 07:39:21,2390,7,2026-07-26 23:12:15,552247.1415,6748.0011,552247.1415
2026-07-27 07:39:21,2391,3,2026-06-09 13:00:35,35339.607,0.0,35339.607
2026-07-27 07:39:21,2391,7,2026-07-26 18:13:15,207553.196,1387.965,220895.653
2026-07-27 07:39:21,2394,2,2026-07-24 19:02:39,600402.4879,66850.3647,600402.4879
2026-07-27 07:39:21,2394,3,2026-07-27 07:38:21,22484.9142,6372.0104,22484.9142
2026-07-27 07:39:21,2394,7,2026-07-22 14:09:39,-52072.8814,96.7149,-40749.9857
2026-07-27 07:39:21,2394,10,2026-06-03 07:15:34,9039.8697,0.0,9093.2246
2026-07-27 07:39:21,2408,2,2026-07-27 07:36:22,443520.293,336.248,458349.472
2026-07-27 07:39:21,2416,2,2026-07-25 18:36:28,167185.441,0.003,173184.747
2026-07-27 07:39:21,2417,3,2026-06-24 21:44:46,7651.257,0.0,7651.257
2026-07-27 07:39:21,2417,7,2026-07-26 06:11:17,306913.314,5187.178,317494.528
2026-07-27 07:39:21,2425,2,2026-07-24 12:20:22,-3034899.5152,15000.0,-3034899.5152
2026-07-27 07:39:21,2425,3,2026-07-24 12:22:22,-1601656.0213,7000.0,-1601656.0213
2026-07-27 07:39:21,2455,3,2026-06-25 11:49:24,-27258.4132,0.0,-27258.4132
2026-07-27 07:39:21,2455,7,2026-07-26 10:11:28,16105.2932,108.0144,4351.9268
2026-07-27 07:39:21,2456,2,2026-07-25 21:18:11,303206.5286,878.3784,319584.0663
2026-07-27 07:39:21,2456,3,2026-07-25 04:14:11,46171.5497,19.7433,47359.7526
2026-07-27 07:39:21,2457,3,2026-06-29 17:15:03,39649.4768,0.0,39649.4768
2026-07-27 07:39:21,2457,7,2026-07-26 08:49:57,-1289.8739,1249.4973,2166.1204
2026-07-27 07:39:21,2459,2,2026-07-26 13:54:08,-1643880.8333,1471.5713,-1643880.8333
2026-07-27 07:39:21,2459,10,2026-06-03 08:23:30,-10729.441,0.0,-6854.1392
2026-07-27 07:39:21,2465,2,2026-07-23 22:00:23,-67968.7336,30.7205,-67968.7336
2026-07-27 07:39:21,2476,3,2026-06-03 06:00:57,283.8138,0.0,283.8138
2026-07-27 07:39:21,2476,7,2026-07-27 07:38:06,-98980.9747,18546.8934,-88148.5948
2026-07-27 07:39:21,2482,2,2026-07-26 16:29:48,-42978.1017,3762.041,-42257.123
2026-07-27 07:39:21,2482,3,2026-07-27 07:36:29,2171717.5823,2132.8454,2171638.6087
2026-07-27 07:39:21,2482,7,2025-03-13 16:03:26,-188.0,0.0,-188.0
2026-07-27 07:39:21,2486,3,2026-06-25 08:30:15,-35938.9957,0.0,-35938.9957
2026-07-27 07:39:21,2486,7,2026-07-26 11:33:30,-226062.0378,7961.1116,-218346.6688
2026-07-27 07:39:21,2487,3,2026-06-08 10:58:33,-31579.9725,0.0,-18590.3645
2026-07-27 07:39:21,2487,7,2026-07-26 18:49:58,-21398.6182,376.8039,-21398.6182
2026-07-27 07:39:21,2489,3,2026-06-25 07:34:49,47771.3544,0.0,47771.3544
2026-07-27 07:39:21,2489,7,2026-07-25 20:47:56,209612.886,301.5547,195435.942
2026-07-27 07:39:21,2494,2,2026-07-27 07:13:09,62584.5029,2.1892,66795.3522
2026-07-27 07:39:21,2494,3,2026-07-27 07:13:09,44500.1393,2267.6222,46417.9635
2026-07-27 07:39:21,2499,3,2026-07-01 02:45:43,-142208.257,-16.51,-142208.257
2026-07-27 07:39:21,2499,7,2026-07-27 07:36:35,-1000666.3058,10638.1245,-953866.5941
2026-07-27 07:39:21,2500,2,2026-07-26 08:19:39,177365.097,27078.8975,179743.6543
2026-07-27 07:39:21,2500,3,2026-07-27 07:37:36,12376.3334,7120.4426,21609.3281
2026-07-27 07:39:21,2500,7,2026-06-03 08:14:04,0.0,0.0,0.0
2026-07-27 07:39:21,2502,3,2026-07-25 14:06:29,3305104.4509,392.0662,3295426.0414
2026-07-27 07:39:21,2505,3,2026-06-18 16:41:17,28705.308,0.0,28705.308
2026-07-27 07:39:21,2505,7,2026-07-26 13:17:54,-182497.04,1083.925,-186589.454
2026-07-27 07:39:21,2514,2,2026-07-26 15:01:04,223740.1514,15.7403,229713.3717
2026-07-27 07:39:21,2514,3,2026-07-26 14:36:37,162458.8873,1253.9406,166720.9908
2026-07-27 07:39:21,2515,2,2026-07-26 14:04:45,-13010.828,975.6673,-18424.1457
2026-07-27 07:39:21,2515,3,2026-07-26 14:17:53,1169191.0659,1363.4698,1154170.5066
2026-07-27 07:39:21,2517,3,2026-07-07 01:35:34,15839.2165,0.0,15839.2165
2026-07-27 07:39:21,2517,7,2026-07-26 09:01:26,-260115.0816,314.7964,-260115.0816
2026-07-27 07:39:21,2519,3,2026-06-09 23:04:12,71888.333,0.0,71888.333
2026-07-27 07:39:21,2519,7,2026-07-27 07:37:30,47960.962,23208.227,47795.004
2026-07-27 07:39:21,2525,2,2026-07-26 15:59:57,-59867.7311,251.8877,-59867.7311
2026-07-27 07:39:21,2525,3,2026-06-23 11:45:38,14081.7863,0.0,14081.7863
2026-07-27 07:39:21,2525,7,2026-07-26 19:58:38,-97993.1416,10664.2035,-96266.7034
2026-07-27 07:39:21,2525,10,2026-06-03 07:00:04,132370.6714,0.0,121130.4253
2026-07-27 07:39:21,2528,2,2026-07-27 07:09:33,92082.7885,14534.8823,93086.0866
2026-07-27 07:39:21,2528,3,2026-07-27 07:36:39,151976.8306,5696.6733,159854.8856
2026-07-27 07:39:21,2528,7,2026-06-03 06:20:28,0.0,0.0,0.0
2026-07-27 07:39:21,2531,2,2026-07-26 08:14:59,573790.1012,1180.1127,599326.2088
2026-07-27 07:39:21,2531,3,2026-07-26 08:21:59,958748.2566,25130.0449,963356.9463
2026-07-27 07:39:21,2535,3,2026-07-27 00:35:33,-257751.93,1059.1845,-256913.8284
2026-07-27 07:39:21,2535,7,2026-07-25 13:58:53,-422414.6207,-311.0558,-424383.8989
2026-07-27 07:39:21,2537,2,2026-07-25 17:45:00,-7663.1964,385.5321,-6260.4151
2026-07-27 07:39:21,2537,3,2026-07-25 15:32:39,49487.9893,681.6203,51036.9476
2026-07-27 07:39:21,2543,2,2026-07-27 07:32:11,376347.624,18554.429,382263.099
2026-07-27 07:39:21,2543,3,2026-06-25 06:59:27,253598.678,0.0,253598.678
2026-07-27 07:39:21,2543,7,2026-07-27 07:38:08,552476.1328,9445.498,577113.6168
2026-07-27 07:39:21,2545,2,2026-07-26 20:56:39,-1230340.7213,4684.3776,-1198444.8098
2026-07-27 07:39:21,2547,3,2026-06-23 08:13:01,-16749.9405,0.0,-15354.2997
2026-07-27 07:39:21,2547,7,2026-07-25 19:18:39,-308923.285,726.3457,-293029.7519
2026-07-27 07:39:21,2551,2,2026-07-26 09:35:01,-277169.2635,13.5506,-244379.4841
2026-07-27 07:39:21,2551,3,2026-07-26 04:55:08,-2443308.71,9313.8007,-2331175.0799
2026-07-27 07:39:21,2552,2,2026-07-24 23:00:55,-58008.1586,60.2132,-58008.1586
2026-07-27 07:39:21,2552,3,2026-06-29 10:58:04,-40068.729,0.0,-46055.7694
2026-07-27 07:39:21,2552,7,2026-07-26 15:23:17,49121.5809,1185.2264,50083.3313
2026-07-27 07:39:21,2552,10,2026-06-03 07:13:13,8613.7686,0.0,550.2333
2026-07-27 07:39:21,2555,2,2026-07-25 10:51:50,-71440.0583,258.8208,-64817.4269
2026-07-27 07:39:21,2555,3,2026-06-24 19:57:23,-19366.0531,0.0,-19366.0531
2026-07-27 07:39:21,2555,7,2026-07-25 23:01:25,-220301.3729,419.219,-218771.2365
2026-07-27 07:39:21,2556,3,2026-06-25 08:25:06,29849.4677,0.0,29849.4677
2026-07-27 07:39:21,2556,7,2026-07-26 10:59:08,145851.3329,4433.5231,146223.0934
2026-07-27 07:39:21,2559,2,2026-07-26 10:13:00,236259.3115,1015.5788,239875.3789
2026-07-27 07:39:21,2559,3,2026-07-27 07:34:20,75077.8338,9371.7258,75996.1911
2026-07-27 07:39:21,2559,7,2026-06-03 08:00:22,0.0,0.0,0.0
2026-07-27 07:39:21,2564,2,2026-07-26 07:26:32,-110814.1901,1327.1223,-107004.6092
2026-07-27 07:39:21,2564,3,2026-07-26 15:30:43,234603.2198,26.7227,237102.027
2026-07-27 07:39:21,2564,7,2026-07-25 09:56:01,-68722.9807,726.5381,-59736.6621
2026-07-27 07:39:21,2567,2,2026-07-24 13:40:45,-971186.8065,278.516,-966695.7753
2026-07-27 07:39:21,2567,10,2026-06-03 08:57:48,-0.048,0.0,-0.048
2026-07-27 07:39:21,2571,2,2026-07-25 13:08:22,36280.2597,206.6299,36280.2597
2026-07-27 07:39:21,2571,10,2026-06-03 08:48:36,3282.92,0.0,3282.92
2026-07-27 07:39:21,2577,2,2026-07-26 13:33:55,-1397072.5518,12178.2222,-1397072.5518
2026-07-27 07:39:21,2578,2,2026-07-26 16:13:35,483652.3183,375.3407,485997.6873
2026-07-27 07:39:21,2584,3,2026-06-03 08:11:41,0.0,0.0,0.0
2026-07-27 07:39:21,2584,7,2026-07-27 07:37:29,-80371.9799,9901.925,-79717.9799
2026-07-27 07:39:21,2585,3,2026-07-26 17:22:25,-567147.7163,-517.2952,-563378.9392
2026-07-27 07:39:21,2585,7,2026-07-25 09:51:14,-677749.4594,19665.8663,-664570.2592
2026-07-27 07:39:21,2590,3,2026-06-03 06:07:28,49948.16,0.0,49948.16
2026-07-27 07:39:21,2590,7,2026-07-27 07:37:59,-81444.36,9385.88,-81444.36
2026-07-27 07:39:21,2592,3,2026-06-03 08:32:59,-9599.9015,0.0,-9599.9015
2026-07-27 07:39:21,2592,7,2026-07-27 07:35:29,268555.0452,2556.9311,280517.3444
2026-07-27 07:39:21,2593,3,2026-06-03 08:48:31,-260092.2651,0.0,-260092.2651
2026-07-27 07:39:21,2593,7,2026-07-27 07:37:58,-4493809.9201,113704.2443,-4544127.5388
2026-07-27 07:39:21,2595,2,2026-07-26 12:57:20,-224382.311,559.6726,-224490.3506
2026-07-27 07:39:21,2595,3,2026-07-01 23:08:31,-33957.2315,0.0,-33957.2315
2026-07-27 07:39:21,2595,7,2026-07-27 07:33:43,-39657.5721,10176.7537,-39637.8771
2026-07-27 07:39:21,2597,3,2026-06-24 23:23:29,44695.738,0.0,44695.738
2026-07-27 07:39:21,2597,7,2026-07-25 20:12:18,168146.69,103.095,177758.899
2026-07-27 07:39:21,2598,3,2026-06-24 15:17:29,32099.5939,0.0,32099.5939
2026-07-27 07:39:21,2598,7,2026-07-27 07:38:15,-128624.3947,5362.6106,-128566.3987
2026-07-27 07:39:21,2600,2,2026-07-25 17:56:17,6132.7025,1354.7825,-18266.0447
2026-07-27 07:39:21,2601,2,2026-07-26 20:14:42,205158.1114,2209.4096,206973.6654
2026-07-27 07:39:21,2601,3,2026-07-26 20:16:42,232579.6998,11151.6841,236751.3208
2026-07-27 07:39:21,2603,2,2026-07-26 16:13:25,14308.4623,5277.9218,14867.2634
2026-07-27 07:39:21,2603,3,2026-07-27 07:38:13,9285.1571,13900.737,17430.8785
2026-07-27 07:39:21,2603,7,2026-06-03 08:16:02,0.0,0.0,0.0
2026-07-27 07:39:21,2605,2,2026-07-25 21:20:39,774946.7376,538.7913,776094.8879
2026-07-27 07:39:21,2605,3,2026-07-26 11:04:03,35365.5904,181.9281,35571.2714
2026-07-27 07:39:21,2605,7,2026-07-24 22:13:41,59330.3066,1112.0916,59329.7003
2026-07-27 07:39:21,2609,3,2026-07-18 08:12:20,-57048.6469,0.0,-57048.6469
2026-07-27 07:39:21,2609,7,2026-07-27 07:23:06,-150862.8339,1559.3767,-138430.6934
2026-07-27 07:39:21,2615,3,2026-06-24 16:18:24,23818.6397,0.0,23818.6397
2026-07-27 07:39:21,2615,7,2026-07-25 17:15:35,308608.9985,5274.0437,301421.4415
2026-07-27 07:39:21,2616,3,2026-07-25 15:50:04,-261399.9364,22000.0,-258308.535
2026-07-27 07:39:21,2616,7,2026-07-27 07:37:16,-33747.8532,-18623.7387,-33747.8532
2026-07-27 07:39:21,2617,3,2026-07-25 12:22:34,-624813.6904,994.4102,-597609.8689
2026-07-27 07:39:21,2618,2,2026-07-25 11:52:28,265705.9369,218.1187,270226.9852
2026-07-27 07:39:21,2618,3,2026-07-25 13:20:19,376152.3728,712.8297,390427.0254
2026-07-27 07:39:21,2624,3,2026-07-07 18:26:02,32260.673,0.0,32260.673
2026-07-27 07:39:21,2624,7,2026-07-26 18:55:18,70219.4563,11867.7737,70219.4563
2026-07-27 07:39:21,2627,2,2026-07-25 17:12:53,-429085.8723,5692.5929,-426470.3899
2026-07-27 07:39:21,2627,3,2026-07-25 21:18:02,-80650.225,519.377,-80630.225
2026-07-27 07:39:21,2627,7,2026-07-21 01:15:29,-242067.067,0.0,-238230.0752
2026-07-27 07:39:21,2636,3,2026-07-27 07:36:51,-140900.6572,495.5661,-141044.6572
2026-07-27 07:39:21,2636,7,2026-07-26 21:36:35,-278123.5798,8700.7602,-271745.4862
2026-07-27 07:39:21,2637,3,2026-07-26 20:30:13,-57136.74,648.25,-56585.74
2026-07-27 07:39:21,2637,7,2026-07-25 09:04:13,-229302.13,695.99,-227082.29
2026-07-27 07:39:21,2640,2,2026-07-26 00:03:59,1138013.811,9127.081,1138013.49
2026-07-27 07:39:21,2640,3,2026-06-25 03:29:29,48476.868,0.0,48476.868
2026-07-27 07:39:21,2640,7,2026-07-26 04:05:06,262902.755,266.288,262729.859
2026-07-27 07:39:21,2642,2,2026-07-26 07:26:34,-547985.4068,82.1598,-534301.0608
2026-07-27 07:39:21,2643,2,2026-07-26 13:08:22,174300.5914,614.4307,180788.2868
2026-07-27 07:39:21,2643,3,2026-07-02 12:19:33,-1946.3247,-161.632,-1946.3247
2026-07-27 07:39:21,2643,7,2026-07-26 08:16:58,165685.4019,246.8667,165684.7675
2026-07-27 07:39:21,2644,2,2026-07-27 07:31:33,-333532.2649,100.8687,-331301.2649
2026-07-27 07:39:21,2644,3,2026-07-26 18:38:32,-963335.5869,47.1831,-961001.0714
2026-07-27 07:39:21,2644,7,2026-07-25 11:26:29,-1062756.4492,829.0153,-1062897.5728
2026-07-27 07:39:21,2645,3,2026-07-26 23:52:39,-935503.2097,41211.688,-917590.9046
2026-07-27 07:39:21,2646,2,2026-07-27 07:26:40,-243196.6277,15873.3804,-242732.2
2026-07-27 07:39:21,2646,3,2026-07-27 07:38:00,-276627.5733,1920.7318,-276199.0721
2026-07-27 07:39:21,2646,7,2026-06-03 06:17:12,0.0,0.0,0.0
2026-07-27 07:39:21,2647,2,2026-07-26 13:24:17,-585117.7023,2453.923,-585117.7023
2026-07-27 07:39:21,2647,10,2026-06-03 06:14:35,1455.0785,0.0,1428.2484
2026-07-27 07:39:21,2648,3,2026-07-07 14:03:54,52368.3511,-23.4195,52368.3511
2026-07-27 07:39:21,2648,7,2026-07-25 18:53:59,358038.7593,73.5703,359749.4053
2026-07-27 07:39:21,2654,3,2026-06-03 00:01:57,-34626.408,0.0,-34626.408
2026-07-27 07:39:21,2654,7,2026-07-27 07:38:14,-2367266.695,3263.144,-2365907.607
2026-07-27 07:39:21,2657,3,2026-06-25 10:16:36,94139.9814,0.0,94139.9814
2026-07-27 07:39:21,2657,7,2026-07-27 07:38:00,752457.4831,20269.838,750205.4771
2026-07-27 07:39:21,2668,3,2026-06-03 08:09:35,85204.4639,0.0,85204.4639
2026-07-27 07:39:21,2668,7,2026-07-26 21:22:11,-77559.0609,446.0822,-75655.2826
2026-07-27 07:39:21,2675,3,2026-07-25 17:07:53,-2096224.4672,5754.083,-2068657.2908
2026-07-27 07:39:21,2677,3,2026-07-15 16:21:55,119828.9504,0.0,119828.9504
2026-07-27 07:39:21,2677,7,2026-07-27 07:37:25,-239246.2881,7595.0573,-92622.2879
2026-07-27 07:39:21,2688,2,2026-07-27 07:25:51,239865.9794,5918.041,232806.9052
2026-07-27 07:39:21,2688,3,2026-07-21 14:42:48,2483.4022,0.0,-2692.6528
2026-07-27 07:39:21,2688,7,2026-07-27 07:33:13,77905.8688,12304.8421,77905.8688
2026-07-27 07:39:21,2689,3,2026-07-03 08:01:28,-96635.0735,0.0,-89520.9913
2026-07-27 07:39:21,2689,7,2026-07-26 07:42:31,85309.6171,474.4875,85481.6586
2026-07-27 07:39:21,2697,2,2026-07-25 11:49:01,167532.086,39784.674,187880.636
2026-07-27 07:39:21,2697,3,2026-06-24 21:59:09,8790.341,0.0,8790.341
2026-07-27 07:39:21,2697,7,2026-07-27 07:37:22,404912.907,10762.399,414908.385
2026-07-27 07:39:21,2698,2,2026-07-25 06:08:42,-218138.8856,166.9079,-218138.8856
2026-07-27 07:39:21,2698,10,2026-06-03 07:51:18,45085.3121,0.0,45001.2993
2026-07-27 07:39:21,2706,3,2026-06-03 05:15:51,65137.2927,0.0,65137.2927
2026-07-27 07:39:21,2706,7,2026-07-27 07:37:55,1662964.7069,28101.9365,1662628.3716
2026-07-27 07:39:21,2711,2,2026-07-25 08:05:27,393003.4858,6.3825,393003.4858
2026-07-27 07:39:21,2711,3,2026-07-18 11:17:08,66391.2991,0.0,66391.2991
2026-07-27 07:39:21,2711,7,2026-07-25 10:22:36,58424.4231,72.1358,58424.4231
2026-07-27 07:39:21,2711,10,2026-06-03 07:01:45,161337.5346,0.0,165205.2857
2026-07-27 07:39:21,2718,3,2026-07-27 06:50:42,-668660.1447,602.071,-656984.8584
2026-07-27 07:39:21,2718,7,2025-03-13 16:03:26,724.0,0.0,724.0
2026-07-27 07:39:21,2722,2,2026-07-25 21:25:58,459455.7237,977.1556,460463.4045
2026-07-27 07:39:21,2722,3,2026-07-26 12:35:49,371401.0643,325.2823,393331.7312
2026-07-27 07:39:21,2722,7,2026-06-03 06:10:37,0.0,0.0,0.0
2026-07-27 07:39:21,2722,10,2026-06-03 06:10:37,0.0,0.0,0.0
2026-07-27 07:39:21,2724,3,2026-06-03 08:22:13,-104485.854,0.0,-104485.854
2026-07-27 07:39:21,2724,7,2026-07-27 07:37:00,-45883.742,28146.11,-57652.689
2026-07-27 07:39:21,2727,2,2026-07-25 10:54:56,9562.8234,6949.5368,186025.173
2026-07-27 07:39:21,2727,3,2026-07-25 12:06:35,55719.6923,403.1374,438212.988
2026-07-27 07:39:21,2729,2,2026-07-25 10:44:40,231346.769,3.801,242974.939
2026-07-27 07:39:21,2729,3,2026-06-25 05:19:07,16382.759,0.0,16382.759
2026-07-27 07:39:21,2729,7,2026-07-26 11:32:14,369846.84,158.745,379304.061
2026-07-27 07:39:21,2730,3,2026-06-03 08:24:08,-70381.761,0.0,-70381.761
2026-07-27 07:39:21,2730,7,2026-07-27 07:37:49,19277.88,2175.876,23016.566
2026-07-27 07:39:21,2740,2,2026-07-26 10:52:07,-180431.6432,415.7719,-184097.6432
2026-07-27 07:39:21,2740,3,2026-06-03 08:50:37,16000.0,0.0,16000.0
2026-07-27 07:39:21,2740,7,2026-07-27 07:37:46,-305341.3162,2401.6305,-304146.4652
2026-07-27 07:39:21,2743,3,2026-06-03 08:33:58,1153.781,0.0,1153.781
2026-07-27 07:39:21,2743,7,2026-07-27 07:36:23,16027.588,3001.479,49512.142
2026-07-27 07:39:21,2753,2,2026-07-25 15:39:36,-396590.8124,12867.4849,-396583.8244
2026-07-27 07:39:21,2754,3,2026-06-19 15:45:48,61551.902,0.0,61551.902
2026-07-27 07:39:21,2754,7,2026-07-27 07:37:38,-117641.607,20219.379,-108095.295
2026-07-27 07:39:21,2760,3,2026-07-20 18:41:06,-9222.314,15000.0,-9222.314
2026-07-27 07:39:21,2760,7,2026-07-27 07:37:38,157145.924,14930.71,157145.924
2026-07-27 07:39:21,2763,2,2026-07-24 19:09:32,-16079.1903,826.8238,-16220.1905
2026-07-27 07:39:21,2763,3,2026-06-25 17:12:54,-4707.1257,0.0,-4707.1257
2026-07-27 07:39:21,2763,7,2026-07-25 07:39:27,51588.4933,128.3771,51537.2139
2026-07-27 07:39:21,2768,3,2026-06-03 08:23:19,18909.168,0.0,18909.168
2026-07-27 07:39:21,2768,7,2026-07-27 07:38:05,1795189.976,1213.442,1795189.686
2026-07-27 07:39:21,2769,2,2026-07-25 14:03:04,252716.431,23920.7201,252412.7597
2026-07-27 07:39:21,2773,2,2026-07-24 01:12:41,691707.1521,9551.1,691707.1521
2026-07-27 07:39:21,2773,3,2026-06-03 08:42:23,-22079.269,0.0,-22079.269
2026-07-27 07:39:21,2773,7,2026-07-27 07:37:35,1097748.448,10074.289,1098643.222
2026-07-27 07:39:21,2773,10,2026-07-04 16:39:54,428596.1948,0.0,421326.1948
2026-07-27 07:39:21,2781,3,2026-06-09 16:13:39,75539.087,0.0,75539.087
2026-07-27 07:39:21,2781,7,2026-07-25 13:34:38,77297.978,119.3,77297.748
2026-07-27 07:39:21,2782,3,2026-06-24 19:55:29,1884.7004,0.0,1884.7004
2026-07-27 07:39:21,2782,7,2026-07-26 14:10:31,81549.6472,217.9767,81765.7594
2026-07-27 07:39:21,2786,2,2026-07-25 12:38:03,25795.235,16026.5123,32235.9607
2026-07-27 07:39:21,2786,3,2026-06-25 18:56:27,-28181.3919,0.0,-28181.3919
2026-07-27 07:39:21,2786,7,2026-07-25 21:37:13,414613.3092,502.4267,417050.1588
2026-07-27 07:39:21,2789,2,2026-07-24 11:29:31,119576.2648,163.2342,118997.0039
2026-07-27 07:39:21,2789,3,2026-06-25 08:42:03,32230.3415,0.0,32230.3415
2026-07-27 07:39:21,2789,7,2026-07-25 09:56:15,108258.426,110.0064,110341.0508
2026-07-27 07:39:21,2793,2,2026-07-26 16:53:45,22833.811,6886.7134,22833.811
2026-07-27 07:39:21,2793,10,2026-06-03 00:52:18,78915.1501,0.0,78915.1501
2026-07-27 07:39:21,2794,2,2026-07-26 14:21:28,456143.1602,168.9485,457909.7515
2026-07-27 07:39:21,2794,3,2026-06-25 11:19:21,69946.7438,0.0,69946.7438
2026-07-27 07:39:21,2794,7,2026-07-26 08:25:43,436814.9679,289.2375,438257.4931
2026-07-27 07:39:21,2800,2,2026-07-26 12:45:35,362095.819,149.568,362693.019
2026-07-27 07:39:21,2800,3,2026-06-24 21:36:33,27274.349,0.0,27274.349
2026-07-27 07:39:21,2800,7,2026-07-26 06:12:43,241822.545,180.107,248428.375
2026-07-27 07:39:21,2803,2,2026-07-25 12:41:40,-810496.046,2712.303,-810496.046
2026-07-27 07:39:21,2803,10,2026-06-03 08:28:50,6582.141,0.0,6478.519
2026-07-27 07:39:21,2804,2,2026-07-25 14:25:33,11864.7904,4120.3216,17004.2329
2026-07-27 07:39:21,2804,3,2026-07-19 15:09:10,287856.5897,0.0,299262.7119
2026-07-27 07:39:21,2804,7,2026-07-26 21:20:10,28685.7998,12022.1068,28685.7998
2026-07-27 07:39:21,2805,2,2026-07-26 20:42:49,-159903.2,2224.4,-159903.2
2026-07-27 07:39:21,2805,3,2026-06-03 08:04:14,356.19,0.0,814.19
2026-07-27 07:39:21,2805,7,2026-07-27 07:35:41,-183124.9212,9853.06,-192459.2852
2026-07-27 07:39:21,2805,10,2026-06-03 08:04:14,92405.9332,0.0,80102.1592
2026-07-27 07:39:21,2808,2,2026-07-25 23:03:07,-553730.0225,36.9,-553730.0225
2026-07-27 07:39:21,2808,10,2026-06-03 08:45:00,101684.8878,0.0,79419.6098
2026-07-27 07:39:21,2821,2,2026-07-26 12:34:09,15440.7664,14033.8608,32220.0486
2026-07-27 07:39:21,2821,3,2026-07-26 15:40:56,86085.2349,5207.6174,93179.8288
2026-07-27 07:39:21,2821,10,2026-06-03 07:23:51,0.0,0.0,0.0
2026-07-27 07:39:21,2822,2,2026-07-26 11:19:07,22038.9539,3166.7419,38775.422
2026-07-27 07:39:21,2822,3,2026-07-26 17:24:53,370202.1891,17139.1437,385840.5964
2026-07-27 07:39:21,2824,2,2026-07-26 12:28:47,134846.0998,2213.9392,134846.0998
2026-07-27 07:39:21,2824,3,2026-07-19 08:02:40,34803.699,0.0,34803.699
2026-07-27 07:39:21,2824,7,2026-07-26 14:22:35,235959.7653,533.5568,235958.7653
2026-07-27 07:39:21,2824,10,2026-06-03 07:14:15,93172.0173,0.0,93172.0173
2026-07-27 07:39:21,2825,2,2026-07-24 17:21:50,-103492.4472,350.8489,-102255.5987
2026-07-27 07:39:21,2829,2,2026-07-25 13:10:58,138283.1869,57.1412,138283.1869
2026-07-27 07:39:21,2829,3,2026-06-24 07:57:10,11077.1089,0.0,11077.1089
2026-07-27 07:39:21,2829,7,2026-07-26 17:16:58,65137.1657,1107.4434,65137.1657
2026-07-27 07:39:21,2833,2,2026-07-26 22:25:38,287800.3211,20800.0,287800.3211
2026-07-27 07:39:21,2833,3,2026-07-19 12:40:04,153270.4325,-6951.7805,153270.4325
2026-07-27 07:39:21,2833,7,2026-07-27 07:37:35,409013.51,128339.4643,425398.415
2026-07-27 07:39:21,2833,10,2026-06-03 00:54:55,31780.001,0.0,31779.4074
2026-07-27 07:39:21,2856,3,2026-06-25 08:13:11,2733.8571,0.0,2733.8571
2026-07-27 07:39:21,2856,7,2026-07-26 08:34:19,34840.3472,298.8913,34900.573
2026-07-27 07:39:21,2857,2,2026-07-27 07:34:36,-75909.1747,3415.03,-76389.0539
2026-07-27 07:39:21,2857,3,2026-07-27 07:37:17,-157789.095,4853.89,-156304.1497
2026-07-27 07:39:21,2877,3,2026-06-25 08:58:56,163265.676,0.0,163265.676
2026-07-27 07:39:21,2877,7,2026-07-26 17:09:42,159389.447,290.221,159389.045
2026-07-27 07:39:21,2903,3,2026-07-27 07:26:46,-40567.5918,5556.0067,-29395.5795
2026-07-27 07:39:21,2905,2,2026-07-27 07:06:54,141945.6303,11096.96,277986.2701
2026-07-27 07:39:21,2911,2,2026-07-27 03:54:42,-224005.71,7211.31,-187263.77
2026-07-27 07:39:21,2916,2,2026-07-26 23:30:59,119347.8091,85.386,119121.6121
2026-07-27 07:39:21,2916,3,2026-06-26 12:27:41,27020.329,0.0,27020.329
2026-07-27 07:39:21,2916,7,2026-07-25 22:17:07,96239.683,359.086,97418.402
2026-07-27 07:39:21,2928,2,2026-07-26 09:49:18,1602387.3075,353.7652,1602387.3075
2026-07-27 07:39:21,2928,3,2026-07-16 11:01:39,489103.97,0.0,547799.6145
2026-07-27 07:39:21,2928,7,2026-07-26 19:25:19,4513331.4983,27841.3571,4513331.4983
2026-07-27 07:39:21,2928,10,2026-06-03 08:27:17,48508.4694,0.0,48888.456
2026-07-27 07:39:21,2929,3,2026-06-03 08:14:32,0.0398,0.0,0.0398
2026-07-27 07:39:21,2929,7,2026-07-27 07:33:35,84829.766,12790.9286,86888.0405
2026-07-27 07:39:21,2931,2,2026-07-26 13:57:08,-500773.7347,4442.7267,-495820.2761
2026-07-27 07:39:21,2940,2,2026-07-27 06:11:53,-6133.1078,5886.36,-8353.4466
2026-07-27 07:39:21,2940,3,2026-07-27 07:33:46,-11614.6879,8620.26,-14848.9819
2026-07-27 07:39:21,2943,3,2026-07-10 06:51:31,-19289.3804,0.0,-19289.3804
2026-07-27 07:39:21,2943,7,2026-07-27 07:37:00,-660933.2742,6474.7799,-660933.2742
2026-07-27 07:39:21,2946,3,2026-06-03 06:26:53,0.0,0.0,0.0
2026-07-27 07:39:21,2946,7,2026-07-27 07:26:05,260988.6282,45424.4469,262649.1082
2026-07-27 07:39:21,2950,2,2026-07-27 04:01:04,327837.1335,847.1016,327836.3935
2026-07-27 07:39:21,2950,3,2026-06-25 16:24:47,20615.5343,0.0,20615.5343
2026-07-27 07:39:21,2950,7,2026-07-26 10:40:52,200332.6409,257.6548,200332.3759
2026-07-27 07:39:21,2954,2,2026-07-26 07:47:09,-337501.816,8365.733,-337482.168
2026-07-27 07:39:21,2954,3,2026-06-25 16:56:59,-1301.282,0.0,-1301.282
2026-07-27 07:39:21,2954,7,2026-07-26 17:31:15,-281348.833,12227.76,-279468.057
2026-07-27 07:39:21,2956,2,2026-07-27 07:20:53,-29734.3247,7947.1716,-29734.3247
2026-07-27 07:39:21,2956,10,2026-06-01 07:28:35,-17741.6375,0.0,24967.0104
2026-07-27 07:39:21,2957,2,2026-07-25 17:46:11,180425.8758,4819.58,180425.4044
2026-07-27 07:39:21,2957,3,2026-07-25 21:20:12,151595.0063,13746.45,162012.539
2026-07-27 07:39:21,2958,2,2026-07-27 00:05:27,127360.3382,1956.699,127360.3382
2026-07-27 07:39:21,2958,3,2026-06-03 07:14:11,310861.2153,0.0,310956.3434
2026-07-27 07:39:21,2958,7,2026-07-26 19:34:07,331888.9833,16908.0709,348718.1595
2026-07-27 07:39:21,2958,10,2026-06-03 07:14:11,60435.569,0.0,60704.569
2026-07-27 07:39:21,2960,3,2026-07-25 10:37:02,2516.061,270.7316,2786.5156
2026-07-27 07:39:21,2974,2,2026-07-26 09:16:17,-686995.7148,6581.67,-688501.9115
2026-07-27 07:39:21,2974,3,2026-07-27 07:37:08,-243518.3636,6573.11,-238846.7897
2026-07-27 07:39:21,2974,7,2026-07-17 12:48:06,-260699.3893,0.0,-260699.3893
2026-07-27 07:39:21,2979,3,2026-07-27 07:35:06,-758748.7853,8288.2,-639294.8307
2026-07-27 07:39:21,2980,2,2026-07-27 07:23:52,-95704.8112,6696.58,-106794.3199
2026-07-27 07:39:21,2980,3,2026-07-27 07:37:50,-100678.3554,5445.68,-106582.3628
2026-07-27 07:39:21,2981,2,2026-07-27 07:18:09,-1208007.7334,9682.19,-1186329.5614
2026-07-27 07:39:21,2982,2,2026-07-25 19:43:09,-230183.0525,5035.6233,-228159.6779
2026-07-27 07:39:21,2982,3,2026-07-27 07:34:32,-255767.5063,7225.5751,-259784.8312
2026-07-27 07:39:21,2982,7,2026-06-03 08:35:10,0.0,0.0,0.0
2026-07-27 07:39:21,2989,3,2026-07-09 18:20:00,-22293.61,-25730.48,-22293.61
2026-07-27 07:39:21,2989,7,2026-07-27 07:35:53,527336.3845,265859.31,527356.1415
2026-07-27 07:39:21,2996,3,2026-06-03 06:57:36,7527.75,0.0,7527.75
2026-07-27 07:39:21,2996,7,2026-07-27 07:34:06,1195636.555,1585.106,1199728.922
2026-07-27 07:39:21,2998,3,2026-07-27 07:37:02,-1124233.2186,3788.4613,-1120170.052
2026-07-27 07:39:21,2998,7,2026-06-03 08:46:38,0.0,0.0,0.0
2026-07-27 07:39:21,3005,3,2026-06-25 09:44:56,17302.543,0.0,17302.543
2026-07-27 07:39:21,3005,7,2026-07-26 09:01:55,218473.628,364.033,226931.867
2026-07-27 07:39:21,3011,2,2026-07-23 14:55:52,494498.6113,2968.406,914498.6113
2026-07-27 07:39:21,3011,10,2026-06-03 08:45:02,268421.73,0.0,342391.838
2026-07-27 07:39:21,3013,2,2026-07-24 21:53:41,-2142822.111,478.02,-2142822.111
2026-07-27 07:39:21,3013,10,2026-06-03 06:06:23,18399.806,0.0,-4002.27
2026-07-27 07:39:21,3021,2,2026-07-26 12:43:49,-833347.3696,13668.47,-804824.5809
2026-07-27 07:39:21,3021,3,2026-06-19 12:30:06,-531276.7539,-21001.8,-455174.6524
2026-07-27 07:39:21,3021,7,2026-07-26 17:41:44,36886.88,62226.13,36886.88
2026-07-27 07:39:21,3032,2,2026-07-26 19:04:35,376184.505,39368.889,379277.135
2026-07-27 07:39:21,3044,3,2025-07-04 06:41:44,52895.8553,0.0,52895.8553
2026-07-27 07:39:21,3044,7,2026-07-26 10:26:13,-15280.6051,5229.3231,-5761.957
2026-07-27 07:39:21,3050,3,2026-07-06 12:22:18,8883.4634,0.0,8883.4634
2026-07-27 07:39:21,3050,7,2026-07-26 15:33:59,183956.5881,114.309,189440.247
2026-07-27 07:39:21,3055,2,2026-07-26 23:59:10,430002.042,4.063,430076.998
2026-07-27 07:39:21,3055,3,2026-06-25 06:46:32,174080.895,0.0,174080.895
2026-07-27 07:39:21,3055,7,2026-07-26 10:59:39,262330.141,180.136,263282.469
2026-07-27 07:39:21,3065,7,2026-07-27 07:37:35,101587.3587,6518.3545,101155.7966
2026-07-27 07:39:21,3066,2,2026-07-26 02:18:30,-851155.259,2999.995,-849690.451
2026-07-27 07:39:21,3066,3,2026-06-24 18:13:58,11149.276,0.0,11149.276
2026-07-27 07:39:21,3066,7,2026-07-25 20:41:19,-806104.476,283.598,-806029.527
2026-07-27 07:39:21,3073,3,2026-06-03 01:26:54,0.0,0.0,0.0
2026-07-27 07:39:21,3073,7,2026-07-27 07:38:20,60066.2423,11141.3762,66350.5913
2026-07-27 07:39:21,3074,3,2026-06-03 06:59:32,1181.469,0.0,1181.469
2026-07-27 07:39:21,3074,7,2026-07-27 07:25:36,-51015.692,8845.829,-51015.692
2026-07-27 07:39:21,3077,3,2026-07-25 09:49:46,33481.3319,12000.0,33481.3319
2026-07-27 07:39:21,3077,7,2026-07-27 07:37:28,111455.0892,-819.6837,106151.3654
2026-07-27 07:39:21,3079,2,2026-07-25 14:36:25,-7751.807,3402.528,-7751.807
2026-07-27 07:39:21,3079,10,2026-06-03 07:50:16,13182.864,0.0,31577.96
2026-07-27 07:39:21,3081,2,2026-07-26 10:28:46,264211.624,0.002,266105.895
2026-07-27 07:39:21,3081,3,2026-06-24 18:36:07,32555.297,0.0,32555.297
2026-07-27 07:39:21,3081,7,2026-07-26 08:00:54,200038.996,808.085,200039.264
2026-07-27 07:39:21,3083,3,2026-07-21 18:09:33,-123307.1355,91.954,-123307.1355
2026-07-27 07:39:21,3083,7,2026-07-26 11:21:16,-363380.4032,1596.2307,-354250.6685
2026-07-27 07:39:21,3086,3,2026-06-03 08:38:54,-155081.9824,0.0,-155081.9824
2026-07-27 07:39:21,3086,7,2026-07-25 11:55:08,6314299.5359,100012.5542,6397303.3824
2026-07-27 07:39:21,3090,3,2026-06-26 07:27:02,-126555.408,0.0,-126555.408
2026-07-27 07:39:21,3090,7,2026-07-25 21:06:54,-917013.801,44.507,-907618.71
2026-07-27 07:39:21,3095,3,2026-06-25 10:53:14,6216.626,0.0,6216.626
2026-07-27 07:39:21,3095,7,2026-07-26 01:26:55,511861.7626,9641.459,513874.3456
2026-07-27 07:39:21,3098,2,2026-07-25 17:31:00,-118768.249,12000.0,-117320.315
2026-07-27 07:39:21,3098,3,2026-06-25 08:05:21,-24585.612,0.0,-24585.612
2026-07-27 07:39:21,3098,7,2026-07-26 14:28:15,-146646.291,134.366,-145417.326
2026-07-27 07:39:21,3099,3,2026-06-03 07:58:34,-228.814,0.0,-228.814
2026-07-27 07:39:21,3099,7,2026-07-27 07:38:07,-189780.877,15063.983,-175243.448
2026-07-27 07:39:21,3111,3,2026-07-02 15:59:16,-538581.846,0.0,-531173.1844
2026-07-27 07:39:21,3111,7,2026-07-27 07:37:54,-134594.67,16324.53,-134594.67
2026-07-27 07:39:21,3112,2,2026-07-25 20:52:57,-84002.595,189.04,-84002.595
2026-07-27 07:39:21,3112,3,2026-07-26 19:43:43,-125797.714,1562.46,-125797.714
2026-07-27 07:39:21,3115,2,2026-07-25 15:15:40,-39534.133,346.224,-36723.09
2026-07-27 07:39:21,3115,3,2026-06-25 14:54:56,-41856.347,0.0,-41856.347
2026-07-27 07:39:21,3115,7,2026-07-26 16:50:29,-133886.856,12559.728,-124937.564
2026-07-27 07:39:21,3119,2,2026-07-25 19:40:51,3454.3243,1098.2898,3431.7127
2026-07-27 07:39:21,3119,3,2026-07-26 20:46:22,-38099.2541,229.0665,-37625.5044
2026-07-27 07:39:21,3133,2,2026-07-25 19:05:00,-976037.5672,281.0407,-975363.104
2026-07-27 07:39:21,3133,3,2026-06-25 11:36:24,-58078.6921,0.0,-58078.6921
2026-07-27 07:39:21,3133,7,2026-07-26 10:21:44,-939261.2276,3584.081,-933606.4924
2026-07-27 07:39:21,3134,3,2026-06-24 21:20:59,21035.599,0.0,21035.599
2026-07-27 07:39:21,3134,7,2026-07-27 07:38:02,258816.2489,5330.385,255906.0259
2026-07-27 07:39:21,3135,2,2026-07-25 11:58:21,844568.2964,307.694,863122.6214
2026-07-27 07:39:21,3135,3,2026-06-24 14:35:11,35328.842,0.0,35328.842
2026-07-27 07:39:21,3135,7,2026-07-25 19:17:17,157605.268,11971.623,159645.363
2026-07-27 07:39:21,3138,3,2026-06-07 17:44:23,-61663.18,0.0,-61663.18
2026-07-27 07:39:21,3138,7,2026-07-27 07:37:10,-2623232.036,1651.61,-2634258.195
2026-07-27 07:39:21,3149,2,2026-07-27 03:29:37,139292.0186,1853.9549,141203.1376
2026-07-27 07:39:21,3149,3,2026-06-03 06:29:31,28900.0,0.0,28900.0
2026-07-27 07:39:21,3149,7,2026-07-27 07:37:21,410378.5736,15170.4288,412606.4226
2026-07-27 07:39:21,3151,2,2026-07-26 14:53:55,156097.8831,469.431,156097.8831
2026-07-27 07:39:21,3158,2,2026-07-27 07:38:25,-17233.7682,2984.1331,-15971.5582
2026-07-27 07:39:21,3158,3,2026-06-25 21:46:05,32500.0,0.0,32500.0
2026-07-27 07:39:21,3158,7,2026-07-26 11:20:43,74795.7971,147.1894,74795.7971
2026-07-27 07:39:21,3164,3,2026-07-25 23:51:10,-179559.2842,6804.9361,-173004.2727
2026-07-27 07:39:21,3170,2,2026-07-25 18:21:24,-572169.5161,35.1142,-570791.9014
2026-07-27 07:39:21,3185,2,2026-07-27 07:36:09,-71555.2166,17914.02,-66013.2626
2026-07-27 07:39:21,3186,7,2026-07-27 01:50:10,-165589.373,1023.12,-161107.11
2026-07-27 07:39:21,3191,2,2026-07-26 16:58:39,-69433.2305,770.3436,-69433.2305
2026-07-27 07:39:21,3191,10,2026-06-03 06:12:56,-1961.1055,0.0,-1961.1055
2026-07-27 07:39:21,3192,7,2026-07-27 07:37:42,123108.9755,15250.1173,134180.5035
2026-07-27 07:39:21,3207,3,2026-06-03 07:05:01,19799.7891,0.0,19799.7891
2026-07-27 07:39:21,3207,7,2026-07-27 07:31:55,-1616567.5137,18412.2201,-1616567.303
2026-07-27 07:39:21,3211,7,2026-07-26 10:08:20,-286663.2037,8874.0433,-285245.7717
2026-07-27 07:39:21,3212,3,2026-06-26 12:33:06,-66857.0031,0.0,-66857.0031
2026-07-27 07:39:21,3212,7,2026-07-27 07:27:52,-1235545.9639,1450.1713,-1235829.9639
2026-07-27 07:39:21,3216,2,2026-07-25 13:58:26,36383.1099,1774.0265,36378.2979
2026-07-27 07:39:21,3216,3,2026-06-03 06:27:54,0.0,0.0,0.0
2026-07-27 07:39:21,3216,7,2026-07-27 07:38:17,-6115.9617,2281.5639,-6125.3697
2026-07-27 07:39:21,3220,3,2026-07-25 21:54:54,-259594.7968,-3.2039,-259594.7968
2026-07-27 07:39:21,3220,7,2026-07-26 14:20:46,-658644.2727,12861.4763,-658644.2727
2026-07-27 07:39:21,3221,2,2026-07-26 21:06:02,-433865.714,4957.662,-433865.714
2026-07-27 07:39:21,3221,3,2026-07-18 13:56:38,-9248.826,0.0,-9248.826
2026-07-27 07:39:21,3221,7,2026-07-27 07:32:28,-203987.736,32187.103,-203987.736
2026-07-27 07:39:21,3221,10,2026-06-03 08:15:47,15336.974,0.0,15340.734
2026-07-27 07:39:21,3227,2,2026-07-24 15:58:39,-405025.7944,16874.991,-405025.7944
2026-07-27 07:39:21,3227,10,2026-06-03 08:54:27,-40451.576,0.0,-33421.184
2026-07-27 07:39:21,3233,2,2026-07-27 07:27:45,-1586043.9213,3010.725,-1586043.9213
2026-07-27 07:39:21,3233,10,2026-06-03 07:06:53,7048.5897,0.0,5556.5897
2026-07-27 07:39:21,3237,3,2026-06-25 07:48:55,-18416.1861,0.0,-18416.1861
2026-07-27 07:39:21,3237,7,2026-07-25 21:55:47,-134517.2504,50.2967,-133015.8994
2026-07-27 07:39:21,3241,2,2026-07-27 06:52:21,-673625.1186,1011.1413,-673625.1186
2026-07-27 07:39:21,3241,10,2026-06-03 08:54:21,26634.9232,0.0,26634.9232
2026-07-27 07:39:21,3242,2,2026-07-23 08:49:33,-857165.454,3.065,-857165.454
2026-07-27 07:39:21,3242,3,2026-06-03 08:29:11,0.057,0.0,0.057
2026-07-27 07:39:21,3242,7,2026-07-27 07:36:42,-1116394.781,13177.468,-1116394.781
2026-07-27 07:39:21,3242,10,2026-06-03 08:29:11,23781.056,0.0,23511.612
2026-07-27 07:39:21,3246,3,2026-06-30 23:05:52,-289645.6912,0.0,-289645.6912
2026-07-27 07:39:21,3246,7,2026-07-26 22:14:21,-2059470.2838,6321.1824,-2059470.2838
2026-07-27 07:39:21,3252,2,2026-07-25 20:38:23,-918470.5624,604.9685,-918470.5624
2026-07-27 07:39:21,3252,10,2026-06-03 06:40:45,4742.4018,0.0,4742.4018
2026-07-27 07:39:21,3259,2,2026-07-26 09:20:25,1429.6898,10977.6325,1429.6898
2026-07-27 07:39:21,3259,3,2026-07-27 07:31:44,-11381.9361,6557.125,-11381.9361
2026-07-27 07:39:21,3262,2,2026-07-25 20:45:00,-19135.57,4456.15,-19135.57
2026-07-27 07:39:21,3262,3,2026-07-26 13:55:05,-9343.06,1344.92,-9343.06
2026-07-27 07:39:21,3267,2,2026-07-26 06:56:36,-23127.772,3971.7058,-23127.772
2026-07-27 07:39:21,3267,3,2026-06-25 11:55:01,-2415.5908,0.0,-2415.5908
2026-07-27 07:39:21,3267,7,2026-07-26 09:27:24,4132.7842,5918.4469,4132.7842
2026-07-27 07:39:21,3269,2,2026-07-26 23:05:42,12282.7208,125.1724,12282.7208
2026-07-27 07:39:21,3277,2,2026-07-25 17:55:00,-5271.7535,409.0909,-5271.7535
2026-07-27 07:39:21,3277,3,2026-07-26 12:27:30,10503.9831,117.8952,10503.9831
2026-07-27 07:39:21,4016,3,2026-07-16 08:55:39,-21706.1908,0.0,-21706.1908
2026-07-27 07:39:21,4016,7,2026-07-27 07:36:08,-290530.6239,4281.9491,-277337.7991
2026-07-27 07:39:21,4023,2,2026-07-22 14:33:59,-9336.7392,587.6517,-9090.7392
2026-07-27 07:39:21,4023,3,2026-06-03 08:43:09,0.0,0.0,0.0
2026-07-27 07:39:21,4023,7,2026-07-27 07:38:13,77243.0106,4169.3445,77243.0106
2026-07-27 07:39:21,4026,3,2026-06-03 06:24:58,34000.0,0.0,34000.0
2026-07-27 07:39:21,4026,7,2026-07-27 07:38:11,-12975.9412,6683.3057,-10293.6262
2026-07-27 07:39:21,4029,2,2026-07-25 16:15:25,145333.6163,110.0831,145332.8829
2026-07-27 07:39:21,4029,3,2026-06-24 22:29:17,12359.7094,0.0,12359.7094
2026-07-27 07:39:21,4029,7,2026-07-25 17:43:31,175497.0557,200.4983,175702.6801
2026-07-27 11:14:28,1846,3,2026-06-03 08:24:16,-162433.969,0.0,-162433.969
2026-07-27 11:14:28,1846,7,2026-07-27 11:12:35,-1070250.698,11862.32,-1075762.408
2026-07-27 11:14:28,1926,3,2026-06-03 06:42:55,5096.2534,0.0,5096.2534
2026-07-27 11:14:28,1926,7,2026-07-27 11:12:09,-952662.6403,10581.149,-952662.6403
2026-07-27 11:14:28,1928,2,2026-07-27 11:02:40,-38249.9189,635.88,-28249.9189
2026-07-27 11:14:28,1928,10,2026-06-03 08:30:01,14007.52,0.0,53773.42
2026-07-27 11:14:28,1945,2,2026-07-24 18:33:44,72641.902,90.474,72641.902
2026-07-27 11:14:28,1945,3,2026-06-03 07:12:27,79139.515,0.0,79139.515
2026-07-27 11:14:28,1945,7,2026-07-27 10:36:27,-256817.812,2056.643,-229828.504
2026-07-27 11:14:28,1945,10,2026-06-03 07:12:27,132265.715,0.0,146700.179
2026-07-27 11:14:28,1964,2,2026-07-27 00:20:37,3283009.0186,62332.25,3283009.0186
2026-07-27 11:14:28,1964,3,2026-06-03 08:55:14,62015.86,0.0,62015.86
2026-07-27 11:14:28,1964,7,2026-07-27 11:11:44,3387651.1794,84087.04,3387651.1794
2026-07-27 11:14:28,1964,10,2026-06-03 08:55:14,203413.3281,0.0,203413.3281
2026-07-27 11:14:28,1965,3,2026-06-03 07:01:17,-677.5161,0.0,-677.5161
2026-07-27 11:14:28,1965,7,2026-07-27 11:08:29,223761.0183,475.349,225787.047
2026-07-27 11:14:28,2204,3,2026-06-03 07:41:42,-39377.836,0.0,-39377.836
2026-07-27 11:14:28,2204,7,2026-07-27 11:05:44,-383616.47,17517.007,-371737.95
2026-07-27 11:14:28,2205,3,2026-06-02 08:49:38,-25663.014,0.0,-25663.014
2026-07-27 11:14:28,2205,7,2026-07-27 11:12:15,-1078836.341,1267.614,-1069598.68
2026-07-27 11:14:28,2207,3,2026-06-03 08:24:50,-11659.982,0.0,-11659.982
2026-07-27 11:14:28,2207,7,2026-07-27 11:12:16,793975.308,31034.074,804505.796
2026-07-27 11:14:28,2208,2,2026-07-27 10:52:19,-655253.6865,5599.066,-655253.6865
2026-07-27 11:14:28,2208,3,2026-06-03 08:31:26,-101220.441,0.0,-101220.441
2026-07-27 11:14:28,2208,4,2026-06-03 08:31:26,0.0,0.0,0.0
2026-07-27 11:14:28,2208,7,2026-07-27 11:12:31,-523494.5201,5780.575,-506291.5871
2026-07-27 11:14:28,2208,8,2026-07-20 15:35:36,2614.851,60.943,2614.851
2026-07-27 11:14:28,2208,10,2026-06-03 08:31:26,563963.1731,0.0,531698.2631
2026-07-27 11:14:28,2224,3,2026-06-03 08:23:23,-6305.346,0.0,-6305.346
2026-07-27 11:14:28,2224,7,2026-07-27 11:11:53,-286559.0019,27668.412,-270336.5569
2026-07-27 11:14:28,2228,3,2026-06-25 08:35:15,14456.06,0.0,14456.06
2026-07-27 11:14:28,2228,7,2026-07-26 13:15:59,480946.325,11060.497,482459.846
2026-07-27 11:14:28,2230,3,2026-06-03 07:00:12,2292.791,0.0,2292.791
2026-07-27 11:14:28,2230,7,2026-07-27 11:12:26,1586.695,13806.086,1197.652
2026-07-27 11:14:28,2249,2,2026-07-27 11:11:17,-1153069.5779,14874.3247,-1157462.4158
2026-07-27 11:14:28,2249,3,2026-07-27 11:05:41,-225343.8284,513.4646,-223512.5091
2026-07-27 11:14:28,2249,7,2026-06-03 05:29:21,0.0,0.0,0.0
2026-07-27 11:14:28,2251,2,2026-07-27 11:05:35,721988.0656,12724.4578,726589.9476
2026-07-27 11:14:28,2251,3,2026-07-27 11:09:21,212424.7322,328.5902,221138.303
2026-07-27 11:14:28,2251,7,2026-06-03 08:22:05,0.0,0.0,0.0
2026-07-27 11:14:28,2264,2,2026-07-24 01:57:17,-408650.459,5562.465,-408650.459
2026-07-27 11:14:28,2264,10,2026-06-03 08:40:23,-44048.248,0.0,-42652.35
2026-07-27 11:14:28,2268,2,2026-07-27 11:03:07,-65849.51,6812.112,-65849.51
2026-07-27 11:14:28,2268,7,2026-07-27 11:11:23,-64939.85,6928.424,-64939.85
2026-07-27 11:14:28,2291,2,2026-07-27 09:49:29,-127510.9303,4795.4401,-127511.121
2026-07-27 11:14:28,2292,3,2026-06-23 13:56:40,-98158.828,0.0,-85556.815
2026-07-27 11:14:28,2292,7,2026-07-27 11:11:58,-1086402.266,13733.66,-1106676.976
2026-07-27 11:14:28,2295,3,2026-06-25 08:35:12,5827.7321,0.0,5827.7321
2026-07-27 11:14:28,2295,7,2026-07-27 11:12:11,-122210.1144,11256.8262,-112363.2597
2026-07-27 11:14:28,2297,3,2026-07-04 22:47:32,35187.9024,-75.3305,35187.9024
2026-07-27 11:14:28,2297,7,2026-07-26 13:27:20,157648.6618,1277.0583,147220.4408
2026-07-27 11:14:28,2304,2,2026-07-25 11:15:34,-387069.0805,1143.9565,-387069.0805
2026-07-27 11:14:28,2304,10,2026-06-03 08:24:38,163627.1421,0.0,175848.871
2026-07-27 11:14:28,2305,2,2026-07-22 13:27:34,122799.832,520.0065,119459.0476
2026-07-27 11:14:28,2306,2,2026-07-25 15:01:14,99477.9829,6916.9091,106673.792
2026-07-27 11:14:28,2307,2,2026-07-25 12:49:50,742572.3187,10844.9864,777043.1357
2026-07-27 11:14:28,2308,2,2026-07-27 10:22:44,2716044.9451,45884.4158,2726709.4166
2026-07-27 11:14:28,2317,2,2026-07-24 21:45:27,-1012.475,582.8483,2930.5625
2026-07-27 11:14:28,2317,3,2026-06-03 08:18:19,21540.6262,0.0,21540.6262
2026-07-27 11:14:28,2317,7,2026-07-27 11:07:34,349143.0974,7385.588,351060.663
2026-07-27 11:14:28,2330,2,2026-07-25 20:29:53,-1140410.0165,58069.89,-1140410.0165
2026-07-27 11:14:28,2330,10,2026-06-03 07:45:12,-52379.6297,0.0,-48319.6747
2026-07-27 11:14:28,2338,2,2026-07-25 21:21:29,15437.199,2127.341,28323.609
2026-07-27 11:14:28,2338,3,2026-07-25 15:49:26,63810.611,1330.182,53837.023
2026-07-27 11:14:28,2339,2,2026-07-27 11:04:32,498708.6491,14312.8089,502196.9436
2026-07-27 11:14:28,2339,3,2026-07-27 09:57:57,231884.8606,-194.435,232646.8606
2026-07-27 11:14:28,2339,7,2026-07-27 11:10:08,142204.5269,6431.285,148296.0517
2026-07-27 11:14:28,2341,7,2026-07-27 11:11:59,64534.2646,14963.4876,56326.2332
2026-07-27 11:14:28,2346,3,2026-07-25 17:29:11,43393.327,1364.853,62160.877
2026-07-27 11:14:28,2350,2,2026-07-27 11:12:35,819737.8788,37077.9513,823801.627
2026-07-27 11:14:28,2353,2,2026-07-25 21:01:58,253373.9784,3.7354,279217.5595
2026-07-27 11:14:28,2353,3,2026-07-26 11:28:09,-30120.0728,723.3648,-28121.0728
2026-07-27 11:14:28,2353,7,2026-07-24 20:34:06,106395.6679,1448.4514,108503.7687
2026-07-27 11:14:28,2355,2,2026-07-26 07:20:00,-69236.1158,6074.5308,-69236.1158
2026-07-27 11:14:28,2355,3,2026-07-26 21:42:35,-22192.5451,107.0274,-22192.5451
2026-07-27 11:14:28,2355,7,2026-07-25 09:39:11,-39006.196,707.4812,-39006.196
2026-07-27 11:14:28,2359,3,2026-07-24 20:50:14,-191266.842,48000.0,-188793.646
2026-07-27 11:14:28,2359,7,2026-07-26 18:32:46,-2864122.481,584.394,-2861310.521
2026-07-27 11:14:28,2364,2,2026-07-27 11:11:50,-344335.3103,54949.9794,-343852.1035
2026-07-27 11:14:28,2384,2,2026-07-25 08:43:11,-26288.0,967.618,-26288.0
2026-07-27 11:14:28,2384,3,2026-06-23 07:29:35,-39429.606,0.0,-35855.326
2026-07-27 11:14:28,2384,7,2026-07-27 11:07:04,-211704.5081,4287.648,-208782.4021
2026-07-27 11:14:28,2384,10,2026-06-03 07:14:42,50116.43,0.0,51545.068
2026-07-27 11:14:28,2386,3,2026-07-24 20:40:22,-1851573.9051,24269.1688,-1866529.6358
2026-07-27 11:14:28,2386,7,2026-07-27 11:12:36,-245256.9116,22050.8057,-245256.9116
2026-07-27 11:14:28,2388,3,2026-07-19 07:38:50,-116806.2324,0.0,-116806.2324
2026-07-27 11:14:28,2388,7,2026-07-27 11:11:53,-288211.6073,8793.0545,-292453.8852
2026-07-27 11:14:28,2390,3,2026-07-24 17:07:47,429349.6438,12323.2963,434625.1347
2026-07-27 11:14:28,2390,7,2026-07-27 11:10:59,562299.1212,16799.9808,562299.1212
2026-07-27 11:14:28,2391,3,2026-06-09 13:00:35,35339.607,0.0,35339.607
2026-07-27 11:14:28,2391,7,2026-07-26 18:13:15,207553.196,1387.965,220895.653
2026-07-27 11:14:28,2394,2,2026-07-24 19:02:39,600402.4879,66850.3647,600402.4879
2026-07-27 11:14:28,2394,3,2026-07-27 11:11:21,19425.9023,3312.9985,19425.9023
2026-07-27 11:14:28,2394,7,2026-07-22 14:09:39,-52072.8814,96.7149,-40749.9857
2026-07-27 11:14:28,2394,10,2026-06-03 07:15:34,9039.8697,0.0,9093.2246
2026-07-27 11:14:28,2408,2,2026-07-27 11:01:23,448690.565,5506.52,463519.744
2026-07-27 11:14:28,2416,2,2026-07-25 18:36:28,167185.441,0.003,173184.747
2026-07-27 11:14:28,2417,3,2026-06-24 21:44:46,7651.257,0.0,7651.257
2026-07-27 11:14:28,2417,7,2026-07-26 06:11:17,306913.314,5187.178,317494.528
2026-07-27 11:14:28,2446,2,2026-07-27 10:38:06,112717.96,150.887,112717.96
2026-07-27 11:14:28,2446,10,2026-06-03 08:46:32,-12203.218,0.0,-12203.218
2026-07-27 11:14:28,2456,2,2026-07-25 21:18:11,303206.5286,878.3784,319584.0663
2026-07-27 11:14:28,2456,3,2026-07-27 11:10:15,46171.5497,19.7433,47359.7526
2026-07-27 11:14:28,2457,3,2026-06-29 17:15:03,39649.4768,0.0,39649.4768
2026-07-27 11:14:28,2457,7,2026-07-26 08:49:57,-1289.8739,1249.4973,2166.1204
2026-07-27 11:14:28,2459,2,2026-07-26 13:54:08,-1643880.8333,1471.5713,-1643880.8333
2026-07-27 11:14:28,2459,3,2026-06-03 08:23:30,-99659.0222,0.0,-99659.0222
2026-07-27 11:14:28,2459,7,2026-07-27 11:12:29,-1517900.2437,10479.7123,-1516578.2236
2026-07-27 11:14:28,2459,10,2026-06-03 08:23:30,-10729.441,0.0,-6854.1392
2026-07-27 11:14:28,2465,2,2026-07-23 22:00:23,-67968.7336,30.7205,-67968.7336
2026-07-27 11:14:28,2471,3,2026-06-03 07:10:50,-40667.004,0.0,-40667.004
2026-07-27 11:14:28,2471,7,2026-07-27 11:12:25,-205448.47,7342.398,-189752.351
2026-07-27 11:14:28,2476,3,2026-06-03 06:00:57,283.8138,0.0,283.8138
2026-07-27 11:14:28,2476,7,2026-07-27 11:11:45,-103598.597,13929.2711,-92766.2171
2026-07-27 11:14:28,2482,2,2026-07-27 11:10:26,-40242.261,6497.8817,-39521.2823
2026-07-27 11:14:28,2482,3,2026-07-27 11:06:34,2178498.3285,8913.5916,2178419.3549
2026-07-27 11:14:28,2482,7,2025-03-13 16:03:26,-188.0,0.0,-188.0
2026-07-27 11:14:28,2486,3,2026-06-25 08:30:15,-35938.9957,0.0,-35938.9957
2026-07-27 11:14:28,2486,7,2026-07-27 11:10:15,-221330.5718,12692.5776,-213615.2028
2026-07-27 11:14:28,2487,3,2026-06-08 10:58:33,-31579.9725,0.0,-18590.3645
2026-07-27 11:14:28,2487,7,2026-07-26 18:49:58,-21398.6182,376.8039,-21398.6182
2026-07-27 11:14:28,2489,3,2026-06-25 07:34:49,47771.3544,0.0,47771.3544
2026-07-27 11:14:28,2489,7,2026-07-27 11:12:42,221822.1147,12510.7834,207645.1707
2026-07-27 11:14:28,2494,2,2026-07-27 07:13:09,62584.5029,2.1892,66795.3522
2026-07-27 11:14:28,2499,3,2026-07-01 02:45:43,-142208.257,-16.51,-142208.257
2026-07-27 11:14:28,2499,7,2026-07-27 11:06:37,-1005362.5284,5941.9019,-958562.8167
2026-07-27 11:14:28,2500,2,2026-07-27 11:10:49,187072.199,36785.9995,189450.7563
2026-07-27 11:14:28,2500,3,2026-07-27 11:11:57,20646.32,15390.4292,29879.3147
2026-07-27 11:14:28,2500,7,2026-06-03 08:14:04,0.0,0.0,0.0
2026-07-27 11:14:28,2502,3,2026-07-25 14:06:29,3305104.4509,392.0662,3295426.0414
2026-07-27 11:14:28,2505,3,2026-06-18 16:41:17,28705.308,0.0,28705.308
2026-07-27 11:14:28,2505,7,2026-07-26 13:17:54,-182497.04,1083.925,-186589.454
2026-07-27 11:14:28,2514,2,2026-07-27 11:04:08,226945.2167,3220.8056,232918.437
2026-07-27 11:14:28,2514,3,2026-07-27 11:12:12,170961.916,9756.9693,175224.0195
2026-07-27 11:14:28,2517,3,2026-07-07 01:35:34,15839.2165,0.0,15839.2165
2026-07-27 11:14:28,2517,7,2026-07-26 09:01:26,-260115.0816,314.7964,-260115.0816
2026-07-27 11:14:28,2519,3,2026-06-09 23:04:12,71888.333,0.0,71888.333
2026-07-27 11:14:28,2519,7,2026-07-27 11:08:48,46678.178,21925.443,46512.22
2026-07-27 11:14:28,2523,3,2026-06-25 08:57:58,-126426.8077,0.0,-126426.8077
2026-07-27 11:14:28,2523,7,2026-07-27 11:12:25,-1087490.8994,7827.0355,-1096105.5249
2026-07-27 11:14:28,2525,2,2026-07-26 15:59:57,-59867.7311,251.8877,-59867.7311
2026-07-27 11:14:28,2525,3,2026-06-23 11:45:38,14081.7863,0.0,14081.7863
2026-07-27 11:14:28,2525,7,2026-07-27 11:07:39,-99287.1529,9370.1922,-97560.7147
2026-07-27 11:14:28,2525,10,2026-06-03 07:00:04,132370.6714,0.0,121130.4253
2026-07-27 11:14:28,2528,2,2026-07-27 10:54:25,91199.762,13651.8558,92203.0601
2026-07-27 11:14:28,2528,3,2026-07-27 08:18:48,151644.5504,5364.3931,159522.6054
2026-07-27 11:14:28,2528,7,2026-06-03 06:20:28,0.0,0.0,0.0
2026-07-27 11:14:28,2531,2,2026-07-26 08:14:59,573790.1012,1180.1127,599326.2088
2026-07-27 11:14:28,2531,3,2026-07-27 11:12:24,956946.4091,23328.1974,961555.0988
2026-07-27 11:14:28,2535,3,2026-07-27 00:35:33,-257751.93,1059.1845,-256913.8284
2026-07-27 11:14:28,2535,7,2026-07-25 13:58:53,-422414.6207,-311.0558,-424383.8989
2026-07-27 11:14:28,2537,2,2026-07-25 17:45:00,-7663.1964,385.5321,-6260.4151
2026-07-27 11:14:28,2537,3,2026-07-25 15:32:39,49487.9893,681.6203,51036.9476
2026-07-27 11:14:28,2543,2,2026-07-27 10:50:45,367918.727,10125.532,373834.202
2026-07-27 11:14:28,2543,3,2026-06-25 06:59:27,253598.678,0.0,253598.678
2026-07-27 11:14:28,2543,7,2026-07-27 11:12:45,545116.6728,2086.038,569754.1568
2026-07-27 11:14:28,2548,3,2026-06-29 00:11:56,-1836.0021,0.0,-1836.0021
2026-07-27 11:14:28,2548,7,2026-07-27 11:11:00,-272556.0363,2566.5686,-270857.7869
2026-07-27 11:14:28,2551,2,2026-07-26 09:35:01,-277169.2635,13.5506,-244379.4841
2026-07-27 11:14:28,2551,3,2026-07-27 11:05:16,-2448225.1882,4397.3225,-2336091.5581
2026-07-27 11:14:28,2552,2,2026-07-24 23:00:55,-58008.1586,60.2132,-58008.1586
2026-07-27 11:14:28,2552,3,2026-06-29 10:58:04,-40068.729,0.0,-46055.7694
2026-07-27 11:14:28,2552,7,2026-07-26 15:23:17,49121.5809,1185.2264,50083.3313
2026-07-27 11:14:28,2552,10,2026-06-03 07:13:13,8613.7686,0.0,550.2333
2026-07-27 11:14:28,2555,2,2026-07-25 10:51:50,-71440.0583,258.8208,-64817.4269
2026-07-27 11:14:28,2555,3,2026-06-24 19:57:23,-19366.0531,0.0,-19366.0531
2026-07-27 11:14:28,2555,7,2026-07-25 23:01:25,-220301.3729,419.219,-218771.2365
2026-07-27 11:14:28,2556,3,2026-06-25 08:25:06,29849.4677,0.0,29849.4677
2026-07-27 11:14:28,2556,7,2026-07-27 11:12:29,150409.3814,8991.5716,150781.1419
2026-07-27 11:14:28,2559,3,2026-07-27 11:11:36,73685.2152,7979.1072,74603.5725
2026-07-27 11:14:28,2559,7,2026-06-03 08:00:22,0.0,0.0,0.0
2026-07-27 11:14:28,2564,2,2026-07-26 07:26:32,-110814.1901,1327.1223,-107004.6092
2026-07-27 11:14:28,2564,3,2026-07-26 15:30:43,234603.2198,26.7227,237102.027
2026-07-27 11:14:28,2564,7,2026-07-25 09:56:01,-68722.9807,726.5381,-59736.6621
2026-07-27 11:14:28,2567,2,2026-07-24 13:40:45,-971186.8065,278.516,-966695.7753
2026-07-27 11:14:28,2567,10,2026-06-03 08:57:48,-0.048,0.0,-0.048
2026-07-27 11:14:28,2571,2,2026-07-25 13:08:22,36280.2597,206.6299,36280.2597
2026-07-27 11:14:28,2571,10,2026-06-03 08:48:36,3282.92,0.0,3282.92
2026-07-27 11:14:28,2577,2,2026-07-26 13:33:55,-1397072.5518,12178.2222,-1397072.5518
2026-07-27 11:14:28,2578,2,2026-07-26 16:13:35,483652.3183,375.3407,485997.6873
2026-07-27 11:14:28,2578,3,2026-06-25 07:54:23,72032.1126,0.0,72032.1126
2026-07-27 11:14:28,2578,7,2026-07-27 11:11:54,122375.1381,3920.2573,130328.5463
2026-07-27 11:14:28,2584,3,2026-06-03 08:11:41,0.0,0.0,0.0
2026-07-27 11:14:28,2584,7,2026-07-27 11:12:05,-84207.776,6066.1289,-83553.776
2026-07-27 11:14:28,2585,3,2026-07-26 17:22:25,-567147.7163,-517.2952,-563378.9392
2026-07-27 11:14:28,2585,7,2026-07-25 09:51:14,-677749.4594,19665.8663,-664570.2592
2026-07-27 11:14:28,2590,3,2026-06-03 06:07:28,49948.16,0.0,49948.16
2026-07-27 11:14:28,2590,7,2026-07-27 11:09:59,-82662.78,8167.46,-82662.78
2026-07-27 11:14:28,2592,3,2026-06-03 08:32:59,-9599.9015,0.0,-9599.9015
2026-07-27 11:14:28,2592,7,2026-07-27 11:12:19,266232.8216,234.7075,278195.1208
2026-07-27 11:14:28,2593,3,2026-06-03 08:48:31,-260092.2651,0.0,-260092.2651
2026-07-27 11:14:28,2593,7,2026-07-27 11:12:31,-4498313.8734,109200.291,-4548631.4921
2026-07-27 11:14:28,2595,2,2026-07-26 12:57:20,-224382.311,559.6726,-224490.3506
2026-07-27 11:14:28,2595,3,2026-07-01 23:08:31,-33957.2315,0.0,-33957.2315
2026-07-27 11:14:28,2595,7,2026-07-27 11:11:27,-40726.6551,9107.6707,-40706.9601
2026-07-27 11:14:28,2597,3,2026-06-24 23:23:29,44695.738,0.0,44695.738
2026-07-27 11:14:28,2597,7,2026-07-27 11:11:42,173437.06,5393.465,183049.269
2026-07-27 11:14:28,2598,3,2026-06-24 15:17:29,32099.5939,0.0,32099.5939
2026-07-27 11:14:28,2598,7,2026-07-27 11:12:33,-125238.7516,8748.2537,-125180.7556
2026-07-27 11:14:28,2600,2,2026-07-25 17:56:17,6132.7025,1354.7825,-18266.0447
2026-07-27 11:14:28,2600,3,2026-06-26 07:26:25,1398.4415,-212.4583,1398.4415
2026-07-27 11:14:28,2600,7,2026-07-27 11:12:35,-13046.1719,8240.1774,-9667.6935
2026-07-27 11:14:28,2601,2,2026-07-26 20:14:42,205158.1114,2209.4096,206973.6654
2026-07-27 11:14:28,2601,3,2026-07-27 11:12:19,239345.127,17917.1113,243516.748
2026-07-27 11:14:28,2603,2,2026-07-27 11:04:15,14308.5656,5278.0251,14867.3667
2026-07-27 11:14:28,2603,3,2026-07-27 11:12:21,17358.9011,21974.481,25504.6225
2026-07-27 11:14:28,2603,7,2026-06-03 08:16:02,0.0,0.0,0.0
2026-07-27 11:14:28,2605,2,2026-07-25 21:20:39,774946.7376,538.7913,776094.8879
2026-07-27 11:14:28,2605,3,2026-07-26 11:04:03,35365.5904,181.9281,35571.2714
2026-07-27 11:14:28,2605,7,2026-07-24 22:13:41,59330.3066,1112.0916,59329.7003
2026-07-27 11:14:28,2609,3,2026-07-18 08:12:20,-57048.6469,0.0,-57048.6469
2026-07-27 11:14:28,2609,7,2026-07-27 11:06:12,-151480.6975,941.5131,-139048.557
2026-07-27 11:14:28,2612,3,2026-06-26 17:49:47,19860.7136,0.0,19860.7136
2026-07-27 11:14:28,2612,7,2026-07-27 11:11:30,-3362.4125,5389.0951,-2457.0429
2026-07-27 11:14:28,2615,3,2026-06-24 16:18:24,23818.6397,0.0,23818.6397
2026-07-27 11:14:28,2615,7,2026-07-27 11:11:12,313164.1788,9829.224,305976.6218
2026-07-27 11:14:28,2616,3,2026-07-25 15:50:04,-261399.9364,22000.0,-258308.535
2026-07-27 11:14:28,2616,7,2026-07-27 11:11:19,-35048.2447,-19924.1302,-35048.2447
2026-07-27 11:14:28,2617,3,2026-07-25 12:22:34,-624813.6904,994.4102,-597609.8689
2026-07-27 11:14:28,2618,2,2026-07-27 11:12:45,273510.5491,8022.7309,278031.5974
2026-07-27 11:14:28,2618,3,2026-07-25 13:20:19,376152.3728,712.8297,390427.0254
2026-07-27 11:14:28,2624,3,2026-07-07 18:26:02,32260.673,0.0,32260.673
2026-07-27 11:14:28,2624,7,2026-07-27 11:11:37,69758.9489,11407.2663,69758.9489
2026-07-27 11:14:28,2627,2,2026-07-27 11:07:29,-428772.8886,6005.5766,-426157.4062
2026-07-27 11:14:28,2627,3,2026-07-27 09:26:49,-81731.2177,-561.6157,-81711.2177
2026-07-27 11:14:28,2627,7,2026-07-27 11:11:49,-233827.7536,8239.3134,-229990.7618
2026-07-27 11:14:28,2636,3,2026-07-27 11:11:19,-146193.8611,-4797.6378,-146337.8611
2026-07-27 11:14:28,2636,7,2026-07-26 21:36:35,-278123.5798,8700.7602,-271745.4862
2026-07-27 11:14:28,2637,3,2026-07-26 20:30:13,-57136.74,648.25,-56585.74
2026-07-27 11:14:28,2637,7,2026-07-25 09:04:13,-229302.13,695.99,-227082.29
2026-07-27 11:14:28,2640,2,2026-07-26 00:03:59,1138013.811,9127.081,1138013.49
2026-07-27 11:14:28,2640,3,2026-06-25 03:29:29,48476.868,0.0,48476.868
2026-07-27 11:14:28,2640,7,2026-07-26 04:05:06,262902.755,266.288,262729.859
2026-07-27 11:14:28,2642,2,2026-07-27 10:26:46,-547753.4285,314.1381,-534069.0825
2026-07-27 11:14:28,2643,2,2026-07-26 13:08:22,174300.5914,614.4307,180788.2868
2026-07-27 11:14:28,2643,3,2026-07-02 12:19:33,-1946.3247,-161.632,-1946.3247
2026-07-27 11:14:28,2643,7,2026-07-27 11:05:23,165648.1907,209.6555,165647.5563
2026-07-27 11:14:28,2644,3,2026-07-26 18:38:32,-963335.5869,47.1831,-961001.0714
2026-07-27 11:14:28,2644,7,2026-07-25 11:26:29,-1062756.4492,829.0153,-1062897.5728
2026-07-27 11:14:28,2645,3,2026-07-27 11:10:46,-938232.4326,38482.4651,-920320.1275
2026-07-27 11:14:28,2646,2,2026-07-27 10:08:49,-246682.1032,12387.9049,-246217.6755
2026-07-27 11:14:28,2647,2,2026-07-26 13:24:17,-585117.7023,2453.923,-585117.7023
2026-07-27 11:14:28,2647,10,2026-06-03 06:14:35,1455.0785,0.0,1428.2484
2026-07-27 11:14:28,2648,3,2026-07-07 14:03:54,52368.3511,-23.4195,52368.3511
2026-07-27 11:14:28,2648,7,2026-07-27 11:12:42,361671.1094,3705.9204,363381.7554
2026-07-27 11:14:28,2654,3,2026-06-03 00:01:57,-34626.408,0.0,-34626.408
2026-07-27 11:14:28,2654,7,2026-07-27 11:12:47,-2368918.843,1610.996,-2367559.755
2026-07-27 11:14:28,2656,2,2026-07-27 11:11:52,-181401.8,25706.092,-155840.911
2026-07-27 11:14:28,2657,3,2026-06-25 10:16:36,94139.9814,0.0,94139.9814
2026-07-27 11:14:28,2657,7,2026-07-27 11:12:32,769826.0846,37638.4395,767574.0786
2026-07-27 11:14:28,2668,3,2026-06-03 08:09:35,85204.4639,0.0,85204.4639
2026-07-27 11:14:28,2668,7,2026-07-26 21:22:11,-77559.0609,446.0822,-75655.2826
2026-07-27 11:14:28,2677,3,2026-07-15 16:21:55,119828.9504,0.0,119828.9504
2026-07-27 11:14:28,2677,7,2026-07-27 10:38:51,-242910.5496,3930.7958,-96286.5494
2026-07-27 11:14:28,2688,2,2026-07-27 11:12:36,243649.4063,9701.4679,236590.3321
2026-07-27 11:14:28,2688,3,2026-07-27 10:41:41,11483.4022,9000.0,6307.3472
2026-07-27 11:14:28,2688,7,2026-07-27 11:12:39,75471.7945,9870.7678,75471.7945
2026-07-27 11:14:28,2689,3,2026-07-03 08:01:28,-96635.0735,0.0,-89520.9913
2026-07-27 11:14:28,2689,7,2026-07-27 11:11:52,106510.7814,21675.6518,106682.8229
2026-07-27 11:14:28,2693,2,2026-07-27 11:10:08,-315374.6575,17189.8714,-311058.8199
2026-07-27 11:14:28,2693,10,2026-06-03 00:32:40,-499.3539,0.0,-499.3539
2026-07-27 11:14:28,2697,2,2026-07-27 08:08:31,179532.086,51784.674,199880.636
2026-07-27 11:14:28,2697,3,2026-06-24 21:59:09,8790.341,0.0,8790.341
2026-07-27 11:14:28,2697,7,2026-07-27 11:12:47,395493.336,1342.828,405488.814
2026-07-27 11:14:28,2698,2,2026-07-25 06:08:42,-218138.8856,166.9079,-218138.8856
2026-07-27 11:14:28,2698,3,2026-07-01 00:35:16,16519.7515,0.0,16342.3738
2026-07-27 11:14:28,2698,7,2026-07-27 11:10:43,-112018.2473,4265.3976,-112042.9205
2026-07-27 11:14:28,2698,10,2026-06-03 07:51:18,45085.3121,0.0,45001.2993
2026-07-27 11:14:28,2706,3,2026-06-03 05:15:51,65137.2927,0.0,65137.2927
2026-07-27 11:14:28,2706,7,2026-07-27 11:11:45,1683890.9007,49028.1303,1683554.5654
2026-07-27 11:14:28,2711,2,2026-07-25 08:05:27,393003.4858,6.3825,393003.4858
2026-07-27 11:14:28,2711,3,2026-07-18 11:17:08,66391.2991,0.0,66391.2991
2026-07-27 11:14:28,2711,7,2026-07-25 10:22:36,58424.4231,72.1358,58424.4231
2026-07-27 11:14:28,2711,10,2026-06-03 07:01:45,161337.5346,0.0,165205.2857
2026-07-27 11:14:28,2718,3,2026-07-27 11:06:23,-668816.8329,445.3828,-657141.5466
2026-07-27 11:14:28,2718,7,2025-03-13 16:03:26,724.0,0.0,724.0
2026-07-27 11:14:28,2722,2,2026-07-25 21:25:58,459455.7237,977.1556,460463.4045
2026-07-27 11:14:28,2722,3,2026-07-26 12:35:49,371401.0643,325.2823,393331.7312
2026-07-27 11:14:28,2722,7,2026-06-03 06:10:37,0.0,0.0,0.0
2026-07-27 11:14:28,2722,10,2026-06-03 06:10:37,0.0,0.0,0.0
2026-07-27 11:14:28,2724,2,2026-07-27 11:09:18,22288.593,1356.05,22288.593
2026-07-27 11:14:28,2724,3,2026-06-03 08:22:13,-104485.854,0.0,-104485.854
2026-07-27 11:14:28,2724,7,2026-07-27 11:11:50,-51629.172,22400.68,-63398.119
2026-07-27 11:14:28,2724,10,2026-06-03 08:22:13,225230.9399,0.0,228771.3899
2026-07-27 11:14:28,2727,2,2026-07-27 11:11:38,6786.6508,4173.3642,183249.0004
2026-07-27 11:14:28,2727,3,2026-07-27 11:11:38,55512.9222,196.3673,438006.2179
2026-07-27 11:14:28,2729,2,2026-07-25 10:44:40,231346.769,3.801,242974.939
2026-07-27 11:14:28,2729,3,2026-06-25 05:19:07,16382.759,0.0,16382.759
2026-07-27 11:14:28,2729,7,2026-07-27 11:10:51,378449.956,8761.861,387907.177
2026-07-27 11:14:28,2740,3,2026-06-03 08:50:37,16000.0,0.0,16000.0
2026-07-27 11:14:28,2740,7,2026-07-27 09:58:56,-306179.3722,1563.5745,-304984.5212
2026-07-27 11:14:28,2743,3,2026-06-03 08:33:58,1153.781,0.0,1153.781
2026-07-27 11:14:28,2743,7,2026-07-27 11:09:45,13679.328,653.219,47163.882
2026-07-27 11:14:28,2753,2,2026-07-25 15:39:36,-396590.8124,12867.4849,-396583.8244
2026-07-27 11:14:28,2754,3,2026-06-19 15:45:48,61551.902,0.0,61551.902
2026-07-27 11:14:28,2754,7,2026-07-27 11:11:46,-119785.667,18075.319,-110239.355
2026-07-27 11:14:28,2760,3,2026-07-20 18:41:06,-9222.314,15000.0,-9222.314
2026-07-27 11:14:28,2760,7,2026-07-27 11:12:05,154641.044,12425.83,154641.044
2026-07-27 11:14:28,2763,2,2026-07-24 19:09:32,-16079.1903,826.8238,-16220.1905
2026-07-27 11:14:28,2763,3,2026-06-25 17:12:54,-4707.1257,0.0,-4707.1257
2026-07-27 11:14:28,2763,7,2026-07-25 07:39:27,51588.4933,128.3771,51537.2139
2026-07-27 11:14:28,2769,2,2026-07-25 14:03:04,252716.431,23920.7201,252412.7597
2026-07-27 11:14:28,2770,3,2026-06-03 08:28:44,-25546.363,0.0,-25546.363
2026-07-27 11:14:28,2770,7,2026-07-27 11:12:19,304192.37,10391.937,311911.239
2026-07-27 11:14:28,2773,2,2026-07-27 11:12:21,697420.4521,15264.4,697420.4521
2026-07-27 11:14:28,2773,3,2026-06-03 08:42:23,-22079.269,0.0,-22079.269
2026-07-27 11:14:28,2773,7,2026-07-27 11:11:16,1094425.838,6751.679,1095320.612
2026-07-27 11:14:28,2773,10,2026-07-04 16:39:54,428596.1948,0.0,421326.1948
2026-07-27 11:14:28,2781,3,2026-06-09 16:13:39,75539.087,0.0,75539.087
2026-07-27 11:14:28,2781,7,2026-07-25 13:34:38,77297.978,119.3,77297.748
2026-07-27 11:14:28,2782,3,2026-06-24 19:55:29,1884.7004,0.0,1884.7004
2026-07-27 11:14:28,2782,7,2026-07-26 14:10:31,81549.6472,217.9767,81765.7594
2026-07-27 11:14:28,2786,2,2026-07-25 12:38:03,25795.235,16026.5123,32235.9607
2026-07-27 11:14:28,2786,3,2026-06-25 18:56:27,-28181.3919,0.0,-28181.3919
2026-07-27 11:14:28,2786,7,2026-07-27 11:12:21,424734.0364,10623.1539,427170.886
2026-07-27 11:14:28,2789,2,2026-07-24 11:29:31,119576.2648,163.2342,118997.0039
2026-07-27 11:14:28,2789,3,2026-06-25 08:42:03,32230.3415,0.0,32230.3415
2026-07-27 11:14:28,2789,7,2026-07-25 09:56:15,108258.426,110.0064,110341.0508
2026-07-27 11:14:28,2793,2,2026-07-27 08:14:46,22599.11,6652.0124,22599.11
2026-07-27 11:14:28,2793,10,2026-06-03 00:52:18,78915.1501,0.0,78915.1501
2026-07-27 11:14:28,2794,2,2026-07-26 14:21:28,456143.1602,168.9485,457909.7515
2026-07-27 11:14:28,2794,3,2026-06-25 11:19:21,69946.7438,0.0,69946.7438
2026-07-27 11:14:28,2794,7,2026-07-27 11:12:35,447105.3471,10579.6167,448547.8723
2026-07-27 11:14:28,2800,2,2026-07-26 12:45:35,362095.819,149.568,362693.019
2026-07-27 11:14:28,2800,3,2026-06-24 21:36:33,27274.349,0.0,27274.349
2026-07-27 11:14:28,2800,7,2026-07-27 11:10:52,248362.457,6720.019,254968.287
2026-07-27 11:14:28,2803,2,2026-07-27 11:09:19,-795041.118,18167.231,-795041.118
2026-07-27 11:14:28,2803,10,2026-06-03 08:28:50,6582.141,0.0,6478.519
2026-07-27 11:14:28,2804,2,2026-07-27 11:00:19,11934.9381,4190.4693,17074.3806
2026-07-27 11:14:28,2804,3,2026-07-27 10:30:10,296838.5897,8982.0,308244.7119
2026-07-27 11:14:28,2804,7,2026-07-26 21:20:10,28685.7998,12022.1068,28685.7998
2026-07-27 11:14:28,2805,2,2026-07-26 20:42:49,-159903.2,2224.4,-159903.2
2026-07-27 11:14:28,2805,3,2026-06-03 08:04:14,356.19,0.0,814.19
2026-07-27 11:14:28,2805,7,2026-07-27 11:11:33,-186075.1612,6902.82,-195409.5252
2026-07-27 11:14:28,2805,10,2026-06-03 08:04:14,92405.9332,0.0,80102.1592
2026-07-27 11:14:28,2808,2,2026-07-25 23:03:07,-553730.0225,36.9,-553730.0225
2026-07-27 11:14:28,2808,10,2026-06-03 08:45:00,101684.8878,0.0,79419.6098
2026-07-27 11:14:28,2821,2,2026-07-27 11:10:15,22507.5104,21100.6048,39286.7926
2026-07-27 11:14:28,2821,3,2026-07-27 11:12:32,91604.5863,10726.9688,98699.1802
2026-07-27 11:14:28,2821,10,2026-06-03 07:23:51,0.0,0.0,0.0
2026-07-27 11:14:28,2822,3,2026-07-27 11:12:20,366471.8964,13408.851,382110.3037
2026-07-27 11:14:28,2824,2,2026-07-26 12:28:47,134846.0998,2213.9392,134846.0998
2026-07-27 11:14:28,2824,3,2026-07-19 08:02:40,34803.699,0.0,34803.699
2026-07-27 11:14:28,2824,7,2026-07-26 14:22:35,235959.7653,533.5568,235958.7653
2026-07-27 11:14:28,2824,10,2026-06-03 07:14:15,93172.0173,0.0,93172.0173
2026-07-27 11:14:28,2825,2,2026-07-27 09:51:38,-103493.9013,349.3948,-102257.0528
2026-07-27 11:14:28,2829,2,2026-07-25 13:10:58,138283.1869,57.1412,138283.1869
2026-07-27 11:14:28,2829,3,2026-06-24 07:57:10,11077.1089,0.0,11077.1089
2026-07-27 11:14:28,2829,7,2026-07-26 17:16:58,65137.1657,1107.4434,65137.1657
2026-07-27 11:14:28,2833,2,2026-07-26 22:25:38,287800.3211,20800.0,287800.3211
2026-07-27 11:14:28,2833,3,2026-07-19 12:40:04,153270.4325,-6951.7805,153270.4325
2026-07-27 11:14:28,2833,7,2026-07-27 09:05:11,408155.78,127481.7343,424540.685
2026-07-27 11:14:28,2833,10,2026-06-03 00:54:55,31780.001,0.0,31779.4074
2026-07-27 11:14:28,2856,3,2026-06-25 08:13:11,2733.8571,0.0,2733.8571
2026-07-27 11:14:28,2856,7,2026-07-26 08:34:19,34840.3472,298.8913,34900.573
2026-07-27 11:14:28,2857,2,2026-07-27 11:12:02,-76795.0247,2529.18,-77274.9039
2026-07-27 11:14:28,2857,3,2026-07-27 11:11:41,-159889.975,2753.01,-158405.0297
2026-07-27 11:14:28,2877,2,2026-07-27 10:26:21,438171.6055,389.177,446170.6905
2026-07-27 11:14:28,2877,3,2026-06-25 08:58:56,163265.676,0.0,163265.676
2026-07-27 11:14:28,2877,7,2026-07-27 11:12:40,171873.752,12774.526,171873.35
2026-07-27 11:14:28,2903,3,2026-07-27 11:00:20,-40819.6146,5303.9839,-29647.6023
2026-07-27 11:14:28,2905,2,2026-07-27 11:09:44,138656.5403,7807.87,274697.1801
2026-07-27 11:14:28,2911,2,2026-07-27 09:51:00,-224135.71,7081.31,-187393.77
2026-07-27 11:14:28,2916,2,2026-07-26 23:30:59,119347.8091,85.386,119121.6121
2026-07-27 11:14:28,2928,2,2026-07-26 09:49:18,1602387.3075,353.7652,1602387.3075
2026-07-27 11:14:28,2928,3,2026-07-16 11:01:39,489103.97,0.0,547799.6145
2026-07-27 11:14:28,2928,7,2026-07-27 11:11:46,4508510.447,23020.3058,4508510.447
2026-07-27 11:14:28,2928,10,2026-06-03 08:27:17,48508.4694,0.0,48888.456
2026-07-27 11:14:28,2929,3,2026-06-03 08:14:32,0.0398,0.0,0.0398
2026-07-27 11:14:28,2929,7,2026-07-27 11:10:52,83355.2221,11316.3847,85413.4966
2026-07-27 11:14:28,2931,2,2026-07-27 11:11:10,-455494.6959,49721.7655,-450541.2373
2026-07-27 11:14:28,2940,2,2026-07-27 11:07:05,-7080.7978,4938.67,-9301.1366
2026-07-27 11:14:28,2940,3,2026-07-27 11:03:55,-12678.8379,7556.11,-15913.1319
2026-07-27 11:14:28,2943,3,2026-07-10 06:51:31,-19289.3804,0.0,-19289.3804
2026-07-27 11:14:28,2943,7,2026-07-27 11:10:01,-662166.7019,5241.3522,-662166.7019
2026-07-27 11:14:28,2946,3,2026-06-03 06:26:53,0.0,0.0,0.0
2026-07-27 11:14:28,2946,7,2026-07-27 10:36:36,260732.3538,45168.1725,262392.8338
2026-07-27 11:14:28,2950,2,2026-07-27 04:01:04,327837.1335,847.1016,327836.3935
2026-07-27 11:14:28,2950,3,2026-06-25 16:24:47,20615.5343,0.0,20615.5343
2026-07-27 11:14:28,2950,7,2026-07-26 10:40:52,200332.6409,257.6548,200332.3759
2026-07-27 11:14:28,2954,2,2026-07-26 07:47:09,-337501.816,8365.733,-337482.168
2026-07-27 11:14:28,2954,3,2026-06-25 16:56:59,-1301.282,0.0,-1301.282
2026-07-27 11:14:28,2954,7,2026-07-26 17:31:15,-281348.833,12227.76,-279468.057
2026-07-27 11:14:28,2956,2,2026-07-27 08:32:12,-30641.4725,7040.0238,-30641.4725
2026-07-27 11:14:28,2956,10,2026-06-01 07:28:35,-17741.6375,0.0,24967.0104
2026-07-27 11:14:28,2957,2,2026-07-25 17:46:11,180425.8758,4819.58,180425.4044
2026-07-27 11:14:28,2957,3,2026-07-25 21:20:12,151595.0063,13746.45,162012.539
2026-07-27 11:14:28,2958,2,2026-07-27 00:05:27,127360.3382,1956.699,127360.3382
2026-07-27 11:14:28,2958,3,2026-06-03 07:14:11,310861.2153,0.0,310956.3434
2026-07-27 11:14:28,2958,7,2026-07-26 19:34:07,331888.9833,16908.0709,348718.1595
2026-07-27 11:14:28,2958,10,2026-06-03 07:14:11,60435.569,0.0,60704.569
2026-07-27 11:14:28,2960,3,2026-07-27 09:54:49,2472.9575,227.6281,2743.4121
2026-07-27 11:14:28,2974,2,2026-07-27 11:12:29,-680114.4948,13462.89,-681620.6915
2026-07-27 11:14:28,2974,3,2026-07-27 11:11:49,-247015.8336,3075.64,-242344.2597
2026-07-27 11:14:28,2974,7,2026-07-17 12:48:06,-260699.3893,0.0,-260699.3893
2026-07-27 11:14:28,2979,2,2026-07-27 11:07:09,-1739640.8145,3092.89,-1738393.8619
2026-07-27 11:14:28,2979,3,2026-07-27 10:50:07,-760259.3253,6777.66,-640805.3707
2026-07-27 11:14:28,2980,2,2026-07-27 11:09:18,-96999.1712,5402.22,-108088.6799
2026-07-27 11:14:28,2980,3,2026-07-27 11:11:52,-102505.1154,3618.92,-108409.1228
2026-07-27 11:14:28,2981,2,2026-07-27 11:10:53,-1209998.3034,7691.62,-1188320.1314
2026-07-27 11:14:28,2982,2,2026-07-27 11:12:09,-234426.0485,792.6273,-232402.6739
2026-07-27 11:14:28,2982,3,2026-07-27 11:10:45,-258031.2304,4961.851,-262048.5553
2026-07-27 11:14:28,2982,7,2026-06-03 08:35:10,0.0,0.0,0.0
2026-07-27 11:14:28,2989,3,2026-07-09 18:20:00,-22293.61,-25730.48,-22293.61
2026-07-27 11:14:28,2989,7,2026-07-27 09:35:17,525129.6545,263652.58,525149.4115
2026-07-27 11:14:28,2998,3,2026-07-27 11:10:59,-1127821.9554,199.7245,-1123758.7888
2026-07-27 11:14:28,2998,7,2026-06-03 08:46:38,0.0,0.0,0.0
2026-07-27 11:14:28,3005,3,2026-06-25 09:44:56,17302.543,0.0,17302.543
2026-07-27 11:14:28,3005,7,2026-07-27 11:12:05,224745.152,6635.557,233203.391
2026-07-27 11:14:28,3011,2,2026-07-23 14:55:52,494498.6113,2968.406,914498.6113
2026-07-27 11:14:28,3011,10,2026-06-03 08:45:02,268421.73,0.0,342391.838
2026-07-27 11:14:28,3013,2,2026-07-27 07:50:28,-2142854.141,445.99,-2142854.141
2026-07-27 11:14:28,3013,10,2026-06-03 06:06:23,18399.806,0.0,-4002.27
2026-07-27 11:14:28,3021,2,2026-07-27 11:05:46,-837190.1096,9825.73,-808667.3209
2026-07-27 11:14:28,3021,3,2026-06-19 12:30:06,-531276.7539,-21001.8,-455174.6524
2026-07-27 11:14:28,3021,7,2026-07-27 11:11:49,32235.72,57574.97,32235.72
2026-07-27 11:14:28,3032,2,2026-07-27 11:12:08,381391.897,44576.281,384484.527
2026-07-27 11:14:28,3040,2,2026-07-27 10:31:41,-1278476.8081,905.6531,-1278476.8081
2026-07-27 11:14:28,3040,10,2026-06-03 00:19:48,24844.0888,0.0,24844.0888
2026-07-27 11:14:28,3044,3,2025-07-04 06:41:44,52895.8553,0.0,52895.8553
2026-07-27 11:14:28,3044,7,2026-07-27 11:12:08,-15498.7042,5011.224,-5980.0561
2026-07-27 11:14:28,3050,3,2026-07-06 12:22:18,8883.4634,0.0,8883.4634
2026-07-27 11:14:28,3050,7,2026-07-26 15:33:59,183956.5881,114.309,189440.247
2026-07-27 11:14:28,3055,2,2026-07-26 23:59:10,430002.042,4.063,430076.998
2026-07-27 11:14:28,3055,3,2026-06-25 06:46:32,174080.895,0.0,174080.895
2026-07-27 11:14:28,3055,7,2026-07-26 10:59:39,262330.141,180.136,263282.469
2026-07-27 11:14:28,3063,2,2026-07-27 11:12:15,-53815.252,4072.01,-53714.348
2026-07-27 11:14:28,3063,10,2026-06-03 08:39:31,0.0,0.0,0.0
2026-07-27 11:14:28,3065,7,2026-07-27 11:10:25,100520.2413,5451.2371,100088.6792
2026-07-27 11:14:28,3066,2,2026-07-26 02:18:30,-851155.259,2999.995,-849690.451
2026-07-27 11:14:28,3066,3,2026-06-24 18:13:58,11149.276,0.0,11149.276
2026-07-27 11:14:28,3066,7,2026-07-27 11:12:35,-794737.756,11650.318,-794662.807
2026-07-27 11:14:28,3073,3,2026-06-03 01:26:54,0.0,0.0,0.0
2026-07-27 11:14:28,3073,7,2026-07-27 11:07:48,56306.8599,7381.9938,62591.2089
2026-07-27 11:14:28,3074,3,2026-06-03 06:59:32,1181.469,0.0,1181.469
2026-07-27 11:14:28,3074,7,2026-07-27 11:05:36,-51443.904,8417.617,-51443.904
2026-07-27 11:14:28,3077,3,2026-07-25 09:49:46,33481.3319,12000.0,33481.3319
2026-07-27 11:14:28,3077,7,2026-07-27 11:11:48,111983.3501,-291.4228,106679.6263
2026-07-27 11:14:28,3079,2,2026-07-25 14:36:25,-7751.807,3402.528,-7751.807
2026-07-27 11:14:28,3079,10,2026-06-03 07:50:16,13182.864,0.0,31577.96
2026-07-27 11:14:28,3081,2,2026-07-26 10:28:46,264211.624,0.002,266105.895
2026-07-27 11:14:28,3081,3,2026-06-24 18:36:07,32555.297,0.0,32555.297
2026-07-27 11:14:28,3081,7,2026-07-26 08:00:54,200038.996,808.085,200039.264
2026-07-27 11:14:28,3083,3,2026-07-21 18:09:33,-123307.1355,91.954,-123307.1355
2026-07-27 11:14:28,3083,7,2026-07-26 11:21:16,-363380.4032,1596.2307,-354250.6685
2026-07-27 11:14:28,3086,3,2026-06-03 08:38:54,-155081.9824,0.0,-155081.9824
2026-07-27 11:14:28,3086,7,2026-07-27 11:12:21,6323744.2251,109457.2434,6406748.0716
2026-07-27 11:14:28,3090,3,2026-06-26 07:27:02,-126555.408,0.0,-126555.408
2026-07-27 11:14:28,3090,7,2026-07-25 21:06:54,-917013.801,44.507,-907618.71
2026-07-27 11:14:28,3095,3,2026-06-25 10:53:14,6216.626,0.0,6216.626
2026-07-27 11:14:28,3095,7,2026-07-27 11:11:59,517663.7416,15443.438,519676.3246
2026-07-27 11:14:28,3098,2,2026-07-25 17:31:00,-118768.249,12000.0,-117320.315
2026-07-27 11:14:28,3098,3,2026-06-25 08:05:21,-24585.612,0.0,-24585.612
2026-07-27 11:14:28,3098,7,2026-07-26 14:28:15,-146646.291,134.366,-145417.326
2026-07-27 11:14:28,3099,3,2026-06-03 07:58:34,-228.814,0.0,-228.814
2026-07-27 11:14:28,3099,7,2026-07-27 11:11:56,-192092.129,12752.731,-177554.7
2026-07-27 11:14:28,3102,3,2026-06-25 07:59:59,45238.914,0.0,45238.914
2026-07-27 11:14:28,3102,7,2026-07-27 11:12:01,21531.476,8234.334,14580.937
2026-07-27 11:14:28,3111,3,2026-07-02 15:59:16,-538581.846,0.0,-531173.1844
2026-07-27 11:14:28,3111,7,2026-07-27 11:12:15,-137357.2,13562.0,-137357.2
2026-07-27 11:14:28,3112,2,2026-07-27 11:11:50,-84042.595,149.04,-84042.595
2026-07-27 11:14:28,3112,3,2026-07-27 11:08:44,-126811.981,548.193,-126811.981
2026-07-27 11:14:28,3115,2,2026-07-25 15:15:40,-39534.133,346.224,-36723.09
2026-07-27 11:14:28,3115,3,2026-06-25 14:54:56,-41856.347,0.0,-41856.347
2026-07-27 11:14:28,3115,7,2026-07-26 16:50:29,-133886.856,12559.728,-124937.564
2026-07-27 11:14:28,3119,2,2026-07-25 19:40:51,3454.3243,1098.2898,3431.7127
2026-07-27 11:14:28,3119,3,2026-07-26 20:46:22,-38099.2541,229.0665,-37625.5044
2026-07-27 11:14:28,3124,2,2026-07-27 10:09:29,-793151.4743,76.373,-802763.7263
2026-07-27 11:14:28,3124,3,2026-06-25 01:15:40,-1191.773,0.0,-1191.773
2026-07-27 11:14:28,3124,7,2026-07-27 11:12:25,-862925.011,4099.086,-873412.606
2026-07-27 11:14:28,3133,2,2026-07-25 19:05:00,-976037.5672,281.0407,-975363.104
2026-07-27 11:14:28,3133,3,2026-06-25 11:36:24,-58078.6921,0.0,-58078.6921
2026-07-27 11:14:28,3133,7,2026-07-26 10:21:44,-939261.2276,3584.081,-933606.4924
2026-07-27 11:14:28,3134,3,2026-06-24 21:20:59,21035.599,0.0,21035.599
2026-07-27 11:14:28,3134,7,2026-07-27 11:12:21,262490.4049,9004.541,259580.1819
2026-07-27 11:14:28,3135,2,2026-07-27 10:13:34,844588.9404,328.338,863143.2654
2026-07-27 11:14:28,3135,3,2026-06-24 14:35:11,35328.842,0.0,35328.842
2026-07-27 11:14:28,3135,7,2026-07-27 11:11:31,163476.975,17843.33,165517.07
2026-07-27 11:14:28,3140,3,2026-07-06 16:17:53,23100.5802,-66.1006,23100.5802
2026-07-27 11:14:28,3140,7,2026-07-27 11:12:31,317006.7959,8860.5806,319690.1941
2026-07-27 11:14:28,3149,2,2026-07-27 11:11:34,159026.712,21588.6483,160937.831
2026-07-27 11:14:28,3149,3,2026-06-03 06:29:31,28900.0,0.0,28900.0
2026-07-27 11:14:28,3149,7,2026-07-27 11:11:14,406214.8161,11006.6713,408442.6651
2026-07-27 11:14:28,3151,2,2026-07-26 14:53:55,156097.8831,469.431,156097.8831
2026-07-27 11:14:28,3158,2,2026-07-27 10:53:28,-18267.7867,1950.1146,-17005.5767
2026-07-27 11:14:28,3158,3,2026-06-25 21:46:05,32500.0,0.0,32500.0
2026-07-27 11:14:28,3158,7,2026-07-26 11:20:43,74795.7971,147.1894,74795.7971
2026-07-27 11:14:28,3164,3,2026-07-27 11:12:38,-183909.3212,2454.8991,-177354.3097
2026-07-27 11:14:28,3170,2,2026-07-25 18:21:24,-572169.5161,35.1142,-570791.9014
2026-07-27 11:14:28,3171,3,2026-06-25 08:50:35,10953.153,0.0,10953.153
2026-07-27 11:14:28,3171,7,2026-07-27 11:10:11,-9195.524,1985.73,-7870.502
2026-07-27 11:14:28,3185,2,2026-07-27 10:52:35,-78569.1666,10900.07,-73027.2126
2026-07-27 11:14:28,3186,7,2026-07-27 11:12:10,-165976.153,636.34,-161493.89
2026-07-27 11:14:28,3191,2,2026-07-26 16:58:39,-69433.2305,770.3436,-69433.2305
2026-07-27 11:14:28,3191,10,2026-06-03 06:12:56,-1961.1055,0.0,-1961.1055
2026-07-27 11:14:28,3192,7,2026-07-27 11:11:42,119380.121,11521.2628,130451.649
2026-07-27 11:14:28,3207,3,2026-06-03 07:05:01,19799.7891,0.0,19799.7891
2026-07-27 11:14:28,3207,7,2026-07-27 10:54:25,-1618358.5236,16621.2102,-1618358.3129
2026-07-27 11:14:28,3211,7,2026-07-27 11:11:51,-287071.7711,8465.4759,-285654.3391
2026-07-27 11:14:28,3212,3,2026-06-26 12:33:06,-66857.0031,0.0,-66857.0031
2026-07-27 11:14:28,3212,7,2026-07-27 11:11:11,-1236332.1447,663.9905,-1236616.1447
2026-07-27 11:14:28,3216,2,2026-07-25 13:58:26,36383.1099,1774.0265,36378.2979
2026-07-27 11:14:28,3216,3,2026-06-03 06:27:54,0.0,0.0,0.0
2026-07-27 11:14:28,3216,7,2026-07-27 10:51:30,-7293.2233,1104.3023,-7302.6313
2026-07-27 11:14:28,3220,3,2026-07-25 21:54:54,-259594.7968,-3.2039,-259594.7968
2026-07-27 11:14:28,3220,7,2026-07-27 11:11:34,-660760.53,10745.219,-660760.53
2026-07-27 11:14:28,3221,2,2026-07-27 11:12:44,-437214.818,1608.558,-437214.818
2026-07-27 11:14:28,3221,3,2026-07-18 13:56:38,-9248.826,0.0,-9248.826
2026-07-27 11:14:28,3221,7,2026-07-27 10:53:14,-204701.958,31472.881,-204701.958
2026-07-27 11:14:28,3221,10,2026-06-03 08:15:47,15336.974,0.0,15340.734
2026-07-27 11:14:28,3227,2,2026-07-24 15:58:39,-405025.7944,16874.991,-405025.7944
2026-07-27 11:14:28,3227,10,2026-06-03 08:54:27,-40451.576,0.0,-33421.184
2026-07-27 11:14:28,3237,3,2026-06-25 07:48:55,-18416.1861,0.0,-18416.1861
2026-07-27 11:14:28,3237,7,2026-07-25 21:55:47,-134517.2504,50.2967,-133015.8994
2026-07-27 11:14:28,3241,2,2026-07-27 06:52:21,-673625.1186,1011.1413,-673625.1186
2026-07-27 11:14:28,3241,10,2026-06-03 08:54:21,26634.9232,0.0,26634.9232
2026-07-27 11:14:28,3242,3,2026-06-03 08:29:11,0.057,0.0,0.057
2026-07-27 11:14:28,3242,7,2026-07-27 11:11:24,-1118088.878,11483.371,-1118088.878
2026-07-27 11:14:28,3246,3,2026-06-30 23:05:52,-289645.6912,0.0,-289645.6912
2026-07-27 11:14:28,3246,7,2026-07-27 11:11:01,-2063074.9715,2716.4947,-2063074.9715
2026-07-27 11:14:28,3252,2,2026-07-25 20:38:23,-918470.5624,604.9685,-918470.5624
2026-07-27 11:14:28,3252,10,2026-06-03 06:40:45,4742.4018,0.0,4742.4018
2026-07-27 11:14:28,3258,2,2026-07-27 11:12:17,47198.635,16008.87,47198.635
2026-07-27 11:14:28,3259,2,2026-07-26 09:20:25,1429.6898,10977.6325,1429.6898
2026-07-27 11:14:28,3259,3,2026-07-27 11:10:42,-12359.2881,5579.773,-12359.2881
2026-07-27 11:14:28,3262,2,2026-07-25 20:45:00,-19135.57,4456.15,-19135.57
2026-07-27 11:14:28,3262,3,2026-07-26 13:55:05,-9343.06,1344.92,-9343.06
2026-07-27 11:14:28,3267,2,2026-07-26 06:56:36,-23127.772,3971.7058,-23127.772
2026-07-27 11:14:28,3267,3,2026-06-25 11:55:01,-2415.5908,0.0,-2415.5908
2026-07-27 11:14:28,3267,7,2026-07-26 09:27:24,4132.7842,5918.4469,4132.7842
2026-07-27 11:14:28,3277,2,2026-07-25 17:55:00,-5271.7535,409.0909,-5271.7535
2026-07-27 11:14:28,3277,3,2026-07-26 12:27:30,10503.9831,117.8952,10503.9831
2026-07-27 11:14:28,4016,3,2026-07-16 08:55:39,-21706.1908,0.0,-21706.1908
2026-07-27 11:14:28,4016,7,2026-07-27 11:12:01,-294438.1131,374.4599,-281245.2883
2026-07-27 11:14:28,4023,2,2026-07-22 14:33:59,-9336.7392,587.6517,-9090.7392
2026-07-27 11:14:28,4023,3,2026-06-03 08:43:09,0.0,0.0,0.0
2026-07-27 11:14:28,4023,7,2026-07-27 09:00:09,73262.0211,188.355,73262.0211
2026-07-27 11:14:28,4029,2,2026-07-27 11:12:52,150759.0336,5535.5004,150758.3002
2026-07-27 11:14:28,4029,3,2026-06-24 22:29:17,12359.7094,0.0,12359.7094
2026-07-27 11:14:28,4029,7,2026-07-27 11:11:25,181484.431,6187.8736,181690.0554
2026-07-27 13:09:57,1846,3,2026-06-03 08:24:16,-162433.969,0.0,-162433.969
2026-07-27 13:09:57,1846,7,2026-07-27 13:07:44,-1051462.368,30650.65,-1056974.078
2026-07-27 13:09:57,1926,3,2026-06-03 06:42:55,5096.2534,0.0,5096.2534
2026-07-27 13:09:57,1926,7,2026-07-27 13:03:34,-954308.6642,8935.1251,-954308.6642
2026-07-27 13:09:57,1945,2,2026-07-24 18:33:44,72641.902,90.474,72641.902
2026-07-27 13:09:57,1945,3,2026-06-03 07:12:27,79139.515,0.0,79139.515
2026-07-27 13:09:57,1945,7,2026-07-27 13:07:50,-257708.765,1165.69,-230719.457
2026-07-27 13:09:57,1945,10,2026-06-03 07:12:27,132265.715,0.0,146700.179
2026-07-27 13:09:57,1964,2,2026-07-27 00:20:37,3283009.0186,62332.25,3283009.0186
2026-07-27 13:09:57,1964,3,2026-06-03 08:55:14,62015.86,0.0,62015.86
2026-07-27 13:09:57,1964,7,2026-07-27 13:07:00,3386051.9894,82487.85,3386051.9894
2026-07-27 13:09:57,1964,10,2026-06-03 08:55:14,203413.3281,0.0,203413.3281
2026-07-27 13:09:57,2204,3,2026-06-03 07:41:42,-39377.836,0.0,-39377.836
2026-07-27 13:09:57,2204,7,2026-07-27 13:05:29,-385519.833,15613.644,-373641.313
2026-07-27 13:09:57,2205,3,2026-06-02 08:49:38,-25663.014,0.0,-25663.014
2026-07-27 13:09:57,2205,7,2026-07-27 13:06:29,-1079811.387,292.568,-1070573.726
2026-07-27 13:09:57,2207,3,2026-06-03 08:24:50,-11659.982,0.0,-11659.982
2026-07-27 13:09:57,2207,7,2026-07-27 13:07:23,791558.341,28617.107,802088.829
2026-07-27 13:09:57,2208,2,2026-07-27 10:52:19,-655253.6865,5599.066,-655253.6865
2026-07-27 13:09:57,2208,3,2026-06-03 08:31:26,-101220.441,0.0,-101220.441
2026-07-27 13:09:57,2208,4,2026-06-03 08:31:26,0.0,0.0,0.0
2026-07-27 13:09:57,2208,7,2026-07-27 13:06:53,-514220.9711,15054.124,-497018.0381
2026-07-27 13:09:57,2208,8,2026-07-20 15:35:36,2614.851,60.943,2614.851
2026-07-27 13:09:57,2208,10,2026-06-03 08:31:26,563963.1731,0.0,531698.2631
2026-07-27 13:09:57,2224,3,2026-06-03 08:23:23,-6305.346,0.0,-6305.346
2026-07-27 13:09:57,2224,7,2026-07-27 13:07:10,-288556.7019,25670.712,-272334.2569
2026-07-27 13:09:57,2225,3,2026-06-03 08:04:19,-86000.579,0.0,-86000.579
2026-07-27 13:09:57,2225,7,2026-07-27 13:05:19,-961394.399,21630.453,-941084.738
2026-07-27 13:09:57,2228,3,2026-06-25 08:35:15,14456.06,0.0,14456.06
2026-07-27 13:09:57,2228,7,2026-07-26 13:15:59,480946.325,11060.497,482459.846
2026-07-27 13:09:57,2230,3,2026-06-03 07:00:12,2292.791,0.0,2292.791
2026-07-27 13:09:57,2230,7,2026-07-27 13:04:42,527.661,12747.052,138.618
2026-07-27 13:09:57,2249,2,2026-07-27 12:12:11,-1157753.098,10190.8046,-1162145.9359
2026-07-27 13:09:57,2249,3,2026-07-27 13:04:15,-220055.1691,5802.1239,-218223.8498
2026-07-27 13:09:57,2249,7,2026-06-03 05:29:21,0.0,0.0,0.0
2026-07-27 13:09:57,2251,2,2026-07-27 13:08:12,710835.3402,1571.7324,715437.2222
2026-07-27 13:09:57,2264,2,2026-07-24 01:57:17,-408650.459,5562.465,-408650.459
2026-07-27 13:09:57,2264,10,2026-06-03 08:40:23,-44048.248,0.0,-42652.35
2026-07-27 13:09:57,2268,7,2026-07-27 13:06:39,-65905.883,5962.391,-65905.883
2026-07-27 13:09:57,2291,2,2026-07-27 09:49:29,-127510.9303,4795.4401,-127511.121
2026-07-27 13:09:57,2292,3,2026-06-23 13:56:40,-98158.828,0.0,-85556.815
2026-07-27 13:09:57,2292,7,2026-07-27 13:07:15,-1087399.976,12735.95,-1107674.686
2026-07-27 13:09:57,2295,3,2026-06-25 08:35:12,5827.7321,0.0,5827.7321
2026-07-27 13:09:57,2295,7,2026-07-27 13:07:25,-124091.5636,9375.377,-114244.7089
2026-07-27 13:09:57,2297,3,2026-07-04 22:47:32,35187.9024,-75.3305,35187.9024
2026-07-27 13:09:57,2297,7,2026-07-26 13:27:20,157648.6618,1277.0583,147220.4408
2026-07-27 13:09:57,2304,2,2026-07-25 11:15:34,-387069.0805,1143.9565,-387069.0805
2026-07-27 13:09:57,2304,10,2026-06-03 08:24:38,163627.1421,0.0,175848.871
2026-07-27 13:09:57,2305,2,2026-07-22 13:27:34,122799.832,520.0065,119459.0476
2026-07-27 13:09:57,2306,2,2026-07-25 15:01:14,99477.9829,6916.9091,106673.792
2026-07-27 13:09:57,2307,2,2026-07-25 12:49:50,742572.3187,10844.9864,777043.1357
2026-07-27 13:09:57,2308,2,2026-07-27 10:22:44,2716044.9451,45884.4158,2726709.4166
2026-07-27 13:09:57,2317,2,2026-07-24 21:45:27,-1012.475,582.8483,2930.5625
2026-07-27 13:09:57,2317,3,2026-06-03 08:18:19,21540.6262,0.0,21540.6262
2026-07-27 13:09:57,2317,7,2026-07-27 12:59:00,348142.1393,6384.6299,350059.7049
2026-07-27 13:09:57,2330,2,2026-07-25 20:29:53,-1140410.0165,58069.89,-1140410.0165
2026-07-27 13:09:57,2330,10,2026-06-03 07:45:12,-52379.6297,0.0,-48319.6747
2026-07-27 13:09:57,2338,2,2026-07-27 13:07:24,21293.204,7983.346,34179.614
2026-07-27 13:09:57,2338,3,2026-07-25 15:49:26,63810.611,1330.182,53837.023
2026-07-27 13:09:57,2339,2,2026-07-27 13:07:28,491306.2624,6910.4222,494794.5569
2026-07-27 13:09:57,2339,3,2026-07-27 09:57:57,231884.8606,-194.435,232646.8606
2026-07-27 13:09:57,2339,7,2026-07-27 13:07:28,141644.9767,5871.7348,147736.5015
2026-07-27 13:09:57,2341,7,2026-07-27 13:04:24,63284.6657,13713.8887,55076.6343
2026-07-27 13:09:57,2346,2,2026-07-27 12:59:14,-311722.939,7672.56,-306884.145
2026-07-27 13:09:57,2346,3,2026-07-27 13:06:24,58495.359,16466.885,77262.909
2026-07-27 13:09:57,2350,2,2026-07-27 13:03:02,809422.785,26762.8575,813486.5332
2026-07-27 13:09:57,2353,2,2026-07-27 13:06:24,277373.9784,24003.7354,303217.5595
2026-07-27 13:09:57,2353,3,2026-07-26 11:28:09,-30120.0728,723.3648,-28121.0728
2026-07-27 13:09:57,2353,7,2026-07-24 20:34:06,106395.6679,1448.4514,108503.7687
2026-07-27 13:09:57,2355,2,2026-07-27 13:04:13,-70949.1658,4361.4808,-70949.1658
2026-07-27 13:09:57,2355,3,2026-07-26 21:42:35,-22192.5451,107.0274,-22192.5451
2026-07-27 13:09:57,2355,7,2026-07-25 09:39:11,-39006.196,707.4812,-39006.196
2026-07-27 13:09:57,2359,3,2026-07-24 20:50:14,-191266.842,48000.0,-188793.646
2026-07-27 13:09:57,2359,7,2026-07-27 13:07:23,-2864688.494,18.381,-2861876.534
2026-07-27 13:09:57,2364,2,2026-07-27 13:04:54,-347186.6513,52098.6384,-346703.4445
2026-07-27 13:09:57,2384,2,2026-07-25 08:43:11,-26288.0,967.618,-26288.0
2026-07-27 13:09:57,2384,3,2026-06-23 07:29:35,-39429.606,0.0,-35855.326
2026-07-27 13:09:57,2384,7,2026-07-27 13:06:56,-213734.2781,2257.878,-210812.1721
2026-07-27 13:09:57,2384,10,2026-06-03 07:14:42,50116.43,0.0,51545.068
2026-07-27 13:09:57,2386,3,2026-07-24 20:40:22,-1851573.9051,24269.1688,-1866529.6358
2026-07-27 13:09:57,2386,7,2026-07-27 13:07:08,-246667.9096,20639.8077,-246667.9096
2026-07-27 13:09:57,2388,3,2026-07-19 07:38:50,-116806.2324,0.0,-116806.2324
2026-07-27 13:09:57,2388,7,2026-07-27 13:07:48,-289171.9039,7832.7579,-293414.1818
2026-07-27 13:09:57,2390,3,2026-07-24 17:07:47,429349.6438,12323.2963,434625.1347
2026-07-27 13:09:57,2390,7,2026-07-27 13:06:32,560626.9444,15127.804,560626.9444
2026-07-27 13:09:57,2391,2,2026-07-27 12:54:29,-136827.638,10363.563,-136827.638
2026-07-27 13:09:57,2391,3,2026-06-09 13:00:35,35339.607,0.0,35339.607
2026-07-27 13:09:57,2391,7,2026-07-27 13:05:43,217242.012,11076.781,230584.469
2026-07-27 13:09:57,2391,10,2026-06-03 06:22:11,87267.874,0.0,109862.874
2026-07-27 13:09:57,2394,2,2026-07-24 19:02:39,600402.4879,66850.3647,600402.4879
2026-07-27 13:09:57,2394,3,2026-07-27 13:05:04,17516.5867,1403.6829,17516.5867
2026-07-27 13:09:57,2394,7,2026-07-22 14:09:39,-52072.8814,96.7149,-40749.9857
2026-07-27 13:09:57,2394,10,2026-06-03 07:15:34,9039.8697,0.0,9093.2246
2026-07-27 13:09:57,2408,2,2026-07-27 12:42:01,443633.655,449.61,458462.834
2026-07-27 13:09:57,2408,3,2026-06-25 08:20:05,2582.278,0.0,2582.278
2026-07-27 13:09:57,2408,7,2026-07-27 13:05:41,175380.502,7373.67,189493.681
2026-07-27 13:09:57,2416,2,2026-07-25 18:36:28,167185.441,0.003,173184.747
2026-07-27 13:09:57,2417,3,2026-06-24 21:44:46,7651.257,0.0,7651.257
2026-07-27 13:09:57,2417,7,2026-07-26 06:11:17,306913.314,5187.178,317494.528
2026-07-27 13:09:57,2456,2,2026-07-25 21:18:11,303206.5286,878.3784,319584.0663
2026-07-27 13:09:57,2456,3,2026-07-27 11:10:15,46171.5497,19.7433,47359.7526
2026-07-27 13:09:57,2457,3,2026-06-29 17:15:03,39649.4768,0.0,39649.4768
2026-07-27 13:09:57,2457,7,2026-07-27 13:07:37,18709.4868,21248.858,22165.4811
2026-07-27 13:09:57,2459,2,2026-07-26 13:54:08,-1643880.8333,1471.5713,-1643880.8333
2026-07-27 13:09:57,2459,3,2026-06-03 08:23:30,-99659.0222,0.0,-99659.0222
2026-07-27 13:09:57,2459,7,2026-07-27 13:07:51,-1519153.1761,9226.7799,-1517831.156
2026-07-27 13:09:57,2459,10,2026-06-03 08:23:30,-10729.441,0.0,-6854.1392
2026-07-27 13:09:57,2465,2,2026-07-27 13:03:50,-57434.507,10564.9471,-57434.507
2026-07-27 13:09:57,2471,3,2026-06-03 07:10:50,-40667.004,0.0,-40667.004
2026-07-27 13:09:57,2471,7,2026-07-27 13:07:37,-207588.27,5202.598,-191892.151
2026-07-27 13:09:57,2476,3,2026-06-03 06:00:57,283.8138,0.0,283.8138
2026-07-27 13:09:57,2476,7,2026-07-27 13:06:49,-105936.055,11591.8131,-95103.6751
2026-07-27 13:09:57,2482,2,2026-07-27 11:31:15,-40670.8325,6069.3102,-39949.8538
2026-07-27 13:09:57,2482,3,2026-07-27 12:59:41,2178114.5715,8529.8346,2178035.5979
2026-07-27 13:09:57,2482,7,2025-03-13 16:03:26,-188.0,0.0,-188.0
2026-07-27 13:09:57,2486,3,2026-06-25 08:30:15,-35938.9957,0.0,-35938.9957
2026-07-27 13:09:57,2486,7,2026-07-27 13:07:03,-223386.3271,10636.8223,-215670.9581
2026-07-27 13:09:57,2487,3,2026-06-08 10:58:33,-31579.9725,0.0,-18590.3645
2026-07-27 13:09:57,2487,7,2026-07-26 18:49:58,-21398.6182,376.8039,-21398.6182
2026-07-27 13:09:57,2489,3,2026-06-25 07:34:49,47771.3544,0.0,47771.3544
2026-07-27 13:09:57,2489,7,2026-07-27 13:07:12,218325.3791,9014.0478,204148.4351
2026-07-27 13:09:57,2494,2,2026-07-27 07:13:09,62584.5029,2.1892,66795.3522
2026-07-27 13:09:57,2499,3,2026-07-01 02:45:43,-142208.257,-16.51,-142208.257
2026-07-27 13:09:57,2499,7,2026-07-27 13:06:34,-1008164.762,3139.6683,-961365.0503
2026-07-27 13:09:57,2500,2,2026-07-27 13:03:19,181130.6396,30844.4401,183509.1969
2026-07-27 13:09:57,2500,3,2026-07-27 13:07:10,19711.4621,14455.5713,28944.4568
2026-07-27 13:09:57,2500,7,2026-06-03 08:14:04,0.0,0.0,0.0
2026-07-27 13:09:57,2502,3,2026-07-25 14:06:29,3305104.4509,392.0662,3295426.0414
2026-07-27 13:09:57,2505,3,2026-06-18 16:41:17,28705.308,0.0,28705.308
2026-07-27 13:09:57,2505,7,2026-07-27 12:58:30,-171210.515,12370.45,-175302.929
2026-07-27 13:09:57,2514,3,2026-07-27 13:06:39,166574.2969,5369.3502,170836.4004
2026-07-27 13:09:57,2515,2,2026-07-27 13:03:22,5683.2916,19669.7869,269.9739
2026-07-27 13:09:57,2515,3,2026-07-27 13:07:46,1172702.958,4875.3619,1157682.3987
2026-07-27 13:09:57,2517,3,2026-07-07 01:35:34,15839.2165,0.0,15839.2165
2026-07-27 13:09:57,2517,7,2026-07-26 09:01:26,-260115.0816,314.7964,-260115.0816
2026-07-27 13:09:57,2519,3,2026-06-09 23:04:12,71888.333,0.0,71888.333
2026-07-27 13:09:57,2519,7,2026-07-27 13:06:37,46098.062,21345.327,45932.104
2026-07-27 13:09:57,2523,3,2026-06-25 08:57:58,-126426.8077,0.0,-126426.8077
2026-07-27 13:09:57,2523,7,2026-07-27 13:06:54,-1089458.556,5859.3789,-1098073.1815
2026-07-27 13:09:57,2525,2,2026-07-26 15:59:57,-59867.7311,251.8877,-59867.7311
2026-07-27 13:09:57,2525,3,2026-06-23 11:45:38,14081.7863,0.0,14081.7863
2026-07-27 13:09:57,2525,7,2026-07-27 12:48:36,-99789.4331,8867.912,-98062.9949
2026-07-27 13:09:57,2525,10,2026-06-03 07:00:04,132370.6714,0.0,121130.4253
2026-07-27 13:09:57,2528,2,2026-07-27 13:07:36,90760.9059,13212.9997,91764.204
2026-07-27 13:09:57,2528,3,2026-07-27 13:05:52,150031.8228,3751.6655,157909.8778
2026-07-27 13:09:57,2528,7,2026-06-03 06:20:28,0.0,0.0,0.0
2026-07-27 13:09:57,2531,2,2026-07-26 08:14:59,573790.1012,1180.1127,599326.2088
2026-07-27 13:09:57,2531,3,2026-07-27 13:03:13,974841.3285,41223.1168,979450.0182
2026-07-27 13:09:57,2535,3,2026-07-27 00:35:33,-257751.93,1059.1845,-256913.8284
2026-07-27 13:09:57,2535,7,2026-07-25 13:58:53,-422414.6207,-311.0558,-424383.8989
2026-07-27 13:09:57,2537,2,2026-07-27 13:05:09,500.465,8549.1935,1903.2463
2026-07-27 13:09:57,2537,3,2026-07-25 15:32:39,49487.9893,681.6203,51036.9476
2026-07-27 13:09:57,2543,2,2026-07-27 10:50:45,367918.727,10125.532,373834.202
2026-07-27 13:09:57,2543,3,2026-06-25 06:59:27,253598.678,0.0,253598.678
2026-07-27 13:09:57,2543,7,2026-07-27 13:06:04,544779.6808,1749.046,569417.1648
2026-07-27 13:09:57,2551,2,2026-07-27 13:05:15,-258810.2232,18372.5909,-226020.4438
2026-07-27 13:09:57,2551,3,2026-07-27 13:05:15,-2430196.3842,22426.1265,-2318062.7541
2026-07-27 13:09:57,2552,2,2026-07-24 23:00:55,-58008.1586,60.2132,-58008.1586
2026-07-27 13:09:57,2552,3,2026-06-29 10:58:04,-40068.729,0.0,-46055.7694
2026-07-27 13:09:57,2552,7,2026-07-27 13:07:27,67166.1094,19229.7549,68127.8598
2026-07-27 13:09:57,2552,10,2026-06-03 07:13:13,8613.7686,0.0,550.2333
2026-07-27 13:09:57,2555,2,2026-07-25 10:51:50,-71440.0583,258.8208,-64817.4269
2026-07-27 13:09:57,2555,3,2026-06-24 19:57:23,-19366.0531,0.0,-19366.0531
2026-07-27 13:09:57,2555,7,2026-07-25 23:01:25,-220301.3729,419.219,-218771.2365
2026-07-27 13:09:57,2556,3,2026-06-25 08:25:06,29849.4677,0.0,29849.4677
2026-07-27 13:09:57,2556,7,2026-07-27 13:06:34,147603.3807,6185.5709,147975.1412
2026-07-27 13:09:57,2559,2,2026-07-27 13:06:05,248961.4981,13717.7654,252577.5655
2026-07-27 13:09:57,2559,3,2026-07-27 13:01:45,78181.9181,12475.8101,79100.2754
2026-07-27 13:09:57,2559,7,2026-06-03 08:00:22,0.0,0.0,0.0
2026-07-27 13:09:57,2564,2,2026-07-26 07:26:32,-110814.1901,1327.1223,-107004.6092
2026-07-27 13:09:57,2564,3,2026-07-26 15:30:43,234603.2198,26.7227,237102.027
2026-07-27 13:09:57,2564,7,2026-07-25 09:56:01,-68722.9807,726.5381,-59736.6621
2026-07-27 13:09:57,2567,2,2026-07-24 13:40:45,-971186.8065,278.516,-966695.7753
2026-07-27 13:09:57,2567,10,2026-06-03 08:57:48,-0.048,0.0,-0.048
2026-07-27 13:09:57,2571,2,2026-07-25 13:08:22,36280.2597,206.6299,36280.2597
2026-07-27 13:09:57,2571,10,2026-06-03 08:48:36,3282.92,0.0,3282.92
2026-07-27 13:09:57,2577,2,2026-07-26 13:33:55,-1397072.5518,12178.2222,-1397072.5518
2026-07-27 13:09:57,2578,2,2026-07-26 16:13:35,483652.3183,375.3407,485997.6873
2026-07-27 13:09:57,2578,3,2026-06-25 07:54:23,72032.1126,0.0,72032.1126
2026-07-27 13:09:57,2578,7,2026-07-27 13:06:58,120574.9902,2120.1094,128528.3984
2026-07-27 13:09:57,2584,3,2026-06-03 08:11:41,0.0,0.0,0.0
2026-07-27 13:09:57,2584,7,2026-07-27 12:00:48,-84554.8407,5719.0642,-83900.8407
2026-07-27 13:09:57,2585,3,2026-07-26 17:22:25,-567147.7163,-517.2952,-563378.9392
2026-07-27 13:09:57,2585,7,2026-07-27 12:59:29,-659749.4594,37665.8663,-646570.2592
2026-07-27 13:09:57,2590,3,2026-06-03 06:07:28,49948.16,0.0,49948.16
2026-07-27 13:09:57,2590,7,2026-07-27 13:05:59,-83184.06,7646.18,-83184.06
2026-07-27 13:09:57,2593,3,2026-06-03 08:48:31,-260092.2651,0.0,-260092.2651
2026-07-27 13:09:57,2593,7,2026-07-27 13:07:55,-4503060.7438,104453.4206,-4553378.3625
2026-07-27 13:09:57,2595,2,2026-07-26 12:57:20,-224382.311,559.6726,-224490.3506
2026-07-27 13:09:57,2595,3,2026-07-01 23:08:31,-33957.2315,0.0,-33957.2315
2026-07-27 13:09:57,2595,7,2026-07-27 13:06:37,-41400.9395,8433.3863,-41381.2445
2026-07-27 13:09:57,2597,3,2026-06-24 23:23:29,44695.738,0.0,44695.738
2026-07-27 13:09:57,2597,7,2026-07-27 13:07:13,171345.16,3301.565,180957.369
2026-07-27 13:09:57,2598,3,2026-06-24 15:17:29,32099.5939,0.0,32099.5939
2026-07-27 13:09:57,2598,7,2026-07-27 12:41:31,-127965.3136,6021.6917,-127907.3176
2026-07-27 13:09:57,2600,2,2026-07-25 17:56:17,6132.7025,1354.7825,-18266.0447
2026-07-27 13:09:57,2600,3,2026-06-26 07:26:25,1398.4415,-212.4583,1398.4415
2026-07-27 13:09:57,2600,7,2026-07-27 13:06:48,-16874.8572,4411.4921,-13496.3788
2026-07-27 13:09:57,2601,2,2026-07-27 13:05:36,227398.2534,24449.5516,229213.8074
2026-07-27 13:09:57,2601,3,2026-07-27 13:07:19,235756.8181,14328.8024,239928.4391
2026-07-27 13:09:57,2603,2,2026-07-27 11:04:15,14308.5656,5278.0251,14867.3667
2026-07-27 13:09:57,2603,3,2026-07-27 13:05:44,16072.8463,20688.4262,24218.5677
2026-07-27 13:09:57,2603,7,2026-06-03 08:16:02,0.0,0.0,0.0
2026-07-27 13:09:57,2605,2,2026-07-27 13:03:02,794946.7376,20538.7913,796094.8879
2026-07-27 13:09:57,2605,3,2026-07-27 11:50:38,35363.599,179.9367,35569.28
2026-07-27 13:09:57,2605,7,2026-07-24 22:13:41,59330.3066,1112.0916,59329.7003
2026-07-27 13:09:57,2609,3,2026-07-18 08:12:20,-57048.6469,0.0,-57048.6469
2026-07-27 13:09:57,2609,7,2026-07-27 13:02:45,-151994.2562,427.9544,-139562.1157
2026-07-27 13:09:57,2612,3,2026-06-26 17:49:47,19860.7136,0.0,19860.7136
2026-07-27 13:09:57,2612,7,2026-07-27 13:06:58,-5625.0247,3126.4829,-4719.6551
2026-07-27 13:09:57,2615,3,2026-06-24 16:18:24,23818.6397,0.0,23818.6397
2026-07-27 13:09:57,2615,7,2026-07-27 13:07:39,310556.2046,7221.2498,303368.6476
2026-07-27 13:09:57,2616,3,2026-07-25 15:50:04,-261399.9364,22000.0,-258308.535
2026-07-27 13:09:57,2616,7,2026-07-27 13:07:46,-35561.7405,-20437.626,-35561.7405
2026-07-27 13:09:57,2617,3,2026-07-25 12:22:34,-624813.6904,994.4102,-597609.8689
2026-07-27 13:09:57,2618,2,2026-07-27 13:08:01,265881.4236,393.6054,270402.4719
2026-07-27 13:09:57,2618,3,2026-07-27 13:07:45,377468.5409,2028.9978,391743.1935
2026-07-27 13:09:57,2624,3,2026-07-07 18:26:02,32260.673,0.0,32260.673
2026-07-27 13:09:57,2624,7,2026-07-27 12:43:22,69281.7592,10930.0766,69281.7592
2026-07-27 13:09:57,2627,2,2026-07-27 11:19:30,-429072.8886,5705.5766,-426457.4062
2026-07-27 13:09:57,2627,3,2026-07-27 09:26:49,-81731.2177,-561.6157,-81711.2177
2026-07-27 13:09:57,2627,7,2026-07-27 13:00:12,-234743.407,7323.66,-230906.4152
2026-07-27 13:09:57,2637,3,2026-07-26 20:30:13,-57136.74,648.25,-56585.74
2026-07-27 13:09:57,2637,7,2026-07-25 09:04:13,-229302.13,695.99,-227082.29
2026-07-27 13:09:57,2640,2,2026-07-26 00:03:59,1138013.811,9127.081,1138013.49
2026-07-27 13:09:57,2640,3,2026-06-25 03:29:29,48476.868,0.0,48476.868
2026-07-27 13:09:57,2640,7,2026-07-26 04:05:06,262902.755,266.288,262729.859
2026-07-27 13:09:57,2642,2,2026-07-27 10:26:46,-547753.4285,314.1381,-534069.0825
2026-07-27 13:09:57,2643,2,2026-07-26 13:08:22,174300.5914,614.4307,180788.2868
2026-07-27 13:09:57,2643,3,2026-07-02 12:19:33,-1946.3247,-161.632,-1946.3247
2026-07-27 13:09:57,2643,7,2026-07-27 13:05:59,172307.5557,6869.0205,172306.9213
2026-07-27 13:09:57,2644,2,2026-07-27 13:06:06,-315365.629,18267.5046,-313134.629
2026-07-27 13:09:57,2644,3,2026-07-26 18:38:32,-963335.5869,47.1831,-961001.0714
2026-07-27 13:09:57,2644,7,2026-07-25 11:26:29,-1062756.4492,829.0153,-1062897.5728
2026-07-27 13:09:57,2645,3,2026-07-27 13:07:23,-941100.8624,35614.0353,-923188.5573
2026-07-27 13:09:57,2646,2,2026-07-27 13:07:40,-247677.0124,11392.9957,-247212.5847
2026-07-27 13:09:57,2647,2,2026-07-26 13:24:17,-585117.7023,2453.923,-585117.7023
2026-07-27 13:09:57,2647,10,2026-06-03 06:14:35,1455.0785,0.0,1428.2484
2026-07-27 13:09:57,2648,3,2026-07-07 14:03:54,52368.3511,-23.4195,52368.3511
2026-07-27 13:09:57,2648,7,2026-07-27 13:07:56,362440.1358,4474.9468,364150.7818
2026-07-27 13:09:57,2654,3,2026-06-03 00:01:57,-34626.408,0.0,-34626.408
2026-07-27 13:09:57,2654,7,2026-07-27 13:07:42,-2369729.803,800.036,-2368370.715
2026-07-27 13:09:57,2656,2,2026-07-27 12:58:01,-189550.476,17557.416,-163989.587
2026-07-27 13:09:57,2657,3,2026-06-25 10:16:36,94139.9814,0.0,94139.9814
2026-07-27 13:09:57,2657,7,2026-07-27 13:07:42,764493.8433,32306.1982,762241.8373
2026-07-27 13:09:57,2668,3,2026-06-03 08:09:35,85204.4639,0.0,85204.4639
2026-07-27 13:09:57,2668,7,2026-07-26 21:22:11,-77559.0609,446.0822,-75655.2826
2026-07-27 13:09:57,2677,3,2026-07-15 16:21:55,119828.9504,0.0,119828.9504
2026-07-27 13:09:57,2677,7,2026-07-27 10:38:51,-242910.5496,3930.7958,-96286.5494
2026-07-27 13:09:57,2688,2,2026-07-27 11:14:33,243588.1716,9640.2332,236529.0974
2026-07-27 13:09:57,2688,3,2026-07-27 10:41:41,11483.4022,9000.0,6307.3472
2026-07-27 13:09:57,2688,7,2026-07-27 13:03:01,74378.9155,8777.8888,74378.9155
2026-07-27 13:09:57,2689,3,2026-07-03 08:01:28,-96635.0735,0.0,-89520.9913
2026-07-27 13:09:57,2689,7,2026-07-27 13:07:10,102695.763,17860.6334,102867.8045
2026-07-27 13:09:57,2693,2,2026-07-27 13:07:33,-325884.9792,6679.5497,-321569.1416
2026-07-27 13:09:57,2693,10,2026-06-03 00:32:40,-499.3539,0.0,-499.3539
2026-07-27 13:09:57,2697,2,2026-07-27 11:25:15,191532.086,63784.674,211880.636
2026-07-27 13:09:57,2697,3,2026-06-24 21:59:09,8790.341,0.0,8790.341
2026-07-27 13:09:57,2697,7,2026-07-27 11:49:51,405921.028,11770.52,415916.506
2026-07-27 13:09:57,2698,2,2026-07-25 06:08:42,-218138.8856,166.9079,-218138.8856
2026-07-27 13:09:57,2698,3,2026-07-01 00:35:16,16519.7515,0.0,16342.3738
2026-07-27 13:09:57,2698,7,2026-07-27 13:01:22,-92283.7222,23999.9227,-92308.3954
2026-07-27 13:09:57,2698,10,2026-06-03 07:51:18,45085.3121,0.0,45001.2993
2026-07-27 13:09:57,2706,3,2026-06-03 05:15:51,65137.2927,0.0,65137.2927
2026-07-27 13:09:57,2706,7,2026-07-27 13:07:06,1682322.8983,47460.1279,1681986.563
2026-07-27 13:09:57,2711,2,2026-07-25 08:05:27,393003.4858,6.3825,393003.4858
2026-07-27 13:09:57,2711,3,2026-07-18 11:17:08,66391.2991,0.0,66391.2991
2026-07-27 13:09:57,2711,7,2026-07-25 10:22:36,58424.4231,72.1358,58424.4231
2026-07-27 13:09:57,2711,10,2026-06-03 07:01:45,161337.5346,0.0,165205.2857
2026-07-27 13:09:57,2718,3,2026-07-27 12:30:45,-668845.195,417.0207,-657169.9087
2026-07-27 13:09:57,2718,7,2025-03-13 16:03:26,724.0,0.0,724.0
2026-07-27 13:09:57,2722,2,2026-07-25 21:25:58,459455.7237,977.1556,460463.4045
2026-07-27 13:09:57,2722,3,2026-07-26 12:35:49,371401.0643,325.2823,393331.7312
2026-07-27 13:09:57,2722,7,2026-06-03 06:10:37,0.0,0.0,0.0
2026-07-27 13:09:57,2722,10,2026-06-03 06:10:37,0.0,0.0,0.0
2026-07-27 13:09:57,2724,3,2026-06-03 08:22:13,-104485.854,0.0,-104485.854
2026-07-27 13:09:57,2724,7,2026-07-27 13:06:51,-54459.262,19570.59,-66228.209
2026-07-27 13:09:57,2729,2,2026-07-25 10:44:40,231346.769,3.801,242974.939
2026-07-27 13:09:57,2729,3,2026-06-25 05:19:07,16382.759,0.0,16382.759
2026-07-27 13:09:57,2729,7,2026-07-27 13:05:30,376329.2,6641.105,385786.421
2026-07-27 13:09:57,2740,3,2026-06-03 08:50:37,16000.0,0.0,16000.0
2026-07-27 13:09:57,2740,7,2026-07-27 13:07:30,-297292.5734,10450.3733,-296097.7224
2026-07-27 13:09:57,2753,2,2026-07-27 12:29:56,-390456.5766,19001.7207,-390449.5886
2026-07-27 13:09:57,2754,3,2026-06-19 15:45:48,61551.902,0.0,61551.902
2026-07-27 13:09:57,2754,7,2026-07-27 13:06:22,-121014.567,16846.419,-111468.255
2026-07-27 13:09:57,2760,3,2026-07-20 18:41:06,-9222.314,15000.0,-9222.314
2026-07-27 13:09:57,2760,7,2026-07-27 13:01:57,153519.264,11304.05,153519.264
2026-07-27 13:09:57,2763,2,2026-07-24 19:09:32,-16079.1903,826.8238,-16220.1905
2026-07-27 13:09:57,2763,3,2026-06-25 17:12:54,-4707.1257,0.0,-4707.1257
2026-07-27 13:09:57,2763,7,2026-07-25 07:39:27,51588.4933,128.3771,51537.2139
2026-07-27 13:09:57,2769,2,2026-07-25 14:03:04,252716.431,23920.7201,252412.7597
2026-07-27 13:09:57,2770,3,2026-06-03 08:28:44,-25546.363,0.0,-25546.363
2026-07-27 13:09:57,2770,7,2026-07-27 13:06:56,302477.74,8677.307,310196.609
2026-07-27 13:09:57,2773,2,2026-07-27 12:35:18,691759.0021,9602.95,691759.0021
2026-07-27 13:09:57,2773,3,2026-06-03 08:42:23,-22079.269,0.0,-22079.269
2026-07-27 13:09:57,2773,7,2026-07-27 13:05:49,1092827.408,5153.249,1093722.182
2026-07-27 13:09:57,2773,10,2026-07-04 16:39:54,428596.1948,0.0,421326.1948
2026-07-27 13:09:57,2781,3,2026-06-09 16:13:39,75539.087,0.0,75539.087
2026-07-27 13:09:57,2781,7,2026-07-25 13:34:38,77297.978,119.3,77297.748
2026-07-27 13:09:57,2782,3,2026-06-24 19:55:29,1884.7004,0.0,1884.7004
2026-07-27 13:09:57,2782,7,2026-07-26 14:10:31,81549.6472,217.9767,81765.7594
2026-07-27 13:09:57,2786,2,2026-07-25 12:38:03,25795.235,16026.5123,32235.9607
2026-07-27 13:09:57,2786,3,2026-06-25 18:56:27,-28181.3919,0.0,-28181.3919
2026-07-27 13:09:57,2786,7,2026-07-27 13:06:48,421888.7536,7777.8711,424325.6032
2026-07-27 13:09:57,2789,2,2026-07-24 11:29:31,119576.2648,163.2342,118997.0039
2026-07-27 13:09:57,2789,3,2026-06-25 08:42:03,32230.3415,0.0,32230.3415
2026-07-27 13:09:57,2789,7,2026-07-25 09:56:15,108258.426,110.0064,110341.0508
2026-07-27 13:09:57,2793,2,2026-07-27 08:14:46,22599.11,6652.0124,22599.11
2026-07-27 13:09:57,2793,10,2026-06-03 00:52:18,78915.1501,0.0,78915.1501
2026-07-27 13:09:57,2794,2,2026-07-27 13:00:11,469143.1602,13168.9485,470909.7515
2026-07-27 13:09:57,2794,3,2026-06-25 11:19:21,69946.7438,0.0,69946.7438
2026-07-27 13:09:57,2794,7,2026-07-27 13:06:30,445085.4466,8559.7162,446527.9718
2026-07-27 13:09:57,2798,3,2026-07-25 14:58:25,151426.9009,183.6827,151550.272
2026-07-27 13:09:57,2798,7,2026-07-27 11:30:48,184864.5183,20426.1196,191206.6777
2026-07-27 13:09:57,2800,2,2026-07-26 12:45:35,362095.819,149.568,362693.019
2026-07-27 13:09:57,2800,3,2026-06-24 21:36:33,27274.349,0.0,27274.349
2026-07-27 13:09:57,2800,7,2026-07-27 13:05:28,245162.486,3520.048,251768.316
2026-07-27 13:09:57,2803,2,2026-07-27 12:58:42,-803475.605,9732.744,-803475.605
2026-07-27 13:09:57,2803,10,2026-06-03 08:28:50,6582.141,0.0,6478.519
2026-07-27 13:09:57,2804,2,2026-07-27 11:00:19,11934.9381,4190.4693,17074.3806
2026-07-27 13:09:57,2804,3,2026-07-27 13:07:42,295253.9205,7397.3308,306660.0427
2026-07-27 13:09:57,2804,7,2026-07-26 21:20:10,28685.7998,12022.1068,28685.7998
2026-07-27 13:09:57,2805,2,2026-07-26 20:42:49,-159903.2,2224.4,-159903.2
2026-07-27 13:09:57,2805,3,2026-06-03 08:04:14,356.19,0.0,814.19
2026-07-27 13:09:57,2805,7,2026-07-27 13:07:45,-187776.8112,5201.17,-197111.1752
2026-07-27 13:09:57,2805,10,2026-06-03 08:04:14,92405.9332,0.0,80102.1592
2026-07-27 13:09:57,2808,2,2026-07-25 23:03:07,-553730.0225,36.9,-553730.0225
2026-07-27 13:09:57,2808,10,2026-06-03 08:45:00,101684.8878,0.0,79419.6098
2026-07-27 13:09:57,2818,2,2026-07-27 13:06:24,-1177950.0475,13918.6897,-1180933.879
2026-07-27 13:09:57,2821,2,2026-07-27 13:04:22,15199.8553,13792.9497,31979.1375
2026-07-27 13:09:57,2821,3,2026-07-27 13:07:32,89850.4903,8972.8728,96945.0842
2026-07-27 13:09:57,2821,10,2026-06-03 07:23:51,0.0,0.0,0.0
2026-07-27 13:09:57,2822,3,2026-07-27 13:06:48,363278.0207,10214.9753,378916.428
2026-07-27 13:09:57,2824,2,2026-07-27 11:31:24,134642.0998,2009.9392,134642.0998
2026-07-27 13:09:57,2824,3,2026-07-19 08:02:40,34803.699,0.0,34803.699
2026-07-27 13:09:57,2824,7,2026-07-26 14:22:35,235959.7653,533.5568,235958.7653
2026-07-27 13:09:57,2824,10,2026-06-03 07:14:15,93172.0173,0.0,93172.0173
2026-07-27 13:09:57,2825,2,2026-07-27 09:51:38,-103493.9013,349.3948,-102257.0528
2026-07-27 13:09:57,2829,2,2026-07-25 13:10:58,138283.1869,57.1412,138283.1869
2026-07-27 13:09:57,2829,3,2026-06-24 07:57:10,11077.1089,0.0,11077.1089
2026-07-27 13:09:57,2829,7,2026-07-26 17:16:58,65137.1657,1107.4434,65137.1657
2026-07-27 13:09:57,2833,2,2026-07-26 22:25:38,287800.3211,20800.0,287800.3211
2026-07-27 13:09:57,2833,3,2026-07-19 12:40:04,153270.4325,-6951.7805,153270.4325
2026-07-27 13:09:57,2833,7,2026-07-27 09:05:11,408155.78,127481.7343,424540.685
2026-07-27 13:09:57,2833,10,2026-06-03 00:54:55,31780.001,0.0,31779.4074
2026-07-27 13:09:57,2856,3,2026-06-25 08:13:11,2733.8571,0.0,2733.8571
2026-07-27 13:09:57,2856,7,2026-07-26 08:34:19,34840.3472,298.8913,34900.573
2026-07-27 13:09:57,2857,2,2026-07-27 13:04:29,-77030.9647,2293.24,-77510.8439
2026-07-27 13:09:57,2857,3,2026-07-27 12:38:45,-160230.485,2412.5,-158745.5397
2026-07-27 13:09:57,2877,3,2026-06-25 08:58:56,163265.676,0.0,163265.676
2026-07-27 13:09:57,2877,7,2026-07-27 13:07:17,168195.026,9095.8,168194.624
2026-07-27 13:09:57,2903,3,2026-07-27 13:06:55,-41183.7753,4939.8232,-30011.763
2026-07-27 13:09:57,2905,2,2026-07-27 11:37:52,138284.5203,7435.85,274325.1601
2026-07-27 13:09:57,2911,2,2026-07-27 11:14:35,-212135.71,19081.31,-175393.77
2026-07-27 13:09:57,2916,2,2026-07-26 23:30:59,119347.8091,85.386,119121.6121
2026-07-27 13:09:57,2916,3,2026-06-26 12:27:41,27020.329,0.0,27020.329
2026-07-27 13:09:57,2916,7,2026-07-27 13:07:29,103129.623,7249.026,104308.342
2026-07-27 13:09:57,2928,2,2026-07-26 09:49:18,1602387.3075,353.7652,1602387.3075
2026-07-27 13:09:57,2928,3,2026-07-16 11:01:39,489103.97,0.0,547799.6145
2026-07-27 13:09:57,2928,7,2026-07-27 11:46:25,4507727.4786,22237.3374,4507727.4786
2026-07-27 13:09:57,2928,10,2026-06-03 08:27:17,48508.4694,0.0,48888.456
2026-07-27 13:09:57,2929,3,2026-06-03 08:14:32,0.0398,0.0,0.0398
2026-07-27 13:09:57,2929,7,2026-07-27 13:06:24,82297.6893,10258.8519,84355.9638
2026-07-27 13:09:57,2931,2,2026-07-27 13:02:06,-397504.1184,107712.343,-392550.6598
2026-07-27 13:09:57,2931,3,2026-06-21 12:31:45,-15527.2973,0.0,-12545.7635
2026-07-27 13:09:57,2931,7,2026-07-27 13:07:47,-205002.967,17168.8662,-205002.967
2026-07-27 13:09:57,2940,2,2026-07-27 12:26:51,-7807.6278,4211.84,-10027.9666
2026-07-27 13:09:57,2940,3,2026-07-27 13:05:11,-13012.6079,7222.34,-16246.9019
2026-07-27 13:09:57,2943,3,2026-07-10 06:51:31,-19289.3804,0.0,-19289.3804
2026-07-27 13:09:57,2943,7,2026-07-27 12:05:17,-662347.8325,5060.2216,-662347.8325
2026-07-27 13:09:57,2946,3,2026-06-03 06:26:53,0.0,0.0,0.0
2026-07-27 13:09:57,2946,7,2026-07-27 12:54:48,260615.2675,45051.0862,262275.7475
2026-07-27 13:09:57,2950,2,2026-07-27 04:01:04,327837.1335,847.1016,327836.3935
2026-07-27 13:09:57,2950,3,2026-06-25 16:24:47,20615.5343,0.0,20615.5343
2026-07-27 13:09:57,2950,7,2026-07-26 10:40:52,200332.6409,257.6548,200332.3759
2026-07-27 13:09:57,2954,2,2026-07-26 07:47:09,-337501.816,8365.733,-337482.168
2026-07-27 13:09:57,2954,3,2026-06-25 16:56:59,-1301.282,0.0,-1301.282
2026-07-27 13:09:57,2954,7,2026-07-26 17:31:15,-281348.833,12227.76,-279468.057
2026-07-27 13:09:57,2956,2,2026-07-27 12:53:46,-31548.5093,6132.987,-31548.5093
2026-07-27 13:09:57,2956,10,2026-06-01 07:28:35,-17741.6375,0.0,24967.0104
2026-07-27 13:09:57,2957,2,2026-07-25 17:46:11,180425.8758,4819.58,180425.4044
2026-07-27 13:09:57,2957,3,2026-07-25 21:20:12,151595.0063,13746.45,162012.539
2026-07-27 13:09:57,2958,2,2026-07-27 00:05:27,127360.3382,1956.699,127360.3382
2026-07-27 13:09:57,2958,3,2026-06-03 07:14:11,310861.2153,0.0,310956.3434
2026-07-27 13:09:57,2958,7,2026-07-27 12:39:46,331832.6586,16851.7462,348661.8348
2026-07-27 13:09:57,2958,10,2026-06-03 07:14:11,60435.569,0.0,60704.569
2026-07-27 13:09:57,2960,3,2026-07-27 09:54:49,2472.9575,227.6281,2743.4121
2026-07-27 13:09:57,2974,2,2026-07-27 13:03:20,-685116.8348,8460.55,-686623.0315
2026-07-27 13:09:57,2974,3,2026-07-27 13:06:25,-249431.5636,659.91,-244759.9897
2026-07-27 13:09:57,2974,7,2026-07-17 12:48:06,-260699.3893,0.0,-260699.3893
2026-07-27 13:09:57,2979,2,2026-07-27 12:43:24,-1717685.9745,25047.73,-1716439.0219
2026-07-27 13:09:57,2979,3,2026-07-27 13:05:32,-736735.3153,30301.67,-617281.3607
2026-07-27 13:09:57,2980,2,2026-07-27 12:43:33,-98384.4912,4016.9,-109473.9999
2026-07-27 13:09:57,2980,3,2026-07-27 12:59:34,-103131.5554,2992.48,-109035.5628
2026-07-27 13:09:57,2981,2,2026-07-27 13:03:33,-1210465.6634,7224.26,-1188787.4914
2026-07-27 13:09:57,2982,3,2026-07-27 13:05:27,-259517.5705,3475.5109,-263534.8954
2026-07-27 13:09:57,2982,7,2026-06-03 08:35:10,0.0,0.0,0.0
2026-07-27 13:09:57,2989,3,2026-07-09 18:20:00,-22293.61,-25730.48,-22293.61
2026-07-27 13:09:57,2989,7,2026-07-27 13:07:47,547683.8145,286206.74,547703.5715
2026-07-27 13:09:57,3005,3,2026-06-25 09:44:56,17302.543,0.0,17302.543
2026-07-27 13:09:57,3005,7,2026-07-27 13:07:30,223067.386,4957.791,231525.625
2026-07-27 13:09:57,3011,2,2026-07-23 14:55:52,494498.6113,2968.406,914498.6113
2026-07-27 13:09:57,3011,10,2026-06-03 08:45:02,268421.73,0.0,342391.838
2026-07-27 13:09:57,3013,2,2026-07-27 07:50:28,-2142854.141,445.99,-2142854.141
2026-07-27 13:09:57,3013,10,2026-06-03 06:06:23,18399.806,0.0,-4002.27
2026-07-27 13:09:57,3021,2,2026-07-27 11:35:35,-837430.2196,9585.62,-808907.4309
2026-07-27 13:09:57,3021,3,2026-06-19 12:30:06,-531276.7539,-21001.8,-455174.6524
2026-07-27 13:09:57,3021,7,2026-07-27 11:55:21,31191.34,56530.59,31191.34
2026-07-27 13:09:57,3032,2,2026-07-27 13:01:30,376977.868,40162.252,380070.498
2026-07-27 13:09:57,3040,2,2026-07-27 10:31:41,-1278476.8081,905.6531,-1278476.8081
2026-07-27 13:09:57,3040,10,2026-06-03 00:19:48,24844.0888,0.0,24844.0888
2026-07-27 13:09:57,3044,3,2025-07-04 06:41:44,52895.8553,0.0,52895.8553
2026-07-27 13:09:57,3044,7,2026-07-27 13:06:33,-9650.8953,10859.0329,-132.2472
2026-07-27 13:09:57,3050,3,2026-07-06 12:22:18,8883.4634,0.0,8883.4634
2026-07-27 13:09:57,3050,7,2026-07-26 15:33:59,183956.5881,114.309,189440.247
2026-07-27 13:09:57,3055,2,2026-07-26 23:59:10,430002.042,4.063,430076.998
2026-07-27 13:09:57,3055,3,2026-06-25 06:46:32,174080.895,0.0,174080.895
2026-07-27 13:09:57,3055,7,2026-07-26 10:59:39,262330.141,180.136,263282.469
2026-07-27 13:09:57,3063,2,2026-07-27 12:57:35,-57303.656,583.606,-57202.752
2026-07-27 13:09:57,3063,10,2026-06-03 08:39:31,0.0,0.0,0.0
2026-07-27 13:09:57,3065,7,2026-07-27 13:07:32,100041.1553,4972.1511,99609.5932
2026-07-27 13:09:57,3066,2,2026-07-26 02:18:30,-851155.259,2999.995,-849690.451
2026-07-27 13:09:57,3066,3,2026-06-24 18:13:58,11149.276,0.0,11149.276
2026-07-27 13:09:57,3066,7,2026-07-27 13:07:20,-798855.962,7532.112,-798781.013
2026-07-27 13:09:57,3073,3,2026-06-03 01:26:54,0.0,0.0,0.0
2026-07-27 13:09:57,3073,7,2026-07-27 11:07:48,56306.8599,7381.9938,62591.2089
2026-07-27 13:09:57,3074,3,2026-06-03 06:59:32,1181.469,0.0,1181.469
2026-07-27 13:09:57,3074,7,2026-07-27 13:03:50,-51552.411,8309.11,-51552.411
2026-07-27 13:09:57,3077,3,2026-07-25 09:49:46,33481.3319,12000.0,33481.3319
2026-07-27 13:09:57,3077,7,2026-07-27 13:02:32,112311.2107,36.4378,107007.4869
2026-07-27 13:09:57,3079,2,2026-07-25 14:36:25,-7751.807,3402.528,-7751.807
2026-07-27 13:09:57,3079,3,2026-06-03 07:50:16,-17758.478,0.0,-17758.478
2026-07-27 13:09:57,3079,7,2026-07-27 13:04:33,-306346.665,8534.101,-303613.774
2026-07-27 13:09:57,3079,10,2026-06-03 07:50:16,13182.864,0.0,31577.96
2026-07-27 13:09:57,3081,2,2026-07-26 10:28:46,264211.624,0.002,266105.895
2026-07-27 13:09:57,3083,3,2026-07-21 18:09:33,-123307.1355,91.954,-123307.1355
2026-07-27 13:09:57,3083,7,2026-07-26 11:21:16,-363380.4032,1596.2307,-354250.6685
2026-07-27 13:09:57,3086,3,2026-06-03 08:38:54,-155081.9824,0.0,-155081.9824
2026-07-27 13:09:57,3086,7,2026-07-27 13:07:49,6318257.1687,103970.187,6401261.0152
2026-07-27 13:09:57,3090,3,2026-06-26 07:27:02,-126555.408,0.0,-126555.408
2026-07-27 13:09:57,3090,7,2026-07-25 21:06:54,-917013.801,44.507,-907618.71
2026-07-27 13:09:57,3095,3,2026-06-25 10:53:14,6216.626,0.0,6216.626
2026-07-27 13:09:57,3095,7,2026-07-27 13:07:44,514797.3906,12577.087,516809.9736
2026-07-27 13:09:57,3098,2,2026-07-25 17:31:00,-118768.249,12000.0,-117320.315
2026-07-27 13:09:57,3098,3,2026-06-25 08:05:21,-24585.612,0.0,-24585.612
2026-07-27 13:09:57,3098,7,2026-07-26 14:28:15,-146646.291,134.366,-145417.326
2026-07-27 13:09:57,3099,3,2026-06-03 07:58:34,-228.814,0.0,-228.814
2026-07-27 13:09:57,3099,7,2026-07-27 13:07:29,-193295.697,11549.163,-178758.268
2026-07-27 13:09:57,3102,3,2026-06-25 07:59:59,45238.914,0.0,45238.914
2026-07-27 13:09:57,3102,7,2026-07-27 13:06:41,17675.044,4377.902,10724.505
2026-07-27 13:09:57,3111,3,2026-07-02 15:59:16,-538581.846,0.0,-531173.1844
2026-07-27 13:09:57,3111,7,2026-07-27 12:52:57,-138446.71,12472.49,-138446.71
2026-07-27 13:09:57,3112,2,2026-07-27 12:54:29,-84133.411,58.224,-84133.411
2026-07-27 13:09:57,3115,2,2026-07-25 15:15:40,-39534.133,346.224,-36723.09
2026-07-27 13:09:57,3115,3,2026-06-25 14:54:56,-41856.347,0.0,-41856.347
2026-07-27 13:09:57,3115,7,2026-07-26 16:50:29,-133886.856,12559.728,-124937.564
2026-07-27 13:09:57,3119,2,2026-07-25 19:40:51,3454.3243,1098.2898,3431.7127
2026-07-27 13:09:57,3119,3,2026-07-26 20:46:22,-38099.2541,229.0665,-37625.5044
2026-07-27 13:09:57,3124,2,2026-07-27 10:09:29,-793151.4743,76.373,-802763.7263
2026-07-27 13:09:57,3124,3,2026-06-25 01:15:40,-1191.773,0.0,-1191.773
2026-07-27 13:09:57,3124,7,2026-07-27 13:06:15,-865845.364,1178.733,-876332.959
2026-07-27 13:09:57,3133,2,2026-07-25 19:05:00,-976037.5672,281.0407,-975363.104
2026-07-27 13:09:57,3133,3,2026-06-25 11:36:24,-58078.6921,0.0,-58078.6921
2026-07-27 13:09:57,3133,7,2026-07-26 10:21:44,-939261.2276,3584.081,-933606.4924
2026-07-27 13:09:57,3134,3,2026-06-24 21:20:59,21035.599,0.0,21035.599
2026-07-27 13:09:57,3134,7,2026-07-27 12:36:30,259421.3569,5935.493,256511.1339
2026-07-27 13:09:57,3135,2,2026-07-27 10:13:34,844588.9404,328.338,863143.2654
2026-07-27 13:09:57,3135,3,2026-06-24 14:35:11,35328.842,0.0,35328.842
2026-07-27 13:09:57,3135,7,2026-07-27 13:06:58,160711.361,15077.716,162751.456
2026-07-27 13:09:57,3140,3,2026-07-06 16:17:53,23100.5802,-66.1006,23100.5802
2026-07-27 13:09:57,3140,7,2026-07-27 13:07:39,312661.6592,4515.4439,315345.0574
2026-07-27 13:09:57,3149,2,2026-07-27 12:42:02,156291.615,18853.5513,158202.734
2026-07-27 13:09:57,3149,3,2026-06-03 06:29:31,28900.0,0.0,28900.0
2026-07-27 13:09:57,3149,7,2026-07-27 13:04:28,405177.3714,9969.2266,407405.2204
2026-07-27 13:09:57,3151,2,2026-07-26 14:53:55,156097.8831,469.431,156097.8831
2026-07-27 13:09:57,3158,2,2026-07-27 10:53:28,-18267.7867,1950.1146,-17005.5767
2026-07-27 13:09:57,3158,3,2026-06-25 21:46:05,32500.0,0.0,32500.0
2026-07-27 13:09:57,3158,7,2026-07-26 11:20:43,74795.7971,147.1894,74795.7971
2026-07-27 13:09:57,3170,2,2026-07-25 18:21:24,-572169.5161,35.1142,-570791.9014
2026-07-27 13:09:57,3171,3,2026-06-25 08:50:35,10953.153,0.0,10953.153
2026-07-27 13:09:57,3171,7,2026-07-27 13:07:05,-11073.7,107.554,-9748.678
2026-07-27 13:09:57,3185,2,2026-07-27 12:57:39,-82370.2566,7098.98,-76828.3026
2026-07-27 13:09:57,3186,7,2026-07-27 13:06:11,-159705.603,6906.89,-155223.34
2026-07-27 13:09:57,3191,2,2026-07-26 16:58:39,-69433.2305,770.3436,-69433.2305
2026-07-27 13:09:57,3191,10,2026-06-03 06:12:56,-1961.1055,0.0,-1961.1055
2026-07-27 13:09:57,3192,7,2026-07-27 13:05:34,117427.8058,9568.9476,128499.3338
2026-07-27 13:09:57,3207,3,2026-06-03 07:05:01,19799.7891,0.0,19799.7891
2026-07-27 13:09:57,3207,7,2026-07-27 13:06:01,-1619538.413,15441.3208,-1619538.2023
2026-07-27 13:09:57,3211,7,2026-07-27 13:05:49,-289281.3425,6255.9045,-287863.9105
2026-07-27 13:09:57,3216,2,2026-07-25 13:58:26,36383.1099,1774.0265,36378.2979
2026-07-27 13:09:57,3216,3,2026-06-03 06:27:54,0.0,0.0,0.0
2026-07-27 13:09:57,3216,7,2026-07-27 12:56:46,-7670.749,726.7766,-7680.157
2026-07-27 13:09:57,3220,3,2026-07-25 21:54:54,-259594.7968,-3.2039,-259594.7968
2026-07-27 13:09:57,3220,7,2026-07-27 13:06:57,-664217.1392,7288.6098,-664217.1392
2026-07-27 13:09:57,3221,2,2026-07-27 12:17:45,-437521.452,1301.924,-437521.452
2026-07-27 13:09:57,3221,3,2026-07-18 13:56:38,-9248.826,0.0,-9248.826
2026-07-27 13:09:57,3221,7,2026-07-27 10:53:14,-204701.958,31472.881,-204701.958
2026-07-27 13:09:57,3221,10,2026-06-03 08:15:47,15336.974,0.0,15340.734
2026-07-27 13:09:57,3227,2,2026-07-24 15:58:39,-405025.7944,16874.991,-405025.7944
2026-07-27 13:09:57,3227,10,2026-06-03 08:54:27,-40451.576,0.0,-33421.184
2026-07-27 13:09:57,3237,3,2026-06-25 07:48:55,-18416.1861,0.0,-18416.1861
2026-07-27 13:09:57,3237,7,2026-07-25 21:55:47,-134517.2504,50.2967,-133015.8994
2026-07-27 13:09:57,3241,2,2026-07-27 06:52:21,-673625.1186,1011.1413,-673625.1186
2026-07-27 13:09:57,3241,10,2026-06-03 08:54:21,26634.9232,0.0,26634.9232
2026-07-27 13:09:57,3242,3,2026-06-03 08:29:11,0.057,0.0,0.057
2026-07-27 13:09:57,3242,7,2026-07-27 13:06:45,-1118738.34,10833.909,-1118738.34
2026-07-27 13:09:57,3246,3,2026-06-30 23:05:52,-289645.6912,0.0,-289645.6912
2026-07-27 13:09:57,3246,7,2026-07-27 13:06:40,-2047554.4512,18237.015,-2047554.4512
2026-07-27 13:09:57,3251,7,2026-07-27 13:07:18,-269652.8331,7876.3398,-269653.532
2026-07-27 13:09:57,3252,2,2026-07-25 20:38:23,-918470.5624,604.9685,-918470.5624
2026-07-27 13:09:57,3252,10,2026-06-03 06:40:45,4742.4018,0.0,4742.4018
2026-07-27 13:09:57,3258,2,2026-07-27 13:08:02,35009.154,3819.389,35009.154
2026-07-27 13:09:57,3259,2,2026-07-27 12:53:34,-1975.5041,7572.4386,-1975.5041
2026-07-27 13:09:57,3259,3,2026-07-27 13:06:13,-13018.7937,4920.2674,-13018.7937
2026-07-27 13:09:57,3262,2,2026-07-25 20:45:00,-19135.57,4456.15,-19135.57
2026-07-27 13:09:57,3262,3,2026-07-26 13:55:05,-9343.06,1344.92,-9343.06
2026-07-27 13:09:57,3267,2,2026-07-26 06:56:36,-23127.772,3971.7058,-23127.772
2026-07-27 13:09:57,3267,3,2026-06-25 11:55:01,-2415.5908,0.0,-2415.5908
2026-07-27 13:09:57,3267,7,2026-07-26 09:27:24,4132.7842,5918.4469,4132.7842
2026-07-27 13:09:57,3277,2,2026-07-25 17:55:00,-5271.7535,409.0909,-5271.7535
2026-07-27 13:09:57,3277,3,2026-07-26 12:27:30,10503.9831,117.8952,10503.9831
2026-07-27 13:09:57,4023,2,2026-07-22 14:33:59,-9336.7392,587.6517,-9090.7392
2026-07-27 13:09:57,4023,3,2026-06-03 08:43:09,0.0,0.0,0.0
2026-07-27 13:09:57,4023,7,2026-07-27 09:00:09,73262.0211,188.355,73262.0211
2026-07-27 13:09:57,4027,3,2026-07-19 14:50:29,299751.5468,0.0,299751.5468
2026-07-27 13:09:57,4027,7,2026-07-27 12:49:08,72428.4237,930.5278,72428.4237
2026-07-27 13:09:57,4029,2,2026-07-27 13:07:46,146764.0031,1540.4699,146763.2697
2026-07-27 13:09:57,4029,3,2026-06-24 22:29:17,12359.7094,0.0,12359.7094
2026-07-27 13:09:57,4029,7,2026-07-27 13:07:13,176281.4254,984.868,176487.0498
2026-07-27 14:50:29,1846,3,2026-06-03 08:24:16,-162433.969,0.0,-162433.969
2026-07-27 14:50:29,1846,7,2026-07-27 14:44:52,-1052280.578,29832.44,-1057792.288
2026-07-27 14:50:29,1926,3,2026-06-03 06:42:55,5096.2534,0.0,5096.2534
2026-07-27 14:50:29,1926,7,2026-07-27 14:45:45,-956160.2071,7083.5822,-956160.2071
2026-07-27 14:50:29,1945,2,2026-07-24 18:33:44,72641.902,90.474,72641.902
2026-07-27 14:50:29,1945,3,2026-06-03 07:12:27,79139.515,0.0,79139.515
2026-07-27 14:50:29,1945,7,2026-07-27 13:20:09,-257903.069,971.386,-230913.761
2026-07-27 14:50:29,1945,10,2026-06-03 07:12:27,132265.715,0.0,146700.179
2026-07-27 14:50:29,1964,2,2026-07-27 00:20:37,3283009.0186,62332.25,3283009.0186
2026-07-27 14:50:29,1964,3,2026-06-03 08:55:14,62015.86,0.0,62015.86
2026-07-27 14:50:29,1964,7,2026-07-27 14:46:11,3384661.5694,81097.43,3384661.5694
2026-07-27 14:50:29,1964,10,2026-06-03 08:55:14,203413.3281,0.0,203413.3281
2026-07-27 14:50:29,1965,3,2026-06-03 07:01:17,-677.5161,0.0,-677.5161
2026-07-27 14:50:29,1965,7,2026-07-27 14:46:01,236477.374,13191.7047,238503.4027
2026-07-27 14:50:29,2204,3,2026-06-03 07:41:42,-39377.836,0.0,-39377.836
2026-07-27 14:50:29,2204,7,2026-07-27 14:45:37,-386682.181,14451.296,-374803.661
2026-07-27 14:50:29,2207,3,2026-06-03 08:24:50,-11659.982,0.0,-11659.982
2026-07-27 14:50:29,2207,7,2026-07-27 14:46:13,789803.33,26862.096,800333.818
2026-07-27 14:50:29,2208,2,2026-07-27 10:52:19,-655253.6865,5599.066,-655253.6865
2026-07-27 14:50:29,2208,3,2026-06-03 08:31:26,-101220.441,0.0,-101220.441
2026-07-27 14:50:29,2208,4,2026-06-03 08:31:26,0.0,0.0,0.0
2026-07-27 14:50:29,2208,7,2026-07-27 14:46:04,-518084.4331,11190.662,-500881.5001
2026-07-27 14:50:29,2208,8,2026-07-20 15:35:36,2614.851,60.943,2614.851
2026-07-27 14:50:29,2208,10,2026-06-03 08:31:26,563963.1731,0.0,531698.2631
2026-07-27 14:50:29,2224,3,2026-06-03 08:23:23,-6305.346,0.0,-6305.346
2026-07-27 14:50:29,2224,7,2026-07-27 14:46:01,-279913.9809,34313.433,-263691.5359
2026-07-27 14:50:29,2225,3,2026-06-03 08:04:19,-86000.579,0.0,-86000.579
2026-07-27 14:50:29,2225,7,2026-07-27 14:46:52,-962986.662,20038.19,-942677.001
2026-07-27 14:50:29,2228,3,2026-06-25 08:35:15,14456.06,0.0,14456.06
2026-07-27 14:50:29,2228,7,2026-07-27 14:46:14,486347.303,16461.475,487860.824
2026-07-27 14:50:29,2230,3,2026-06-03 07:00:12,2292.791,0.0,2292.791
2026-07-27 14:50:29,2230,7,2026-07-27 14:45:29,-227.679,11991.712,-616.722
2026-07-27 14:50:29,2249,2,2026-07-27 12:12:11,-1157753.098,10190.8046,-1162145.9359
2026-07-27 14:50:29,2249,3,2026-07-27 14:36:47,-220767.5067,5089.7863,-218936.1874
2026-07-27 14:50:29,2249,7,2026-06-03 05:29:21,0.0,0.0,0.0
2026-07-27 14:50:29,2250,2,2026-07-27 14:36:35,-330986.5551,9066.465,-330986.5551
2026-07-27 14:50:29,2250,10,2026-06-03 08:23:15,71856.6739,0.0,75171.7459
2026-07-27 14:50:29,2251,2,2026-07-27 13:42:47,709857.2198,593.612,714459.1018
2026-07-27 14:50:29,2264,2,2026-07-24 01:57:17,-408650.459,5562.465,-408650.459
2026-07-27 14:50:29,2264,10,2026-06-03 08:40:23,-44048.248,0.0,-42652.35
2026-07-27 14:50:29,2268,7,2026-07-27 14:46:46,-51485.096,20383.178,-51485.096
2026-07-27 14:50:29,2291,2,2026-07-27 14:44:37,-128345.7119,3960.6585,-128345.9026
2026-07-27 14:50:29,2292,3,2026-06-23 13:56:40,-98158.828,0.0,-85556.815
2026-07-27 14:50:29,2292,7,2026-07-27 14:45:54,-1088271.576,11864.35,-1108546.286
2026-07-27 14:50:29,2295,3,2026-06-25 08:35:12,5827.7321,0.0,5827.7321
2026-07-27 14:50:29,2295,7,2026-07-27 14:45:59,-125505.9272,7961.0134,-115659.0725
2026-07-27 14:50:29,2297,3,2026-07-04 22:47:32,35187.9024,-75.3305,35187.9024
2026-07-27 14:50:29,2297,7,2026-07-26 13:27:20,157648.6618,1277.0583,147220.4408
2026-07-27 14:50:29,2304,2,2026-07-25 11:15:34,-387069.0805,1143.9565,-387069.0805
2026-07-27 14:50:29,2304,10,2026-06-03 08:24:38,163627.1421,0.0,175848.871
2026-07-27 14:50:29,2305,2,2026-07-22 13:27:34,122799.832,520.0065,119459.0476
2026-07-27 14:50:29,2306,2,2026-07-25 15:01:14,99477.9829,6916.9091,106673.792
2026-07-27 14:50:29,2306,3,2026-07-05 00:54:48,284588.2849,-363.5805,284588.2849
2026-07-27 14:50:29,2306,7,2026-07-27 14:46:56,571156.1956,2713.2996,572108.8347
2026-07-27 14:50:29,2307,2,2026-07-25 12:49:50,742572.3187,10844.9864,777043.1357
2026-07-27 14:50:29,2308,2,2026-07-27 10:22:44,2716044.9451,45884.4158,2726709.4166
2026-07-27 14:50:29,2317,2,2026-07-24 21:45:27,-1012.475,582.8483,2930.5625
2026-07-27 14:50:29,2317,3,2026-06-03 08:18:19,21540.6262,0.0,21540.6262
2026-07-27 14:50:29,2317,7,2026-07-27 14:40:30,347412.2907,5654.7813,349329.8563
2026-07-27 14:50:29,2330,2,2026-07-25 20:29:53,-1140410.0165,58069.89,-1140410.0165
2026-07-27 14:50:29,2330,10,2026-06-03 07:45:12,-52379.6297,0.0,-48319.6747
2026-07-27 14:50:29,2332,3,2026-06-29 07:00:07,-799906.854,0.0,-819134.88
2026-07-27 14:50:29,2332,7,2026-07-27 14:46:33,-6875282.755,22476.804,-6920168.026
2026-07-27 14:50:29,2338,2,2026-07-27 14:38:53,17789.097,4479.239,30675.507
2026-07-27 14:50:29,2338,3,2026-07-25 15:49:26,63810.611,1330.182,53837.023
2026-07-27 14:50:29,2339,2,2026-07-27 13:24:27,489722.9318,5327.0916,493211.2263
2026-07-27 14:50:29,2339,3,2026-07-27 09:57:57,231884.8606,-194.435,232646.8606
2026-07-27 14:50:29,2339,7,2026-07-27 14:43:39,141150.7959,5377.554,147242.3207
2026-07-27 14:50:29,2341,7,2026-07-27 14:45:34,62545.9473,12975.1703,54337.9159
2026-07-27 14:50:29,2346,2,2026-07-27 14:40:26,-316127.494,3268.005,-311288.7
2026-07-27 14:50:29,2346,3,2026-07-27 14:43:40,56365.087,14336.613,75132.637
2026-07-27 14:50:29,2350,2,2026-07-27 13:03:02,809422.785,26762.8575,813486.5332
2026-07-27 14:50:29,2353,2,2026-07-27 14:47:15,277012.9949,23642.7519,302856.576
2026-07-27 14:50:29,2353,3,2026-07-26 11:28:09,-30120.0728,723.3648,-28121.0728
2026-07-27 14:50:29,2353,7,2026-07-27 14:46:53,110831.5244,5884.3079,112939.6252
2026-07-27 14:50:29,2355,2,2026-07-27 14:43:31,-66814.0637,8496.5829,-66814.0637
2026-07-27 14:50:29,2355,3,2026-07-26 21:42:35,-22192.5451,107.0274,-22192.5451
2026-07-27 14:50:29,2355,7,2026-07-25 09:39:11,-39006.196,707.4812,-39006.196
2026-07-27 14:50:29,2359,3,2026-07-24 20:50:14,-191266.842,48000.0,-188793.646
2026-07-27 14:50:29,2359,7,2026-07-27 14:46:11,-2867654.061,-2947.186,-2864842.101
2026-07-27 14:50:29,2364,2,2026-07-27 14:03:55,-348920.879,50364.4107,-348437.6722
2026-07-27 14:50:29,2384,2,2026-07-25 08:43:11,-26288.0,967.618,-26288.0
2026-07-27 14:50:29,2384,3,2026-06-23 07:29:35,-39429.606,0.0,-35855.326
2026-07-27 14:50:29,2384,7,2026-07-27 14:45:28,-215194.2561,797.9,-212272.1501
2026-07-27 14:50:29,2384,10,2026-06-03 07:14:42,50116.43,0.0,51545.068
2026-07-27 14:50:29,2386,3,2026-07-24 20:40:22,-1851573.9051,24269.1688,-1866529.6358
2026-07-27 14:50:29,2386,7,2026-07-27 14:46:21,-234653.8372,32653.8801,-234653.8372
2026-07-27 14:50:29,2388,3,2026-07-19 07:38:50,-116806.2324,0.0,-116806.2324
2026-07-27 14:50:29,2388,7,2026-07-27 14:44:59,-289772.1238,7232.538,-294014.4017
2026-07-27 14:50:29,2390,3,2026-07-24 17:07:47,429349.6438,12323.2963,434625.1347
2026-07-27 14:50:29,2390,7,2026-07-27 14:47:02,559443.0709,13943.9305,559443.0709
2026-07-27 14:50:29,2391,2,2026-07-27 14:41:27,-142592.425,4598.776,-142592.425
2026-07-27 14:50:29,2391,3,2026-06-09 13:00:35,35339.607,0.0,35339.607
2026-07-27 14:50:29,2391,7,2026-07-27 14:46:34,215747.28,9582.049,229089.737
2026-07-27 14:50:29,2391,10,2026-06-03 06:22:11,87267.874,0.0,109862.874
2026-07-27 14:50:29,2394,2,2026-07-24 19:02:39,600402.4879,66850.3647,600402.4879
2026-07-27 14:50:29,2394,3,2026-07-27 14:45:54,40038.6163,23925.7125,40038.6163
2026-07-27 14:50:29,2394,7,2026-07-22 14:09:39,-52072.8814,96.7149,-40749.9857
2026-07-27 14:50:29,2394,10,2026-06-03 07:15:34,9039.8697,0.0,9093.2246
2026-07-27 14:50:29,2408,2,2026-07-27 12:42:01,443633.655,449.61,458462.834
2026-07-27 14:50:29,2408,3,2026-06-25 08:20:05,2582.278,0.0,2582.278
2026-07-27 14:50:29,2408,7,2026-07-27 14:45:56,173132.662,5125.83,187245.841
2026-07-27 14:50:29,2416,2,2026-07-25 18:36:28,167185.441,0.003,173184.747
2026-07-27 14:50:29,2417,3,2026-06-24 21:44:46,7651.257,0.0,7651.257
2026-07-27 14:50:29,2417,7,2026-07-26 06:11:17,306913.314,5187.178,317494.528
2026-07-27 14:50:29,2455,2,2026-07-27 14:43:53,11902.2408,24047.7554,-9225.2239
2026-07-27 14:50:29,2455,3,2026-06-25 11:49:24,-27258.4132,0.0,-27258.4132
2026-07-27 14:50:29,2455,7,2026-07-27 14:46:38,21415.3898,5418.111,9662.0234
2026-07-27 14:50:29,2457,3,2026-06-29 17:15:03,39649.4768,0.0,39649.4768
2026-07-27 14:50:29,2457,7,2026-07-27 14:46:36,14612.8148,17152.186,18068.8091
2026-07-27 14:50:29,2459,2,2026-07-26 13:54:08,-1643880.8333,1471.5713,-1643880.8333
2026-07-27 14:50:29,2459,3,2026-06-03 08:23:30,-99659.0222,0.0,-99659.0222
2026-07-27 14:50:29,2459,7,2026-07-27 14:44:40,-1520710.9981,7668.9579,-1519388.978
2026-07-27 14:50:29,2459,10,2026-06-03 08:23:30,-10729.441,0.0,-6854.1392
2026-07-27 14:50:29,2462,7,2026-07-27 14:45:34,316708.2861,6037.6946,320098.9649
2026-07-27 14:50:29,2465,2,2026-07-27 14:44:29,-64154.0601,3845.394,-64154.0601
2026-07-27 14:50:29,2471,3,2026-06-03 07:10:50,-40667.004,0.0,-40667.004
2026-07-27 14:50:29,2471,7,2026-07-27 14:45:40,-209330.28,3460.588,-193634.161
2026-07-27 14:50:29,2476,3,2026-06-03 06:00:57,283.8138,0.0,283.8138
2026-07-27 14:50:29,2476,7,2026-07-27 14:46:22,-107562.9241,9964.944,-96730.5442
2026-07-27 14:50:29,2482,2,2026-07-27 14:03:50,-41343.3957,5396.747,-40622.417
2026-07-27 14:50:29,2482,3,2026-07-27 14:46:31,2177405.6265,7820.8896,2177326.6529
2026-07-27 14:50:29,2482,7,2025-03-13 16:03:26,-188.0,0.0,-188.0
2026-07-27 14:50:29,2486,3,2026-06-25 08:30:15,-35938.9957,0.0,-35938.9957
2026-07-27 14:50:29,2486,7,2026-07-27 14:27:59,-225050.0239,8973.1255,-217334.6549
2026-07-27 14:50:29,2487,3,2026-06-08 10:58:33,-31579.9725,0.0,-18590.3645
2026-07-27 14:50:29,2487,7,2026-07-26 18:49:58,-21398.6182,376.8039,-21398.6182
2026-07-27 14:50:29,2489,3,2026-06-25 07:34:49,47771.3544,0.0,47771.3544
2026-07-27 14:50:29,2489,7,2026-07-27 14:45:03,215237.8506,5926.5193,201060.9066
2026-07-27 14:50:29,2499,3,2026-07-01 02:45:43,-142208.257,-16.51,-142208.257
2026-07-27 14:50:29,2499,7,2026-07-27 14:46:35,-1010469.7009,834.7294,-963669.9892
2026-07-27 14:50:29,2500,2,2026-07-27 14:22:16,179185.6855,28899.486,181564.2428
2026-07-27 14:50:29,2500,3,2026-07-27 14:46:31,19232.0253,13976.1345,28465.02
2026-07-27 14:50:29,2500,7,2026-06-03 08:14:04,0.0,0.0,0.0
2026-07-27 14:50:29,2502,2,2026-07-27 14:44:23,-80360.8579,17631.0716,-90097.2315
2026-07-27 14:50:29,2502,3,2026-07-27 14:44:24,3311612.2096,6899.8249,3301933.8001
2026-07-27 14:50:29,2505,3,2026-06-18 16:41:17,28705.308,0.0,28705.308
2026-07-27 14:50:29,2505,7,2026-07-27 14:42:30,-171893.067,11687.898,-175985.481
2026-07-27 14:50:29,2514,3,2026-07-27 14:45:47,163581.0181,2376.0714,167843.1216
2026-07-27 14:50:29,2515,2,2026-07-27 14:42:05,-3462.7697,10523.7256,-8876.0874
2026-07-27 14:50:29,2515,3,2026-07-27 14:45:42,1169269.9336,1442.3375,1154249.3743
2026-07-27 14:50:29,2517,3,2026-07-07 01:35:34,15839.2165,0.0,15839.2165
2026-07-27 14:50:29,2517,7,2026-07-26 09:01:26,-260115.0816,314.7964,-260115.0816
2026-07-27 14:50:29,2519,3,2026-06-09 23:04:12,71888.333,0.0,71888.333
2026-07-27 14:50:29,2519,7,2026-07-27 14:44:50,45713.946,20961.211,45547.988
2026-07-27 14:50:29,2523,3,2026-06-25 08:57:58,-126426.8077,0.0,-126426.8077
2026-07-27 14:50:29,2523,7,2026-07-27 14:46:49,-1090836.5616,4481.3733,-1099451.1871
2026-07-27 14:50:29,2525,2,2026-07-26 15:59:57,-59867.7311,251.8877,-59867.7311
2026-07-27 14:50:29,2525,3,2026-06-23 11:45:38,14081.7863,0.0,14081.7863
2026-07-27 14:50:29,2525,7,2026-07-27 14:27:06,-100197.6702,8459.6749,-98471.232
2026-07-27 14:50:29,2525,10,2026-06-03 07:00:04,132370.6714,0.0,121130.4253
2026-07-27 14:50:29,2528,2,2026-07-27 14:44:44,90432.5447,12884.6385,91435.8428
2026-07-27 14:50:29,2528,3,2026-07-27 14:45:57,148787.925,2507.7677,156665.98
2026-07-27 14:50:29,2528,7,2026-06-03 06:20:28,0.0,0.0,0.0
2026-07-27 14:50:29,2531,3,2026-07-27 14:43:54,970625.128,37006.9163,975233.8177
2026-07-27 14:50:29,2535,3,2026-07-27 00:35:33,-257751.93,1059.1845,-256913.8284
2026-07-27 14:50:29,2535,7,2026-07-25 13:58:53,-422414.6207,-311.0558,-424383.8989
2026-07-27 14:50:29,2537,2,2026-07-27 14:46:23,-3419.0296,4629.6989,-2016.2483
2026-07-27 14:50:29,2537,3,2026-07-25 15:32:39,49487.9893,681.6203,51036.9476
2026-07-27 14:50:29,2543,2,2026-07-27 10:50:45,367918.727,10125.532,373834.202
2026-07-27 14:50:29,2543,3,2026-06-25 06:59:27,253598.678,0.0,253598.678
2026-07-27 14:50:29,2543,7,2026-07-27 14:03:28,543031.4398,0.805,567668.9238
2026-07-27 14:50:29,2545,2,2026-07-27 14:47:22,-1233569.9518,1455.1471,-1201674.0403
2026-07-27 14:50:29,2548,2,2026-07-27 14:32:12,-183298.0478,19995.2937,-183298.0478
2026-07-27 14:50:29,2548,10,2026-06-03 07:47:18,-32394.4783,0.0,-33467.9713
2026-07-27 14:50:29,2551,2,2026-07-27 14:45:14,-261921.0894,15261.7247,-229131.31
2026-07-27 14:50:29,2551,3,2026-07-27 14:45:14,-2433598.8709,19023.6398,-2321465.2408
2026-07-27 14:50:29,2552,2,2026-07-24 23:00:55,-58008.1586,60.2132,-58008.1586
2026-07-27 14:50:29,2552,3,2026-06-29 10:58:04,-40068.729,0.0,-46055.7694
2026-07-27 14:50:29,2552,7,2026-07-27 14:46:12,65515.9412,17579.5867,66477.6916
2026-07-27 14:50:29,2552,10,2026-06-03 07:13:13,8613.7686,0.0,550.2333
2026-07-27 14:50:29,2555,2,2026-07-25 10:51:50,-71440.0583,258.8208,-64817.4269
2026-07-27 14:50:29,2555,3,2026-06-24 19:57:23,-19366.0531,0.0,-19366.0531
2026-07-27 14:50:29,2555,7,2026-07-25 23:01:25,-220301.3729,419.219,-218771.2365
2026-07-27 14:50:29,2556,3,2026-06-25 08:25:06,29849.4677,0.0,29849.4677
2026-07-27 14:50:29,2556,7,2026-07-27 14:37:31,145848.578,4430.7682,146220.3385
2026-07-27 14:50:29,2559,2,2026-07-27 14:33:33,244038.3849,8794.6522,247654.4523
2026-07-27 14:50:29,2559,3,2026-07-27 14:40:26,77759.6608,12053.5528,78678.0181
2026-07-27 14:50:29,2559,7,2026-06-03 08:00:22,0.0,0.0,0.0
2026-07-27 14:50:29,2564,2,2026-07-26 07:26:32,-110814.1901,1327.1223,-107004.6092
2026-07-27 14:50:29,2564,3,2026-07-26 15:30:43,234603.2198,26.7227,237102.027
2026-07-27 14:50:29,2564,7,2026-07-27 14:44:37,-57987.6701,11461.8487,-49001.3515
2026-07-27 14:50:29,2567,2,2026-07-24 13:40:45,-971186.8065,278.516,-966695.7753
2026-07-27 14:50:29,2567,10,2026-06-03 08:57:48,-0.048,0.0,-0.048
2026-07-27 14:50:29,2571,2,2026-07-25 13:08:22,36280.2597,206.6299,36280.2597
2026-07-27 14:50:29,2571,10,2026-06-03 08:48:36,3282.92,0.0,3282.92
2026-07-27 14:50:29,2577,2,2026-07-26 13:33:55,-1397072.5518,12178.2222,-1397072.5518
2026-07-27 14:50:29,2578,2,2026-07-26 16:13:35,483652.3183,375.3407,485997.6873
2026-07-27 14:50:29,2578,3,2026-06-25 07:54:23,72032.1126,0.0,72032.1126
2026-07-27 14:50:29,2578,7,2026-07-27 14:44:06,119159.7445,704.8637,127113.1527
2026-07-27 14:50:29,2584,3,2026-06-03 08:11:41,0.0,0.0,0.0
2026-07-27 14:50:29,2584,7,2026-07-27 14:34:13,-84601.1783,5672.7266,-83947.1783
2026-07-27 14:50:29,2585,3,2026-07-26 17:22:25,-567147.7163,-517.2952,-563378.9392
2026-07-27 14:50:29,2585,7,2026-07-27 14:46:31,-662127.412,35287.9137,-648948.2118
2026-07-27 14:50:29,2590,3,2026-06-03 06:07:28,49948.16,0.0,49948.16
2026-07-27 14:50:29,2590,7,2026-07-27 14:46:03,-83951.53,6878.71,-83951.53
2026-07-27 14:50:29,2593,3,2026-06-03 08:48:31,-260092.2651,0.0,-260092.2651
2026-07-27 14:50:29,2593,7,2026-07-27 14:46:34,-4506064.8279,101449.3365,-4556382.4466
2026-07-27 14:50:29,2595,2,2026-07-26 12:57:20,-224382.311,559.6726,-224490.3506
2026-07-27 14:50:29,2595,3,2026-07-01 23:08:31,-33957.2315,0.0,-33957.2315
2026-07-27 14:50:29,2595,7,2026-07-27 14:46:32,-41675.4423,8158.8835,-41655.7473
2026-07-27 14:50:29,2597,3,2026-06-24 23:23:29,44695.738,0.0,44695.738
2026-07-27 14:50:29,2597,7,2026-07-27 14:46:37,169101.483,1057.888,178713.692
2026-07-27 14:50:29,2598,3,2026-06-24 15:17:29,32099.5939,0.0,32099.5939
2026-07-27 14:50:29,2598,7,2026-07-27 12:41:31,-127965.3136,6021.6917,-127907.3176
2026-07-27 14:50:29,2600,2,2026-07-25 17:56:17,6132.7025,1354.7825,-18266.0447
2026-07-27 14:50:29,2601,2,2026-07-27 14:47:26,221556.8333,18608.1315,223372.3873
2026-07-27 14:50:29,2601,3,2026-07-27 14:46:01,233838.1166,12410.1009,238009.7376
2026-07-27 14:50:29,2603,2,2026-07-27 11:04:15,14308.5656,5278.0251,14867.3667
2026-07-27 14:50:29,2603,3,2026-07-27 14:46:18,15229.783,19845.3629,23375.5044
2026-07-27 14:50:29,2603,7,2026-06-03 08:16:02,0.0,0.0,0.0
2026-07-27 14:50:29,2605,2,2026-07-27 14:44:11,785854.2696,11446.3233,787002.4199
2026-07-27 14:50:29,2605,3,2026-07-27 11:50:38,35363.599,179.9367,35569.28
2026-07-27 14:50:29,2605,7,2026-07-24 22:13:41,59330.3066,1112.0916,59329.7003
2026-07-27 14:50:29,2609,3,2026-07-18 08:12:20,-57048.6469,0.0,-57048.6469
2026-07-27 14:50:29,2609,7,2026-07-27 13:40:47,-152172.6887,249.5219,-139740.5482
2026-07-27 14:50:29,2610,3,2026-06-23 18:55:37,-102161.9466,0.0,-102161.9466
2026-07-27 14:50:29,2610,7,2026-07-27 14:41:11,-652460.1677,23167.249,-651360.0887
2026-07-27 14:50:29,2612,3,2026-06-26 17:49:47,19860.7136,0.0,19860.7136
2026-07-27 14:50:29,2612,7,2026-07-27 14:46:09,-7280.3768,1471.1308,-6375.0072
2026-07-27 14:50:29,2615,3,2026-06-24 16:18:24,23818.6397,0.0,23818.6397
2026-07-27 14:50:29,2615,7,2026-07-27 14:46:06,308633.5633,5298.6085,301446.0063
2026-07-27 14:50:29,2616,3,2026-07-25 15:50:04,-261399.9364,22000.0,-258308.535
2026-07-27 14:50:29,2616,7,2026-07-27 14:23:57,-36085.9115,-20961.797,-36085.9115
2026-07-27 14:50:29,2617,3,2026-07-25 12:22:34,-624813.6904,994.4102,-597609.8689
2026-07-27 14:50:29,2618,2,2026-07-27 13:09:33,265748.3164,260.4982,270269.3647
2026-07-27 14:50:29,2618,3,2026-07-27 13:23:57,376240.219,800.6759,390514.8716
2026-07-27 14:50:29,2624,3,2026-07-07 18:26:02,32260.673,0.0,32260.673
2026-07-27 14:50:29,2624,7,2026-07-27 14:46:35,69029.3484,10677.6658,69029.3484
2026-07-27 14:50:29,2627,2,2026-07-27 11:19:30,-429072.8886,5705.5766,-426457.4062
2026-07-27 14:50:29,2627,3,2026-07-27 09:26:49,-81731.2177,-561.6157,-81711.2177
2026-07-27 14:50:29,2627,7,2026-07-27 14:41:49,-235925.7144,6141.3526,-232088.7226
2026-07-27 14:50:29,2637,3,2026-07-26 20:30:13,-57136.74,648.25,-56585.74
2026-07-27 14:50:29,2637,7,2026-07-27 14:46:11,-229347.8,650.32,-227127.96
2026-07-27 14:50:29,2640,2,2026-07-26 00:03:59,1138013.811,9127.081,1138013.49
2026-07-27 14:50:29,2640,3,2026-06-25 03:29:29,48476.868,0.0,48476.868
2026-07-27 14:50:29,2640,7,2026-07-26 04:05:06,262902.755,266.288,262729.859
2026-07-27 14:50:29,2642,2,2026-07-27 10:26:46,-547753.4285,314.1381,-534069.0825
2026-07-27 14:50:29,2643,2,2026-07-27 14:26:38,196300.5914,22614.4307,202788.2868
2026-07-27 14:50:29,2643,3,2026-07-02 12:19:33,-1946.3247,-161.632,-1946.3247
2026-07-27 14:50:29,2643,7,2026-07-27 14:46:51,170572.7168,5134.1816,170572.0824
2026-07-27 14:50:29,2644,2,2026-07-27 14:45:35,-320245.7696,13387.364,-318014.7696
2026-07-27 14:50:29,2644,3,2026-07-26 18:38:32,-963335.5869,47.1831,-961001.0714
2026-07-27 14:50:29,2644,7,2026-07-25 11:26:29,-1062756.4492,829.0153,-1062897.5728
2026-07-27 14:50:29,2645,3,2026-07-27 14:46:32,-943876.7378,32838.1599,-925964.4327
2026-07-27 14:50:29,2646,2,2026-07-27 14:38:42,-237947.351,21122.6571,-237482.9233
2026-07-27 14:50:29,2646,3,2026-07-27 14:45:26,-273070.7812,5477.5239,-272642.28
2026-07-27 14:50:29,2646,7,2026-06-03 06:17:12,0.0,0.0,0.0
2026-07-27 14:50:29,2647,2,2026-07-26 13:24:17,-585117.7023,2453.923,-585117.7023
2026-07-27 14:50:29,2647,10,2026-06-03 06:14:35,1455.0785,0.0,1428.2484
2026-07-27 14:50:29,2648,3,2026-07-07 14:03:54,52368.3511,-23.4195,52368.3511
2026-07-27 14:50:29,2648,7,2026-07-27 14:46:52,359800.9435,1835.7545,361511.5895
2026-07-27 14:50:29,2654,3,2026-06-03 00:01:57,-34626.408,0.0,-34626.408
2026-07-27 14:50:29,2654,7,2026-07-27 14:45:13,-2370067.394,462.445,-2368708.306
2026-07-27 14:50:29,2656,2,2026-07-27 14:29:10,-195871.309,11236.583,-170310.42
2026-07-27 14:50:29,2657,3,2026-06-25 10:16:36,94139.9814,0.0,94139.9814
2026-07-27 14:50:29,2657,7,2026-07-27 14:46:47,760455.2104,28267.5653,758203.2044
2026-07-27 14:50:29,2668,3,2026-06-03 08:09:35,85204.4639,0.0,85204.4639
2026-07-27 14:50:29,2668,7,2026-07-26 21:22:11,-77559.0609,446.0822,-75655.2826
2026-07-27 14:50:29,2677,3,2026-07-15 16:21:55,119828.9504,0.0,119828.9504
2026-07-27 14:50:29,2677,7,2026-07-27 10:38:51,-242910.5496,3930.7958,-96286.5494
2026-07-27 14:50:29,2688,2,2026-07-27 11:14:33,243588.1716,9640.2332,236529.0974
2026-07-27 14:50:29,2688,3,2026-07-27 10:41:41,11483.4022,9000.0,6307.3472
2026-07-27 14:50:29,2688,7,2026-07-27 14:46:13,73702.2675,8101.2408,73702.2675
2026-07-27 14:50:29,2689,3,2026-07-03 08:01:28,-96635.0735,0.0,-89520.9913
2026-07-27 14:50:29,2689,7,2026-07-27 14:46:30,99240.1553,14405.0257,99412.1968
2026-07-27 14:50:29,2697,2,2026-07-27 11:25:15,191532.086,63784.674,211880.636
2026-07-27 14:50:29,2697,3,2026-06-24 21:59:09,8790.341,0.0,8790.341
2026-07-27 14:50:29,2697,7,2026-07-27 11:49:51,405921.028,11770.52,415916.506
2026-07-27 14:50:29,2698,2,2026-07-25 06:08:42,-218138.8856,166.9079,-218138.8856
2026-07-27 14:50:29,2698,3,2026-07-01 00:35:16,16519.7515,0.0,16342.3738
2026-07-27 14:50:29,2698,7,2026-07-27 14:42:07,-96213.0497,20070.5952,-96237.7229
2026-07-27 14:50:29,2698,10,2026-06-03 07:51:18,45085.3121,0.0,45001.2993
2026-07-27 14:50:29,2706,3,2026-06-03 05:15:51,65137.2927,0.0,65137.2927
2026-07-27 14:50:29,2706,7,2026-07-27 14:47:00,1680930.424,46067.6536,1680594.0887
2026-07-27 14:50:29,2711,2,2026-07-25 08:05:27,393003.4858,6.3825,393003.4858
2026-07-27 14:50:29,2711,3,2026-07-18 11:17:08,66391.2991,0.0,66391.2991
2026-07-27 14:50:29,2711,7,2026-07-25 10:22:36,58424.4231,72.1358,58424.4231
2026-07-27 14:50:29,2711,10,2026-06-03 07:01:45,161337.5346,0.0,165205.2857
2026-07-27 14:50:29,2718,3,2026-07-27 12:30:45,-668845.195,417.0207,-657169.9087
2026-07-27 14:50:29,2718,7,2025-03-13 16:03:26,724.0,0.0,724.0
2026-07-27 14:50:29,2722,2,2026-07-25 21:25:58,459455.7237,977.1556,460463.4045
2026-07-27 14:50:29,2722,3,2026-07-26 12:35:49,371401.0643,325.2823,393331.7312
2026-07-27 14:50:29,2722,7,2026-06-03 06:10:37,0.0,0.0,0.0
2026-07-27 14:50:29,2722,10,2026-06-03 06:10:37,0.0,0.0,0.0
2026-07-27 14:50:29,2724,3,2026-06-03 08:22:13,-104485.854,0.0,-104485.854
2026-07-27 14:50:29,2724,7,2026-07-27 14:46:15,-57484.532,16545.32,-69253.479
2026-07-27 14:50:29,2729,2,2026-07-27 14:43:40,234994.359,3651.391,246622.529
2026-07-27 14:50:29,2729,3,2026-06-25 05:19:07,16382.759,0.0,16382.759
2026-07-27 14:50:29,2729,7,2026-07-27 14:44:42,374640.079,4951.984,384097.3
2026-07-27 14:50:29,2730,3,2026-06-03 08:24:08,-70381.761,0.0,-70381.761
2026-07-27 14:50:29,2730,7,2026-07-27 14:46:13,21895.58,4793.576,25634.266
2026-07-27 14:50:29,2740,3,2026-06-03 08:50:37,16000.0,0.0,16000.0
2026-07-27 14:50:29,2740,7,2026-07-27 14:34:31,-304069.7601,3673.1866,-302874.9091
2026-07-27 14:50:29,2744,2,2026-07-27 14:43:44,86731.835,19604.75,86731.835
2026-07-27 14:50:29,2744,10,2026-07-08 14:32:58,218138.5457,0.0,221000.9654
2026-07-27 14:50:29,2753,2,2026-07-27 14:46:34,-393628.7836,15829.5137,-393621.7956
2026-07-27 14:50:29,2754,3,2026-06-19 15:45:48,61551.902,0.0,61551.902
2026-07-27 14:50:29,2754,7,2026-07-27 14:46:53,-122009.297,15851.689,-112462.985
2026-07-27 14:50:29,2760,3,2026-07-20 18:41:06,-9222.314,15000.0,-9222.314
2026-07-27 14:50:29,2760,7,2026-07-27 14:45:59,152556.084,10340.87,152556.084
2026-07-27 14:50:29,2763,2,2026-07-24 19:09:32,-16079.1903,826.8238,-16220.1905
2026-07-27 14:50:29,2763,3,2026-06-25 17:12:54,-4707.1257,0.0,-4707.1257
2026-07-27 14:50:29,2763,7,2026-07-25 07:39:27,51588.4933,128.3771,51537.2139
2026-07-27 14:50:29,2769,2,2026-07-25 14:03:04,252716.431,23920.7201,252412.7597
2026-07-27 14:50:29,2770,3,2026-06-03 08:28:44,-25546.363,0.0,-25546.363
2026-07-27 14:50:29,2770,7,2026-07-27 14:46:09,301270.88,7470.447,308989.749
2026-07-27 14:50:29,2773,2,2026-07-27 14:47:30,698187.7921,16031.74,698187.7921
2026-07-27 14:50:29,2773,3,2026-06-03 08:42:23,-22079.269,0.0,-22079.269
2026-07-27 14:50:29,2773,7,2026-07-27 14:43:57,1091923.428,4249.269,1092818.202
2026-07-27 14:50:29,2773,10,2026-07-04 16:39:54,428596.1948,0.0,421326.1948
2026-07-27 14:50:29,2781,3,2026-06-09 16:13:39,75539.087,0.0,75539.087
2026-07-27 14:50:29,2781,7,2026-07-25 13:34:38,77297.978,119.3,77297.748
2026-07-27 14:50:29,2782,3,2026-06-24 19:55:29,1884.7004,0.0,1884.7004
2026-07-27 14:50:29,2782,7,2026-07-26 14:10:31,81549.6472,217.9767,81765.7594
2026-07-27 14:50:29,2786,2,2026-07-27 14:44:53,35438.9555,25670.2328,41879.6812
2026-07-27 14:50:29,2786,3,2026-06-25 18:56:27,-28181.3919,0.0,-28181.3919
2026-07-27 14:50:29,2786,7,2026-07-27 14:47:02,419805.1476,5694.2651,422241.9972
2026-07-27 14:50:29,2789,2,2026-07-24 11:29:31,119576.2648,163.2342,118997.0039
2026-07-27 14:50:29,2789,3,2026-06-25 08:42:03,32230.3415,0.0,32230.3415
2026-07-27 14:50:29,2789,7,2026-07-25 09:56:15,108258.426,110.0064,110341.0508
2026-07-27 14:50:29,2793,2,2026-07-27 13:58:23,22579.11,6632.0124,22579.11
2026-07-27 14:50:29,2793,10,2026-06-03 00:52:18,78915.1501,0.0,78915.1501
2026-07-27 14:50:29,2794,2,2026-07-27 14:44:34,463418.7294,7444.5177,465185.3207
2026-07-27 14:50:29,2794,3,2026-06-25 11:19:21,69946.7438,0.0,69946.7438
2026-07-27 14:50:29,2794,7,2026-07-27 14:47:16,443649.4934,7123.763,445092.0186
2026-07-27 14:50:29,2798,3,2026-07-25 14:58:25,151426.9009,183.6827,151550.272
2026-07-27 14:50:29,2798,7,2026-07-27 11:30:48,184864.5183,20426.1196,191206.6777
2026-07-27 14:50:29,2800,2,2026-07-27 14:45:05,368755.678,6809.427,369352.878
2026-07-27 14:50:29,2800,3,2026-06-24 21:36:33,27274.349,0.0,27274.349
2026-07-27 14:50:29,2800,7,2026-07-27 14:45:53,242424.162,781.724,249029.992
2026-07-27 14:50:29,2803,2,2026-07-27 14:43:20,-810379.409,2828.94,-810379.409
2026-07-27 14:50:29,2803,10,2026-06-03 08:28:50,6582.141,0.0,6478.519
2026-07-27 14:50:29,2804,2,2026-07-27 11:00:19,11934.9381,4190.4693,17074.3806
2026-07-27 14:50:29,2804,3,2026-07-27 14:46:22,293535.4872,5678.8975,304941.6094
2026-07-27 14:50:29,2804,7,2026-07-26 21:20:10,28685.7998,12022.1068,28685.7998
2026-07-27 14:50:29,2805,2,2026-07-27 14:10:42,-160852.18,1275.42,-160852.18
2026-07-27 14:50:29,2805,3,2026-06-03 08:04:14,356.19,0.0,814.19
2026-07-27 14:50:29,2805,7,2026-07-27 14:14:50,-188496.9812,4481.0,-197831.3452
2026-07-27 14:50:29,2805,10,2026-06-03 08:04:14,92405.9332,0.0,80102.1592
2026-07-27 14:50:29,2808,2,2026-07-25 23:03:07,-553730.0225,36.9,-553730.0225
2026-07-27 14:50:29,2808,10,2026-06-03 08:45:00,101684.8878,0.0,79419.6098
2026-07-27 14:50:29,2818,2,2026-07-27 14:44:45,-1184069.0344,7799.7028,-1187052.8659
2026-07-27 14:50:29,2821,2,2026-07-27 13:04:22,15199.8553,13792.9497,31979.1375
2026-07-27 14:50:29,2821,3,2026-07-27 14:46:20,88634.1395,7756.522,95728.7334
2026-07-27 14:50:29,2821,10,2026-06-03 07:23:51,0.0,0.0,0.0
2026-07-27 14:50:29,2822,2,2026-07-27 14:37:34,21484.307,2612.095,38220.7751
2026-07-27 14:50:29,2822,3,2026-07-27 14:46:20,371637.8177,18574.7723,387276.225
2026-07-27 14:50:29,2824,2,2026-07-27 11:31:24,134642.0998,2009.9392,134642.0998
2026-07-27 14:50:29,2824,3,2026-07-19 08:02:40,34803.699,0.0,34803.699
2026-07-27 14:50:29,2824,7,2026-07-26 14:22:35,235959.7653,533.5568,235958.7653
2026-07-27 14:50:29,2824,10,2026-06-03 07:14:15,93172.0173,0.0,93172.0173
2026-07-27 14:50:29,2825,2,2026-07-27 09:51:38,-103493.9013,349.3948,-102257.0528
2026-07-27 14:50:29,2829,2,2026-07-25 13:10:58,138283.1869,57.1412,138283.1869
2026-07-27 14:50:29,2829,3,2026-06-24 07:57:10,11077.1089,0.0,11077.1089
2026-07-27 14:50:29,2829,7,2026-07-26 17:16:58,65137.1657,1107.4434,65137.1657
2026-07-27 14:50:29,2833,2,2026-07-26 22:25:38,287800.3211,20800.0,287800.3211
2026-07-27 14:50:29,2833,3,2026-07-19 12:40:04,153270.4325,-6951.7805,153270.4325
2026-07-27 14:50:29,2833,7,2026-07-27 09:05:11,408155.78,127481.7343,424540.685
2026-07-27 14:50:29,2833,10,2026-06-03 00:54:55,31780.001,0.0,31779.4074
2026-07-27 14:50:29,2853,3,2026-06-25 08:23:16,-112234.8562,0.0,-112234.8562
2026-07-27 14:50:29,2853,7,2026-07-27 14:46:57,-868415.4638,5105.8727,-868287.552
2026-07-27 14:50:29,2856,3,2026-06-25 08:13:11,2733.8571,0.0,2733.8571
2026-07-27 14:50:29,2856,7,2026-07-26 08:34:19,34840.3472,298.8913,34900.573
2026-07-27 14:50:29,2857,2,2026-07-27 13:42:59,-77149.3147,2174.89,-77629.1939
2026-07-27 14:50:29,2857,3,2026-07-27 12:38:45,-160230.485,2412.5,-158745.5397
2026-07-27 14:50:29,2877,3,2026-06-25 08:58:56,163265.676,0.0,163265.676
2026-07-27 14:50:29,2877,7,2026-07-27 14:47:09,165185.056,6085.83,165184.654
2026-07-27 14:50:29,2903,3,2026-07-27 14:36:33,-41421.2077,4702.3908,-30249.1954
2026-07-27 14:50:29,2905,2,2026-07-27 11:37:52,138284.5203,7435.85,274325.1601
2026-07-27 14:50:29,2911,2,2026-07-27 14:38:36,-190135.71,41081.31,-153393.77
2026-07-27 14:50:29,2916,2,2026-07-26 23:30:59,119347.8091,85.386,119121.6121
2026-07-27 14:50:29,2916,3,2026-06-26 12:27:41,27020.329,0.0,27020.329
2026-07-27 14:50:29,2916,7,2026-07-27 14:46:46,101614.25,5733.653,102792.969
2026-07-27 14:50:29,2928,2,2026-07-26 09:49:18,1602387.3075,353.7652,1602387.3075
2026-07-27 14:50:29,2928,3,2026-07-16 11:01:39,489103.97,0.0,547799.6145
2026-07-27 14:50:29,2928,7,2026-07-27 11:46:25,4507727.4786,22237.3374,4507727.4786
2026-07-27 14:50:29,2928,10,2026-06-03 08:27:17,48508.4694,0.0,48888.456
2026-07-27 14:50:29,2929,3,2026-06-03 08:14:32,0.0398,0.0,0.0398
2026-07-27 14:50:29,2929,7,2026-07-27 14:44:11,81761.7096,9722.8722,83819.9841
2026-07-27 14:50:29,2931,2,2026-07-27 14:11:08,-400964.0849,104252.3765,-396010.6263
2026-07-27 14:50:29,2931,3,2026-06-21 12:31:45,-15527.2973,0.0,-12545.7635
2026-07-27 14:50:29,2931,7,2026-07-27 14:47:15,-207708.5181,14463.3151,-207708.5181
2026-07-27 14:50:29,2940,2,2026-07-27 12:26:51,-7807.6278,4211.84,-10027.9666
2026-07-27 14:50:29,2940,3,2026-07-27 14:46:11,-13271.7779,6963.17,-16506.0719
2026-07-27 14:50:29,2943,3,2026-07-10 06:51:31,-19289.3804,0.0,-19289.3804
2026-07-27 14:50:29,2943,7,2026-07-27 14:46:56,-662741.5841,4666.47,-662741.5841
2026-07-27 14:50:29,2946,3,2026-06-03 06:26:53,0.0,0.0,0.0
2026-07-27 14:50:29,2946,7,2026-07-27 14:31:26,260482.5735,44918.3922,262143.0535
2026-07-27 14:50:29,2950,2,2026-07-27 04:01:04,327837.1335,847.1016,327836.3935
2026-07-27 14:50:29,2950,3,2026-06-25 16:24:47,20615.5343,0.0,20615.5343
2026-07-27 14:50:29,2950,7,2026-07-26 10:40:52,200332.6409,257.6548,200332.3759
2026-07-27 14:50:29,2954,2,2026-07-26 07:47:09,-337501.816,8365.733,-337482.168
2026-07-27 14:50:29,2954,3,2026-06-25 16:56:59,-1301.282,0.0,-1301.282
2026-07-27 14:50:29,2954,7,2026-07-26 17:31:15,-281348.833,12227.76,-279468.057
2026-07-27 14:50:29,2956,2,2026-07-27 14:46:54,-32256.3633,5425.133,-32256.3633
2026-07-27 14:50:29,2956,10,2026-06-01 07:28:35,-17741.6375,0.0,24967.0104
2026-07-27 14:50:29,2957,2,2026-07-27 14:46:20,188895.2558,13288.96,188894.7844
2026-07-27 14:50:29,2957,3,2026-07-27 14:46:20,156023.8963,18175.34,166441.429
2026-07-27 14:50:29,2958,2,2026-07-27 00:05:27,127360.3382,1956.699,127360.3382
2026-07-27 14:50:29,2958,3,2026-06-03 07:14:11,310861.2153,0.0,310956.3434
2026-07-27 14:50:29,2958,7,2026-07-27 12:39:46,331832.6586,16851.7462,348661.8348
2026-07-27 14:50:29,2958,10,2026-06-03 07:14:11,60435.569,0.0,60704.569
2026-07-27 14:50:29,2960,2,2026-07-27 14:05:49,172805.2126,14992.2526,172722.3841
2026-07-27 14:50:29,2960,3,2026-07-27 14:46:39,12253.2263,10007.8969,12523.6809
2026-07-27 14:50:29,2974,2,2026-07-27 14:31:59,-686631.8748,6945.51,-688138.0715
2026-07-27 14:50:29,2974,3,2026-07-27 14:46:15,-243536.4336,6555.04,-238864.8597
2026-07-27 14:50:29,2974,7,2026-07-17 12:48:06,-260699.3893,0.0,-260699.3893
2026-07-27 14:50:29,2979,2,2026-07-27 14:47:29,-1720204.5345,22529.17,-1718957.5819
2026-07-27 14:50:29,2979,3,2026-07-27 14:46:07,-737255.8653,29781.12,-617801.9107
2026-07-27 14:50:29,2980,2,2026-07-27 14:34:28,-98818.1412,3583.25,-109907.6499
2026-07-27 14:50:29,2980,3,2026-07-27 14:46:47,-103585.7654,2538.27,-109489.7728
2026-07-27 14:50:29,2981,2,2026-07-27 14:46:59,-1211359.9634,6329.96,-1189681.7914
2026-07-27 14:50:29,2982,3,2026-07-27 14:44:39,-260329.4623,2663.6191,-264346.7872
2026-07-27 14:50:29,2982,7,2026-06-03 08:35:10,0.0,0.0,0.0
2026-07-27 14:50:29,2989,3,2026-07-09 18:20:00,-22293.61,-25730.48,-22293.61
2026-07-27 14:50:29,2989,7,2026-07-27 14:46:39,545948.7745,284471.7,545968.5315
2026-07-27 14:50:29,3005,3,2026-06-25 09:44:56,17302.543,0.0,17302.543
2026-07-27 14:50:29,3005,7,2026-07-27 14:47:01,221479.801,3370.206,229938.04
2026-07-27 14:50:29,3011,2,2026-07-23 14:55:52,494498.6113,2968.406,914498.6113
2026-07-27 14:50:29,3011,10,2026-06-03 08:45:02,268421.73,0.0,342391.838
2026-07-27 14:50:29,3013,2,2026-07-27 07:50:28,-2142854.141,445.99,-2142854.141
2026-07-27 14:50:29,3013,10,2026-06-03 06:06:23,18399.806,0.0,-4002.27
2026-07-27 14:50:29,3021,2,2026-07-27 11:35:35,-837430.2196,9585.62,-808907.4309
2026-07-27 14:50:29,3021,3,2026-06-19 12:30:06,-531276.7539,-21001.8,-455174.6524
2026-07-27 14:50:29,3021,7,2026-07-27 14:45:50,30611.45,55950.7,30611.45
2026-07-27 14:50:29,3032,2,2026-07-27 13:51:51,376133.583,39317.967,379226.213
2026-07-27 14:50:29,3032,3,2026-06-25 07:46:22,-12295.143,0.0,-12295.143
2026-07-27 14:50:29,3032,7,2026-07-27 14:47:06,-36187.208,7709.315,-19683.256
2026-07-27 14:50:29,3040,2,2026-07-27 10:31:41,-1278476.8081,905.6531,-1278476.8081
2026-07-27 14:50:29,3040,10,2026-06-03 00:19:48,24844.0888,0.0,24844.0888
2026-07-27 14:50:29,3044,3,2025-07-04 06:41:44,52895.8553,0.0,52895.8553
2026-07-27 14:50:29,3044,7,2026-07-27 14:46:39,-10608.7683,9901.1599,-1090.1202
2026-07-27 14:50:29,3050,3,2026-07-06 12:22:18,8883.4634,0.0,8883.4634
2026-07-27 14:50:29,3050,7,2026-07-26 15:33:59,183956.5881,114.309,189440.247
2026-07-27 14:50:29,3055,2,2026-07-27 14:35:55,447636.959,17638.98,447711.915
2026-07-27 14:50:29,3055,3,2026-06-25 06:46:32,174080.895,0.0,174080.895
2026-07-27 14:50:29,3055,7,2026-07-27 14:46:53,273695.272,11545.267,274647.6
2026-07-27 14:50:29,3063,2,2026-07-27 12:57:35,-57303.656,583.606,-57202.752
2026-07-27 14:50:29,3063,10,2026-06-03 08:39:31,0.0,0.0,0.0
2026-07-27 14:50:29,3065,7,2026-07-27 14:40:40,99625.3593,4556.3551,99193.7972
2026-07-27 14:50:29,3066,2,2026-07-26 02:18:30,-851155.259,2999.995,-849690.451
2026-07-27 14:50:29,3066,3,2026-06-24 18:13:58,11149.276,0.0,11149.276
2026-07-27 14:50:29,3066,7,2026-07-27 14:46:30,-802502.725,3885.349,-802427.776
2026-07-27 14:50:29,3073,3,2026-06-03 01:26:54,0.0,0.0,0.0
2026-07-27 14:50:29,3073,7,2026-07-27 11:07:48,56306.8599,7381.9938,62591.2089
2026-07-27 14:50:29,3074,3,2026-06-03 06:59:32,1181.469,0.0,1181.469
2026-07-27 14:50:29,3074,7,2026-07-27 14:42:30,-53711.906,6149.615,-53711.906
2026-07-27 14:50:29,3077,3,2026-07-25 09:49:46,33481.3319,12000.0,33481.3319
2026-07-27 14:50:29,3077,7,2026-07-27 13:02:32,112311.2107,36.4378,107007.4869
2026-07-27 14:50:29,3079,2,2026-07-25 14:36:25,-7751.807,3402.528,-7751.807
2026-07-27 14:50:29,3079,3,2026-06-03 07:50:16,-17758.478,0.0,-17758.478
2026-07-27 14:50:29,3079,7,2026-07-27 14:46:41,-307464.577,7416.189,-304731.686
2026-07-27 14:50:29,3079,10,2026-06-03 07:50:16,13182.864,0.0,31577.96
2026-07-27 14:50:29,3081,2,2026-07-26 10:28:46,264211.624,0.002,266105.895
2026-07-27 14:50:29,3083,3,2026-07-21 18:09:33,-123307.1355,91.954,-123307.1355
2026-07-27 14:50:29,3083,7,2026-07-26 11:21:16,-363380.4032,1596.2307,-354250.6685
2026-07-27 14:50:29,3086,3,2026-06-03 08:38:54,-155081.9824,0.0,-155081.9824
2026-07-27 14:50:29,3086,7,2026-07-27 14:45:28,6314083.8619,99796.8802,6397087.7084
2026-07-27 14:50:29,3090,3,2026-06-26 07:27:02,-126555.408,0.0,-126555.408
2026-07-27 14:50:29,3090,7,2026-07-25 21:06:54,-917013.801,44.507,-907618.71
2026-07-27 14:50:29,3095,3,2026-06-25 10:53:14,6216.626,0.0,6216.626
2026-07-27 14:50:29,3095,7,2026-07-27 14:47:21,512858.0836,10637.78,514870.6666
2026-07-27 14:50:29,3098,2,2026-07-25 17:31:00,-118768.249,12000.0,-117320.315
2026-07-27 14:50:29,3098,3,2026-06-25 08:05:21,-24585.612,0.0,-24585.612
2026-07-27 14:50:29,3098,7,2026-07-27 14:47:25,-140430.133,6350.524,-139201.168
2026-07-27 14:50:29,3099,3,2026-06-03 07:58:34,-228.814,0.0,-228.814
2026-07-27 14:50:29,3099,7,2026-07-27 14:45:06,-194480.748,10364.112,-179943.319
2026-07-27 14:50:29,3102,3,2026-06-25 07:59:59,45238.914,0.0,45238.914
2026-07-27 14:50:29,3102,7,2026-07-27 14:46:17,14699.074,1401.932,7748.535
2026-07-27 14:50:29,3111,3,2026-07-02 15:59:16,-538581.846,0.0,-531173.1844
2026-07-27 14:50:29,3111,7,2026-07-27 14:46:13,-138991.0,11928.2,-138991.0
2026-07-27 14:50:29,3115,2,2026-07-27 14:45:12,-31069.075,8811.282,-28258.032
2026-07-27 14:50:29,3115,3,2026-06-25 14:54:56,-41856.347,0.0,-41856.347
2026-07-27 14:50:29,3115,7,2026-07-27 14:47:10,-124408.642,22037.942,-115459.35
2026-07-27 14:50:29,3119,2,2026-07-25 19:40:51,3454.3243,1098.2898,3431.7127
2026-07-27 14:50:29,3119,3,2026-07-26 20:46:22,-38099.2541,229.0665,-37625.5044
2026-07-27 14:50:29,3124,2,2026-07-27 10:09:29,-793151.4743,76.373,-802763.7263
2026-07-27 14:50:29,3133,2,2026-07-25 19:05:00,-976037.5672,281.0407,-975363.104
2026-07-27 14:50:29,3133,3,2026-06-25 11:36:24,-58078.6921,0.0,-58078.6921
2026-07-27 14:50:29,3133,7,2026-07-26 10:21:44,-939261.2276,3584.081,-933606.4924
2026-07-27 14:50:29,3134,3,2026-06-24 21:20:59,21035.599,0.0,21035.599
2026-07-27 14:50:29,3134,7,2026-07-27 12:36:30,259421.3569,5935.493,256511.1339
2026-07-27 14:50:29,3135,2,2026-07-27 10:13:34,844588.9404,328.338,863143.2654
2026-07-27 14:50:29,3135,3,2026-06-24 14:35:11,35328.842,0.0,35328.842
2026-07-27 14:50:29,3135,7,2026-07-27 14:46:40,158492.016,12858.371,160532.111
2026-07-27 14:50:29,3140,3,2026-07-06 16:17:53,23100.5802,-66.1006,23100.5802
2026-07-27 14:50:29,3140,7,2026-07-27 14:44:28,308984.1746,837.9593,311667.5728
2026-07-27 14:50:29,3149,2,2026-07-27 14:47:07,154786.513,17348.4493,156697.632
2026-07-27 14:50:29,3149,3,2026-06-03 06:29:31,28900.0,0.0,28900.0
2026-07-27 14:50:29,3149,7,2026-07-27 14:23:36,404597.3483,9389.2035,406825.1973
2026-07-27 14:50:29,3151,2,2026-07-26 14:53:55,156097.8831,469.431,156097.8831
2026-07-27 14:50:29,3158,2,2026-07-27 13:22:06,-19007.2765,1210.6248,-17745.0665
2026-07-27 14:50:29,3158,3,2026-06-25 21:46:05,32500.0,0.0,32500.0
2026-07-27 14:50:29,3158,7,2026-07-26 11:20:43,74795.7971,147.1894,74795.7971
2026-07-27 14:50:29,3170,2,2026-07-25 18:21:24,-572169.5161,35.1142,-570791.9014
2026-07-27 14:50:29,3185,2,2026-07-27 14:40:36,-85483.4266,3985.81,-79941.4726
2026-07-27 14:50:29,3186,7,2026-07-27 14:46:11,-162685.603,3926.89,-158203.34
2026-07-27 14:50:29,3191,2,2026-07-26 16:58:39,-69433.2305,770.3436,-69433.2305
2026-07-27 14:50:29,3191,10,2026-06-03 06:12:56,-1961.1055,0.0,-1961.1055
2026-07-27 14:50:29,3192,7,2026-07-27 14:46:41,115784.2562,7925.398,126855.7842
2026-07-27 14:50:29,3207,3,2026-06-03 07:05:01,19799.7891,0.0,19799.7891
2026-07-27 14:50:29,3207,7,2026-07-27 14:37:09,-1619937.1801,15042.5537,-1619936.9694
2026-07-27 14:50:29,3211,7,2026-07-27 14:46:36,-281154.7655,14382.4815,-279737.3335
2026-07-27 14:50:29,3216,2,2026-07-25 13:58:26,36383.1099,1774.0265,36378.2979
2026-07-27 14:50:29,3216,3,2026-06-03 06:27:54,0.0,0.0,0.0
2026-07-27 14:50:29,3216,7,2026-07-27 14:43:03,-7966.5767,430.9489,-7975.9847
2026-07-27 14:50:29,3220,3,2026-07-25 21:54:54,-259594.7968,-3.2039,-259594.7968
2026-07-27 14:50:29,3220,7,2026-07-27 13:13:51,-664325.9926,7179.7564,-664325.9926
2026-07-27 14:50:29,3221,2,2026-07-27 12:17:45,-437521.452,1301.924,-437521.452
2026-07-27 14:50:29,3221,3,2026-07-18 13:56:38,-9248.826,0.0,-9248.826
2026-07-27 14:50:29,3221,7,2026-07-27 10:53:14,-204701.958,31472.881,-204701.958
2026-07-27 14:50:29,3221,10,2026-06-03 08:15:47,15336.974,0.0,15340.734
2026-07-27 14:50:29,3227,2,2026-07-24 15:58:39,-405025.7944,16874.991,-405025.7944
2026-07-27 14:50:29,3227,10,2026-06-03 08:54:27,-40451.576,0.0,-33421.184
2026-07-27 14:50:29,3237,3,2026-06-25 07:48:55,-18416.1861,0.0,-18416.1861
2026-07-27 14:50:29,3237,7,2026-07-27 14:46:49,-130307.5853,4259.9618,-128806.2343
2026-07-27 14:50:29,3241,2,2026-07-27 06:52:21,-673625.1186,1011.1413,-673625.1186
2026-07-27 14:50:29,3241,10,2026-06-03 08:54:21,26634.9232,0.0,26634.9232
2026-07-27 14:50:29,3242,3,2026-06-03 08:29:11,0.057,0.0,0.057
2026-07-27 14:50:29,3242,7,2026-07-27 14:46:12,-1119387.654,10184.595,-1119387.654
2026-07-27 14:50:29,3246,3,2026-06-30 23:05:52,-289645.6912,0.0,-289645.6912
2026-07-27 14:50:29,3246,7,2026-07-27 14:46:36,-2049440.4811,16350.9851,-2049440.4811
2026-07-27 14:50:29,3251,7,2026-07-27 14:45:49,-271906.5113,5622.6616,-271907.2102
2026-07-27 14:50:29,3252,2,2026-07-25 20:38:23,-918470.5624,604.9685,-918470.5624
2026-07-27 14:50:29,3252,10,2026-06-03 06:40:45,4742.4018,0.0,4742.4018
2026-07-27 14:50:29,3259,2,2026-07-27 14:41:15,-2580.6,6967.3427,-2580.6
2026-07-27 14:50:29,3259,3,2026-07-27 14:42:49,-13456.5736,4482.4875,-13456.5736
2026-07-27 14:50:29,3262,2,2026-07-25 20:45:00,-19135.57,4456.15,-19135.57
2026-07-27 14:50:29,3262,3,2026-07-26 13:55:05,-9343.06,1344.92,-9343.06
2026-07-27 14:50:29,3267,2,2026-07-26 06:56:36,-23127.772,3971.7058,-23127.772
2026-07-27 14:50:29,3267,3,2026-06-25 11:55:01,-2415.5908,0.0,-2415.5908
2026-07-27 14:50:29,3267,7,2026-07-26 09:27:24,4132.7842,5918.4469,4132.7842
2026-07-27 14:50:29,3277,2,2026-07-27 14:39:12,4728.2465,10409.0909,4728.2465
2026-07-27 14:50:29,3277,3,2026-07-27 14:39:12,16503.9831,6117.8952,16503.9831
2026-07-27 14:50:29,4023,2,2026-07-22 14:33:59,-9336.7392,587.6517,-9090.7392
2026-07-27 14:50:29,4023,3,2026-06-03 08:43:09,0.0,0.0,0.0
2026-07-27 14:50:29,4023,7,2026-07-27 09:00:09,73262.0211,188.355,73262.0211
2026-07-27 14:50:29,4026,3,2026-06-03 06:24:58,34000.0,0.0,34000.0
2026-07-27 14:50:29,4026,7,2026-07-27 13:41:39,-6853.1443,12806.1026,-4170.8293
2026-07-27 14:50:29,4029,2,2026-07-27 13:28:25,145354.8195,131.2863,145354.0861
2026-07-27 14:50:29,4029,3,2026-06-24 22:29:17,12359.7094,0.0,12359.7094
2026-07-27 14:50:29,4029,7,2026-07-27 13:36:35,175497.0923,200.5349,175702.7167
2026-07-27 16:45:45,1724,3,2026-06-03 08:15:44,-5801.03,0.0,-5801.03
2026-07-27 16:45:45,1724,7,2026-07-27 16:40:14,-547843.697,622.7,-537317.86
2026-07-27 16:45:45,1846,3,2026-06-03 08:24:16,-162433.969,0.0,-162433.969
2026-07-27 16:45:45,1846,7,2026-07-27 16:42:16,-1053510.428,28602.59,-1059022.138
2026-07-27 16:45:45,1926,3,2026-06-03 06:42:55,5096.2534,0.0,5096.2534
2026-07-27 16:45:45,1926,7,2026-07-27 16:42:23,-958353.9067,4889.8826,-958353.9067
2026-07-27 16:45:45,1945,2,2026-07-24 18:33:44,72641.902,90.474,72641.902
2026-07-27 16:45:45,1945,3,2026-06-03 07:12:27,79139.515,0.0,79139.515
2026-07-27 16:45:45,1945,7,2026-07-27 13:20:09,-257903.069,971.386,-230913.761
2026-07-27 16:45:45,1945,10,2026-06-03 07:12:27,132265.715,0.0,146700.179
2026-07-27 16:45:45,1964,2,2026-07-27 15:54:52,3282927.3856,62250.617,3282927.3856
2026-07-27 16:45:45,1964,3,2026-06-03 08:55:14,62015.86,0.0,62015.86
2026-07-27 16:45:45,1964,7,2026-07-27 16:43:16,3407014.4694,103450.33,3407014.4694
2026-07-27 16:45:45,1964,10,2026-06-03 08:55:14,203413.3281,0.0,203413.3281
2026-07-27 16:45:45,1965,3,2026-06-03 07:01:17,-677.5161,0.0,-677.5161
2026-07-27 16:45:45,1965,7,2026-07-27 16:42:21,235547.9877,12262.3184,237574.0164
2026-07-27 16:45:45,2192,3,2026-06-03 07:03:44,-1260.2165,0.0,-1260.2165
2026-07-27 16:45:45,2192,7,2026-07-27 16:41:18,117606.6709,4098.9473,119338.5165
2026-07-27 16:45:45,2204,3,2026-06-03 07:41:42,-39377.836,0.0,-39377.836
2026-07-27 16:45:45,2204,7,2026-07-27 16:42:41,-388644.693,12488.784,-376766.173
2026-07-27 16:45:45,2205,3,2026-06-02 08:49:38,-25663.014,0.0,-25663.014
2026-07-27 16:45:45,2205,7,2026-07-27 16:42:48,-1067238.999,12864.956,-1058001.338
2026-07-27 16:45:45,2207,3,2026-06-03 08:24:50,-11659.982,0.0,-11659.982
2026-07-27 16:45:45,2207,7,2026-07-27 16:42:50,788032.701,25091.467,798563.189
2026-07-27 16:45:45,2208,2,2026-07-27 10:52:19,-655253.6865,5599.066,-655253.6865
2026-07-27 16:45:45,2208,3,2026-06-03 08:31:26,-101220.441,0.0,-101220.441
2026-07-27 16:45:45,2208,4,2026-06-03 08:31:26,0.0,0.0,0.0
2026-07-27 16:45:45,2208,7,2026-07-27 16:43:22,-521833.5941,7441.501,-504630.6611
2026-07-27 16:45:45,2208,8,2026-07-20 15:35:36,2614.851,60.943,2614.851
2026-07-27 16:45:45,2208,10,2026-06-03 08:31:26,563963.1731,0.0,531698.2631
2026-07-27 16:45:45,2224,3,2026-06-03 08:23:23,-6305.346,0.0,-6305.346
2026-07-27 16:45:45,2224,7,2026-07-27 16:42:41,-281908.6939,32318.72,-265686.2489
2026-07-27 16:45:45,2225,3,2026-06-03 08:04:19,-86000.579,0.0,-86000.579
2026-07-27 16:45:45,2225,7,2026-07-27 16:37:24,-964747.976,18276.876,-944438.315
2026-07-27 16:45:45,2228,3,2026-06-25 08:35:15,14456.06,0.0,14456.06
2026-07-27 16:45:45,2228,7,2026-07-27 16:41:37,484380.711,14494.883,485894.232
2026-07-27 16:45:45,2230,3,2026-06-03 07:00:12,2292.791,0.0,2292.791
2026-07-27 16:45:45,2230,7,2026-07-27 16:39:11,-1174.09,11045.301,-1563.133
2026-07-27 16:45:45,2249,2,2026-07-27 12:12:11,-1157753.098,10190.8046,-1162145.9359
2026-07-27 16:45:45,2249,3,2026-07-27 16:42:19,-221484.3976,4372.8954,-219653.0783
2026-07-27 16:45:45,2249,7,2026-06-03 05:29:21,0.0,0.0,0.0
2026-07-27 16:45:45,2250,2,2026-07-27 16:37:04,-336900.3621,3152.658,-336900.3621
2026-07-27 16:45:45,2250,10,2026-06-03 08:23:15,71856.6739,0.0,75171.7459
2026-07-27 16:45:45,2251,2,2026-07-27 13:42:47,709857.2198,593.612,714459.1018
2026-07-27 16:45:45,2251,3,2026-07-27 16:40:02,219352.265,7256.123,228065.8358
2026-07-27 16:45:45,2251,7,2026-06-03 08:22:05,0.0,0.0,0.0
2026-07-27 16:45:45,2264,2,2026-07-24 01:57:17,-408650.459,5562.465,-408650.459
2026-07-27 16:45:45,2264,10,2026-06-03 08:40:23,-44048.248,0.0,-42652.35
2026-07-27 16:45:45,2268,7,2026-07-27 16:42:41,-52589.711,19278.563,-52589.711
2026-07-27 16:45:45,2291,2,2026-07-27 16:31:50,-123674.7364,8631.634,-123674.9271
2026-07-27 16:45:45,2292,3,2026-06-23 13:56:40,-98158.828,0.0,-85556.815
2026-07-27 16:45:45,2292,7,2026-07-27 16:42:31,-1089208.386,10927.54,-1109483.096
2026-07-27 16:45:45,2295,3,2026-06-25 08:35:12,5827.7321,0.0,5827.7321
2026-07-27 16:45:45,2295,7,2026-07-27 16:42:01,-127324.2892,6142.6514,-117477.4345
2026-07-27 16:45:45,2297,3,2026-07-04 22:47:32,35187.9024,-75.3305,35187.9024
2026-07-27 16:45:45,2297,7,2026-07-26 13:27:20,157648.6618,1277.0583,147220.4408
2026-07-27 16:45:45,2304,2,2026-07-27 14:53:12,-387684.8152,528.2218,-387684.8152
2026-07-27 16:45:45,2304,10,2026-06-03 08:24:38,163627.1421,0.0,175848.871
2026-07-27 16:45:45,2305,2,2026-07-27 16:42:11,129799.832,7520.0065,126459.0476
2026-07-27 16:45:45,2305,3,2026-06-03 06:05:23,0.0,0.0,0.0
2026-07-27 16:45:45,2305,7,2026-07-27 16:43:08,114540.0705,6936.3593,117793.8125
2026-07-27 16:45:45,2306,2,2026-07-27 16:30:34,99212.0819,6651.0081,106407.891
2026-07-27 16:45:45,2306,3,2026-07-05 00:54:48,284588.2849,-363.5805,284588.2849
2026-07-27 16:45:45,2306,7,2026-07-27 16:43:11,579388.9544,10946.0584,580341.5935
2026-07-27 16:45:45,2307,2,2026-07-27 16:33:04,737713.0145,5985.6822,772183.8315
2026-07-27 16:45:45,2308,2,2026-07-27 10:22:44,2716044.9451,45884.4158,2726709.4166
2026-07-27 16:45:45,2317,2,2026-07-24 21:45:27,-1012.475,582.8483,2930.5625
2026-07-27 16:45:45,2317,3,2026-06-03 08:18:19,21540.6262,0.0,21540.6262
2026-07-27 16:45:45,2317,7,2026-07-27 16:42:31,346711.5415,4954.0321,348629.1071
2026-07-27 16:45:45,2330,2,2026-07-25 20:29:53,-1140410.0165,58069.89,-1140410.0165
2026-07-27 16:45:45,2330,10,2026-06-03 07:45:12,-52379.6297,0.0,-48319.6747
2026-07-27 16:45:45,2332,3,2026-06-29 07:00:07,-799906.854,0.0,-819134.88
2026-07-27 16:45:45,2332,7,2026-07-27 16:41:52,-6878643.059,19116.5,-6923528.33
2026-07-27 16:45:45,2338,2,2026-07-27 16:24:03,15446.897,2137.039,28333.307
2026-07-27 16:45:45,2338,3,2026-07-27 16:42:37,68891.502,6411.073,58917.914
2026-07-27 16:45:45,2339,2,2026-07-27 13:24:27,489722.9318,5327.0916,493211.2263
2026-07-27 16:45:45,2339,3,2026-07-27 09:57:57,231884.8606,-194.435,232646.8606
2026-07-27 16:45:45,2339,7,2026-07-27 16:42:46,140364.4211,4591.1792,146455.9459
2026-07-27 16:45:45,2341,7,2026-07-27 16:43:21,61429.4952,11858.7182,53221.4638
2026-07-27 16:45:45,2346,3,2026-07-27 16:41:34,52883.027,10854.553,71650.577
2026-07-27 16:45:45,2350,2,2026-07-27 13:03:02,809422.785,26762.8575,813486.5332
2026-07-27 16:45:45,2353,2,2026-07-27 16:41:03,261368.1314,7997.8884,287211.7125
2026-07-27 16:45:45,2353,3,2026-07-26 11:28:09,-30120.0728,723.3648,-28121.0728
2026-07-27 16:45:45,2353,7,2026-07-27 15:56:59,106426.3468,1479.1303,108534.4476
2026-07-27 16:45:45,2355,2,2026-07-27 15:32:45,-69210.6526,6099.994,-69210.6526
2026-07-27 16:45:45,2355,3,2026-07-26 21:42:35,-22192.5451,107.0274,-22192.5451
2026-07-27 16:45:45,2355,7,2026-07-27 16:42:54,-21627.6185,18086.0587,-21627.6185
2026-07-27 16:45:45,2359,3,2026-07-24 20:50:14,-191266.842,48000.0,-188793.646
2026-07-27 16:45:45,2359,7,2026-07-27 16:42:31,-2871379.058,-6672.183,-2868567.098
2026-07-27 16:45:45,2364,2,2026-07-27 14:03:55,-348920.879,50364.4107,-348437.6722
2026-07-27 16:45:45,2384,2,2026-07-25 08:43:11,-26288.0,967.618,-26288.0
2026-07-27 16:45:45,2384,10,2026-06-03 07:14:42,50116.43,0.0,51545.068
2026-07-27 16:45:45,2386,3,2026-07-24 20:40:22,-1851573.9051,24269.1688,-1866529.6358
2026-07-27 16:45:45,2386,7,2026-07-27 16:42:17,-236240.2377,31067.4796,-236240.2377
2026-07-27 16:45:45,2388,3,2026-07-19 07:38:50,-116806.2324,0.0,-116806.2324
2026-07-27 16:45:45,2388,7,2026-07-27 16:43:16,-290821.294,6183.3678,-295063.5719
2026-07-27 16:45:45,2390,3,2026-07-24 17:07:47,429349.6438,12323.2963,434625.1347
2026-07-27 16:45:45,2390,7,2026-07-27 16:41:40,557768.8398,12269.6994,557768.8398
2026-07-27 16:45:45,2391,3,2026-06-09 13:00:35,35339.607,0.0,35339.607
2026-07-27 16:45:45,2391,7,2026-07-27 16:40:18,214477.249,8312.018,227819.706
2026-07-27 16:45:45,2394,2,2026-07-27 16:33:34,597690.644,64138.5208,597690.644
2026-07-27 16:45:45,2394,3,2026-07-27 16:41:25,38508.964,22396.0602,38508.964
2026-07-27 16:45:45,2394,7,2026-07-22 14:09:39,-52072.8814,96.7149,-40749.9857
2026-07-27 16:45:45,2394,10,2026-06-03 07:15:34,9039.8697,0.0,9093.2246
2026-07-27 16:45:45,2408,2,2026-07-27 12:42:01,443633.655,449.61,458462.834
2026-07-27 16:45:45,2408,3,2026-06-25 08:20:05,2582.278,0.0,2582.278
2026-07-27 16:45:45,2408,7,2026-07-27 16:42:49,169648.673,1641.841,183761.852
2026-07-27 16:45:45,2417,3,2026-06-24 21:44:46,7651.257,0.0,7651.257
2026-07-27 16:45:45,2417,7,2026-07-26 06:11:17,306913.314,5187.178,317494.528
2026-07-27 16:45:45,2454,2,2026-07-27 16:41:15,-1530093.2965,30223.0802,-1530093.2965
2026-07-27 16:45:45,2454,10,2026-06-03 07:16:12,-19546.8479,0.0,-7065.1059
2026-07-27 16:45:45,2455,2,2026-07-27 16:42:46,724.2726,12869.7872,-20403.1921
2026-07-27 16:45:45,2455,3,2026-06-25 11:49:24,-27258.4132,0.0,-27258.4132
2026-07-27 16:45:45,2455,7,2026-07-27 16:42:59,18506.9888,2509.71,6753.6224
2026-07-27 16:45:45,2456,2,2026-07-27 16:43:29,311110.295,8782.1448,327487.8327
2026-07-27 16:45:45,2456,3,2026-07-27 16:42:32,56558.8097,10407.0033,57747.0126
2026-07-27 16:45:45,2457,3,2026-06-29 17:15:03,39649.4768,0.0,39649.4768
2026-07-27 16:45:45,2457,7,2026-07-27 16:42:21,9899.9415,12439.3127,13355.9358
2026-07-27 16:45:45,2459,2,2026-07-26 13:54:08,-1643880.8333,1471.5713,-1643880.8333
2026-07-27 16:45:45,2459,3,2026-06-03 08:23:30,-99659.0222,0.0,-99659.0222
2026-07-27 16:45:45,2459,7,2026-07-27 16:42:20,-1522562.6583,5817.2977,-1521240.6382
2026-07-27 16:45:45,2459,10,2026-06-03 08:23:30,-10729.441,0.0,-6854.1392
2026-07-27 16:45:45,2462,7,2026-07-27 16:41:41,314714.5881,4043.9966,318105.2669
2026-07-27 16:45:45,2471,3,2026-06-03 07:10:50,-40667.004,0.0,-40667.004
2026-07-27 16:45:45,2471,7,2026-07-27 16:42:54,-210987.632,1803.236,-195291.513
2026-07-27 16:45:45,2476,3,2026-06-03 06:00:57,283.8138,0.0,283.8138
2026-07-27 16:45:45,2476,7,2026-07-27 16:40:30,-109359.9196,8167.9485,-98527.5397
2026-07-27 16:45:45,2482,2,2026-07-27 16:38:09,-42302.1711,4437.9716,-41581.1924
2026-07-27 16:45:45,2482,3,2026-07-27 16:40:27,2176451.7877,6867.0508,2176372.8141
2026-07-27 16:45:45,2482,7,2025-03-13 16:03:26,-188.0,0.0,-188.0
2026-07-27 16:45:45,2486,3,2026-06-25 08:30:15,-35938.9957,0.0,-35938.9957
2026-07-27 16:45:45,2486,7,2026-07-27 16:17:25,-226096.4058,7926.7436,-218381.0368
2026-07-27 16:45:45,2487,3,2026-06-08 10:58:33,-31579.9725,0.0,-18590.3645
2026-07-27 16:45:45,2487,7,2026-07-26 18:49:58,-21398.6182,376.8039,-21398.6182
2026-07-27 16:45:45,2489,3,2026-06-25 07:34:49,47771.3544,0.0,47771.3544
2026-07-27 16:45:45,2489,7,2026-07-27 16:43:06,211211.8857,1900.5544,197034.9417
2026-07-27 16:45:45,2500,2,2026-07-27 16:10:23,177370.2946,27084.0951,179748.8519
2026-07-27 16:45:45,2500,3,2026-07-27 16:42:21,18435.4664,13179.5756,27668.4611
2026-07-27 16:45:45,2500,7,2026-06-03 08:14:04,0.0,0.0,0.0
2026-07-27 16:45:45,2502,2,2026-07-27 16:35:11,-85608.1754,12383.7541,-95344.549
2026-07-27 16:45:45,2502,3,2026-07-27 16:35:10,3309963.3588,5250.9741,3300284.9493
2026-07-27 16:45:45,2505,3,2026-06-18 16:41:17,28705.308,0.0,28705.308
2026-07-27 16:45:45,2505,7,2026-07-27 16:42:51,-174190.588,9390.377,-178283.002
2026-07-27 16:45:45,2514,2,2026-07-27 16:41:02,224384.969,660.5579,230358.1893
2026-07-27 16:45:45,2514,3,2026-07-27 16:41:38,165965.5003,4760.5536,170227.6038
2026-07-27 16:45:45,2515,2,2026-07-27 15:16:28,-6104.6514,7881.8439,-11517.9691
2026-07-27 16:45:45,2517,3,2026-07-07 01:35:34,15839.2165,0.0,15839.2165
2026-07-27 16:45:45,2517,7,2026-07-26 09:01:26,-260115.0816,314.7964,-260115.0816
2026-07-27 16:45:45,2519,3,2026-06-09 23:04:12,71888.333,0.0,71888.333
2026-07-27 16:45:45,2519,7,2026-07-27 16:41:54,45019.448,20266.713,44853.49
2026-07-27 16:45:45,2522,3,2026-06-24 20:02:58,-20010.7907,0.0,-20010.7907
2026-07-27 16:45:45,2522,7,2026-07-27 16:43:05,-124092.7108,9535.4195,-122948.1995
2026-07-27 16:45:45,2523,3,2026-06-25 08:57:58,-126426.8077,0.0,-126426.8077
2026-07-27 16:45:45,2523,7,2026-07-27 16:38:40,-1092476.1504,2841.7845,-1101090.7759
2026-07-27 16:45:45,2525,3,2026-06-23 11:45:38,14081.7863,0.0,14081.7863
2026-07-27 16:45:45,2525,7,2026-07-27 16:41:58,-100488.199,8169.1461,-98761.7608
2026-07-27 16:45:45,2528,2,2026-07-27 16:40:02,95352.6416,17804.7354,96355.9397
2026-07-27 16:45:45,2528,3,2026-07-27 16:43:11,155086.8883,8806.731,162964.9433
2026-07-27 16:45:45,2528,7,2026-06-03 06:20:28,0.0,0.0,0.0
2026-07-27 16:45:45,2531,3,2026-07-27 16:34:51,966419.8993,32801.6876,971028.589
2026-07-27 16:45:45,2535,3,2026-07-27 00:35:33,-257751.93,1059.1845,-256913.8284
2026-07-27 16:45:45,2535,7,2026-07-27 16:41:00,-412041.2642,10062.3007,-414010.5424
2026-07-27 16:45:45,2537,2,2026-07-27 16:25:12,-6501.6498,1547.0787,-5098.8685
2026-07-27 16:45:45,2537,3,2026-07-25 15:32:39,49487.9893,681.6203,51036.9476
2026-07-27 16:45:45,2543,2,2026-07-27 10:50:45,367918.727,10125.532,373834.202
2026-07-27 16:45:45,2543,3,2026-06-25 06:59:27,253598.678,0.0,253598.678
2026-07-27 16:45:45,2543,7,2026-07-27 14:03:28,543031.4398,0.805,567668.9238
2026-07-27 16:45:45,2547,3,2026-06-23 08:13:01,-16749.9405,0.0,-15354.2997
2026-07-27 16:45:45,2547,7,2026-07-27 16:33:57,-302195.8032,7453.8275,-286302.2701
2026-07-27 16:45:45,2548,2,2026-07-27 16:43:25,-190190.3336,13103.0079,-190190.3336
2026-07-27 16:45:45,2548,10,2026-06-03 07:47:18,-32394.4783,0.0,-33467.9713
2026-07-27 16:45:45,2551,2,2026-07-27 16:36:30,-266007.119,11175.6951,-233217.3396
2026-07-27 16:45:45,2551,3,2026-07-27 16:36:50,-2414976.9911,37645.5196,-2302843.361
2026-07-27 16:45:45,2552,2,2026-07-24 23:00:55,-58008.1586,60.2132,-58008.1586
2026-07-27 16:45:45,2552,3,2026-06-29 10:58:04,-40068.729,0.0,-46055.7694
2026-07-27 16:45:45,2552,7,2026-07-27 16:41:56,62749.043,14812.6885,63710.7934
2026-07-27 16:45:45,2552,10,2026-06-03 07:13:13,8613.7686,0.0,550.2333
2026-07-27 16:45:45,2555,2,2026-07-27 16:38:38,-67031.1114,4667.7677,-60408.48
2026-07-27 16:45:45,2555,3,2026-06-24 19:57:23,-19366.0531,0.0,-19366.0531
2026-07-27 16:45:45,2555,7,2026-07-27 16:41:22,-211043.4475,9677.1444,-209513.3111
2026-07-27 16:45:45,2556,3,2026-06-25 08:25:06,29849.4677,0.0,29849.4677
2026-07-27 16:45:45,2556,7,2026-07-27 14:37:31,145848.578,4430.7682,146220.3385
2026-07-27 16:45:45,2559,2,2026-07-27 16:38:45,240553.6389,5309.9062,244169.7063
2026-07-27 16:45:45,2559,3,2026-07-27 16:41:53,76982.8077,11276.6997,77901.165
2026-07-27 16:45:45,2559,7,2026-06-03 08:00:22,0.0,0.0,0.0
2026-07-27 16:45:45,2564,2,2026-07-27 16:39:54,-97632.1034,14509.209,-93822.5225
2026-07-27 16:45:45,2564,3,2026-07-26 15:30:43,234603.2198,26.7227,237102.027
2026-07-27 16:45:45,2564,7,2026-07-27 16:42:14,-60535.0792,8914.4396,-51548.7606
2026-07-27 16:45:45,2567,2,2026-07-24 13:40:45,-971186.8065,278.516,-966695.7753
2026-07-27 16:45:45,2567,10,2026-06-03 08:57:48,-0.048,0.0,-0.048
2026-07-27 16:45:45,2571,2,2026-07-25 13:08:22,36280.2597,206.6299,36280.2597
2026-07-27 16:45:45,2571,10,2026-06-03 08:48:36,3282.92,0.0,3282.92
2026-07-27 16:45:45,2577,2,2026-07-26 13:33:55,-1397072.5518,12178.2222,-1397072.5518
2026-07-27 16:45:45,2578,2,2026-07-26 16:13:35,483652.3183,375.3407,485997.6873
2026-07-27 16:45:45,2584,3,2026-06-03 08:11:41,0.0,0.0,0.0
2026-07-27 16:45:45,2584,7,2026-07-27 16:31:34,-84739.2243,5534.6806,-84085.2243
2026-07-27 16:45:45,2585,3,2026-07-26 17:22:25,-567147.7163,-517.2952,-563378.9392
2026-07-27 16:45:45,2585,7,2026-07-27 16:43:16,-666085.2088,31330.1169,-652906.0086
2026-07-27 16:45:45,2590,3,2026-06-03 06:07:28,49948.16,0.0,49948.16
2026-07-27 16:45:45,2590,7,2026-07-27 16:40:02,-84471.95,6358.29,-84471.95
2026-07-27 16:45:45,2593,3,2026-06-03 08:48:31,-260092.2651,0.0,-260092.2651
2026-07-27 16:45:45,2593,7,2026-07-27 16:42:44,-4509102.3536,98411.8108,-4559419.9723
2026-07-27 16:45:45,2595,2,2026-07-26 12:57:20,-224382.311,559.6726,-224490.3506
2026-07-27 16:45:45,2595,3,2026-07-01 23:08:31,-33957.2315,0.0,-33957.2315
2026-07-27 16:45:45,2595,7,2026-07-27 16:19:43,-42060.451,7773.8748,-42040.756
2026-07-27 16:45:45,2597,3,2026-06-24 23:23:29,44695.738,0.0,44695.738
2026-07-27 16:45:45,2597,7,2026-07-27 15:35:36,168100.677,57.082,177712.886
2026-07-27 16:45:45,2598,3,2026-06-24 15:17:29,32099.5939,0.0,32099.5939
2026-07-27 16:45:45,2598,7,2026-07-27 12:41:31,-127965.3136,6021.6917,-127907.3176
2026-07-27 16:45:45,2600,2,2026-07-25 17:56:17,6132.7025,1354.7825,-18266.0447
2026-07-27 16:45:45,2601,2,2026-07-27 16:42:59,212443.4782,9494.7764,214259.0322
2026-07-27 16:45:45,2601,3,2026-07-27 15:41:21,232846.7472,11418.7315,237018.3682
2026-07-27 16:45:45,2603,2,2026-07-27 11:04:15,14308.5656,5278.0251,14867.3667
2026-07-27 16:45:45,2603,3,2026-07-27 16:41:41,13961.47,18577.0499,22107.1914
2026-07-27 16:45:45,2603,7,2026-06-03 08:16:02,0.0,0.0,0.0
2026-07-27 16:45:45,2605,2,2026-07-27 16:13:43,775262.1639,854.2176,776410.3142
2026-07-27 16:45:45,2605,3,2026-07-27 11:50:38,35363.599,179.9367,35569.28
2026-07-27 16:45:45,2605,7,2026-07-27 16:43:10,72845.7452,14627.5302,72845.1389
2026-07-27 16:45:45,2609,3,2026-07-18 08:12:20,-57048.6469,0.0,-57048.6469
2026-07-27 16:45:45,2609,7,2026-07-27 16:27:32,-152264.6428,157.5678,-139832.5023
2026-07-27 16:45:45,2610,3,2026-06-23 18:55:37,-102161.9466,0.0,-102161.9466
2026-07-27 16:45:45,2610,7,2026-07-27 16:42:35,-656461.5981,19165.8186,-655361.5191
2026-07-27 16:45:45,2615,3,2026-06-24 16:18:24,23818.6397,0.0,23818.6397
2026-07-27 16:45:45,2615,7,2026-07-27 14:46:06,308633.5633,5298.6085,301446.0063
2026-07-27 16:45:45,2616,3,2026-07-27 16:37:54,-262021.6114,21378.325,-258930.21
2026-07-27 16:45:45,2616,7,2026-07-27 14:23:57,-36085.9115,-20961.797,-36085.9115
2026-07-27 16:45:45,2617,3,2026-07-25 12:22:34,-624813.6904,994.4102,-597609.8689
2026-07-27 16:45:45,2618,2,2026-07-27 13:09:33,265748.3164,260.4982,270269.3647
2026-07-27 16:45:45,2618,3,2026-07-27 13:23:57,376240.219,800.6759,390514.8716
2026-07-27 16:45:45,2624,3,2026-07-07 18:26:02,32260.673,0.0,32260.673
2026-07-27 16:45:45,2624,7,2026-07-27 16:31:48,68638.433,10286.7504,68638.433
2026-07-27 16:45:45,2627,2,2026-07-27 11:19:30,-429072.8886,5705.5766,-426457.4062
2026-07-27 16:45:45,2627,3,2026-07-27 09:26:49,-81731.2177,-561.6157,-81711.2177
2026-07-27 16:45:45,2627,7,2026-07-27 16:43:10,-237297.7627,4769.3043,-233460.7709
2026-07-27 16:45:45,2637,3,2026-07-26 20:30:13,-57136.74,648.25,-56585.74
2026-07-27 16:45:45,2637,7,2026-07-27 14:46:11,-229347.8,650.32,-227127.96
2026-07-27 16:45:45,2640,2,2026-07-27 16:41:04,1160203.786,31317.056,1160203.465
2026-07-27 16:45:45,2640,3,2026-06-25 03:29:29,48476.868,0.0,48476.868
2026-07-27 16:45:45,2640,7,2026-07-27 16:43:26,271544.942,8908.475,271372.046
2026-07-27 16:45:45,2642,2,2026-07-27 10:26:46,-547753.4285,314.1381,-534069.0825
2026-07-27 16:45:45,2643,2,2026-07-27 16:36:58,189250.1313,15563.9706,195737.8267
2026-07-27 16:45:45,2643,3,2026-07-02 12:19:33,-1946.3247,-161.632,-1946.3247
2026-07-27 16:45:45,2643,7,2026-07-27 16:37:00,168943.9814,3505.4462,168943.347
2026-07-27 16:45:45,2644,2,2026-07-27 16:36:26,-326218.1619,7414.9717,-323987.1619
2026-07-27 16:45:45,2644,3,2026-07-26 18:38:32,-963335.5869,47.1831,-961001.0714
2026-07-27 16:45:45,2644,7,2026-07-25 11:26:29,-1062756.4492,829.0153,-1062897.5728
2026-07-27 16:45:45,2645,3,2026-07-27 16:41:59,-947642.1657,29072.732,-929729.8606
2026-07-27 16:45:45,2646,2,2026-07-27 16:38:12,-239434.8451,19635.163,-238970.4174
2026-07-27 16:45:45,2646,3,2026-07-27 16:43:11,-274580.6258,3967.6793,-274152.1246
2026-07-27 16:45:45,2646,7,2026-06-03 06:17:12,0.0,0.0,0.0
2026-07-27 16:45:45,2647,2,2026-07-26 13:24:17,-585117.7023,2453.923,-585117.7023
2026-07-27 16:45:45,2647,10,2026-06-03 06:14:35,1455.0785,0.0,1428.2484
2026-07-27 16:45:45,2656,2,2026-07-27 16:32:01,-205720.51,1387.382,-180159.621
2026-07-27 16:45:45,2656,3,2026-06-25 07:59:12,-18143.503,0.0,-18143.503
2026-07-27 16:45:45,2656,7,2026-07-27 16:42:56,-298394.963,9829.942,-285016.578
2026-07-27 16:45:45,2657,3,2026-06-25 10:16:36,94139.9814,0.0,94139.9814
2026-07-27 16:45:45,2657,7,2026-07-27 16:42:57,755044.1458,22856.5007,752792.1398
2026-07-27 16:45:45,2668,3,2026-06-03 08:09:35,85204.4639,0.0,85204.4639
2026-07-27 16:45:45,2668,7,2026-07-26 21:22:11,-77559.0609,446.0822,-75655.2826
2026-07-27 16:45:45,2670,3,2026-07-27 15:48:14,-70905.0236,10669.9443,-69304.2304
2026-07-27 16:45:45,2677,3,2026-07-15 16:21:55,119828.9504,0.0,119828.9504
2026-07-27 16:45:45,2677,7,2026-07-27 10:38:51,-242910.5496,3930.7958,-96286.5494
2026-07-27 16:45:45,2688,2,2026-07-27 11:14:33,243588.1716,9640.2332,236529.0974
2026-07-27 16:45:45,2688,3,2026-07-27 10:41:41,11483.4022,9000.0,6307.3472
2026-07-27 16:45:45,2688,7,2026-07-27 16:41:45,72639.4801,7038.4534,72639.4801
2026-07-27 16:45:45,2689,2,2026-07-27 16:42:40,-151780.9396,8645.5996,-151780.9396
2026-07-27 16:45:45,2689,3,2026-07-03 08:01:28,-96635.0735,0.0,-89520.9913
2026-07-27 16:45:45,2689,7,2026-07-27 16:42:41,95247.0804,10411.9508,95419.1219
2026-07-27 16:45:45,2689,10,2026-06-03 08:27:53,-15453.3777,0.0,-131.4103
2026-07-27 16:45:45,2697,2,2026-07-27 16:42:03,191509.632,63762.22,211858.182
2026-07-27 16:45:45,2697,3,2026-06-24 21:59:09,8790.341,0.0,8790.341
2026-07-27 16:45:45,2697,7,2026-07-27 11:49:51,405921.028,11770.52,415916.506
2026-07-27 16:45:45,2698,2,2026-07-25 06:08:42,-218138.8856,166.9079,-218138.8856
2026-07-27 16:45:45,2698,3,2026-07-01 00:35:16,16519.7515,0.0,16342.3738
2026-07-27 16:45:45,2698,7,2026-07-27 16:42:42,-100195.8913,16087.7536,-100220.5645
2026-07-27 16:45:45,2698,10,2026-06-03 07:51:18,45085.3121,0.0,45001.2993
2026-07-27 16:45:45,2706,3,2026-06-03 05:15:51,65137.2927,0.0,65137.2927
2026-07-27 16:45:45,2706,7,2026-07-27 16:43:27,1679178.7922,44316.0218,1678842.4569
2026-07-27 16:45:45,2711,2,2026-07-25 08:05:27,393003.4858,6.3825,393003.4858
2026-07-27 16:45:45,2711,3,2026-07-18 11:17:08,66391.2991,0.0,66391.2991
2026-07-27 16:45:45,2711,7,2026-07-25 10:22:36,58424.4231,72.1358,58424.4231
2026-07-27 16:45:45,2711,10,2026-06-03 07:01:45,161337.5346,0.0,165205.2857
2026-07-27 16:45:45,2718,3,2026-07-27 12:30:45,-668845.195,417.0207,-657169.9087
2026-07-27 16:45:45,2718,7,2025-03-13 16:03:26,724.0,0.0,724.0
2026-07-27 16:45:45,2722,2,2026-07-25 21:25:58,459455.7237,977.1556,460463.4045
2026-07-27 16:45:45,2722,3,2026-07-26 12:35:49,371401.0643,325.2823,393331.7312
2026-07-27 16:45:45,2722,7,2026-06-03 06:10:37,0.0,0.0,0.0
2026-07-27 16:45:45,2722,10,2026-06-03 06:10:37,0.0,0.0,0.0
2026-07-27 16:45:45,2724,3,2026-06-03 08:22:13,-104485.854,0.0,-104485.854
2026-07-27 16:45:45,2724,7,2026-07-27 16:42:23,-61746.832,12283.02,-73515.779
2026-07-27 16:45:45,2729,2,2026-07-27 15:52:41,231346.638,3.67,242974.808
2026-07-27 16:45:45,2729,3,2026-06-25 05:19:07,16382.759,0.0,16382.759
2026-07-27 16:45:45,2729,7,2026-07-27 16:42:33,372686.423,2998.328,382143.644
2026-07-27 16:45:45,2730,3,2026-06-03 08:24:08,-70381.761,0.0,-70381.761
2026-07-27 16:45:45,2730,7,2026-07-27 16:42:42,19924.5,2822.496,23663.186
2026-07-27 16:45:45,2740,3,2026-06-03 08:50:37,16000.0,0.0,16000.0
2026-07-27 16:45:45,2740,7,2026-07-27 15:16:00,-304231.4109,3511.5358,-303036.5599
2026-07-27 16:45:45,2744,2,2026-07-27 16:41:25,80629.165,13502.08,80629.165
2026-07-27 16:45:45,2744,10,2026-07-08 14:32:58,218138.5457,0.0,221000.9654
2026-07-27 16:45:45,2753,2,2026-07-27 16:02:23,-396593.5261,12864.7712,-396586.5381
2026-07-27 16:45:45,2754,3,2026-06-19 15:45:48,61551.902,0.0,61551.902
2026-07-27 16:45:45,2754,7,2026-07-27 16:42:13,-123011.717,14849.269,-113465.405
2026-07-27 16:45:45,2760,3,2026-07-20 18:41:06,-9222.314,15000.0,-9222.314
2026-07-27 16:45:45,2760,7,2026-07-27 16:42:38,181391.334,39176.12,181391.334
2026-07-27 16:45:45,2763,2,2026-07-24 19:09:32,-16079.1903,826.8238,-16220.1905
2026-07-27 16:45:45,2763,3,2026-06-25 17:12:54,-4707.1257,0.0,-4707.1257
2026-07-27 16:45:45,2763,7,2026-07-25 07:39:27,51588.4933,128.3771,51537.2139
2026-07-27 16:45:45,2769,2,2026-07-27 16:42:20,273030.6861,44234.9752,272727.0148
2026-07-27 16:45:45,2770,3,2026-06-03 08:28:44,-25546.363,0.0,-25546.363
2026-07-27 16:45:45,2770,7,2026-07-27 16:41:07,299478.154,5677.721,307197.023
2026-07-27 16:45:45,2773,2,2026-07-27 16:17:35,691753.1821,9597.13,691753.1821
2026-07-27 16:45:45,2773,3,2026-06-03 08:42:23,-22079.269,0.0,-22079.269
2026-07-27 16:45:45,2773,7,2026-07-27 16:43:06,1090338.978,2664.819,1091233.752
2026-07-27 16:45:45,2773,10,2026-07-04 16:39:54,428596.1948,0.0,421326.1948
2026-07-27 16:45:45,2781,2,2026-07-27 15:13:20,307296.9362,19411.3,307296.9362
2026-07-27 16:45:45,2781,3,2026-06-09 16:13:39,75539.087,0.0,75539.087
2026-07-27 16:45:45,2781,7,2026-07-25 13:34:38,77297.978,119.3,77297.748
2026-07-27 16:45:45,2781,10,2026-06-03 08:39:47,84378.2339,0.0,85984.939
2026-07-27 16:45:45,2782,3,2026-06-24 19:55:29,1884.7004,0.0,1884.7004
2026-07-27 16:45:45,2782,7,2026-07-26 14:10:31,81549.6472,217.9767,81765.7594
2026-07-27 16:45:45,2786,2,2026-07-27 16:42:24,26454.2965,16685.5738,32895.0222
2026-07-27 16:45:45,2786,3,2026-06-25 18:56:27,-28181.3919,0.0,-28181.3919
2026-07-27 16:45:45,2786,7,2026-07-27 16:42:15,417373.4558,3262.5733,419810.3054
2026-07-27 16:45:45,2789,2,2026-07-27 16:42:16,120823.0415,1410.0109,120243.7806
2026-07-27 16:45:45,2789,3,2026-06-25 08:42:03,32230.3415,0.0,32230.3415
2026-07-27 16:45:45,2789,7,2026-07-27 16:42:13,114420.8933,6272.4737,116503.5181
2026-07-27 16:45:45,2793,2,2026-07-27 13:58:23,22579.11,6632.0124,22579.11
2026-07-27 16:45:45,2793,10,2026-06-03 00:52:18,78915.1501,0.0,78915.1501
2026-07-27 16:45:45,2794,2,2026-07-27 16:42:54,456878.306,904.0943,458644.8973
2026-07-27 16:45:45,2794,3,2026-06-25 11:19:21,69946.7438,0.0,69946.7438
2026-07-27 16:45:45,2794,7,2026-07-27 16:43:27,442058.341,5532.6106,443500.8662
2026-07-27 16:45:45,2798,3,2026-07-25 14:58:25,151426.9009,183.6827,151550.272
2026-07-27 16:45:45,2798,7,2026-07-27 16:41:07,173820.4343,9382.0356,180162.5937
2026-07-27 16:45:45,2800,2,2026-07-27 16:37:17,362102.447,156.196,362699.647
2026-07-27 16:45:45,2800,3,2026-06-24 21:36:33,27274.349,0.0,27274.349
2026-07-27 16:45:45,2800,7,2026-07-27 15:08:15,241781.345,138.907,248387.175
2026-07-27 16:45:45,2803,2,2026-07-27 14:43:20,-810379.409,2828.94,-810379.409
2026-07-27 16:45:45,2803,10,2026-06-03 08:28:50,6582.141,0.0,6478.519
2026-07-27 16:45:45,2804,2,2026-07-27 11:00:19,11934.9381,4190.4693,17074.3806
2026-07-27 16:45:45,2804,3,2026-07-27 16:42:40,291788.8987,3932.309,303195.0209
2026-07-27 16:45:45,2804,7,2026-07-26 21:20:10,28685.7998,12022.1068,28685.7998
2026-07-27 16:45:45,2805,2,2026-07-27 16:41:00,-135995.84,26131.76,-135995.84
2026-07-27 16:45:45,2805,3,2026-06-03 08:04:14,356.19,0.0,814.19
2026-07-27 16:45:45,2805,7,2026-07-27 16:42:22,-189824.2012,3153.78,-199158.5652
2026-07-27 16:45:45,2805,10,2026-06-03 08:04:14,92405.9332,0.0,80102.1592
2026-07-27 16:45:45,2808,2,2026-07-25 23:03:07,-553730.0225,36.9,-553730.0225
2026-07-27 16:45:45,2808,10,2026-06-03 08:45:00,101684.8878,0.0,79419.6098
2026-07-27 16:45:45,2818,2,2026-07-27 16:42:01,-1191569.9221,298.8151,-1194553.7536
2026-07-27 16:45:45,2821,2,2026-07-27 13:04:22,15199.8553,13792.9497,31979.1375
2026-07-27 16:45:45,2821,3,2026-07-27 16:42:01,86598.9223,5721.3048,93693.5162
2026-07-27 16:45:45,2821,10,2026-06-03 07:23:51,0.0,0.0,0.0
2026-07-27 16:45:45,2822,2,2026-07-27 14:37:34,21484.307,2612.095,38220.7751
2026-07-27 16:45:45,2822,3,2026-07-27 15:55:46,370176.3609,17113.3155,385814.7682
2026-07-27 16:45:45,2824,2,2026-07-27 11:31:24,134642.0998,2009.9392,134642.0998
2026-07-27 16:45:45,2824,3,2026-07-19 08:02:40,34803.699,0.0,34803.699
2026-07-27 16:45:45,2824,7,2026-07-26 14:22:35,235959.7653,533.5568,235958.7653
2026-07-27 16:45:45,2824,10,2026-06-03 07:14:15,93172.0173,0.0,93172.0173
2026-07-27 16:45:45,2825,2,2026-07-27 09:51:38,-103493.9013,349.3948,-102257.0528
2026-07-27 16:45:45,2829,2,2026-07-25 13:10:58,138283.1869,57.1412,138283.1869
2026-07-27 16:45:45,2829,3,2026-06-24 07:57:10,11077.1089,0.0,11077.1089
2026-07-27 16:45:45,2829,7,2026-07-26 17:16:58,65137.1657,1107.4434,65137.1657
2026-07-27 16:45:45,2833,2,2026-07-26 22:25:38,287800.3211,20800.0,287800.3211
2026-07-27 16:45:45,2833,3,2026-07-19 12:40:04,153270.4325,-6951.7805,153270.4325
2026-07-27 16:45:45,2833,7,2026-07-27 09:05:11,408155.78,127481.7343,424540.685
2026-07-27 16:45:45,2833,10,2026-06-03 00:54:55,31780.001,0.0,31779.4074
2026-07-27 16:45:45,2853,3,2026-06-25 08:23:16,-112234.8562,0.0,-112234.8562
2026-07-27 16:45:45,2853,7,2026-07-27 16:43:39,-870501.5632,3019.7733,-870373.6514
2026-07-27 16:45:45,2856,3,2026-06-25 08:13:11,2733.8571,0.0,2733.8571
2026-07-27 16:45:45,2856,7,2026-07-26 08:34:19,34840.3472,298.8913,34900.573
2026-07-27 16:45:45,2857,2,2026-07-27 13:42:59,-77149.3147,2174.89,-77629.1939
2026-07-27 16:45:45,2857,3,2026-07-27 12:38:45,-160230.485,2412.5,-158745.5397
2026-07-27 16:45:45,2877,3,2026-06-25 08:58:56,163265.676,0.0,163265.676
2026-07-27 16:45:45,2877,7,2026-07-27 16:43:16,161537.594,2438.368,161537.192
2026-07-27 16:45:45,2903,3,2026-07-27 16:42:25,-41716.209,4407.3895,-30544.1967
2026-07-27 16:45:45,2905,2,2026-07-27 16:40:08,135935.2603,5086.59,271975.9001
2026-07-27 16:45:45,2911,2,2026-07-27 14:38:36,-190135.71,41081.31,-153393.77
2026-07-27 16:45:45,2916,2,2026-07-26 23:30:59,119347.8091,85.386,119121.6121
2026-07-27 16:45:45,2916,3,2026-06-26 12:27:41,27020.329,0.0,27020.329
2026-07-27 16:45:45,2916,7,2026-07-27 16:43:03,100017.06,4136.463,101195.779
2026-07-27 16:45:45,2928,2,2026-07-27 16:11:42,1602096.5116,62.9693,1602096.5116
2026-07-27 16:45:45,2928,3,2026-07-16 11:01:39,489103.97,0.0,547799.6145
2026-07-27 16:45:45,2928,7,2026-07-27 11:46:25,4507727.4786,22237.3374,4507727.4786
2026-07-27 16:45:45,2928,10,2026-06-03 08:27:17,48508.4694,0.0,48888.456
2026-07-27 16:45:45,2929,3,2026-06-03 08:14:32,0.0398,0.0,0.0398
2026-07-27 16:45:45,2929,7,2026-07-27 16:43:15,81035.1006,8996.2632,83093.3751
2026-07-27 16:45:45,2931,2,2026-07-27 14:11:08,-400964.0849,104252.3765,-396010.6263
2026-07-27 16:45:45,2931,3,2026-06-21 12:31:45,-15527.2973,0.0,-12545.7635
2026-07-27 16:45:45,2931,7,2026-07-27 16:43:35,-210885.8403,11285.9929,-210885.8403
2026-07-27 16:45:45,2940,2,2026-07-27 12:26:51,-7807.6278,4211.84,-10027.9666
2026-07-27 16:45:45,2940,3,2026-07-27 16:38:40,-13524.5679,6710.38,-16758.8619
2026-07-27 16:45:45,2943,3,2026-07-10 06:51:31,-19289.3804,0.0,-19289.3804
2026-07-27 16:45:45,2943,7,2026-07-27 16:35:46,-663210.3382,4197.7159,-663210.3382
2026-07-27 16:45:45,2946,3,2026-06-03 06:26:53,0.0,0.0,0.0
2026-07-27 16:45:45,2946,7,2026-07-27 16:42:14,253334.8423,37770.661,254995.3223
2026-07-27 16:45:45,2950,2,2026-07-27 04:01:04,327837.1335,847.1016,327836.3935
2026-07-27 16:45:45,2950,3,2026-06-25 16:24:47,20615.5343,0.0,20615.5343
2026-07-27 16:45:45,2950,7,2026-07-26 10:40:52,200332.6409,257.6548,200332.3759
2026-07-27 16:45:45,2954,2,2026-07-26 07:47:09,-337501.816,8365.733,-337482.168
2026-07-27 16:45:45,2954,3,2026-06-25 16:56:59,-1301.282,0.0,-1301.282
2026-07-27 16:45:45,2954,7,2026-07-26 17:31:15,-281348.833,12227.76,-279468.057
2026-07-27 16:45:45,2956,2,2026-07-27 16:20:52,-33898.5256,3782.9707,-33898.5256
2026-07-27 16:45:45,2956,10,2026-06-01 07:28:35,-17741.6375,0.0,24967.0104
2026-07-27 16:45:45,2957,2,2026-07-27 16:26:21,185383.2658,9776.97,185382.7944
2026-07-27 16:45:45,2957,3,2026-07-27 16:26:22,154079.7763,16231.22,164497.309
2026-07-27 16:45:45,2958,2,2026-07-27 00:05:27,127360.3382,1956.699,127360.3382
2026-07-27 16:45:45,2958,3,2026-06-03 07:14:11,310861.2153,0.0,310956.3434
2026-07-27 16:45:45,2958,7,2026-07-27 12:39:46,331832.6586,16851.7462,348661.8348
2026-07-27 16:45:45,2958,10,2026-06-03 07:14:11,60435.569,0.0,60704.569
2026-07-27 16:45:45,2959,2,2026-07-27 16:41:24,-102598.5721,2138.885,-102573.0022
2026-07-27 16:45:45,2959,3,2026-06-25 14:04:50,-31808.5916,0.0,-31808.5916
2026-07-27 16:45:45,2959,7,2026-07-27 16:43:25,-133526.7371,6307.1722,-131215.74
2026-07-27 16:45:45,2960,2,2026-07-27 16:41:29,168207.125,10394.165,168124.2965
2026-07-27 16:45:45,2960,3,2026-07-27 16:42:21,10281.463,8036.1336,10551.9176
2026-07-27 16:45:45,2974,2,2026-07-27 14:31:59,-686631.8748,6945.51,-688138.0715
2026-07-27 16:45:45,2974,3,2026-07-27 16:19:52,-244984.8536,5106.62,-240313.2797
2026-07-27 16:45:45,2974,7,2026-07-17 12:48:06,-260699.3893,0.0,-260699.3893
2026-07-27 16:45:45,2977,3,2026-07-27 16:42:52,114186.7273,150.7847,114964.3405
2026-07-27 16:45:45,2977,7,2026-07-26 21:22:29,33076.9183,-1.623,33076.9183
2026-07-27 16:45:45,2979,2,2026-07-27 16:43:58,-1722715.2245,20018.48,-1721468.2719
2026-07-27 16:45:45,2979,3,2026-07-27 16:43:12,-738143.9853,28893.0,-618690.0307
2026-07-27 16:45:45,2980,2,2026-07-27 16:39:23,-100160.1512,2241.24,-111249.6599
2026-07-27 16:45:45,2980,3,2026-07-27 16:42:47,-104087.0554,2036.98,-109991.0628
2026-07-27 16:45:45,2981,2,2026-07-27 16:43:39,-1212323.4934,5366.43,-1190645.3214
2026-07-27 16:45:45,2982,2,2026-07-27 15:51:49,-230169.823,5048.8528,-228146.4484
2026-07-27 16:45:45,2982,3,2026-07-27 16:42:21,-250524.1698,12468.9116,-254541.4947
2026-07-27 16:45:45,2982,7,2026-06-03 08:35:10,0.0,0.0,0.0
2026-07-27 16:45:45,2989,3,2026-07-09 18:20:00,-22293.61,-25730.48,-22293.61
2026-07-27 16:45:45,2989,7,2026-07-27 16:41:42,543827.8745,282350.8,543847.6315
2026-07-27 16:45:45,3005,3,2026-06-25 09:44:56,17302.543,0.0,17302.543
2026-07-27 16:45:45,3005,7,2026-07-27 16:42:30,219645.458,1535.863,228103.697
2026-07-27 16:45:45,3011,2,2026-07-23 14:55:52,494498.6113,2968.406,914498.6113
2026-07-27 16:45:45,3011,10,2026-06-03 08:45:02,268421.73,0.0,342391.838
2026-07-27 16:45:45,3013,2,2026-07-27 07:50:28,-2142854.141,445.99,-2142854.141
2026-07-27 16:45:45,3013,10,2026-06-03 06:06:23,18399.806,0.0,-4002.27
2026-07-27 16:45:45,3021,2,2026-07-27 11:35:35,-837430.2196,9585.62,-808907.4309
2026-07-27 16:45:45,3021,3,2026-06-19 12:30:06,-531276.7539,-21001.8,-455174.6524
2026-07-27 16:45:45,3021,7,2026-07-27 16:41:45,28968.63,54307.88,28968.63
2026-07-27 16:45:45,3032,2,2026-07-27 13:51:51,376133.583,39317.967,379226.213
2026-07-27 16:45:45,3032,3,2026-06-25 07:46:22,-12295.143,0.0,-12295.143
2026-07-27 16:45:45,3032,7,2026-07-27 16:41:43,-39468.937,4427.586,-22964.985
2026-07-27 16:45:45,3040,2,2026-07-27 10:31:41,-1278476.8081,905.6531,-1278476.8081
2026-07-27 16:45:45,3040,10,2026-06-03 00:19:48,24844.0888,0.0,24844.0888
2026-07-27 16:45:45,3044,3,2025-07-04 06:41:44,52895.8553,0.0,52895.8553
2026-07-27 16:45:45,3044,7,2026-07-27 16:42:48,-12087.3817,8422.5465,-2568.7336
2026-07-27 16:45:45,3050,3,2026-07-06 12:22:18,8883.4634,0.0,8883.4634
2026-07-27 16:45:45,3050,7,2026-07-27 16:39:39,193158.2922,9316.0131,198641.9511
2026-07-27 16:45:45,3055,2,2026-07-27 16:31:37,445035.652,15037.673,445110.608
2026-07-27 16:45:45,3055,3,2026-06-25 06:46:32,174080.895,0.0,174080.895
2026-07-27 16:45:45,3055,7,2026-07-27 16:41:43,271531.548,9381.543,272483.876
2026-07-27 16:45:45,3063,2,2026-07-27 12:57:35,-57303.656,583.606,-57202.752
2026-07-27 16:45:45,3063,10,2026-06-03 08:39:31,0.0,0.0,0.0
2026-07-27 16:45:45,3065,7,2026-07-27 16:35:40,99395.7946,4326.7904,98964.2325
2026-07-27 16:45:45,3066,2,2026-07-26 02:18:30,-851155.259,2999.995,-849690.451
2026-07-27 16:45:45,3066,3,2026-06-24 18:13:58,11149.276,0.0,11149.276
2026-07-27 16:45:45,3066,7,2026-07-27 16:42:26,-806104.468,283.606,-806029.519
2026-07-27 16:45:45,3073,3,2026-06-03 01:26:54,0.0,0.0,0.0
2026-07-27 16:45:45,3073,7,2026-07-27 16:05:42,56186.8599,7261.9938,62471.2089
2026-07-27 16:45:45,3074,3,2026-06-03 06:59:32,1181.469,0.0,1181.469
2026-07-27 16:45:45,3074,7,2026-07-27 16:35:58,-55803.008,4058.513,-55803.008
2026-07-27 16:45:45,3077,3,2026-07-25 09:49:46,33481.3319,12000.0,33481.3319
2026-07-27 16:45:45,3077,7,2026-07-27 13:02:32,112311.2107,36.4378,107007.4869
2026-07-27 16:45:45,3079,2,2026-07-25 14:36:25,-7751.807,3402.528,-7751.807
2026-07-27 16:45:45,3079,3,2026-06-03 07:50:16,-17758.478,0.0,-17758.478
2026-07-27 16:45:45,3079,7,2026-07-27 16:35:28,-308486.842,6393.924,-305753.951
2026-07-27 16:45:45,3079,10,2026-06-03 07:50:16,13182.864,0.0,31577.96
2026-07-27 16:45:45,3081,2,2026-07-26 10:28:46,264211.624,0.002,266105.895
2026-07-27 16:45:45,3081,3,2026-06-24 18:36:07,32555.297,0.0,32555.297
2026-07-27 16:45:45,3081,7,2026-07-27 16:43:13,202511.789,3280.878,202512.057
2026-07-27 16:45:45,3083,3,2026-07-21 18:09:33,-123307.1355,91.954,-123307.1355
2026-07-27 16:45:45,3083,7,2026-07-26 11:21:16,-363380.4032,1596.2307,-354250.6685
2026-07-27 16:45:45,3086,3,2026-06-03 08:38:54,-155081.9824,0.0,-155081.9824
2026-07-27 16:45:45,3086,7,2026-07-27 16:00:10,6310669.7976,96382.8159,6393673.6441
2026-07-27 16:45:45,3090,2,2026-07-27 16:44:05,-745589.346,8327.77,-733065.976
2026-07-27 16:45:45,3090,3,2026-06-26 07:27:02,-126555.408,0.0,-126555.408
2026-07-27 16:45:45,3090,7,2026-07-27 16:42:43,-906153.327,10904.981,-896758.236
2026-07-27 16:45:45,3095,3,2026-06-25 10:53:14,6216.626,0.0,6216.626
2026-07-27 16:45:45,3095,7,2026-07-27 15:59:52,511811.2066,9590.903,513823.7896
2026-07-27 16:45:45,3098,2,2026-07-27 16:00:00,-112768.249,18000.0,-111320.315
2026-07-27 16:45:45,3098,3,2026-06-25 08:05:21,-24585.612,0.0,-24585.612
2026-07-27 16:45:45,3098,7,2026-07-27 16:43:29,-141988.97,4791.687,-140760.005
2026-07-27 16:45:45,3099,3,2026-06-03 07:58:34,-228.814,0.0,-228.814
2026-07-27 16:45:45,3099,7,2026-07-27 16:42:48,-195722.02,9122.84,-181184.591
2026-07-27 16:45:45,3101,2,2026-07-27 16:37:30,-1636773.295,15681.33,-1652544.965
2026-07-27 16:45:45,3101,10,2026-06-03 08:21:51,-2880.66,0.0,-2880.66
2026-07-27 16:45:45,3111,3,2026-07-02 15:59:16,-538581.846,0.0,-531173.1844
2026-07-27 16:45:45,3111,7,2026-07-27 16:24:22,-135423.88,15495.32,-135423.88
2026-07-27 16:45:45,3115,2,2026-07-27 16:44:06,-38288.373,1591.984,-35477.33
2026-07-27 16:45:45,3115,3,2026-06-25 14:54:56,-41856.347,0.0,-41856.347
2026-07-27 16:45:45,3115,7,2026-07-27 16:43:05,-126765.692,19680.892,-117816.4
2026-07-27 16:45:45,3119,2,2026-07-27 16:35:39,13454.3243,11098.2898,13431.7127
2026-07-27 16:45:45,3119,3,2026-07-27 16:31:39,-33099.2541,5229.0665,-32625.5044
2026-07-27 16:45:45,3124,2,2026-07-27 10:09:29,-793151.4743,76.373,-802763.7263
2026-07-27 16:45:45,3132,3,2026-06-03 08:15:52,-117361.9149,0.0,-117361.9149
2026-07-27 16:45:45,3132,7,2026-07-27 16:42:54,-2105652.0387,1176.9917,-2101640.2262
2026-07-27 16:45:45,3133,2,2026-07-25 19:05:00,-976037.5672,281.0407,-975363.104
2026-07-27 16:45:45,3133,3,2026-06-25 11:36:24,-58078.6921,0.0,-58078.6921
2026-07-27 16:45:45,3133,7,2026-07-26 10:21:44,-939261.2276,3584.081,-933606.4924
2026-07-27 16:45:45,3134,3,2026-06-24 21:20:59,21035.599,0.0,21035.599
2026-07-27 16:45:45,3134,7,2026-07-27 12:36:30,259421.3569,5935.493,256511.1339
2026-07-27 16:45:45,3135,2,2026-07-27 10:13:34,844588.9404,328.338,863143.2654
2026-07-27 16:45:45,3135,3,2026-06-24 14:35:11,35328.842,0.0,35328.842
2026-07-27 16:45:45,3135,7,2026-07-27 15:29:27,157577.696,11944.051,159617.791
2026-07-27 16:45:45,3149,2,2026-07-27 16:41:54,147863.3866,10425.3229,149774.5056
2026-07-27 16:45:45,3149,3,2026-06-03 06:29:31,28900.0,0.0,28900.0
2026-07-27 16:45:45,3149,7,2026-07-27 14:23:36,404597.3483,9389.2035,406825.1973
2026-07-27 16:45:45,3158,2,2026-07-27 13:22:06,-19007.2765,1210.6248,-17745.0665
2026-07-27 16:45:45,3158,3,2026-06-25 21:46:05,32500.0,0.0,32500.0
2026-07-27 16:45:45,3158,7,2026-07-26 11:20:43,74795.7971,147.1894,74795.7971
2026-07-27 16:45:45,3170,2,2026-07-25 18:21:24,-572169.5161,35.1142,-570791.9014
2026-07-27 16:45:45,3185,2,2026-07-27 16:07:30,-88295.4866,1173.75,-82753.5326
2026-07-27 16:45:45,3191,2,2026-07-26 16:58:39,-69433.2305,770.3436,-69433.2305
2026-07-27 16:45:45,3191,10,2026-06-03 06:12:56,-1961.1055,0.0,-1961.1055
2026-07-27 16:45:45,3192,7,2026-07-27 16:43:16,114066.4349,6207.5767,125137.9629
2026-07-27 16:45:45,3207,3,2026-06-03 07:05:01,19799.7891,0.0,19799.7891
2026-07-27 16:45:45,3207,7,2026-07-27 16:38:45,-1622296.5936,12683.1402,-1622296.3829
2026-07-27 16:45:45,3211,7,2026-07-27 16:42:25,-283445.061,12092.186,-282027.629
2026-07-27 16:45:45,3216,2,2026-07-25 13:58:26,36383.1099,1774.0265,36378.2979
2026-07-27 16:45:45,3220,3,2026-07-25 21:54:54,-259594.7968,-3.2039,-259594.7968
2026-07-27 16:45:45,3220,7,2026-07-27 13:13:51,-664325.9926,7179.7564,-664325.9926
2026-07-27 16:45:45,3221,2,2026-07-27 16:37:02,-438560.941,262.435,-438560.941
2026-07-27 16:45:45,3221,3,2026-07-18 13:56:38,-9248.826,0.0,-9248.826
2026-07-27 16:45:45,3221,7,2026-07-27 16:40:18,-204917.476,31257.363,-204917.476
2026-07-27 16:45:45,3221,10,2026-06-03 08:15:47,15336.974,0.0,15340.734
2026-07-27 16:45:45,3227,2,2026-07-24 15:58:39,-405025.7944,16874.991,-405025.7944
2026-07-27 16:45:45,3227,10,2026-06-03 08:54:27,-40451.576,0.0,-33421.184
2026-07-27 16:45:45,3237,3,2026-06-25 07:48:55,-18416.1861,0.0,-18416.1861
2026-07-27 16:45:45,3237,7,2026-07-27 16:43:01,-131720.389,2847.1581,-130219.038
2026-07-27 16:45:45,3241,2,2026-07-27 06:52:21,-673625.1186,1011.1413,-673625.1186
2026-07-27 16:45:45,3241,10,2026-06-03 08:54:21,26634.9232,0.0,26634.9232
2026-07-27 16:45:45,3242,3,2026-06-03 08:29:11,0.057,0.0,0.057
2026-07-27 16:45:45,3242,7,2026-07-27 16:29:53,-1120032.813,9539.436,-1120032.813
2026-07-27 16:45:45,3246,3,2026-06-30 23:05:52,-289645.6912,0.0,-289645.6912
2026-07-27 16:45:45,3246,7,2026-07-27 16:43:18,-2050581.9537,15209.5125,-2050581.9537
2026-07-27 16:45:45,3251,7,2026-07-27 16:43:28,-274312.813,3216.3599,-274313.5119
2026-07-27 16:45:45,3252,2,2026-07-25 20:38:23,-918470.5624,604.9685,-918470.5624
2026-07-27 16:45:45,3252,10,2026-06-03 06:40:45,4742.4018,0.0,4742.4018
2026-07-27 16:45:45,3259,2,2026-07-27 16:19:23,2633.5693,12181.512,2633.5693
2026-07-27 16:45:45,3259,3,2026-07-27 16:40:57,-5907.4916,12031.5695,-5907.4916
2026-07-27 16:45:45,3262,2,2026-07-25 20:45:00,-19135.57,4456.15,-19135.57
2026-07-27 16:45:45,3262,3,2026-07-26 13:55:05,-9343.06,1344.92,-9343.06
2026-07-27 16:45:45,3267,2,2026-07-26 06:56:36,-23127.772,3971.7058,-23127.772
2026-07-27 16:45:45,3267,3,2026-06-25 11:55:01,-2415.5908,0.0,-2415.5908
2026-07-27 16:45:45,3267,7,2026-07-26 09:27:24,4132.7842,5918.4469,4132.7842
2026-07-27 16:45:45,3277,2,2026-07-27 16:41:34,-503.7291,5177.1153,-503.7291
2026-07-27 16:45:45,3277,3,2026-07-27 16:42:45,14431.9599,4045.872,14431.9599
2026-07-27 16:45:45,4018,3,2026-06-03 08:41:31,-95817.3204,0.0,-95817.3204
2026-07-27 16:45:45,4018,7,2026-07-27 16:43:01,-823055.9896,43941.3221,-739712.5692
2026-07-27 16:45:45,4023,2,2026-07-22 14:33:59,-9336.7392,587.6517,-9090.7392
2026-07-27 16:45:45,4026,3,2026-06-03 06:24:58,34000.0,0.0,34000.0
2026-07-27 16:45:45,4026,7,2026-07-27 15:06:39,-6917.0265,12742.2204,-4234.7115
2026-07-27 16:45:45,4029,2,2026-07-27 13:28:25,145354.8195,131.2863,145354.0861
2026-07-27 16:45:45,4029,3,2026-06-24 22:29:17,12359.7094,0.0,12359.7094
2026-07-27 16:45:45,4029,7,2026-07-27 13:36:35,175497.0923,200.5349,175702.7167
2026-07-27 18:19:36,1724,3,2026-06-03 08:15:44,-5801.03,0.0,-5801.03
2026-07-27 18:19:36,1724,7,2026-07-27 18:06:27,-547862.337,604.06,-537336.5
2026-07-27 18:19:36,1846,3,2026-06-03 08:24:16,-162433.969,0.0,-162433.969
2026-07-27 18:19:36,1846,7,2026-07-27 18:16:58,-1054420.888,27692.13,-1059932.598
2026-07-27 18:19:36,1926,3,2026-06-03 06:42:55,5096.2534,0.0,5096.2534
2026-07-27 18:19:36,1926,7,2026-07-27 18:16:25,-959910.9252,3332.8641,-959910.9252
2026-07-27 18:19:36,1945,2,2026-07-24 18:33:44,72641.902,90.474,72641.902
2026-07-27 18:19:36,1945,3,2026-06-03 07:12:27,79139.515,0.0,79139.515
2026-07-27 18:19:36,1945,7,2026-07-27 16:45:27,-257791.879,1082.576,-230802.571
2026-07-27 18:19:36,1945,10,2026-06-03 07:12:27,132265.715,0.0,146700.179
2026-07-27 18:19:36,1964,2,2026-07-27 17:47:01,3283009.0156,62332.247,3283009.0156
2026-07-27 18:19:36,1964,3,2026-06-03 08:55:14,62015.86,0.0,62015.86
2026-07-27 18:19:36,1964,7,2026-07-27 18:16:31,3405717.8794,102153.74,3405717.8794
2026-07-27 18:19:36,1964,10,2026-06-03 08:55:14,203413.3281,0.0,203413.3281
2026-07-27 18:19:36,1965,3,2026-06-03 07:01:17,-677.5161,0.0,-677.5161
2026-07-27 18:19:36,1965,7,2026-07-27 18:17:46,234732.8157,11447.1464,236758.8444
2026-07-27 18:19:36,2192,3,2026-06-03 07:03:44,-1260.2165,0.0,-1260.2165
2026-07-27 18:19:36,2192,7,2026-07-27 18:17:23,116048.699,2540.9754,117780.5446
2026-07-27 18:19:36,2204,3,2026-06-03 07:41:42,-39377.836,0.0,-39377.836
2026-07-27 18:19:36,2204,7,2026-07-27 18:16:21,-390443.367,10690.11,-378564.847
2026-07-27 18:19:36,2205,3,2026-06-02 08:49:38,-25663.014,0.0,-25663.014
2026-07-27 18:19:36,2205,7,2026-07-27 18:17:57,-1068597.677,11506.278,-1059360.016
2026-07-27 18:19:36,2207,3,2026-06-03 08:24:50,-11659.982,0.0,-11659.982
2026-07-27 18:19:36,2207,7,2026-07-27 18:16:03,786547.769,23606.535,797078.257
2026-07-27 18:19:36,2208,2,2026-07-27 16:52:41,-655457.7685,5394.984,-655457.7685
2026-07-27 18:19:36,2208,3,2026-06-03 08:31:26,-101220.441,0.0,-101220.441
2026-07-27 18:19:36,2208,4,2026-06-03 08:31:26,0.0,0.0,0.0
2026-07-27 18:19:36,2208,7,2026-07-27 17:00:41,-521571.0611,7704.034,-504368.1281
2026-07-27 18:19:36,2208,8,2026-07-20 15:35:36,2614.851,60.943,2614.851
2026-07-27 18:19:36,2208,10,2026-06-03 08:31:26,563963.1731,0.0,531698.2631
2026-07-27 18:19:36,2224,3,2026-06-03 08:23:23,-6305.346,0.0,-6305.346
2026-07-27 18:19:36,2224,7,2026-07-27 18:16:43,-283473.3889,30754.025,-267250.9439
2026-07-27 18:19:36,2225,3,2026-06-03 08:04:19,-86000.579,0.0,-86000.579
2026-07-27 18:19:36,2225,7,2026-07-27 18:16:58,-965991.312,17033.54,-945681.651
2026-07-27 18:19:36,2228,3,2026-06-25 08:35:15,14456.06,0.0,14456.06
2026-07-27 18:19:36,2228,7,2026-07-27 18:18:02,482850.384,12964.556,484363.905
2026-07-27 18:19:36,2230,3,2026-06-03 07:00:12,2292.791,0.0,2292.791
2026-07-27 18:19:36,2230,7,2026-07-27 18:17:56,-1998.615,10220.776,-2387.658
2026-07-27 18:19:36,2249,2,2026-07-27 12:12:11,-1157753.098,10190.8046,-1162145.9359
2026-07-27 18:19:36,2249,3,2026-07-27 18:17:09,-222062.8686,3794.4244,-220231.5493
2026-07-27 18:19:36,2249,7,2026-06-03 05:29:21,0.0,0.0,0.0
2026-07-27 18:19:36,2251,2,2026-07-27 13:42:47,709857.2198,593.612,714459.1018
2026-07-27 18:19:36,2251,3,2026-07-27 18:16:35,218431.9905,6335.8485,227145.5613
2026-07-27 18:19:36,2251,7,2026-06-03 08:22:05,0.0,0.0,0.0
2026-07-27 18:19:36,2264,2,2026-07-24 01:57:17,-408650.459,5562.465,-408650.459
2026-07-27 18:19:36,2264,10,2026-06-03 08:40:23,-44048.248,0.0,-42652.35
2026-07-27 18:19:36,2268,7,2026-07-27 18:18:04,-53749.19,18119.084,-53749.19
2026-07-27 18:19:36,2291,2,2026-07-27 17:39:41,-127242.8752,5063.4952,-127243.0659
2026-07-27 18:19:36,2292,3,2026-06-23 13:56:40,-98158.828,0.0,-85556.815
2026-07-27 18:19:36,2292,7,2026-07-27 18:18:05,-1090175.886,9960.04,-1110450.596
2026-07-27 18:19:36,2295,3,2026-06-25 08:35:12,5827.7321,0.0,5827.7321
2026-07-27 18:19:36,2295,7,2026-07-27 18:00:39,-128696.4067,4770.5339,-118849.552
2026-07-27 18:19:36,2297,3,2026-07-04 22:47:32,35187.9024,-75.3305,35187.9024
2026-07-27 18:19:36,2297,7,2026-07-26 13:27:20,157648.6618,1277.0583,147220.4408
2026-07-27 18:19:36,2304,2,2026-07-27 14:53:12,-387684.8152,528.2218,-387684.8152
2026-07-27 18:19:36,2304,10,2026-06-03 08:24:38,163627.1421,0.0,175848.871
2026-07-27 18:19:36,2305,2,2026-07-27 18:16:33,124436.1861,2156.3606,121095.4017
2026-07-27 18:19:36,2305,3,2026-06-03 06:05:23,0.0,0.0,0.0
2026-07-27 18:19:36,2305,7,2026-07-27 18:04:09,111008.2074,3404.4962,114261.9494
2026-07-27 18:19:36,2306,2,2026-07-27 18:17:47,95051.5228,2490.449,102247.3319
2026-07-27 18:19:36,2306,3,2026-07-05 00:54:48,284588.2849,-363.5805,284588.2849
2026-07-27 18:19:36,2306,7,2026-07-27 18:14:45,578270.8552,9827.9592,579223.4943
2026-07-27 18:19:36,2307,2,2026-07-27 17:35:29,734720.8586,2993.5263,769191.6756
2026-07-27 18:19:36,2308,2,2026-07-27 10:22:44,2716044.9451,45884.4158,2726709.4166
2026-07-27 18:19:36,2317,2,2026-07-27 17:58:12,23987.525,25582.8483,27930.5625
2026-07-27 18:19:36,2317,3,2026-06-03 08:18:19,21540.6262,0.0,21540.6262
2026-07-27 18:19:36,2317,7,2026-07-27 18:14:00,346068.7126,4311.2032,347986.2782
2026-07-27 18:19:36,2330,2,2026-07-25 20:29:53,-1140410.0165,58069.89,-1140410.0165
2026-07-27 18:19:36,2330,10,2026-06-03 07:45:12,-52379.6297,0.0,-48319.6747
2026-07-27 18:19:36,2332,3,2026-06-29 07:00:07,-799906.854,0.0,-819134.88
2026-07-27 18:19:36,2332,7,2026-07-27 18:17:24,-6881587.7,16171.859,-6926472.971
2026-07-27 18:19:36,2338,2,2026-07-27 16:24:03,15446.897,2137.039,28333.307
2026-07-27 18:19:36,2338,3,2026-07-27 18:17:17,66903.9,4423.471,56930.312
2026-07-27 18:19:36,2339,2,2026-07-27 13:24:27,489722.9318,5327.0916,493211.2263
2026-07-27 18:19:36,2339,3,2026-07-27 09:57:57,231884.8606,-194.435,232646.8606
2026-07-27 18:19:36,2339,7,2026-07-27 18:16:42,139808.6325,4035.3906,145900.1573
2026-07-27 18:19:36,2341,7,2026-07-27 18:17:40,59967.1105,10396.3335,51759.0791
2026-07-27 18:19:36,2346,2,2026-07-27 17:13:38,-311726.794,7668.705,-306888.0
2026-07-27 18:19:36,2346,3,2026-07-27 18:17:47,49448.604,7420.13,68216.154
2026-07-27 18:19:36,2350,2,2026-07-27 13:03:02,809422.785,26762.8575,813486.5332
2026-07-27 18:19:36,2350,3,2026-07-27 18:17:09,386254.8247,5157.6924,386087.9871
2026-07-27 18:19:36,2350,7,2026-06-03 06:46:14,0.0,0.0,0.0
2026-07-27 18:19:36,2353,2,2026-07-27 17:54:34,253383.8262,13.5832,279227.4073
2026-07-27 18:19:36,2353,3,2026-07-26 11:28:09,-30120.0728,723.3648,-28121.0728
2026-07-27 18:19:36,2353,7,2026-07-27 15:56:59,106426.3468,1479.1303,108534.4476
2026-07-27 18:19:36,2355,2,2026-07-27 15:32:45,-69210.6526,6099.994,-69210.6526
2026-07-27 18:19:36,2355,3,2026-07-26 21:42:35,-22192.5451,107.0274,-22192.5451
2026-07-27 18:19:36,2355,7,2026-07-27 18:16:15,-24710.874,15002.8032,-24710.874
2026-07-27 18:19:36,2359,3,2026-07-24 20:50:14,-191266.842,48000.0,-188793.646
2026-07-27 18:19:36,2359,7,2026-07-27 18:17:19,-2874041.959,-9335.084,-2871229.999
2026-07-27 18:19:36,2364,2,2026-07-27 14:03:55,-348920.879,50364.4107,-348437.6722
2026-07-27 18:19:36,2384,2,2026-07-25 08:43:11,-26288.0,967.618,-26288.0
2026-07-27 18:19:36,2384,3,2026-06-23 07:29:35,-39429.606,0.0,-35855.326
2026-07-27 18:19:36,2384,7,2026-07-27 18:17:29,-195261.5861,20730.57,-192339.4801
2026-07-27 18:19:36,2384,10,2026-06-03 07:14:42,50116.43,0.0,51545.068
2026-07-27 18:19:36,2386,3,2026-07-24 20:40:22,-1851573.9051,24269.1688,-1866529.6358
2026-07-27 18:19:36,2386,7,2026-07-27 18:17:18,-237227.3118,30080.4055,-237227.3118
2026-07-27 18:19:36,2388,3,2026-07-19 07:38:50,-116806.2324,0.0,-116806.2324
2026-07-27 18:19:36,2388,7,2026-07-27 18:17:39,-291704.0857,5300.5761,-295946.3636
2026-07-27 18:19:36,2390,3,2026-07-24 17:07:47,429349.6438,12323.2963,434625.1347
2026-07-27 18:19:36,2390,7,2026-07-27 18:17:51,556307.3478,10808.2074,556307.3478
2026-07-27 18:19:36,2391,3,2026-06-09 13:00:35,35339.607,0.0,35339.607
2026-07-27 18:19:36,2391,7,2026-07-27 18:17:09,212573.764,6408.533,225916.221
2026-07-27 18:19:36,2394,2,2026-07-27 18:11:42,591147.6869,57595.5637,591147.6869
2026-07-27 18:19:36,2394,3,2026-07-27 18:17:19,37079.0563,20966.1525,37079.0563
2026-07-27 18:19:36,2394,7,2026-07-22 14:09:39,-52072.8814,96.7149,-40749.9857
2026-07-27 18:19:36,2394,10,2026-06-03 07:15:34,9039.8697,0.0,9093.2246
2026-07-27 18:19:36,2408,2,2026-07-27 12:42:01,443633.655,449.61,458462.834
2026-07-27 18:19:36,2408,3,2026-06-25 08:20:05,2582.278,0.0,2582.278
2026-07-27 18:19:36,2408,7,2026-07-27 17:36:15,168034.351,27.519,182147.53
2026-07-27 18:19:36,2416,2,2026-07-27 18:07:36,167185.453,0.015,173184.759
2026-07-27 18:19:36,2416,3,2026-06-25 15:26:40,-631.809,-46.24,-631.809
2026-07-27 18:19:36,2416,7,2026-07-27 18:18:08,-42299.378,1634.652,-42271.374
2026-07-27 18:19:36,2417,2,2026-07-27 18:17:50,249635.469,7942.373,261206.665
2026-07-27 18:19:36,2417,3,2026-06-24 21:44:46,7651.257,0.0,7651.257
2026-07-27 18:19:36,2417,7,2026-07-27 18:17:53,315773.462,14047.326,326354.676
2026-07-27 18:19:36,2446,3,2026-06-03 08:46:32,297.62,0.0,297.62
2026-07-27 18:19:36,2446,7,2026-07-27 18:17:44,29370.937,6854.81,29370.937
2026-07-27 18:19:36,2454,2,2026-07-27 18:18:03,-1534597.4343,25718.9424,-1534597.4343
2026-07-27 18:19:36,2454,10,2026-06-03 07:16:12,-19546.8479,0.0,-7065.1059
2026-07-27 18:19:36,2455,2,2026-07-27 18:09:17,-6741.6365,5403.8781,-27869.1012
2026-07-27 18:19:36,2455,3,2026-06-25 11:49:24,-27258.4132,0.0,-27258.4132
2026-07-27 18:19:36,2455,7,2026-07-27 18:14:18,16378.0364,380.7576,4624.67
2026-07-27 18:19:36,2456,2,2026-07-27 18:18:10,306922.7073,4594.5571,323300.245
2026-07-27 18:19:36,2456,3,2026-07-27 18:13:57,55189.8728,9038.0664,56378.0757
2026-07-27 18:19:36,2457,3,2026-06-29 17:15:03,39649.4768,0.0,39649.4768
2026-07-27 18:19:36,2457,7,2026-07-27 18:17:11,6255.9213,8795.2925,9711.9156
2026-07-27 18:19:36,2459,2,2026-07-26 13:54:08,-1643880.8333,1471.5713,-1643880.8333
2026-07-27 18:19:36,2459,3,2026-06-03 08:23:30,-99659.0222,0.0,-99659.0222
2026-07-27 18:19:36,2459,7,2026-07-27 18:17:14,-1524161.0728,4218.8832,-1522839.0527
2026-07-27 18:19:36,2459,10,2026-06-03 08:23:30,-10729.441,0.0,-6854.1392
2026-07-27 18:19:36,2462,7,2026-07-27 18:16:56,313079.3169,2408.7254,316469.9957
2026-07-27 18:19:36,2471,3,2026-06-03 07:10:50,-40667.004,0.0,-40667.004
2026-07-27 18:19:36,2471,7,2026-07-27 18:17:41,-212743.166,47.702,-197047.047
2026-07-27 18:19:36,2476,3,2026-06-03 06:00:57,283.8138,0.0,283.8138
2026-07-27 18:19:36,2476,7,2026-07-27 18:17:33,-111254.4425,6273.4256,-100422.0626
2026-07-27 18:19:36,2482,2,2026-07-27 16:38:09,-42302.1711,4437.9716,-41581.1924
2026-07-27 18:19:36,2482,3,2026-07-27 18:15:12,2175649.4113,6064.6744,2175570.4377
2026-07-27 18:19:36,2482,7,2025-03-13 16:03:26,-188.0,0.0,-188.0
2026-07-27 18:19:36,2486,3,2026-06-25 08:30:15,-35938.9957,0.0,-35938.9957
2026-07-27 18:19:36,2486,7,2026-07-27 16:17:25,-226096.4058,7926.7436,-218381.0368
2026-07-27 18:19:36,2487,3,2026-06-08 10:58:33,-31579.9725,0.0,-18590.3645
2026-07-27 18:19:36,2487,7,2026-07-26 18:49:58,-21398.6182,376.8039,-21398.6182
2026-07-27 18:19:36,2489,3,2026-06-25 07:34:49,47771.3544,0.0,47771.3544
2026-07-27 18:19:36,2489,7,2026-07-27 17:30:43,209667.3401,356.0088,195490.3961
2026-07-27 18:19:36,2500,2,2026-07-27 16:10:23,177370.2946,27084.0951,179748.8519
2026-07-27 18:19:36,2500,3,2026-07-27 18:17:02,17402.2249,12146.3341,26635.2196
2026-07-27 18:19:36,2500,7,2026-06-03 08:14:04,0.0,0.0,0.0
2026-07-27 18:19:36,2502,2,2026-07-27 18:15:52,-88033.702,9958.2275,-97770.0756
2026-07-27 18:19:36,2502,3,2026-07-27 18:05:48,3308756.7756,4044.3909,3299078.3661
2026-07-27 18:19:36,2505,3,2026-06-18 16:41:17,28705.308,0.0,28705.308
2026-07-27 18:19:36,2505,7,2026-07-27 18:17:38,-175220.613,8360.352,-179313.027
2026-07-27 18:19:36,2514,2,2026-07-27 16:57:57,223825.2691,100.858,229798.4894
2026-07-27 18:19:36,2514,3,2026-07-27 18:16:29,162745.137,1540.1903,167007.2405
2026-07-27 18:19:36,2515,2,2026-07-27 15:16:28,-6104.6514,7881.8439,-11517.9691
2026-07-27 18:19:36,2517,3,2026-07-07 01:35:34,15839.2165,0.0,15839.2165
2026-07-27 18:19:36,2517,7,2026-07-26 09:01:26,-260115.0816,314.7964,-260115.0816
2026-07-27 18:19:36,2519,3,2026-06-09 23:04:12,71888.333,0.0,71888.333
2026-07-27 18:19:36,2519,7,2026-07-27 18:14:16,44692.818,19940.083,44526.86
2026-07-27 18:19:36,2522,3,2026-06-24 20:02:58,-20010.7907,0.0,-20010.7907
2026-07-27 18:19:36,2522,7,2026-07-27 18:16:32,-125555.0049,8073.1254,-124410.4936
2026-07-27 18:19:36,2523,3,2026-06-25 08:57:58,-126426.8077,0.0,-126426.8077
2026-07-27 18:19:36,2523,7,2026-07-27 18:16:14,-1093910.2455,1407.6894,-1102524.871
2026-07-27 18:19:36,2525,3,2026-06-23 11:45:38,14081.7863,0.0,14081.7863
2026-07-27 18:19:36,2525,7,2026-07-27 18:15:55,-100815.5652,7841.7799,-99089.127
2026-07-27 18:19:36,2528,2,2026-07-27 18:08:40,94843.9753,17296.0691,95847.2734
2026-07-27 18:19:36,2528,3,2026-07-27 18:17:54,153955.2611,7675.1038,161833.3161
2026-07-27 18:19:36,2528,7,2026-06-03 06:20:28,0.0,0.0,0.0
2026-07-27 18:19:36,2531,2,2026-07-27 18:15:26,576228.8292,3618.8407,601764.9368
2026-07-27 18:19:36,2531,3,2026-07-27 18:15:25,962569.9291,28951.7174,967178.6188
2026-07-27 18:19:36,2535,3,2026-07-27 00:35:33,-257751.93,1059.1845,-256913.8284
2026-07-27 18:19:36,2535,7,2026-07-27 18:17:23,-413784.323,8319.2419,-415753.6012
2026-07-27 18:19:36,2537,2,2026-07-27 17:45:02,-7503.3221,545.4064,-6100.5408
2026-07-27 18:19:36,2537,3,2026-07-25 15:32:39,49487.9893,681.6203,51036.9476
2026-07-27 18:19:36,2543,2,2026-07-27 10:50:45,367918.727,10125.532,373834.202
2026-07-27 18:19:36,2543,3,2026-06-25 06:59:27,253598.678,0.0,253598.678
2026-07-27 18:19:36,2543,7,2026-07-27 14:03:28,543031.4398,0.805,567668.9238
2026-07-27 18:19:36,2547,3,2026-06-23 08:13:01,-16749.9405,0.0,-15354.2997
2026-07-27 18:19:36,2547,7,2026-07-27 18:14:55,-304458.688,5190.9427,-288565.1549
2026-07-27 18:19:36,2548,2,2026-07-27 18:13:58,-196769.6051,6523.7364,-196769.6051
2026-07-27 18:19:36,2548,10,2026-06-03 07:47:18,-32394.4783,0.0,-33467.9713
2026-07-27 18:19:36,2551,2,2026-07-27 18:15:21,-268151.9912,9030.8229,-235362.2118
2026-07-27 18:19:36,2551,3,2026-07-27 18:15:20,-2419780.1378,32842.3729,-2307646.5077
2026-07-27 18:19:36,2552,2,2026-07-24 23:00:55,-58008.1586,60.2132,-58008.1586
2026-07-27 18:19:36,2552,3,2026-06-29 10:58:04,-40068.729,0.0,-46055.7694
2026-07-27 18:19:36,2552,7,2026-07-27 18:17:22,60423.416,12487.0615,61385.1664
2026-07-27 18:19:36,2552,10,2026-06-03 07:13:13,8613.7686,0.0,550.2333
2026-07-27 18:19:36,2555,2,2026-07-27 18:12:53,-70847.4937,851.3854,-64224.8623
2026-07-27 18:19:36,2555,3,2026-06-24 19:57:23,-19366.0531,0.0,-19366.0531
2026-07-27 18:19:36,2555,7,2026-07-27 18:16:46,-212839.0496,7881.5423,-211308.9132
2026-07-27 18:19:36,2556,3,2026-06-25 08:25:06,29849.4677,0.0,29849.4677
2026-07-27 18:19:36,2556,7,2026-07-27 14:37:31,145848.578,4430.7682,146220.3385
2026-07-27 18:19:36,2559,2,2026-07-27 18:11:39,237723.3226,2479.5899,241339.39
2026-07-27 18:19:36,2559,3,2026-07-27 18:17:58,76464.361,10758.253,77382.7183
2026-07-27 18:19:36,2559,7,2026-06-03 08:00:22,0.0,0.0,0.0
2026-07-27 18:19:36,2564,2,2026-07-27 18:14:52,-94440.3566,17700.9558,-90630.7757
2026-07-27 18:19:36,2564,3,2026-07-26 15:30:43,234603.2198,26.7227,237102.027
2026-07-27 18:19:36,2564,7,2026-07-27 18:17:36,-62473.3735,6976.1453,-53487.0549
2026-07-27 18:19:36,2567,2,2026-07-24 13:40:45,-971186.8065,278.516,-966695.7753
2026-07-27 18:19:36,2567,10,2026-06-03 08:57:48,-0.048,0.0,-0.048
2026-07-27 18:19:36,2571,2,2026-07-27 17:34:25,36279.6301,206.0003,36279.6301
2026-07-27 18:19:36,2571,10,2026-06-03 08:48:36,3282.92,0.0,3282.92
2026-07-27 18:19:36,2577,2,2026-07-26 13:33:55,-1397072.5518,12178.2222,-1397072.5518
2026-07-27 18:19:36,2578,2,2026-07-26 16:13:35,483652.3183,375.3407,485997.6873
2026-07-27 18:19:36,2584,2,2026-07-27 18:18:05,-53117.0845,5674.4033,-49563.7905
2026-07-27 18:19:36,2584,3,2026-06-03 08:11:41,0.0,0.0,0.0
2026-07-27 18:19:36,2584,7,2026-07-27 17:40:29,-71764.9829,18508.922,-71110.9829
2026-07-27 18:19:36,2585,3,2026-07-26 17:22:25,-567147.7163,-517.2952,-563378.9392
2026-07-27 18:19:36,2585,7,2026-07-27 18:17:00,-669417.43,27997.8957,-656238.2298
2026-07-27 18:19:36,2590,3,2026-06-03 06:07:28,49948.16,0.0,49948.16
2026-07-27 18:19:36,2590,7,2026-07-27 18:16:01,-84834.79,5995.45,-84834.79
2026-07-27 18:19:36,2593,3,2026-06-03 08:48:31,-260092.2651,0.0,-260092.2651
2026-07-27 18:19:36,2593,7,2026-07-27 18:17:53,-4512292.6976,95221.4668,-4562610.3163
2026-07-27 18:19:36,2595,2,2026-07-26 12:57:20,-224382.311,559.6726,-224490.3506
2026-07-27 18:19:36,2595,3,2026-07-01 23:08:31,-33957.2315,0.0,-33957.2315
2026-07-27 18:19:36,2595,7,2026-07-27 18:17:50,-42702.1034,7132.2224,-42682.4084
2026-07-27 18:19:36,2597,3,2026-06-24 23:23:29,44695.738,0.0,44695.738
2026-07-27 18:19:36,2597,7,2026-07-27 15:35:36,168100.677,57.082,177712.886
2026-07-27 18:19:36,2598,3,2026-06-24 15:17:29,32099.5939,0.0,32099.5939
2026-07-27 18:19:36,2598,7,2026-07-27 12:41:31,-127965.3136,6021.6917,-127907.3176
2026-07-27 18:19:36,2600,2,2026-07-25 17:56:17,6132.7025,1354.7825,-18266.0447
2026-07-27 18:19:36,2601,2,2026-07-27 18:17:45,205339.0907,2390.3889,207154.6447
2026-07-27 18:19:36,2601,3,2026-07-27 16:54:10,232806.7458,11378.7301,236978.3668
2026-07-27 18:19:36,2603,2,2026-07-27 11:04:15,14308.5656,5278.0251,14867.3667
2026-07-27 18:19:36,2603,3,2026-07-27 18:17:52,12859.339,17474.9189,21005.0604
2026-07-27 18:19:36,2603,7,2026-06-03 08:16:02,0.0,0.0,0.0
2026-07-27 18:19:36,2605,2,2026-07-27 16:13:43,775262.1639,854.2176,776410.3142
2026-07-27 18:19:36,2605,3,2026-07-27 11:50:38,35363.599,179.9367,35569.28
2026-07-27 18:19:36,2605,7,2026-07-27 18:17:22,66951.6004,8733.3854,66950.9941
2026-07-27 18:19:36,2610,3,2026-06-23 18:55:37,-102161.9466,0.0,-102161.9466
2026-07-27 18:19:36,2610,7,2026-07-27 18:17:06,-659757.4927,15869.924,-658657.4137
2026-07-27 18:19:36,2615,3,2026-06-24 16:18:24,23818.6397,0.0,23818.6397
2026-07-27 18:19:36,2615,7,2026-07-27 14:46:06,308633.5633,5298.6085,301446.0063
2026-07-27 18:19:36,2617,3,2026-07-27 18:15:42,-625098.1167,709.9839,-597894.2952
2026-07-27 18:19:36,2618,2,2026-07-27 13:09:33,265748.3164,260.4982,270269.3647
2026-07-27 18:19:36,2618,3,2026-07-27 13:23:57,376240.219,800.6759,390514.8716
2026-07-27 18:19:36,2624,3,2026-07-07 18:26:02,32260.673,0.0,32260.673
2026-07-27 18:19:36,2624,7,2026-07-27 18:14:42,68123.9502,9772.2676,68123.9502
2026-07-27 18:19:36,2627,2,2026-07-27 11:19:30,-429072.8886,5705.5766,-426457.4062
2026-07-27 18:19:36,2627,3,2026-07-27 09:26:49,-81731.2177,-561.6157,-81711.2177
2026-07-27 18:19:36,2627,7,2026-07-27 18:16:18,-238708.7295,3358.3375,-234871.7377
2026-07-27 18:19:36,2640,2,2026-07-27 17:52:36,1157109.317,28222.587,1157108.996
2026-07-27 18:19:36,2640,3,2026-06-25 03:29:29,48476.868,0.0,48476.868
2026-07-27 18:19:36,2640,7,2026-07-27 18:15:11,269755.105,7118.638,269582.209
2026-07-27 18:19:36,2641,2,2026-07-27 18:18:16,-814316.3267,5318.2738,-811818.176
2026-07-27 18:19:36,2642,2,2026-07-27 10:26:46,-547753.4285,314.1381,-534069.0825
2026-07-27 18:19:36,2643,2,2026-07-27 18:17:23,183493.1651,9807.0044,189980.8605
2026-07-27 18:19:36,2643,3,2026-07-02 12:19:33,-1946.3247,-161.632,-1946.3247
2026-07-27 18:19:36,2643,7,2026-07-27 18:17:23,167620.0764,2181.5412,167619.442
2026-07-27 18:19:36,2644,2,2026-07-27 18:13:55,-330819.3065,2813.8271,-328588.3065
2026-07-27 18:19:36,2644,3,2026-07-26 18:38:32,-963335.5869,47.1831,-961001.0714
2026-07-27 18:19:36,2644,7,2026-07-25 11:26:29,-1062756.4492,829.0153,-1062897.5728
2026-07-27 18:19:36,2645,3,2026-07-27 18:15:26,-931128.5023,45586.3954,-913216.1972
2026-07-27 18:19:36,2646,2,2026-07-27 18:17:37,-240595.8625,18474.1456,-240131.4348
2026-07-27 18:19:36,2646,3,2026-07-27 18:11:44,-275463.2954,3085.0097,-275034.7942
2026-07-27 18:19:36,2646,7,2026-06-03 06:17:12,0.0,0.0,0.0
2026-07-27 18:19:36,2647,2,2026-07-26 13:24:17,-585117.7023,2453.923,-585117.7023
2026-07-27 18:19:36,2647,10,2026-06-03 06:14:35,1455.0785,0.0,1428.2484
2026-07-27 18:19:36,2656,3,2026-06-25 07:59:12,-18143.503,0.0,-18143.503
2026-07-27 18:19:36,2656,7,2026-07-27 18:17:19,-300237.843,7987.062,-286859.458
2026-07-27 18:19:36,2657,3,2026-06-25 10:16:36,94139.9814,0.0,94139.9814
2026-07-27 18:19:36,2657,7,2026-07-27 17:35:36,752788.4249,20600.7798,750536.4189
2026-07-27 18:19:36,2668,3,2026-06-03 08:09:35,85204.4639,0.0,85204.4639
2026-07-27 18:19:36,2668,7,2026-07-26 21:22:11,-77559.0609,446.0822,-75655.2826
2026-07-27 18:19:36,2670,3,2026-07-27 15:48:14,-70905.0236,10669.9443,-69304.2304
2026-07-27 18:19:36,2677,3,2026-07-15 16:21:55,119828.9504,0.0,119828.9504
2026-07-27 18:19:36,2677,7,2026-07-27 10:38:51,-242910.5496,3930.7958,-96286.5494
2026-07-27 18:19:36,2688,2,2026-07-27 11:14:33,243588.1716,9640.2332,236529.0974
2026-07-27 18:19:36,2688,3,2026-07-27 10:41:41,11483.4022,9000.0,6307.3472
2026-07-27 18:19:36,2688,7,2026-07-27 18:17:48,71836.6037,6235.577,71836.6037
2026-07-27 18:19:36,2689,2,2026-07-27 18:04:46,-159103.4283,1323.1109,-159103.4283
2026-07-27 18:19:36,2689,3,2026-07-03 08:01:28,-96635.0735,0.0,-89520.9913
2026-07-27 18:19:36,2689,7,2026-07-27 18:17:13,92680.1726,7845.043,92852.2141
2026-07-27 18:19:36,2689,10,2026-06-03 08:27:53,-15453.3777,0.0,-131.4103
2026-07-27 18:19:36,2697,2,2026-07-27 18:06:55,202880.103,75132.691,223228.653
2026-07-27 18:19:36,2697,3,2026-06-24 21:59:09,8790.341,0.0,8790.341
2026-07-27 18:19:36,2697,7,2026-07-27 11:49:51,405921.028,11770.52,415916.506
2026-07-27 18:19:36,2698,2,2026-07-27 18:13:10,-199526.1988,18779.5947,-199526.1988
2026-07-27 18:19:36,2698,3,2026-07-01 00:35:16,16519.7515,0.0,16342.3738
2026-07-27 18:19:36,2698,7,2026-07-27 18:13:11,-83402.4038,32881.2411,-83427.077
2026-07-27 18:19:36,2698,10,2026-06-03 07:51:18,45085.3121,0.0,45001.2993
2026-07-27 18:19:36,2704,3,2026-07-27 18:08:20,-130913.432,12450.4849,-130022.5274
2026-07-27 18:19:36,2706,3,2026-06-03 05:15:51,65137.2927,0.0,65137.2927
2026-07-27 18:19:36,2706,7,2026-07-27 18:17:45,1677621.1262,42758.3558,1677284.7909
2026-07-27 18:19:36,2711,2,2026-07-25 08:05:27,393003.4858,6.3825,393003.4858
2026-07-27 18:19:36,2711,3,2026-07-18 11:17:08,66391.2991,0.0,66391.2991
2026-07-27 18:19:36,2711,7,2026-07-25 10:22:36,58424.4231,72.1358,58424.4231
2026-07-27 18:19:36,2711,10,2026-06-03 07:01:45,161337.5346,0.0,165205.2857
2026-07-27 18:19:36,2718,3,2026-07-27 12:30:45,-668845.195,417.0207,-657169.9087
2026-07-27 18:19:36,2718,7,2025-03-13 16:03:26,724.0,0.0,724.0
2026-07-27 18:19:36,2722,2,2026-07-27 17:57:33,469455.7237,10977.1556,470463.4045
2026-07-27 18:19:36,2722,3,2026-07-27 18:16:59,381192.6231,10116.8411,403123.29
2026-07-27 18:19:36,2722,7,2026-06-03 06:10:37,0.0,0.0,0.0
2026-07-27 18:19:36,2722,10,2026-06-03 06:10:37,0.0,0.0,0.0
2026-07-27 18:19:36,2724,3,2026-06-03 08:22:13,-104485.854,0.0,-104485.854
2026-07-27 18:19:36,2724,7,2026-07-27 18:17:39,-64963.582,9066.27,-76732.529
2026-07-27 18:19:36,2729,2,2026-07-27 15:52:41,231346.638,3.67,242974.808
2026-07-27 18:19:36,2729,3,2026-06-25 05:19:07,16382.759,0.0,16382.759
2026-07-27 18:19:36,2729,7,2026-07-27 18:16:28,371157.705,1469.61,380614.926
2026-07-27 18:19:36,2730,3,2026-06-03 08:24:08,-70381.761,0.0,-70381.761
2026-07-27 18:19:36,2730,7,2026-07-27 18:17:37,17740.47,638.466,21479.156
2026-07-27 18:19:36,2740,3,2026-06-03 08:50:37,16000.0,0.0,16000.0
2026-07-27 18:19:36,2740,7,2026-07-27 15:16:00,-304231.4109,3511.5358,-303036.5599
2026-07-27 18:19:36,2743,3,2026-06-03 08:33:58,1153.781,0.0,1153.781
2026-07-27 18:19:36,2743,7,2026-07-27 18:16:49,25083.648,12057.539,58568.202
2026-07-27 18:19:36,2744,2,2026-07-27 18:15:40,72803.375,5676.29,72803.375
2026-07-27 18:19:36,2744,10,2026-07-08 14:32:58,218138.5457,0.0,221000.9654
2026-07-27 18:19:36,2747,2,2026-07-27 18:08:24,-76377.42,21265.43,-76377.42
2026-07-27 18:19:36,2747,10,2026-07-02 10:56:28,1516.166,0.0,17299.24
2026-07-27 18:19:36,2753,2,2026-07-27 16:02:23,-396593.5261,12864.7712,-396586.5381
2026-07-27 18:19:36,2754,3,2026-06-19 15:45:48,61551.902,0.0,61551.902
2026-07-27 18:19:36,2754,7,2026-07-27 18:17:43,-124173.837,13687.149,-114627.525
2026-07-27 18:19:36,2760,3,2026-07-20 18:41:06,-9222.314,15000.0,-9222.314
2026-07-27 18:19:36,2760,7,2026-07-27 18:15:57,180650.014,38434.8,180650.014
2026-07-27 18:19:36,2763,2,2026-07-24 19:09:32,-16079.1903,826.8238,-16220.1905
2026-07-27 18:19:36,2763,3,2026-06-25 17:12:54,-4707.1257,0.0,-4707.1257
2026-07-27 18:19:36,2763,7,2026-07-25 07:39:27,51588.4933,128.3771,51537.2139
2026-07-27 18:19:36,2768,3,2026-06-03 08:23:19,18909.168,0.0,18909.168
2026-07-27 18:19:36,2768,7,2026-07-27 18:16:49,1799737.516,5760.982,1799737.226
2026-07-27 18:19:36,2769,2,2026-07-27 18:12:41,265764.4308,36968.7199,265460.7595
2026-07-27 18:19:36,2770,3,2026-06-03 08:28:44,-25546.363,0.0,-25546.363
2026-07-27 18:19:36,2770,7,2026-07-27 18:17:23,307651.044,13850.611,315369.913
2026-07-27 18:19:36,2773,2,2026-07-27 16:17:35,691753.1821,9597.13,691753.1821
2026-07-27 18:19:36,2773,3,2026-06-03 08:42:23,-22079.269,0.0,-22079.269
2026-07-27 18:19:36,2773,7,2026-07-27 18:17:43,1088017.358,343.199,1088912.132
2026-07-27 18:19:36,2773,10,2026-07-04 16:39:54,428596.1948,0.0,421326.1948
2026-07-27 18:19:36,2781,2,2026-07-27 17:59:28,298603.4762,10717.84,298603.4762
2026-07-27 18:19:36,2781,3,2026-06-09 16:13:39,75539.087,0.0,75539.087
2026-07-27 18:19:36,2781,7,2026-07-27 18:17:53,96502.938,19324.26,96502.708
2026-07-27 18:19:36,2781,10,2026-06-03 08:39:47,84378.2339,0.0,85984.939
2026-07-27 18:19:36,2782,2,2026-07-27 18:08:05,309185.7994,8991.9502,309425.119
2026-07-27 18:19:36,2782,3,2026-06-24 19:55:29,1884.7004,0.0,1884.7004
2026-07-27 18:19:36,2782,7,2026-07-27 18:14:05,86549.6472,5217.9767,86765.7594
2026-07-27 18:19:36,2786,2,2026-07-27 17:44:29,25684.5649,15915.8422,32125.2906
2026-07-27 18:19:36,2786,3,2026-06-25 18:56:27,-28181.3919,0.0,-28181.3919
2026-07-27 18:19:36,2786,7,2026-07-27 18:15:50,415273.2519,1162.3694,417710.1015
2026-07-27 18:19:36,2789,2,2026-07-27 17:02:43,119568.9334,155.9028,118989.6725
2026-07-27 18:19:36,2789,3,2026-06-25 08:42:03,32230.3415,0.0,32230.3415
2026-07-27 18:19:36,2789,7,2026-07-27 18:16:33,111520.1115,3371.6919,113602.7363
2026-07-27 18:19:36,2793,2,2026-07-27 18:08:32,22273.0896,6325.992,22273.0896
2026-07-27 18:19:36,2793,10,2026-06-03 00:52:18,78915.1501,0.0,78915.1501
2026-07-27 18:19:36,2794,2,2026-07-27 17:48:29,456055.9796,81.7679,457822.5709
2026-07-27 18:19:36,2794,3,2026-06-25 11:19:21,69946.7438,0.0,69946.7438
2026-07-27 18:19:36,2794,7,2026-07-27 18:16:49,440624.8839,4099.1535,442067.4091
2026-07-27 18:19:36,2798,3,2026-07-25 14:58:25,151426.9009,183.6827,151550.272
2026-07-27 18:19:36,2798,7,2026-07-27 18:11:35,170421.8183,5983.4196,176763.9777
2026-07-27 18:19:36,2800,2,2026-07-27 16:37:17,362102.447,156.196,362699.647
2026-07-27 18:19:36,2800,3,2026-06-24 21:36:33,27274.349,0.0,27274.349
2026-07-27 18:19:36,2800,7,2026-07-27 15:08:15,241781.345,138.907,248387.175
2026-07-27 18:19:36,2803,2,2026-07-27 14:43:20,-810379.409,2828.94,-810379.409
2026-07-27 18:19:36,2803,10,2026-06-03 08:28:50,6582.141,0.0,6478.519
2026-07-27 18:19:36,2804,2,2026-07-27 11:00:19,11934.9381,4190.4693,17074.3806
2026-07-27 18:19:36,2804,3,2026-07-27 18:17:00,289830.893,1974.3033,301237.0152
2026-07-27 18:19:36,2804,7,2026-07-26 21:20:10,28685.7998,12022.1068,28685.7998
2026-07-27 18:19:36,2805,2,2026-07-27 18:17:16,-139081.14,23046.46,-139081.14
2026-07-27 18:19:36,2805,3,2026-06-03 08:04:14,356.19,0.0,814.19
2026-07-27 18:19:36,2805,7,2026-07-27 18:17:51,-191244.1012,1733.88,-200578.4652
2026-07-27 18:19:36,2805,10,2026-06-03 08:04:14,92405.9332,0.0,80102.1592
2026-07-27 18:19:36,2808,2,2026-07-25 23:03:07,-553730.0225,36.9,-553730.0225
2026-07-27 18:19:36,2808,10,2026-06-03 08:45:00,101684.8878,0.0,79419.6098
2026-07-27 18:19:36,2821,2,2026-07-27 13:04:22,15199.8553,13792.9497,31979.1375
2026-07-27 18:19:36,2821,3,2026-07-27 17:39:18,85935.4997,5057.8822,93030.0936
2026-07-27 18:19:36,2821,10,2026-06-03 07:23:51,0.0,0.0,0.0
2026-07-27 18:19:36,2822,2,2026-07-27 14:37:34,21484.307,2612.095,38220.7751
2026-07-27 18:19:36,2822,3,2026-07-27 15:55:46,370176.3609,17113.3155,385814.7682
2026-07-27 18:19:36,2824,2,2026-07-27 11:31:24,134642.0998,2009.9392,134642.0998
2026-07-27 18:19:36,2824,3,2026-07-19 08:02:40,34803.699,0.0,34803.699
2026-07-27 18:19:36,2824,7,2026-07-26 14:22:35,235959.7653,533.5568,235958.7653
2026-07-27 18:19:36,2824,10,2026-06-03 07:14:15,93172.0173,0.0,93172.0173
2026-07-27 18:19:36,2829,2,2026-07-25 13:10:58,138283.1869,57.1412,138283.1869
2026-07-27 18:19:36,2829,3,2026-06-24 07:57:10,11077.1089,0.0,11077.1089
2026-07-27 18:19:36,2829,7,2026-07-26 17:16:58,65137.1657,1107.4434,65137.1657
2026-07-27 18:19:36,2833,2,2026-07-26 22:25:38,287800.3211,20800.0,287800.3211
2026-07-27 18:19:36,2833,3,2026-07-19 12:40:04,153270.4325,-6951.7805,153270.4325
2026-07-27 18:19:36,2833,7,2026-07-27 09:05:11,408155.78,127481.7343,424540.685
2026-07-27 18:19:36,2833,10,2026-06-03 00:54:55,31780.001,0.0,31779.4074
2026-07-27 18:19:36,2853,3,2026-06-25 08:23:16,-112234.8562,0.0,-112234.8562
2026-07-27 18:19:36,2853,7,2026-07-27 18:16:43,-872409.4111,1111.9254,-872281.4993
2026-07-27 18:19:36,2856,3,2026-06-25 08:13:11,2733.8571,0.0,2733.8571
2026-07-27 18:19:36,2856,7,2026-07-26 08:34:19,34840.3472,298.8913,34900.573
2026-07-27 18:19:36,2857,2,2026-07-27 13:42:59,-77149.3147,2174.89,-77629.1939
2026-07-27 18:19:36,2857,3,2026-07-27 17:27:07,-160241.975,2401.01,-158757.0297
2026-07-27 18:19:36,2877,3,2026-06-25 08:58:56,163265.676,0.0,163265.676
2026-07-27 18:19:36,2877,7,2026-07-27 18:00:07,159316.954,217.728,159316.552
2026-07-27 18:19:36,2903,3,2026-07-27 17:42:37,-41766.5006,4357.0979,-30594.4883
2026-07-27 18:19:36,2905,2,2026-07-27 18:15:49,132945.7503,2097.08,268986.3901
2026-07-27 18:19:36,2911,2,2026-07-27 18:17:36,-190703.8,40513.22,-153961.86
2026-07-27 18:19:36,2916,2,2026-07-26 23:30:59,119347.8091,85.386,119121.6121
2026-07-27 18:19:36,2916,3,2026-06-26 12:27:41,27020.329,0.0,27020.329
2026-07-27 18:19:36,2916,7,2026-07-27 18:14:35,98516.195,2635.598,99694.914
2026-07-27 18:19:36,2928,3,2026-07-16 11:01:39,489103.97,0.0,547799.6145
2026-07-27 18:19:36,2928,7,2026-07-27 11:46:25,4507727.4786,22237.3374,4507727.4786
2026-07-27 18:19:36,2929,3,2026-06-03 08:14:32,0.0398,0.0,0.0398
2026-07-27 18:19:36,2929,7,2026-07-27 18:17:33,80010.1437,7971.3063,82068.4182
2026-07-27 18:19:36,2931,2,2026-07-27 14:11:08,-400964.0849,104252.3765,-396010.6263
2026-07-27 18:19:36,2931,3,2026-06-21 12:31:45,-15527.2973,0.0,-12545.7635
2026-07-27 18:19:36,2931,7,2026-07-27 18:17:34,-213681.8038,8490.0294,-213681.8038
2026-07-27 18:19:36,2940,2,2026-07-27 12:26:51,-7807.6278,4211.84,-10027.9666
2026-07-27 18:19:36,2940,3,2026-07-27 18:01:31,-13838.5579,6396.39,-17072.8519
2026-07-27 18:19:36,2943,3,2026-07-10 06:51:31,-19289.3804,0.0,-19289.3804
2026-07-27 18:19:36,2943,7,2026-07-27 18:04:54,-663452.7694,3955.2847,-663452.7694
2026-07-27 18:19:36,2946,3,2026-06-03 06:26:53,0.0,0.0,0.0
2026-07-27 18:19:36,2946,7,2026-07-27 18:17:42,253267.3983,37703.217,254927.8783
2026-07-27 18:19:36,2950,2,2026-07-27 04:01:04,327837.1335,847.1016,327836.3935
2026-07-27 18:19:36,2950,3,2026-06-25 16:24:47,20615.5343,0.0,20615.5343
2026-07-27 18:19:36,2950,7,2026-07-27 17:14:21,200330.6409,255.6548,200330.3759
2026-07-27 18:19:36,2954,2,2026-07-26 07:47:09,-337501.816,8365.733,-337482.168
2026-07-27 18:19:36,2954,3,2026-06-25 16:56:59,-1301.282,0.0,-1301.282
2026-07-27 18:19:36,2954,7,2026-07-26 17:31:15,-281348.833,12227.76,-279468.057
2026-07-27 18:19:36,2956,2,2026-07-27 18:08:37,-35737.3766,1944.1197,-35737.3766
2026-07-27 18:19:36,2956,10,2026-06-01 07:28:35,-17741.6375,0.0,24967.0104
2026-07-27 18:19:36,2957,2,2026-07-27 18:16:04,181882.8858,6276.59,181882.4144
2026-07-27 18:19:36,2957,3,2026-07-27 18:16:03,151997.0063,14148.45,162414.539
2026-07-27 18:19:36,2958,2,2026-07-27 00:05:27,127360.3382,1956.699,127360.3382
2026-07-27 18:19:36,2958,3,2026-06-03 07:14:11,310861.2153,0.0,310956.3434
2026-07-27 18:19:36,2958,7,2026-07-27 12:39:46,331832.6586,16851.7462,348661.8348
2026-07-27 18:19:36,2958,10,2026-06-03 07:14:11,60435.569,0.0,60704.569
2026-07-27 18:19:36,2959,3,2026-06-25 14:04:50,-31808.5916,0.0,-31808.5916
2026-07-27 18:19:36,2959,7,2026-07-27 17:54:09,-135235.1807,4598.7286,-132924.1836
2026-07-27 18:19:36,2960,2,2026-07-27 18:16:17,163881.0107,6068.0507,163798.1822
2026-07-27 18:19:36,2960,3,2026-07-27 18:15:28,8928.6427,6683.3133,9199.0973
2026-07-27 18:19:36,2974,2,2026-07-27 14:31:59,-686631.8748,6945.51,-688138.0715
2026-07-27 18:19:36,2974,3,2026-07-27 16:19:52,-244984.8536,5106.62,-240313.2797
2026-07-27 18:19:36,2974,7,2026-07-17 12:48:06,-260699.3893,0.0,-260699.3893
2026-07-27 18:19:36,2977,3,2026-07-27 16:55:31,114045.0205,9.0779,114822.6337
2026-07-27 18:19:36,2977,7,2026-07-26 21:22:29,33076.9183,-1.623,33076.9183
2026-07-27 18:19:36,2979,2,2026-07-27 18:03:08,-1725528.3745,17205.33,-1724281.4219
2026-07-27 18:19:36,2979,3,2026-07-27 18:15:21,-738718.8953,28318.09,-619264.9407
2026-07-27 18:19:36,2980,2,2026-07-27 18:12:27,-101296.2112,1105.18,-112385.7199
2026-07-27 18:19:36,2980,3,2026-07-27 18:17:34,-104734.9054,1389.13,-110638.9128
2026-07-27 18:19:36,2981,2,2026-07-27 18:01:14,-1190028.5734,27661.35,-1168350.4014
2026-07-27 18:19:36,2982,2,2026-07-27 15:51:49,-230169.823,5048.8528,-228146.4484
2026-07-27 18:19:36,2982,3,2026-07-27 18:17:02,-252088.8249,10904.2565,-256106.1498
2026-07-27 18:19:36,2982,7,2026-06-03 08:35:10,0.0,0.0,0.0
2026-07-27 18:19:36,2989,3,2026-07-09 18:20:00,-22293.61,-25730.48,-22293.61
2026-07-27 18:19:36,2989,7,2026-07-27 18:16:39,542148.9245,280671.85,542168.6815
2026-07-27 18:19:36,3005,2,2026-07-27 18:18:09,93464.824,2327.16,107019.926
2026-07-27 18:19:36,3005,3,2026-06-25 09:44:56,17302.543,0.0,17302.543
2026-07-27 18:19:36,3005,7,2026-07-27 17:36:46,218601.324,491.729,227059.563
2026-07-27 18:19:36,3011,2,2026-07-23 14:55:52,494498.6113,2968.406,914498.6113
2026-07-27 18:19:36,3011,10,2026-06-03 08:45:02,268421.73,0.0,342391.838
2026-07-27 18:19:36,3013,2,2026-07-27 17:51:17,-2123264.211,20035.92,-2123264.211
2026-07-27 18:19:36,3013,10,2026-06-03 06:06:23,18399.806,0.0,-4002.27
2026-07-27 18:19:36,3021,2,2026-07-27 11:35:35,-837430.2196,9585.62,-808907.4309
2026-07-27 18:19:36,3021,3,2026-06-19 12:30:06,-531276.7539,-21001.8,-455174.6524
2026-07-27 18:19:36,3021,7,2026-07-27 18:06:37,28414.28,53753.53,28414.28
2026-07-27 18:19:36,3032,2,2026-07-27 13:51:51,376133.583,39317.967,379226.213
2026-07-27 18:19:36,3032,3,2026-06-25 07:46:22,-12295.143,0.0,-12295.143
2026-07-27 18:19:36,3032,7,2026-07-27 18:16:28,-42239.481,1657.042,-25735.529
2026-07-27 18:19:36,3040,2,2026-07-27 10:31:41,-1278476.8081,905.6531,-1278476.8081
2026-07-27 18:19:36,3040,10,2026-06-03 00:19:48,24844.0888,0.0,24844.0888
2026-07-27 18:19:36,3044,3,2025-07-04 06:41:44,52895.8553,0.0,52895.8553
2026-07-27 18:19:36,3044,7,2026-07-27 18:17:49,-13261.8814,7248.0468,-3743.2333
2026-07-27 18:19:36,3050,3,2026-07-06 12:22:18,8883.4634,0.0,8883.4634
2026-07-27 18:19:36,3050,7,2026-07-27 18:15:45,191880.397,8038.1179,197364.0559
2026-07-27 18:19:36,3055,2,2026-07-27 18:14:55,442035.623,12037.644,442110.579
2026-07-27 18:19:36,3055,3,2026-06-25 06:46:32,174080.895,0.0,174080.895
2026-07-27 18:19:36,3055,7,2026-07-27 18:17:40,269850.046,7700.041,270802.374
2026-07-27 18:19:36,3063,2,2026-07-27 12:57:35,-57303.656,583.606,-57202.752
2026-07-27 18:19:36,3063,10,2026-06-03 08:39:31,0.0,0.0,0.0
2026-07-27 18:19:36,3065,7,2026-07-27 18:07:24,98729.9841,3660.9799,98298.422
2026-07-27 18:19:36,3066,2,2026-07-27 18:13:43,-851562.338,2592.916,-850097.53
2026-07-27 18:19:36,3066,3,2026-06-24 18:13:58,11149.276,0.0,11149.276
2026-07-27 18:19:36,3066,7,2026-07-27 17:22:10,-806104.468,283.606,-806029.519
2026-07-27 18:19:36,3073,3,2026-06-03 01:26:54,0.0,0.0,0.0
2026-07-27 18:19:36,3073,7,2026-07-27 17:04:22,56108.3986,7183.5325,62392.7476
2026-07-27 18:19:36,3074,3,2026-06-03 06:59:32,1181.469,0.0,1181.469
2026-07-27 18:19:36,3074,7,2026-07-27 18:03:41,-56052.326,3809.195,-56052.326
2026-07-27 18:19:36,3077,3,2026-07-25 09:49:46,33481.3319,12000.0,33481.3319
2026-07-27 18:19:36,3077,7,2026-07-27 13:02:32,112311.2107,36.4378,107007.4869
2026-07-27 18:19:36,3078,3,2026-07-27 17:58:08,95576.9933,9372.24,79257.6624
2026-07-27 18:19:36,3079,2,2026-07-25 14:36:25,-7751.807,3402.528,-7751.807
2026-07-27 18:19:36,3079,3,2026-06-03 07:50:16,-17758.478,0.0,-17758.478
2026-07-27 18:19:36,3079,7,2026-07-27 18:15:47,-309296.634,5584.132,-306563.743
2026-07-27 18:19:36,3079,10,2026-06-03 07:50:16,13182.864,0.0,31577.96
2026-07-27 18:19:36,3081,3,2026-06-24 18:36:07,32555.297,0.0,32555.297
2026-07-27 18:19:36,3081,7,2026-07-27 18:16:28,200048.25,817.339,200048.518
2026-07-27 18:19:36,3083,3,2026-07-21 18:09:33,-123307.1355,91.954,-123307.1355
2026-07-27 18:19:36,3083,7,2026-07-26 11:21:16,-363380.4032,1596.2307,-354250.6685
2026-07-27 18:19:36,3086,3,2026-06-03 08:38:54,-155081.9824,0.0,-155081.9824
2026-07-27 18:19:36,3086,7,2026-07-27 16:00:10,6310669.7976,96382.8159,6393673.6441
2026-07-27 18:19:36,3090,2,2026-07-27 18:16:06,-750452.97,3464.146,-737929.6
2026-07-27 18:19:36,3090,3,2026-06-26 07:27:02,-126555.408,0.0,-126555.408
2026-07-27 18:19:36,3090,7,2026-07-27 18:17:50,-910670.19,6388.118,-901275.099
2026-07-27 18:19:36,3095,3,2026-06-25 10:53:14,6216.626,0.0,6216.626
2026-07-27 18:19:36,3095,7,2026-07-27 15:59:52,511811.2066,9590.903,513823.7896
2026-07-27 18:19:36,3098,2,2026-07-27 18:05:02,-114223.645,16544.604,-112775.711
2026-07-27 18:19:36,3098,3,2026-06-25 08:05:21,-24585.612,0.0,-24585.612
2026-07-27 18:19:36,3098,7,2026-07-27 18:15:55,-142642.293,4138.364,-141413.328
2026-07-27 18:19:36,3099,3,2026-06-03 07:58:34,-228.814,0.0,-228.814
2026-07-27 18:19:36,3099,7,2026-07-27 18:16:28,-196667.399,8177.461,-182129.97
2026-07-27 18:19:36,3101,2,2026-07-27 18:11:31,-1647114.515,5340.11,-1662886.185
2026-07-27 18:19:36,3101,10,2026-06-03 08:21:51,-2880.66,0.0,-2880.66
2026-07-27 18:19:36,3111,3,2026-07-02 15:59:16,-538581.846,0.0,-531173.1844
2026-07-27 18:19:36,3111,7,2026-07-27 18:16:10,-135733.8,15185.4,-135733.8
2026-07-27 18:19:36,3115,2,2026-07-27 17:08:14,-39846.601,33.756,-37035.558
2026-07-27 18:19:36,3115,3,2026-06-25 14:54:56,-41856.347,0.0,-41856.347
2026-07-27 18:19:36,3115,7,2026-07-27 18:15:13,-128523.2,17923.384,-119573.908
2026-07-27 18:19:36,3119,2,2026-07-27 18:18:12,10950.1888,8594.1543,10927.5772
2026-07-27 18:19:36,3119,3,2026-07-27 18:16:58,-34346.2589,3982.0617,-33872.5092
2026-07-27 18:19:36,3124,2,2026-07-27 10:09:29,-793151.4743,76.373,-802763.7263
2026-07-27 18:19:36,3133,2,2026-07-25 19:05:00,-976037.5672,281.0407,-975363.104
2026-07-27 18:19:36,3133,3,2026-06-25 11:36:24,-58078.6921,0.0,-58078.6921
2026-07-27 18:19:36,3133,7,2026-07-26 10:21:44,-939261.2276,3584.081,-933606.4924
2026-07-27 18:19:36,3134,3,2026-06-24 21:20:59,21035.599,0.0,21035.599
2026-07-27 18:19:36,3134,7,2026-07-27 12:36:30,259421.3569,5935.493,256511.1339
2026-07-27 18:19:36,3135,2,2026-07-27 10:13:34,844588.9404,328.338,863143.2654
2026-07-27 18:19:36,3135,3,2026-06-24 14:35:11,35328.842,0.0,35328.842
2026-07-27 18:19:36,3135,7,2026-07-27 15:29:27,157577.696,11944.051,159617.791
2026-07-27 18:19:36,3149,2,2026-07-27 18:09:59,146057.2642,8619.2005,147968.3832
2026-07-27 18:19:36,3149,3,2026-06-03 06:29:31,28900.0,0.0,28900.0
2026-07-27 18:19:36,3149,7,2026-07-27 14:23:36,404597.3483,9389.2035,406825.1973
2026-07-27 18:19:36,3158,2,2026-07-27 13:22:06,-19007.2765,1210.6248,-17745.0665
2026-07-27 18:19:36,3158,3,2026-06-25 21:46:05,32500.0,0.0,32500.0
2026-07-27 18:19:36,3158,7,2026-07-27 17:40:39,87795.7971,13147.1894,87795.7971
2026-07-27 18:19:36,3170,2,2026-07-25 18:21:24,-572169.5161,35.1142,-570791.9014
2026-07-27 18:19:36,3185,2,2026-07-27 16:07:30,-88295.4866,1173.75,-82753.5326
2026-07-27 18:19:36,3191,2,2026-07-26 16:58:39,-69433.2305,770.3436,-69433.2305
2026-07-27 18:19:36,3191,10,2026-06-03 06:12:56,-1961.1055,0.0,-1961.1055
2026-07-27 18:19:36,3192,7,2026-07-27 17:14:57,113571.1533,5712.2951,124642.6813
2026-07-27 18:19:36,3207,3,2026-06-03 07:05:01,19799.7891,0.0,19799.7891
2026-07-27 18:19:36,3207,7,2026-07-27 18:09:49,-1623850.8926,11128.8412,-1623850.6819
2026-07-27 18:19:36,3211,7,2026-07-27 18:17:22,-285117.1918,10420.0552,-283699.7598
2026-07-27 18:19:36,3216,2,2026-07-25 13:58:26,36383.1099,1774.0265,36378.2979
2026-07-27 18:19:36,3220,3,2026-07-25 21:54:54,-259594.7968,-3.2039,-259594.7968
2026-07-27 18:19:36,3220,7,2026-07-27 13:13:51,-664325.9926,7179.7564,-664325.9926
2026-07-27 18:19:36,3221,3,2026-07-18 13:56:38,-9248.826,0.0,-9248.826
2026-07-27 18:19:36,3221,7,2026-07-27 17:47:19,-205539.889,30634.95,-205539.889
2026-07-27 18:19:36,3227,2,2026-07-24 15:58:39,-405025.7944,16874.991,-405025.7944
2026-07-27 18:19:36,3227,10,2026-06-03 08:54:27,-40451.576,0.0,-33421.184
2026-07-27 18:19:36,3237,3,2026-06-25 07:48:55,-18416.1861,0.0,-18416.1861
2026-07-27 18:19:36,3237,7,2026-07-27 18:16:46,-133644.2879,923.2592,-132142.9369
2026-07-27 18:19:36,3241,2,2026-07-27 06:52:21,-673625.1186,1011.1413,-673625.1186
2026-07-27 18:19:36,3241,10,2026-06-03 08:54:21,26634.9232,0.0,26634.9232
2026-07-27 18:19:36,3242,3,2026-06-03 08:29:11,0.057,0.0,0.057
2026-07-27 18:19:36,3242,7,2026-07-27 18:17:49,-1100639.792,28932.457,-1100639.792
2026-07-27 18:19:36,3246,3,2026-06-30 23:05:52,-289645.6912,0.0,-289645.6912
2026-07-27 18:19:36,3246,7,2026-07-27 18:15:17,-2051817.5468,13973.9194,-2051817.5468
2026-07-27 18:19:36,3251,7,2026-07-27 18:16:39,-276395.4466,1133.7263,-276396.1455
2026-07-27 18:19:36,3252,2,2026-07-25 20:38:23,-918470.5624,604.9685,-918470.5624
2026-07-27 18:19:36,3252,10,2026-06-03 06:40:45,4742.4018,0.0,4742.4018
2026-07-27 18:19:36,3259,2,2026-07-27 16:19:23,2633.5693,12181.512,2633.5693
2026-07-27 18:19:36,3259,3,2026-07-27 18:16:38,-6454.1094,11484.9517,-6454.1094
2026-07-27 18:19:36,3262,2,2026-07-27 18:15:15,-14858.92,8732.8,-14858.92
2026-07-27 18:19:36,3262,3,2026-07-26 13:55:05,-9343.06,1344.92,-9343.06
2026-07-27 18:19:36,3267,2,2026-07-26 06:56:36,-23127.772,3971.7058,-23127.772
2026-07-27 18:19:36,3267,3,2026-06-25 11:55:01,-2415.5908,0.0,-2415.5908
2026-07-27 18:19:36,3267,7,2026-07-26 09:27:24,4132.7842,5918.4469,4132.7842
2026-07-27 18:19:36,3277,2,2026-07-27 18:17:55,-4605.4188,1075.4256,-4605.4188
2026-07-27 18:19:36,3277,3,2026-07-27 18:16:46,12487.6579,2101.57,12487.6579
2026-07-27 18:19:36,4018,3,2026-06-03 08:41:31,-95817.3204,0.0,-95817.3204
2026-07-27 18:19:36,4018,7,2026-07-27 18:16:43,-827690.1778,39307.1339,-744346.7574
2026-07-27 18:19:36,4026,3,2026-06-03 06:24:58,34000.0,0.0,34000.0
2026-07-27 18:19:36,4026,7,2026-07-27 15:06:39,-6917.0265,12742.2204,-4234.7115
2026-07-27 18:19:36,4029,2,2026-07-27 13:28:25,145354.8195,131.2863,145354.0861
2026-07-27 18:19:36,4029,3,2026-06-24 22:29:17,12359.7094,0.0,12359.7094
2026-07-27 18:19:36,4029,7,2026-07-27 13:36:35,175497.0923,200.5349,175702.7167
2026-07-27 19:31:06,1724,2,2026-07-27 19:26:52,-35313.94,4057.95,-19360.368
2026-07-27 19:31:06,1724,3,2026-06-03 08:15:44,-5801.03,0.0,-5801.03
2026-07-27 19:31:06,1724,7,2026-07-27 18:06:27,-547862.337,604.06,-537336.5
2026-07-27 19:31:06,1846,3,2026-06-03 08:24:16,-162433.969,0.0,-162433.969
2026-07-27 19:31:06,1846,7,2026-07-27 19:28:50,-1055048.408,27064.61,-1060560.118
2026-07-27 19:31:06,1926,3,2026-06-03 06:42:55,5096.2534,0.0,5096.2534
2026-07-27 19:31:06,1926,7,2026-07-27 19:28:47,-961570.8933,1672.896,-961570.8933
2026-07-27 19:31:06,1945,2,2026-07-24 18:33:44,72641.902,90.474,72641.902
2026-07-27 19:31:06,1945,3,2026-06-03 07:12:27,79139.515,0.0,79139.515
2026-07-27 19:31:06,1945,7,2026-07-27 16:45:27,-257791.879,1082.576,-230802.571
2026-07-27 19:31:06,1945,10,2026-06-03 07:12:27,132265.715,0.0,146700.179
2026-07-27 19:31:06,1964,2,2026-07-27 17:47:01,3283009.0156,62332.247,3283009.0156
2026-07-27 19:31:06,1964,3,2026-06-03 08:55:14,62015.86,0.0,62015.86
2026-07-27 19:31:06,1964,7,2026-07-27 19:28:58,3404088.5394,100524.4,3404088.5394
2026-07-27 19:31:06,1964,10,2026-06-03 08:55:14,203413.3281,0.0,203413.3281
2026-07-27 19:31:06,1965,3,2026-06-03 07:01:17,-677.5161,0.0,-677.5161
2026-07-27 19:31:06,1965,7,2026-07-27 19:28:41,233848.2618,10562.5925,235874.2905
2026-07-27 19:31:06,2192,3,2026-06-03 07:03:44,-1260.2165,0.0,-1260.2165
2026-07-27 19:31:06,2192,7,2026-07-27 19:29:31,114956.0177,1448.2941,116687.8633
2026-07-27 19:31:06,2204,2,2026-07-27 19:06:18,-609675.835,24771.668,-609675.835
2026-07-27 19:31:06,2204,3,2026-06-03 07:41:42,-39377.836,0.0,-39377.836
2026-07-27 19:31:06,2204,7,2026-07-27 19:27:41,-392302.229,8831.248,-380423.709
2026-07-27 19:31:06,2204,10,2026-06-03 07:41:42,-35704.216,0.0,-4064.438
2026-07-27 19:31:06,2205,3,2026-06-02 08:49:38,-25663.014,0.0,-25663.014
2026-07-27 19:31:06,2205,7,2026-07-27 19:29:05,-1069642.148,10461.807,-1060404.487
2026-07-27 19:31:06,2207,3,2026-06-03 08:24:50,-11659.982,0.0,-11659.982
2026-07-27 19:31:06,2207,7,2026-07-27 19:29:08,785135.725,22194.491,795666.213
2026-07-27 19:31:06,2208,2,2026-07-27 19:24:41,-634929.3215,25923.431,-634929.3215
2026-07-27 19:31:06,2208,3,2026-06-03 08:31:26,-101220.441,0.0,-101220.441
2026-07-27 19:31:06,2208,4,2026-06-03 08:31:26,0.0,0.0,0.0
2026-07-27 19:31:06,2208,7,2026-07-27 17:00:41,-521571.0611,7704.034,-504368.1281
2026-07-27 19:31:06,2208,8,2026-07-20 15:35:36,2614.851,60.943,2614.851
2026-07-27 19:31:06,2208,10,2026-06-03 08:31:26,563963.1731,0.0,531698.2631
2026-07-27 19:31:06,2224,3,2026-06-03 08:23:23,-6305.346,0.0,-6305.346
2026-07-27 19:31:06,2224,7,2026-07-27 19:28:57,-285310.8509,28916.563,-269088.4059
2026-07-27 19:31:06,2225,3,2026-06-03 08:04:19,-86000.579,0.0,-86000.579
2026-07-27 19:31:06,2225,7,2026-07-27 19:27:56,-966997.387,16027.465,-946687.726
2026-07-27 19:31:06,2228,3,2026-06-25 08:35:15,14456.06,0.0,14456.06
2026-07-27 19:31:06,2228,7,2026-07-27 19:28:06,481786.435,11900.607,483299.956
2026-07-27 19:31:06,2230,3,2026-06-03 07:00:12,2292.791,0.0,2292.791
2026-07-27 19:31:06,2230,7,2026-07-27 19:29:13,-2579.323,9640.068,-2968.366
2026-07-27 19:31:06,2249,2,2026-07-27 12:12:11,-1157753.098,10190.8046,-1162145.9359
2026-07-27 19:31:06,2249,3,2026-07-27 19:19:03,-222226.8714,3630.4216,-220395.5521
2026-07-27 19:31:06,2249,7,2026-06-03 05:29:21,0.0,0.0,0.0
2026-07-27 19:31:06,2251,2,2026-07-27 13:42:47,709857.2198,593.612,714459.1018
2026-07-27 19:31:06,2251,3,2026-07-27 19:28:28,217958.0755,5861.9335,226671.6463
2026-07-27 19:31:06,2251,7,2026-06-03 08:22:05,0.0,0.0,0.0
2026-07-27 19:31:06,2264,2,2026-07-24 01:57:17,-408650.459,5562.465,-408650.459
2026-07-27 19:31:06,2264,10,2026-06-03 08:40:23,-44048.248,0.0,-42652.35
2026-07-27 19:31:06,2268,7,2026-07-27 19:27:33,-54791.461,17076.813,-54791.461
2026-07-27 19:31:06,2291,2,2026-07-27 19:16:21,-127368.3966,4937.9738,-127368.5873
2026-07-27 19:31:06,2292,3,2026-06-23 13:56:40,-98158.828,0.0,-85556.815
2026-07-27 19:31:06,2292,7,2026-07-27 19:27:12,-1091045.716,9090.21,-1111320.426
2026-07-27 19:31:06,2295,3,2026-06-25 08:35:12,5827.7321,0.0,5827.7321
2026-07-27 19:31:06,2295,7,2026-07-27 19:00:33,-128401.5863,5065.3543,-118554.7316
2026-07-27 19:31:06,2297,3,2026-07-04 22:47:32,35187.9024,-75.3305,35187.9024
2026-07-27 19:31:06,2297,7,2026-07-26 13:27:20,157648.6618,1277.0583,147220.4408
2026-07-27 19:31:06,2304,2,2026-07-27 19:22:50,-364495.1928,23717.8442,-364495.1928
2026-07-27 19:31:06,2304,10,2026-06-03 08:24:38,163627.1421,0.0,175848.871
2026-07-27 19:31:06,2305,2,2026-07-27 18:48:59,122476.8332,197.0077,119136.0488
2026-07-27 19:31:06,2305,3,2026-06-03 06:05:23,0.0,0.0,0.0
2026-07-27 19:31:06,2305,7,2026-07-27 19:22:44,110915.2074,3311.4962,114168.9494
2026-07-27 19:31:06,2306,2,2026-07-27 19:22:11,93490.331,929.2572,100686.1401
2026-07-27 19:31:06,2306,3,2026-07-05 00:54:48,284588.2849,-363.5805,284588.2849
2026-07-27 19:31:06,2306,7,2026-07-27 19:28:25,577169.9502,8727.0542,578122.5893
2026-07-27 19:31:06,2307,2,2026-07-27 17:35:29,734720.8586,2993.5263,769191.6756
2026-07-27 19:31:06,2308,2,2026-07-27 10:22:44,2716044.9451,45884.4158,2726709.4166
2026-07-27 19:31:06,2317,2,2026-07-27 19:04:52,22753.7699,24349.0932,26696.8074
2026-07-27 19:31:06,2317,3,2026-06-03 08:18:19,21540.6262,0.0,21540.6262
2026-07-27 19:31:06,2317,7,2026-07-27 19:25:15,345687.4265,3929.9171,347604.9921
2026-07-27 19:31:06,2330,2,2026-07-25 20:29:53,-1140410.0165,58069.89,-1140410.0165
2026-07-27 19:31:06,2330,10,2026-06-03 07:45:12,-52379.6297,0.0,-48319.6747
2026-07-27 19:31:06,2332,3,2026-06-29 07:00:07,-799906.854,0.0,-819134.88
2026-07-27 19:31:06,2332,7,2026-07-27 19:29:04,-6884333.608,13425.951,-6929218.879
2026-07-27 19:31:06,2338,2,2026-07-27 16:24:03,15446.897,2137.039,28333.307
2026-07-27 19:31:06,2338,3,2026-07-27 19:28:27,65437.921,2957.492,55464.333
2026-07-27 19:31:06,2339,2,2026-07-27 13:24:27,489722.9318,5327.0916,493211.2263
2026-07-27 19:31:06,2339,3,2026-07-27 09:57:57,231884.8606,-194.435,232646.8606
2026-07-27 19:31:06,2339,7,2026-07-27 19:29:14,139262.1682,3488.9263,145353.693
2026-07-27 19:31:06,2341,7,2026-07-27 19:29:31,58683.3061,9112.5291,50475.2747
2026-07-27 19:31:06,2346,2,2026-07-27 17:13:38,-311726.794,7668.705,-306888.0
2026-07-27 19:31:06,2346,3,2026-07-27 19:28:43,47055.335,5026.861,65822.885
2026-07-27 19:31:06,2350,2,2026-07-27 13:03:02,809422.785,26762.8575,813486.5332
2026-07-27 19:31:06,2350,3,2026-07-27 19:27:00,385272.6928,4175.5605,385105.8552
2026-07-27 19:31:06,2350,7,2026-06-03 06:46:14,0.0,0.0,0.0
2026-07-27 19:31:06,2353,2,2026-07-27 17:54:34,253383.8262,13.5832,279227.4073
2026-07-27 19:31:06,2353,3,2026-07-26 11:28:09,-30120.0728,723.3648,-28121.0728
2026-07-27 19:31:06,2353,7,2026-07-27 15:56:59,106426.3468,1479.1303,108534.4476
2026-07-27 19:31:06,2355,2,2026-07-27 15:32:45,-69210.6526,6099.994,-69210.6526
2026-07-27 19:31:06,2355,3,2026-07-26 21:42:35,-22192.5451,107.0274,-22192.5451
2026-07-27 19:31:06,2355,7,2026-07-27 19:28:39,-27085.5172,12628.16,-27085.5172
2026-07-27 19:31:06,2359,3,2026-07-24 20:50:14,-191266.842,48000.0,-188793.646
2026-07-27 19:31:06,2359,7,2026-07-27 19:29:10,-2875827.656,-11120.781,-2873015.696
2026-07-27 19:31:06,2364,2,2026-07-27 14:03:55,-348920.879,50364.4107,-348437.6722
2026-07-27 19:31:06,2384,2,2026-07-25 08:43:11,-26288.0,967.618,-26288.0
2026-07-27 19:31:06,2384,3,2026-06-23 07:29:35,-39429.606,0.0,-35855.326
2026-07-27 19:31:06,2384,7,2026-07-27 19:28:19,-196701.3061,19290.85,-193779.2001
2026-07-27 19:31:06,2384,10,2026-06-03 07:14:42,50116.43,0.0,51545.068
2026-07-27 19:31:06,2386,3,2026-07-24 20:40:22,-1851573.9051,24269.1688,-1866529.6358
2026-07-27 19:31:06,2386,7,2026-07-27 19:28:22,-238130.6659,29177.0514,-238130.6659
2026-07-27 19:31:06,2388,3,2026-07-19 07:38:50,-116806.2324,0.0,-116806.2324
2026-07-27 19:31:06,2388,7,2026-07-27 19:28:57,-292497.0992,4507.5626,-296739.3771
2026-07-27 19:31:06,2390,3,2026-07-24 17:07:47,429349.6438,12323.2963,434625.1347
2026-07-27 19:31:06,2390,7,2026-07-27 19:28:58,555171.0536,9671.9132,555171.0536
2026-07-27 19:31:06,2391,3,2026-06-09 13:00:35,35339.607,0.0,35339.607
2026-07-27 19:31:06,2391,7,2026-07-27 19:29:27,211013.527,4848.296,224355.984
2026-07-27 19:31:06,2394,2,2026-07-27 19:23:45,585446.797,51894.6738,585446.797
2026-07-27 19:31:06,2394,3,2026-07-27 19:21:55,36237.7173,20124.8135,36237.7173
2026-07-27 19:31:06,2394,7,2026-07-22 14:09:39,-52072.8814,96.7149,-40749.9857
2026-07-27 19:31:06,2394,10,2026-06-03 07:15:34,9039.8697,0.0,9093.2246
2026-07-27 19:31:06,2408,2,2026-07-27 12:42:01,443633.655,449.61,458462.834
2026-07-27 19:31:06,2408,3,2026-06-25 08:20:05,2582.278,0.0,2582.278
2026-07-27 19:31:06,2408,7,2026-07-27 17:36:15,168034.351,27.519,182147.53
2026-07-27 19:31:06,2416,2,2026-07-27 18:07:36,167185.453,0.015,173184.759
2026-07-27 19:31:06,2416,3,2026-06-25 15:26:40,-631.809,-46.24,-631.809
2026-07-27 19:31:06,2416,7,2026-07-27 19:27:29,-43131.774,802.256,-43103.77
2026-07-27 19:31:06,2417,2,2026-07-27 19:26:51,245725.325,4032.229,257296.521
2026-07-27 19:31:06,2417,3,2026-06-24 21:44:46,7651.257,0.0,7651.257
2026-07-27 19:31:06,2417,7,2026-07-27 19:29:23,313594.876,11868.74,324176.09
2026-07-27 19:31:06,2446,3,2026-06-03 08:46:32,297.62,0.0,297.62
2026-07-27 19:31:06,2446,7,2026-07-27 19:29:12,28904.357,6388.23,28904.357
2026-07-27 19:31:06,2454,2,2026-07-27 19:14:00,-1538770.9731,21545.4036,-1538770.9731
2026-07-27 19:31:06,2454,10,2026-06-03 07:16:12,-19546.8479,0.0,-7065.1059
2026-07-27 19:31:06,2455,2,2026-07-27 19:25:37,-11979.9171,165.5975,-33107.3818
2026-07-27 19:31:06,2455,3,2026-06-25 11:49:24,-27258.4132,0.0,-27258.4132
2026-07-27 19:31:06,2455,7,2026-07-27 18:38:22,16115.9503,118.6715,4362.5839
2026-07-27 19:31:06,2456,2,2026-07-27 19:10:42,305244.2409,2916.0907,321621.7786
2026-07-27 19:31:06,2456,3,2026-07-27 19:28:32,53866.258,7714.4516,55054.4609
2026-07-27 19:31:06,2457,3,2026-06-29 17:15:03,39649.4768,0.0,39649.4768
2026-07-27 19:31:06,2457,7,2026-07-27 19:28:37,4112.7016,6652.0728,7568.6959
2026-07-27 19:31:06,2459,3,2026-06-03 08:23:30,-99659.0222,0.0,-99659.0222
2026-07-27 19:31:06,2459,7,2026-07-27 19:06:18,-1525234.2354,3145.7206,-1523912.2153
2026-07-27 19:31:06,2462,7,2026-07-27 19:29:04,311832.8341,1162.2426,315223.5129
2026-07-27 19:31:06,2476,3,2026-06-03 06:00:57,283.8138,0.0,283.8138
2026-07-27 19:31:06,2476,7,2026-07-27 19:28:59,-112496.6218,5031.2463,-101664.2419
2026-07-27 19:31:06,2482,2,2026-07-27 19:17:54,-42589.6323,4150.5104,-41868.6536
2026-07-27 19:31:06,2482,3,2026-07-27 19:28:34,2175254.2605,5669.5236,2175175.2869
2026-07-27 19:31:06,2482,7,2025-03-13 16:03:26,-188.0,0.0,-188.0
2026-07-27 19:31:06,2486,3,2026-06-25 08:30:15,-35938.9957,0.0,-35938.9957
2026-07-27 19:31:06,2486,7,2026-07-27 16:17:25,-226096.4058,7926.7436,-218381.0368
2026-07-27 19:31:06,2487,3,2026-06-08 10:58:33,-31579.9725,0.0,-18590.3645
2026-07-27 19:31:06,2487,7,2026-07-26 18:49:58,-21398.6182,376.8039,-21398.6182
2026-07-27 19:31:06,2489,3,2026-06-25 07:34:49,47771.3544,0.0,47771.3544
2026-07-27 19:31:06,2489,7,2026-07-27 17:30:43,209667.3401,356.0088,195490.3961
2026-07-27 19:31:06,2500,2,2026-07-27 16:10:23,177370.2946,27084.0951,179748.8519
2026-07-27 19:31:06,2500,3,2026-07-27 19:26:13,16652.4348,11396.544,25885.4295
2026-07-27 19:31:06,2500,7,2026-06-03 08:14:04,0.0,0.0,0.0
2026-07-27 19:31:06,2502,2,2026-07-27 18:36:00,-88135.7428,9856.1867,-97872.1164
2026-07-27 19:31:06,2502,3,2026-07-27 19:26:23,3307347.8675,2635.4828,3297669.458
2026-07-27 19:31:06,2505,3,2026-06-18 16:41:17,28705.308,0.0,28705.308
2026-07-27 19:31:06,2505,7,2026-07-27 19:29:21,-176677.253,6903.712,-180769.667
2026-07-27 19:31:06,2514,2,2026-07-27 16:57:57,223825.2691,100.858,229798.4894
2026-07-27 19:31:06,2514,3,2026-07-27 18:19:40,162688.3841,1483.4374,166950.4876
2026-07-27 19:31:06,2515,2,2026-07-27 15:16:28,-6104.6514,7881.8439,-11517.9691
2026-07-27 19:31:06,2517,2,2026-07-27 19:24:26,32805.6536,16741.2693,32805.6536
2026-07-27 19:31:06,2517,3,2026-07-07 01:35:34,15839.2165,0.0,15839.2165
2026-07-27 19:31:06,2517,7,2026-07-26 09:01:26,-260115.0816,314.7964,-260115.0816
2026-07-27 19:31:06,2517,10,2026-06-03 07:30:55,313916.0651,0.0,313916.0651
2026-07-27 19:31:06,2519,3,2026-06-09 23:04:12,71888.333,0.0,71888.333
2026-07-27 19:31:06,2519,7,2026-07-27 19:24:55,44194.521,19441.786,44028.563
2026-07-27 19:31:06,2522,3,2026-06-24 20:02:58,-20010.7907,0.0,-20010.7907
2026-07-27 19:31:06,2522,7,2026-07-27 19:28:55,-126501.821,7126.3093,-125357.3097
2026-07-27 19:31:06,2523,3,2026-06-25 08:57:58,-126426.8077,0.0,-126426.8077
2026-07-27 19:31:06,2523,7,2026-07-27 19:28:46,-1095137.9466,179.9883,-1103752.5721
2026-07-27 19:31:06,2525,3,2026-06-23 11:45:38,14081.7863,0.0,14081.7863
2026-07-27 19:31:06,2525,7,2026-07-27 19:27:13,-101290.9286,7366.4165,-99564.4904
2026-07-27 19:31:06,2528,2,2026-07-27 19:24:06,94425.0927,16877.1865,95428.3908
2026-07-27 19:31:06,2528,3,2026-07-27 19:29:17,153347.5791,7067.4218,161225.6341
2026-07-27 19:31:06,2528,7,2026-06-03 06:20:28,0.0,0.0,0.0
2026-07-27 19:31:06,2531,2,2026-07-27 19:15:50,573653.8866,1043.8981,599189.9942
2026-07-27 19:31:06,2531,3,2026-07-27 19:25:55,971907.1378,38288.9261,976515.8275
2026-07-27 19:31:06,2535,3,2026-07-27 00:35:33,-257751.93,1059.1845,-256913.8284
2026-07-27 19:31:06,2535,7,2026-07-27 19:28:32,-415036.9031,7066.6618,-417006.1813
2026-07-27 19:31:06,2537,2,2026-07-27 17:45:02,-7503.3221,545.4064,-6100.5408
2026-07-27 19:31:06,2537,3,2026-07-25 15:32:39,49487.9893,681.6203,51036.9476
2026-07-27 19:31:06,2543,2,2026-07-27 10:50:45,367918.727,10125.532,373834.202
2026-07-27 19:31:06,2543,3,2026-06-25 06:59:27,253598.678,0.0,253598.678
2026-07-27 19:31:06,2543,7,2026-07-27 14:03:28,543031.4398,0.805,567668.9238
2026-07-27 19:31:06,2547,3,2026-06-23 08:13:01,-16749.9405,0.0,-15354.2997
2026-07-27 19:31:06,2547,7,2026-07-27 19:25:32,-305951.8098,3697.8209,-290058.2767
2026-07-27 19:31:06,2548,2,2026-07-27 19:24:28,-201824.99,1468.3515,-201824.99
2026-07-27 19:31:06,2548,10,2026-06-03 07:47:18,-32394.4783,0.0,-33467.9713
2026-07-27 19:31:06,2551,2,2026-07-27 19:25:08,-270164.2185,7018.5956,-237374.4391
2026-07-27 19:31:06,2551,3,2026-07-27 19:25:11,-2422153.9062,30468.6045,-2310020.2761
2026-07-27 19:31:06,2552,2,2026-07-27 19:26:07,-49565.5096,8502.8622,-49565.5096
2026-07-27 19:31:06,2552,3,2026-06-29 10:58:04,-40068.729,0.0,-46055.7694
2026-07-27 19:31:06,2552,7,2026-07-27 19:28:05,58977.4979,11041.1434,59939.2483
2026-07-27 19:31:06,2552,10,2026-06-03 07:13:13,8613.7686,0.0,550.2333
2026-07-27 19:31:06,2555,2,2026-07-27 18:39:56,-71344.4548,354.4243,-64721.8234
2026-07-27 19:31:06,2555,3,2026-06-24 19:57:23,-19366.0531,0.0,-19366.0531
2026-07-27 19:31:06,2555,7,2026-07-27 19:28:49,-214983.9491,5736.6428,-213453.8127
2026-07-27 19:31:06,2556,3,2026-06-25 08:25:06,29849.4677,0.0,29849.4677
2026-07-27 19:31:06,2556,7,2026-07-27 14:37:31,145848.578,4430.7682,146220.3385
2026-07-27 19:31:06,2557,3,2026-06-23 13:28:57,-12019.7211,0.0,-12019.7211
2026-07-27 19:31:06,2557,7,2026-07-27 19:28:02,-479964.7201,4398.9984,-479964.7201
2026-07-27 19:31:06,2559,2,2026-07-27 19:04:14,236259.44,1015.7073,239875.5074
2026-07-27 19:31:06,2559,3,2026-07-27 19:17:33,76204.2203,10498.1123,77122.5776
2026-07-27 19:31:06,2559,7,2026-06-03 08:00:22,0.0,0.0,0.0
2026-07-27 19:31:06,2564,2,2026-07-27 19:22:39,-99021.4728,13119.8396,-95211.8919
2026-07-27 19:31:06,2564,3,2026-07-26 15:30:43,234603.2198,26.7227,237102.027
2026-07-27 19:31:06,2564,7,2026-07-27 19:29:24,-64092.7769,5356.7419,-55106.4583
2026-07-27 19:31:06,2567,2,2026-07-24 13:40:45,-971186.8065,278.516,-966695.7753
2026-07-27 19:31:06,2567,10,2026-06-03 08:57:48,-0.048,0.0,-0.048
2026-07-27 19:31:06,2571,2,2026-07-27 17:34:25,36279.6301,206.0003,36279.6301
2026-07-27 19:31:06,2571,10,2026-06-03 08:48:36,3282.92,0.0,3282.92
2026-07-27 19:31:06,2577,2,2026-07-26 13:33:55,-1397072.5518,12178.2222,-1397072.5518
2026-07-27 19:31:06,2578,2,2026-07-26 16:13:35,483652.3183,375.3407,485997.6873
2026-07-27 19:31:06,2584,2,2026-07-27 19:28:56,-58469.0078,322.48,-54915.7138
2026-07-27 19:31:06,2584,3,2026-06-03 08:11:41,0.0,0.0,0.0
2026-07-27 19:31:06,2584,7,2026-07-27 17:40:29,-71764.9829,18508.922,-71110.9829
2026-07-27 19:31:06,2585,3,2026-07-26 17:22:25,-567147.7163,-517.2952,-563378.9392
2026-07-27 19:31:06,2585,7,2026-07-27 19:28:50,-671651.3475,25763.9782,-658472.1473
2026-07-27 19:31:06,2590,3,2026-06-03 06:07:28,49948.16,0.0,49948.16
2026-07-27 19:31:06,2590,7,2026-07-27 19:28:03,-85481.84,5348.4,-85481.84
2026-07-27 19:31:06,2593,3,2026-06-03 08:48:31,-260092.2651,0.0,-260092.2651
2026-07-27 19:31:06,2593,7,2026-07-27 18:35:36,-4512841.7105,94672.4539,-4563159.3292
2026-07-27 19:31:06,2595,2,2026-07-26 12:57:20,-224382.311,559.6726,-224490.3506
2026-07-27 19:31:06,2595,3,2026-07-01 23:08:31,-33957.2315,0.0,-33957.2315
2026-07-27 19:31:06,2595,7,2026-07-27 19:28:14,-43380.6738,6453.652,-43360.9788
2026-07-27 19:31:06,2597,2,2026-07-27 19:26:49,380473.871,1393.926,397285.591
2026-07-27 19:31:06,2597,3,2026-06-24 23:23:29,44695.738,0.0,44695.738
2026-07-27 19:31:06,2597,7,2026-07-27 15:35:36,168100.677,57.082,177712.886
2026-07-27 19:31:06,2598,3,2026-06-24 15:17:29,32099.5939,0.0,32099.5939
2026-07-27 19:31:06,2598,7,2026-07-27 12:41:31,-127965.3136,6021.6917,-127907.3176
2026-07-27 19:31:06,2600,2,2026-07-27 19:11:48,32132.7025,27354.7825,7733.9553
2026-07-27 19:31:06,2601,2,2026-07-27 18:47:00,204582.6622,1633.9604,206398.2162
2026-07-27 19:31:06,2601,3,2026-07-27 19:21:59,232655.97,11227.9543,236827.591
2026-07-27 19:31:06,2603,2,2026-07-27 11:04:15,14308.5656,5278.0251,14867.3667
2026-07-27 19:31:06,2603,3,2026-07-27 19:29:29,12177.2049,16792.7848,20322.9263
2026-07-27 19:31:06,2603,7,2026-06-03 08:16:02,0.0,0.0,0.0
2026-07-27 19:31:06,2605,2,2026-07-27 16:13:43,775262.1639,854.2176,776410.3142
2026-07-27 19:31:06,2605,3,2026-07-27 11:50:38,35363.599,179.9367,35569.28
2026-07-27 19:31:06,2605,7,2026-07-27 19:29:08,63332.944,5114.729,63332.3377
2026-07-27 19:31:06,2610,3,2026-06-23 18:55:37,-102161.9466,0.0,-102161.9466
2026-07-27 19:31:06,2610,7,2026-07-27 19:28:57,-661699.7381,13927.6786,-660599.6591
2026-07-27 19:31:06,2612,2,2026-07-27 19:23:06,-14361.2896,2116.0401,-12742.2951
2026-07-27 19:31:06,2615,3,2026-06-24 16:18:24,23818.6397,0.0,23818.6397
2026-07-27 19:31:06,2615,7,2026-07-27 14:46:06,308633.5633,5298.6085,301446.0063
2026-07-27 19:31:06,2617,3,2026-07-27 19:26:08,-620562.1855,5245.9151,-593358.364
2026-07-27 19:31:06,2618,2,2026-07-27 13:09:33,265748.3164,260.4982,270269.3647
2026-07-27 19:31:06,2618,3,2026-07-27 13:23:57,376240.219,800.6759,390514.8716
2026-07-27 19:31:06,2624,3,2026-07-07 18:26:02,32260.673,0.0,32260.673
2026-07-27 19:31:06,2624,7,2026-07-27 18:14:42,68123.9502,9772.2676,68123.9502
2026-07-27 19:31:06,2627,2,2026-07-27 11:19:30,-429072.8886,5705.5766,-426457.4062
2026-07-27 19:31:06,2627,3,2026-07-27 09:26:49,-81731.2177,-561.6157,-81711.2177
2026-07-27 19:31:06,2627,7,2026-07-27 19:26:57,-240070.0194,1997.0476,-236233.0276
2026-07-27 19:31:06,2640,2,2026-07-27 19:19:31,1154266.551,25379.821,1154266.23
2026-07-27 19:31:06,2640,3,2026-06-25 03:29:29,48476.868,0.0,48476.868
2026-07-27 19:31:06,2640,7,2026-07-27 19:28:54,268312.924,5676.457,268140.028
2026-07-27 19:31:06,2641,2,2026-07-27 19:13:41,-819612.9675,21.633,-817114.8168
2026-07-27 19:31:06,2642,2,2026-07-27 10:26:46,-547753.4285,314.1381,-534069.0825
2026-07-27 19:31:06,2643,2,2026-07-27 19:27:42,180095.8814,6409.7207,186583.5768
2026-07-27 19:31:06,2643,3,2026-07-02 12:19:33,-1946.3247,-161.632,-1946.3247
2026-07-27 19:31:06,2643,7,2026-07-27 19:27:42,166812.7259,1374.1907,166812.0915
2026-07-27 19:31:06,2644,2,2026-07-27 18:56:30,-333008.9799,624.1537,-330777.9799
2026-07-27 19:31:06,2644,3,2026-07-26 18:38:32,-963335.5869,47.1831,-961001.0714
2026-07-27 19:31:06,2644,7,2026-07-25 11:26:29,-1062756.4492,829.0153,-1062897.5728
2026-07-27 19:31:06,2645,3,2026-07-27 19:29:07,-933606.5813,43108.3164,-915694.2762
2026-07-27 19:31:06,2646,2,2026-07-27 19:26:22,-242211.3574,16858.6507,-241746.9297
2026-07-27 19:31:06,2646,3,2026-07-27 19:01:01,-275871.8039,2676.5012,-275443.3027
2026-07-27 19:31:06,2646,7,2026-06-03 06:17:12,0.0,0.0,0.0
2026-07-27 19:31:06,2647,2,2026-07-26 13:24:17,-585117.7023,2453.923,-585117.7023
2026-07-27 19:31:06,2647,10,2026-06-03 06:14:35,1455.0785,0.0,1428.2484
2026-07-27 19:31:06,2656,3,2026-06-25 07:59:12,-18143.503,0.0,-18143.503
2026-07-27 19:31:06,2656,7,2026-07-27 19:28:55,-302348.402,5876.503,-288970.017
2026-07-27 19:31:06,2657,3,2026-06-25 10:16:36,94139.9814,0.0,94139.9814
2026-07-27 19:31:06,2657,7,2026-07-27 17:35:36,752788.4249,20600.7798,750536.4189
2026-07-27 19:31:06,2668,3,2026-06-03 08:09:35,85204.4639,0.0,85204.4639
2026-07-27 19:31:06,2668,7,2026-07-26 21:22:11,-77559.0609,446.0822,-75655.2826
2026-07-27 19:31:06,2670,3,2026-07-27 15:48:14,-70905.0236,10669.9443,-69304.2304
2026-07-27 19:31:06,2675,3,2026-07-27 19:29:36,-2095136.9393,6841.6109,-2067569.7629
2026-07-27 19:31:06,2677,3,2026-07-15 16:21:55,119828.9504,0.0,119828.9504
2026-07-27 19:31:06,2677,7,2026-07-27 10:38:51,-242910.5496,3930.7958,-96286.5494
2026-07-27 19:31:06,2688,2,2026-07-27 11:14:33,243588.1716,9640.2332,236529.0974
2026-07-27 19:31:06,2688,3,2026-07-27 10:41:41,11483.4022,9000.0,6307.3472
2026-07-27 19:31:06,2688,7,2026-07-27 18:45:50,71488.134,5887.1073,71488.134
2026-07-27 19:31:06,2689,3,2026-07-03 08:01:28,-96635.0735,0.0,-89520.9913
2026-07-27 19:31:06,2689,7,2026-07-27 19:29:17,90600.7879,5765.6583,90772.8294
2026-07-27 19:31:06,2697,2,2026-07-27 19:24:14,196020.069,68272.657,216368.619
2026-07-27 19:31:06,2697,3,2026-06-24 21:59:09,8790.341,0.0,8790.341
2026-07-27 19:31:06,2697,7,2026-07-27 11:49:51,405921.028,11770.52,415916.506
2026-07-27 19:31:06,2698,2,2026-07-27 19:23:35,-203164.8935,15140.9,-203164.8935
2026-07-27 19:31:06,2698,3,2026-07-01 00:35:16,16519.7515,0.0,16342.3738
2026-07-27 19:31:06,2698,7,2026-07-27 19:23:36,-84858.3794,31425.2655,-84883.0526
2026-07-27 19:31:06,2698,10,2026-06-03 07:51:18,45085.3121,0.0,45001.2993
2026-07-27 19:31:06,2704,3,2026-07-27 19:28:57,-132085.8367,11278.0802,-131194.9321
2026-07-27 19:31:06,2706,3,2026-06-03 05:15:51,65137.2927,0.0,65137.2927
2026-07-27 19:31:06,2706,7,2026-07-27 19:29:39,1676485.4874,41622.717,1676149.1521
2026-07-27 19:31:06,2711,2,2026-07-25 08:05:27,393003.4858,6.3825,393003.4858
2026-07-27 19:31:06,2711,3,2026-07-18 11:17:08,66391.2991,0.0,66391.2991
2026-07-27 19:31:06,2711,7,2026-07-25 10:22:36,58424.4231,72.1358,58424.4231
2026-07-27 19:31:06,2711,10,2026-06-03 07:01:45,161337.5346,0.0,165205.2857
2026-07-27 19:31:06,2718,3,2026-07-27 12:30:45,-668845.195,417.0207,-657169.9087
2026-07-27 19:31:06,2718,7,2025-03-13 16:03:26,724.0,0.0,724.0
2026-07-27 19:31:06,2722,2,2026-07-27 19:27:51,463478.4585,4999.8904,464486.1393
2026-07-27 19:31:06,2722,3,2026-07-27 19:27:30,379691.1704,8615.3884,401621.8373
2026-07-27 19:31:06,2722,7,2026-06-03 06:10:37,0.0,0.0,0.0
2026-07-27 19:31:06,2722,10,2026-06-03 06:10:37,0.0,0.0,0.0
2026-07-27 19:31:06,2724,3,2026-06-03 08:22:13,-104485.854,0.0,-104485.854
2026-07-27 19:31:06,2724,7,2026-07-27 19:29:33,-52178.642,21851.21,-63947.589
2026-07-27 19:31:06,2729,2,2026-07-27 15:52:41,231346.638,3.67,242974.808
2026-07-27 19:31:06,2729,3,2026-06-25 05:19:07,16382.759,0.0,16382.759
2026-07-27 19:31:06,2729,7,2026-07-27 19:26:09,369870.638,182.543,379327.859
2026-07-27 19:31:06,2740,3,2026-06-03 08:50:37,16000.0,0.0,16000.0
2026-07-27 19:31:06,2740,7,2026-07-27 15:16:00,-304231.4109,3511.5358,-303036.5599
2026-07-27 19:31:06,2743,3,2026-06-03 08:33:58,1153.781,0.0,1153.781
2026-07-27 19:31:06,2743,7,2026-07-27 19:28:56,24386.878,11360.769,57871.432
2026-07-27 19:31:06,2744,2,2026-07-27 19:29:52,67159.785,32.7,67159.785
2026-07-27 19:31:06,2744,10,2026-07-08 14:32:58,218138.5457,0.0,221000.9654
2026-07-27 19:31:06,2747,2,2026-07-27 19:26:25,-81081.01,16561.84,-81081.01
2026-07-27 19:31:06,2747,10,2026-07-02 10:56:28,1516.166,0.0,17299.24
2026-07-27 19:31:06,2753,2,2026-07-27 16:02:23,-396593.5261,12864.7712,-396586.5381
2026-07-27 19:31:06,2754,3,2026-06-19 15:45:48,61551.902,0.0,61551.902
2026-07-27 19:31:06,2754,7,2026-07-27 19:29:17,-125378.857,12482.129,-115832.545
2026-07-27 19:31:06,2760,3,2026-07-20 18:41:06,-9222.314,15000.0,-9222.314
2026-07-27 19:31:06,2760,7,2026-07-27 19:27:46,179895.864,37680.65,179895.864
2026-07-27 19:31:06,2763,2,2026-07-24 19:09:32,-16079.1903,826.8238,-16220.1905
2026-07-27 19:31:06,2763,3,2026-06-25 17:12:54,-4707.1257,0.0,-4707.1257
2026-07-27 19:31:06,2763,7,2026-07-25 07:39:27,51588.4933,128.3771,51537.2139
2026-07-27 19:31:06,2768,3,2026-06-03 08:23:19,18909.168,0.0,18909.168
2026-07-27 19:31:06,2768,7,2026-07-27 19:28:48,1798429.665,4453.131,1798429.375
2026-07-27 19:31:06,2769,2,2026-07-27 19:25:05,257998.0981,29202.3872,257694.4268
2026-07-27 19:31:06,2770,3,2026-06-03 08:28:44,-25546.363,0.0,-25546.363
2026-07-27 19:31:06,2770,7,2026-07-27 19:28:54,306332.494,12532.061,314051.363
2026-07-27 19:31:06,2773,2,2026-07-27 16:17:35,691753.1821,9597.13,691753.1821
2026-07-27 19:31:06,2773,3,2026-06-03 08:42:23,-22079.269,0.0,-22079.269
2026-07-27 19:31:06,2773,7,2026-07-27 19:28:58,1101185.778,13511.619,1102080.552
2026-07-27 19:31:06,2773,10,2026-07-04 16:39:54,428596.1948,0.0,421326.1948
2026-07-27 19:31:06,2781,2,2026-07-27 19:23:21,292958.3962,5072.76,292958.3962
2026-07-27 19:31:06,2781,3,2026-06-09 16:13:39,75539.087,0.0,75539.087
2026-07-27 19:31:06,2781,7,2026-07-27 19:29:40,95000.538,17821.86,95000.308
2026-07-27 19:31:06,2781,10,2026-06-03 08:39:47,84378.2339,0.0,85984.939
2026-07-27 19:31:06,2782,2,2026-07-27 19:20:17,306219.836,6025.9868,306459.1556
2026-07-27 19:31:06,2782,3,2026-06-24 19:55:29,1884.7004,0.0,1884.7004
2026-07-27 19:31:06,2782,7,2026-07-27 19:27:55,85838.7723,4507.1018,86054.8845
2026-07-27 19:31:06,2786,2,2026-07-27 17:44:29,25684.5649,15915.8422,32125.2906
2026-07-27 19:31:06,2786,3,2026-06-25 18:56:27,-28181.3919,0.0,-28181.3919
2026-07-27 19:31:06,2786,7,2026-07-27 18:44:05,414597.1214,486.2389,417033.971
2026-07-27 19:31:06,2789,2,2026-07-27 17:02:43,119568.9334,155.9028,118989.6725
2026-07-27 19:31:06,2789,3,2026-06-25 08:42:03,32230.3415,0.0,32230.3415
2026-07-27 19:31:06,2789,7,2026-07-27 19:28:31,109584.5657,1436.1461,111667.1905
2026-07-27 19:31:06,2793,2,2026-07-27 18:08:32,22273.0896,6325.992,22273.0896
2026-07-27 19:31:06,2793,10,2026-06-03 00:52:18,78915.1501,0.0,78915.1501
2026-07-27 19:31:06,2794,2,2026-07-27 18:41:11,456603.3551,629.1434,458369.9464
2026-07-27 19:31:06,2794,3,2026-06-25 11:19:21,69946.7438,0.0,69946.7438
2026-07-27 19:31:06,2794,7,2026-07-27 19:28:15,439662.4991,3136.7687,441105.0243
2026-07-27 19:31:06,2798,3,2026-07-25 14:58:25,151426.9009,183.6827,151550.272
2026-07-27 19:31:06,2798,7,2026-07-27 19:21:52,168478.8401,4040.4414,174820.9995
2026-07-27 19:31:06,2800,2,2026-07-27 16:37:17,362102.447,156.196,362699.647
2026-07-27 19:31:06,2800,3,2026-06-24 21:36:33,27274.349,0.0,27274.349
2026-07-27 19:31:06,2800,7,2026-07-27 15:08:15,241781.345,138.907,248387.175
2026-07-27 19:31:06,2803,2,2026-07-27 14:43:20,-810379.409,2828.94,-810379.409
2026-07-27 19:31:06,2803,10,2026-06-03 08:28:50,6582.141,0.0,6478.519
2026-07-27 19:31:06,2804,2,2026-07-27 11:00:19,11934.9381,4190.4693,17074.3806
2026-07-27 19:31:06,2804,3,2026-07-27 19:29:41,288151.36,294.7703,299557.4822
2026-07-27 19:31:06,2804,7,2026-07-26 21:20:10,28685.7998,12022.1068,28685.7998
2026-07-27 19:31:06,2805,2,2026-07-27 19:19:33,-141129.87,20997.73,-141129.87
2026-07-27 19:31:06,2805,3,2026-06-03 08:04:14,356.19,0.0,814.19
2026-07-27 19:31:06,2805,7,2026-07-27 19:29:06,-192189.2212,788.76,-201523.5852
2026-07-27 19:31:06,2805,10,2026-06-03 08:04:14,92405.9332,0.0,80102.1592
2026-07-27 19:31:06,2808,2,2026-07-25 23:03:07,-553730.0225,36.9,-553730.0225
2026-07-27 19:31:06,2808,10,2026-06-03 08:45:00,101684.8878,0.0,79419.6098
2026-07-27 19:31:06,2821,2,2026-07-27 13:04:22,15199.8553,13792.9497,31979.1375
2026-07-27 19:31:06,2821,3,2026-07-27 17:39:18,85935.4997,5057.8822,93030.0936
2026-07-27 19:31:06,2821,10,2026-06-03 07:23:51,0.0,0.0,0.0
2026-07-27 19:31:06,2822,2,2026-07-27 14:37:34,21484.307,2612.095,38220.7751
2026-07-27 19:31:06,2822,3,2026-07-27 15:55:46,370176.3609,17113.3155,385814.7682
2026-07-27 19:31:06,2824,2,2026-07-27 11:31:24,134642.0998,2009.9392,134642.0998
2026-07-27 19:31:06,2824,3,2026-07-19 08:02:40,34803.699,0.0,34803.699
2026-07-27 19:31:06,2824,7,2026-07-26 14:22:35,235959.7653,533.5568,235958.7653
2026-07-27 19:31:06,2824,10,2026-06-03 07:14:15,93172.0173,0.0,93172.0173
2026-07-27 19:31:06,2825,2,2026-07-27 19:10:03,-103425.73,417.5661,-102188.8815
2026-07-27 19:31:06,2825,3,2026-07-27 19:29:23,-322941.667,22521.1929,-309485.9338
2026-07-27 19:31:06,2829,2,2026-07-25 13:10:58,138283.1869,57.1412,138283.1869
2026-07-27 19:31:06,2829,3,2026-06-24 07:57:10,11077.1089,0.0,11077.1089
2026-07-27 19:31:06,2829,7,2026-07-26 17:16:58,65137.1657,1107.4434,65137.1657
2026-07-27 19:31:06,2833,2,2026-07-26 22:25:38,287800.3211,20800.0,287800.3211
2026-07-27 19:31:06,2833,3,2026-07-19 12:40:04,153270.4325,-6951.7805,153270.4325
2026-07-27 19:31:06,2833,7,2026-07-27 09:05:11,408155.78,127481.7343,424540.685
2026-07-27 19:31:06,2833,10,2026-06-03 00:54:55,31780.001,0.0,31779.4074
2026-07-27 19:31:06,2856,3,2026-06-25 08:13:11,2733.8571,0.0,2733.8571
2026-07-27 19:31:06,2856,7,2026-07-26 08:34:19,34840.3472,298.8913,34900.573
2026-07-27 19:31:06,2857,2,2026-07-27 13:42:59,-77149.3147,2174.89,-77629.1939
2026-07-27 19:31:06,2857,3,2026-07-27 17:27:07,-160241.975,2401.01,-158757.0297
2026-07-27 19:31:06,2877,3,2026-06-25 08:58:56,163265.676,0.0,163265.676
2026-07-27 19:31:06,2877,7,2026-07-27 19:02:28,159268.086,168.86,159267.684
2026-07-27 19:31:06,2903,3,2026-07-27 19:27:57,-42098.1713,4025.4272,-30926.159
2026-07-27 19:31:06,2905,2,2026-07-27 19:22:54,131102.6603,253.99,267143.3001
2026-07-27 19:31:06,2911,2,2026-07-27 19:28:08,-192356.85,38860.17,-155614.91
2026-07-27 19:31:06,2916,3,2026-06-26 12:27:41,27020.329,0.0,27020.329
2026-07-27 19:31:06,2916,7,2026-07-27 19:28:45,97175.522,1294.925,98354.241
2026-07-27 19:31:06,2928,3,2026-07-16 11:01:39,489103.97,0.0,547799.6145
2026-07-27 19:31:06,2928,7,2026-07-27 11:46:25,4507727.4786,22237.3374,4507727.4786
2026-07-27 19:31:06,2929,3,2026-06-03 08:14:32,0.0398,0.0,0.0398
2026-07-27 19:31:06,2929,7,2026-07-27 19:27:38,78908.0076,6869.1702,80966.2821
2026-07-27 19:31:06,2931,2,2026-07-27 14:11:08,-400964.0849,104252.3765,-396010.6263
2026-07-27 19:31:06,2931,3,2026-06-21 12:31:45,-15527.2973,0.0,-12545.7635
2026-07-27 19:31:06,2931,7,2026-07-27 19:28:41,-215670.5169,6501.3163,-215670.5169
2026-07-27 19:31:06,2940,2,2026-07-27 12:26:51,-7807.6278,4211.84,-10027.9666
2026-07-27 19:31:06,2940,3,2026-07-27 19:27:40,-13964.2279,6270.72,-17198.5219
2026-07-27 19:31:06,2943,3,2026-07-10 06:51:31,-19289.3804,0.0,-19289.3804
2026-07-27 19:31:06,2943,7,2026-07-27 18:04:54,-663452.7694,3955.2847,-663452.7694
2026-07-27 19:31:06,2946,2,2026-07-27 19:28:00,187316.4017,1955.959,189633.0397
2026-07-27 19:31:06,2946,3,2026-06-03 06:26:53,0.0,0.0,0.0
2026-07-27 19:31:06,2946,7,2026-07-27 19:24:00,266267.3983,50703.217,267927.8783
2026-07-27 19:31:06,2950,2,2026-07-27 19:27:02,335592.3978,8602.3659,335591.6578
2026-07-27 19:31:06,2950,3,2026-06-25 16:24:47,20615.5343,0.0,20615.5343
2026-07-27 19:31:06,2950,7,2026-07-27 19:28:54,210168.9857,10093.9996,210168.7207
2026-07-27 19:31:06,2954,2,2026-07-27 18:20:56,-337801.816,8065.733,-337782.168
2026-07-27 19:31:06,2954,3,2026-06-25 16:56:59,-1301.282,0.0,-1301.282
2026-07-27 19:31:06,2954,7,2026-07-26 17:31:15,-281348.833,12227.76,-279468.057
2026-07-27 19:31:06,2956,2,2026-07-27 18:08:37,-35737.3766,1944.1197,-35737.3766
2026-07-27 19:31:06,2956,10,2026-06-01 07:28:35,-17741.6375,0.0,24967.0104
2026-07-27 19:31:06,2957,2,2026-07-27 19:28:04,179032.3858,3426.09,179031.9144
2026-07-27 19:31:06,2957,3,2026-07-27 18:34:04,151659.8063,13811.25,162077.339
2026-07-27 19:31:06,2958,2,2026-07-27 00:05:27,127360.3382,1956.699,127360.3382
2026-07-27 19:31:06,2958,3,2026-06-03 07:14:11,310861.2153,0.0,310956.3434
2026-07-27 19:31:06,2958,7,2026-07-27 12:39:46,331832.6586,16851.7462,348661.8348
2026-07-27 19:31:06,2958,10,2026-06-03 07:14:11,60435.569,0.0,60704.569
2026-07-27 19:31:06,2959,3,2026-06-25 14:04:50,-31808.5916,0.0,-31808.5916
2026-07-27 19:31:06,2959,7,2026-07-27 17:54:09,-135235.1807,4598.7286,-132924.1836
2026-07-27 19:31:06,2960,2,2026-07-27 19:23:52,160934.3913,3121.4313,160851.5628
2026-07-27 19:31:06,2960,3,2026-07-27 19:28:41,7999.6598,5754.3304,8270.1144
2026-07-27 19:31:06,2974,2,2026-07-27 14:31:59,-686631.8748,6945.51,-688138.0715
2026-07-27 19:31:06,2974,3,2026-07-27 16:19:52,-244984.8536,5106.62,-240313.2797
2026-07-27 19:31:06,2974,7,2026-07-17 12:48:06,-260699.3893,0.0,-260699.3893
2026-07-27 19:31:06,2977,3,2026-07-27 16:55:31,114045.0205,9.0779,114822.6337
2026-07-27 19:31:06,2977,7,2026-07-26 21:22:29,33076.9183,-1.623,33076.9183
2026-07-27 19:31:06,2979,2,2026-07-27 19:25:49,-1726838.2945,15895.41,-1725591.3419
2026-07-27 19:31:06,2979,3,2026-07-27 19:26:36,-739130.6553,27906.33,-619676.7007
2026-07-27 19:31:06,2980,2,2026-07-27 19:20:31,-102174.7812,226.61,-113264.2899
2026-07-27 19:31:06,2980,3,2026-07-27 19:27:32,-105347.5154,776.52,-111251.5228
2026-07-27 19:31:06,2981,2,2026-07-27 19:19:38,-1190463.2934,27226.63,-1168785.1214
2026-07-27 19:31:06,2982,2,2026-07-27 15:51:49,-230169.823,5048.8528,-228146.4484
2026-07-27 19:31:06,2982,3,2026-07-27 19:28:41,-253132.7045,9860.3769,-257150.0294
2026-07-27 19:31:06,2982,7,2026-06-03 08:35:10,0.0,0.0,0.0
2026-07-27 19:31:06,2989,3,2026-07-09 18:20:00,-22293.61,-25730.48,-22293.61
2026-07-27 19:31:06,2989,7,2026-07-27 19:26:34,540890.2445,279413.17,540910.0015
2026-07-27 19:31:06,3005,3,2026-06-25 09:44:56,17302.543,0.0,17302.543
2026-07-27 19:31:06,3005,7,2026-07-27 17:36:46,218601.324,491.729,227059.563
2026-07-27 19:31:06,3011,2,2026-07-23 14:55:52,494498.6113,2968.406,914498.6113
2026-07-27 19:31:06,3011,10,2026-06-03 08:45:02,268421.73,0.0,342391.838
2026-07-27 19:31:06,3013,2,2026-07-27 19:26:46,-2129854.581,13445.55,-2129854.581
2026-07-27 19:31:06,3013,10,2026-06-03 06:06:23,18399.806,0.0,-4002.27
2026-07-27 19:31:06,3021,2,2026-07-27 11:35:35,-837430.2196,9585.62,-808907.4309
2026-07-27 19:31:06,3021,3,2026-06-19 12:30:06,-531276.7539,-21001.8,-455174.6524
2026-07-27 19:31:06,3021,7,2026-07-27 18:06:37,28414.28,53753.53,28414.28
2026-07-27 19:31:06,3032,2,2026-07-27 13:51:51,376133.583,39317.967,379226.213
2026-07-27 19:31:06,3040,2,2026-07-27 10:31:41,-1278476.8081,905.6531,-1278476.8081
2026-07-27 19:31:06,3040,10,2026-06-03 00:19:48,24844.0888,0.0,24844.0888
2026-07-27 19:31:06,3044,3,2025-07-04 06:41:44,52895.8553,0.0,52895.8553
2026-07-27 19:31:06,3044,7,2026-07-27 19:27:08,-13840.0348,6669.8934,-4321.3867
2026-07-27 19:31:06,3050,3,2026-07-06 12:22:18,8883.4634,0.0,8883.4634
2026-07-27 19:31:06,3050,7,2026-07-27 19:28:38,190542.446,6700.1669,196026.1049
2026-07-27 19:31:06,3055,2,2026-07-27 19:19:49,445435.623,15437.644,445510.579
2026-07-27 19:31:06,3055,3,2026-06-25 06:46:32,174080.895,0.0,174080.895
2026-07-27 19:31:06,3055,7,2026-07-27 19:29:09,268529.624,6379.619,269481.952
2026-07-27 19:31:06,3063,2,2026-07-27 12:57:35,-57303.656,583.606,-57202.752
2026-07-27 19:31:06,3063,3,2026-06-25 16:42:24,14482.187,0.0,14482.187
2026-07-27 19:31:06,3063,7,2026-07-27 19:27:06,-233266.075,2720.097,-233226.0
2026-07-27 19:31:06,3063,10,2026-06-03 08:39:31,0.0,0.0,0.0
2026-07-27 19:31:06,3065,7,2026-07-27 19:23:49,98362.372,3293.3678,97930.8099
2026-07-27 19:31:06,3066,3,2026-06-24 18:13:58,11149.276,0.0,11149.276
2026-07-27 19:31:06,3066,7,2026-07-27 17:22:10,-806104.468,283.606,-806029.519
2026-07-27 19:31:06,3073,3,2026-06-03 01:26:54,0.0,0.0,0.0
2026-07-27 19:31:06,3073,7,2026-07-27 17:04:22,56108.3986,7183.5325,62392.7476
2026-07-27 19:31:06,3074,3,2026-06-03 06:59:32,1181.469,0.0,1181.469
2026-07-27 19:31:06,3074,7,2026-07-27 19:02:39,-56122.446,3739.075,-56122.446
2026-07-27 19:31:06,3077,3,2026-07-25 09:49:46,33481.3319,12000.0,33481.3319
2026-07-27 19:31:06,3077,7,2026-07-27 13:02:32,112311.2107,36.4378,107007.4869
2026-07-27 19:31:06,3078,3,2026-07-27 19:28:39,95259.0133,9054.26,78939.6824
2026-07-27 19:31:06,3079,2,2026-07-25 14:36:25,-7751.807,3402.528,-7751.807
2026-07-27 19:31:06,3079,3,2026-06-03 07:50:16,-17758.478,0.0,-17758.478
2026-07-27 19:31:06,3079,7,2026-07-27 19:27:52,-310628.777,4251.989,-307895.886
2026-07-27 19:31:06,3079,10,2026-06-03 07:50:16,13182.864,0.0,31577.96
2026-07-27 19:31:06,3081,3,2026-06-24 18:36:07,32555.297,0.0,32555.297
2026-07-27 19:31:06,3081,7,2026-07-27 18:20:12,200039.006,808.095,200039.274
2026-07-27 19:31:06,3083,3,2026-07-21 18:09:33,-123307.1355,91.954,-123307.1355
2026-07-27 19:31:06,3083,7,2026-07-26 11:21:16,-363380.4032,1596.2307,-354250.6685
2026-07-27 19:31:06,3086,3,2026-06-03 08:38:54,-155081.9824,0.0,-155081.9824
2026-07-27 19:31:06,3086,7,2026-07-27 18:29:07,6310666.9183,96379.9366,6393670.7648
2026-07-27 19:31:06,3087,3,2026-06-03 02:06:08,20929.3078,0.0,20929.3078
2026-07-27 19:31:06,3087,7,2026-07-27 19:25:19,-428916.8799,19520.8921,-428916.8453
2026-07-27 19:31:06,3090,3,2026-06-26 07:27:02,-126555.408,0.0,-126555.408
2026-07-27 19:31:06,3090,7,2026-07-27 19:29:27,-913822.085,3236.223,-904426.994
2026-07-27 19:31:06,3095,3,2026-06-25 10:53:14,6216.626,0.0,6216.626
2026-07-27 19:31:06,3095,7,2026-07-27 15:59:52,511811.2066,9590.903,513823.7896
2026-07-27 19:31:06,3098,2,2026-07-27 19:24:40,-117482.282,13285.967,-116034.348
2026-07-27 19:31:06,3098,3,2026-06-25 08:05:21,-24585.612,0.0,-24585.612
2026-07-27 19:31:06,3098,7,2026-07-27 19:24:09,-143160.868,3619.789,-141931.903
2026-07-27 19:31:06,3099,3,2026-06-03 07:58:34,-228.814,0.0,-228.814
2026-07-27 19:31:06,3099,7,2026-07-27 19:28:58,-197735.97,7108.89,-183198.541
2026-07-27 19:31:06,3111,3,2026-07-02 15:59:16,-538581.846,0.0,-531173.1844
2026-07-27 19:31:06,3111,7,2026-07-27 19:27:40,-136424.22,14494.98,-136424.22
2026-07-27 19:31:06,3115,2,2026-07-27 17:08:14,-39846.601,33.756,-37035.558
2026-07-27 19:31:06,3115,3,2026-06-25 14:54:56,-41856.347,0.0,-41856.347
2026-07-27 19:31:06,3115,7,2026-07-27 19:27:45,-129971.874,16474.71,-121022.582
2026-07-27 19:31:06,3119,2,2026-07-27 19:19:03,8774.92,6418.8855,8752.3084
2026-07-27 19:31:06,3119,3,2026-07-27 19:28:50,-35736.82,2591.5006,-35263.0703
2026-07-27 19:31:06,3124,2,2026-07-27 10:09:29,-793151.4743,76.373,-802763.7263
2026-07-27 19:31:06,3133,2,2026-07-25 19:05:00,-976037.5672,281.0407,-975363.104
2026-07-27 19:31:06,3133,3,2026-06-25 11:36:24,-58078.6921,0.0,-58078.6921
2026-07-27 19:31:06,3133,7,2026-07-26 10:21:44,-939261.2276,3584.081,-933606.4924
2026-07-27 19:31:06,3134,3,2026-06-24 21:20:59,21035.599,0.0,21035.599
2026-07-27 19:31:06,3134,7,2026-07-27 12:36:30,259421.3569,5935.493,256511.1339
2026-07-27 19:31:06,3135,2,2026-07-27 10:13:34,844588.9404,328.338,863143.2654
2026-07-27 19:31:06,3135,3,2026-06-24 14:35:11,35328.842,0.0,35328.842
2026-07-27 19:31:06,3135,7,2026-07-27 15:29:27,157577.696,11944.051,159617.791
2026-07-27 19:31:06,3149,2,2026-07-27 19:25:58,143950.1214,6512.0577,145861.2404
2026-07-27 19:31:06,3149,3,2026-06-03 06:29:31,28900.0,0.0,28900.0
2026-07-27 19:31:06,3149,7,2026-07-27 19:08:21,417597.3483,22389.2035,419825.1973
2026-07-27 19:31:06,3158,2,2026-07-27 13:22:06,-19007.2765,1210.6248,-17745.0665
2026-07-27 19:31:06,3158,3,2026-06-25 21:46:05,32500.0,0.0,32500.0
2026-07-27 19:31:06,3158,7,2026-07-27 17:40:39,87795.7971,13147.1894,87795.7971
2026-07-27 19:31:06,3170,2,2026-07-25 18:21:24,-572169.5161,35.1142,-570791.9014
2026-07-27 19:31:06,3185,2,2026-07-27 16:07:30,-88295.4866,1173.75,-82753.5326
2026-07-27 19:31:06,3186,7,2026-07-27 19:26:11,-161148.653,5463.84,-156666.39
2026-07-27 19:31:06,3191,2,2026-07-26 16:58:39,-69433.2305,770.3436,-69433.2305
2026-07-27 19:31:06,3191,10,2026-06-03 06:12:56,-1961.1055,0.0,-1961.1055
2026-07-27 19:31:06,3192,7,2026-07-27 17:14:57,113571.1533,5712.2951,124642.6813
2026-07-27 19:31:06,3207,3,2026-06-03 07:05:01,19799.7891,0.0,19799.7891
2026-07-27 19:31:06,3207,7,2026-07-27 19:10:33,-1624124.3997,10855.3341,-1624124.189
2026-07-27 19:31:06,3211,7,2026-07-27 19:25:22,-286701.3671,8835.8799,-285283.9351
2026-07-27 19:31:06,3216,2,2026-07-25 13:58:26,36383.1099,1774.0265,36378.2979
2026-07-27 19:31:06,3220,3,2026-07-25 21:54:54,-259594.7968,-3.2039,-259594.7968
2026-07-27 19:31:06,3220,7,2026-07-27 13:13:51,-664325.9926,7179.7564,-664325.9926
2026-07-27 19:31:06,3221,3,2026-07-18 13:56:38,-9248.826,0.0,-9248.826
2026-07-27 19:31:06,3221,7,2026-07-27 17:47:19,-205539.889,30634.95,-205539.889
2026-07-27 19:31:06,3227,2,2026-07-24 15:58:39,-405025.7944,16874.991,-405025.7944
2026-07-27 19:31:06,3227,10,2026-06-03 08:54:27,-40451.576,0.0,-33421.184
2026-07-27 19:31:06,3237,3,2026-06-25 07:48:55,-18416.1861,0.0,-18416.1861
2026-07-27 19:31:06,3237,7,2026-07-27 19:25:53,-134517.2646,50.2825,-133015.9136
2026-07-27 19:31:06,3241,2,2026-07-27 06:52:21,-673625.1186,1011.1413,-673625.1186
2026-07-27 19:31:06,3241,10,2026-06-03 08:54:21,26634.9232,0.0,26634.9232
2026-07-27 19:31:06,3242,3,2026-06-03 08:29:11,0.057,0.0,0.057
2026-07-27 19:31:06,3242,7,2026-07-27 19:28:23,-1101308.556,28263.693,-1101308.556
2026-07-27 19:31:06,3246,3,2026-06-30 23:05:52,-289645.6912,0.0,-289645.6912
2026-07-27 19:31:06,3246,7,2026-07-27 19:29:04,-2053278.9161,12512.5501,-2053278.9161
2026-07-27 19:31:06,3252,2,2026-07-25 20:38:23,-918470.5624,604.9685,-918470.5624
2026-07-27 19:31:06,3252,10,2026-06-03 06:40:45,4742.4018,0.0,4742.4018
2026-07-27 19:31:06,3259,2,2026-07-27 16:19:23,2633.5693,12181.512,2633.5693
2026-07-27 19:31:06,3259,3,2026-07-27 19:25:32,-6955.7905,10983.2706,-6955.7905
2026-07-27 19:31:06,3262,2,2026-07-27 19:19:18,-17982.43,5609.29,-17982.43
2026-07-27 19:31:06,3262,3,2026-07-26 13:55:05,-9343.06,1344.92,-9343.06
2026-07-27 19:31:06,3267,2,2026-07-26 06:56:36,-23127.772,3971.7058,-23127.772
2026-07-27 19:31:06,3267,3,2026-06-25 11:55:01,-2415.5908,0.0,-2415.5908
2026-07-27 19:31:06,3267,7,2026-07-26 09:27:24,4132.7842,5918.4469,4132.7842
2026-07-27 19:31:06,3277,2,2026-07-27 18:34:08,-5115.6229,565.2215,-5115.6229
2026-07-27 19:31:06,3277,3,2026-07-27 19:27:50,10961.2387,575.1508,10961.2387
2026-07-27 19:31:06,4018,3,2026-06-03 08:41:31,-95817.3204,0.0,-95817.3204
2026-07-27 19:31:06,4018,7,2026-07-27 19:07:00,-830327.9137,36669.398,-746984.4933
2026-07-27 19:31:06,4026,3,2026-06-03 06:24:58,34000.0,0.0,34000.0
2026-07-27 19:31:06,4026,7,2026-07-27 15:06:39,-6917.0265,12742.2204,-4234.7115
2026-07-27 19:31:06,4029,2,2026-07-27 13:28:25,145354.8195,131.2863,145354.0861
2026-07-27 19:31:06,4029,3,2026-06-24 22:29:17,12359.7094,0.0,12359.7094
2026-07-27 19:31:06,4029,7,2026-07-27 13:36:35,175497.0923,200.5349,175702.7167
2026-07-27 23:36:17,1724,3,2026-06-03 08:15:44,-5801.03,0.0,-5801.03
2026-07-27 23:36:17,1724,7,2026-07-27 18:06:27,-547862.337,604.06,-537336.5
2026-07-27 23:36:17,1846,3,2026-06-03 08:24:16,-162433.969,0.0,-162433.969
2026-07-27 23:36:17,1846,7,2026-07-27 23:27:54,-1057001.798,25111.22,-1062513.508
2026-07-27 23:36:17,1945,2,2026-07-27 23:31:19,74620.435,2069.007,74620.435
2026-07-27 23:36:17,1945,3,2026-06-03 07:12:27,79139.515,0.0,79139.515
2026-07-27 23:36:17,1945,7,2026-07-27 23:33:45,-245320.83,13553.625,-218331.522
2026-07-27 23:36:17,1945,10,2026-06-03 07:12:27,132265.715,0.0,146700.179
2026-07-27 23:36:17,1964,2,2026-07-27 20:35:56,3282942.8456,62266.077,3282942.8456
2026-07-27 23:36:17,1964,3,2026-06-03 08:55:14,62015.86,0.0,62015.86
2026-07-27 23:36:17,1964,7,2026-07-27 23:31:11,3399948.1994,96384.06,3399948.1994
2026-07-27 23:36:17,1964,10,2026-06-03 08:55:14,203413.3281,0.0,203413.3281
2026-07-27 23:36:17,1965,3,2026-06-03 07:01:17,-677.5161,0.0,-677.5161
2026-07-27 23:36:17,1965,7,2026-07-27 23:27:39,232008.7109,8723.0416,234034.7396
2026-07-27 23:36:17,2204,3,2026-06-03 07:41:42,-39377.836,0.0,-39377.836
2026-07-27 23:36:17,2204,7,2026-07-27 23:30:57,-394714.758,6418.719,-382836.238
2026-07-27 23:36:17,2205,3,2026-06-02 08:49:38,-25663.014,0.0,-25663.014
2026-07-27 23:36:17,2205,7,2026-07-27 23:30:49,-1072031.01,8072.945,-1062793.349
2026-07-27 23:36:17,2207,2,2026-07-27 23:34:10,-422563.081,8410.576,-422563.081
2026-07-27 23:36:17,2207,3,2026-06-03 08:24:50,-11659.982,0.0,-11659.982
2026-07-27 23:36:17,2207,7,2026-07-27 23:34:12,781775.131,18833.897,792305.619
2026-07-27 23:36:17,2207,10,2026-06-03 08:24:50,145091.474,0.0,152985.789
2026-07-27 23:36:17,2208,2,2026-07-27 21:33:26,-652491.5505,8361.202,-652491.5505
2026-07-27 23:36:17,2208,3,2026-06-03 08:31:26,-101220.441,0.0,-101220.441
2026-07-27 23:36:17,2208,4,2026-06-03 08:31:26,0.0,0.0,0.0
2026-07-27 23:36:17,2208,7,2026-07-27 17:00:41,-521571.0611,7704.034,-504368.1281
2026-07-27 23:36:17,2208,8,2026-07-20 15:35:36,2614.851,60.943,2614.851
2026-07-27 23:36:17,2208,10,2026-06-03 08:31:26,563963.1731,0.0,531698.2631
2026-07-27 23:36:17,2224,3,2026-06-03 08:23:23,-6305.346,0.0,-6305.346
2026-07-27 23:36:17,2224,7,2026-07-27 23:32:03,-288915.8179,25311.596,-272693.3729
2026-07-27 23:36:17,2225,3,2026-06-03 08:04:19,-86000.579,0.0,-86000.579
2026-07-27 23:36:17,2225,7,2026-07-27 23:32:03,-969778.858,13245.994,-949469.197
2026-07-27 23:36:17,2228,3,2026-06-25 08:35:15,14456.06,0.0,14456.06
2026-07-27 23:36:17,2228,7,2026-07-27 20:35:38,480926.282,11040.454,482439.803
2026-07-27 23:36:17,2230,2,2026-07-27 23:32:52,324874.1751,10050.679,324874.1751
2026-07-27 23:36:17,2230,3,2026-06-03 07:00:12,2292.791,0.0,2292.791
2026-07-27 23:36:17,2230,7,2026-07-27 21:45:13,-4261.667,7957.724,-4650.71
2026-07-27 23:36:17,2230,10,2026-06-03 07:00:12,52249.414,0.0,71099.549
2026-07-27 23:36:17,2249,2,2026-07-27 12:12:11,-1157753.098,10190.8046,-1162145.9359
2026-07-27 23:36:17,2249,3,2026-07-27 21:49:36,-222621.6285,3235.6645,-220790.3092
2026-07-27 23:36:17,2249,7,2026-06-03 05:29:21,0.0,0.0,0.0
2026-07-27 23:36:17,2251,2,2026-07-27 13:42:47,709857.2198,593.612,714459.1018
2026-07-27 23:36:17,2251,3,2026-07-27 21:56:23,217516.4435,5420.3015,226230.0143
2026-07-27 23:36:17,2251,7,2026-06-03 08:22:05,0.0,0.0,0.0
2026-07-27 23:36:17,2264,2,2026-07-27 23:30:45,-410041.668,4171.256,-410041.668
2026-07-27 23:36:17,2264,10,2026-06-03 08:40:23,-44048.248,0.0,-42652.35
2026-07-27 23:36:17,2268,7,2026-07-27 23:31:05,-56798.594,15069.68,-56798.594
2026-07-27 23:36:17,2291,2,2026-07-27 19:16:21,-127368.3966,4937.9738,-127368.5873
2026-07-27 23:36:17,2292,3,2026-06-23 13:56:40,-98158.828,0.0,-85556.815
2026-07-27 23:36:17,2292,7,2026-07-27 23:26:08,-1093560.476,6575.45,-1113835.186
2026-07-27 23:36:17,2295,3,2026-06-25 08:35:12,5827.7321,0.0,5827.7321
2026-07-27 23:36:17,2295,7,2026-07-27 19:00:33,-128401.5863,5065.3543,-118554.7316
2026-07-27 23:36:17,2304,2,2026-07-27 23:29:20,-382164.5592,6048.4778,-382164.5592
2026-07-27 23:36:17,2304,10,2026-06-03 08:24:38,163627.1421,0.0,175848.871
2026-07-27 23:36:17,2305,2,2026-07-27 18:48:59,122476.8332,197.0077,119136.0488
2026-07-27 23:36:17,2305,3,2026-06-03 06:05:23,0.0,0.0,0.0
2026-07-27 23:36:17,2305,7,2026-07-27 19:22:44,110915.2074,3311.4962,114168.9494
2026-07-27 23:36:17,2306,2,2026-07-27 19:22:11,93490.331,929.2572,100686.1401
2026-07-27 23:36:17,2306,3,2026-07-05 00:54:48,284588.2849,-363.5805,284588.2849
2026-07-27 23:36:17,2306,7,2026-07-27 22:54:12,572198.2132,3755.3172,573150.8523
2026-07-27 23:36:17,2307,2,2026-07-27 17:35:29,734720.8586,2993.5263,769191.6756
2026-07-27 23:36:17,2308,2,2026-07-27 10:22:44,2716044.9451,45884.4158,2726709.4166
2026-07-27 23:36:17,2317,2,2026-07-27 23:19:08,13670.2291,15265.5524,17613.2666
2026-07-27 23:36:17,2317,3,2026-06-03 08:18:19,21540.6262,0.0,21540.6262
2026-07-27 23:36:17,2317,7,2026-07-27 23:29:18,344457.881,2700.3716,346375.4466
2026-07-27 23:36:17,2330,2,2026-07-25 20:29:53,-1140410.0165,58069.89,-1140410.0165
2026-07-27 23:36:17,2330,10,2026-06-03 07:45:12,-52379.6297,0.0,-48319.6747
2026-07-27 23:36:17,2332,3,2026-06-29 07:00:07,-799906.854,0.0,-819134.88
2026-07-27 23:36:17,2332,7,2026-07-27 23:29:25,-6891066.769,6692.79,-6935952.04
2026-07-27 23:36:17,2338,2,2026-07-27 16:24:03,15446.897,2137.039,28333.307
2026-07-27 23:36:17,2338,3,2026-07-27 20:54:57,63853.617,1373.188,53880.029
2026-07-27 23:36:17,2339,2,2026-07-27 13:24:27,489722.9318,5327.0916,493211.2263
2026-07-27 23:36:17,2339,3,2026-07-27 09:57:57,231884.8606,-194.435,232646.8606
2026-07-27 23:36:17,2339,7,2026-07-27 23:25:23,138298.2487,2525.0068,144389.7735
2026-07-27 23:36:17,2341,7,2026-07-27 23:26:06,56659.3123,7088.5353,48451.2809
2026-07-27 23:36:17,2346,2,2026-07-27 17:13:38,-311726.794,7668.705,-306888.0
2026-07-27 23:36:17,2346,3,2026-07-27 21:14:30,43544.484,1516.01,62312.034
2026-07-27 23:36:17,2350,2,2026-07-27 13:03:02,809422.785,26762.8575,813486.5332
2026-07-27 23:36:17,2350,3,2026-07-27 21:58:02,384231.4253,3134.293,384064.5877
2026-07-27 23:36:17,2350,7,2026-06-03 06:46:14,0.0,0.0,0.0
2026-07-27 23:36:17,2353,2,2026-07-27 17:54:34,253383.8262,13.5832,279227.4073
2026-07-27 23:36:17,2353,3,2026-07-26 11:28:09,-30120.0728,723.3648,-28121.0728
2026-07-27 23:36:17,2353,7,2026-07-27 23:34:13,121921.5561,16974.3396,124029.6569
2026-07-27 23:36:17,2355,2,2026-07-27 15:32:45,-69210.6526,6099.994,-69210.6526
2026-07-27 23:36:17,2355,3,2026-07-26 21:42:35,-22192.5451,107.0274,-22192.5451
2026-07-27 23:36:17,2355,7,2026-07-27 23:32:32,-32259.5869,7454.0903,-32259.5869
2026-07-27 23:36:17,2359,3,2026-07-24 20:50:14,-191266.842,48000.0,-188793.646
2026-07-27 23:36:17,2359,7,2026-07-27 23:02:21,-2856257.503,8449.372,-2853445.543
2026-07-27 23:36:17,2364,2,2026-07-27 14:03:55,-348920.879,50364.4107,-348437.6722
2026-07-27 23:36:17,2384,2,2026-07-25 08:43:11,-26288.0,967.618,-26288.0
2026-07-27 23:36:17,2384,3,2026-06-23 07:29:35,-39429.606,0.0,-35855.326
2026-07-27 23:36:17,2384,7,2026-07-27 23:32:40,-200508.0041,15484.152,-197585.8981
2026-07-27 23:36:17,2384,10,2026-06-03 07:14:42,50116.43,0.0,51545.068
2026-07-27 23:36:17,2386,3,2026-07-24 20:40:22,-1851573.9051,24269.1688,-1866529.6358
2026-07-27 23:36:17,2386,7,2026-07-27 23:34:15,-240451.611,26856.1063,-240451.611
2026-07-27 23:36:17,2388,3,2026-07-27 23:33:01,-116890.3121,-84.0797,-116890.3121
2026-07-27 23:36:17,2388,7,2026-07-27 22:21:42,-293795.6712,3208.9906,-298037.9491
2026-07-27 23:36:17,2390,3,2026-07-24 17:07:47,429349.6438,12323.2963,434625.1347
2026-07-27 23:36:17,2390,7,2026-07-27 22:30:03,552278.6501,6779.5097,552278.6501
2026-07-27 23:36:17,2391,3,2026-06-09 13:00:35,35339.607,0.0,35339.607
2026-07-27 23:36:17,2391,7,2026-07-27 21:31:28,207530.988,1365.757,220873.445
2026-07-27 23:36:17,2394,2,2026-07-27 22:53:07,600383.9817,66831.8585,600383.9817
2026-07-27 23:36:17,2394,3,2026-07-27 22:02:11,35461.8899,19348.9861,35461.8899
2026-07-27 23:36:17,2394,7,2026-07-22 14:09:39,-52072.8814,96.7149,-40749.9857
2026-07-27 23:36:17,2394,10,2026-06-03 07:15:34,9039.8697,0.0,9093.2246
2026-07-27 23:36:17,2408,2,2026-07-27 12:42:01,443633.655,449.61,458462.834
2026-07-27 23:36:17,2408,3,2026-06-25 08:20:05,2582.278,0.0,2582.278
2026-07-27 23:36:17,2408,7,2026-07-27 17:36:15,168034.351,27.519,182147.53
2026-07-27 23:36:17,2416,2,2026-07-27 18:07:36,167185.453,0.015,173184.759
2026-07-27 23:36:17,2417,3,2026-06-24 21:44:46,7651.257,0.0,7651.257
2026-07-27 23:36:17,2417,7,2026-07-27 23:26:51,309240.682,7514.546,319821.896
2026-07-27 23:36:17,2446,3,2026-06-03 08:46:32,297.62,0.0,297.62
2026-07-27 23:36:17,2446,7,2026-07-27 23:23:18,27963.197,5447.07,27963.197
2026-07-27 23:36:17,2454,2,2026-07-27 23:33:42,-1557495.7706,2820.6061,-1557495.7706
2026-07-27 23:36:17,2454,10,2026-06-03 07:16:12,-19546.8479,0.0,-7065.1059
2026-07-27 23:36:17,2455,3,2026-06-25 11:49:24,-27258.4132,0.0,-27258.4132
2026-07-27 23:36:17,2455,7,2026-07-27 18:38:22,16115.9503,118.6715,4362.5839
2026-07-27 23:36:17,2456,2,2026-07-27 19:53:32,303146.2144,818.0642,319523.7521
2026-07-27 23:36:17,2456,3,2026-07-27 23:31:14,50191.2616,4039.4552,51379.4645
2026-07-27 23:36:17,2457,3,2026-06-29 17:15:03,39649.4768,0.0,39649.4768
2026-07-27 23:36:17,2457,7,2026-07-27 21:19:56,1360.6991,3900.0703,4816.6934
2026-07-27 23:36:17,2459,3,2026-06-03 08:23:30,-99659.0222,0.0,-99659.0222
2026-07-27 23:36:17,2459,7,2026-07-27 19:06:18,-1525234.2354,3145.7206,-1523912.2153
2026-07-27 23:36:17,2476,3,2026-06-03 06:00:57,283.8138,0.0,283.8138
2026-07-27 23:36:17,2476,7,2026-07-27 23:32:15,-101447.9011,16079.967,-90615.5212
2026-07-27 23:36:17,2482,2,2026-07-27 20:54:12,-42881.2578,3858.8849,-42160.2791
2026-07-27 23:36:17,2482,3,2026-07-27 21:44:14,2174478.8596,4894.1227,2174399.886
2026-07-27 23:36:17,2482,7,2025-03-13 16:03:26,-188.0,0.0,-188.0
2026-07-27 23:36:17,2486,3,2026-06-25 08:30:15,-35938.9957,0.0,-35938.9957
2026-07-27 23:36:17,2486,7,2026-07-27 16:17:25,-226096.4058,7926.7436,-218381.0368
2026-07-27 23:36:17,2487,2,2026-07-27 22:53:55,-117229.036,19955.5851,-117229.036
2026-07-27 23:36:17,2487,3,2026-06-08 10:58:33,-31579.9725,0.0,-18590.3645
2026-07-27 23:36:17,2487,7,2026-07-26 18:49:58,-21398.6182,376.8039,-21398.6182
2026-07-27 23:36:17,2487,10,2026-06-03 07:14:10,1420.3818,0.0,1420.3818
2026-07-27 23:36:17,2489,3,2026-06-25 07:34:49,47771.3544,0.0,47771.3544
2026-07-27 23:36:17,2489,7,2026-07-27 17:30:43,209667.3401,356.0088,195490.3961
2026-07-27 23:36:17,2499,3,2026-07-01 02:45:43,-142208.257,-16.51,-142208.257
2026-07-27 23:36:17,2499,7,2026-07-27 23:26:31,-998477.9596,12826.4707,-951678.2479
2026-07-27 23:36:17,2500,2,2026-07-27 16:10:23,177370.2946,27084.0951,179748.8519
2026-07-27 23:36:17,2500,3,2026-07-27 21:58:41,15530.9894,10275.0986,24763.9841
2026-07-27 23:36:17,2500,7,2026-06-03 08:14:04,0.0,0.0,0.0
2026-07-27 23:36:17,2502,2,2026-07-27 18:36:00,-88135.7428,9856.1867,-97872.1164
2026-07-27 23:36:17,2502,3,2026-07-27 20:57:00,3305347.0329,634.6482,3295668.6234
2026-07-27 23:36:17,2505,3,2026-06-18 16:41:17,28705.308,0.0,28705.308
2026-07-27 23:36:17,2505,7,2026-07-27 23:24:07,-178857.799,4723.166,-182950.213
2026-07-27 23:36:17,2514,2,2026-07-27 16:57:57,223825.2691,100.858,229798.4894
2026-07-27 23:36:17,2514,3,2026-07-27 18:19:40,162688.3841,1483.4374,166950.4876
2026-07-27 23:36:17,2515,2,2026-07-27 15:16:28,-6104.6514,7881.8439,-11517.9691
2026-07-27 23:36:17,2517,2,2026-07-27 22:58:21,19244.2049,3179.8206,19244.2049
2026-07-27 23:36:17,2517,3,2026-07-07 01:35:34,15839.2165,0.0,15839.2165
2026-07-27 23:36:17,2517,7,2026-07-26 09:01:26,-260115.0816,314.7964,-260115.0816
2026-07-27 23:36:17,2517,10,2026-06-03 07:30:55,313916.0651,0.0,313916.0651
2026-07-27 23:36:17,2519,3,2026-06-09 23:04:12,71888.333,0.0,71888.333
2026-07-27 23:36:17,2519,7,2026-07-27 21:35:57,43985.695,19232.96,43819.737
2026-07-27 23:36:17,2522,3,2026-06-24 20:02:58,-20010.7907,0.0,-20010.7907
2026-07-27 23:36:17,2522,7,2026-07-27 23:32:22,-129733.5809,3894.5494,-128589.0696
2026-07-27 23:36:17,2523,3,2026-06-25 08:57:58,-126426.8077,0.0,-126426.8077
2026-07-27 23:36:17,2523,7,2026-07-27 19:44:56,-1095289.7584,28.1765,-1103904.3839
2026-07-27 23:36:17,2525,3,2026-06-23 11:45:38,14081.7863,0.0,14081.7863
2026-07-27 23:36:17,2525,7,2026-07-27 21:35:03,-101907.1555,6750.1896,-100180.7173
2026-07-27 23:36:17,2528,2,2026-07-27 22:04:51,93835.5723,16287.6661,94838.8704
2026-07-27 23:36:17,2528,3,2026-07-27 21:50:08,152554.7458,6274.5885,160432.8008
2026-07-27 23:36:17,2528,7,2026-06-03 06:20:28,0.0,0.0,0.0
2026-07-27 23:36:17,2531,2,2026-07-27 19:15:50,573653.8866,1043.8981,599189.9942
2026-07-27 23:36:17,2531,3,2026-07-27 23:27:36,960987.7894,27369.5777,965596.4791
2026-07-27 23:36:17,2535,3,2026-07-27 00:35:33,-257751.93,1059.1845,-256913.8284
2026-07-27 23:36:17,2535,7,2026-07-27 23:30:55,-418049.9207,4053.6442,-420019.1989
2026-07-27 23:36:17,2537,2,2026-07-27 17:45:02,-7503.3221,545.4064,-6100.5408
2026-07-27 23:36:17,2537,3,2026-07-25 15:32:39,49487.9893,681.6203,51036.9476
2026-07-27 23:36:17,2543,2,2026-07-27 10:50:45,367918.727,10125.532,373834.202
2026-07-27 23:36:17,2543,3,2026-06-25 06:59:27,253598.678,0.0,253598.678
2026-07-27 23:36:17,2543,7,2026-07-27 14:03:28,543031.4398,0.805,567668.9238
2026-07-27 23:36:17,2547,3,2026-06-23 08:13:01,-16749.9405,0.0,-15354.2997
2026-07-27 23:36:17,2547,7,2026-07-27 22:37:17,-308771.1233,878.5074,-292877.5902
2026-07-27 23:36:17,2548,2,2026-07-27 20:24:55,-203247.3717,45.9698,-203247.3717
2026-07-27 23:36:17,2548,10,2026-06-03 07:47:18,-32394.4783,0.0,-33467.9713
2026-07-27 23:36:17,2551,2,2026-07-27 23:25:08,-276803.8407,378.9734,-244014.0613
2026-07-27 23:36:17,2551,3,2026-07-27 23:25:07,-2430477.9198,22144.5909,-2318344.2897
2026-07-27 23:36:17,2552,3,2026-06-29 10:58:04,-40068.729,0.0,-46055.7694
2026-07-27 23:36:17,2552,7,2026-07-27 22:36:00,55759.6041,7823.2496,56721.3545
2026-07-27 23:36:17,2555,2,2026-07-27 18:39:56,-71344.4548,354.4243,-64721.8234
2026-07-27 23:36:17,2555,3,2026-06-24 19:57:23,-19366.0531,0.0,-19366.0531
2026-07-27 23:36:17,2555,7,2026-07-27 22:22:27,-220302.0916,418.5003,-218771.9552
2026-07-27 23:36:17,2556,3,2026-06-25 08:25:06,29849.4677,0.0,29849.4677
2026-07-27 23:36:17,2556,7,2026-07-27 14:37:31,145848.578,4430.7682,146220.3385
2026-07-27 23:36:17,2559,2,2026-07-27 19:04:14,236259.44,1015.7073,239875.5074
2026-07-27 23:36:17,2559,3,2026-07-27 22:01:47,75907.8293,10201.7213,76826.1866
2026-07-27 23:36:17,2559,7,2026-06-03 08:00:22,0.0,0.0,0.0
2026-07-27 23:36:17,2564,2,2026-07-27 23:34:17,-111071.2861,1070.0263,-107261.7052
2026-07-27 23:36:17,2564,3,2026-07-26 15:30:43,234603.2198,26.7227,237102.027
2026-07-27 23:36:17,2564,7,2026-07-27 23:33:22,-67114.5425,2334.9763,-58128.2239
2026-07-27 23:36:17,2567,2,2026-07-24 13:40:45,-971186.8065,278.516,-966695.7753
2026-07-27 23:36:17,2567,10,2026-06-03 08:57:48,-0.048,0.0,-0.048
2026-07-27 23:36:17,2571,2,2026-07-27 17:34:25,36279.6301,206.0003,36279.6301
2026-07-27 23:36:17,2571,3,2026-07-27 23:10:52,-12175.2986,16000.0,-12175.2986
2026-07-27 23:36:17,2571,7,2026-07-27 21:34:18,-401.8732,-15663.1266,-401.8732
2026-07-27 23:36:17,2571,10,2026-06-03 08:48:36,3282.92,0.0,3282.92
2026-07-27 23:36:17,2577,2,2026-07-27 21:18:29,-1387256.2253,21994.5487,-1387256.2253
2026-07-27 23:36:17,2578,2,2026-07-27 21:44:40,483615.2387,338.2611,485960.6077
2026-07-27 23:36:17,2584,3,2026-06-03 08:11:41,0.0,0.0,0.0
2026-07-27 23:36:17,2584,7,2026-07-27 20:38:47,-71817.9829,18455.922,-71163.9829
2026-07-27 23:36:17,2585,3,2026-07-26 17:22:25,-567147.7163,-517.2952,-563378.9392
2026-07-27 23:36:17,2585,7,2026-07-27 22:38:43,-676659.0437,20756.282,-663479.8435
2026-07-27 23:36:17,2590,3,2026-06-03 06:07:28,49948.16,0.0,49948.16
2026-07-27 23:36:17,2590,7,2026-07-27 23:34:05,-86661.18,4169.06,-86661.18
2026-07-27 23:36:17,2592,3,2026-06-03 08:32:59,-9599.9015,0.0,-9599.9015
2026-07-27 23:36:17,2592,7,2026-07-27 23:32:45,273719.8026,7721.6885,285682.1018
2026-07-27 23:36:17,2593,3,2026-06-03 08:48:31,-260092.2651,0.0,-260092.2651
2026-07-27 23:36:17,2593,7,2026-07-27 18:35:36,-4512841.7105,94672.4539,-4563159.3292
2026-07-27 23:36:17,2595,2,2026-07-26 12:57:20,-224382.311,559.6726,-224490.3506
2026-07-27 23:36:17,2595,3,2026-07-01 23:08:31,-33957.2315,0.0,-33957.2315
2026-07-27 23:36:17,2595,7,2026-07-27 21:44:19,-43952.7413,5881.5845,-43933.0463
2026-07-27 23:36:17,2597,3,2026-06-24 23:23:29,44695.738,0.0,44695.738
2026-07-27 23:36:17,2597,7,2026-07-27 15:35:36,168100.677,57.082,177712.886
2026-07-27 23:36:17,2598,3,2026-06-24 15:17:29,32099.5939,0.0,32099.5939
2026-07-27 23:36:17,2598,7,2026-07-27 12:41:31,-127965.3136,6021.6917,-127907.3176
2026-07-27 23:36:17,2600,2,2026-07-27 23:25:08,14803.7495,10025.8295,-9594.9977
2026-07-27 23:36:17,2601,2,2026-07-27 18:47:00,204582.6622,1633.9604,206398.2162
2026-07-27 23:36:17,2601,3,2026-07-27 19:21:59,232655.97,11227.9543,236827.591
2026-07-27 23:36:17,2603,2,2026-07-27 11:04:15,14308.5656,5278.0251,14867.3667
2026-07-27 23:36:17,2603,3,2026-07-27 21:58:23,10888.5571,15504.137,19034.2785
2026-07-27 23:36:17,2603,7,2026-06-03 08:16:02,0.0,0.0,0.0
2026-07-27 23:36:17,2605,2,2026-07-27 16:13:43,775262.1639,854.2176,776410.3142
2026-07-27 23:36:17,2605,3,2026-07-27 11:50:38,35363.599,179.9367,35569.28
2026-07-27 23:36:17,2605,7,2026-07-27 20:56:13,59451.2742,1233.0592,59450.6679
2026-07-27 23:36:17,2610,3,2026-06-23 18:55:37,-102161.9466,0.0,-102161.9466
2026-07-27 23:36:17,2610,7,2026-07-27 23:00:28,-667002.8549,8624.5618,-665902.7759
2026-07-27 23:36:17,2615,3,2026-06-24 16:18:24,23818.6397,0.0,23818.6397
2026-07-27 23:36:17,2615,7,2026-07-27 14:46:06,308633.5633,5298.6085,301446.0063
2026-07-27 23:36:17,2617,3,2026-07-27 22:06:00,-622911.4895,2896.6111,-595707.668
2026-07-27 23:36:17,2618,2,2026-07-27 13:09:33,265748.3164,260.4982,270269.3647
2026-07-27 23:36:17,2618,3,2026-07-27 13:23:57,376240.219,800.6759,390514.8716
2026-07-27 23:36:17,2624,3,2026-07-07 18:26:02,32260.673,0.0,32260.673
2026-07-27 23:36:17,2624,7,2026-07-27 18:14:42,68123.9502,9772.2676,68123.9502
2026-07-27 23:36:17,2627,2,2026-07-27 11:19:30,-429072.8886,5705.5766,-426457.4062
2026-07-27 23:36:17,2627,3,2026-07-27 23:29:25,-80650.225,519.377,-80630.225
2026-07-27 23:36:17,2627,7,2026-07-27 23:34:10,-242066.9142,0.1528,-238229.9224
2026-07-27 23:36:17,2637,3,2026-07-26 20:30:13,-57136.74,648.25,-56585.74
2026-07-27 23:36:17,2637,7,2026-07-27 23:34:13,-220931.8,9066.32,-218711.96
2026-07-27 23:36:17,2640,2,2026-07-27 23:29:17,1144289.032,15402.302,1144288.711
2026-07-27 23:36:17,2640,3,2026-06-25 03:29:29,48476.868,0.0,48476.868
2026-07-27 23:36:17,2640,7,2026-07-27 23:30:54,264339.407,1702.94,264166.511
2026-07-27 23:36:17,2641,2,2026-07-27 19:13:41,-819612.9675,21.633,-817114.8168
2026-07-27 23:36:17,2642,2,2026-07-27 10:26:46,-547753.4285,314.1381,-534069.0825
2026-07-27 23:36:17,2643,2,2026-07-27 22:28:34,174137.5182,451.3575,180625.2136
2026-07-27 23:36:17,2643,3,2026-07-02 12:19:33,-1946.3247,-161.632,-1946.3247
2026-07-27 23:36:17,2643,7,2026-07-27 21:28:17,165745.4241,306.8889,165744.7897
2026-07-27 23:36:17,2644,2,2026-07-27 18:56:30,-333008.9799,624.1537,-330777.9799
2026-07-27 23:36:17,2644,3,2026-07-26 18:38:32,-963335.5869,47.1831,-961001.0714
2026-07-27 23:36:17,2644,7,2026-07-27 23:32:43,-1045651.325,17934.1395,-1045792.4486
2026-07-27 23:36:17,2645,3,2026-07-27 20:23:35,-935609.0428,41105.8549,-917696.7377
2026-07-27 23:36:17,2646,2,2026-07-27 20:03:06,-242734.9319,16335.0762,-242270.5042
2026-07-27 23:36:17,2646,3,2026-07-27 19:01:01,-275871.8039,2676.5012,-275443.3027
2026-07-27 23:36:17,2646,7,2026-06-03 06:17:12,0.0,0.0,0.0
2026-07-27 23:36:17,2647,2,2026-07-26 13:24:17,-585117.7023,2453.923,-585117.7023
2026-07-27 23:36:17,2647,10,2026-06-03 06:14:35,1455.0785,0.0,1428.2484
2026-07-27 23:36:17,2657,3,2026-06-25 10:16:36,94139.9814,0.0,94139.9814
2026-07-27 23:36:17,2657,7,2026-07-27 17:35:36,752788.4249,20600.7798,750536.4189
2026-07-27 23:36:17,2668,2,2026-07-27 23:17:39,-142433.9012,19570.7476,-140101.2076
2026-07-27 23:36:17,2668,3,2026-06-03 08:09:35,85204.4639,0.0,85204.4639
2026-07-27 23:36:17,2668,7,2026-07-26 21:22:11,-77559.0609,446.0822,-75655.2826
2026-07-27 23:36:17,2670,3,2026-07-27 23:10:36,-65917.2996,15657.6683,-64316.5064
2026-07-27 23:36:17,2675,3,2026-07-27 19:51:27,-2096221.3871,5757.1631,-2068654.2107
2026-07-27 23:36:17,2677,3,2026-07-15 16:21:55,119828.9504,0.0,119828.9504
2026-07-27 23:36:17,2677,7,2026-07-27 21:59:37,-245217.3239,1624.0215,-98593.3237
2026-07-27 23:36:17,2688,2,2026-07-27 11:14:33,243588.1716,9640.2332,236529.0974
2026-07-27 23:36:17,2688,3,2026-07-27 23:32:02,9451.405,6968.0028,4275.35
2026-07-27 23:36:17,2688,7,2026-07-27 18:45:50,71488.134,5887.1073,71488.134
2026-07-27 23:36:17,2689,3,2026-07-03 08:01:28,-96635.0735,0.0,-89520.9913
2026-07-27 23:36:17,2689,7,2026-07-27 22:18:32,85402.9297,567.8001,85574.9712
2026-07-27 23:36:17,2697,2,2026-07-27 20:39:35,191415.482,63668.07,211764.032
2026-07-27 23:36:17,2697,3,2026-06-24 21:59:09,8790.341,0.0,8790.341
2026-07-27 23:36:17,2697,7,2026-07-27 11:49:51,405921.028,11770.52,415916.506
2026-07-27 23:36:17,2698,2,2026-07-27 23:24:52,-215329.0817,2976.7118,-215329.0817
2026-07-27 23:36:17,2698,3,2026-07-01 00:35:16,16519.7515,0.0,16342.3738
2026-07-27 23:36:17,2698,7,2026-07-27 23:24:53,-90370.408,25913.2369,-90395.0812
2026-07-27 23:36:17,2698,10,2026-06-03 07:51:18,45085.3121,0.0,45001.2993
2026-07-27 23:36:17,2704,3,2026-07-27 23:30:37,-135451.956,7911.9609,-134561.0514
2026-07-27 23:36:17,2706,2,2026-07-27 23:33:54,427359.3938,14851.616,427359.3938
2026-07-27 23:36:17,2706,3,2026-06-03 05:15:51,65137.2927,0.0,65137.2927
2026-07-27 23:36:17,2706,7,2026-07-27 23:33:39,1673053.7105,38190.9401,1672717.3752
2026-07-27 23:36:17,2706,10,2026-06-23 21:11:40,131873.9504,0.0,147964.1549
2026-07-27 23:36:17,2711,2,2026-07-25 08:05:27,393003.4858,6.3825,393003.4858
2026-07-27 23:36:17,2711,3,2026-07-18 11:17:08,66391.2991,0.0,66391.2991
2026-07-27 23:36:17,2711,7,2026-07-25 10:22:36,58424.4231,72.1358,58424.4231
2026-07-27 23:36:17,2711,10,2026-06-03 07:01:45,161337.5346,0.0,165205.2857
2026-07-27 23:36:17,2718,3,2026-07-27 12:30:45,-668845.195,417.0207,-657169.9087
2026-07-27 23:36:17,2718,7,2025-03-13 16:03:26,724.0,0.0,724.0
2026-07-27 23:36:17,2722,2,2026-07-27 20:23:56,459450.7609,972.1928,460458.4417
2026-07-27 23:36:17,2722,3,2026-07-27 22:13:17,376243.7504,5167.9684,398174.4173
2026-07-27 23:36:17,2722,7,2026-06-03 06:10:37,0.0,0.0,0.0
2026-07-27 23:36:17,2722,10,2026-06-03 06:10:37,0.0,0.0,0.0
2026-07-27 23:36:17,2724,2,2026-07-27 23:27:36,25791.383,4858.84,25791.383
2026-07-27 23:36:17,2724,3,2026-06-03 08:22:13,-104485.854,0.0,-104485.854
2026-07-27 23:36:17,2724,7,2026-07-27 23:32:33,-57552.772,16477.08,-69321.719
2026-07-27 23:36:17,2724,10,2026-06-03 08:22:13,225230.9399,0.0,228771.3899
2026-07-27 23:36:17,2727,2,2026-07-27 20:08:29,9617.7018,7004.4152,186080.0514
2026-07-27 23:36:17,2727,3,2026-07-27 20:10:29,55764.0057,447.4508,438257.3014
2026-07-27 23:36:17,2729,2,2026-07-27 15:52:41,231346.638,3.67,242974.808
2026-07-27 23:36:17,2729,3,2026-06-25 05:19:07,16382.759,0.0,16382.759
2026-07-27 23:36:17,2729,7,2026-07-27 19:30:06,369846.841,158.746,379304.062
2026-07-27 23:36:17,2740,3,2026-06-03 08:50:37,16000.0,0.0,16000.0
2026-07-27 23:36:17,2740,7,2026-07-27 15:16:00,-304231.4109,3511.5358,-303036.5599
2026-07-27 23:36:17,2743,3,2026-06-03 08:33:58,1153.781,0.0,1153.781
2026-07-27 23:36:17,2743,7,2026-07-27 23:33:45,22150.178,9124.069,55634.732
2026-07-27 23:36:17,2744,2,2026-07-27 23:33:46,85659.785,18532.7,85659.785
2026-07-27 23:36:17,2744,10,2026-07-08 14:32:58,218138.5457,0.0,221000.9654
2026-07-27 23:36:17,2747,2,2026-07-27 23:12:26,-96978.14,664.71,-96978.14
2026-07-27 23:36:17,2747,10,2026-07-02 10:56:28,1516.166,0.0,17299.24
2026-07-27 23:36:17,2753,2,2026-07-27 16:02:23,-396593.5261,12864.7712,-396586.5381
2026-07-27 23:36:17,2754,3,2026-06-19 15:45:48,61551.902,0.0,61551.902
2026-07-27 23:36:17,2754,7,2026-07-27 23:33:25,-118028.837,19832.149,-108482.525
2026-07-27 23:36:17,2760,3,2026-07-20 18:41:06,-9222.314,15000.0,-9222.314
2026-07-27 23:36:17,2760,7,2026-07-27 23:23:35,178545.904,36330.69,178545.904
2026-07-27 23:36:17,2763,2,2026-07-27 23:14:52,-16225.2862,680.7279,-16366.2864
2026-07-27 23:36:17,2763,3,2026-06-25 17:12:54,-4707.1257,0.0,-4707.1257
2026-07-27 23:36:17,2763,7,2026-07-27 23:24:23,57786.8915,6326.7753,57735.6121
2026-07-27 23:36:17,2768,3,2026-06-03 08:23:19,18909.168,0.0,18909.168
2026-07-27 23:36:17,2768,7,2026-07-27 23:30:42,1795214.815,1238.281,1795214.525
2026-07-27 23:36:17,2769,2,2026-07-27 20:32:35,252710.7155,23915.0046,252407.0442
2026-07-27 23:36:17,2770,3,2026-06-03 08:28:44,-25546.363,0.0,-25546.363
2026-07-27 23:36:17,2770,7,2026-07-27 23:29:56,303303.884,9503.451,311022.753
2026-07-27 23:36:17,2773,2,2026-07-27 23:32:47,717790.2821,35634.23,717790.2821
2026-07-27 23:36:17,2773,3,2026-06-03 08:42:23,-22079.269,0.0,-22079.269
2026-07-27 23:36:17,2773,7,2026-07-27 23:32:47,1098101.598,10427.439,1098996.372
2026-07-27 23:36:17,2773,10,2026-07-04 16:39:54,428596.1948,0.0,421326.1948
2026-07-27 23:36:17,2781,2,2026-07-27 22:06:11,290031.4362,2145.8,290031.4362
2026-07-27 23:36:17,2781,3,2026-06-09 16:13:39,75539.087,0.0,75539.087
2026-07-27 23:36:17,2781,7,2026-07-27 23:32:19,91634.898,14456.22,91634.668
2026-07-27 23:36:17,2781,10,2026-06-03 08:39:47,84378.2339,0.0,85984.939
2026-07-27 23:36:17,2782,3,2026-06-24 19:55:29,1884.7004,0.0,1884.7004
2026-07-27 23:36:17,2782,7,2026-07-27 22:00:41,84139.0616,2807.3911,84355.1738
2026-07-27 23:36:17,2786,2,2026-07-27 17:44:29,25684.5649,15915.8422,32125.2906
2026-07-27 23:36:17,2786,3,2026-06-25 18:56:27,-28181.3919,0.0,-28181.3919
2026-07-27 23:36:17,2786,7,2026-07-27 18:44:05,414597.1214,486.2389,417033.971
2026-07-27 23:36:17,2789,2,2026-07-27 17:02:43,119568.9334,155.9028,118989.6725
2026-07-27 23:36:17,2789,3,2026-06-25 08:42:03,32230.3415,0.0,32230.3415
2026-07-27 23:36:17,2789,7,2026-07-27 20:28:08,108245.7753,97.3557,110328.4001
2026-07-27 23:36:17,2792,3,2026-06-03 08:30:14,0.0,0.0,0.0
2026-07-27 23:36:17,2792,7,2026-07-27 20:54:50,-238747.147,5413.6715,-238747.147
2026-07-27 23:36:17,2793,2,2026-07-27 18:08:32,22273.0896,6325.992,22273.0896
2026-07-27 23:36:17,2793,10,2026-06-03 00:52:18,78915.1501,0.0,78915.1501
2026-07-27 23:36:17,2794,2,2026-07-27 18:41:11,456603.3551,629.1434,458369.9464
2026-07-27 23:36:17,2794,3,2026-06-25 11:19:21,69946.7438,0.0,69946.7438
2026-07-27 23:36:17,2794,7,2026-07-27 22:46:05,436782.8211,257.0907,438225.3463
2026-07-27 23:36:17,2800,2,2026-07-27 20:57:56,362079.557,133.306,362676.757
2026-07-27 23:36:17,2800,3,2026-06-24 21:36:33,27274.349,0.0,27274.349
2026-07-27 23:36:17,2800,7,2026-07-27 15:08:15,241781.345,138.907,248387.175
2026-07-27 23:36:17,2803,2,2026-07-27 14:43:20,-810379.409,2828.94,-810379.409
2026-07-27 23:36:17,2803,10,2026-06-03 08:28:50,6582.141,0.0,6478.519
2026-07-27 23:36:17,2804,2,2026-07-27 11:00:19,11934.9381,4190.4693,17074.3806
2026-07-27 23:36:17,2804,3,2026-07-27 19:44:13,287852.6418,-3.9479,299258.764
2026-07-27 23:36:17,2804,7,2026-07-26 21:20:10,28685.7998,12022.1068,28685.7998
2026-07-27 23:36:17,2805,2,2026-07-27 23:07:49,-149500.2,12627.4,-149500.2
2026-07-27 23:36:17,2805,10,2026-06-03 08:04:14,92405.9332,0.0,80102.1592
2026-07-27 23:36:17,2808,2,2026-07-25 23:03:07,-553730.0225,36.9,-553730.0225
2026-07-27 23:36:17,2808,10,2026-06-03 08:45:00,101684.8878,0.0,79419.6098
2026-07-27 23:36:17,2821,2,2026-07-27 13:04:22,15199.8553,13792.9497,31979.1375
2026-07-27 23:36:17,2821,3,2026-07-27 17:39:18,85935.4997,5057.8822,93030.0936
2026-07-27 23:36:17,2821,10,2026-06-03 07:23:51,0.0,0.0,0.0
2026-07-27 23:36:17,2822,2,2026-07-27 14:37:34,21484.307,2612.095,38220.7751
2026-07-27 23:36:17,2822,3,2026-07-27 15:55:46,370176.3609,17113.3155,385814.7682
2026-07-27 23:36:17,2824,2,2026-07-27 11:31:24,134642.0998,2009.9392,134642.0998
2026-07-27 23:36:17,2824,3,2026-07-19 08:02:40,34803.699,0.0,34803.699
2026-07-27 23:36:17,2824,7,2026-07-26 14:22:35,235959.7653,533.5568,235958.7653
2026-07-27 23:36:17,2824,10,2026-06-03 07:14:15,93172.0173,0.0,93172.0173
2026-07-27 23:36:17,2825,2,2026-07-27 19:10:03,-103425.73,417.5661,-102188.8815
2026-07-27 23:36:17,2825,3,2026-07-27 23:07:26,-328416.5778,17046.2821,-314960.8446
2026-07-27 23:36:17,2829,2,2026-07-25 13:10:58,138283.1869,57.1412,138283.1869
2026-07-27 23:36:17,2829,3,2026-06-24 07:57:10,11077.1089,0.0,11077.1089
2026-07-27 23:36:17,2829,7,2026-07-26 17:16:58,65137.1657,1107.4434,65137.1657
2026-07-27 23:36:17,2833,2,2026-07-26 22:25:38,287800.3211,20800.0,287800.3211
2026-07-27 23:36:17,2833,3,2026-07-19 12:40:04,153270.4325,-6951.7805,153270.4325
2026-07-27 23:36:17,2833,7,2026-07-27 20:05:27,408222.3345,127548.2888,424607.2395
2026-07-27 23:36:17,2833,10,2026-06-03 00:54:55,31780.001,0.0,31779.4074
2026-07-27 23:36:17,2856,3,2026-06-25 08:13:11,2733.8571,0.0,2733.8571
2026-07-27 23:36:17,2856,7,2026-07-26 08:34:19,34840.3472,298.8913,34900.573
2026-07-27 23:36:17,2857,2,2026-07-27 13:42:59,-77149.3147,2174.89,-77629.1939
2026-07-27 23:36:17,2857,3,2026-07-27 17:27:07,-160241.975,2401.01,-158757.0297
2026-07-27 23:36:17,2866,2,2026-07-27 22:22:42,-156025.9209,971.199,-152750.3589
2026-07-27 23:36:17,2877,3,2026-06-25 08:58:56,163265.676,0.0,163265.676
2026-07-27 23:36:17,2877,7,2026-07-27 20:04:42,159231.806,132.58,159231.404
2026-07-27 23:36:17,2903,3,2026-07-27 21:52:04,-42252.0477,3871.5508,-31080.0354
2026-07-27 23:36:17,2911,2,2026-07-27 23:33:38,-196883.47,34333.55,-160141.53
2026-07-27 23:36:17,2928,3,2026-07-16 11:01:39,489103.97,0.0,547799.6145
2026-07-27 23:36:17,2928,7,2026-07-27 11:46:25,4507727.4786,22237.3374,4507727.4786
2026-07-27 23:36:17,2929,3,2026-06-03 08:14:32,0.0398,0.0,0.0398
2026-07-27 23:36:17,2929,7,2026-07-27 21:57:24,77103.4979,5064.6605,79161.7724
2026-07-27 23:36:17,2931,2,2026-07-27 14:11:08,-400964.0849,104252.3765,-396010.6263
2026-07-27 23:36:17,2931,3,2026-06-21 12:31:45,-15527.2973,0.0,-12545.7635
2026-07-27 23:36:17,2931,7,2026-07-27 23:34:08,-220595.9903,1575.8429,-220595.9903
2026-07-27 23:36:17,2940,2,2026-07-27 12:26:51,-7807.6278,4211.84,-10027.9666
2026-07-27 23:36:17,2940,3,2026-07-27 21:31:26,-14785.7479,5449.2,-18020.0419
2026-07-27 23:36:17,2943,3,2026-07-10 06:51:31,-19289.3804,0.0,-19289.3804
2026-07-27 23:36:17,2943,7,2026-07-27 18:04:54,-663452.7694,3955.2847,-663452.7694
2026-07-27 23:36:17,2946,2,2026-07-27 19:28:00,187316.4017,1955.959,189633.0397
2026-07-27 23:36:17,2946,3,2026-06-03 06:26:53,0.0,0.0,0.0
2026-07-27 23:36:17,2946,7,2026-07-27 19:24:00,266267.3983,50703.217,267927.8783
2026-07-27 23:36:17,2950,2,2026-07-27 22:28:16,327961.9945,971.9626,327961.2545
2026-07-27 23:36:17,2950,3,2026-06-25 16:24:47,20615.5343,0.0,20615.5343
2026-07-27 23:36:17,2950,7,2026-07-27 23:00:52,205681.5859,5606.5998,205681.3209
2026-07-27 23:36:17,2954,2,2026-07-27 23:34:13,-339969.257,5898.292,-339949.609
2026-07-27 23:36:17,2954,3,2026-06-25 16:56:59,-1301.282,0.0,-1301.282
2026-07-27 23:36:17,2954,7,2026-07-27 23:32:53,-283420.297,10156.296,-281539.521
2026-07-27 23:36:17,2956,2,2026-07-27 18:08:37,-35737.3766,1944.1197,-35737.3766
2026-07-27 23:36:17,2956,10,2026-06-01 07:28:35,-17741.6375,0.0,24967.0104
2026-07-27 23:36:17,2957,2,2026-07-27 20:09:41,190443.1958,14836.9,190442.7244
2026-07-27 23:36:17,2957,3,2026-07-27 18:34:04,151659.8063,13811.25,162077.339
2026-07-27 23:36:17,2958,2,2026-07-27 00:05:27,127360.3382,1956.699,127360.3382
2026-07-27 23:36:17,2958,3,2026-06-03 07:14:11,310861.2153,0.0,310956.3434
2026-07-27 23:36:17,2958,7,2026-07-27 19:38:24,331766.637,16785.7246,348595.8132
2026-07-27 23:36:17,2958,10,2026-06-03 07:14:11,60435.569,0.0,60704.569
2026-07-27 23:36:17,2959,3,2026-06-25 14:04:50,-31808.5916,0.0,-31808.5916
2026-07-27 23:36:17,2959,7,2026-07-27 17:54:09,-135235.1807,4598.7286,-132924.1836
2026-07-27 23:36:17,2960,3,2026-07-27 22:04:50,4648.8667,2403.5373,4919.3213
2026-07-27 23:36:17,2974,2,2026-07-27 14:31:59,-686631.8748,6945.51,-688138.0715
2026-07-27 23:36:17,2974,3,2026-07-27 16:19:52,-244984.8536,5106.62,-240313.2797
2026-07-27 23:36:17,2974,7,2026-07-17 12:48:06,-260699.3893,0.0,-260699.3893
2026-07-27 23:36:17,2977,3,2026-07-27 16:55:31,114045.0205,9.0779,114822.6337
2026-07-27 23:36:17,2977,7,2026-07-26 21:22:29,33076.9183,-1.623,33076.9183
2026-07-27 23:36:17,2979,2,2026-07-27 23:29:11,-1731887.8345,10845.87,-1730640.8819
2026-07-27 23:36:17,2979,3,2026-07-27 23:32:03,-740573.7653,26463.22,-621119.8107
2026-07-27 23:36:17,2981,2,2026-07-27 22:59:01,-1191338.5434,26351.38,-1169660.3714
2026-07-27 23:36:17,2982,2,2026-07-27 15:51:49,-230169.823,5048.8528,-228146.4484
2026-07-27 23:36:17,2982,3,2026-07-27 21:54:47,-255042.2387,7950.8427,-259059.5636
2026-07-27 23:36:17,2982,7,2026-06-03 08:35:10,0.0,0.0,0.0
2026-07-27 23:36:17,2989,3,2026-07-09 18:20:00,-22293.61,-25730.48,-22293.61
2026-07-27 23:36:17,2989,7,2026-07-27 23:23:17,536866.4645,275389.39,536886.2215
2026-07-27 23:36:17,2996,3,2026-06-03 06:57:36,7527.75,0.0,7527.75
2026-07-27 23:36:17,2996,7,2026-07-27 21:01:56,1207108.987,13057.538,1211201.354
2026-07-27 23:36:17,3005,3,2026-06-25 09:44:56,17302.543,0.0,17302.543
2026-07-27 23:36:17,3005,7,2026-07-27 17:36:46,218601.324,491.729,227059.563
2026-07-27 23:36:17,3011,2,2026-07-23 14:55:52,494498.6113,2968.406,914498.6113
2026-07-27 23:36:17,3011,10,2026-06-03 08:45:02,268421.73,0.0,342391.838
2026-07-27 23:36:17,3013,2,2026-07-27 20:41:05,-2137322.301,5977.83,-2137322.301
2026-07-27 23:36:17,3013,10,2026-06-03 06:06:23,18399.806,0.0,-4002.27
2026-07-27 23:36:17,3021,2,2026-07-27 11:35:35,-837430.2196,9585.62,-808907.4309
2026-07-27 23:36:17,3021,3,2026-06-19 12:30:06,-531276.7539,-21001.8,-455174.6524
2026-07-27 23:36:17,3021,7,2026-07-27 20:53:43,45915.28,71254.53,45915.28
2026-07-27 23:36:17,3023,2,2026-07-27 22:41:07,-148594.6348,5692.1973,-148594.6348
2026-07-27 23:36:17,3023,3,2026-06-03 00:07:17,0.0,0.0,0.0
2026-07-27 23:36:17,3023,7,2026-07-27 22:11:09,-361267.0606,19132.5603,-361267.0606
2026-07-27 23:36:17,3032,2,2026-07-27 21:55:25,376117.705,39302.089,379210.335
2026-07-27 23:36:17,3040,2,2026-07-27 10:31:41,-1278476.8081,905.6531,-1278476.8081
2026-07-27 23:36:17,3040,10,2026-06-03 00:19:48,24844.0888,0.0,24844.0888
2026-07-27 23:36:17,3044,3,2025-07-04 06:41:44,52895.8553,0.0,52895.8553
2026-07-27 23:36:17,3044,7,2026-07-27 21:13:54,-15310.8354,5199.0928,-5792.1873
2026-07-27 23:36:17,3050,3,2026-07-06 12:22:18,8883.4634,0.0,8883.4634
2026-07-27 23:36:17,3050,7,2026-07-27 23:32:58,187093.9448,3251.6657,192577.6037
2026-07-27 23:36:17,3055,2,2026-07-27 23:23:42,442048.471,12050.492,442123.427
2026-07-27 23:36:17,3055,3,2026-06-25 06:46:32,174080.895,0.0,174080.895
2026-07-27 23:36:17,3055,7,2026-07-27 23:32:45,264431.837,2281.832,265384.165
2026-07-27 23:36:17,3063,2,2026-07-27 12:57:35,-57303.656,583.606,-57202.752
2026-07-27 23:36:17,3063,10,2026-06-03 08:39:31,0.0,0.0,0.0
2026-07-27 23:36:17,3065,7,2026-07-27 23:03:15,96981.3519,1912.3477,96549.7898
2026-07-27 23:36:17,3066,2,2026-07-27 21:41:07,-851155.248,3000.006,-849690.44
2026-07-27 23:36:17,3066,3,2026-06-24 18:13:58,11149.276,0.0,11149.276
2026-07-27 23:36:17,3066,7,2026-07-27 17:22:10,-806104.468,283.606,-806029.519
2026-07-27 23:36:17,3073,3,2026-06-03 01:26:54,0.0,0.0,0.0
2026-07-27 23:36:17,3073,7,2026-07-27 17:04:22,56108.3986,7183.5325,62392.7476
2026-07-27 23:36:17,3074,3,2026-06-03 06:59:32,1181.469,0.0,1181.469
2026-07-27 23:36:17,3074,7,2026-07-27 20:21:39,-56164.142,3697.379,-56164.142
2026-07-27 23:36:17,3077,3,2026-07-25 09:49:46,33481.3319,12000.0,33481.3319
2026-07-27 23:36:17,3077,7,2026-07-27 13:02:32,112311.2107,36.4378,107007.4869
2026-07-27 23:36:17,3078,3,2026-07-27 22:57:59,94765.3233,8560.57,78445.9924
2026-07-27 23:36:17,3079,2,2026-07-25 14:36:25,-7751.807,3402.528,-7751.807
2026-07-27 23:36:17,3079,3,2026-06-03 07:50:16,-17758.478,0.0,-17758.478
2026-07-27 23:36:17,3079,7,2026-07-27 23:29:06,-312859.715,2021.051,-310126.824
2026-07-27 23:36:17,3079,10,2026-06-03 07:50:16,13182.864,0.0,31577.96
2026-07-27 23:36:17,3081,2,2026-07-27 21:21:33,264211.623,0.001,266105.894
2026-07-27 23:36:17,3081,3,2026-06-24 18:36:07,32555.297,0.0,32555.297
2026-07-27 23:36:17,3081,7,2026-07-27 18:20:12,200039.006,808.095,200039.274
2026-07-27 23:36:17,3083,3,2026-07-21 18:09:33,-123307.1355,91.954,-123307.1355
2026-07-27 23:36:17,3083,7,2026-07-26 11:21:16,-363380.4032,1596.2307,-354250.6685
2026-07-27 23:36:17,3086,3,2026-06-03 08:38:54,-155081.9824,0.0,-155081.9824
2026-07-27 23:36:17,3086,7,2026-07-27 18:29:07,6310666.9183,96379.9366,6393670.7648
2026-07-27 23:36:17,3087,3,2026-06-03 02:06:08,20929.3078,0.0,20929.3078
2026-07-27 23:36:17,3087,7,2026-07-27 23:32:18,-443071.9949,5365.7771,-443071.9603
2026-07-27 23:36:17,3090,3,2026-06-26 07:27:02,-126555.408,0.0,-126555.408
2026-07-27 23:36:17,3090,7,2026-07-27 21:40:32,-917048.327,9.981,-907653.236
2026-07-27 23:36:17,3095,3,2026-06-25 10:53:14,6216.626,0.0,6216.626
2026-07-27 23:36:17,3095,7,2026-07-27 15:59:52,511811.2066,9590.903,513823.7896
2026-07-27 23:36:17,3098,2,2026-07-27 20:32:15,-118768.248,12000.001,-117320.314
2026-07-27 23:36:17,3098,3,2026-06-25 08:05:21,-24585.612,0.0,-24585.612
2026-07-27 23:36:17,3098,7,2026-07-27 23:33:42,-145646.555,1134.102,-144417.59
2026-07-27 23:36:17,3099,3,2026-06-03 07:58:34,-228.814,0.0,-228.814
2026-07-27 23:36:17,3099,7,2026-07-27 23:33:11,-180095.468,24749.392,-165558.039
2026-07-27 23:36:17,3111,3,2026-07-02 15:59:16,-538581.846,0.0,-531173.1844
2026-07-27 23:36:17,3111,7,2026-07-27 23:24:19,-137869.56,13049.64,-137869.56
2026-07-27 23:36:17,3115,2,2026-07-27 17:08:14,-39846.601,33.756,-37035.558
2026-07-27 23:36:17,3115,3,2026-06-25 14:54:56,-41856.347,0.0,-41856.347
2026-07-27 23:36:17,3115,7,2026-07-27 20:45:37,-133608.904,12837.68,-124659.612
2026-07-27 23:36:17,3119,2,2026-07-27 21:40:26,3537.1455,1181.111,3514.5339
2026-07-27 23:36:17,3119,3,2026-07-27 21:04:50,-37955.7681,372.5525,-37482.0184
2026-07-27 23:36:17,3124,2,2026-07-27 10:09:29,-793151.4743,76.373,-802763.7263
2026-07-27 23:36:17,3133,2,2026-07-25 19:05:00,-976037.5672,281.0407,-975363.104
2026-07-27 23:36:17,3133,3,2026-06-25 11:36:24,-58078.6921,0.0,-58078.6921
2026-07-27 23:36:17,3133,7,2026-07-26 10:21:44,-939261.2276,3584.081,-933606.4924
2026-07-27 23:36:17,3134,3,2026-06-24 21:20:59,21035.599,0.0,21035.599
2026-07-27 23:36:17,3134,7,2026-07-27 12:36:30,259421.3569,5935.493,256511.1339
2026-07-27 23:36:17,3135,2,2026-07-27 10:13:34,844588.9404,328.338,863143.2654
2026-07-27 23:36:17,3135,3,2026-06-24 14:35:11,35328.842,0.0,35328.842
2026-07-27 23:36:17,3135,7,2026-07-27 15:29:27,157577.696,11944.051,159617.791
2026-07-27 23:36:17,3149,2,2026-07-27 21:54:03,141541.9582,4103.8945,143453.0772
2026-07-27 23:36:17,3149,3,2026-06-03 06:29:31,28900.0,0.0,28900.0
2026-07-27 23:36:17,3149,7,2026-07-27 19:08:21,417597.3483,22389.2035,419825.1973
2026-07-27 23:36:17,3158,2,2026-07-27 13:22:06,-19007.2765,1210.6248,-17745.0665
2026-07-27 23:36:17,3158,3,2026-06-25 21:46:05,32500.0,0.0,32500.0
2026-07-27 23:36:17,3158,7,2026-07-27 17:40:39,87795.7971,13147.1894,87795.7971
2026-07-27 23:36:17,3164,3,2026-07-27 20:32:50,-179650.4609,6713.7594,-173095.4494
2026-07-27 23:36:17,3170,2,2026-07-25 18:21:24,-572169.5161,35.1142,-570791.9014
2026-07-27 23:36:17,3185,2,2026-07-27 21:55:06,-88295.6566,1173.58,-82753.7026
2026-07-27 23:36:17,3186,7,2026-07-27 22:08:12,-165779.213,833.28,-161296.95
2026-07-27 23:36:17,3191,2,2026-07-26 16:58:39,-69433.2305,770.3436,-69433.2305
2026-07-27 23:36:17,3191,10,2026-06-03 06:12:56,-1961.1055,0.0,-1961.1055
2026-07-27 23:36:17,3192,7,2026-07-27 17:14:57,113571.1533,5712.2951,124642.6813
2026-07-27 23:36:17,3207,3,2026-06-03 07:05:01,19799.7891,0.0,19799.7891
2026-07-27 23:36:17,3207,7,2026-07-27 23:23:41,-1605056.207,29923.5268,-1605055.9963
2026-07-27 23:36:17,3211,7,2026-07-27 19:25:22,-286701.3671,8835.8799,-285283.9351
2026-07-27 23:36:17,3212,2,2026-07-27 22:20:50,-1444387.5109,8725.4629,-1422685.1969
2026-07-27 23:36:17,3212,3,2026-06-26 12:33:06,-66857.0031,0.0,-66857.0031
2026-07-27 23:36:17,3212,7,2026-07-27 22:04:36,-1231009.4042,5986.731,-1231293.4042
2026-07-27 23:36:17,3216,2,2026-07-25 13:58:26,36383.1099,1774.0265,36378.2979
2026-07-27 23:36:17,3218,3,2026-06-30 23:12:48,-529102.7963,0.0,-528663.7963
2026-07-27 23:36:17,3218,7,2026-07-27 22:18:44,-1882815.6577,22414.97,-1908881.9431
2026-07-27 23:36:17,3220,3,2026-07-25 21:54:54,-259594.7968,-3.2039,-259594.7968
2026-07-27 23:36:17,3220,7,2026-07-27 13:13:51,-664325.9926,7179.7564,-664325.9926
2026-07-27 23:36:17,3221,3,2026-07-18 13:56:38,-9248.826,0.0,-9248.826
2026-07-27 23:36:17,3221,7,2026-07-27 17:47:19,-205539.889,30634.95,-205539.889
2026-07-27 23:36:17,3227,2,2026-07-24 15:58:39,-405025.7944,16874.991,-405025.7944
2026-07-27 23:36:17,3227,10,2026-06-03 08:54:27,-40451.576,0.0,-33421.184
2026-07-27 23:36:17,3237,3,2026-06-25 07:48:55,-18416.1861,0.0,-18416.1861
2026-07-27 23:36:17,3237,7,2026-07-27 19:25:53,-134517.2646,50.2825,-133015.9136
2026-07-27 23:36:17,3241,2,2026-07-27 06:52:21,-673625.1186,1011.1413,-673625.1186
2026-07-27 23:36:17,3241,10,2026-06-03 08:54:21,26634.9232,0.0,26634.9232
2026-07-27 23:36:17,3242,3,2026-06-03 08:29:11,0.057,0.0,0.057
2026-07-27 23:36:17,3242,7,2026-07-27 23:34:10,-1102641.422,26930.827,-1102641.422
2026-07-27 23:36:17,3246,3,2026-06-30 23:05:52,-289645.6912,0.0,-289645.6912
2026-07-27 23:36:17,3246,7,2026-07-27 22:22:01,-2055070.6258,10720.8404,-2055070.6258
2026-07-27 23:36:17,3252,2,2026-07-27 23:04:39,-900551.1746,18524.3563,-900551.1746
2026-07-27 23:36:17,3252,10,2026-06-03 06:40:45,4742.4018,0.0,4742.4018
2026-07-27 23:36:17,3259,2,2026-07-27 22:03:47,1817.2479,11365.1906,1817.2479
2026-07-27 23:36:17,3259,3,2026-07-27 22:02:27,-7896.0117,10043.0494,-7896.0117
2026-07-27 23:36:17,3262,2,2026-07-27 20:03:15,-19272.87,4318.85,-19272.87
2026-07-27 23:36:17,3262,3,2026-07-26 13:55:05,-9343.06,1344.92,-9343.06
2026-07-27 23:36:17,3267,2,2026-07-27 22:21:01,-21218.6348,5880.843,-21218.6348
2026-07-27 23:36:17,3267,3,2026-06-25 11:55:01,-2415.5908,0.0,-2415.5908
2026-07-27 23:36:17,3267,7,2026-07-27 22:21:01,10969.9638,12755.6265,10969.9638
2026-07-27 23:36:17,3277,2,2026-07-27 18:34:08,-5115.6229,565.2215,-5115.6229
2026-07-27 23:36:17,3277,3,2026-07-27 19:46:46,10545.7946,159.7067,10545.7946
2026-07-27 23:36:17,4018,3,2026-06-03 08:41:31,-95817.3204,0.0,-95817.3204
2026-07-27 23:36:17,4018,7,2026-07-27 19:07:00,-830327.9137,36669.398,-746984.4933
2026-07-27 23:36:17,4023,2,2026-07-27 20:04:43,-9217.8056,706.5853,-8971.8056
2026-07-27 23:36:17,4023,3,2026-06-03 08:43:09,0.0,0.0,0.0
2026-07-27 23:36:17,4023,7,2026-07-27 20:04:43,81749.5228,8675.8567,81749.5228
2026-07-27 23:36:17,4026,3,2026-06-03 06:24:58,34000.0,0.0,34000.0
2026-07-27 23:36:17,4026,7,2026-07-27 15:06:39,-6917.0265,12742.2204,-4234.7115
2026-07-27 23:36:17,4027,2,2026-07-27 23:33:08,53861.3856,36312.5917,53861.3856
2026-07-27 23:36:17,4027,10,2026-06-03 08:07:26,14152.8698,0.0,14152.8698
2026-07-27 23:36:17,4029,2,2026-07-27 13:28:25,145354.8195,131.2863,145354.0861
2026-07-27 23:36:17,4029,3,2026-06-24 22:29:17,12359.7094,0.0,12359.7094
2026-07-27 23:36:17,4029,7,2026-07-27 13:36:35,175497.0923,200.5349,175702.7167
